player,target_cutoff,prior_games,kp_recent,kp_long,kp_recent_minus_long,damage_share_recent,damage_share_long,damage_share_delta,gold_share_recent,gold_share_long,gold_share_delta,csdiffat15_recent,csdiffat15_long,csdiffat15_delta,latest_source_match_timestamp,source
FBI,2024-01-27 20:15:48+00:00,2,0.78125,0.78125,0.0,0.3094845,0.3094845,0.0,0.21186,0.21186,0.0,-42.0,-42.0,0.0,2024-01-21 23:00:01+00:00,Oracle Elixir prior completed games
Berserker,2024-01-27 20:15:48+00:00,2,0.5582706766917294,0.5582706766917294,0.0,0.199624,0.199624,0.0,0.2000255,0.2000255,0.0,39.5,39.5,0.0,2024-01-21 21:06:48+00:00,Oracle Elixir prior completed games
River,2024-01-27 20:15:48+00:00,2,0.8375,0.8375,0.0,0.16104849999999998,0.16104849999999998,0.0,0.203166,0.203166,0.0,-7.0,-7.0,0.0,2024-01-21 21:06:48+00:00,Oracle Elixir prior completed games
Blaber,2024-01-27 20:15:48+00:00,2,0.7969924812030075,0.7969924812030075,0.0,0.2292885,0.2292885,0.0,0.24081,0.24081,0.0,28.5,28.5,0.0,2024-01-21 21:06:48+00:00,Oracle Elixir prior completed games
Mask,2024-01-27 20:15:48+00:00,2,0.8333333333333333,0.8333333333333333,0.0,0.3568365,0.3568365,0.0,0.286448,0.286448,0.0,-2.0,-2.0,0.0,2024-01-21 21:58:19+00:00,Oracle Elixir prior completed games
Jensen,2024-01-27 20:15:48+00:00,2,0.7532051282051282,0.7532051282051282,0.0,0.271453,0.271453,0.0,0.26216,0.26216,0.0,10.0,10.0,0.0,2024-01-21 21:58:19+00:00,Oracle Elixir prior completed games
huhi,2024-01-27 20:15:48+00:00,2,0.6875,0.6875,0.0,0.07628985,0.07628985,0.0,0.1284835,0.1284835,0.0,60.0,60.0,0.0,2024-01-21 23:00:01+00:00,Oracle Elixir prior completed games
CoreJJ,2024-01-27 20:15:48+00:00,2,0.8333333333333333,0.8333333333333333,0.0,0.10606834999999999,0.10606834999999999,0.0,0.1156275,0.1156275,0.0,-24.5,-24.5,0.0,2024-01-21 20:12:13+00:00,Oracle Elixir prior completed games
Fudge,2024-01-27 20:15:48+00:00,2,0.3270676691729323,0.3270676691729323,0.0,0.140592,0.140592,0.0,0.180243,0.180243,0.0,14.0,14.0,0.0,2024-01-21 21:06:48+00:00,Oracle Elixir prior completed games
Sniper,2024-01-27 20:15:48+00:00,2,0.51875,0.51875,0.0,0.259551,0.259551,0.0,0.233134,0.233134,0.0,2.0,2.0,0.0,2024-01-21 21:06:48+00:00,Oracle Elixir prior completed games
Inspired,2024-02-02 21:12:22+00:00,4,0.5833333333333333,0.6105769230769231,-0.02724358974358987,0.09697066666666666,0.110209,-0.013238333333333338,0.15511366666666668,0.16367525,-0.008561583333333317,-5.333333333333333,2.0,-7.333333333333333,2024-01-28 21:55:54+00:00,Oracle Elixir prior completed games
Blaber,2024-02-02 21:12:22+00:00,4,0.849780701754386,0.8516212406015038,-0.0018405388471177675,0.22367066666666668,0.2190245,0.0046461666666666734,0.205064,0.218,-0.012936000000000003,12.333333333333334,18.75,-6.416666666666666,2024-01-28 21:10:15+00:00,Oracle Elixir prior completed games
Busio,2024-02-02 21:12:22+00:00,4,0.8240740740740741,0.8103632478632479,0.013710826210826199,0.15340933333333331,0.15160200000000001,0.0018073333333332997,0.11104266666666666,0.1278795,-0.016836833333333343,-8.0,14.75,-22.75,2024-01-28 21:55:54+00:00,Oracle Elixir prior completed games
huhi,2024-02-02 21:12:22+00:00,4,0.6944444444444445,0.7708333333333334,-0.07638888888888884,0.09515373333333332,0.090385525,0.004768208333333329,0.13691666666666666,0.12968225,0.00723441666666666,30.0,28.25,1.75,2024-01-28 21:55:54+00:00,Oracle Elixir prior completed games
Rich,2024-02-02 21:12:22+00:00,4,0.5333333333333333,0.5710526315789474,-0.03771929824561404,0.208373,0.19830024999999998,0.01007275000000002,0.19343566666666667,0.1831825,0.010253166666666674,-6.0,2.5,-8.5,2024-01-28 20:15:18+00:00,Oracle Elixir prior completed games
Sniper,2024-02-02 21:12:22+00:00,4,0.4850241545893719,0.47314311594202896,0.011881038647342967,0.16169599999999998,0.18644725,-0.02475125000000003,0.21310266666666666,0.21558775000000002,-0.00248508333333336,-9.666666666666666,-2.75,-6.916666666666666,2024-01-28 20:15:18+00:00,Oracle Elixir prior completed games
Tactical,2024-06-15 20:11:50+00:00,14,0.6907407407407407,0.7573039064110493,-0.06656316567030862,0.2426803333333333,0.2685327142857143,-0.025852380952380988,0.24827533333333332,0.24783685714285716,0.0004384761904761558,30.666666666666668,-13.0,43.66666666666667,2024-03-10 20:07:55+00:00,Oracle Elixir prior completed games
FBI,2024-06-15 20:11:50+00:00,20,0.6301587301587301,0.7149503968253967,-0.0847916666666666,0.292564,0.31335250000000003,-0.020788500000000043,0.28381666666666666,0.23848029999999998,0.04533636666666668,16.666666666666668,-10.65,27.31666666666667,2024-03-16 23:44:56+00:00,Oracle Elixir prior completed games
Inspired,2024-06-15 20:11:50+00:00,26,0.5824915824915825,0.7156435094874112,-0.13315192699582867,0.124403,0.13108405,-0.006681050000000008,0.19747099999999998,0.17792142307692307,0.019549576923076906,21.0,7.115384615384615,13.884615384615385,2024-03-31 22:47:00+00:00,Oracle Elixir prior completed games
Blaber,2024-06-15 20:11:50+00:00,23,0.7701465201465202,0.7716491746240031,-0.0015026544774828787,0.14618133333333333,0.15689130869565215,-0.010709975362318824,0.17374766666666666,0.18409004347826083,-0.010342376811594167,-11.0,5.695652173913044,-16.695652173913043,2024-03-30 22:05:18+00:00,Oracle Elixir prior completed games
Eyla,2024-06-15 20:11:50+00:00,26,0.5952380952380952,0.7204098596547109,-0.1251717644166157,0.07905303333333334,0.07975142307692308,-0.000698389743589739,0.09603963333333332,0.11459269615384614,-0.01855306282051282,-1.3333333333333333,14.846153846153847,-16.17948717948718,2024-03-22 22:49:47+00:00,Oracle Elixir prior completed games
CoreJJ,2024-06-15 20:11:50+00:00,33,0.6368530020703933,0.7530920181108632,-0.11623901604046993,0.07733023333333333,0.07995658181818181,-0.0026263484848484814,0.11225573333333334,0.11197349090909091,0.00028224242424243484,-20.333333333333332,-10.181818181818182,-10.15151515151515,2024-03-31 22:47:00+00:00,Oracle Elixir prior completed games
Impact,2024-06-15 20:11:50+00:00,33,0.5556935817805383,0.586607979610066,-0.030914397829527762,0.20509733333333333,0.21243621515151512,-0.007338881818181792,0.23131866666666667,0.20891321212121214,0.022405454545454534,-9.333333333333334,2.1515151515151514,-11.484848484848484,2024-03-31 22:47:00+00:00,Oracle Elixir prior completed games
Zven,2024-06-22 20:11:50+00:00,3,0.6682539682539682,0.6682539682539682,0.0,0.36349366666666666,0.36349366666666666,0.0,0.2549536666666667,0.2549536666666667,0.0,7.333333333333333,7.333333333333333,0.0,2024-06-16 00:41:03+00:00,Oracle Elixir prior completed games
FBI,2024-06-22 20:11:50+00:00,22,0.6619047619047619,0.7311237373737374,-0.06921897546897549,0.23499633333333336,0.30841609090909095,-0.07341975757575758,0.255392,0.23940331818181815,0.01598868181818186,0.0,-10.045454545454545,10.045454545454545,2024-06-16 20:57:47+00:00,Oracle Elixir prior completed games
Blaber,2024-06-22 20:11:50+00:00,26,0.8094541910331383,0.7760112919019803,0.033442899131158055,0.182218,0.15981361923076923,0.022404380769230764,0.16882699999999998,0.18232892307692308,-0.013501923076923106,5.0,5.615384615384615,-0.615384615384615,2024-06-16 00:41:03+00:00,Oracle Elixir prior completed games
Inspired,2024-06-22 20:11:50+00:00,29,0.7244152046783626,0.7165509262313028,0.007864278447059836,0.279241,0.14641063103448276,0.13283036896551725,0.24606166666666665,0.18497041379310344,0.06109125287356321,42.0,10.724137931034482,31.275862068965516,2024-06-15 22:02:04+00:00,Oracle Elixir prior completed games
APA,2024-06-22 20:11:50+00:00,36,0.6915014809751652,0.6874476672332485,0.004053813741916712,0.27056633333333335,0.2923941111111111,-0.021827777777777724,0.3012856666666666,0.2589184166666667,0.04236724999999991,9.0,-1.6944444444444444,10.694444444444445,2024-06-15 22:02:04+00:00,Oracle Elixir prior completed games
Quid,2024-06-22 20:11:50+00:00,28,0.7075396825396826,0.7347987755361489,-0.02725909299646634,0.30265933333333334,0.29057025,0.012089083333333361,0.26564133333333334,0.25941575000000006,0.006225583333333284,12.333333333333334,4.642857142857143,7.690476190476191,2024-06-16 20:57:47+00:00,Oracle Elixir prior completed games
Thanatos,2024-06-22 20:11:50+00:00,3,0.4836744639376218,0.4836744639376218,0.0,0.16449233333333332,0.16449233333333332,0.0,0.21368233333333334,0.21368233333333334,0.0,7.0,7.0,0.0,2024-06-16 00:41:03+00:00,Oracle Elixir prior completed games
Licorice,2024-06-22 20:11:50+00:00,3,0.37142857142857144,0.37142857142857144,0.0,0.15529456666666666,0.15529456666666666,0.0,0.219415,0.219415,0.0,-7.0,-7.0,0.0,2024-06-16 00:41:03+00:00,Oracle Elixir prior completed games
Yeon,2024-06-27 20:07:21+00:00,38,0.6948051948051949,0.7195707899859837,-0.024765595180788802,0.24379266666666669,0.27957415789473683,-0.035781491228070145,0.2620346666666667,0.25299065789473685,0.009044008771929846,21.666666666666668,20.157894736842106,1.5087719298245617,2024-06-23 23:33:13+00:00,Oracle Elixir prior completed games
Zven,2024-06-27 20:07:21+00:00,5,0.6166666666666667,0.650952380952381,-0.03428571428571425,0.3230223333333333,0.3439198,-0.020897466666666697,0.26361233333333334,0.2626648,0.0009475333333333613,59.0,37.2,21.799999999999997,2024-06-22 22:47:46+00:00,Oracle Elixir prior completed games
Inspired,2024-06-27 20:07:21+00:00,32,0.5113095238095239,0.697309544754261,-0.1860000209447371,0.201869,0.15160985312500003,0.050259146874999966,0.20322833333333334,0.18668209375,0.016546239583333344,1.0,9.8125,-8.8125,2024-06-23 21:52:38+00:00,Oracle Elixir prior completed games
Blaber,2024-06-27 20:07:21+00:00,28,0.8515519568151148,0.7836241348459394,0.06792782196917535,0.21284133333333333,0.16307668214285712,0.04976465119047621,0.18914166666666665,0.1836655,0.005476166666666643,17.0,6.714285714285714,10.285714285714285,2024-06-22 20:56:48+00:00,Oracle Elixir prior completed games
APA,2024-06-27 20:07:21+00:00,38,0.668109668109668,0.6927335156882769,-0.024623847578608915,0.32984233333333335,0.2966128947368421,0.033229438596491245,0.27963133333333334,0.2602789210526316,0.019352412280701725,14.333333333333334,-0.6578947368421053,14.991228070175438,2024-06-23 23:33:13+00:00,Oracle Elixir prior completed games
Quad,2024-06-27 20:07:21+00:00,6,0.7380952380952381,0.6205096073517127,0.11758563074352546,0.293897,0.2622625,0.03163450000000001,0.250189,0.2553758333333333,-0.005186833333333307,7.0,-1.0,8.0,2024-06-23 21:52:38+00:00,Oracle Elixir prior completed games
huhi,2024-06-27 20:07:21+00:00,25,0.6848484848484849,0.7608139376962906,-0.07596545284780565,0.08419783333333332,0.08448581599999999,-0.0002879826666666724,0.12993116666666668,0.12234152,0.007589646666666686,30.666666666666668,19.56,11.10666666666667,2024-06-23 21:52:38+00:00,Oracle Elixir prior completed games
CoreJJ,2024-06-27 20:07:21+00:00,38,0.683020683020683,0.7289510976031973,-0.045930414582514345,0.05531983333333334,0.07966465263157893,-0.02434481929824559,0.09470016666666665,0.10989278421052631,-0.015192617543859657,3.6666666666666665,-13.026315789473685,16.692982456140353,2024-06-23 23:33:13+00:00,Oracle Elixir prior completed games
Bvoy,2024-07-20 20:10:15+00:00,18,0.5666666666666667,0.6905463444937129,-0.12387967782704623,0.21175033333333335,0.2876401111111111,-0.07588977777777775,0.25018366666666664,0.26486366666666666,-0.014680000000000026,-12.0,9.277777777777779,-21.27777777777778,2024-06-28 20:47:05+00:00,Oracle Elixir prior completed games
Zven,2024-07-20 20:10:15+00:00,7,0.7555555555555555,0.7030612244897959,0.052494331065759625,0.270808,0.32232514285714287,-0.05151714285714287,0.25542766666666666,0.26018671428571427,-0.004759047619047607,-8.333333333333334,21.571428571428573,-29.904761904761905,2024-06-28 22:16:26+00:00,Oracle Elixir prior completed games
Contractz,2024-07-20 20:10:15+00:00,27,0.8110516934046346,0.7599940818078073,0.05105761159682731,0.172149,0.16117394444444444,0.010975055555555557,0.18489999999999998,0.18109448148148152,0.003805518518518458,-2.6666666666666665,-3.074074074074074,0.40740740740740744,2024-06-27 20:56:17+00:00,Oracle Elixir prior completed games
Blaber,2024-07-20 20:10:15+00:00,30,0.7769980506822612,0.7810121554858398,-0.004014104803578555,0.22506366666666666,0.16972626999999998,0.05533739666666668,0.18642499999999998,0.18451953333333332,0.0019054666666666609,26.666666666666668,8.533333333333333,18.133333333333333,2024-06-28 20:47:05+00:00,Oracle Elixir prior completed games
APA,2024-07-20 20:10:15+00:00,40,0.6018518518518517,0.6865690621260854,-0.08471721027423362,0.2983736666666667,0.2961813,0.002192366666666723,0.2817756666666667,0.261451125,0.020324541666666696,10.666666666666666,-0.325,10.991666666666665,2024-06-27 22:55:43+00:00,Oracle Elixir prior completed games
Quid,2024-07-20 20:10:15+00:00,32,0.7333333333333334,0.7213143132095148,0.012019020123818613,0.3401166666666666,0.2919341875,0.048182479166666625,0.27443866666666666,0.25985309375,0.014585572916666678,-13.0,2.875,-15.875,2024-06-27 22:55:43+00:00,Oracle Elixir prior completed games
Vulcan,2024-07-20 20:10:15+00:00,30,0.8280701754385965,0.7388993949520267,0.08917078048656979,0.07432893333333333,0.08674210333333333,-0.012413170000000001,0.12442193333333333,0.11292218,0.011499753333333335,32.0,7.966666666666667,24.03333333333333,2024-06-28 20:47:05+00:00,Oracle Elixir prior completed games
huhi,2024-07-20 20:10:15+00:00,27,0.7277183600713012,0.7583789183462386,-0.03066055827493741,0.11540623333333333,0.08800786666666667,0.02739836666666666,0.09530299999999998,0.12059531481481481,-0.025292314814814823,-1.6666666666666667,18.0,-19.666666666666668,2024-06-27 20:56:17+00:00,Oracle Elixir prior completed games
Berserker,2024-07-27 20:09:19+00:00,32,0.7870370370370371,0.7401089590234328,0.046928078013604324,0.23990066666666665,0.258374475,-0.01847380833333334,0.2509786666666666,0.23352446875,0.017454197916666636,17.0,-3.53125,20.53125,2024-07-21 20:54:21+00:00,Oracle Elixir prior completed games
Zven,2024-07-27 20:09:19+00:00,10,0.6412337662337663,0.684512987012987,-0.04327922077922075,0.299012,0.31533120000000003,-0.016319200000000034,0.25212133333333336,0.2577671,-0.005645766666666663,2.3333333333333335,15.8,-13.466666666666667,2024-07-20 21:46:03+00:00,Oracle Elixir prior completed games
Bugi,2024-07-27 20:09:19+00:00,16,0.7964912280701754,0.719991786356918,0.0764994417132574,0.19913883333333335,0.16402450624999998,0.03511432708333337,0.18000733333333332,0.1844603125,-0.004452979166666676,-13.333333333333334,-12.1875,-1.145833333333334,2024-07-21 22:53:27+00:00,Oracle Elixir prior completed games
Blaber,2024-07-27 20:09:19+00:00,32,0.7824074074074074,0.7777718124346414,0.0046355949727659995,0.253392,0.17402425312500003,0.07936774687499998,0.209852,0.186350625,0.02350137500000002,33.666666666666664,10.0,23.666666666666664,2024-07-21 20:54:21+00:00,Oracle Elixir prior completed games
APA,2024-07-27 20:09:19+00:00,43,0.688888888888889,0.6867309105048855,0.002157978384003445,0.2883286666666667,0.2956334418604651,-0.007304775193798407,0.24567733333333333,0.2603506279069767,-0.014673294573643386,7.666666666666667,0.23255813953488372,7.434108527131783,2024-07-20 21:46:03+00:00,Oracle Elixir prior completed games
Quid,2024-07-27 20:09:19+00:00,34,0.6759259259259259,0.7164657588377132,-0.04053983291178731,0.3624886666666667,0.2968410882352941,0.06564757843137259,0.2671306666666667,0.2600787352941176,0.0070519313725490584,-4.666666666666667,2.4705882352941178,-7.137254901960785,2024-07-21 20:54:21+00:00,Oracle Elixir prior completed games
Busio,2024-07-27 20:09:19+00:00,36,0.7537878787878788,0.7560632074190521,-0.002275328631173301,0.10423656666666668,0.10859940277777778,-0.004362836111111101,0.10000503333333333,0.11715298055555556,-0.017147947222222237,-9.333333333333334,0.3055555555555556,-9.63888888888889,2024-07-20 23:21:38+00:00,Oracle Elixir prior completed games
CoreJJ,2024-07-27 20:09:19+00:00,43,0.5666666666666668,0.716992959639001,-0.15032629297233424,0.05871609999999999,0.07762033953488373,-0.018904239534883738,0.10560370000000001,0.10851029069767444,-0.0029065906976744327,12.0,-11.162790697674419,23.162790697674417,2024-07-20 21:46:03+00:00,Oracle Elixir prior completed games
Impact,2024-07-27 20:09:19+00:00,43,0.5111111111111111,0.5659252868399848,-0.054814175728873704,0.22063033333333334,0.20434172558139532,0.016288607751938022,0.22195433333333334,0.2075013953488372,0.01445293798449615,9.333333333333334,2.511627906976744,6.82170542635659,2024-07-20 21:46:03+00:00,Oracle Elixir prior completed games
Bwipo,2024-07-27 20:09:19+00:00,36,0.6363636363636364,0.5991208801951424,0.03724275616849393,0.21067066666666667,0.21856749722222224,-0.007896830555555567,0.22496433333333335,0.22157561111111113,0.0033887222222222235,-2.0,1.9444444444444444,-3.9444444444444446,2024-07-20 23:21:38+00:00,Oracle Elixir prior completed games
Yeon,2024-08-03 20:08:15+00:00,45,0.5833333333333334,0.6941807658647071,-0.11084743253137375,0.22396166666666664,0.2794996888888889,-0.05553802222222223,0.230073,0.2520611555555556,-0.021988155555555583,7.666666666666667,18.555555555555557,-10.88888888888889,2024-07-28 23:12:39+00:00,Oracle Elixir prior completed games
Zven,2024-08-03 20:08:15+00:00,12,0.7571428571428571,0.7120941558441558,0.04504870129870131,0.2717486666666667,0.3011799166666667,-0.02943125000000002,0.2109386666666667,0.24810083333333335,-0.03716216666666666,-22.333333333333332,6.583333333333333,-28.916666666666664,2024-07-27 22:39:35+00:00,Oracle Elixir prior completed games
Inspired,2024-08-03 20:08:15+00:00,39,0.7208333333333333,0.7035647448554163,0.017268588477917013,0.14359866666666665,0.15736541794871797,-0.01376675128205132,0.181069,0.188576,-0.007506999999999986,-3.3333333333333335,9.153846153846153,-12.487179487179487,2024-07-28 21:43:16+00:00,Oracle Elixir prior completed games
Blaber,2024-08-03 20:08:15+00:00,34,0.7053140096618358,0.7770972556929618,-0.07178324603112607,0.23008566666666672,0.17667473823529414,0.05341092843137257,0.19537633333333335,0.18637405882352942,0.009002274509803926,20.333333333333332,10.264705882352942,10.06862745098039,2024-07-27 21:03:03+00:00,Oracle Elixir prior completed games
Jensen,2024-08-03 20:08:15+00:00,38,0.6452380952380952,0.6641495013183841,-0.01891140608028896,0.23005633333333333,0.2633162368421053,-0.033259903508771976,0.222741,0.24962826315789471,-0.02688726315789472,2.3333333333333335,0.23684210526315788,2.0964912280701755,2024-07-27 22:39:35+00:00,Oracle Elixir prior completed games
Quid,2024-08-03 20:08:15+00:00,37,0.35784313725490197,0.6873882489796476,-0.3295451117247456,0.24924066666666667,0.2929815945945946,-0.04374092792792794,0.26731,0.26066505405405405,0.006644945945945946,-13.0,1.2162162162162162,-14.216216216216216,2024-07-28 21:43:16+00:00,Oracle Elixir prior completed games
Eyla,2024-08-03 20:08:15+00:00,37,0.40196078431372556,0.6949823515343775,-0.2930215672206519,0.05910223333333334,0.07774772702702702,-0.018645493693693685,0.0797212,0.11241727027027026,-0.03269607027027026,6.666666666666667,14.783783783783784,-8.117117117117118,2024-07-28 21:43:16+00:00,Oracle Elixir prior completed games
huhi,2024-08-03 20:08:15+00:00,31,0.8376068376068376,0.767388751876418,0.07021808573041965,0.08277646666666666,0.08605892580645162,-0.003282459139784963,0.12082433333333333,0.11973363548387096,0.0010906978494623631,42.666666666666664,20.032258064516128,22.634408602150536,2024-07-27 21:03:03+00:00,Oracle Elixir prior completed games
FakeGod,2024-08-03 20:08:15+00:00,24,0.42162698412698413,0.49098463975108714,-0.06935765562410301,0.15160433333333334,0.1940236,-0.04241926666666665,0.178679,0.20100320833333332,-0.022324208333333317,-13.0,-1.5833333333333333,-11.416666666666666,2024-07-27 22:39:35+00:00,Oracle Elixir prior completed games
Impact,2024-08-03 20:08:15+00:00,45,0.6103174603174604,0.5696090307052976,0.04070842961216281,0.26517833333333335,0.20911142666666666,0.056066906666666694,0.21056133333333335,0.2078687333333333,0.002692600000000045,0.3333333333333333,2.888888888888889,-2.5555555555555554,2024-07-28 23:12:39+00:00,Oracle Elixir prior completed games
Yeon,2024-08-05 00:15:54+00:00,48,0.8305555555555556,0.7027041902203853,0.12785136533517028,0.293498,0.2803745833333333,0.013123416666666665,0.27573766666666666,0.2535409375,0.02219672916666665,-5.333333333333333,17.0625,-22.395833333333332,2024-08-04 21:43:36+00:00,Oracle Elixir prior completed games
Tomo,2024-08-05 00:15:54+00:00,20,0.709551656920078,0.6782539682539682,0.031297688666109824,0.26963333333333334,0.29007089999999996,-0.02043756666666663,0.24924100000000002,0.25850585000000004,-0.009264850000000019,5.333333333333333,15.35,-10.016666666666666,2024-08-03 22:53:02+00:00,Oracle Elixir prior completed games
UmTi,2024-08-05 00:15:54+00:00,48,0.8560185185185185,0.7039497965017887,0.15206872201672983,0.11202293333333334,0.13587495416666667,-0.023852020833333334,0.17153766666666667,0.17052070833333333,0.0010169583333333454,-6.333333333333333,-8.125,1.791666666666667,2024-08-04 21:43:36+00:00,Oracle Elixir prior completed games
Bugi,2024-08-05 00:15:54+00:00,20,0.8120772946859903,0.7415550232884329,0.0705222713975574,0.21789099999999997,0.17892035499999998,0.038970645,0.210032,0.19057955,0.01945245000000001,-21.333333333333332,-13.9,-7.433333333333332,2024-08-04 23:24:32+00:00,Oracle Elixir prior completed games
CoreJJ,2024-08-05 00:15:54+00:00,48,0.6972222222222223,0.7142803993591448,-0.01705817713692248,0.059626533333333336,0.07661318958333334,-0.016986656250000003,0.10831093333333335,0.10838178124999999,-7.084791666664425e-05,0.3333333333333333,-10.145833333333334,10.479166666666668,2024-08-04 21:43:36+00:00,Oracle Elixir prior completed games
Isles,2024-08-05 00:15:54+00:00,32,0.7479638009049774,0.7754401583968148,-0.02747635749183741,0.06812700000000001,0.0777316375,-0.009604637499999999,0.08870543333333332,0.10718875312500001,-0.01848331979166669,1.6666666666666667,-6.0,7.666666666666667,2024-08-03 20:53:30+00:00,Oracle Elixir prior completed games
Licorice,2024-08-05 00:15:54+00:00,14,0.5782805429864254,0.4422467273622737,0.13603381562415168,0.13803200000000002,0.17123892142857142,-0.0332069214285714,0.19468266666666664,0.2064737142857143,-0.011791047619047645,-11.333333333333334,-4.0,-7.333333333333334,2024-08-03 20:53:30+00:00,Oracle Elixir prior completed games
Impact,2024-08-05 00:15:54+00:00,48,0.5018518518518519,0.5653742070269573,-0.0635223551751054,0.20550900000000002,0.208886275,-0.003377274999999985,0.18590133333333334,0.20649577083333334,-0.020594437500000007,4.333333333333333,2.9791666666666665,1.3541666666666665,2024-08-04 21:43:36+00:00,Oracle Elixir prior completed games
Massu,2024-08-17 20:07:21+00:00,44,0.565967365967366,0.6653617552795299,-0.09939438931216393,0.22010133333333334,0.25180808409090905,-0.0317067507575757,0.2566916666666667,0.2279769090909091,0.028714757575757616,14.666666666666666,-3.9545454545454546,18.62121212121212,2024-08-11 20:52:02+00:00,Oracle Elixir prior completed games
Zven,2024-08-17 20:07:21+00:00,17,0.7777777777777777,0.7290764886785647,0.04870128909921301,0.30171600000000004,0.2986598235294118,0.0030561764705882566,0.236684,0.2455294117647059,-0.008845411764705907,-0.6666666666666666,3.0,-3.6666666666666665,2024-08-11 23:48:41+00:00,Oracle Elixir prior completed games
River,2024-08-17 20:07:21+00:00,42,0.6175070028011205,0.6980839336947399,-0.08057693089361939,0.164481,0.1754309857142857,-0.01094998571428571,0.18110866666666667,0.18496588095238095,-0.0038572142857142833,-17.666666666666668,1.1904761904761905,-18.857142857142858,2024-08-10 23:06:13+00:00,Oracle Elixir prior completed games
Inspired,2024-08-17 20:07:21+00:00,44,0.7351981351981353,0.7093818471167604,0.025816288081374816,0.22117066666666665,0.1637696431818182,0.05740102348484846,0.215584,0.19266577272727273,0.02291822727272727,15.0,9.863636363636363,5.136363636363637,2024-08-11 20:52:02+00:00,Oracle Elixir prior completed games
Sniper,2024-08-17 20:07:21+00:00,42,0.4235294117647059,0.5034039174550299,-0.079874505690324,0.18544933333333335,0.19543529285714292,-0.009985959523809568,0.19293633333333335,0.2128475476190476,-0.01991121428571424,-4.0,-5.5,1.5,2024-08-10 23:06:13+00:00,Oracle Elixir prior completed games
Dhokla,2024-08-17 20:07:21+00:00,35,0.28730158730158734,0.5186423124028166,-0.23134072510122922,0.2726946666666667,0.21354526285714287,0.059149403809523826,0.20534933333333336,0.22353425714285716,-0.0181849238095238,4.333333333333333,-1.8571428571428572,6.19047619047619,2024-08-10 20:51:54+00:00,Oracle Elixir prior completed games
Zven,2024-08-23 20:07:51+00:00,20,0.6222222222222222,0.7130483487101132,-0.09082612648789101,0.270389,0.2944192,-0.0240302,0.25146266666666667,0.2464194,0.005043266666666657,26.666666666666668,6.55,20.116666666666667,2024-08-17 21:40:59+00:00,Oracle Elixir prior completed games
FBI,2024-08-23 20:07:51+00:00,39,0.6990740740740741,0.7289793016602972,-0.02990522758622316,0.27755966666666665,0.28584748717948716,-0.00828782051282051,0.23890133333333333,0.23907294871794868,-0.00017161538461535342,11.666666666666666,-8.282051282051283,19.94871794871795,2024-08-18 22:50:10+00:00,Oracle Elixir prior completed games
Quad,2024-08-23 20:07:51+00:00,22,0.773076923076923,0.6765489195812162,0.09652800349570678,0.36197833333333335,0.3004098181818182,0.061568515151515124,0.250782,0.248055,0.002727000000000007,3.3333333333333335,4.681818181818182,-1.3484848484848482,2024-08-18 22:50:10+00:00,Oracle Elixir prior completed games
Jensen,2024-08-23 20:07:51+00:00,46,0.7833333333333333,0.6766093690148658,0.10672396431846753,0.242151,0.2653580217391304,-0.023207021739130418,0.2883883333333333,0.2557125869565217,0.03267574637681159,-12.666666666666666,-0.13043478260869565,-12.53623188405797,2024-08-17 21:40:59+00:00,Oracle Elixir prior completed games
huhi,2024-08-23 20:07:51+00:00,39,0.7638888888888888,0.7566077462005065,0.007281142688382314,0.06550176666666667,0.0802361,-0.014734333333333335,0.09339023333333334,0.1138839128205128,-0.020493679487179464,5.0,16.076923076923077,-11.076923076923077,2024-08-18 22:50:10+00:00,Oracle Elixir prior completed games
Vulcan,2024-08-23 20:07:51+00:00,39,0.8493589743589745,0.7632019900568572,0.08615698430211727,0.06811693333333334,0.08322156923076923,-0.015104635897435895,0.0872541,0.1089308358974359,-0.021676735897435892,-0.6666666666666666,5.205128205128205,-5.871794871794872,2024-08-11 20:52:02+00:00,Oracle Elixir prior completed games
River,2024-08-30 20:08:40+00:00,48,0.873015873015873,0.7095337594432148,0.16348211357265818,0.1670999333333333,0.17446700416666663,-0.007367070833333322,0.18307966666666667,0.18562783333333333,-0.002548166666666657,-6.0,0.7083333333333334,-6.708333333333333,2024-08-24 21:47:58+00:00,Oracle Elixir prior completed games
Inspired,2024-08-30 20:08:40+00:00,52,0.84593837535014,0.7250320259660927,0.12090634938404732,0.08409956666666667,0.1538982576923077,-0.06979869102564103,0.16764066666666666,0.18984769230769233,-0.02220702564102567,-19.333333333333332,7.096153846153846,-26.42948717948718,2024-08-25 22:51:53+00:00,Oracle Elixir prior completed games
Quad,2024-08-30 20:08:40+00:00,26,0.8305322128851541,0.6978809091797302,0.13265130370542388,0.3783663333333333,0.315314,0.06305233333333332,0.2764716666666666,0.2516640769230769,0.02480758974358971,-18.0,1.5769230769230769,-19.576923076923077,2024-08-25 22:51:53+00:00,Oracle Elixir prior completed games
Quid,2024-08-30 20:08:40+00:00,48,0.5952380952380952,0.6739982090684364,-0.0787601138303412,0.27725700000000003,0.29524510416666666,-0.01798810416666663,0.30842733333333333,0.26377527083333335,0.04465206249999998,-18.666666666666668,1.1041666666666667,-19.770833333333336,2024-08-24 21:47:58+00:00,Oracle Elixir prior completed games
CoreJJ,2024-08-30 20:08:40+00:00,53,0.6685434173669468,0.7164699547765656,-0.04792653740961883,0.06684946666666668,0.07520045094339622,-0.008350984276729548,0.108699,0.10852272641509433,0.00017627358490567013,-4.0,-9.11320754716981,5.113207547169811,2024-08-24 21:47:58+00:00,Oracle Elixir prior completed games
Vulcan,2024-08-30 20:08:40+00:00,43,0.8333333333333334,0.7629203664284573,0.07041296690487608,0.10703896666666668,0.08452820232558139,0.022510764341085288,0.08930439999999999,0.10726784186046513,-0.01796344186046514,-10.333333333333334,4.046511627906977,-14.37984496124031,2024-08-25 22:51:53+00:00,Oracle Elixir prior completed games
Licorice,2024-08-30 20:08:40+00:00,25,0.7095623674571043,0.4709723180843924,0.23859004937271194,0.21866033333333335,0.18180739600000004,0.03685293733333331,0.21905300000000003,0.20635740000000002,0.012695600000000001,8.666666666666666,0.84,7.826666666666666,2024-08-23 23:39:20+00:00,Oracle Elixir prior completed games
Impact,2024-08-30 20:08:40+00:00,53,0.612577030812325,0.5681520125678219,0.04442501824450307,0.23588566666666666,0.2073468716981132,0.028538794968553466,0.20839266666666667,0.2047919056603774,0.0036007610062892825,26.333333333333332,4.30188679245283,22.031446540880502,2024-08-24 21:47:58+00:00,Oracle Elixir prior completed games
Massu,2024-09-06 20:13:13+00:00,57,0.8430335097001764,0.6915481531668275,0.15148535653334894,0.25519733333333333,0.25817911754385964,-0.002981784210526306,0.23452233333333336,0.2346093859649123,-8.705263157893217e-05,-9.666666666666666,-4.859649122807017,-4.807017543859649,2024-08-31 23:47:37+00:00,Oracle Elixir prior completed games
Yeon,2024-09-06 20:13:13+00:00,58,0.7904040404040403,0.7010915766171497,0.08931246378689062,0.2703913333333334,0.2817804310344828,-0.011389097701149431,0.25344833333333333,0.25386346551724137,-0.0004151321839080402,9.666666666666666,14.689655172413794,-5.0229885057471275,2024-08-31 23:47:37+00:00,Oracle Elixir prior completed games
Busio,2024-09-06 20:13:13+00:00,57,0.63668430335097,0.7436225554566905,-0.1069382521057205,0.07596546666666666,0.09368500526315789,-0.017719538596491224,0.07858323333333334,0.1069695456140351,-0.028386312280701764,1.0,0.21052631578947367,0.7894736842105263,2024-08-31 23:47:37+00:00,Oracle Elixir prior completed games
CoreJJ,2024-09-06 20:13:13+00:00,58,0.9393939393939394,0.730952691172525,0.2084412482214144,0.07799666666666667,0.0763233068965517,0.001673359770114971,0.12128233333333334,0.10919939655172414,0.012082936781609196,-1.0,-8.586206896551724,7.586206896551724,2024-08-31 23:47:37+00:00,Oracle Elixir prior completed games
FBI,2025-01-25 21:14:31+00:00,44,0.6690821256038647,0.7181669068969987,-0.04908478129313398,0.33762566666666666,0.28782795454545457,0.04979771212121209,0.26041866666666663,0.24182754545454543,0.018591121212121198,5.333333333333333,-7.0,12.333333333333332,2024-08-23 23:39:20+00:00,Oracle Elixir prior completed games
Yeon,2025-01-25 21:14:31+00:00,62,0.45,0.6840856684483013,-0.2340856684483013,0.2557466666666666,0.28082285483870967,-0.025076188172043046,0.22129733333333332,0.2521663548387097,-0.030869021505376376,0.6666666666666666,13.725806451612904,-13.059139784946238,2024-09-07 22:46:24+00:00,Oracle Elixir prior completed games
Inspired,2025-01-25 21:14:31+00:00,64,0.7105413105413105,0.7299178248955043,-0.01937651435419374,0.17865806666666664,0.15216104375,0.02649702291666664,0.199987,0.1874385625,0.01254843750000001,8.333333333333334,7.875,0.4583333333333339,2024-09-07 22:46:24+00:00,Oracle Elixir prior completed games
Blaber,2025-01-25 21:14:31+00:00,47,0.886710239651416,0.7728803990522168,0.1138298405991992,0.11889426666666665,0.17327544468085107,-0.05438117801418442,0.1668976666666667,0.18450644680851064,-0.017608780141843944,-16.0,8.553191489361701,-24.5531914893617,2024-09-01 22:37:27+00:00,Oracle Elixir prior completed games
APA,2025-01-25 21:14:31+00:00,62,0.5626262626262627,0.6564364091392324,-0.0938101465129697,0.2874843333333333,0.30074880645161295,-0.013264473118279663,0.27442066666666665,0.2653200161290322,0.009100650537634425,-19.333333333333332,1.2580645161290323,-20.591397849462364,2024-09-07 22:46:24+00:00,Oracle Elixir prior completed games
Quad,2025-01-25 21:14:31+00:00,38,0.6068376068376068,0.6861993178774588,-0.07936171103985201,0.31905633333333333,0.312364447368421,0.006691885964912325,0.24286399999999997,0.25365597368421056,-0.010791973684210587,19.333333333333332,2.1842105263157894,17.14912280701754,2024-09-07 22:46:24+00:00,Oracle Elixir prior completed games
CoreJJ,2025-01-25 21:14:31+00:00,62,0.680050505050505,0.7263775419864189,-0.04632703693591389,0.08053263333333334,0.07633971612903225,0.004192917204301094,0.11041553333333332,0.10891088548387097,0.0015046478494623455,6.333333333333333,-7.67741935483871,14.010752688172044,2024-09-07 22:46:24+00:00,Oracle Elixir prior completed games
Eyla,2025-01-25 21:14:31+00:00,60,0.7857142857142857,0.7201554926866206,0.0655587930276651,0.11659493333333333,0.07476255666666666,0.04183237666666667,0.1131707,0.10923654999999997,0.003934150000000025,-6.333333333333333,10.933333333333334,-17.266666666666666,2024-09-06 22:01:47+00:00,Oracle Elixir prior completed games
Castle,2025-01-25 21:14:31+00:00,29,0.545751633986928,0.5885271506721812,-0.042775516685253145,0.218503,0.2097996896551724,0.008703310344827603,0.20904266666666663,0.21024455172413792,-0.0012018850574712914,-10.0,-3.8275862068965516,-6.172413793103448,2024-08-11 23:48:41+00:00,Oracle Elixir prior completed games
Impact,2025-01-25 21:14:31+00:00,62,0.5376262626262626,0.5680891348881331,-0.0304628722618705,0.2549913333333333,0.20478163709677416,0.05020969623655913,0.2303656666666667,0.2037167096774193,0.02664895698924738,-7.0,2.370967741935484,-9.370967741935484,2024-09-07 22:46:24+00:00,Oracle Elixir prior completed games
FBI,2025-02-01 21:06:58+00:00,46,0.6683268272984252,0.7172962768084632,-0.04896944951003801,0.30332166666666666,0.28936508695652174,0.013956579710144912,0.2844003333333333,0.24419384782608697,0.04020648550724634,5.333333333333333,-6.413043478260869,11.746376811594203,2025-01-26 22:01:48+00:00,Oracle Elixir prior completed games
Hena,2025-02-01 21:06:58+00:00,2,0.9545454545454546,0.9545454545454546,0.0,0.3223395,0.3223395,0.0,0.290244,0.290244,0.0,11.5,11.5,0.0,2025-01-25 23:52:59+00:00,Oracle Elixir prior completed games
River,2025-02-01 21:06:58+00:00,62,0.6426360017691287,0.7252567841200716,-0.08262078235094283,0.16912566666666665,0.17382853225806452,-0.004702865591397876,0.17717833333333333,0.18522108064516127,-0.008042747311827941,4.333333333333333,1.2258064516129032,3.10752688172043,2025-01-26 22:01:48+00:00,Oracle Elixir prior completed games
Contractz,2025-02-01 21:06:58+00:00,46,0.6257648953301127,0.759657225272843,-0.13389232994273026,0.12856433333333334,0.16787491956521738,-0.03931058623188405,0.1761,0.18283778260869563,-0.006737782608695619,-2.3333333333333335,-3.3260869565217392,0.9927536231884058,2025-01-25 22:01:01+00:00,Oracle Elixir prior completed games
Quid,2025-02-01 21:06:58+00:00,62,0.5556538404835618,0.6647573223888417,-0.10910348190527985,0.2448963333333333,0.28961945161290326,-0.04472311827956996,0.23612033333333335,0.2643946935483871,-0.02827436021505378,1.3333333333333333,0.5161290322580645,0.8172043010752688,2025-01-26 22:01:48+00:00,Oracle Elixir prior completed games
APA,2025-02-01 21:06:58+00:00,64,0.733015873015873,0.6588245570679172,0.0741913159479558,0.3319783333333333,0.30155196875,0.03042636458333331,0.24412566666666669,0.26420940625,-0.020083739583333315,-5.666666666666667,1.109375,-6.776041666666667,2025-01-26 23:52:28+00:00,Oracle Elixir prior completed games
CoreJJ,2025-02-01 21:06:58+00:00,64,0.7701587301587302,0.7283211009422004,0.04183762921652978,0.09647213333333333,0.07784592343749999,0.018626209895833343,0.11647686666666668,0.10969849843749999,0.0067783682291666925,-1.3333333333333333,-7.5625,6.229166666666667,2025-01-26 23:52:28+00:00,Oracle Elixir prior completed games
huhi,2025-02-01 21:06:58+00:00,46,0.5874396135265699,0.7447776629390106,-0.15733804941244067,0.0756497,0.07783921956521739,-0.0021895195652173877,0.10384083333333333,0.1122810239130435,-0.008440190579710169,-0.6666666666666666,13.304347826086957,-13.971014492753623,2025-01-26 22:01:48+00:00,Oracle Elixir prior completed games
FBI,2025-02-03 00:15:46+00:00,49,0.6165647015202077,0.7111290375051007,-0.094564335984893,0.27853533333333336,0.28870204081632656,-0.010166707482993198,0.24132833333333337,0.24401840816326528,-0.0026900748299319155,0.0,-6.020408163265306,6.020408163265306,2025-02-02 23:06:46+00:00,Oracle Elixir prior completed games
Yeon,2025-02-03 00:15:46+00:00,67,0.657020757020757,0.680278498942428,-0.02325774192167096,0.2447406666666667,0.2787824029850747,-0.034041736318407984,0.2629033333333333,0.2529884925373134,0.009914840796019897,0.0,12.940298507462687,-12.940298507462687,2025-02-02 23:06:46+00:00,Oracle Elixir prior completed games
River,2025-02-03 00:15:46+00:00,65,0.6058120133481647,0.7197439485459837,-0.11393193519781897,0.16519399999999998,0.1734300153846154,-0.008236015384615408,0.179357,0.18495043076923073,-0.005593430769230745,-2.0,1.0769230769230769,-3.0769230769230766,2025-02-02 23:06:46+00:00,Oracle Elixir prior completed games
Inspired,2025-02-03 00:15:46+00:00,66,0.7948629744295378,0.7321447263458047,0.06271824808373305,0.0952531,0.15077843787878786,-0.05552533787878787,0.17021566666666668,0.18710659090909093,-0.01689092424242425,-8.333333333333334,7.787878787878788,-16.12121212121212,2025-01-25 22:01:01+00:00,Oracle Elixir prior completed games
APA,2025-02-03 00:15:46+00:00,67,0.5646520146520146,0.6546078760642201,-0.08995586141220546,0.24355766666666667,0.2989552089552239,-0.0553975422885572,0.229195,0.26264159701492534,-0.03344659701492533,2.0,1.1492537313432836,0.8507462686567164,2025-02-02 23:06:46+00:00,Oracle Elixir prior completed games
Quid,2025-02-03 00:15:46+00:00,65,0.7624212087504635,0.6692648863747627,0.09315632237570082,0.32398566666666667,0.2912055846153846,0.03278008205128208,0.27782966666666664,0.2650147692307692,0.012814897435897421,-2.0,0.4,-2.4,2025-02-02 23:06:46+00:00,Oracle Elixir prior completed games
Eyla,2025-02-03 00:15:46+00:00,65,0.632678284513657,0.7155360183834457,-0.08285773386978867,0.07122953333333333,0.074227,-0.0029974666666666705,0.11664316666666667,0.10928779846153847,0.007355368205128207,4.666666666666667,10.184615384615384,-5.517948717948717,2025-02-02 23:06:46+00:00,Oracle Elixir prior completed games
CoreJJ,2025-02-03 00:15:46+00:00,67,0.7603785103785103,0.7297565073348709,0.03062200304363949,0.07934206666666667,0.07791291492537313,0.001429151741293544,0.09756066666666667,0.1091550134328358,-0.011594346766169134,-4.666666666666667,-7.432835820895522,2.766169154228855,2025-02-02 23:06:46+00:00,Oracle Elixir prior completed games
Bwipo,2025-02-03 00:15:46+00:00,66,0.6349042540993005,0.5820605304552682,0.05284372364403234,0.29272666666666664,0.21188902878787877,0.08083763787878787,0.23120366666666667,0.2198391363636364,0.011364530303030279,16.333333333333332,5.621212121212121,10.712121212121211,2025-01-25 22:01:01+00:00,Oracle Elixir prior completed games
Srtty,2025-02-03 00:15:46+00:00,5,0.6051587301587301,0.6630952380952381,-0.05793650793650795,0.2248146666666667,0.2537918,-0.02897713333333332,0.20074433333333333,0.2267648,-0.02602046666666666,-7.333333333333333,-9.2,1.8666666666666663,2025-02-02 01:34:49+00:00,Oracle Elixir prior completed games
Zven,2025-02-10 00:46:00+00:00,36,0.5390287312484109,0.7331771002018792,-0.19414836895346832,0.2939293333333333,0.2914132777777778,0.0025160555555555075,0.23195866666666665,0.24873683333333332,-0.016778166666666677,2.0,3.611111111111111,-1.6111111111111112,2025-02-03 02:54:42+00:00,Oracle Elixir prior completed games
Route,2025-02-10 00:46:00+00:00,10,0.6964285714285715,0.7387733757470599,-0.042344804318488416,0.34350466666666674,0.2916092,0.05189546666666672,0.2702876666666667,0.2613385,0.00894916666666673,6.666666666666667,3.3,3.366666666666667,2025-02-09 22:10:45+00:00,Oracle Elixir prior completed games
Quad,2025-02-10 00:46:00+00:00,45,0.5155929038281979,0.680486565130012,-0.16489366130181415,0.2217773333333333,0.30629324444444445,-0.08451591111111115,0.21391233333333334,0.2510206888888889,-0.037108355555555556,-3.3333333333333335,2.511111111111111,-5.844444444444445,2025-02-09 23:49:15+00:00,Oracle Elixir prior completed games
Quid,2025-02-10 00:46:00+00:00,66,0.7550287356321839,0.6695411759751451,0.0854875596570388,0.28298066666666666,0.2896504999999999,-0.006669833333333264,0.258286,0.26423236363636365,-0.0059463636363636385,-0.6666666666666666,0.3939393939393939,-1.0606060606060606,2025-02-03 02:54:42+00:00,Oracle Elixir prior completed games
Eyla,2025-02-10 00:46:00+00:00,66,0.6884578544061303,0.7170051696200602,-0.028547315213929947,0.07192406666666666,0.07407618181818182,-0.0021521151515151576,0.11289903333333334,0.10911941666666668,0.003779616666666666,0.0,9.954545454545455,-9.954545454545455,2025-02-03 02:54:42+00:00,Oracle Elixir prior completed games
CoreJJ,2025-02-10 00:46:00+00:00,69,0.7656695156695156,0.730745851727741,0.034923663941774596,0.058600433333333334,0.07738071594202899,-0.018780282608695652,0.08937473333333334,0.1087880652173913,-0.019413331884057958,-4.0,-7.3478260869565215,3.3478260869565215,2025-02-09 21:57:01+00:00,Oracle Elixir prior completed games
Bwipo,2025-02-10 00:46:00+00:00,71,0.7792717086834734,0.5916029596633537,0.18766874902011965,0.26476866666666665,0.21306368873239437,0.051704977934272284,0.23718366666666668,0.22036495774647888,0.016818708920187803,9.0,5.605633802816901,3.394366197183099,2025-02-09 23:49:15+00:00,Oracle Elixir prior completed games
Wizer,2025-02-10 00:46:00+00:00,10,0.7316176470588235,0.5612410047924585,0.17037664226636495,0.24732300000000004,0.2110105,0.03631250000000005,0.20048533333333332,0.2163764,-0.015891066666666676,16.666666666666668,10.1,6.566666666666668,2025-02-09 22:10:45+00:00,Oracle Elixir prior completed games
Yeon,2025-02-22 19:13:32+00:00,73,0.6940267335004178,0.682621569181902,0.011405164318515792,0.30380233333333334,0.2788853150684931,0.02491701826484022,0.3046733333333333,0.25520397260273975,0.04946936073059355,-6.666666666666667,12.013698630136986,-18.680365296803654,2025-02-16 23:17:16+00:00,Oracle Elixir prior completed games
FBI,2025-02-22 19:13:32+00:00,52,0.7312801932367149,0.7122916041819245,0.018988589054790395,0.2829076666666667,0.28836775,-0.005460083333333254,0.263316,0.24513173076923078,0.018184269230769212,2.6666666666666665,-5.519230769230769,8.185897435897436,2025-02-15 20:02:58+00:00,Oracle Elixir prior completed games
River,2025-02-22 19:13:32+00:00,68,0.7126610305958132,0.7194314668717114,-0.0067704362758982395,0.21736,0.17536810294117647,0.04199189705882353,0.19423666666666664,0.18536011764705876,0.008876549019607882,6.0,1.2941176470588236,4.705882352941177,2025-02-15 20:02:58+00:00,Oracle Elixir prior completed games
Inspired,2025-02-22 19:13:32+00:00,74,0.7971781305114639,0.7311492681274953,0.06602886238396866,0.16062933333333332,0.152405322972973,0.008224010360360329,0.206213,0.188355,0.017858000000000013,13.0,7.3108108108108105,5.6891891891891895,2025-02-15 22:08:12+00:00,Oracle Elixir prior completed games
APA,2025-02-22 19:13:32+00:00,73,0.7376775271512114,0.6633552723415204,0.07432225480969101,0.3270133333333333,0.2992484657534246,0.027764867579908703,0.2430846666666667,0.2607382465753425,-0.017653579908675804,-2.3333333333333335,0.2602739726027397,-2.5936073059360734,2025-02-16 23:17:16+00:00,Oracle Elixir prior completed games
Loki,2025-02-22 19:13:32+00:00,8,0.5833333333333334,0.6334699974574116,-0.050136664124078245,0.24581166666666668,0.23576025,0.010051416666666674,0.23677533333333334,0.24132187500000002,-0.004546541666666681,-3.0,-3.625,0.625,2025-02-16 19:58:13+00:00,Oracle Elixir prior completed games
Zven,2025-04-05 20:14:15+00:00,41,0.5473389355742296,0.7217548285255098,-0.17441589295128013,0.26556033333333334,0.28988595121951216,-0.02432561788617882,0.22689233333333333,0.24818348780487806,-0.021291154471544727,-3.0,3.317073170731707,-6.317073170731707,2025-02-23 00:07:14+00:00,Oracle Elixir prior completed games
Hena,2025-04-05 20:14:15+00:00,5,0.5444444444444444,0.7084848484848486,-0.1640404040404042,0.3126223333333333,0.31650919999999994,-0.003886866666666655,0.2515176666666667,0.26700820000000003,-0.015490533333333334,-4.333333333333333,2.0,-6.333333333333333,2025-02-01 22:48:32+00:00,Oracle Elixir prior completed games
Contractz,2025-04-05 20:14:15+00:00,51,0.49999999999999994,0.7482062368007154,-0.24820623680071546,0.157024,0.16971049607843136,-0.012686496078431364,0.180955,0.18275201960784315,-0.0017970196078431477,-14.333333333333334,-4.313725490196078,-10.019607843137255,2025-02-09 21:57:01+00:00,Oracle Elixir prior completed games
Inspired,2025-04-05 20:14:15+00:00,77,0.6781440781440781,0.729084130855414,-0.05094005271133595,0.18904866666666667,0.15383298571428572,0.03521568095238095,0.192886,0.18853153246753246,0.004354467532467543,8.666666666666666,7.363636363636363,1.3030303030303028,2025-02-22 21:00:03+00:00,Oracle Elixir prior completed games
Quad,2025-04-05 20:14:15+00:00,51,0.6391941391941391,0.6796308033358055,-0.040436664141666356,0.23000566666666666,0.3034373921568628,-0.07343172549019611,0.22805266666666668,0.24907064705882354,-0.021017980392156854,-4.0,2.784313725490196,-6.784313725490196,2025-02-22 21:00:03+00:00,Oracle Elixir prior completed games
Quid,2025-04-05 20:14:15+00:00,74,0.7222222222222222,0.6743489189827411,0.047873303239481135,0.263806,0.2854303783783783,-0.02162437837837833,0.2602273333333333,0.2620303918918919,-0.0018030585585586123,1.0,0.8783783783783784,0.1216216216216216,2025-02-23 21:12:06+00:00,Oracle Elixir prior completed games
Lyonz,2025-04-05 20:14:15+00:00,5,0.6,0.6751515151515151,-0.07515151515151508,0.07741749999999999,0.07284352,0.004573979999999991,0.09382143333333333,0.08971232,0.004109113333333331,-2.0,4.0,-6.0,2025-02-01 22:48:32+00:00,Oracle Elixir prior completed games
CoreJJ,2025-04-05 20:14:15+00:00,79,0.7281746031746033,0.7382638255104991,-0.01008922233589582,0.12310743333333334,0.07837963924050632,0.04472779409282701,0.12209916666666666,0.10955818101265821,0.012540985654008449,1.3333333333333333,-6.544303797468355,7.877637130801688,2025-02-23 21:12:06+00:00,Oracle Elixir prior completed games
Bwipo,2025-04-05 20:14:15+00:00,77,0.510989010989011,0.5926235748610812,-0.08163456387207024,0.209735,0.21293814155844154,-0.0032031415584415357,0.22503633333333337,0.2203264415584416,0.004709891774891756,10.333333333333334,5.8441558441558445,4.489177489177489,2025-02-22 21:00:03+00:00,Oracle Elixir prior completed games
Srtty,2025-04-05 20:14:15+00:00,7,0.3829365079365079,0.5629251700680272,-0.17998866213151932,0.20003733333333332,0.23977457142857145,-0.03973723809523813,0.18037033333333333,0.21552114285714286,-0.03515080952380953,-16.333333333333332,-12.285714285714286,-4.047619047619046,2025-02-09 23:49:15+00:00,Oracle Elixir prior completed games
River,2025-04-12 20:06:56+00:00,76,0.7060185185185185,0.7169251432532568,-0.010906624734738357,0.20842933333333333,0.17551625000000004,0.03291308333333329,0.2030086666666667,0.18643601315789474,0.016572653508771962,7.333333333333333,1.1710526315789473,6.162280701754385,2025-04-06 21:16:20+00:00,Oracle Elixir prior completed games
Inspired,2025-04-12 20:06:56+00:00,79,0.6192022792022792,0.7263506366846723,-0.10714835748239304,0.14414233333333334,0.1538053151898734,-0.009662981856540048,0.21317533333333336,0.1893716329113924,0.023803700421940965,16.0,7.506329113924051,8.49367088607595,2025-04-06 22:13:45+00:00,Oracle Elixir prior completed games
Loki,2025-04-12 20:06:56+00:00,13,0.6757020757020756,0.6371616539140897,0.03854042178798589,0.232838,0.24770084615384616,-0.014862846153846171,0.245254,0.24578523076923078,-0.0005312307692307838,-0.6666666666666666,-3.0,2.3333333333333335,2025-04-06 20:07:24+00:00,Oracle Elixir prior completed games
Quid,2025-04-12 20:06:56+00:00,76,0.7712962962962964,0.6788251170212068,0.09247117927508952,0.26570933333333335,0.284944447368421,-0.019235114035087653,0.24995766666666666,0.26187698684210525,-0.011919320175438591,4.666666666666667,1.013157894736842,3.653508771929825,2025-04-06 21:16:20+00:00,Oracle Elixir prior completed games
Lyonz,2025-04-12 20:06:56+00:00,7,0.7005159958720331,0.6967579376248106,0.0037580582472224178,0.08388773333333334,0.08270591428571428,0.001181819047619062,0.10331346666666667,0.0975237857142857,0.005789680952380971,-4.333333333333333,2.142857142857143,-6.476190476190476,2025-04-06 23:23:09+00:00,Oracle Elixir prior completed games
CoreJJ,2025-04-12 20:06:56+00:00,81,0.7710084033613446,0.7380089452872914,0.032999458074053134,0.0813335,0.07836377901234567,0.0029697209876543285,0.10407116666666666,0.10956849753086417,-0.005497330864197514,4.0,-6.2592592592592595,10.25925925925926,2025-04-06 21:16:20+00:00,Oracle Elixir prior completed games
Bwipo,2025-04-12 20:06:56+00:00,79,0.5123646723646723,0.5912350736690989,-0.07887040130442657,0.23309900000000003,0.21400596075949366,0.01909303924050637,0.23462133333333335,0.22094220253164565,0.0136791308016877,7.0,5.860759493670886,1.1392405063291138,2025-04-06 22:13:45+00:00,Oracle Elixir prior completed games
Licorice,2025-04-12 20:06:56+00:00,37,0.47966976264189887,0.48775933074055294,-0.008089568098654076,0.22509233333333334,0.18941673513513516,0.03567559819819818,0.209997,0.20337537837837838,0.0066216216216216095,2.6666666666666665,-2.4324324324324325,5.099099099099099,2025-04-06 23:23:09+00:00,Oracle Elixir prior completed games
Bvoy,2025-04-19 20:08:34+00:00,39,0.626984126984127,0.6385779522675903,-0.01159382528346331,0.27887433333333334,0.27197756410256413,0.006896769230769206,0.259592,0.2564785641025641,0.003113435897435901,2.0,5.564102564102564,-3.564102564102564,2025-04-13 20:59:14+00:00,Oracle Elixir prior completed games
Zven,2025-04-19 20:08:34+00:00,45,0.7583041958041958,0.721485790154633,0.036818405649562846,0.304851,0.2933683555555555,0.011482644444444468,0.2744433333333333,0.24970502222222224,0.024738311111111078,3.0,2.7555555555555555,0.24444444444444446,2025-04-13 22:48:13+00:00,Oracle Elixir prior completed games
Sheiden,2025-04-19 20:08:34+00:00,9,0.7388888888888889,0.6739417989417988,0.06494708994709009,0.11582396666666665,0.1316631,-0.015839133333333352,0.1898693333333333,0.18988511111111112,-1.5777777777808977e-05,3.0,-1.2222222222222223,4.222222222222222,2025-04-13 22:48:13+00:00,Oracle Elixir prior completed games
Inspired,2025-04-19 20:08:34+00:00,81,0.5968697729988053,0.7241025878652534,-0.1272328148664481,0.15460433333333334,0.1541767888888889,0.0004275444444444554,0.19213866666666668,0.18938724691358025,0.0027514197530864315,8.333333333333334,7.493827160493828,0.8395061728395063,2025-04-13 20:59:14+00:00,Oracle Elixir prior completed games
Loki,2025-04-19 20:08:34+00:00,15,0.8066724941724942,0.6571310091497868,0.14954148502270737,0.3165923333333333,0.25705900000000004,0.05953333333333327,0.23670633333333332,0.24349366666666666,-0.00678733333333334,15.0,-0.8,15.8,2025-04-13 22:48:13+00:00,Oracle Elixir prior completed games
Quid,2025-04-19 20:08:34+00:00,78,0.7583652618135376,0.6791912280790184,0.07917403373451914,0.265405,0.2851994102564102,-0.01979441025641021,0.2479383333333333,0.2615127051282051,-0.013574371794871837,-6.0,0.7435897435897436,-6.743589743589744,2025-04-13 20:06:51+00:00,Oracle Elixir prior completed games
Eyla,2025-04-19 20:08:34+00:00,78,0.6355044699872285,0.7172004131514801,-0.08169594316425155,0.06501146666666667,0.07429816923076923,-0.009286702564102564,0.0982402,0.10806485769230771,-0.009824657692307712,-7.666666666666667,8.615384615384615,-16.28205128205128,2025-04-13 20:06:51+00:00,Oracle Elixir prior completed games
CoreJJ,2025-04-19 20:08:34+00:00,83,0.7580213903743317,0.7391193540536437,0.018902036320687987,0.06068743333333334,0.07791010963855421,-0.017222676305220876,0.09844673333333333,0.10920100602409634,-0.010754272690763012,3.0,-6.0843373493975905,9.08433734939759,2025-04-13 21:53:10+00:00,Oracle Elixir prior completed games
Bwipo,2025-04-19 20:08:34+00:00,81,0.5765591397849462,0.5915709659162179,-0.015011826131271722,0.28055599999999997,0.21573117160493827,0.0648248283950617,0.237465,0.22109961728395064,0.01636538271604937,5.0,5.901234567901234,-0.9012345679012341,2025-04-13 20:59:14+00:00,Oracle Elixir prior completed games
Fudge,2025-04-19 20:08:34+00:00,34,0.7619047619047619,0.5850029227738206,0.17690183913094126,0.22569333333333333,0.20973176470588234,0.01596156862745099,0.231784,0.22361994117647058,0.008164058823529413,-12.0,1.4705882352941178,-13.470588235294118,2025-04-13 20:59:14+00:00,Oracle Elixir prior completed games
Zven,2025-04-21 20:07:10+00:00,47,0.6558343617167147,0.7152379111473791,-0.05940354943066439,0.289221,0.29261642553191486,-0.003395425531914853,0.25313766666666665,0.24869444680851063,0.004443219858156017,-5.666666666666667,2.1914893617021276,-7.858156028368795,2025-04-20 21:02:57+00:00,Oracle Elixir prior completed games
Tomo,2025-04-21 20:07:10+00:00,54,0.7583151779230212,0.685506867355996,0.07280831056702519,0.314145,0.2995508703703703,0.014594129629629693,0.25880866666666663,0.25522005555555555,0.003588611111111084,2.3333333333333335,3.9814814814814814,-1.648148148148148,2025-04-20 22:53:25+00:00,Oracle Elixir prior completed games
Blaber,2025-04-21 20:07:10+00:00,64,0.654326066090772,0.742565411858209,-0.08823934576743697,0.12296573333333334,0.166616328125,-0.04365059479166665,0.19711266666666663,0.186088640625,0.011024026041666635,12.333333333333334,8.453125,3.880208333333334,2025-04-20 21:02:57+00:00,Oracle Elixir prior completed games
Inspired,2025-04-21 20:07:10+00:00,83,0.7340777502067825,0.7265801900112251,0.007497560195557362,0.1177603,0.15312111807228915,-0.03536081807228915,0.19549333333333332,0.18973167469879518,0.005761658634538147,4.333333333333333,7.409638554216867,-3.076305220883534,2025-04-20 21:02:57+00:00,Oracle Elixir prior completed games
APA,2025-04-21 20:07:10+00:00,85,0.5964052287581699,0.6641299129028773,-0.06772468414470734,0.26670166666666667,0.2962519058823529,-0.029550239215686225,0.230576,0.25700784705882357,-0.026431847058823565,4.666666666666667,0.5411764705882353,4.125490196078432,2025-04-20 22:02:17+00:00,Oracle Elixir prior completed games
Loki,2025-04-21 20:07:10+00:00,17,0.7551076374605787,0.6756426125449942,0.07946502491558449,0.28552133333333335,0.26157976470588234,0.023941568627451004,0.229392,0.24400817647058826,-0.014616176470588244,8.333333333333334,0.0,8.333333333333334,2025-04-20 21:02:57+00:00,Oracle Elixir prior completed games
Vulcan,2025-04-21 20:07:10+00:00,64,0.8488962018373784,0.7706876097421674,0.07820859209521092,0.05767823333333333,0.0806125625,-0.02293432916666667,0.10238036666666667,0.10332925468750001,-0.0009488880208333439,1.0,2.546875,-1.546875,2025-04-20 21:02:57+00:00,Oracle Elixir prior completed games
CoreJJ,2025-04-21 20:07:10+00:00,85,0.7401960784313726,0.7390293484911358,0.0011667299402368103,0.09839690000000001,0.07898668352941177,0.019410216470588243,0.0891569,0.10882205882352937,-0.01966515882352937,1.6666666666666667,-5.8352941176470585,7.5019607843137255,2025-04-20 22:02:17+00:00,Oracle Elixir prior completed games
Bwipo,2025-04-21 20:07:10+00:00,83,0.7852770885028949,0.597149422715271,0.18812766578762385,0.3112956666666667,0.21794117951807226,0.09335448714859443,0.23822033333333334,0.22151954216867475,0.016700791164658585,7.666666666666667,5.72289156626506,1.9437751004016066,2025-04-20 21:02:57+00:00,Oracle Elixir prior completed games
Fudge,2025-04-21 20:07:10+00:00,36,0.6118326118326118,0.5836475415422784,0.028185070290333458,0.23519533333333334,0.2098556111111111,0.02533972222222225,0.23936866666666665,0.2236557777777778,0.01571288888888886,-15.333333333333334,0.8333333333333334,-16.166666666666668,2025-04-20 22:02:17+00:00,Oracle Elixir prior completed games
Yeon,2025-05-03 20:08:26+00:00,88,0.5866013071895425,0.6868478507157472,-0.10024654352620466,0.238054,0.27465443181818183,-0.036600431818181844,0.24242,0.2571015340909091,-0.014681534090909082,-2.0,10.613636363636363,-12.613636363636363,2025-04-26 22:55:43+00:00,Oracle Elixir prior completed games
Zven,2025-05-03 20:08:26+00:00,50,0.7459207459207459,0.7170788812337812,0.028841864686964702,0.28057899999999997,0.29189418,-0.011315180000000036,0.2584053333333333,0.2492771,0.009128233333333319,-1.6666666666666667,1.96,-3.626666666666667,2025-04-27 20:51:24+00:00,Oracle Elixir prior completed games
Inspired,2025-05-03 20:08:26+00:00,86,0.6922453191803036,0.7253824619589836,-0.03313714277867996,0.13379066666666664,0.1524468,-0.018656133333333352,0.1792653333333333,0.18936656976744184,-0.01010123643410854,11.0,7.534883720930233,3.4651162790697674,2025-04-26 21:16:22+00:00,Oracle Elixir prior completed games
UmTi,2025-05-03 20:08:26+00:00,88,0.6258169934640523,0.6950662147293017,-0.06924922126524946,0.20441033333333336,0.14484405227272729,0.059566281060606074,0.19139133333333333,0.17404153409090908,0.017349799242424246,5.333333333333333,-5.431818181818182,10.765151515151516,2025-04-26 22:55:43+00:00,Oracle Elixir prior completed games
Fudge,2025-05-03 20:08:26+00:00,40,0.6075036075036074,0.5875122246174878,0.01999138288611968,0.17703100000000002,0.20783855,-0.03080754999999999,0.21622366666666668,0.2226624,-0.006438733333333335,-9.0,0.1,-9.1,2025-04-27 23:47:01+00:00,Oracle Elixir prior completed games
Bwipo,2025-05-03 20:08:26+00:00,86,0.4646174259177355,0.5925262135246594,-0.12790878760692387,0.266552,0.21963690581395348,0.04691509418604653,0.224047,0.22160770930232562,0.0024392906976743733,21.0,6.255813953488372,14.74418604651163,2025-04-26 21:16:22+00:00,Oracle Elixir prior completed games
Massu,2025-05-10 20:09:23+00:00,89,0.7485380116959064,0.682402834116027,0.06613517757987941,0.290877,0.2574620752808989,0.03341492471910107,0.28725933333333337,0.2399101011235955,0.04734923220973786,0.6666666666666666,-2.853932584269663,3.5205992509363293,2025-05-03 21:51:15+00:00,Oracle Elixir prior completed games
Zven,2025-05-10 20:09:23+00:00,53,0.7232142857142857,0.7174261682798474,0.0057881174344383,0.2919313333333333,0.2918962830188679,3.5050314465434607e-05,0.26972233333333334,0.2504343773584906,0.01928795597484273,-1.0,1.7924528301886793,-2.7924528301886795,2025-05-04 23:57:16+00:00,Oracle Elixir prior completed games
Blaber,2025-05-10 20:09:23+00:00,70,0.7916666666666666,0.7422110870001626,0.049455579666504046,0.1725283333333333,0.1664105142857143,0.006117819047619016,0.20001566666666667,0.18695114285714284,0.013064523809523831,0.6666666666666666,8.7,-8.033333333333333,2025-05-04 23:57:16+00:00,Oracle Elixir prior completed games
Inspired,2025-05-10 20:09:23+00:00,89,0.8391812865497076,0.7292183773946261,0.10996290915508145,0.16683366666666666,0.15293175056179778,0.013901916104868878,0.18832433333333332,0.18933143820224718,-0.0010071048689138662,3.3333333333333335,7.393258426966292,-4.059925093632959,2025-05-03 21:51:15+00:00,Oracle Elixir prior completed games
Saint,2025-05-10 20:09:23+00:00,17,0.6222222222222222,0.6509948834730296,-0.028772661250807352,0.2951536666666667,0.287630705882353,0.0075229607843136925,0.233725,0.2547762941176471,-0.021051294117647085,-6.333333333333333,-1.588235294117647,-4.745098039215686,2025-05-04 23:57:16+00:00,Oracle Elixir prior completed games
Quid,2025-05-10 20:09:23+00:00,85,0.60570987654321,0.6818362750803652,-0.0761263985371552,0.25679766666666665,0.2837246117647059,-0.02692694509803928,0.2518456666666667,0.2604700823529412,-0.008624415686274534,7.0,1.0823529411764705,5.91764705882353,2025-05-04 21:12:10+00:00,Oracle Elixir prior completed games
Fudge,2025-05-10 20:09:23+00:00,43,0.8630952380952381,0.6067389464880285,0.25635629160720963,0.36990866666666666,0.21914576744186046,0.1507628992248062,0.2593976666666667,0.22522532558139532,0.03417234108527137,11.0,0.8604651162790697,10.13953488372093,2025-05-03 21:51:15+00:00,Oracle Elixir prior completed games
Impact,2025-05-10 20:09:23+00:00,90,0.6591998118587764,0.5637166528970201,0.0954831589617563,0.16148333333333334,0.20450095000000001,-0.043017616666666675,0.17839666666666668,0.2026616333333333,-0.024264966666666637,-3.6666666666666665,3.1,-6.766666666666667,2025-05-03 23:56:15+00:00,Oracle Elixir prior completed games
Yeon,2025-05-17 20:08:05+00:00,92,0.5957854406130267,0.6863370724248445,-0.0905516318118178,0.31815766666666667,0.2761618260869565,0.041995840579710175,0.26415866666666665,0.2578203586956521,0.006338307971014534,0.0,10.293478260869565,-10.293478260869565,2025-05-10 20:58:20+00:00,Oracle Elixir prior completed games
FBI,2025-05-17 20:08:05+00:00,72,0.7523809523809524,0.6955277611087491,0.05685319127220323,0.285846,0.2866194444444445,-0.0007734444444444932,0.27231299999999997,0.24557020833333335,0.026742791666666627,11.0,-3.6527777777777777,14.652777777777779,2025-05-11 00:10:15+00:00,Oracle Elixir prior completed games
Inspired,2025-05-17 20:08:05+00:00,91,0.6591478696741855,0.7256678454284218,-0.0665199757542363,0.158417,0.1525934923076923,0.005823507692307689,0.19503966666666664,0.1892842747252747,0.005755391941391935,21.0,7.593406593406593,13.406593406593407,2025-05-11 20:54:32+00:00,Oracle Elixir prior completed games
River,2025-05-17 20:08:05+00:00,88,0.8682539682539683,0.7290334822083107,0.13922048604565762,0.20573466666666665,0.17616885227272727,0.029565814393939377,0.21544399999999997,0.18785660227272724,0.027587397727272728,8.666666666666666,1.0795454545454546,7.587121212121211,2025-05-11 00:10:15+00:00,Oracle Elixir prior completed games
Eyla,2025-05-17 20:08:05+00:00,88,0.6761904761904761,0.7204066321587143,-0.044216155968238136,0.060626099999999995,0.07327965113636363,-0.012653551136363635,0.07556483333333334,0.10582382272727274,-0.030258989393939395,1.6666666666666667,7.181818181818182,-5.515151515151515,2025-05-11 00:10:15+00:00,Oracle Elixir prior completed games
CoreJJ,2025-05-17 20:08:05+00:00,92,0.6969348659003831,0.7399591810705745,-0.04302431517019134,0.09835769999999999,0.07887101413043478,0.019486685869565215,0.11016706666666669,0.10831710978260868,0.0018499568840580072,-6.0,-5.576086956521739,-0.42391304347826075,2025-05-10 20:58:20+00:00,Oracle Elixir prior completed games
Impact,2025-05-17 20:08:05+00:00,92,0.539080459770115,0.5634184647905631,-0.02433800502044814,0.18302633333333332,0.20405342934782614,-0.02102709601449282,0.19074933333333333,0.20246259782608697,-0.011713264492753644,-10.666666666666666,2.619565217391304,-13.28623188405797,2025-05-10 20:58:20+00:00,Oracle Elixir prior completed games
Bwipo,2025-05-17 20:08:05+00:00,91,0.5927318295739349,0.5921381610863741,0.0005936684875608167,0.2368853333333333,0.2203049769230769,0.016580356410256403,0.22706166666666663,0.22190131868131868,0.005160347985347952,2.3333333333333335,5.802197802197802,-3.4688644688644685,2025-05-11 20:54:32+00:00,Oracle Elixir prior completed games
Bvoy,2025-05-24 20:07:34+00:00,53,0.5692307692307693,0.643635668721481,-0.07440489949071172,0.26210700000000003,0.2722668301886792,-0.010159830188679164,0.25212066666666666,0.25713224528301887,-0.005011578616352208,-5.333333333333333,3.188679245283019,-8.522012578616351,2025-05-18 20:55:35+00:00,Oracle Elixir prior completed games
Massu,2025-05-24 20:07:34+00:00,93,0.688095238095238,0.6848696214270685,0.003225616668169451,0.211804,0.2562176311827957,-0.04441363118279573,0.25535899999999995,0.2405533440860215,0.01480565591397845,-6.666666666666667,-2.849462365591398,-3.817204301075269,2025-05-17 20:53:29+00:00,Oracle Elixir prior completed games
Blaber,2025-05-24 20:07:34+00:00,74,0.9,0.7486220151818409,0.15137798481815912,0.13178746666666666,0.16618923513513514,-0.034401768468468485,0.190886,0.18782967567567568,0.0030563243243243166,7.0,8.594594594594595,-1.5945945945945947,2025-05-17 20:53:29+00:00,Oracle Elixir prior completed games
Inspired,2025-05-24 20:07:34+00:00,93,0.7658730158730158,0.7270871749174164,0.03878584095559945,0.19470433333333334,0.15381266451612904,0.040891668817204296,0.19972366666666666,0.18948775268817203,0.010235913978494632,10.333333333333334,7.612903225806452,2.720430107526882,2025-05-17 20:53:29+00:00,Oracle Elixir prior completed games
Busio,2025-05-24 20:07:34+00:00,93,0.673015873015873,0.7269846249296202,-0.05396875191374728,0.12857916666666666,0.08754215591397849,0.041037010752688174,0.10045436666666667,0.10248144193548388,-0.002027075268817208,-4.333333333333333,-0.26881720430107525,-4.064516129032258,2025-05-17 20:53:29+00:00,Oracle Elixir prior completed games
CoreJJ,2025-05-24 20:07:34+00:00,94,0.7324786324786325,0.7383724881836391,-0.0058938557050065565,0.062358199999999996,0.07852943936170212,-0.016171239361702124,0.10264553333333333,0.10798958191489359,-0.005344048581560262,0.3333333333333333,-5.404255319148936,5.737588652482269,2025-05-18 20:55:35+00:00,Oracle Elixir prior completed games
Thanatos,2025-05-24 20:07:34+00:00,51,0.26666666666666666,0.5343871587611324,-0.26772049209446575,0.23922600000000002,0.20128722156862747,0.037938778431372555,0.225924,0.21629703921568627,0.009626960784313743,6.0,8.137254901960784,-2.137254901960784,2025-05-17 20:53:29+00:00,Oracle Elixir prior completed games
Bwipo,2025-05-24 20:07:34+00:00,93,0.5134920634920634,0.5921280214214342,-0.07863595792937073,0.22675466666666666,0.22100952580645158,0.0057451408602150755,0.23484733333333332,0.22235183870967745,0.012495494623655873,3.0,5.752688172043011,-2.752688172043011,2025-05-17 20:53:29+00:00,Oracle Elixir prior completed games
Bvoy,2025-05-31 20:08:28+00:00,56,0.8171717171717172,0.652932242745601,0.1642394744261162,0.26586566666666667,0.27192391071428573,-0.006058244047619066,0.2727783333333333,0.25797042857142854,0.014807904761904744,-1.6666666666666667,2.9285714285714284,-4.595238095238095,2025-05-24 22:05:34+00:00,Oracle Elixir prior completed games
Yeon,2025-05-31 20:08:28+00:00,97,0.8119658119658119,0.6910593221941164,0.12090648977169549,0.2932166666666666,0.27828871134020616,0.014927955326460463,0.2844533333333334,0.25903954639175253,0.025413786941580863,15.333333333333334,10.484536082474227,4.848797250859107,2025-05-25 21:52:08+00:00,Oracle Elixir prior completed games
Contractz,2025-05-31 20:08:28+00:00,72,0.7767676767676767,0.7476619750450205,0.02910570172265614,0.21577166666666667,0.17551849027777777,0.040253176388888895,0.201672,0.18654915277777778,0.015122847222222208,-1.6666666666666667,-4.333333333333333,2.666666666666666,2025-05-24 22:05:34+00:00,Oracle Elixir prior completed games
River,2025-05-31 20:08:28+00:00,90,0.6811965811965811,0.726650401976901,-0.0454538207803199,0.1427413333333333,0.17527724444444442,-0.03253591111111112,0.185971,0.18782857777777773,-0.0018575777777777303,3.6666666666666665,1.0,2.6666666666666665,2025-05-18 22:38:41+00:00,Oracle Elixir prior completed games
Palafox,2025-05-31 20:08:28+00:00,72,0.7232323232323233,0.6410098425736747,0.08222248065864868,0.25399,0.25414637500000004,-0.0001563750000000419,0.23867333333333332,0.24290790277777777,-0.004234569444444447,8.333333333333334,-3.861111111111111,12.194444444444445,2025-05-24 22:05:34+00:00,Oracle Elixir prior completed games
Quid,2025-05-31 20:08:28+00:00,90,0.7818613485280151,0.6884841354368872,0.0933772130911279,0.35381899999999994,0.28516972222222225,0.06864927777777768,0.2619123333333333,0.25972592222222224,0.002186411111111064,32.666666666666664,2.2222222222222223,30.444444444444443,2025-05-18 22:38:41+00:00,Oracle Elixir prior completed games
Ceos,2025-05-31 20:08:28+00:00,21,0.6606060606060605,0.635034059568221,0.02557200103783952,0.0582966,0.05505335238095238,0.0032432476190476164,0.0825634,0.08506967142857143,-0.0025062714285714327,-3.0,-0.23809523809523808,-2.761904761904762,2025-05-24 22:05:34+00:00,Oracle Elixir prior completed games
Eyla,2025-05-31 20:08:28+00:00,90,0.7452991452991453,0.7203520118429367,0.02494713345620858,0.07080496666666666,0.07330380555555556,-0.0024988388888888963,0.0923446,0.10580419222222223,-0.013459592222222233,-6.0,6.777777777777778,-12.777777777777779,2025-05-18 22:38:41+00:00,Oracle Elixir prior completed games
Massu,2025-06-07 20:06:56+00:00,96,0.6216628527841342,0.6828944099069769,-0.06123155712284267,0.28209333333333336,0.25702624687500003,0.025067086458333332,0.255375,0.24101652083333333,0.014358479166666688,1.6666666666666667,-2.7083333333333335,4.375,2025-05-24 22:05:34+00:00,Oracle Elixir prior completed games
Yeon,2025-06-07 20:06:56+00:00,101,0.801058201058201,0.695185214195858,0.10587298686234303,0.28280833333333333,0.278420504950495,0.004387828382838355,0.27629166666666666,0.25954965346534653,0.016742013201320127,5.333333333333333,10.287128712871286,-4.9537953795379535,2025-05-31 22:47:04+00:00,Oracle Elixir prior completed games
Yuuji,2025-06-07 20:06:56+00:00,8,0.5719576719576719,0.6476892551892552,-0.07573158323158335,0.09786776666666668,0.1322757875,-0.034408020833333317,0.17348766666666668,0.18898612499999998,-0.015498458333333298,3.3333333333333335,7.875,-4.541666666666666,2025-05-31 22:47:04+00:00,Oracle Elixir prior completed games
Inspired,2025-06-07 20:06:56+00:00,96,0.6399694889397406,0.7243647472306138,-0.08439525829087324,0.196253,0.155138925,0.041114075,0.19422266666666665,0.18963571875,0.004586947916666667,1.6666666666666667,7.427083333333333,-5.760416666666666,2025-05-24 22:05:34+00:00,Oracle Elixir prior completed games
Palafox,2025-06-07 20:06:56+00:00,75,0.7644998163686187,0.6459494415254724,0.11855037484314634,0.23790966666666669,0.2534969066666667,-0.015587240000000002,0.2213763333333333,0.24204664000000004,-0.02067030666666672,-17.0,-4.386666666666667,-12.613333333333333,2025-06-01 22:06:16+00:00,Oracle Elixir prior completed games
APA,2025-06-07 20:06:56+00:00,101,0.7825396825396825,0.675801327739102,0.10673835480058058,0.3401543333333334,0.29474717821782176,0.04540715511551163,0.23897933333333332,0.25479542574257424,-0.015816092409240923,-15.333333333333334,-0.10891089108910891,-15.224422442244226,2025-05-31 22:47:04+00:00,Oracle Elixir prior completed games
Vulcan,2025-06-07 20:06:56+00:00,77,0.7579365079365079,0.7680474236729815,-0.010110915736473602,0.06152023333333334,0.07596505454545453,-0.014444821212121192,0.09765033333333334,0.10198558961038962,-0.004335256277056276,3.6666666666666665,2.4025974025974026,1.264069264069264,2025-05-25 21:52:08+00:00,Oracle Elixir prior completed games
CoreJJ,2025-06-07 20:06:56+00:00,101,0.852910052910053,0.7468894011690862,0.10602065174096675,0.053956166666666666,0.07725411188118812,-0.023297945214521457,0.1104329,0.10728865445544557,0.003144245544554433,-3.0,-5.445544554455446,2.445544554455446,2025-05-31 22:47:04+00:00,Oracle Elixir prior completed games
Thanatos,2025-06-07 20:06:56+00:00,54,0.5920634920634921,0.5376518568725868,0.054411635190905305,0.275355,0.20540209814814817,0.06995290185185185,0.23723400000000003,0.2174602037037037,0.01977379629629633,9.666666666666666,8.222222222222221,1.4444444444444446,2025-05-25 21:52:08+00:00,Oracle Elixir prior completed games
Fudge,2025-06-07 20:06:56+00:00,54,0.5923665847388196,0.6043759787202028,-0.01200939398138312,0.21824200000000002,0.22115598148148144,-0.0029139814814814202,0.23502466666666666,0.2257132962962963,0.009311370370370359,12.333333333333334,1.6481481481481481,10.685185185185185,2025-06-01 22:06:16+00:00,Oracle Elixir prior completed games
Vulcan,2025-06-14 20:12:24+00:00,82,0.7877777777777778,0.770096230559717,0.01768154721806081,0.05599816666666666,0.07465033048780488,-0.01865216382113822,0.09278616666666666,0.10116686097560977,-0.008380694308943115,-3.3333333333333335,2.2195121951219514,-5.5528455284552845,2025-06-07 23:33:00+00:00,Oracle Elixir prior completed games
Busio,2025-06-14 20:12:24+00:00,101,0.8092592592592592,0.733099023922987,0.07616023533627225,0.061384266666666666,0.08546931584158417,-0.0240850491749175,0.08631173333333335,0.10195364554455445,-0.015641912211221104,3.3333333333333335,-0.12871287128712872,3.4620462046204623,2025-06-07 23:33:00+00:00,Oracle Elixir prior completed games
Bwipo,2025-06-14 20:12:24+00:00,101,0.561111111111111,0.5928572092366655,-0.03174609812555451,0.2212883333333333,0.22215544455445546,-0.0008671112211221521,0.20829466666666666,0.22289213861386142,-0.014597471947194768,-9.666666666666666,5.356435643564357,-15.023102310231023,2025-06-07 23:33:00+00:00,Oracle Elixir prior completed games
Fudge,2025-06-14 20:12:24+00:00,58,0.7456140350877193,0.609881809588864,0.13573222549885533,0.24187633333333336,0.22236860344827591,0.019507729885057445,0.24572633333333335,0.22803677586206894,0.01768955747126441,-4.333333333333333,1.3275862068965518,-5.660919540229885,2025-06-08 23:09:04+00:00,Oracle Elixir prior completed games
Contractz,2025-07-26 20:10:23+00:00,82,0.41269841269841273,0.7351965214604089,-0.3224981087619962,0.159867,0.1723039792682927,-0.01243697926829268,0.19204200000000002,0.18663904878048782,0.005402951219512203,-12.0,-4.060975609756097,-7.939024390243903,2025-06-14 21:50:18+00:00,Oracle Elixir prior completed games
Inspired,2025-07-26 20:10:23+00:00,106,0.5750000000000001,0.7147579715910166,-0.13975797159101655,0.18067999999999998,0.1539702754716981,0.026709724528301892,0.18858100000000003,0.18909449999999997,-0.0005134999999999446,-2.3333333333333335,6.5,-8.833333333333334,2025-06-15 23:43:18+00:00,Oracle Elixir prior completed games
Vulcan,2025-07-26 20:10:23+00:00,90,0.8550300300300301,0.7713765403889855,0.08365348964104458,0.06836763333333333,0.07409401222222223,-0.005726378888888897,0.10214050000000001,0.10113657999999999,0.0010039200000000192,1.0,2.0444444444444443,-1.0444444444444443,2025-06-15 23:43:18+00:00,Oracle Elixir prior completed games
huhi,2025-07-26 20:10:23+00:00,64,0.6615384615384615,0.7435922826108249,-0.08205382107236336,0.10575073333333333,0.08004105312500001,0.02570968020833332,0.09839656666666667,0.1074061140625,-0.009009547395833331,9.666666666666666,10.640625,-0.9739583333333339,2025-05-18 22:38:41+00:00,Oracle Elixir prior completed games
Bwipo,2025-07-26 20:10:23+00:00,106,0.5166666666666667,0.593800602331971,-0.07713393566530424,0.165949,0.2217141028301887,-0.05576510283018868,0.19650166666666666,0.22248603773584905,-0.025984371069182388,-10.0,4.518867924528302,-14.518867924528301,2025-06-15 23:43:18+00:00,Oracle Elixir prior completed games
Fudge,2025-07-26 20:10:23+00:00,61,0.6547619047619048,0.6120890273842594,0.04267287737764536,0.231272,0.2228064754098361,0.008465524590163892,0.25023466666666666,0.22912847540983605,0.02110619125683061,-16.333333333333332,0.45901639344262296,-16.792349726775956,2025-06-14 21:50:18+00:00,Oracle Elixir prior completed games
Zven,2025-08-02 20:08:18+00:00,75,0.7217948717948719,0.7200990091944189,0.0016958626004529576,0.2772476666666666,0.2880270933333333,-0.010779426666666703,0.24124333333333334,0.2515465733333333,-0.010303239999999964,3.3333333333333335,1.1733333333333333,2.16,2025-07-26 22:37:10+00:00,Oracle Elixir prior completed games
Yeon,2025-08-02 20:08:18+00:00,107,0.75,0.6970509314751159,0.052949068524884124,0.33089833333333335,0.2792240560747663,0.05167427725856705,0.27323533333333333,0.25953642990654197,0.013698903426791365,-3.0,9.663551401869158,-12.663551401869158,2025-07-27 21:02:05+00:00,Oracle Elixir prior completed games
Blaber,2025-08-02 20:08:18+00:00,92,0.7976282051282051,0.7604215469678667,0.03720665816033841,0.16115,0.1637196652173913,-0.002569665217391326,0.193879,0.18895233695652172,0.004926663043478274,8.0,7.641304347826087,0.3586956521739131,2025-07-26 22:37:10+00:00,Oracle Elixir prior completed games
Inspired,2025-08-02 20:08:18+00:00,108,0.5416666666666666,0.7130957869319238,-0.17142912026525714,0.16236066666666668,0.15422717777777775,0.008133488888888929,0.19070633333333334,0.18920002777777772,0.0015063055555556149,15.333333333333334,6.814814814814815,8.518518518518519,2025-07-26 20:58:52+00:00,Oracle Elixir prior completed games
Palafox,2025-08-02 20:08:18+00:00,84,0.5605820105820105,0.6477951934692812,-0.08721318288727065,0.229529,0.2531687857142857,-0.023639785714285683,0.216415,0.23911711904761906,-0.022702119047619068,2.6666666666666665,-3.6547619047619047,6.321428571428571,2025-07-27 22:54:47+00:00,Oracle Elixir prior completed games
Loki,2025-08-02 20:08:18+00:00,45,0.7741025641025642,0.6838742762288551,0.09022828787370907,0.305747,0.2607715111111111,0.044975488888888915,0.23831166666666667,0.23599866666666666,0.0023130000000000095,1.3333333333333333,1.0444444444444445,0.28888888888888875,2025-07-26 22:37:10+00:00,Oracle Elixir prior completed games
Srtty,2025-08-02 20:08:18+00:00,28,0.561111111111111,0.568844928322206,-0.0077338172110950065,0.181845,0.22980292857142856,-0.047957928571428554,0.19866566666666666,0.20816621428571427,-0.009500547619047617,0.6666666666666666,-7.035714285714286,7.7023809523809526,2025-05-31 22:47:04+00:00,Oracle Elixir prior completed games
Fudge,2025-08-02 20:08:18+00:00,63,0.6732804232804233,0.6133807337459584,0.059899689534464895,0.21042400000000003,0.2215284285714286,-0.01110442857142857,0.224065,0.22827603174603175,-0.004211031746031768,-13.0,0.20634920634920634,-13.206349206349206,2025-07-27 22:54:47+00:00,Oracle Elixir prior completed games
Inspired,2025-08-09 20:06:58+00:00,110,0.6584656084656085,0.7121794710367689,-0.0537138625711604,0.149304,0.15419571090909087,-0.0048917109090908795,0.1921286666666667,0.18939817272727266,0.0027304939393940353,6.333333333333333,6.745454545454545,-0.4121212121212121,2025-08-02 20:58:00+00:00,Oracle Elixir prior completed games
Blaber,2025-08-09 20:06:58+00:00,94,0.7692623716153127,0.7598510525690516,0.009411319046261135,0.149203,0.1633548744680851,-0.014151874468085107,0.204368,0.18937179787234043,0.014996202127659564,14.333333333333334,7.776595744680851,6.556737588652483,2025-08-03 21:00:31+00:00,Oracle Elixir prior completed games
Saint,2025-08-09 20:06:58+00:00,27,0.6365231259968102,0.679419606106626,-0.04289648010981584,0.26691899999999996,0.2763987407407407,-0.00947974074074076,0.214606,0.2528533333333333,-0.03824733333333333,1.6666666666666667,-0.2962962962962963,1.962962962962963,2025-08-02 23:32:14+00:00,Oracle Elixir prior completed games
Quid,2025-08-09 20:06:58+00:00,97,0.49907407407407406,0.6879119698784405,-0.18883789580436644,0.32489733333333337,0.28523478350515463,0.03966254982817874,0.254978,0.2600971443298969,-0.0051191443298969075,5.666666666666667,2.9278350515463916,2.7388316151202754,2025-08-02 20:58:00+00:00,Oracle Elixir prior completed games
Thanatos,2025-08-09 20:06:58+00:00,71,0.5555929038281979,0.5475525774971768,0.008040326331021141,0.196665,0.21480375070422536,-0.018138750704225354,0.20945999999999998,0.2171497042253521,-0.0076897042253521175,18.666666666666668,9.225352112676056,9.441314553990612,2025-08-03 21:00:31+00:00,Oracle Elixir prior completed games
Photon,2025-08-09 20:06:58+00:00,4,0.6343656343656344,0.6216075591075592,0.012758075258075263,0.25147499999999995,0.251924,-0.0004490000000000327,0.225406,0.22458650000000002,0.000819499999999973,-1.0,-2.0,1.0,2025-08-03 21:00:31+00:00,Oracle Elixir prior completed games
Massu,2025-08-16 20:06:27+00:00,112,0.7831057831057832,0.6896269780158456,0.09347880508993756,0.23790033333333335,0.26137270267857143,-0.02347236934523808,0.2608203333333334,0.2447703660714286,0.016049967261904774,9.0,-2.125,11.125,2025-08-09 23:25:54+00:00,Oracle Elixir prior completed games
Zven,2025-08-16 20:06:27+00:00,79,0.7623015873015873,0.7245000876211951,0.03780149968039215,0.28600733333333334,0.287549582278481,-0.0015422489451476507,0.24795699999999998,0.2515289113924051,-0.0035719113924050916,-8.666666666666666,0.9873417721518988,-9.654008438818565,2025-08-10 20:59:02+00:00,Oracle Elixir prior completed games
APA,2025-08-16 20:06:27+00:00,112,0.75,0.6728746643545408,0.0771253356454592,0.2899003333333333,0.29153654464285716,-0.0016362113095238495,0.243263,0.25254666964285716,-0.00928366964285715,0.0,-0.24107142857142858,0.24107142857142858,2025-08-10 20:59:02+00:00,Oracle Elixir prior completed games
Loki,2025-08-16 20:06:27+00:00,49,0.6055555555555555,0.6795283969368638,-0.07397284138130833,0.22782100000000002,0.2591041836734693,-0.0312831836734693,0.21708533333333335,0.23502075510204082,-0.017935421768707466,1.3333333333333333,1.469387755102041,-0.13605442176870763,2025-08-10 20:59:02+00:00,Oracle Elixir prior completed games
Busio,2025-08-16 20:06:27+00:00,112,0.8677433677433677,0.7380403324440847,0.12970303529928295,0.08367236666666666,0.08533309017857142,-0.0016607235119047575,0.10287996666666666,0.10184027321428571,0.0010396934523809465,7.0,0.125,6.875,2025-08-09 23:25:54+00:00,Oracle Elixir prior completed games
Vulcan,2025-08-16 20:06:27+00:00,96,0.8015873015873015,0.7731906431942528,0.028396658393048724,0.08474419999999999,0.074546609375,0.010197590624999989,0.115344,0.10171863437499999,0.01362536562500001,0.3333333333333333,1.9479166666666667,-1.6145833333333335,2025-08-10 20:59:02+00:00,Oracle Elixir prior completed games
Fudge,2025-08-16 20:06:27+00:00,69,0.6619047619047619,0.611839649359816,0.05006511254494583,0.19430066666666668,0.21851484057971016,-0.02421417391304348,0.22069833333333333,0.227801884057971,-0.0071035507246376695,8.333333333333334,0.3188405797101449,8.01449275362319,2025-08-09 21:49:24+00:00,Oracle Elixir prior completed games
Bwipo,2025-08-16 20:06:27+00:00,111,0.6923631923631923,0.5980276084269335,0.09433558393625885,0.24904099999999998,0.22328187297297297,0.025759127027027012,0.20434033333333335,0.22203057657657657,-0.017690243243243226,6.666666666666667,5.09009009009009,1.576576576576577,2025-08-09 23:25:54+00:00,Oracle Elixir prior completed games
FBI,2025-08-23 20:06:29+00:00,84,0.7318518518518519,0.6975857271313358,0.034266124720516045,0.2839783333333334,0.2865294404761905,-0.002551107142857112,0.25691933333333333,0.24581194047619043,0.011107392857142906,2.6666666666666665,-3.761904761904762,6.428571428571429,2025-08-09 21:49:24+00:00,Oracle Elixir prior completed games
Tomo,2025-08-23 20:06:29+00:00,76,0.7085769980506823,0.6697047640016518,0.03887223404903051,0.265561,0.2929800263157895,-0.02741902631578952,0.2536133333333333,0.2546378026315789,-0.0010244692982456227,-0.6666666666666666,2.039473684210526,-2.7061403508771926,2025-08-10 23:30:53+00:00,Oracle Elixir prior completed games
River,2025-08-23 20:06:29+00:00,100,0.6237037037037038,0.7237520284458774,-0.10004832474217362,0.15745966666666666,0.17600470099999999,-0.01854503433333332,0.1968633333333333,0.18972183999999995,0.00714149333333336,4.666666666666667,0.79,3.876666666666667,2025-08-09 21:49:24+00:00,Oracle Elixir prior completed games
Sheiden,2025-08-23 20:06:29+00:00,33,0.8011695906432749,0.7201840152703275,0.08098557537294737,0.12294666666666666,0.13968859696969696,-0.016741930303030297,0.18115766666666666,0.1973421212121212,-0.01618445454545453,-8.0,-1.8181818181818181,-6.181818181818182,2025-08-10 23:30:53+00:00,Oracle Elixir prior completed games
Saint,2025-08-23 20:06:29+00:00,29,0.7797979797979798,0.6865860700532955,0.0932119097446843,0.3674013333333333,0.28319151724137936,0.08420981609195394,0.27688133333333337,0.25561172413793104,0.021269609195402328,6.666666666666667,0.10344827586206896,6.563218390804598,2025-08-09 23:25:54+00:00,Oracle Elixir prior completed games
Quid,2025-08-23 20:06:29+00:00,100,0.7274074074074074,0.6890968330043096,0.03831057440309782,0.29022533333333334,0.2853845,0.00484083333333335,0.2554146666666667,0.25995667000000006,-0.004542003333333378,9.0,3.11,5.890000000000001,2025-08-09 21:49:24+00:00,Oracle Elixir prior completed games
huhi,2025-08-23 20:06:29+00:00,72,0.9206349206349206,0.754866325587486,0.16576859504743457,0.0594606,0.07928272916666668,-0.019822129166666674,0.09057396666666666,0.10554548055555554,-0.014971513888888885,1.6666666666666667,9.333333333333334,-7.666666666666667,2025-08-10 23:30:53+00:00,Oracle Elixir prior completed games
Isles,2025-08-23 20:06:29+00:00,83,0.8557504873294347,0.7616305603858372,0.0941199269435975,0.13287766666666667,0.08391754578313253,0.048960120883534144,0.10380459999999998,0.10168627108433737,0.002118328915662618,-1.6666666666666667,-2.963855421686747,1.2971887550200802,2025-08-10 23:30:53+00:00,Oracle Elixir prior completed games
Photon,2025-08-23 20:06:29+00:00,7,0.5467836257309941,0.5895401590890313,-0.042756533358037196,0.17223933333333333,0.21777342857142856,-0.045534095238095235,0.21700133333333335,0.22133571428571427,-0.004334380952380923,8.666666666666666,2.5714285714285716,6.095238095238095,2025-08-10 23:30:53+00:00,Oracle Elixir prior completed games
Castle,2025-08-23 20:06:29+00:00,57,0.4878306878306879,0.5744391269627541,-0.08660843913206623,0.20417266666666667,0.2228629649122807,-0.018690298245614023,0.19864633333333334,0.21797463157894734,-0.019328298245613995,-8.666666666666666,-1.1929824561403508,-7.473684210526315,2025-08-10 23:30:53+00:00,Oracle Elixir prior completed games
River,2025-08-29 20:06:10+00:00,104,0.8108465608465609,0.724914190965969,0.08593236988059194,0.19089566666666666,0.17609062596153846,0.014805040705128197,0.20719266666666666,0.19016707692307697,0.017025589743589697,0.0,0.6923076923076923,-0.6923076923076923,2025-08-24 22:42:54+00:00,Oracle Elixir prior completed games
Inspired,2025-08-29 20:06:10+00:00,115,0.6554206027890238,0.7122382802070458,-0.05681767741802202,0.15508666666666668,0.15461259304347827,0.00047407362318840907,0.20042766666666667,0.19015631304347827,0.0102713536231884,24.0,7.434782608695652,16.565217391304348,2025-08-17 22:02:15+00:00,Oracle Elixir prior completed games
Quid,2025-08-29 20:06:10+00:00,104,0.7632275132275131,0.6926221074369887,0.07060540579052443,0.21851300000000004,0.28303577884615383,-0.06452277884615379,0.22719766666666671,0.25886927884615385,-0.031671612179487135,3.0,3.0384615384615383,-0.038461538461538325,2025-08-24 22:42:54+00:00,Oracle Elixir prior completed games
Loki,2025-08-29 20:06:10+00:00,54,0.7393939393939394,0.6813490934419616,0.058044845951977786,0.192226,0.25648125925925924,-0.06425525925925923,0.220036,0.23437705555555557,-0.014341055555555565,-6.666666666666667,1.0185185185185186,-7.685185185185185,2025-08-16 23:50:45+00:00,Oracle Elixir prior completed games
Eyla,2025-08-29 20:06:10+00:00,104,0.8373015873015873,0.7292064876601725,0.10809509964141484,0.0793888,0.07312156057692307,0.0062672394230769285,0.09709580000000001,0.10424260384615384,-0.007146803846153835,-3.0,6.086538461538462,-9.086538461538462,2025-08-24 22:42:54+00:00,Oracle Elixir prior completed games
CoreJJ,2025-08-29 20:06:10+00:00,115,0.3838383838383838,0.7419404379155671,-0.35810205407718326,0.05591316666666666,0.07493121826086957,-0.01901805159420291,0.08810233333333334,0.10563875304347825,-0.017536419710144913,-3.0,-4.947826086956522,1.947826086956522,2025-08-17 22:02:15+00:00,Oracle Elixir prior completed games
Bwipo,2025-08-29 20:06:10+00:00,114,0.5831084120557805,0.5976349979961137,-0.014526585940333292,0.24108300000000002,0.22375032368421055,0.01733267631578947,0.19442933333333334,0.22130422807017544,-0.026874894736842098,-4.0,4.850877192982456,-8.850877192982455,2025-08-17 22:02:15+00:00,Oracle Elixir prior completed games
Fudge,2025-08-29 20:06:10+00:00,74,0.6474358974358975,0.6178276148396622,0.02960828259623527,0.23538166666666668,0.2184177162162162,0.016963950450450488,0.2262843333333333,0.22724197297297294,-0.0009576396396396292,-19.0,-0.918918918918919,-18.08108108108108,2025-08-16 23:50:45+00:00,Oracle Elixir prior completed games
Massu,2025-09-05 20:05:46+00:00,119,0.6700336700336701,0.6873888001448861,-0.017355130111216033,0.2573203333333333,0.2605806697478991,-0.003260336414565801,0.25697766666666666,0.2457163193277311,0.011261347338935551,-15.666666666666666,-2.1596638655462184,-13.507002801120448,2025-08-31 22:54:06+00:00,Oracle Elixir prior completed games
Zven,2025-09-05 20:05:46+00:00,89,0.5861204013377926,0.7209032639619121,-0.13478286262411943,0.2932996666666667,0.2889316853932584,0.004367981273408261,0.24183133333333331,0.25145679775280894,-0.009625464419475621,-8.333333333333334,0.6966292134831461,-9.02996254681648,2025-08-29 23:27:33+00:00,Oracle Elixir prior completed games
Blaber,2025-09-05 20:05:46+00:00,106,0.5462653288740246,0.7457448787982122,-0.1994795499241876,0.14207066666666668,0.16190811037735853,-0.01983744371069185,0.18062566666666668,0.19013593396226414,-0.009510267295597452,0.6666666666666666,8.037735849056604,-7.371069182389937,2025-08-29 23:27:33+00:00,Oracle Elixir prior completed games
Inspired,2025-09-05 20:05:46+00:00,119,0.5521885521885522,0.7086823415933337,-0.15649378940478142,0.16214,0.15440865714285715,0.007731342857142859,0.21923166666666663,0.19071533613445377,0.028516330532212864,-2.0,7.176470588235294,-9.176470588235293,2025-08-31 22:54:06+00:00,Oracle Elixir prior completed games
Bwipo,2025-09-05 20:05:46+00:00,117,0.7160062160062161,0.6006701574322701,0.11533605857394591,0.23953966666666668,0.22415517863247864,0.015384488034188043,0.21012666666666668,0.22101762393162394,-0.010890957264957257,-1.0,4.700854700854701,-5.700854700854701,2025-08-31 22:54:06+00:00,Oracle Elixir prior completed games
Fudge,2025-09-05 20:05:46+00:00,78,0.325,0.6018492756171154,-0.2768492756171154,0.23715966666666666,0.21880683333333328,0.018352833333333374,0.22275866666666666,0.22650225641025637,-0.003743589743589709,0.3333333333333333,-0.9358974358974359,1.2692307692307692,2025-08-31 22:54:06+00:00,Oracle Elixir prior completed games
TitaN,2025-09-13 20:14:47+00:00,59,0.7473544973544973,0.7159661748904719,0.03138832246402545,0.302144,0.2914712203389831,0.010672779661016929,0.2745323333333333,0.27409630508474575,0.00043602824858757216,12.666666666666666,4.576271186440678,8.090395480225988,2025-09-06 18:07:07+00:00,Oracle Elixir prior completed games
Rabelo,2025-09-13 20:14:47+00:00,27,0.5968253968253968,0.6897273842353935,-0.09290198740999667,0.24763666666666664,0.2630548888888889,-0.01541822222222225,0.2597336666666667,0.2566332962962963,0.00310037037037042,-5.0,-1.5555555555555556,-3.4444444444444446,2025-09-07 17:54:49+00:00,Oracle Elixir prior completed games
River,2025-09-13 20:14:47+00:00,119,0.8425925925925926,0.7290418543106006,0.11355073828199191,0.19492833333333334,0.17422899831932775,0.020699335014005588,0.21177100000000001,0.19100090756302515,0.020770092436974863,-3.6666666666666665,0.5462184873949579,-4.212885154061625,2025-09-07 22:50:47+00:00,Oracle Elixir prior completed games
CarioK,2025-09-13 20:14:47+00:00,59,0.7552910052910052,0.7613114183126571,-0.006020413021651905,0.15094366666666667,0.15380072542372883,-0.0028570587570621586,0.173717,0.1878718474576271,-0.014154847457627101,5.666666666666667,-0.8813559322033898,6.548022598870057,2025-09-06 18:07:07+00:00,Oracle Elixir prior completed games
Massu,2025-09-20 20:12:24+00:00,123,0.7005291005291006,0.6881113546674138,0.012417745861686758,0.30873899999999993,0.26179800569105693,0.046940994308942996,0.25485833333333335,0.24616256097560973,0.008695772357723619,-18.333333333333332,-2.6178861788617884,-15.715447154471544,2025-09-07 22:50:47+00:00,Oracle Elixir prior completed games
Morttheus,2025-09-20 20:12:24+00:00,51,0.6822796934865899,0.7012875645766143,-0.019007871090024442,0.2785476666666667,0.28403386274509806,-0.005486196078431371,0.2527373333333333,0.26021700000000003,-0.007479666666666718,5.0,1.4313725490196079,3.568627450980392,2025-09-07 17:54:49+00:00,Oracle Elixir prior completed games
Busio,2025-09-20 20:12:24+00:00,123,0.7770723104056437,0.7435293574750936,0.033542952930550096,0.06724126666666666,0.0837239780487805,-0.016482711382113838,0.08907286666666665,0.10123252276422763,-0.012159656097560978,2.6666666666666665,0.18699186991869918,2.4796747967479673,2025-09-07 22:50:47+00:00,Oracle Elixir prior completed games
frosty,2025-09-20 20:12:24+00:00,60,0.7827380952380952,0.7722304389198992,0.010507656318196057,0.10372633333333332,0.08716299,0.016563343333333327,0.12186266666666667,0.10398564833333332,0.017877018333333355,5.666666666666667,2.716666666666667,2.95,2025-09-14 23:42:24+00:00,Oracle Elixir prior completed games
Gakgos,2025-09-20 20:12:24+00:00,2,0.4772727272727273,0.4772727272727273,0.0,0.2274005,0.2274005,0.0,0.1921465,0.1921465,0.0,12.0,12.0,0.0,2025-08-31 20:58:43+00:00,Oracle Elixir prior completed games
fNb,2025-09-20 20:12:24+00:00,60,0.6101190476190476,0.5629264015387654,0.047192646080282175,0.208203,0.23733314666666672,-0.029130146666666717,0.21893833333333332,0.22521651666666667,-0.006278183333333354,8.666666666666666,-2.6166666666666667,11.283333333333333,2025-09-14 23:42:24+00:00,Oracle Elixir prior completed games
River,2025-09-27 20:15:13+00:00,125,0.6255973715651135,0.7281421822212544,-0.10254481065614085,0.132876,0.1734107744,-0.0405347744,0.18200566666666665,0.19125907200000003,-0.009253405333333381,-3.0,0.584,-3.584,2025-09-21 21:53:03+00:00,Oracle Elixir prior completed games
Inspired,2025-09-27 20:15:13+00:00,126,0.6416666666666666,0.7065640100045916,-0.06489734333792496,0.11157353333333335,0.15304684761904758,-0.04147331428571423,0.1954503333333333,0.19136372222222223,0.0040866111111110826,15.0,7.246031746031746,7.753968253968254,2025-09-20 21:56:51+00:00,Oracle Elixir prior completed games
Mireu,2025-09-27 20:15:13+00:00,59,0.6857142857142857,0.6766436372898241,0.009070648424461591,0.23413833333333334,0.2751254915254237,-0.04098715819209037,0.23038666666666666,0.23421588135593224,-0.0038292146892655865,-2.0,7.203389830508475,-9.203389830508474,2025-09-20 21:56:51+00:00,Oracle Elixir prior completed games
Quid,2025-09-27 20:15:13+00:00,125,0.7519414575866189,0.7016852500348992,0.05025620755171967,0.27125566666666673,0.27985782400000003,-0.008602157333333305,0.26892733333333335,0.2572978,0.01162953333333333,4.666666666666667,3.696,0.9706666666666668,2025-09-21 21:53:03+00:00,Oracle Elixir prior completed games
DARKWINGS,2026-02-14 21:11:50+00:00,36,0.6913154533844189,0.6680388208867294,0.02327663249768952,0.22085633333333332,0.2701556111111111,-0.04929927777777776,0.22236233333333333,0.2215489444444444,0.0008133888888889329,-10.0,0.9722222222222222,-10.972222222222221,2026-02-07 23:13:38+00:00,Oracle Elixir prior completed games
APA,2026-02-14 21:11:50+00:00,125,0.5443376068376068,0.6702459309013741,-0.12590832406376729,0.252175,0.2905990799999999,-0.038424079999999916,0.2326526666666667,0.250389456,-0.017736789333333308,3.3333333333333335,-0.616,3.9493333333333336,2026-02-09 00:51:15+00:00,Oracle Elixir prior completed games
Vulcan,2026-02-14 21:11:50+00:00,118,0.6196581196581196,0.7616968505510207,-0.1420387308929011,0.06705253333333333,0.07534907203389832,-0.008296538700564987,0.09054826666666667,0.10032697288135595,-0.009778706214689278,-2.6666666666666665,1.8644067796610169,-4.531073446327683,2026-02-09 00:51:15+00:00,Oracle Elixir prior completed games
Lyonz,2026-02-14 21:11:50+00:00,42,0.8277777777777778,0.7741792365038097,0.053598541273968126,0.09401733333333334,0.08036225476190476,0.013655078571428586,0.10258513333333334,0.09762146428571426,0.004963669047619079,-3.0,-0.8333333333333334,-2.1666666666666665,2026-02-08 01:49:13+00:00,Oracle Elixir prior completed games
Castle,2026-02-14 21:11:50+00:00,86,0.5499999999999999,0.5797873787808744,-0.02978737878087445,0.22395,0.22632676744186048,-0.0023767674418604667,0.19290033333333334,0.21530253488372086,-0.022402201550387524,15.333333333333334,0.813953488372093,14.519379844961241,2026-02-08 01:49:13+00:00,Oracle Elixir prior completed games
Impact,2026-02-14 21:11:50+00:00,126,0.49987228607918266,0.5689179842616809,-0.06904569818249828,0.185192,0.2089177658730159,-0.02372576587301589,0.18628299999999998,0.2033051825396825,-0.017022182539682518,-34.666666666666664,0.7936507936507936,-35.460317460317455,2026-02-07 23:13:38+00:00,Oracle Elixir prior completed games
Berserker,2026-05-02 20:10:20+00:00,79,0.7390937236138475,0.7165684964349631,0.02252522717888439,0.3007566666666666,0.2808154202531646,0.019941246413502034,0.28588300000000005,0.2625830126582278,0.023299987341772244,16.333333333333332,3.5949367088607596,12.738396624472573,2026-04-26 21:06:20+00:00,Oracle Elixir prior completed games
Zven,2026-05-02 20:10:20+00:00,121,0.7116402116402116,0.7076104103011804,0.0040298013390311915,0.28107233333333337,0.29145580991735537,-0.010383476584022,0.261772,0.257288652892562,0.004483347107438029,-9.333333333333334,0.34710743801652894,-9.680440771349863,2026-04-25 23:00:25+00:00,Oracle Elixir prior completed games
Blaber,2026-05-02 20:10:20+00:00,138,0.8201058201058201,0.7408881306477921,0.07921768945802798,0.22113366666666667,0.16235534565217388,0.05877832101449279,0.2230103333333333,0.1933968043478261,0.029613528985507204,19.666666666666668,6.449275362318841,13.217391304347828,2026-04-25 23:00:25+00:00,Oracle Elixir prior completed games
Inspired,2026-05-02 20:10:20+00:00,162,0.6297025987428464,0.699577575494181,-0.06987497675133458,0.155205,0.1509505962962963,0.004254403703703696,0.20617300000000002,0.19399283333333334,0.012180166666666686,8.0,7.191358024691358,0.8086419753086416,2026-04-26 21:06:20+00:00,Oracle Elixir prior completed games
CoreJJ,2026-05-02 20:10:20+00:00,144,0.7573352573352574,0.7448036160695161,0.012531641265741356,0.06931473333333334,0.07617962430555555,-0.006864890972222218,0.11091196666666665,0.10538902013888889,0.005522946527777767,-7.333333333333333,-4.715277777777778,-2.6180555555555554,2026-04-26 23:48:02+00:00,Oracle Elixir prior completed games
Vulcan,2026-05-02 20:10:20+00:00,138,0.9021164021164022,0.7667418010659505,0.13537460105045174,0.08907076666666668,0.07815911014492753,0.010911656521739144,0.11913699999999999,0.10142864927536233,0.017708350724637667,4.333333333333333,1.789855072463768,2.543478260869565,2026-04-25 23:00:25+00:00,Oracle Elixir prior completed games
Dhokla,2026-05-02 20:10:20+00:00,108,0.5491603339900554,0.5374588338238742,0.011701500166181211,0.20487633333333333,0.21767635370370375,-0.012800020370370424,0.18175266666666667,0.20588355555555554,-0.02413088888888887,-14.666666666666666,-3.611111111111111,-11.055555555555555,2026-04-26 21:06:20+00:00,Oracle Elixir prior completed games
Thanatos,2026-05-02 20:10:20+00:00,115,0.5079365079365079,0.5530583373376375,-0.04512182940112963,0.1964253333333333,0.21323419304347827,-0.016808859710144952,0.21223466666666665,0.21310880869565216,-0.0008741420289855029,18.0,10.660869565217391,7.339130434782609,2026-04-25 23:00:25+00:00,Oracle Elixir prior completed games
Zven,2026-01-24 21:24:34+00:00,94,0.8825396825396825,0.7214278800037601,0.1611118025359224,0.34335766666666667,0.2901855638297873,0.0531721028368794,0.24051266666666662,0.2511885212765957,-0.010675854609929064,-0.3333333333333333,0.6702127659574468,-1.00354609929078,2025-09-05 23:36:21+00:00,Oracle Elixir prior completed games
APA,2026-01-24 21:24:34+00:00,118,0.5793650793650794,0.6690126439765944,-0.08964756461151502,0.32881099999999996,0.2931774237288136,0.03563357627118635,0.221486,0.2518818728813559,-0.030395872881355895,-15.333333333333334,-0.8389830508474576,-14.494350282485875,2025-08-30 22:02:02+00:00,Oracle Elixir prior completed games
Quad,2026-01-24 21:24:34+00:00,104,0.587037037037037,0.6831775182047515,-0.09614048116771445,0.25753333333333334,0.27846840384615384,-0.02093507051282051,0.22045700000000001,0.23715216346153845,-0.01669516346153843,6.666666666666667,2.326923076923077,4.339743589743589,2025-09-28 22:54:04+00:00,Oracle Elixir prior completed games
Isles,2026-01-24 21:24:34+00:00,87,0.670995670995671,0.7589462474139254,-0.08795057641825432,0.061057433333333334,0.08328580574712645,-0.022228372413793114,0.08664803333333333,0.10098780689655174,-0.014339773563218403,2.0,-2.7586206896551726,4.758620689655173,2025-08-23 22:39:00+00:00,Oracle Elixir prior completed games
Vulcan,2026-01-24 21:24:34+00:00,111,0.834920634920635,0.7630811258312789,0.0718395090893561,0.06418436666666667,0.07561129729729729,-0.011426930630630619,0.09412340000000001,0.10040051621621622,-0.006277116216216211,-1.6666666666666667,2.0,-3.666666666666667,2025-09-05 23:36:21+00:00,Oracle Elixir prior completed games
Gakgos,2026-01-24 21:24:34+00:00,5,0.7222222222222223,0.6242424242424243,0.09797979797979806,0.228263,0.227918,0.0003449999999999842,0.23530366666666666,0.21804079999999998,0.017262866666666682,23.0,18.6,4.399999999999999,2025-09-20 21:56:51+00:00,Oracle Elixir prior completed games
Impact,2026-01-24 21:24:34+00:00,118,0.7182539682539683,0.5641719381099471,0.1540820301440211,0.23434600000000003,0.208336156779661,0.02600984322033903,0.24577066666666667,0.2040641016949152,0.04170656497175146,-5.0,1.5508474576271187,-6.5508474576271185,2025-08-30 22:02:02+00:00,Oracle Elixir prior completed games
Zven,2026-01-31 21:07:01+00:00,96,0.7144785039521881,0.7212851095617113,-0.006806605609523175,0.31013399999999997,0.2908200833333333,0.019313916666666653,0.23111233333333334,0.2512413854166667,-0.02012905208333335,1.6666666666666667,0.84375,0.8229166666666667,2026-01-24 22:19:00+00:00,Oracle Elixir prior completed games
Massu,2026-01-31 21:07:01+00:00,132,0.5212121212121211,0.6858498556132171,-0.16463773440109597,0.25232933333333335,0.2628492931818182,-0.010519959848484861,0.280865,0.2468988257575757,0.03396617424242426,12.666666666666666,-1.9015151515151516,14.568181818181818,2026-01-25 22:12:03+00:00,Oracle Elixir prior completed games
HamBak,2026-01-31 21:07:01+00:00,3,0.7207792207792209,0.7207792207792209,0.0,0.13581866666666667,0.13581866666666667,0.0,0.20093033333333335,0.20093033333333335,0.0,4.333333333333333,4.333333333333333,0.0,2026-01-25 01:17:06+00:00,Oracle Elixir prior completed games
Blaber,2026-01-31 21:07:01+00:00,113,0.8403701561596298,0.7497308973190023,0.09063925884062751,0.152479,0.16227239557522125,-0.009793395575221242,0.215645,0.19134969911504426,0.02429530088495574,12.0,7.9734513274336285,4.0265486725663715,2026-01-24 22:19:00+00:00,Oracle Elixir prior completed games
DARKWINGS,2026-01-31 21:07:01+00:00,31,0.6082251082251082,0.6596023681932653,-0.05137725996815712,0.27742466666666665,0.2748704193548387,0.002554247311827962,0.20942433333333335,0.22215632258064513,-0.012731989247311781,1.6666666666666667,2.3548387096774195,-0.6881720430107527,2026-01-25 01:17:06+00:00,Oracle Elixir prior completed games
Quid,2026-01-31 21:07:01+00:00,131,0.8627450980392157,0.7081601299127139,0.1545849681265018,0.2660396666666667,0.278577427480916,-0.012537760814249344,0.26610333333333336,0.2573729847328244,0.008730348600508975,-9.333333333333334,3.366412213740458,-12.699745547073793,2026-01-24 22:19:00+00:00,Oracle Elixir prior completed games
Cryogen,2026-01-31 21:07:01+00:00,2,0.7454545454545455,0.7454545454545455,0.0,0.07619155,0.07619155,0.0,0.10835449999999999,0.10835449999999999,0.0,4.0,4.0,0.0,2026-01-25 22:12:03+00:00,Oracle Elixir prior completed games
Vulcan,2026-01-31 21:07:01+00:00,113,0.7437825332562175,0.7642753827658996,-0.02049284950968211,0.06689186666666667,0.07555297522123895,-0.008661108554572278,0.10557713333333334,0.10057309115044248,0.0050040421828908555,0.3333333333333333,1.9646017699115044,-1.631268436578171,2026-01-24 22:19:00+00:00,Oracle Elixir prior completed games
Bvoy,2026-04-04 20:17:46+00:00,97,0.6894586894586894,0.673085588646448,0.016373100812241415,0.3242683333333333,0.2888460824742268,0.03542225085910655,0.26329933333333333,0.26090844329896906,0.002390890034364268,-2.3333333333333335,1.7835051546391754,-4.116838487972509,2026-02-08 22:13:29+00:00,Oracle Elixir prior completed games
FBI,2026-04-04 20:17:46+00:00,118,0.8925925925925925,0.6990918647980213,0.19350072779457117,0.3577186666666667,0.28795588135593214,0.06976278531073454,0.332387,0.2500271610169491,0.08235983898305088,1.0,-1.6864406779661016,2.6864406779661016,2026-02-09 01:41:45+00:00,Oracle Elixir prior completed games
Contractz,2026-04-04 20:17:46+00:00,113,0.4245014245014245,0.7151749068677019,-0.29067348236627744,0.142158,0.16710180442477876,-0.024943804424778754,0.19050033333333335,0.1882070442477876,0.002293289085545741,-5.333333333333333,-3.7964601769911503,-1.5368731563421827,2026-02-08 22:13:29+00:00,Oracle Elixir prior completed games
HamBak,2026-04-04 20:17:46+00:00,20,0.7044733044733045,0.7513656954559859,-0.04689239098268139,0.128058,0.15225609999999998,-0.024198099999999972,0.21117433333333335,0.2024113,0.008763033333333364,0.6666666666666666,2.75,-2.0833333333333335,2026-03-01 00:00:08+00:00,Oracle Elixir prior completed games
Ceos,2026-04-04 20:17:46+00:00,62,0.6894586894586894,0.7052836391376615,-0.015824949678972078,0.08029390000000002,0.06765425161290323,0.012639648387096789,0.0991887,0.08940545322580645,0.009783246774193552,5.666666666666667,-0.6935483870967742,6.360215053763441,2026-02-08 22:13:29+00:00,Oracle Elixir prior completed games
CoreJJ,2026-04-04 20:17:46+00:00,133,0.6235294117647059,0.7413105599257406,-0.11778114816103469,0.0912908,0.07640825037593985,0.01488254962406016,0.1019061,0.10508865639097743,-0.003182556390977434,-5.333333333333333,-4.864661654135339,-0.46867167919799435,2026-02-27 23:47:08+00:00,Oracle Elixir prior completed games
Thanatos,2026-04-04 20:17:46+00:00,105,0.7666666666666666,0.5559524389237532,0.21071422774291337,0.21511433333333332,0.21048683999999998,0.0046274933333333435,0.19163300000000003,0.21308824761904763,-0.0214552476190476,16.0,10.304761904761905,5.6952380952380945,2026-03-02 00:22:41+00:00,Oracle Elixir prior completed games
Fudge,2026-04-04 20:17:46+00:00,92,0.39886039886039887,0.6018518796115698,-0.20299148075117096,0.23824599999999999,0.22085116304347827,0.01739483695652172,0.23121633333333333,0.2271888913043478,0.004027442028985528,1.3333333333333333,-0.8152173913043478,2.148550724637681,2026-02-08 22:13:29+00:00,Oracle Elixir prior completed games
Blaber,2026-04-18 20:07:45+00:00,134,0.7657244716068247,0.7404613266047375,0.02526314500208715,0.163275,0.16026615447761192,0.0030088455223880872,0.194779,0.19253669402985074,0.0022423059701492665,5.666666666666667,6.276119402985074,-0.6094527363184072,2026-04-12 23:30:01+00:00,Oracle Elixir prior completed games
Inspired,2026-04-18 20:07:45+00:00,158,0.6121212121212122,0.7007609950101679,-0.08863978288895569,0.12586523333333333,0.1509088582278481,-0.025043624894514782,0.20341733333333334,0.19371658227848101,0.009700751054852325,15.0,7.227848101265823,7.772151898734177,2026-04-11 23:40:13+00:00,Oracle Elixir prior completed games
Saint,2026-04-18 20:07:45+00:00,61,0.591919191919192,0.6752831463746045,-0.08336395445541256,0.21608400000000003,0.2611645573770492,-0.04508055737704916,0.20218766666666665,0.23824036065573773,-0.03605269398907107,-1.0,0.29508196721311475,-1.2950819672131146,2026-04-11 23:40:13+00:00,Oracle Elixir prior completed games
Quid,2026-04-18 20:07:45+00:00,149,0.6253092006033182,0.7007926440290837,-0.07548344342576552,0.26165,0.2747099731543624,-0.013059973154362414,0.22843633333333332,0.25288083221476515,-0.024444498881431825,-15.666666666666666,2.8053691275167787,-18.472035794183444,2026-04-11 20:55:34+00:00,Oracle Elixir prior completed games
Impact,2026-04-18 20:07:45+00:00,144,0.5909090909090908,0.562194182555224,0.028714908353866808,0.31981166666666666,0.21345889930555556,0.1063527673611111,0.21239733333333333,0.20233239583333332,0.01006493750000001,-17.0,-0.9444444444444444,-16.055555555555557,2026-04-12 23:30:01+00:00,Oracle Elixir prior completed games
Gakgos,2026-04-18 20:07:45+00:00,24,0.5607629085889956,0.5193397874504013,0.041423121138594254,0.2153516666666667,0.2343056166666667,-0.018953949999999997,0.203283,0.20707462499999998,-0.003791624999999993,1.0,-1.1666666666666667,2.166666666666667,2026-04-12 21:00:02+00:00,Oracle Elixir prior completed games
Quad,2026-04-25 20:09:02+00:00,126,0.8592592592592593,0.6850104253561488,0.17424883390311052,0.29869833333333334,0.2739525158730159,0.024745817460317454,0.211476,0.23284203174603169,-0.02136603174603169,3.3333333333333335,1.7380952380952381,1.5952380952380953,2026-04-18 23:15:41+00:00,Oracle Elixir prior completed games
Quid,2026-04-25 20:09:02+00:00,152,0.6458333333333334,0.6997079207916675,-0.05387458745833418,0.23314166666666666,0.2738895460526316,-0.04074787938596494,0.200187,0.2518408223684211,-0.05165382236842109,-0.3333333333333333,2.7434210526315788,-3.0767543859649122,2026-04-19 23:52:55+00:00,Oracle Elixir prior completed games
Thanatos,2026-04-25 20:09:02+00:00,113,0.43777777777777777,0.5523051273751294,-0.11452734959735161,0.1911223333333333,0.2130053557522124,-0.0218830224188791,0.19827566666666666,0.21283386725663717,-0.01455820058997051,6.0,10.52212389380531,-4.522123893805309,2026-04-18 20:49:34+00:00,Oracle Elixir prior completed games
Gakgos,2026-04-25 20:09:02+00:00,27,0.4148148148148148,0.5077259016020028,-0.09291108678718801,0.18740633333333334,0.2290945851851852,-0.04168825185185185,0.17510966666666664,0.20352296296296296,-0.028413296296296325,5.0,-0.48148148148148145,5.481481481481482,2026-04-18 23:15:41+00:00,Oracle Elixir prior completed games
FBI,2026-02-07 21:11:32+00:00,115,0.38235294117647056,0.6940440197251195,-0.31169107854864897,0.27432033333333333,0.2861359826086956,-0.011815649275362272,0.2773393333333333,0.24787864347826086,0.02946068985507247,-2.3333333333333335,-1.7565217391304349,-0.5768115942028986,2026-02-01 00:06:03+00:00,Oracle Elixir prior completed games
Berserker,2026-02-07 21:11:32+00:00,51,0.6490698843640019,0.7388479859008195,-0.08977810153681753,0.34486799999999995,0.27273239607843136,0.07213560392156859,0.3125153333333333,0.252869431372549,0.05964590196078429,18.0,0.5294117647058824,17.470588235294116,2026-01-31 22:10:44+00:00,Oracle Elixir prior completed games
eXyu,2026-02-07 21:11:32+00:00,70,0.5347222222222222,0.7076933075028136,-0.17297108528059135,0.12059533333333333,0.1357851342857143,-0.015189800952380955,0.188567,0.17906497142857145,0.009502028571428567,-16.666666666666668,-4.285714285714286,-12.380952380952383,2026-02-01 00:06:03+00:00,Oracle Elixir prior completed games
Inspired,2026-02-07 21:11:32+00:00,134,0.7335344394167923,0.7044855253111524,0.029048914105639922,0.1831843333333333,0.15345893134328362,0.029725401990049694,0.19540666666666665,0.1917882537313433,0.003618412935323334,14.0,7.335820895522388,6.664179104477612,2026-01-31 22:10:44+00:00,Oracle Elixir prior completed games
APA,2026-02-07 21:11:32+00:00,122,0.7860275689223056,0.6733420372308109,0.11268553169149476,0.2386156666666667,0.29154393442622945,-0.05292826775956275,0.22117466666666666,0.25082560655737707,-0.02965093989071041,-2.0,-0.7131147540983607,-1.2868852459016393,2026-01-31 22:10:44+00:00,Oracle Elixir prior completed games
Quad,2026-02-07 21:11:32+00:00,109,0.7492063492063492,0.6856371062135489,0.06356924299280031,0.2654096666666667,0.27731382568807345,-0.011904159021406735,0.228166,0.23609336697247704,-0.007927366972477035,-2.0,2.220183486238532,-4.220183486238533,2026-02-01 22:55:17+00:00,Oracle Elixir prior completed games
Lyonz,2026-02-07 21:11:32+00:00,39,0.7896613190730838,0.7700562717904277,0.019605047282656107,0.10103653333333334,0.07931186410256408,0.021724669230769267,0.0965282,0.09723964358974359,-0.0007114435897435933,0.6666666666666666,-0.6666666666666666,1.3333333333333333,2026-02-01 22:55:17+00:00,Oracle Elixir prior completed games
Ceos,2026-02-07 21:11:32+00:00,60,0.6444444444444444,0.7054312704137601,-0.060986825969315706,0.08712186666666667,0.067238845,0.019883021666666667,0.09652156666666667,0.08917268333333334,0.007348883333333334,7.333333333333333,-0.8,8.133333333333333,2026-02-02 00:35:19+00:00,Oracle Elixir prior completed games
Impact,2026-02-07 21:11:32+00:00,123,0.7537037037037037,0.5706020256807661,0.18310167802293753,0.24502933333333332,0.20949644308943088,0.03553289024390244,0.202426,0.2037203577235772,-0.0012943577235771941,4.666666666666667,1.6585365853658536,3.0081300813008136,2026-02-01 00:06:03+00:00,Oracle Elixir prior completed games
Photon,2026-02-07 21:11:32+00:00,15,0.5416666666666666,0.6150105157999896,-0.07334384913332292,0.29708833333333334,0.2381339333333333,0.058954400000000046,0.20245033333333332,0.22710919999999998,-0.024658866666666668,7.0,4.0,3.0,2026-02-01 00:06:03+00:00,Oracle Elixir prior completed games
Berserker,2026-02-27 21:09:38+00:00,57,0.5899245852187028,0.7290439065175498,-0.13911932129884697,0.267412,0.2742541789473684,-0.006842178947368438,0.2523876666666667,0.25636226315789473,-0.003974596491228055,7.333333333333333,0.5964912280701754,6.7368421052631575,2026-02-21 22:57:01+00:00,Oracle Elixir prior completed games
Zven,2026-02-27 21:09:38+00:00,107,0.8009259259259259,0.7176777920895097,0.08324813383641627,0.299383,0.29332856074766356,0.006054439252336452,0.2862736666666667,0.25460515887850466,0.03166850778816205,15.666666666666666,1.3271028037383177,14.339563862928348,2026-02-22 23:02:24+00:00,Oracle Elixir prior completed games
Inspired,2026-02-27 21:09:38+00:00,140,0.6539969834087481,0.7043789381565763,-0.05038195474782814,0.15383166666666667,0.15344029142857143,0.00039137523809523733,0.21961033333333332,0.1925436142857143,0.027066719047619037,9.333333333333334,7.0928571428571425,2.2404761904761914,2026-02-21 22:57:01+00:00,Oracle Elixir prior completed games
Blaber,2026-02-27 21:09:38+00:00,124,0.6990740740740741,0.7441568465338201,-0.04508277245974601,0.11647323333333333,0.16255905161290324,-0.04608581827956991,0.18691233333333335,0.1925874677419355,-0.0056751344086021505,-1.3333333333333333,7.669354838709677,-9.00268817204301,2026-02-22 23:02:24+00:00,Oracle Elixir prior completed games
Saint,2026-02-27 21:09:38+00:00,43,0.7392458521870285,0.696830921809502,0.04241493037752653,0.2893833333333333,0.27494869767441865,0.014434635658914674,0.2642983333333333,0.2445878604651163,0.019710472868217005,6.666666666666667,-0.046511627906976744,6.713178294573644,2026-02-21 22:57:01+00:00,Oracle Elixir prior completed games
APA,2026-02-27 21:09:38+00:00,131,0.7615740740740741,0.674057822106909,0.08751625196716506,0.31347200000000003,0.2891285038167939,0.024343496183206137,0.23033700000000001,0.24904925190839697,-0.018712251908396954,7.333333333333333,-0.29770992366412213,7.631043256997455,2026-02-22 23:02:24+00:00,Oracle Elixir prior completed games
Isles,2026-02-27 21:09:38+00:00,97,0.6817194570135746,0.7605591714953119,-0.07883971448173732,0.07665403333333333,0.08287068453608247,-0.0062166512027491405,0.09911293333333333,0.1006155505154639,-0.0015026171821305723,-9.0,-2.9381443298969074,-6.061855670103093,2026-02-21 22:57:01+00:00,Oracle Elixir prior completed games
CoreJJ,2026-02-27 21:09:38+00:00,129,0.7702759197324415,0.7446282912260676,0.02564762850637392,0.09701936666666666,0.07607068604651163,0.020948680620155036,0.10839206666666666,0.10523787054263566,0.0031541961240310057,-5.333333333333333,-4.868217054263566,-0.4651162790697674,2026-02-20 22:45:31+00:00,Oracle Elixir prior completed games
Dhokla,2026-02-27 21:09:38+00:00,86,0.6077224736048265,0.529048506553567,0.0786739670512594,0.21271933333333334,0.20988717674418603,0.0028321565891473166,0.16459000000000001,0.20923770930232555,-0.04464770930232553,-2.3333333333333335,-4.011627906976744,1.6782945736434107,2026-02-21 22:57:01+00:00,Oracle Elixir prior completed games
Impact,2026-02-27 21:09:38+00:00,134,0.3280423280423281,0.565117540258078,-0.23707521221574995,0.253963,0.21079526492537312,0.04316773507462687,0.20738033333333336,0.20284783582089552,0.004532497512437839,-9.333333333333334,-0.029850746268656716,-9.303482587064677,2026-02-22 23:02:24+00:00,Oracle Elixir prior completed games
Josedeodo,2026-02-20 21:09:00+00:00,70,0.8933333333333334,0.7107616107770961,0.18257172255623733,0.11796899999999999,0.15126348857142857,-0.03329448857142858,0.19348766666666664,0.2003892714285714,-0.006901604761904767,5.333333333333333,5.814285714285714,-0.480952380952381,2026-02-09 01:41:45+00:00,Oracle Elixir prior completed games
Inspired,2026-02-20 21:09:00+00:00,137,0.75,0.7054821926401054,0.044517807359894634,0.15221633333333331,0.15343172116788323,-0.0012153878345499136,0.19921633333333333,0.1919509124087591,0.007265420924574217,-6.0,7.043795620437956,-13.043795620437956,2026-02-08 01:49:13+00:00,Oracle Elixir prior completed games
Saint,2026-02-20 21:09:00+00:00,40,0.8023809523809523,0.6936498020311875,0.10873115034976477,0.26110300000000003,0.2738661,-0.012763099999999972,0.210263,0.243109575,-0.03284657499999999,-6.666666666666667,-0.55,-6.116666666666667,2026-02-08 01:49:13+00:00,Oracle Elixir prior completed games
Quid,2026-02-20 21:09:00+00:00,137,0.8740740740740741,0.7123206890086076,0.16175338506546655,0.31409033333333336,0.27931701459854014,0.034773318734793224,0.230521,0.25642547445255476,-0.025904474452554754,9.333333333333334,3.5036496350364965,5.829683698296837,2026-02-09 01:41:45+00:00,Oracle Elixir prior completed games
Dhokla,2026-02-20 21:09:00+00:00,83,0.4904761904761905,0.5262048691902684,-0.03572867871407792,0.20884766666666668,0.2097848096385542,-0.0009371429718875168,0.18353433333333333,0.21085148192771083,-0.027317148594377505,-15.333333333333334,-4.072289156626506,-11.261044176706829,2026-02-08 01:49:13+00:00,Oracle Elixir prior completed games
Gakgos,2026-02-20 21:09:00+00:00,16,0.39444444444444443,0.5415136946386947,-0.14706925019425027,0.2691536666666667,0.231858925,0.037294741666666686,0.199977,0.203776125,-0.0037991250000000143,-3.3333333333333335,-0.8125,-2.5208333333333335,2026-02-15 22:58:30+00:00,Oracle Elixir prior completed games
Gryffinn,2026-04-11 20:08:26+00:00,36,0.6877599524658349,0.7229173377374681,-0.03515738527163326,0.19100833333333334,0.1747004888888889,0.01630784444444444,0.24050466666666667,0.21359680555555555,0.026907861111111125,0.0,-2.2222222222222223,2.2222222222222223,2026-04-05 21:51:16+00:00,Oracle Elixir prior completed games
Inspired,2026-04-11 20:08:26+00:00,155,0.6246212121212121,0.7024766037112445,-0.07785539159003241,0.14266843333333334,0.1513935735483871,-0.008725140215053745,0.21651266666666666,0.19352882580645162,0.022983840860215043,28.333333333333332,7.077419354838709,21.255913978494622,2026-04-04 22:00:50+00:00,Oracle Elixir prior completed games
Quad,2026-04-11 20:08:26+00:00,121,0.6082887700534759,0.6804629775962535,-0.07217420754277759,0.24941933333333333,0.27404957024793386,-0.024630236914600534,0.19440100000000002,0.2338866033057851,-0.03948560330578507,1.6666666666666667,1.6611570247933884,0.005509641873278293,2026-04-05 21:51:16+00:00,Oracle Elixir prior completed games
Quid,2026-04-11 20:08:26+00:00,147,0.6684981684981685,0.7030603310626927,-0.03456216256452427,0.241928,0.2756573401360545,-0.03372934013605447,0.22923533333333332,0.2535555306122449,-0.024320197278911576,-1.6666666666666667,3.108843537414966,-4.775510204081633,2026-04-05 21:51:16+00:00,Oracle Elixir prior completed games
Cryogen,2026-04-11 20:08:26+00:00,17,0.7593582887700534,0.8154724456627571,-0.056114156892703715,0.1046486,0.09243776470588236,0.012210835294117636,0.10859100000000001,0.10802432352941176,0.000566676470588251,-1.0,2.0,-3.0,2026-04-05 21:51:16+00:00,Oracle Elixir prior completed games
Lyonz,2026-04-11 20:08:26+00:00,53,0.6718544137022397,0.7570509163561154,-0.08519650265387568,0.06356723333333335,0.08063514905660377,-0.01706791572327042,0.09770186666666665,0.0970086320754717,0.000693234591194955,-6.666666666666667,-1.3018867924528301,-5.364779874213837,2026-04-05 00:42:52+00:00,Oracle Elixir prior completed games
Morgan,2026-04-11 20:08:26+00:00,18,0.326007326007326,0.4989934626818237,-0.1729861366744977,0.208012,0.22799533333333333,-0.019983333333333325,0.20954233333333336,0.2048525,0.004689833333333365,5.333333333333333,7.222222222222222,-1.8888888888888893,2026-04-05 21:51:16+00:00,Oracle Elixir prior completed games
Gakgos,2026-04-11 20:08:26+00:00,22,0.38517528223410574,0.5107459830721863,-0.12557070083808058,0.18274433333333331,0.23691853636363638,-0.05417420303030307,0.18906599999999998,0.206294,-0.01722800000000002,-5.333333333333333,-1.0,-4.333333333333333,2026-04-05 21:51:16+00:00,Oracle Elixir prior completed games
