prediction_period,player,role,team,lock_timestamp,recent_fantasy_mean_5,recent_kills_mean_5,recent_deaths_mean_5,recent_assists_mean_5,recent_cs_mean_5,recent_games_count,realized_fantasy_target,target_games,feature_source_max_timestamp,same_lock_violation,future_violation
2020-01-20 00:00:00+00:00,Altec,BOT,Immortals,2020-01-26T00:44:16+00:00,13.6216666667,2,0.833333333333,5,291.833333333,0,32.76,2,,False,False
2020-01-20 00:00:00+00:00,Armao,JGL,Dignitas,2020-01-25T22:32:55+00:00,9.555,1,1.5,4.5,125.5,0,21.15,2,,False,False
2020-01-20 00:00:00+00:00,Bang,BOT,Evil Geniuses,2020-01-26T19:20:42+00:00,14.1675,2.375,1.375,5.625,295.75,0,7.57,1,,False,False
2020-01-20 00:00:00+00:00,Biofrost,SUP,TSM,2020-01-26T20:35:10+00:00,8.505,0.6,2.3,4.8,34.4,0,6.66,1,,False,False
2020-01-20 00:00:00+00:00,Bjergsen,MID,TSM,2020-01-26T20:35:10+00:00,15.759,3.5,2.1,4.1,276.2,0,13.6,1,,False,False
2020-01-20 00:00:00+00:00,Blaber,JGL,Cloud9,2020-01-25T21:37:53+00:00,,,,,,0,36,2,,False,False
2020-01-20 00:00:00+00:00,BrokenBlade,TOP,TSM,2020-01-26T20:35:10+00:00,12.444,2.2,1.7,3.1,260,0,10.45,1,,False,False
2020-01-20 00:00:00+00:00,Closer,JGL,Golden Guardians,2020-01-25T23:39:30+00:00,10.4175,1,1.5,5,168,0,14.65,2,,False,False
2020-01-20 00:00:00+00:00,Cody Sun,BOT,100 Thieves,2020-01-25T23:39:30+00:00,12.9475,1.75,0.75,4,276.75,0,18.9,1,,False,False
2020-01-20 00:00:00+00:00,CoreJJ,SUP,Team Liquid,2020-01-25T21:37:53+00:00,,,,,,0,4.29,1,,False,False
2020-01-20 00:00:00+00:00,Crown,MID,Counter Logic Gaming,2020-01-25T22:32:55+00:00,8.24,2,1.5,1.5,204.5,0,16.99,2,,False,False
2020-01-20 00:00:00+00:00,Dardoch,JGL,TSM,2020-01-26T20:35:10+00:00,8.354,1.2,2.8,5.4,159.6,0,3.1,1,,False,False
2020-01-20 00:00:00+00:00,Doublelift,BOT,Team Liquid,2020-01-25T21:37:53+00:00,,,,,,0,3.04,1,,False,False
2020-01-20 00:00:00+00:00,Eika,MID,Immortals,2020-01-26T00:44:16+00:00,15.66,3.5,1.83333333333,4.33333333333,256,0,20.81,2,,False,False
2020-01-20 00:00:00+00:00,FBI,BOT,Golden Guardians,2020-01-25T23:39:30+00:00,12.9475,1.75,0.75,4,276.75,0,21.86,2,,False,False
2020-01-20 00:00:00+00:00,Froggen,MID,Dignitas,2020-01-25T22:32:55+00:00,8.24,2,1.5,1.5,204.5,0,50.6,2,,False,False
2020-01-20 00:00:00+00:00,Goldenglue,MID,Golden Guardians,2020-01-25T23:39:30+00:00,13.0725,2.75,1.75,3,270.5,0,24.62,2,,False,False
2020-01-20 00:00:00+00:00,Griffin,JGL,Counter Logic Gaming,2020-01-25T22:32:55+00:00,9.555,1,1.5,4.5,125.5,0,10.95,2,,False,False
2020-01-20 00:00:00+00:00,Hakuho,SUP,Immortals,2020-01-26T00:44:16+00:00,7.255,0.833333333333,3,4.5,35.1666666667,0,24.06,2,,False,False
2020-01-20 00:00:00+00:00,Hauntzer,TOP,Golden Guardians,2020-01-25T23:39:30+00:00,10.2225,1.5,1.75,2.5,221.5,0,23.63,2,,False,False
2020-01-20 00:00:00+00:00,Huni,TOP,Dignitas,2020-01-25T22:32:55+00:00,9.13,2,1.5,1,187.5,0,26.51,2,,False,False
2020-01-20 00:00:00+00:00,Ignar,SUP,FlyQuest,2020-01-26T00:44:16+00:00,7.255,0.833333333333,3,4.5,35.1666666667,0,47.55,2,,False,False
2020-01-20 00:00:00+00:00,Impact,TOP,Team Liquid,2020-01-25T21:37:53+00:00,,,,,,0,6.12,1,,False,False
2020-01-20 00:00:00+00:00,Jensen,MID,Team Liquid,2020-01-25T21:37:53+00:00,,,,,,0,0.06,1,,False,False
2020-01-20 00:00:00+00:00,Jiizuke,MID,Evil Geniuses,2020-01-26T19:20:42+00:00,16.54125,3.75,2.25,4.5,280.125,0,3.24,1,,False,False
2020-01-20 00:00:00+00:00,Johnsun,BOT,Dignitas,2020-01-25T22:32:55+00:00,10.56,0.5,0.5,3.5,223.5,0,38.97,2,,False,False
2020-01-20 00:00:00+00:00,Keith,SUP,Golden Guardians,2020-01-25T23:39:30+00:00,7.635,0.75,2,3.5,33,0,5.43,2,,False,False
2020-01-20 00:00:00+00:00,Kobbe,BOT,TSM,2020-01-26T20:35:10+00:00,14.084,2.5,1.1,4.9,288.4,0,25.81,1,,False,False
2020-01-20 00:00:00+00:00,Kumo,TOP,Evil Geniuses,2020-01-26T19:20:42+00:00,14.26125,2.625,1.75,3.75,265.5,0,1.01,1,,False,False
2020-01-20 00:00:00+00:00,Licorice,TOP,Cloud9,2020-01-25T21:37:53+00:00,,,,,,0,23.11,2,,False,False
2020-01-20 00:00:00+00:00,Meteos,JGL,100 Thieves,2020-01-25T23:39:30+00:00,10.4175,1,1.5,5,168,0,5.62,1,,False,False
2020-01-20 00:00:00+00:00,Nisqy,MID,Cloud9,2020-01-25T21:37:53+00:00,,,,,,0,31.73,2,,False,False
2020-01-20 00:00:00+00:00,PowerOfEvil,MID,FlyQuest,2020-01-26T00:44:16+00:00,15.66,3.5,1.83333333333,4.33333333333,256,0,52.09,2,,False,False
2020-01-20 00:00:00+00:00,Ruin,TOP,Counter Logic Gaming,2020-01-25T22:32:55+00:00,9.13,2,1.5,1,187.5,0,12.17,2,,False,False
2020-01-20 00:00:00+00:00,Ryoma,MID,100 Thieves,2020-01-25T23:39:30+00:00,13.0725,2.75,1.75,3,270.5,0,18.97,1,,False,False
2020-01-20 00:00:00+00:00,Santorin,JGL,FlyQuest,2020-01-26T00:44:16+00:00,9.83166666667,1,2,5.66666666667,166.666666667,0,45.03,2,,False,False
2020-01-20 00:00:00+00:00,Shernfire,JGL,Team Liquid,2020-01-25T21:37:53+00:00,,,,,,0,5.48,1,,False,False
2020-01-20 00:00:00+00:00,Smoothie,SUP,Counter Logic Gaming,2020-01-25T22:32:55+00:00,5.895,0.5,1,1.5,32,0,9.67,2,,False,False
2020-01-20 00:00:00+00:00,Ssumday,TOP,100 Thieves,2020-01-25T23:39:30+00:00,10.2225,1.5,1.75,2.5,221.5,0,27.51,1,,False,False
2020-01-20 00:00:00+00:00,Stixxay,BOT,Counter Logic Gaming,2020-01-25T22:32:55+00:00,10.56,0.5,0.5,3.5,223.5,0,18.17,2,,False,False
2020-01-20 00:00:00+00:00,Stunt,SUP,100 Thieves,2020-01-25T23:39:30+00:00,7.635,0.75,2,3.5,33,0,5.83,1,,False,False
2020-01-20 00:00:00+00:00,Svenskeren,JGL,Evil Geniuses,2020-01-26T19:20:42+00:00,9.84125,1.25,2.75,6.375,169.625,0,-0.9,1,,False,False
2020-01-20 00:00:00+00:00,V1per,TOP,FlyQuest,2020-01-26T00:44:16+00:00,13.8116666667,2.16666666667,1.83333333333,3.83333333333,248.333333333,0,43.66,2,,False,False
2020-01-20 00:00:00+00:00,Vulcan,SUP,Cloud9,2020-01-25T21:37:53+00:00,,,,,,0,23.3,2,,False,False
2020-01-20 00:00:00+00:00,WildTurtle,BOT,FlyQuest,2020-01-26T00:44:16+00:00,13.6216666667,2,0.833333333333,5,291.833333333,0,35.5,2,,False,False
2020-01-20 00:00:00+00:00,Xmithie,JGL,Immortals,2020-01-26T00:44:16+00:00,9.83166666667,1,2,5.66666666667,166.666666667,0,6.12,2,,False,False
2020-01-20 00:00:00+00:00,Zeyzal,SUP,Evil Geniuses,2020-01-26T19:20:42+00:00,9.00875,0.75,2.625,5.25,36.25,0,0.58,1,,False,False
2020-01-20 00:00:00+00:00,Zven,BOT,Cloud9,2020-01-25T21:37:53+00:00,,,,,,0,44.19,2,,False,False
2020-01-20 00:00:00+00:00,aphromoo,SUP,Dignitas,2020-01-25T22:32:55+00:00,5.895,0.5,1,1.5,32,0,25.19,2,,False,False
2020-01-20 00:00:00+00:00,sOAZ,TOP,Immortals,2020-01-26T00:44:16+00:00,13.8116666667,2.16666666667,1.83333333333,3.83333333333,248.333333333,0,14.45,2,,False,False
2020-01-27 00:00:00+00:00,Altec,BOT,Immortals,2020-02-01T23:49:49+00:00,16.38,4,1.5,2.5,440,2,34.91,2,2020-01-26T20:35:10+00:00,False,False
2020-01-27 00:00:00+00:00,Armao,JGL,Dignitas,2020-02-01T22:43:44+00:00,10.575,1,0.5,5.5,157.5,2,14.32,1,2020-01-26T19:20:42+00:00,False,False
2020-01-27 00:00:00+00:00,Bang,BOT,Evil Geniuses,2020-01-28T00:52:53+00:00,7.57,1,0,0,275,1,65.17,3,2020-01-26T19:20:42+00:00,False,False
2020-01-27 00:00:00+00:00,Biofrost,SUP,TSM,2020-01-28T02:16:14+00:00,6.66,0,1,4,61,1,35.02,2,2020-01-26T20:35:10+00:00,False,False
2020-01-27 00:00:00+00:00,Bjergsen,MID,TSM,2020-01-28T02:16:14+00:00,13.6,2,1,5,448,1,27.31,2,2020-01-26T20:35:10+00:00,False,False
2020-01-27 00:00:00+00:00,Blaber,JGL,Cloud9,2020-02-01T23:49:49+00:00,18,4,1.5,8,150,2,36.58,2,2020-01-26T22:02:06+00:00,False,False
2020-01-27 00:00:00+00:00,BrokenBlade,TOP,TSM,2020-01-28T02:16:14+00:00,10.45,3,2,2,385,1,42.91,2,2020-01-26T20:35:10+00:00,False,False
2020-01-27 00:00:00+00:00,Closer,JGL,Golden Guardians,2020-02-02T00:44:19+00:00,7.325,2,4.5,5.5,168.5,2,13.95,2,2020-01-26T22:02:06+00:00,False,False
2020-01-27 00:00:00+00:00,Cody Sun,BOT,100 Thieves,2020-01-28T00:52:53+00:00,18.9,4,1,7,290,1,42.83,3,2020-01-25T23:39:30+00:00,False,False
2020-01-27 00:00:00+00:00,CoreJJ,SUP,Team Liquid,2020-01-28T02:16:14+00:00,4.29,1,1,0,34,1,40.26,3,2020-01-25T21:37:53+00:00,False,False
2020-01-27 00:00:00+00:00,Crown,MID,Counter Logic Gaming,2020-02-01T21:36:35+00:00,8.495,2.5,3.5,1.5,274.5,2,14.08,1,2020-01-26T22:57:50+00:00,False,False
2020-01-27 00:00:00+00:00,Dardoch,JGL,TSM,2020-01-28T02:16:14+00:00,3.1,0,5,5,253,1,24.47,2,2020-01-26T20:35:10+00:00,False,False
2020-01-27 00:00:00+00:00,Doublelift,BOT,Team Liquid,2020-01-28T02:16:14+00:00,3.04,0,1,2,204,1,35.31,3,2020-01-25T21:37:53+00:00,False,False
2020-01-27 00:00:00+00:00,Eika,MID,Immortals,2020-02-01T23:49:49+00:00,10.405,2.5,3,1.5,374.5,2,9.87,2,2020-01-26T20:35:10+00:00,False,False
2020-01-27 00:00:00+00:00,FBI,BOT,Golden Guardians,2020-02-02T00:44:19+00:00,10.93,2.5,1,3.5,318,2,28.51,2,2020-01-26T22:02:06+00:00,False,False
2020-01-27 00:00:00+00:00,Froggen,MID,Dignitas,2020-02-01T22:43:44+00:00,25.3,5,1,5.5,301,2,21.99,1,2020-01-26T19:20:42+00:00,False,False
2020-01-27 00:00:00+00:00,Goldenglue,MID,Golden Guardians,2020-02-02T00:44:19+00:00,12.31,3,3,3.5,274.5,2,26.18,2,2020-01-26T22:02:06+00:00,False,False
2020-01-27 00:00:00+00:00,Griffin,JGL,Counter Logic Gaming,2020-02-01T21:36:35+00:00,5.475,0.5,4,4,205,2,5.22,1,2020-01-26T22:57:50+00:00,False,False
2020-01-27 00:00:00+00:00,Hakuho,SUP,Immortals,2020-02-01T23:49:49+00:00,12.03,0,3,7,42,2,34.42,2,2020-01-26T20:35:10+00:00,False,False
2020-01-27 00:00:00+00:00,Hauntzer,TOP,Golden Guardians,2020-02-02T00:44:19+00:00,11.815,1.5,3.5,5.5,244.5,2,9.12,2,2020-01-26T22:02:06+00:00,False,False
2020-01-27 00:00:00+00:00,Huni,TOP,Dignitas,2020-02-01T22:43:44+00:00,13.255,1.5,0,3,270,2,14.56,1,2020-01-26T19:20:42+00:00,False,False
2020-01-27 00:00:00+00:00,Ignar,SUP,FlyQuest,2020-02-02T19:30:23+00:00,23.775,1,0,11.5,37,2,8.91,1,2020-01-26T22:57:50+00:00,False,False
2020-01-27 00:00:00+00:00,Impact,TOP,Team Liquid,2020-01-28T02:16:14+00:00,6.12,1,2,1,162,1,42.76,3,2020-01-25T21:37:53+00:00,False,False
2020-01-27 00:00:00+00:00,Jensen,MID,Team Liquid,2020-01-28T02:16:14+00:00,0.06,0,3,1,206,1,67.49,3,2020-01-25T21:37:53+00:00,False,False
2020-01-27 00:00:00+00:00,Jiizuke,MID,Evil Geniuses,2020-01-28T00:52:53+00:00,3.24,0,2,1,269,1,28.38,3,2020-01-26T19:20:42+00:00,False,False
2020-01-27 00:00:00+00:00,Johnsun,BOT,Dignitas,2020-02-01T22:43:44+00:00,19.485,5,0.5,5,295,2,21.28,1,2020-01-26T19:20:42+00:00,False,False
2020-01-27 00:00:00+00:00,Keith,SUP,Golden Guardians,2020-02-02T00:44:19+00:00,2.715,0.5,4.5,4,31.5,2,-2.57,2,2020-01-26T22:02:06+00:00,False,False
2020-01-27 00:00:00+00:00,Kobbe,BOT,TSM,2020-01-28T02:16:14+00:00,25.81,4,0,4,516,1,31.5,2,2020-01-26T20:35:10+00:00,False,False
2020-01-27 00:00:00+00:00,Kumo,TOP,Evil Geniuses,2020-01-28T00:52:53+00:00,1.01,0,3,0,201,1,34,3,2020-01-26T19:20:42+00:00,False,False
2020-01-27 00:00:00+00:00,Licorice,TOP,Cloud9,2020-02-01T23:49:49+00:00,11.555,3.5,2,1.5,255,2,42.23,2,2020-01-26T22:02:06+00:00,False,False
2020-01-27 00:00:00+00:00,Meteos,JGL,100 Thieves,2020-01-28T00:52:53+00:00,5.62,0,2,5,158,1,13.35,3,2020-01-25T23:39:30+00:00,False,False
2020-01-27 00:00:00+00:00,Nisqy,MID,Cloud9,2020-02-01T23:49:49+00:00,15.865,3.5,0.5,5,230.5,2,39.07,2,2020-01-26T22:02:06+00:00,False,False
2020-01-27 00:00:00+00:00,PowerOfEvil,MID,FlyQuest,2020-02-02T19:30:23+00:00,26.045,4,1.5,10.5,296.5,2,13.38,1,2020-01-26T22:57:50+00:00,False,False
2020-01-27 00:00:00+00:00,Ruin,TOP,Counter Logic Gaming,2020-02-01T21:36:35+00:00,6.085,1.5,4,2,274.5,2,21.48,1,2020-01-26T22:57:50+00:00,False,False
2020-01-27 00:00:00+00:00,Ryoma,MID,100 Thieves,2020-01-28T00:52:53+00:00,18.97,4,1,9,197,1,34.42,3,2020-01-25T23:39:30+00:00,False,False
2020-01-27 00:00:00+00:00,Santorin,JGL,FlyQuest,2020-02-02T19:30:23+00:00,22.515,5.5,2.5,10.5,198,2,0.36,1,2020-01-26T22:57:50+00:00,False,False
2020-01-27 00:00:00+00:00,Shernfire,JGL,Team Liquid,2020-01-28T02:16:14+00:00,5.48,1,2,2,138,1,32.28,3,2020-01-25T21:37:53+00:00,False,False
2020-01-27 00:00:00+00:00,Smoothie,SUP,Counter Logic Gaming,2020-02-01T21:36:35+00:00,4.835,0,3.5,3.5,38,2,1.53,1,2020-01-26T22:57:50+00:00,False,False
2020-01-27 00:00:00+00:00,Ssumday,TOP,100 Thieves,2020-01-28T00:52:53+00:00,27.51,5,2,6,357,1,14.86,3,2020-01-25T23:39:30+00:00,False,False
2020-01-27 00:00:00+00:00,Stixxay,BOT,Counter Logic Gaming,2020-02-01T21:36:35+00:00,9.085,0.5,2,4,283.5,2,5.4,1,2020-01-26T22:57:50+00:00,False,False
2020-01-27 00:00:00+00:00,Stunt,SUP,100 Thieves,2020-01-28T00:52:53+00:00,5.83,1,6,6,44,1,25.28,3,2020-01-25T23:39:30+00:00,False,False
2020-01-27 00:00:00+00:00,Svenskeren,JGL,Evil Geniuses,2020-01-28T00:52:53+00:00,-0.9,1,5,0,118,1,27.06,3,2020-01-26T19:20:42+00:00,False,False
2020-01-27 00:00:00+00:00,V1per,TOP,FlyQuest,2020-02-02T19:30:23+00:00,21.83,5.5,0,4,314,2,0.22,1,2020-01-26T22:57:50+00:00,False,False
2020-01-27 00:00:00+00:00,Vulcan,SUP,Cloud9,2020-02-01T23:49:49+00:00,11.65,0,1,7,30,2,35.16,2,2020-01-26T22:02:06+00:00,False,False
2020-01-27 00:00:00+00:00,WildTurtle,BOT,FlyQuest,2020-02-02T19:30:23+00:00,17.75,4,3,9.5,269,2,-0.3,1,2020-01-26T22:57:50+00:00,False,False
2020-01-27 00:00:00+00:00,Xmithie,JGL,Immortals,2020-02-01T23:49:49+00:00,3.06,1,5,4,206,2,18.5,2,2020-01-26T20:35:10+00:00,False,False
2020-01-27 00:00:00+00:00,Zeyzal,SUP,Evil Geniuses,2020-01-28T00:52:53+00:00,0.58,0,2,0,27,1,53.7,3,2020-01-26T19:20:42+00:00,False,False
2020-01-27 00:00:00+00:00,Zven,BOT,Cloud9,2020-02-01T23:49:49+00:00,22.095,3,0,7,289.5,2,61.94,2,2020-01-26T22:02:06+00:00,False,False
2020-01-27 00:00:00+00:00,aphromoo,SUP,Dignitas,2020-02-01T22:43:44+00:00,12.595,1,1,7,27.5,2,17.55,1,2020-01-26T19:20:42+00:00,False,False
2020-01-27 00:00:00+00:00,sOAZ,TOP,Immortals,2020-02-01T23:49:49+00:00,7.225,1,2.5,2.5,322.5,2,18.52,2,2020-01-26T20:35:10+00:00,False,False
2020-02-03 00:00:00+00:00,Altec,BOT,Immortals,2020-02-09T19:18:31+00:00,16.9175,4.25,1.75,2.75,355.25,4,20.32,1,2020-02-02T22:39:41+00:00,False,False
2020-02-03 00:00:00+00:00,Armao,JGL,Dignitas,2020-02-04T00:34:15+00:00,11.8233333333,1,1.66666666667,7.33333333333,160.333333333,3,2.84,3,2020-02-01T22:43:44+00:00,False,False
2020-02-03 00:00:00+00:00,Bang,BOT,Evil Geniuses,2020-02-08T21:30:18+00:00,18.185,3.75,0.75,4.75,317.75,4,36.11,2,2020-02-02T20:39:07+00:00,False,False
2020-02-03 00:00:00+00:00,Biofrost,SUP,TSM,2020-02-04T02:11:50+00:00,13.8933333333,0.333333333333,1.66666666667,7.66666666667,52,3,49.01,3,2020-02-02T20:39:07+00:00,False,False
2020-02-03 00:00:00+00:00,Bjergsen,MID,TSM,2020-02-04T02:11:50+00:00,13.6366666667,2.66666666667,1.33333333333,5.33333333333,334.333333333,3,59.35,3,2020-02-02T20:39:07+00:00,False,False
2020-02-03 00:00:00+00:00,Blaber,JGL,Cloud9,2020-02-09T00:52:06+00:00,18.145,4.25,1.5,7.5,171.25,4,42.13,2,2020-02-02T21:43:55+00:00,False,False
2020-02-03 00:00:00+00:00,BrokenBlade,TOP,TSM,2020-02-04T02:11:50+00:00,17.7866666667,3.66666666667,1,4,312.333333333,3,63.56,3,2020-02-02T20:39:07+00:00,False,False
2020-02-03 00:00:00+00:00,Closer,JGL,Golden Guardians,2020-02-09T20:43:48+00:00,7.15,1.75,3.25,4.25,170.5,4,5.62,1,2020-02-02T22:39:41+00:00,False,False
2020-02-03 00:00:00+00:00,Cody Sun,BOT,100 Thieves,2020-02-08T22:48:29+00:00,15.4325,3.25,1,4.5,330.75,4,17.68,2,2020-02-02T21:43:55+00:00,False,False
2020-02-03 00:00:00+00:00,CoreJJ,SUP,Team Liquid,2020-02-08T22:48:29+00:00,11.1375,0.25,1,5.25,38.25,4,2.98,1,2020-02-02T19:30:23+00:00,False,False
2020-02-03 00:00:00+00:00,Crown,MID,Counter Logic Gaming,2020-02-04T02:11:50+00:00,10.3566666667,2.33333333333,2.66666666667,2.66666666667,290.333333333,3,34.82,2,2020-02-01T21:36:35+00:00,False,False
2020-02-03 00:00:00+00:00,Dardoch,JGL,TSM,2020-02-04T02:11:50+00:00,9.19,1,3.66666666667,7,190.666666667,3,40.56,3,2020-02-02T20:39:07+00:00,False,False
2020-02-03 00:00:00+00:00,Doublelift,BOT,Team Liquid,2020-02-08T22:48:29+00:00,9.5875,3.25,2,2.25,323.5,4,9.03,1,2020-02-02T19:30:23+00:00,False,False
2020-02-03 00:00:00+00:00,Eika,MID,Immortals,2020-02-09T19:18:31+00:00,7.67,1.5,2.5,2.25,321.5,4,21.36,1,2020-02-02T22:39:41+00:00,False,False
2020-02-03 00:00:00+00:00,FBI,BOT,Golden Guardians,2020-02-09T20:43:48+00:00,12.5925,2,0.75,3.5,319.75,4,5.02,1,2020-02-02T22:39:41+00:00,False,False
2020-02-03 00:00:00+00:00,Froggen,MID,Dignitas,2020-02-04T00:34:15+00:00,24.1966666667,5.33333333333,1,5.66666666667,317,3,17.86,3,2020-02-01T22:43:44+00:00,False,False
2020-02-03 00:00:00+00:00,Goldenglue,MID,Golden Guardians,2020-02-09T20:43:48+00:00,12.7,2.75,2.5,3.25,286.75,4,5.28,1,2020-02-02T22:39:41+00:00,False,False
2020-02-03 00:00:00+00:00,Griffin,JGL,Counter Logic Gaming,2020-02-04T02:11:50+00:00,5.39,0.666666666667,4,4.33333333333,192.333333333,3,35.69,2,2020-02-01T21:36:35+00:00,False,False
2020-02-03 00:00:00+00:00,Hakuho,SUP,Immortals,2020-02-09T19:18:31+00:00,14.62,0.25,2.25,7.25,41.25,4,12.63,1,2020-02-02T22:39:41+00:00,False,False
2020-02-03 00:00:00+00:00,Hauntzer,TOP,Golden Guardians,2020-02-09T20:43:48+00:00,8.1875,1,3,3.25,259,4,2.86,1,2020-02-02T22:39:41+00:00,False,False
2020-02-03 00:00:00+00:00,Huni,TOP,Dignitas,2020-02-04T00:34:15+00:00,13.69,1,0.666666666667,4.33333333333,321.666666667,3,21.57,3,2020-02-01T22:43:44+00:00,False,False
2020-02-03 00:00:00+00:00,Ignar,SUP,FlyQuest,2020-02-04T00:34:15+00:00,18.82,0.666666666667,0.333333333333,8.66666666667,36.6666666667,3,20.17,3,2020-02-02T19:30:23+00:00,False,False
2020-02-03 00:00:00+00:00,Impact,TOP,Team Liquid,2020-02-08T22:48:29+00:00,12.22,1.25,0.75,3.5,238,4,10.42,1,2020-02-02T19:30:23+00:00,False,False
2020-02-03 00:00:00+00:00,Jensen,MID,Team Liquid,2020-02-08T22:48:29+00:00,16.8875,3.5,1.5,3,323.25,4,6.1,1,2020-02-02T19:30:23+00:00,False,False
2020-02-03 00:00:00+00:00,Jiizuke,MID,Evil Geniuses,2020-02-08T21:30:18+00:00,7.905,2,2.5,2.75,308.5,4,35.41,2,2020-02-02T20:39:07+00:00,False,False
2020-02-03 00:00:00+00:00,Johnsun,BOT,Dignitas,2020-02-04T00:34:15+00:00,20.0833333333,4.33333333333,0.333333333333,5.33333333333,322.666666667,3,18.94,3,2020-02-01T22:43:44+00:00,False,False
2020-02-03 00:00:00+00:00,Keith,SUP,Golden Guardians,2020-02-09T20:43:48+00:00,0.715,0.25,5.5,3,33.75,4,1.92,1,2020-02-02T22:39:41+00:00,False,False
2020-02-03 00:00:00+00:00,Kobbe,BOT,TSM,2020-02-04T02:11:50+00:00,19.1033333333,3.33333333333,1.33333333333,6,422,3,55.19,3,2020-02-02T20:39:07+00:00,False,False
2020-02-03 00:00:00+00:00,Kumo,TOP,Evil Geniuses,2020-02-08T21:30:18+00:00,8.7525,2.75,2,1,287.75,4,16.19,2,2020-02-02T20:39:07+00:00,False,False
2020-02-03 00:00:00+00:00,Licorice,TOP,Cloud9,2020-02-09T00:52:06+00:00,16.335,3,1.5,5.25,274.25,4,42.63,2,2020-02-02T21:43:55+00:00,False,False
2020-02-03 00:00:00+00:00,Meteos,JGL,100 Thieves,2020-02-08T22:48:29+00:00,4.7425,0.5,3.5,4.75,170.25,4,20.67,2,2020-02-02T21:43:55+00:00,False,False
2020-02-03 00:00:00+00:00,Nisqy,MID,Cloud9,2020-02-09T00:52:06+00:00,17.7,3.25,0.75,7,236,4,38.86,2,2020-02-02T21:43:55+00:00,False,False
2020-02-03 00:00:00+00:00,PowerOfEvil,MID,FlyQuest,2020-02-04T00:34:15+00:00,21.8233333333,3.33333333333,2,7.33333333333,293.333333333,3,50.58,3,2020-02-02T19:30:23+00:00,False,False
2020-02-03 00:00:00+00:00,Ruin,TOP,Counter Logic Gaming,2020-02-04T02:11:50+00:00,11.2166666667,2.66666666667,4,2.33333333333,302,3,35.94,2,2020-02-01T21:36:35+00:00,False,False
2020-02-03 00:00:00+00:00,Ryoma,MID,100 Thieves,2020-02-08T22:48:29+00:00,13.3475,2.25,2,5.25,247.25,4,22.06,2,2020-02-02T21:43:55+00:00,False,False
2020-02-03 00:00:00+00:00,Santorin,JGL,FlyQuest,2020-02-04T00:34:15+00:00,15.13,3.66666666667,2.66666666667,7.66666666667,177.333333333,3,23.92,3,2020-02-02T19:30:23+00:00,False,False
2020-02-03 00:00:00+00:00,Shernfire,JGL,Team Liquid,2020-02-08T22:48:29+00:00,9.44,0.75,2,6.5,165.25,4,0.08,1,2020-02-02T19:30:23+00:00,False,False
2020-02-03 00:00:00+00:00,Smoothie,SUP,Counter Logic Gaming,2020-02-04T02:11:50+00:00,3.73333333333,0.333333333333,3.33333333333,2.66666666667,35.3333333333,3,28.88,2,2020-02-01T21:36:35+00:00,False,False
2020-02-03 00:00:00+00:00,Ssumday,TOP,100 Thieves,2020-02-08T22:48:29+00:00,10.5925,1.75,3,3,303.25,4,41.42,2,2020-02-02T21:43:55+00:00,False,False
2020-02-03 00:00:00+00:00,Stixxay,BOT,Counter Logic Gaming,2020-02-04T02:11:50+00:00,7.85666666667,0.333333333333,2,4,302.333333333,3,46.21,2,2020-02-01T21:36:35+00:00,False,False
2020-02-03 00:00:00+00:00,Stunt,SUP,100 Thieves,2020-02-08T22:48:29+00:00,7.7775,1.5,4.25,4.25,44.5,4,19.19,2,2020-02-02T21:43:55+00:00,False,False
2020-02-03 00:00:00+00:00,Svenskeren,JGL,Evil Geniuses,2020-02-08T21:30:18+00:00,6.54,1.25,4.5,5.5,178,4,25.27,2,2020-02-02T20:39:07+00:00,False,False
2020-02-03 00:00:00+00:00,V1per,TOP,FlyQuest,2020-02-04T00:34:15+00:00,14.6266666667,3.66666666667,1.33333333333,2.66666666667,283.333333333,3,37.75,3,2020-02-02T19:30:23+00:00,False,False
2020-02-03 00:00:00+00:00,Vulcan,SUP,Cloud9,2020-02-09T00:52:06+00:00,14.615,0.5,0.75,8.25,33,4,35.49,2,2020-02-02T21:43:55+00:00,False,False
2020-02-03 00:00:00+00:00,WildTurtle,BOT,FlyQuest,2020-02-04T00:34:15+00:00,11.7333333333,3,3.33333333333,6.33333333333,252.666666667,3,34.53,3,2020-02-02T19:30:23+00:00,False,False
2020-02-03 00:00:00+00:00,Xmithie,JGL,Immortals,2020-02-09T19:18:31+00:00,6.155,1.5,3,4,182,4,20.07,1,2020-02-02T22:39:41+00:00,False,False
2020-02-03 00:00:00+00:00,Zeyzal,SUP,Evil Geniuses,2020-02-08T21:30:18+00:00,13.57,0,1.5,7.25,38,4,38.16,2,2020-02-02T20:39:07+00:00,False,False
2020-02-03 00:00:00+00:00,Zven,BOT,Cloud9,2020-02-09T00:52:06+00:00,26.5325,4.5,0,8.25,291.75,4,45.67,2,2020-02-02T21:43:55+00:00,False,False
2020-02-03 00:00:00+00:00,aphromoo,SUP,Dignitas,2020-02-04T00:34:15+00:00,14.2466666667,1.66666666667,1.33333333333,7,28,3,10.52,3,2020-02-01T22:43:44+00:00,False,False
2020-02-03 00:00:00+00:00,sOAZ,TOP,Immortals,2020-02-09T19:18:31+00:00,8.2425,1,2.5,2.75,266.75,4,15.38,1,2020-02-02T22:39:41+00:00,False,False
2020-02-10 00:00:00+00:00,Altec,BOT,Immortals,2020-02-11T02:07:52+00:00,17.598,4,1.4,3.6,357.8,5,45.56,3,2020-02-09T19:18:31+00:00,False,False
2020-02-10 00:00:00+00:00,Armao,JGL,Dignitas,2020-02-16T00:42:51+00:00,4.574,0.8,3.6,3.8,142.8,5,16.44,2,2020-02-09T21:42:17+00:00,False,False
2020-02-10 00:00:00+00:00,Bang,BOT,Evil Geniuses,2020-02-16T22:42:31+00:00,20.256,4.6,1.2,6,327.2,5,9.66,1,2020-02-09T22:34:42+00:00,False,False
2020-02-10 00:00:00+00:00,Biofrost,SUP,TSM,2020-02-15T22:44:15+00:00,16.806,0.8,1.4,9,44.8,5,24.07,2,2020-02-09T20:43:48+00:00,False,False
2020-02-10 00:00:00+00:00,Bjergsen,MID,TSM,2020-02-15T22:44:15+00:00,17.332,2.8,0.6,6.4,268.4,5,22.47,2,2020-02-09T20:43:48+00:00,False,False
2020-02-10 00:00:00+00:00,Blaber,JGL,Cloud9,2020-02-15T22:44:15+00:00,20.216,5.2,1.4,8,186.8,5,15.71,1,2020-02-09T21:42:17+00:00,False,False
2020-02-10 00:00:00+00:00,BrokenBlade,TOP,TSM,2020-02-15T22:44:15+00:00,21.294,4.4,1.4,6,253.4,5,22.86,2,2020-02-09T20:43:48+00:00,False,False
2020-02-10 00:00:00+00:00,Broxah,JGL,Team Liquid,2020-02-15T21:33:19+00:00,9.72533333333,1.91666666667,2.83333333333,5.71666666667,171.033333333,0,21.92,2,,False,False
2020-02-10 00:00:00+00:00,Closer,JGL,Golden Guardians,2020-02-11T01:05:22+00:00,6.844,1.8,3.2,3.8,168.8,5,40.34,3,2020-02-09T20:43:48+00:00,False,False
2020-02-10 00:00:00+00:00,Cody Sun,BOT,100 Thieves,2020-02-16T00:42:51+00:00,12.102,2.6,1.6,3.6,334.6,5,7.15,1,2020-02-09T19:18:31+00:00,False,False
2020-02-10 00:00:00+00:00,CoreJJ,SUP,Team Liquid,2020-02-11T01:05:22+00:00,9.506,0.4,1.4,4.6,39,5,40.15,3,2020-02-08T22:48:29+00:00,False,False
2020-02-10 00:00:00+00:00,Crown,MID,Counter Logic Gaming,2020-02-11T02:07:52+00:00,13.178,3.4,2.8,3.8,270.6,5,16.34,3,2020-02-08T21:30:18+00:00,False,False
2020-02-10 00:00:00+00:00,Dardoch,JGL,TSM,2020-02-15T22:44:15+00:00,13.006,2.8,2.4,6.8,164,5,14.22,2,2020-02-09T20:43:48+00:00,False,False
2020-02-10 00:00:00+00:00,Doublelift,BOT,Team Liquid,2020-02-11T01:05:22+00:00,9.476,2.8,1.8,2.4,329.4,5,41.53,3,2020-02-08T22:48:29+00:00,False,False
2020-02-10 00:00:00+00:00,Eika,MID,Immortals,2020-02-11T02:07:52+00:00,10.408,2.4,2,2.8,319,5,36.88,3,2020-02-09T19:18:31+00:00,False,False
2020-02-10 00:00:00+00:00,FBI,BOT,Golden Guardians,2020-02-11T01:05:22+00:00,11.078,1.6,1.2,3.2,316.2,5,59.15,3,2020-02-09T20:43:48+00:00,False,False
2020-02-10 00:00:00+00:00,Froggen,MID,Dignitas,2020-02-16T00:42:51+00:00,12.374,2.8,1.8,2.6,286.2,5,22.06,2,2020-02-09T21:42:17+00:00,False,False
2020-02-10 00:00:00+00:00,Goldenglue,MID,Golden Guardians,2020-02-11T01:05:22+00:00,11.216,2.2,3,3,275,5,48.96,3,2020-02-09T20:43:48+00:00,False,False
2020-02-10 00:00:00+00:00,Griffin,JGL,Counter Logic Gaming,2020-02-11T02:07:52+00:00,10.372,1.6,3.4,6.8,193.6,5,22.78,3,2020-02-08T21:30:18+00:00,False,False
2020-02-10 00:00:00+00:00,Hakuho,SUP,Immortals,2020-02-11T02:07:52+00:00,14.222,0.4,2.2,7.6,40.2,5,22.42,3,2020-02-09T19:18:31+00:00,False,False
2020-02-10 00:00:00+00:00,Hauntzer,TOP,Golden Guardians,2020-02-11T01:05:22+00:00,7.122,1.4,3.6,2.6,254.4,5,60.06,3,2020-02-09T20:43:48+00:00,False,False
2020-02-10 00:00:00+00:00,Huni,TOP,Dignitas,2020-02-16T00:42:51+00:00,9.094,0.8,2.4,2.2,309.6,5,23.88,2,2020-02-09T21:42:17+00:00,False,False
2020-02-10 00:00:00+00:00,Ignar,SUP,FlyQuest,2020-02-16T21:32:03+00:00,11.722,0.6,2.2,6.6,34.4,5,28.76,1,2020-02-09T22:34:42+00:00,False,False
2020-02-10 00:00:00+00:00,Impact,TOP,Team Liquid,2020-02-11T01:05:22+00:00,11.86,1.2,1.4,3.2,268.8,5,41.22,3,2020-02-08T22:48:29+00:00,False,False
2020-02-10 00:00:00+00:00,Jensen,MID,Team Liquid,2020-02-11T01:05:22+00:00,14.73,3,1.4,2.8,330.6,5,42.11,3,2020-02-08T22:48:29+00:00,False,False
2020-02-10 00:00:00+00:00,Jiizuke,MID,Evil Geniuses,2020-02-16T22:42:31+00:00,12.758,3,2.6,4.6,319.4,5,13.49,1,2020-02-09T22:34:42+00:00,False,False
2020-02-10 00:00:00+00:00,Johnsun,BOT,Dignitas,2020-02-16T00:42:51+00:00,12.03,2.4,1.4,2.6,303,5,26.82,2,2020-02-09T21:42:17+00:00,False,False
2020-02-10 00:00:00+00:00,Keith,SUP,Golden Guardians,2020-02-11T01:05:22+00:00,0.956,0.2,5,2.8,33.8,5,41.76,3,2020-02-09T20:43:48+00:00,False,False
2020-02-10 00:00:00+00:00,Kobbe,BOT,TSM,2020-02-15T22:44:15+00:00,17.338,3,1.4,6.6,362.4,5,23.09,2,2020-02-09T20:43:48+00:00,False,False
2020-02-10 00:00:00+00:00,Kumo,TOP,Evil Geniuses,2020-02-16T22:42:31+00:00,10.038,3.2,3,2,284.2,5,16.48,1,2020-02-09T22:34:42+00:00,False,False
2020-02-10 00:00:00+00:00,Licorice,TOP,Cloud9,2020-02-15T22:44:15+00:00,19.166,2.8,1,6.8,293,5,21.44,1,2020-02-09T21:42:17+00:00,False,False
2020-02-10 00:00:00+00:00,Meteos,JGL,100 Thieves,2020-02-16T00:42:51+00:00,6.804,1.4,3.2,4.6,168.4,5,9.55,1,2020-02-09T19:18:31+00:00,False,False
2020-02-10 00:00:00+00:00,Nisqy,MID,Cloud9,2020-02-15T22:44:15+00:00,18.648,3.6,0.8,7.2,233,5,19.28,1,2020-02-09T21:42:17+00:00,False,False
2020-02-10 00:00:00+00:00,PowerOfEvil,MID,FlyQuest,2020-02-16T21:32:03+00:00,18.178,3.4,2.2,4,259,5,33.26,1,2020-02-09T22:34:42+00:00,False,False
2020-02-10 00:00:00+00:00,Ruin,TOP,Counter Logic Gaming,2020-02-11T02:07:52+00:00,13.918,2.2,3.4,6.2,250,5,28.28,3,2020-02-08T21:30:18+00:00,False,False
2020-02-10 00:00:00+00:00,Ryoma,MID,100 Thieves,2020-02-16T00:42:51+00:00,11.296,1.6,2,4.2,282.4,5,12.48,1,2020-02-09T19:18:31+00:00,False,False
2020-02-10 00:00:00+00:00,Santorin,JGL,FlyQuest,2020-02-16T21:32:03+00:00,9.83,2,2.8,6,155.2,5,17.3,1,2020-02-09T22:34:42+00:00,False,False
2020-02-10 00:00:00+00:00,Shernfire,JGL,Team Liquid,2020-02-11T01:05:22+00:00,7.568,0.8,2.4,5.4,163.8,5,10.12,1,2020-02-08T22:48:29+00:00,False,False
2020-02-10 00:00:00+00:00,Smoothie,SUP,Counter Logic Gaming,2020-02-11T02:07:52+00:00,8.016,0.4,3.2,5.8,34.8,5,22.66,3,2020-02-08T21:30:18+00:00,False,False
2020-02-10 00:00:00+00:00,Ssumday,TOP,100 Thieves,2020-02-16T00:42:51+00:00,11.256,1.8,2.6,2,307.2,5,10.31,1,2020-02-09T19:18:31+00:00,False,False
2020-02-10 00:00:00+00:00,Stixxay,BOT,Counter Logic Gaming,2020-02-11T02:07:52+00:00,13.956,2.2,1.4,4.8,307.8,5,30.39,3,2020-02-08T21:30:18+00:00,False,False
2020-02-10 00:00:00+00:00,Stunt,SUP,100 Thieves,2020-02-16T00:42:51+00:00,8.894,1,3.6,5,45.6,5,-2.81,1,2020-02-09T19:18:31+00:00,False,False
2020-02-10 00:00:00+00:00,Svenskeren,JGL,Evil Geniuses,2020-02-16T22:42:31+00:00,10.466,1.6,4.2,8,174.6,5,18.12,1,2020-02-09T22:34:42+00:00,False,False
2020-02-10 00:00:00+00:00,V1per,TOP,FlyQuest,2020-02-16T21:32:03+00:00,10.834,1.2,2,3.8,253,5,18.05,1,2020-02-09T22:34:42+00:00,False,False
2020-02-10 00:00:00+00:00,Vulcan,SUP,Cloud9,2020-02-15T22:44:15+00:00,17.29,0.8,0.4,9.4,34,5,22.11,1,2020-02-09T21:42:17+00:00,False,False
2020-02-10 00:00:00+00:00,WildTurtle,BOT,FlyQuest,2020-02-16T21:32:03+00:00,10.064,2.6,2.4,4.4,254,5,23.82,1,2020-02-09T22:34:42+00:00,False,False
2020-02-10 00:00:00+00:00,Xmithie,JGL,Immortals,2020-02-11T02:07:52+00:00,8.938,1.8,2.6,5.2,180.6,5,28.98,3,2020-02-09T19:18:31+00:00,False,False
2020-02-10 00:00:00+00:00,Zeyzal,SUP,Evil Geniuses,2020-02-16T22:42:31+00:00,18.372,0.4,1.4,9.8,40.6,5,22.4,1,2020-02-09T22:34:42+00:00,False,False
2020-02-10 00:00:00+00:00,Zven,BOT,Cloud9,2020-02-15T22:44:15+00:00,26.744,4.8,0.2,8.4,304.4,5,25.8,1,2020-02-09T21:42:17+00:00,False,False
2020-02-10 00:00:00+00:00,aphromoo,SUP,Dignitas,2020-02-16T00:42:51+00:00,8.094,0.6,2.6,4.2,31.8,5,24.96,2,2020-02-09T21:42:17+00:00,False,False
2020-02-10 00:00:00+00:00,sOAZ,TOP,Immortals,2020-02-11T02:07:52+00:00,9.67,1.6,2.6,3.4,257.6,5,40.01,3,2020-02-09T19:18:31+00:00,False,False
2020-02-17 00:00:00+00:00,Altec,BOT,Immortals,2020-02-22T23:39:37+00:00,19.41,3.6,0.6,4.4,330.6,5,9.43,2,2020-02-16T22:42:31+00:00,False,False
2020-02-17 00:00:00+00:00,Armao,JGL,Dignitas,2020-02-22T23:39:37+00:00,3.856,1.6,3.6,2.2,154.2,5,25.12,1,2020-02-16T19:02:07+00:00,False,False
2020-02-17 00:00:00+00:00,Bang,BOT,Evil Geniuses,2020-02-18T02:07:45+00:00,15.906,3,1.4,6,330.8,5,30.37,2,2020-02-16T22:42:31+00:00,False,False
2020-02-17 00:00:00+00:00,Biofrost,SUP,TSM,2020-02-22T21:37:14+00:00,14.616,1.2,2.2,8,43.8,5,29.39,1,2020-02-16T21:32:03+00:00,False,False
2020-02-17 00:00:00+00:00,Bjergsen,MID,TSM,2020-02-22T21:37:14+00:00,16.364,2.4,1.8,6.4,259.8,5,28.57,1,2020-02-16T21:32:03+00:00,False,False
2020-02-17 00:00:00+00:00,Blaber,JGL,Cloud9,2020-02-18T02:07:45+00:00,18.884,4.6,1.4,7.6,183.6,5,47.35,3,2020-02-15T22:44:15+00:00,False,False
2020-02-17 00:00:00+00:00,BrokenBlade,TOP,TSM,2020-02-22T21:37:14+00:00,17.284,3.6,1.6,5.6,252.6,5,11.59,1,2020-02-16T21:32:03+00:00,False,False
2020-02-17 00:00:00+00:00,Broxah,JGL,Team Liquid,2020-02-23T19:37:02+00:00,10.96,0,1.5,6,146,2,4,1,2020-02-16T20:41:06+00:00,False,False
2020-02-17 00:00:00+00:00,Closer,JGL,Golden Guardians,2020-02-23T00:35:15+00:00,9.596,1.6,2,4.8,153.8,5,11.01,2,2020-02-16T19:02:07+00:00,False,False
2020-02-17 00:00:00+00:00,Cody Sun,BOT,100 Thieves,2020-02-18T00:12:52+00:00,11.52,2.4,1.4,3.8,311.6,5,29.53,3,2020-02-16T00:42:51+00:00,False,False
2020-02-17 00:00:00+00:00,CoreJJ,SUP,Team Liquid,2020-02-23T19:37:02+00:00,11.916,0.2,1.4,5.8,41.8,5,3.79,1,2020-02-16T20:41:06+00:00,False,False
2020-02-17 00:00:00+00:00,Dardoch,JGL,TSM,2020-02-22T21:37:14+00:00,10.956,3.2,3.4,5.6,161.8,5,12.6,1,2020-02-16T21:32:03+00:00,False,False
2020-02-17 00:00:00+00:00,Doublelift,BOT,Team Liquid,2020-02-23T19:37:02+00:00,13.728,3.4,1.6,2.8,297.6,5,3.96,1,2020-02-16T20:41:06+00:00,False,False
2020-02-17 00:00:00+00:00,Eika,MID,Immortals,2020-02-22T23:39:37+00:00,13.27,3.2,1.2,2.6,311,5,25.64,2,2020-02-16T22:42:31+00:00,False,False
2020-02-17 00:00:00+00:00,FBI,BOT,Golden Guardians,2020-02-23T00:35:15+00:00,14.924,2,1.2,4.2,310.2,5,11.17,2,2020-02-16T19:02:07+00:00,False,False
2020-02-17 00:00:00+00:00,Froggen,MID,Dignitas,2020-02-22T23:39:37+00:00,7.984,1.4,2.2,2.4,275,5,37.06,1,2020-02-16T19:02:07+00:00,False,False
2020-02-17 00:00:00+00:00,Goldenglue,MID,Golden Guardians,2020-02-23T00:35:15+00:00,11.528,2.2,2.6,4.2,245.2,5,19.83,2,2020-02-16T19:02:07+00:00,False,False
2020-02-17 00:00:00+00:00,Griffin,JGL,Counter Logic Gaming,2020-02-22T22:45:15+00:00,11.694,1.8,2.4,7,176.2,5,19.3,2,2020-02-16T20:41:06+00:00,False,False
2020-02-17 00:00:00+00:00,Hakuho,SUP,Immortals,2020-02-22T23:39:37+00:00,12.508,0.6,1.4,6.8,38.6,5,17.3,2,2020-02-16T22:42:31+00:00,False,False
2020-02-17 00:00:00+00:00,Hauntzer,TOP,Golden Guardians,2020-02-23T00:35:15+00:00,13.394,2.8,2,3.2,247,5,15.52,2,2020-02-16T19:02:07+00:00,False,False
2020-02-17 00:00:00+00:00,Huni,TOP,Dignitas,2020-02-22T23:39:37+00:00,9.09,0.6,2.6,2.6,267.2,5,29.53,1,2020-02-16T19:02:07+00:00,False,False
2020-02-17 00:00:00+00:00,Ignar,SUP,FlyQuest,2020-02-18T00:12:52+00:00,11.568,0.6,2.4,7.6,29.4,5,54.69,3,2020-02-16T21:32:03+00:00,False,False
2020-02-17 00:00:00+00:00,Impact,TOP,Team Liquid,2020-02-23T19:37:02+00:00,14.202,1.8,1.8,3.4,245.8,5,1.16,1,2020-02-16T20:41:06+00:00,False,False
2020-02-17 00:00:00+00:00,Jensen,MID,Team Liquid,2020-02-23T19:37:02+00:00,15.166,1.8,0.8,4.2,296.8,5,14.93,1,2020-02-16T20:41:06+00:00,False,False
2020-02-17 00:00:00+00:00,Jiizuke,MID,Evil Geniuses,2020-02-18T02:07:45+00:00,12.552,3.6,3,3.8,310.8,5,29.91,2,2020-02-16T22:42:31+00:00,False,False
2020-02-17 00:00:00+00:00,Johnsun,BOT,Dignitas,2020-02-22T23:39:37+00:00,9.152,2.2,1.8,1.8,295.8,5,19.86,1,2020-02-16T19:02:07+00:00,False,False
2020-02-17 00:00:00+00:00,Keith,SUP,Golden Guardians,2020-02-23T00:35:15+00:00,8.164,1,3,4.2,28.8,5,12.67,2,2020-02-16T19:02:07+00:00,False,False
2020-02-17 00:00:00+00:00,Kobbe,BOT,TSM,2020-02-22T21:37:14+00:00,15.656,2.8,2.2,5.6,338.8,5,9.23,1,2020-02-16T21:32:03+00:00,False,False
2020-02-17 00:00:00+00:00,Kumo,TOP,Evil Geniuses,2020-02-18T02:07:45+00:00,11.416,3,2.8,2.8,286.8,5,21.83,2,2020-02-16T22:42:31+00:00,False,False
2020-02-17 00:00:00+00:00,Licorice,TOP,Cloud9,2020-02-18T02:07:45+00:00,21.26,2.2,0.4,8.2,281.4,5,45.29,3,2020-02-15T22:44:15+00:00,False,False
2020-02-17 00:00:00+00:00,Meteos,JGL,100 Thieves,2020-02-18T00:12:52+00:00,9.136,1.8,2.4,5,163.4,5,18.38,3,2020-02-16T00:42:51+00:00,False,False
2020-02-17 00:00:00+00:00,Nisqy,MID,Cloud9,2020-02-18T02:07:45+00:00,19.442,4.4,1.4,6.8,217,5,60.02,3,2020-02-15T22:44:15+00:00,False,False
2020-02-17 00:00:00+00:00,Pobelter,MID,Counter Logic Gaming,2020-02-22T22:45:15+00:00,14.1804878049,2.93902439024,2.0487804878,4.13414634146,280.548780488,0,11.29,2,,False,False
2020-02-17 00:00:00+00:00,PowerOfEvil,MID,FlyQuest,2020-02-18T00:12:52+00:00,19.444,4.4,2.4,3.2,299.4,5,70.4,3,2020-02-16T21:32:03+00:00,False,False
2020-02-17 00:00:00+00:00,Ruin,TOP,Counter Logic Gaming,2020-02-22T22:45:15+00:00,12.844,1.4,2.8,6,220,5,24.47,2,2020-02-16T20:41:06+00:00,False,False
2020-02-17 00:00:00+00:00,Ryoma,MID,100 Thieves,2020-02-18T00:12:52+00:00,13.18,2,1.8,4.2,270.8,5,39.32,3,2020-02-16T00:42:51+00:00,False,False
2020-02-17 00:00:00+00:00,Santorin,JGL,FlyQuest,2020-02-18T00:12:52+00:00,8.316,1.2,3.2,6.6,151.8,5,37.68,3,2020-02-16T21:32:03+00:00,False,False
2020-02-17 00:00:00+00:00,Smoothie,SUP,Counter Logic Gaming,2020-02-22T22:45:15+00:00,10.308,1,2.4,6,30.6,5,24.09,2,2020-02-16T20:41:06+00:00,False,False
2020-02-17 00:00:00+00:00,Ssumday,TOP,100 Thieves,2020-02-18T00:12:52+00:00,12.176,2.2,2.8,2.4,282.2,5,37.33,3,2020-02-16T00:42:51+00:00,False,False
2020-02-17 00:00:00+00:00,Stixxay,BOT,Counter Logic Gaming,2020-02-22T22:45:15+00:00,15.32,2.8,1,4.4,304.2,5,16.44,2,2020-02-16T20:41:06+00:00,False,False
2020-02-17 00:00:00+00:00,Stunt,SUP,100 Thieves,2020-02-18T00:12:52+00:00,6.586,0.6,4.2,5,43.8,5,23.88,3,2020-02-16T00:42:51+00:00,False,False
2020-02-17 00:00:00+00:00,Svenskeren,JGL,Evil Geniuses,2020-02-18T02:07:45+00:00,10.612,1.6,3.8,7.4,169.2,5,16.6,2,2020-02-16T22:42:31+00:00,False,False
2020-02-17 00:00:00+00:00,V1per,TOP,FlyQuest,2020-02-18T00:12:52+00:00,11.204,0.8,3.2,6.2,250,5,44.87,3,2020-02-16T21:32:03+00:00,False,False
2020-02-17 00:00:00+00:00,Vulcan,SUP,Cloud9,2020-02-18T02:07:45+00:00,18.552,0.8,0.2,9.4,34,5,66.88,3,2020-02-15T22:44:15+00:00,False,False
2020-02-17 00:00:00+00:00,WildTurtle,BOT,FlyQuest,2020-02-18T00:12:52+00:00,11.61,3,2.2,4.6,291,5,53.6,3,2020-02-16T21:32:03+00:00,False,False
2020-02-17 00:00:00+00:00,Xmithie,JGL,Immortals,2020-02-22T23:39:37+00:00,12.9,2,1.6,6,183.4,5,2.13,2,2020-02-16T22:42:31+00:00,False,False
2020-02-17 00:00:00+00:00,Zeyzal,SUP,Evil Geniuses,2020-02-18T02:07:45+00:00,19.026,1,1.4,9.2,33,5,17.11,2,2020-02-16T22:42:31+00:00,False,False
2020-02-17 00:00:00+00:00,Zven,BOT,Cloud9,2020-02-18T02:07:45+00:00,26.682,5,0.2,7.8,294.2,5,71.7,3,2020-02-15T22:44:15+00:00,False,False
2020-02-17 00:00:00+00:00,aphromoo,SUP,Dignitas,2020-02-22T23:39:37+00:00,7.096,0,3.4,4.2,36.2,5,20.65,1,2020-02-16T19:02:07+00:00,False,False
2020-02-17 00:00:00+00:00,sOAZ,TOP,Immortals,2020-02-22T23:39:37+00:00,14.29,1.4,1.4,5,242,5,8,2,2020-02-16T22:42:31+00:00,False,False
2020-02-24 00:00:00+00:00,Apollo,BOT,Immortals,2020-02-29T23:45:06+00:00,14.6671,2.96,1.42,4.27,316.21,0,0.51,1,,False,False
2020-02-24 00:00:00+00:00,Armao,JGL,Dignitas,2020-02-25T00:20:16+00:00,8.404,2.2,2.8,3.8,160.2,5,2.04,2,2020-02-22T23:39:37+00:00,False,False
2020-02-24 00:00:00+00:00,Bang,BOT,Evil Geniuses,2020-02-25T02:09:45+00:00,15.228,3.2,1,4.2,337.2,5,40.04,3,2020-02-23T19:37:02+00:00,False,False
2020-02-24 00:00:00+00:00,Biofrost,SUP,TSM,2020-02-25T02:09:45+00:00,18.294,1.6,1.8,8.6,45.6,5,22.09,3,2020-02-22T21:37:14+00:00,False,False
2020-02-24 00:00:00+00:00,Bjergsen,MID,TSM,2020-02-25T02:09:45+00:00,18.336,3.2,2,6.6,269.8,5,13.29,3,2020-02-22T21:37:14+00:00,False,False
2020-02-24 00:00:00+00:00,Blaber,JGL,Cloud9,2020-02-29T21:26:53+00:00,16.914,4,1.8,7,171.8,5,20.45,1,2020-02-23T20:53:07+00:00,False,False
2020-02-24 00:00:00+00:00,BrokenBlade,TOP,TSM,2020-02-25T02:09:45+00:00,17.174,4,2,5.2,262.8,5,31.51,3,2020-02-22T21:37:14+00:00,False,False
2020-02-24 00:00:00+00:00,Broxah,JGL,Team Liquid,2020-02-25T00:20:16+00:00,8.64,0.333333333333,2,4.66666666667,147.333333333,3,41,3,2020-02-23T19:37:02+00:00,False,False
2020-02-24 00:00:00+00:00,Closer,JGL,Golden Guardians,2020-02-29T23:45:06+00:00,10.27,1.4,2.4,5.8,155.4,5,20.25,2,2020-02-23T21:48:34+00:00,False,False
2020-02-24 00:00:00+00:00,Cody Sun,BOT,100 Thieves,2020-03-01T00:37:04+00:00,8.65,1.8,1.4,3.2,295,5,23.61,2,2020-02-23T21:48:34+00:00,False,False
2020-02-24 00:00:00+00:00,CoreJJ,SUP,Team Liquid,2020-02-25T00:20:16+00:00,9.384,0.2,1.6,4.4,42.8,5,54.54,3,2020-02-23T19:37:02+00:00,False,False
2020-02-24 00:00:00+00:00,Dardoch,JGL,TSM,2020-02-25T02:09:45+00:00,12.352,2.8,2.8,7,161.4,5,14.71,3,2020-02-22T21:37:14+00:00,False,False
2020-02-24 00:00:00+00:00,Doublelift,BOT,Team Liquid,2020-02-25T00:20:16+00:00,10.904,2.2,1.8,2.4,321.2,5,27.64,1,2020-02-23T19:37:02+00:00,False,False
2020-02-24 00:00:00+00:00,Eika,MID,Immortals,2020-02-29T23:45:06+00:00,12.504,2.2,1.8,1.6,298.6,5,1.57,1,2020-02-23T20:53:07+00:00,False,False
2020-02-24 00:00:00+00:00,FBI,BOT,Golden Guardians,2020-02-29T23:45:06+00:00,14.064,2.2,1.6,4.6,310.8,5,14.32,2,2020-02-23T21:48:34+00:00,False,False
2020-02-24 00:00:00+00:00,Froggen,MID,Dignitas,2020-02-25T00:20:16+00:00,14.964,2.2,1.6,4.4,279.2,5,25.26,2,2020-02-22T23:39:37+00:00,False,False
2020-02-24 00:00:00+00:00,Goldenglue,MID,Golden Guardians,2020-02-29T23:45:06+00:00,13.758,3,2,4,242.2,5,20.27,2,2020-02-23T21:48:34+00:00,False,False
2020-02-24 00:00:00+00:00,Griffin,JGL,Counter Logic Gaming,2020-03-01T21:41:09+00:00,8.416,1.4,2.2,4.8,161,5,9.46,1,2020-02-23T22:43:55+00:00,False,False
2020-02-24 00:00:00+00:00,Hakuho,SUP,Immortals,2020-02-29T23:45:06+00:00,7.944,0.6,2,3.6,38.6,5,1.44,1,2020-02-23T20:53:07+00:00,False,False
2020-02-24 00:00:00+00:00,Hauntzer,TOP,Golden Guardians,2020-02-29T23:45:06+00:00,15.116,2.6,1.6,3.8,266,5,37.55,2,2020-02-23T21:48:34+00:00,False,False
2020-02-24 00:00:00+00:00,Huni,TOP,Dignitas,2020-02-25T00:20:16+00:00,14.582,1.4,2,4.4,271.8,5,7.69,2,2020-02-22T23:39:37+00:00,False,False
2020-02-24 00:00:00+00:00,Ignar,SUP,FlyQuest,2020-02-29T21:26:53+00:00,17.116,0.6,1.6,9.6,29.8,5,19.12,2,2020-02-23T22:43:55+00:00,False,False
2020-02-24 00:00:00+00:00,Impact,TOP,Team Liquid,2020-02-25T00:20:16+00:00,10.56,1.4,2.8,2.2,258.8,5,52.34,3,2020-02-23T19:37:02+00:00,False,False
2020-02-24 00:00:00+00:00,Jensen,MID,Team Liquid,2020-02-25T00:20:16+00:00,12.628,1,0.8,3.4,314.4,5,64.16,3,2020-02-23T19:37:02+00:00,False,False
2020-02-24 00:00:00+00:00,Jiizuke,MID,Evil Geniuses,2020-02-25T02:09:45+00:00,15.762,3.4,3.4,5.2,283.4,5,38.93,3,2020-02-23T19:37:02+00:00,False,False
2020-02-24 00:00:00+00:00,Johnsun,BOT,Dignitas,2020-02-25T00:20:16+00:00,12.098,2.6,1,3.2,290.4,5,22.29,2,2020-02-22T23:39:37+00:00,False,False
2020-02-24 00:00:00+00:00,Keith,SUP,Golden Guardians,2020-02-29T23:45:06+00:00,10.886,1,3.2,5.6,24.8,5,14.16,2,2020-02-23T21:48:34+00:00,False,False
2020-02-24 00:00:00+00:00,Kobbe,BOT,TSM,2020-02-25T02:09:45+00:00,12.348,2.4,2.6,5.2,334.8,5,39.49,3,2020-02-22T21:37:14+00:00,False,False
2020-02-24 00:00:00+00:00,Kumo,TOP,Evil Geniuses,2020-02-25T02:09:45+00:00,10.9,2,2.8,3.4,258.8,5,26.74,3,2020-02-23T19:37:02+00:00,False,False
2020-02-24 00:00:00+00:00,Licorice,TOP,Cloud9,2020-02-29T21:26:53+00:00,17.048,1.8,1,6.2,258.6,5,13.73,1,2020-02-23T20:53:07+00:00,False,False
2020-02-24 00:00:00+00:00,Meteos,JGL,100 Thieves,2020-03-01T00:37:04+00:00,6.874,1.6,2.4,4,153,5,23.65,2,2020-02-23T21:48:34+00:00,False,False
2020-02-24 00:00:00+00:00,Nisqy,MID,Cloud9,2020-02-29T21:26:53+00:00,21.108,5,1.4,6.2,214.8,5,26.83,1,2020-02-23T20:53:07+00:00,False,False
2020-02-24 00:00:00+00:00,Pobelter,MID,Counter Logic Gaming,2020-03-01T21:41:09+00:00,5.645,0.5,4.5,4,289.5,2,30.35,1,2020-02-23T22:43:55+00:00,False,False
2020-02-24 00:00:00+00:00,PowerOfEvil,MID,FlyQuest,2020-02-29T21:26:53+00:00,22.878,5,1.4,4.4,353.2,5,37.02,2,2020-02-23T22:43:55+00:00,False,False
2020-02-24 00:00:00+00:00,Ruin,TOP,Counter Logic Gaming,2020-03-01T21:41:09+00:00,10.55,1.8,2.8,2.6,249.4,5,23.26,1,2020-02-23T22:43:55+00:00,False,False
2020-02-24 00:00:00+00:00,Ryoma,MID,100 Thieves,2020-03-01T00:37:04+00:00,12.55,2.8,2.2,3.2,255,5,30.41,2,2020-02-23T21:48:34+00:00,False,False
2020-02-24 00:00:00+00:00,Santorin,JGL,FlyQuest,2020-02-29T21:26:53+00:00,11.572,1.6,2.2,7.2,157.6,5,24.2,2,2020-02-23T22:43:55+00:00,False,False
2020-02-24 00:00:00+00:00,Smoothie,SUP,Counter Logic Gaming,2020-03-01T21:41:09+00:00,9.35,1.6,2.4,4,29.2,5,19.31,1,2020-02-23T22:43:55+00:00,False,False
2020-02-24 00:00:00+00:00,Ssumday,TOP,100 Thieves,2020-03-01T00:37:04+00:00,11.59,1.8,1.6,2.4,291,5,22.45,2,2020-02-23T21:48:34+00:00,False,False
2020-02-24 00:00:00+00:00,Stixxay,BOT,Counter Logic Gaming,2020-03-01T21:41:09+00:00,9.366,1.4,2.2,3.8,287.8,5,16.66,1,2020-02-23T22:43:55+00:00,False,False
2020-02-24 00:00:00+00:00,Stunt,SUP,100 Thieves,2020-03-01T00:37:04+00:00,5.706,0.6,4.6,4.2,39.8,5,21.77,2,2020-02-23T21:48:34+00:00,False,False
2020-02-24 00:00:00+00:00,Svenskeren,JGL,Evil Geniuses,2020-02-25T02:09:45+00:00,11.998,1.2,3.2,7.8,149.2,5,23.85,3,2020-02-23T19:37:02+00:00,False,False
2020-02-24 00:00:00+00:00,Tactical,BOT,Team Liquid,2020-02-29T22:47:39+00:00,14.7504,2.99,1.41,4.3,316.84,0,40.94,2,,False,False
2020-02-24 00:00:00+00:00,V1per,TOP,FlyQuest,2020-02-29T21:26:53+00:00,14.162,1.4,2.4,6.8,254.2,5,16.5,2,2020-02-23T22:43:55+00:00,False,False
2020-02-24 00:00:00+00:00,Vulcan,SUP,Cloud9,2020-02-29T21:26:53+00:00,21.24,0.4,0.2,10.2,58.6,5,14.77,1,2020-02-23T20:53:07+00:00,False,False
2020-02-24 00:00:00+00:00,WildTurtle,BOT,FlyQuest,2020-02-29T21:26:53+00:00,16.188,4,1.6,4.8,323.6,5,16.99,2,2020-02-23T22:43:55+00:00,False,False
2020-02-24 00:00:00+00:00,Xmithie,JGL,Immortals,2020-02-29T23:45:06+00:00,6.222,1,2.8,3.4,168.8,5,-2.51,1,2020-02-23T20:53:07+00:00,False,False
2020-02-24 00:00:00+00:00,Zeyzal,SUP,Evil Geniuses,2020-02-25T02:09:45+00:00,15.534,1.2,1.2,7,33.2,5,36.07,3,2020-02-23T19:37:02+00:00,False,False
2020-02-24 00:00:00+00:00,Zven,BOT,Cloud9,2020-02-29T21:26:53+00:00,21.894,4.8,0.6,6,253.4,5,17.34,1,2020-02-23T20:53:07+00:00,False,False
2020-02-24 00:00:00+00:00,aphromoo,SUP,Dignitas,2020-02-25T00:20:16+00:00,10.04,0,3.2,6.4,36.2,5,9.57,2,2020-02-22T23:39:37+00:00,False,False
2020-02-24 00:00:00+00:00,sOAZ,TOP,Immortals,2020-02-29T23:45:06+00:00,9.602,0.4,1.6,3,232.6,5,7.52,1,2020-02-23T20:53:07+00:00,False,False
2020-03-02 00:00:00+00:00,Akaadian,JGL,Dignitas,2020-03-07T22:34:21+00:00,10.1855,1.81,2.52,5.68,163.84,0,15.05,2,,False,False
2020-03-02 00:00:00+00:00,Apollo,BOT,Immortals,2020-03-03T00:11:21+00:00,0.51,0,2,0,251,1,52.7,2,2020-02-29T23:45:06+00:00,False,False
2020-03-02 00:00:00+00:00,Armao,JGL,Dignitas,2020-03-03T02:30:07+00:00,8.72,1.8,2.8,4.6,160.8,5,3.2,1,2020-03-01T20:37:32+00:00,False,False
2020-03-02 00:00:00+00:00,Bang,BOT,Evil Geniuses,2020-03-08T01:10:53+00:00,14.082,2.6,0.8,4.2,288.2,5,43.8,2,2020-03-01T22:42:10+00:00,False,False
2020-03-02 00:00:00+00:00,Biofrost,SUP,TSM,2020-03-07T21:40:12+00:00,14.222,1,1.6,5.8,40.2,5,44.78,2,2020-03-01T21:41:09+00:00,False,False
2020-03-02 00:00:00+00:00,Bjergsen,MID,TSM,2020-03-07T21:40:12+00:00,11.794,2,2,3.8,288.2,5,60.44,2,2020-03-01T21:41:09+00:00,False,False
2020-03-02 00:00:00+00:00,Blaber,JGL,Cloud9,2020-03-03T02:30:07+00:00,16.702,3.2,1.6,7.2,181.8,5,24.28,2,2020-02-29T21:26:53+00:00,False,False
2020-03-02 00:00:00+00:00,BrokenBlade,TOP,TSM,2020-03-07T21:40:12+00:00,11.822,2.2,3,3.2,264.6,5,40.86,2,2020-03-01T21:41:09+00:00,False,False
2020-03-02 00:00:00+00:00,Broxah,JGL,Team Liquid,2020-03-07T23:51:50+00:00,13.052,0.8,0.8,6.8,145.4,5,6.57,1,2020-03-01T19:26:47+00:00,False,False
2020-03-02 00:00:00+00:00,Closer,JGL,Golden Guardians,2020-03-08T20:46:44+00:00,9.548,1.8,2.8,4.8,155.6,5,11.97,1,2020-03-01T22:42:10+00:00,False,False
2020-03-02 00:00:00+00:00,Cody Sun,BOT,100 Thieves,2020-03-07T22:34:21+00:00,10.628,2.6,1.6,3.8,289.6,5,31.91,2,2020-03-01T19:26:47+00:00,False,False
2020-03-02 00:00:00+00:00,CoreJJ,SUP,Team Liquid,2020-03-07T23:51:50+00:00,16.372,0,0.4,8.4,31.8,5,11.91,1,2020-03-01T19:26:47+00:00,False,False
2020-03-02 00:00:00+00:00,Dardoch,JGL,TSM,2020-03-07T21:40:12+00:00,7.216,1.2,2.2,4.2,162.8,5,35.42,2,2020-03-01T21:41:09+00:00,False,False
2020-03-02 00:00:00+00:00,Eika,MID,Immortals,2020-03-03T00:11:21+00:00,11.692,1.8,1.4,1.4,278,5,28.31,2,2020-02-29T23:45:06+00:00,False,False
2020-03-02 00:00:00+00:00,FBI,BOT,Golden Guardians,2020-03-08T20:46:44+00:00,10.204,2,1.8,1.8,341.6,5,18,1,2020-03-01T22:42:10+00:00,False,False
2020-03-02 00:00:00+00:00,Froggen,MID,Dignitas,2020-03-03T02:30:07+00:00,16.876,2.2,1.2,4.8,291.6,5,36.56,3,2020-03-01T20:37:32+00:00,False,False
2020-03-02 00:00:00+00:00,Goldenglue,MID,Golden Guardians,2020-03-08T20:46:44+00:00,9.926,1.8,1.6,2.6,286.2,5,20.4,1,2020-03-01T22:42:10+00:00,False,False
2020-03-02 00:00:00+00:00,Griffin,JGL,Counter Logic Gaming,2020-03-03T00:11:21+00:00,8.156,1.4,2,4.6,158.2,5,32.59,3,2020-03-01T21:41:09+00:00,False,False
2020-03-02 00:00:00+00:00,Hakuho,SUP,Immortals,2020-03-03T00:11:21+00:00,6.698,0.6,1.8,2.6,38.2,5,20.11,2,2020-02-29T23:45:06+00:00,False,False
2020-03-02 00:00:00+00:00,Hauntzer,TOP,Golden Guardians,2020-03-08T20:46:44+00:00,15.586,2.2,2.2,3.4,299,5,22.54,1,2020-03-01T22:42:10+00:00,False,False
2020-03-02 00:00:00+00:00,Huni,TOP,Dignitas,2020-03-03T02:30:07+00:00,12.22,1.6,2.6,4.2,237.4,5,24.22,3,2020-03-01T20:37:32+00:00,False,False
2020-03-02 00:00:00+00:00,Ignar,SUP,FlyQuest,2020-03-08T01:10:53+00:00,14.762,0.8,1.2,6.8,70.8,5,9.68,2,2020-03-01T20:37:32+00:00,False,False
2020-03-02 00:00:00+00:00,Impact,TOP,Team Liquid,2020-03-07T23:51:50+00:00,14.604,3.2,1.4,3.2,222.6,5,7.75,1,2020-03-01T19:26:47+00:00,False,False
2020-03-02 00:00:00+00:00,Jensen,MID,Team Liquid,2020-03-07T23:51:50+00:00,19.77,3,0.2,5.2,284.4,5,16.01,1,2020-03-01T19:26:47+00:00,False,False
2020-03-02 00:00:00+00:00,Jiizuke,MID,Evil Geniuses,2020-03-08T01:10:53+00:00,13.768,2.8,3.2,4.2,281.2,5,37.94,2,2020-03-01T22:42:10+00:00,False,False
2020-03-02 00:00:00+00:00,Johnsun,BOT,Dignitas,2020-03-03T02:30:07+00:00,13.794,3,1.8,3.8,313,5,19.7,3,2020-03-01T20:37:32+00:00,False,False
2020-03-02 00:00:00+00:00,Kobbe,BOT,TSM,2020-03-07T21:40:12+00:00,13.992,2.4,1.8,3.2,348.2,5,44.71,2,2020-03-01T21:41:09+00:00,False,False
2020-03-02 00:00:00+00:00,Kumo,TOP,Evil Geniuses,2020-03-08T01:10:53+00:00,9.714,1.2,3,4.6,259.4,5,50.82,2,2020-03-01T22:42:10+00:00,False,False
2020-03-02 00:00:00+00:00,Licorice,TOP,Cloud9,2020-03-03T02:30:07+00:00,16.092,1.4,1.2,6.6,263.6,5,6.86,2,2020-02-29T21:26:53+00:00,False,False
2020-03-02 00:00:00+00:00,Meteos,JGL,100 Thieves,2020-03-07T22:34:21+00:00,8.406,2.2,2.8,5,156.6,5,22.62,2,2020-03-01T19:26:47+00:00,False,False
2020-03-02 00:00:00+00:00,Nisqy,MID,Cloud9,2020-03-03T02:30:07+00:00,21.226,4.8,1.8,7.2,221.2,5,29.46,2,2020-02-29T21:26:53+00:00,False,False
2020-03-02 00:00:00+00:00,Pobelter,MID,Counter Logic Gaming,2020-03-03T00:11:21+00:00,13.88,1.66666666667,3,4.66666666667,332,3,65.35,3,2020-03-01T21:41:09+00:00,False,False
2020-03-02 00:00:00+00:00,PowerOfEvil,MID,FlyQuest,2020-03-08T01:10:53+00:00,21.484,4.6,1,4,354.4,5,22.76,2,2020-03-01T20:37:32+00:00,False,False
2020-03-02 00:00:00+00:00,Ruin,TOP,Counter Logic Gaming,2020-03-03T00:11:21+00:00,12.096,2.2,2.8,2.6,226.6,5,45.44,3,2020-03-01T21:41:09+00:00,False,False
2020-03-02 00:00:00+00:00,Ryoma,MID,100 Thieves,2020-03-07T22:34:21+00:00,13.946,3.4,1.6,4.4,255.6,5,32.35,2,2020-03-01T19:26:47+00:00,False,False
2020-03-02 00:00:00+00:00,Santorin,JGL,FlyQuest,2020-03-08T01:10:53+00:00,12.376,2,1.4,6.2,169,5,5.48,2,2020-03-01T20:37:32+00:00,False,False
2020-03-02 00:00:00+00:00,Smoothie,SUP,Counter Logic Gaming,2020-03-03T00:11:21+00:00,11.746,1.4,2.2,5.2,26.4,5,35.6,3,2020-03-01T21:41:09+00:00,False,False
2020-03-02 00:00:00+00:00,Ssumday,TOP,100 Thieves,2020-03-07T22:34:21+00:00,11.956,1.6,1.2,3.2,288,5,33.31,2,2020-03-01T19:26:47+00:00,False,False
2020-03-02 00:00:00+00:00,Stixxay,BOT,Counter Logic Gaming,2020-03-03T00:11:21+00:00,9.49,1.4,2.2,4.4,270.2,5,25.47,1,2020-03-01T21:41:09+00:00,False,False
2020-03-02 00:00:00+00:00,Stunt,SUP,100 Thieves,2020-03-07T22:34:21+00:00,9.13,1,2.8,5.4,31.2,5,13.12,2,2020-03-01T19:26:47+00:00,False,False
2020-03-02 00:00:00+00:00,Svenskeren,JGL,Evil Geniuses,2020-03-08T01:10:53+00:00,8.09,1.2,3.4,5.2,163.8,5,24.88,2,2020-03-01T22:42:10+00:00,False,False
2020-03-02 00:00:00+00:00,Tactical,BOT,Team Liquid,2020-03-07T23:51:50+00:00,20.47,4,0,3,298.5,2,14.17,1,2020-03-01T19:26:47+00:00,False,False
2020-03-02 00:00:00+00:00,V1per,TOP,FlyQuest,2020-03-08T01:10:53+00:00,12.274,2,2.2,4.4,263,5,12.9,2,2020-03-01T20:37:32+00:00,False,False
2020-03-02 00:00:00+00:00,Vulcan,SUP,Cloud9,2020-03-03T02:30:07+00:00,20.752,0.2,0.8,10.6,58.4,5,30.16,2,2020-02-29T21:26:53+00:00,False,False
2020-03-02 00:00:00+00:00,WildTurtle,BOT,FlyQuest,2020-03-08T01:10:53+00:00,14.118,2.6,1.2,5,276.6,5,2.92,2,2020-03-01T20:37:32+00:00,False,False
2020-03-02 00:00:00+00:00,Wind,BOT,Counter Logic Gaming,2020-03-07T23:51:50+00:00,14.7216,2.98,1.48,4.29,308.51,0,19.17,2,,False,False
2020-03-02 00:00:00+00:00,Xmithie,JGL,Immortals,2020-03-03T00:11:21+00:00,4.636,0.8,3.2,2.8,160.2,5,22.38,2,2020-02-29T23:45:06+00:00,False,False
2020-03-02 00:00:00+00:00,Zeyzal,SUP,Evil Geniuses,2020-03-08T01:10:53+00:00,10.636,1.6,2.4,4.8,83.8,5,28.19,2,2020-03-01T22:42:10+00:00,False,False
2020-03-02 00:00:00+00:00,Zven,BOT,Cloud9,2020-03-03T02:30:07+00:00,22.968,6,0.6,5.2,265.4,5,38.73,2,2020-02-29T21:26:53+00:00,False,False
2020-03-02 00:00:00+00:00,aphromoo,SUP,Dignitas,2020-03-03T02:30:07+00:00,11.036,0.2,3.2,6.6,34.8,5,13.4,3,2020-03-01T20:37:32+00:00,False,False
2020-03-02 00:00:00+00:00,huhi,SUP,Golden Guardians,2020-03-08T20:46:44+00:00,11.7894,0.72,2.24,6.38,41.83,0,13.15,1,,False,False
2020-03-02 00:00:00+00:00,sOAZ,TOP,Immortals,2020-03-03T00:11:21+00:00,9.572,0.4,1.6,2.2,229.6,5,16.13,2,2020-02-29T23:45:06+00:00,False,False
2020-03-09 00:00:00+00:00,Apollo,BOT,Immortals,2020-03-09T23:52:05+00:00,17.7366666667,4.66666666667,1.33333333333,2.33333333333,347.333333333,3,38.27,1,2020-03-08T18:28:39+00:00,False,False
2020-03-09 00:00:00+00:00,Blaber,JGL,Cloud9,2020-03-10T01:09:26+00:00,14.8,2.6,1.6,5.2,183.4,5,25.5,1,2020-03-07T21:40:12+00:00,False,False
2020-03-09 00:00:00+00:00,Broxah,JGL,Team Liquid,2020-03-09T23:52:05+00:00,10.314,1,1.6,5.6,161.6,5,3.1,1,2020-03-07T23:51:50+00:00,False,False
2020-03-09 00:00:00+00:00,Closer,JGL,Golden Guardians,2020-03-10T01:09:26+00:00,8.646,1.8,2.6,3.6,161.6,5,6.13,1,2020-03-08T20:46:44+00:00,False,False
2020-03-09 00:00:00+00:00,CoreJJ,SUP,Team Liquid,2020-03-09T23:52:05+00:00,14.048,0,1,7.8,35.4,5,0.04,1,2020-03-07T23:51:50+00:00,False,False
2020-03-09 00:00:00+00:00,Doublelift,BOT,Team Liquid,2020-03-09T23:52:05+00:00,14.626,3.2,1.8,3.4,319.2,5,8.74,1,2020-02-25T00:20:16+00:00,False,False
2020-03-09 00:00:00+00:00,Eika,MID,Immortals,2020-03-09T23:52:05+00:00,11.104,1.6,2.2,3.8,279.2,5,13.94,1,2020-03-08T18:28:39+00:00,False,False
2020-03-09 00:00:00+00:00,FBI,BOT,Golden Guardians,2020-03-10T01:09:26+00:00,8.698,1.4,1.8,2,326.2,5,3.27,1,2020-03-08T20:46:44+00:00,False,False
2020-03-09 00:00:00+00:00,Goldenglue,MID,Golden Guardians,2020-03-10T01:09:26+00:00,12.1,1.8,1.2,2.2,289.6,5,3.87,1,2020-03-08T20:46:44+00:00,False,False
2020-03-09 00:00:00+00:00,Hakuho,SUP,Immortals,2020-03-09T23:52:05+00:00,7.77,0.8,2.4,3.8,38.4,5,9.99,1,2020-03-08T18:28:39+00:00,False,False
2020-03-09 00:00:00+00:00,Hauntzer,TOP,Golden Guardians,2020-03-10T01:09:26+00:00,15.122,2,2.2,3.2,298.4,5,6.89,1,2020-03-08T20:46:44+00:00,False,False
2020-03-09 00:00:00+00:00,Impact,TOP,Team Liquid,2020-03-09T23:52:05+00:00,12.25,2.2,1.6,3.4,237.8,5,1.87,1,2020-03-07T23:51:50+00:00,False,False
2020-03-09 00:00:00+00:00,Jensen,MID,Team Liquid,2020-03-09T23:52:05+00:00,19.02,3,0.4,4.2,335.2,5,12.31,1,2020-03-07T23:51:50+00:00,False,False
2020-03-09 00:00:00+00:00,Licorice,TOP,Cloud9,2020-03-10T01:09:26+00:00,8.196,0.4,2.2,4,237.8,5,32.22,1,2020-03-07T21:40:12+00:00,False,False
2020-03-09 00:00:00+00:00,Nisqy,MID,Cloud9,2020-03-10T01:09:26+00:00,18.73,2.4,1.6,6.6,238.8,5,17.52,1,2020-03-07T21:40:12+00:00,False,False
2020-03-09 00:00:00+00:00,Vulcan,SUP,Cloud9,2020-03-10T01:09:26+00:00,17.772,0.6,1.6,8.4,55.8,5,19.64,1,2020-03-07T21:40:12+00:00,False,False
2020-03-09 00:00:00+00:00,Xmithie,JGL,Immortals,2020-03-09T23:52:05+00:00,4.4,0.2,3.6,4.8,148.2,5,16.31,1,2020-03-08T18:28:39+00:00,False,False
2020-03-09 00:00:00+00:00,Zven,BOT,Cloud9,2020-03-10T01:09:26+00:00,21.548,5.2,1,4.2,267.6,5,12.12,1,2020-03-07T21:40:12+00:00,False,False
2020-03-09 00:00:00+00:00,huhi,SUP,Golden Guardians,2020-03-10T01:09:26+00:00,13.15,0,2,6,48,1,0.75,1,2020-03-08T20:46:44+00:00,False,False
2020-03-09 00:00:00+00:00,sOAZ,TOP,Immortals,2020-03-09T23:52:05+00:00,6.33,0.6,3,2.2,255.2,5,17.82,1,2020-03-08T18:28:39+00:00,False,False
2020-03-16 00:00:00+00:00,Akaadian,JGL,Dignitas,2020-03-22T00:02:05+00:00,7.525,3.5,2,1.5,187,2,26.36,2,2020-03-08T20:46:44+00:00,False,False
2020-03-16 00:00:00+00:00,Apollo,BOT,Immortals,2020-03-22T00:46:29+00:00,22.87,5.5,1,2.5,338.5,4,24.62,2,2020-03-09T23:52:05+00:00,False,False
2020-03-16 00:00:00+00:00,Bang,BOT,Evil Geniuses,2020-03-21T22:08:12+00:00,16.768,2.6,0.6,6.4,223.8,5,36.7,2,2020-03-08T21:44:08+00:00,False,False
2020-03-16 00:00:00+00:00,Biofrost,SUP,TSM,2020-03-21T20:18:48+00:00,13.374,0.2,1,6.8,33.6,5,26.82,2,2020-03-08T19:39:58+00:00,False,False
2020-03-16 00:00:00+00:00,Bjergsen,MID,TSM,2020-03-21T20:18:48+00:00,14.746,3.2,1.2,3.8,294.6,5,30.89,2,2020-03-08T19:39:58+00:00,False,False
2020-03-16 00:00:00+00:00,Blaber,JGL,Cloud9,2020-03-21T21:21:02+00:00,14.892,2.8,1.4,5.2,188.8,5,25.09,2,2020-03-10T01:09:26+00:00,False,False
2020-03-16 00:00:00+00:00,BrokenBlade,TOP,TSM,2020-03-21T20:18:48+00:00,14.474,1.8,2.8,5.4,225,5,42.01,2,2020-03-08T19:39:58+00:00,False,False
2020-03-16 00:00:00+00:00,Broxah,JGL,Team Liquid,2020-03-21T22:08:12+00:00,10.134,1,1.2,5.4,163.6,5,26.3,2,2020-03-09T23:52:05+00:00,False,False
2020-03-16 00:00:00+00:00,Closer,JGL,Golden Guardians,2020-03-21T20:18:48+00:00,8.648,1.8,2.8,3.8,163,5,10.41,2,2020-03-10T01:09:26+00:00,False,False
2020-03-16 00:00:00+00:00,Cody Sun,BOT,100 Thieves,2020-03-21T21:21:02+00:00,14.516,3.2,1.8,5.6,288.4,5,29.77,2,2020-03-08T18:28:39+00:00,False,False
2020-03-16 00:00:00+00:00,CoreJJ,SUP,Team Liquid,2020-03-21T22:08:12+00:00,13.298,0,1.6,7.8,33.4,5,32.11,2,2020-03-09T23:52:05+00:00,False,False
2020-03-16 00:00:00+00:00,Dardoch,JGL,TSM,2020-03-21T20:18:48+00:00,10.026,1,1.8,6.4,151.8,5,18.06,2,2020-03-08T19:39:58+00:00,False,False
2020-03-16 00:00:00+00:00,Doublelift,BOT,Team Liquid,2020-03-21T22:08:12+00:00,14.672,3.2,1.6,2.8,333.8,5,26.1,2,2020-03-09T23:52:05+00:00,False,False
2020-03-16 00:00:00+00:00,Eika,MID,Immortals,2020-03-22T00:46:29+00:00,11.136,1.6,2,5,272.4,5,30.41,2,2020-03-09T23:52:05+00:00,False,False
2020-03-16 00:00:00+00:00,FBI,BOT,Golden Guardians,2020-03-21T20:18:48+00:00,7.656,1.6,2.8,1.8,312,5,21.52,2,2020-03-10T01:09:26+00:00,False,False
2020-03-16 00:00:00+00:00,Froggen,MID,Dignitas,2020-03-22T00:02:05+00:00,12.364,1.2,1.4,2.6,294.4,5,33.3,2,2020-03-08T20:46:44+00:00,False,False
2020-03-16 00:00:00+00:00,Goldenglue,MID,Golden Guardians,2020-03-21T20:18:48+00:00,12.824,2,1.2,2.6,292,5,-1.19,2,2020-03-10T01:09:26+00:00,False,False
2020-03-16 00:00:00+00:00,Griffin,JGL,Counter Logic Gaming,2020-03-22T00:02:05+00:00,10.486,1.2,2.6,7.2,199.2,5,7.47,2,2020-03-08T21:44:08+00:00,False,False
2020-03-16 00:00:00+00:00,Hakuho,SUP,Immortals,2020-03-22T00:46:29+00:00,8.278,0.4,2,5.2,36,5,20.6,2,2020-03-09T23:52:05+00:00,False,False
2020-03-16 00:00:00+00:00,Hauntzer,TOP,Golden Guardians,2020-03-21T20:18:48+00:00,14.938,1.8,3,3.8,293.2,5,4.99,2,2020-03-10T01:09:26+00:00,False,False
2020-03-16 00:00:00+00:00,Huni,TOP,Dignitas,2020-03-22T00:02:05+00:00,6.382,1,3.6,2.2,242.4,5,20.52,2,2020-03-08T20:46:44+00:00,False,False
2020-03-16 00:00:00+00:00,Ignar,SUP,FlyQuest,2020-03-22T00:46:29+00:00,9.464,0.8,3,5.2,72.6,5,29.01,2,2020-03-08T19:39:58+00:00,False,False
2020-03-16 00:00:00+00:00,Impact,TOP,Team Liquid,2020-03-21T22:08:12+00:00,12.392,2,1.2,3.6,222,5,44.57,2,2020-03-09T23:52:05+00:00,False,False
2020-03-16 00:00:00+00:00,Jensen,MID,Team Liquid,2020-03-21T22:08:12+00:00,18.496,3.2,1.2,4.2,315,5,30.25,2,2020-03-09T23:52:05+00:00,False,False
2020-03-16 00:00:00+00:00,Jiizuke,MID,Evil Geniuses,2020-03-21T22:08:12+00:00,15.374,3.6,1.6,4.8,297.8,5,54.55,2,2020-03-08T21:44:08+00:00,False,False
2020-03-16 00:00:00+00:00,Johnsun,BOT,Dignitas,2020-03-22T00:02:05+00:00,8.398,1.2,2.4,2.8,339.8,5,31.21,2,2020-03-08T20:46:44+00:00,False,False
2020-03-16 00:00:00+00:00,Kobbe,BOT,TSM,2020-03-21T20:18:48+00:00,16.84,3.4,1,3.8,318.8,5,32.85,2,2020-03-08T19:39:58+00:00,False,False
2020-03-16 00:00:00+00:00,Kumo,TOP,Evil Geniuses,2020-03-21T22:08:12+00:00,15.512,3,2.2,4.8,252.2,5,24.98,2,2020-03-08T21:44:08+00:00,False,False
2020-03-16 00:00:00+00:00,Licorice,TOP,Cloud9,2020-03-21T21:21:02+00:00,12.662,1.6,1.8,4.6,247.4,5,30.31,2,2020-03-10T01:09:26+00:00,False,False
2020-03-16 00:00:00+00:00,Meteos,JGL,100 Thieves,2020-03-21T21:21:02+00:00,12.746,2.8,2,6.8,160.6,5,20.97,2,2020-03-08T18:28:39+00:00,False,False
2020-03-16 00:00:00+00:00,Nisqy,MID,Cloud9,2020-03-21T21:21:02+00:00,17.216,2,1.4,7.4,248.6,5,29.93,2,2020-03-10T01:09:26+00:00,False,False
2020-03-16 00:00:00+00:00,Pobelter,MID,Counter Logic Gaming,2020-03-22T00:02:05+00:00,19.926,4,2.4,4.8,380.6,5,14.91,2,2020-03-08T21:44:08+00:00,False,False
2020-03-16 00:00:00+00:00,PowerOfEvil,MID,FlyQuest,2020-03-22T00:46:29+00:00,18.564,3.6,1.6,3.4,340.2,5,35.6,2,2020-03-08T19:39:58+00:00,False,False
2020-03-16 00:00:00+00:00,Ruin,TOP,Counter Logic Gaming,2020-03-22T00:02:05+00:00,15.796,2.2,2.2,5.8,281.6,5,32.78,2,2020-03-08T21:44:08+00:00,False,False
2020-03-16 00:00:00+00:00,Ryoma,MID,100 Thieves,2020-03-21T21:21:02+00:00,16.856,3.8,1.2,5,278.4,5,42.29,2,2020-03-08T18:28:39+00:00,False,False
2020-03-16 00:00:00+00:00,Santorin,JGL,FlyQuest,2020-03-22T00:46:29+00:00,9.868,2.2,2.2,5,167.8,5,27.73,2,2020-03-08T19:39:58+00:00,False,False
2020-03-16 00:00:00+00:00,Smoothie,SUP,Counter Logic Gaming,2020-03-22T00:02:05+00:00,13.942,1.2,2.2,7.8,32.6,5,20.49,2,2020-03-08T21:44:08+00:00,False,False
2020-03-16 00:00:00+00:00,Solo,TOP,FlyQuest,2020-03-22T00:46:29+00:00,12.9343,1.88,2.22,4.06,256.9,0,27.04,2,,False,False
2020-03-16 00:00:00+00:00,Ssumday,TOP,100 Thieves,2020-03-21T21:21:02+00:00,15.032,2.6,1.2,3.6,303.6,5,26.2,2,2020-03-08T18:28:39+00:00,False,False
2020-03-16 00:00:00+00:00,Stixxay,BOT,Counter Logic Gaming,2020-03-22T00:02:05+00:00,11.886,2.8,2.6,4.8,299.8,5,24.91,2,2020-03-03T00:11:21+00:00,False,False
2020-03-16 00:00:00+00:00,Stunt,SUP,100 Thieves,2020-03-21T21:21:02+00:00,10.356,1.2,3,6.8,32,5,18.64,2,2020-03-08T18:28:39+00:00,False,False
2020-03-16 00:00:00+00:00,Svenskeren,JGL,Evil Geniuses,2020-03-21T22:08:12+00:00,9.746,1.6,2.4,5.8,163.2,5,24.3,2,2020-03-08T21:44:08+00:00,False,False
2020-03-16 00:00:00+00:00,Vulcan,SUP,Cloud9,2020-03-21T21:21:02+00:00,16.942,1.6,1.8,7.6,60.8,5,41.86,2,2020-03-10T01:09:26+00:00,False,False
2020-03-16 00:00:00+00:00,WildTurtle,BOT,FlyQuest,2020-03-22T00:46:29+00:00,7.882,1.4,2.2,4,277.8,5,35.42,2,2020-03-08T19:39:58+00:00,False,False
2020-03-16 00:00:00+00:00,Xmithie,JGL,Immortals,2020-03-22T00:46:29+00:00,7.61,0.8,2.4,5.4,156,5,16.73,2,2020-03-09T23:52:05+00:00,False,False
2020-03-16 00:00:00+00:00,Zeyzal,SUP,Evil Geniuses,2020-03-21T22:08:12+00:00,12.852,1.6,2.2,6.6,109.4,5,33.62,2,2020-03-08T21:44:08+00:00,False,False
2020-03-16 00:00:00+00:00,Zven,BOT,Cloud9,2020-03-21T21:21:02+00:00,19.058,4.6,1,4,257.2,5,44.71,2,2020-03-10T01:09:26+00:00,False,False
2020-03-16 00:00:00+00:00,aphromoo,SUP,Dignitas,2020-03-22T00:02:05+00:00,4.594,0.6,2.4,2.4,33.8,5,25.67,2,2020-03-08T20:46:44+00:00,False,False
2020-03-16 00:00:00+00:00,huhi,SUP,Golden Guardians,2020-03-21T20:18:48+00:00,6.95,0,3,4,39,2,4.24,2,2020-03-10T01:09:26+00:00,False,False
2020-03-16 00:00:00+00:00,sOAZ,TOP,Immortals,2020-03-22T00:46:29+00:00,8.89,1,2.8,2.8,265.8,5,19.26,2,2020-03-09T23:52:05+00:00,False,False
2020-03-23 00:00:00+00:00,Akaadian,JGL,Dignitas,2020-03-29T00:41:46+00:00,10.3525,3.75,2.25,3.75,173,4,18.45,2,2020-03-22T22:54:45+00:00,False,False
2020-03-23 00:00:00+00:00,Apollo,BOT,Immortals,2020-03-29T00:41:46+00:00,23.118,5.4,0.6,2.8,363,5,31.27,2,2020-03-22T20:47:07+00:00,False,False
2020-03-23 00:00:00+00:00,Bang,BOT,Evil Geniuses,2020-03-28T21:48:04+00:00,21.274,3.8,0.2,8,223.6,5,36.69,2,2020-03-22T22:54:45+00:00,False,False
2020-03-23 00:00:00+00:00,Biofrost,SUP,TSM,2020-03-28T20:29:42+00:00,15.07,1,1.4,8.4,33,5,12.37,2,2020-03-22T20:47:07+00:00,False,False
2020-03-23 00:00:00+00:00,Bjergsen,MID,TSM,2020-03-28T20:29:42+00:00,18.728,4.2,1.2,4.8,301.4,5,50.42,2,2020-03-22T20:47:07+00:00,False,False
2020-03-23 00:00:00+00:00,Blaber,JGL,Cloud9,2020-03-28T21:48:04+00:00,14.974,3.2,2.4,6.6,178.2,5,51.84,2,2020-03-22T19:22:05+00:00,False,False
2020-03-23 00:00:00+00:00,BrokenBlade,TOP,TSM,2020-03-28T20:29:42+00:00,17.486,3,2.4,6,254.2,5,14.95,2,2020-03-22T20:47:07+00:00,False,False
2020-03-23 00:00:00+00:00,Broxah,JGL,Team Liquid,2020-03-28T22:49:41+00:00,9.688,1.6,1.6,4.4,172,5,25.37,2,2020-03-22T18:45:39+00:00,False,False
2020-03-23 00:00:00+00:00,Closer,JGL,Golden Guardians,2020-03-28T23:54:47+00:00,5.92,1.4,2.8,2.8,180,5,21.97,2,2020-03-22T18:45:39+00:00,False,False
2020-03-23 00:00:00+00:00,Cody Sun,BOT,100 Thieves,2020-03-28T20:29:42+00:00,12.182,2.4,2,5,293.8,5,43,2,2020-03-22T21:37:52+00:00,False,False
2020-03-23 00:00:00+00:00,CoreJJ,SUP,Team Liquid,2020-03-28T22:49:41+00:00,12.812,0,1.8,7,39.6,5,33.43,2,2020-03-22T18:45:39+00:00,False,False
2020-03-23 00:00:00+00:00,Dardoch,JGL,TSM,2020-03-28T20:29:42+00:00,11.418,1.8,3.2,8,151.8,5,14.83,2,2020-03-22T20:47:07+00:00,False,False
2020-03-23 00:00:00+00:00,Doublelift,BOT,Team Liquid,2020-03-28T22:49:41+00:00,13.288,3,1.4,2.8,401,5,33.83,2,2020-03-22T18:45:39+00:00,False,False
2020-03-23 00:00:00+00:00,Eika,MID,Immortals,2020-03-29T00:41:46+00:00,14.532,2.4,1.8,5.6,326.6,5,44.48,2,2020-03-22T20:47:07+00:00,False,False
2020-03-23 00:00:00+00:00,FBI,BOT,Golden Guardians,2020-03-28T23:54:47+00:00,9.926,1.6,2,1.8,322.2,5,39.66,2,2020-03-22T18:45:39+00:00,False,False
2020-03-23 00:00:00+00:00,Froggen,MID,Dignitas,2020-03-29T00:41:46+00:00,13.972,2.4,2.4,4.6,254.2,5,47.2,2,2020-03-22T22:54:45+00:00,False,False
2020-03-23 00:00:00+00:00,Goldenglue,MID,Golden Guardians,2020-03-28T23:54:47+00:00,5.2,0.6,2.8,1.8,293.6,5,34.77,2,2020-03-22T18:45:39+00:00,False,False
2020-03-23 00:00:00+00:00,Griffin,JGL,Counter Logic Gaming,2020-03-28T23:54:47+00:00,8.012,1.6,4.2,6.2,207.2,5,16.24,2,2020-03-22T19:22:05+00:00,False,False
2020-03-23 00:00:00+00:00,Hakuho,SUP,Immortals,2020-03-29T00:41:46+00:00,10.14,0.4,2,6.4,30.4,5,20.64,2,2020-03-22T20:47:07+00:00,False,False
2020-03-23 00:00:00+00:00,Hauntzer,TOP,Golden Guardians,2020-03-28T23:54:47+00:00,9.49,1.4,3.6,1.8,299.4,5,28.83,2,2020-03-22T18:45:39+00:00,False,False
2020-03-23 00:00:00+00:00,Huni,TOP,Dignitas,2020-03-29T00:41:46+00:00,8.948,1,3,4.2,257,5,22.25,2,2020-03-22T22:54:45+00:00,False,False
2020-03-23 00:00:00+00:00,Ignar,SUP,FlyQuest,2020-03-28T22:49:41+00:00,11.352,1,2.6,5.4,75.2,5,17.92,2,2020-03-22T21:37:52+00:00,False,False
2020-03-23 00:00:00+00:00,Impact,TOP,Team Liquid,2020-03-28T22:49:41+00:00,11.94,1,1.6,3.4,257.2,5,21.26,2,2020-03-22T18:45:39+00:00,False,False
2020-03-23 00:00:00+00:00,Jensen,MID,Team Liquid,2020-03-28T22:49:41+00:00,14.834,2.6,2,3.6,325.4,5,25.9,2,2020-03-22T18:45:39+00:00,False,False
2020-03-23 00:00:00+00:00,Jiizuke,MID,Evil Geniuses,2020-03-28T21:48:04+00:00,22.068,5.2,0.8,5.2,324.4,5,34.43,2,2020-03-22T22:54:45+00:00,False,False
2020-03-23 00:00:00+00:00,Johnsun,BOT,Dignitas,2020-03-29T00:41:46+00:00,10.182,2.2,1.8,2.8,320.2,5,40.07,2,2020-03-22T22:54:45+00:00,False,False
2020-03-23 00:00:00+00:00,Kobbe,BOT,TSM,2020-03-28T20:29:42+00:00,18.324,3,0.6,5.4,341.8,5,30.21,2,2020-03-22T20:47:07+00:00,False,False
2020-03-23 00:00:00+00:00,Kumo,TOP,Evil Geniuses,2020-03-28T21:48:04+00:00,19.69,3.8,1.2,5.8,258.2,5,24.28,2,2020-03-22T22:54:45+00:00,False,False
2020-03-23 00:00:00+00:00,Licorice,TOP,Cloud9,2020-03-28T21:48:04+00:00,13.878,2.4,2.8,4,236,5,45.55,2,2020-03-22T19:22:05+00:00,False,False
2020-03-23 00:00:00+00:00,Meteos,JGL,100 Thieves,2020-03-28T20:29:42+00:00,8.428,1.8,2.2,5,156.8,5,34.53,2,2020-03-22T21:37:52+00:00,False,False
2020-03-23 00:00:00+00:00,Nisqy,MID,Cloud9,2020-03-28T21:48:04+00:00,15.382,2.2,2.4,7.6,251,5,38.11,2,2020-03-22T19:22:05+00:00,False,False
2020-03-23 00:00:00+00:00,Pobelter,MID,Counter Logic Gaming,2020-03-28T23:54:47+00:00,16.052,4,2.8,4.8,316.6,5,22.25,2,2020-03-22T19:22:05+00:00,False,False
2020-03-23 00:00:00+00:00,PowerOfEvil,MID,FlyQuest,2020-03-28T22:49:41+00:00,16.16,3.2,1.8,2.6,291,5,29.89,2,2020-03-22T21:37:52+00:00,False,False
2020-03-23 00:00:00+00:00,Ruin,TOP,Counter Logic Gaming,2020-03-28T23:54:47+00:00,15.644,3,3.2,6,278.4,5,17.88,2,2020-03-22T19:22:05+00:00,False,False
2020-03-23 00:00:00+00:00,Ryoma,MID,100 Thieves,2020-03-28T20:29:42+00:00,15.272,2.8,2.2,4.6,259,5,30.83,2,2020-03-22T21:37:52+00:00,False,False
2020-03-23 00:00:00+00:00,Santorin,JGL,FlyQuest,2020-03-28T22:49:41+00:00,9.72,2,2.8,5,152.4,5,23.77,2,2020-03-22T21:37:52+00:00,False,False
2020-03-23 00:00:00+00:00,Smoothie,SUP,Counter Logic Gaming,2020-03-28T23:54:47+00:00,11.218,0.2,2.8,8.6,33.2,5,7.27,2,2020-03-22T19:22:05+00:00,False,False
2020-03-23 00:00:00+00:00,Solo,TOP,FlyQuest,2020-03-28T22:49:41+00:00,13.52,2,2.5,6.5,202,2,21.66,1,2020-03-22T21:37:52+00:00,False,False
2020-03-23 00:00:00+00:00,Ssumday,TOP,100 Thieves,2020-03-28T20:29:42+00:00,13.012,2.6,1.4,3,288.6,5,36.04,2,2020-03-22T21:37:52+00:00,False,False
2020-03-23 00:00:00+00:00,Stixxay,BOT,Counter Logic Gaming,2020-03-28T23:54:47+00:00,15.394,4,3.6,6.4,340.6,5,13.6,2,2020-03-22T19:22:05+00:00,False,False
2020-03-23 00:00:00+00:00,Stunt,SUP,100 Thieves,2020-03-28T20:29:42+00:00,6.464,0.6,3.4,5.2,30.6,5,28.35,2,2020-03-22T21:37:52+00:00,False,False
2020-03-23 00:00:00+00:00,Svenskeren,JGL,Evil Geniuses,2020-03-28T21:48:04+00:00,13.704,2.2,1.2,7.2,169,5,7.52,2,2020-03-22T22:54:45+00:00,False,False
2020-03-23 00:00:00+00:00,V1per,TOP,FlyQuest,2020-03-29T18:12:39+00:00,9.406,1.6,3.6,3.6,276.2,5,2.43,1,2020-03-08T19:39:58+00:00,False,False
2020-03-23 00:00:00+00:00,Vulcan,SUP,Cloud9,2020-03-28T21:48:04+00:00,18.332,2.2,1.6,8.2,38.2,5,38.87,2,2020-03-22T19:22:05+00:00,False,False
2020-03-23 00:00:00+00:00,WildTurtle,BOT,FlyQuest,2020-03-28T22:49:41+00:00,10.272,2,2,3.8,257.8,5,16.06,2,2020-03-22T21:37:52+00:00,False,False
2020-03-23 00:00:00+00:00,Xmithie,JGL,Immortals,2020-03-29T00:41:46+00:00,11.084,1,2.2,7,160.4,5,11.01,2,2020-03-22T20:47:07+00:00,False,False
2020-03-23 00:00:00+00:00,Zeyzal,SUP,Evil Geniuses,2020-03-28T21:48:04+00:00,18.068,1.8,1.4,9.4,106,5,32.17,2,2020-03-22T22:54:45+00:00,False,False
2020-03-23 00:00:00+00:00,Zven,BOT,Cloud9,2020-03-28T21:48:04+00:00,19.112,4.2,1.4,4.4,292.2,5,37.36,2,2020-03-22T19:22:05+00:00,False,False
2020-03-23 00:00:00+00:00,aphromoo,SUP,Dignitas,2020-03-29T00:41:46+00:00,7.814,0.6,2,4.4,34,5,27,2,2020-03-22T22:54:45+00:00,False,False
2020-03-23 00:00:00+00:00,huhi,SUP,Golden Guardians,2020-03-28T23:54:47+00:00,4.535,0.5,4.5,3,36.25,4,29.97,2,2020-03-22T18:45:39+00:00,False,False
2020-03-23 00:00:00+00:00,sOAZ,TOP,Immortals,2020-03-29T00:41:46+00:00,10.642,1.4,2.8,4.2,272.2,5,22.45,2,2020-03-22T20:47:07+00:00,False,False
2020-03-30 00:00:00+00:00,Akaadian,JGL,Dignitas,2020-03-30T18:35:45+00:00,8.928,2,1.8,4.4,193.6,5,28.64,2,2020-03-29T19:32:48+00:00,False,False
2020-03-30 00:00:00+00:00,Apollo,BOT,Immortals,2020-03-30T18:35:45+00:00,18.832,4,1,3,362.2,5,10.62,1,2020-03-29T20:38:51+00:00,False,False
2020-03-30 00:00:00+00:00,Bang,BOT,Evil Geniuses,2020-03-30T21:13:23+00:00,18.302,3.6,1.4,6.2,296.4,5,72.96,5,2020-03-29T20:38:51+00:00,False,False
2020-03-30 00:00:00+00:00,Blaber,JGL,Cloud9,2020-04-05T19:32:15+00:00,20.486,4.8,2.2,8.8,218.2,5,50.63,3,2020-03-29T21:32:38+00:00,False,False
2020-03-30 00:00:00+00:00,Closer,JGL,Golden Guardians,2020-03-30T20:41:40+00:00,7.702,1.4,2.2,4,175.6,5,9.18,1,2020-03-29T18:12:39+00:00,False,False
2020-03-30 00:00:00+00:00,Cody Sun,BOT,100 Thieves,2020-03-30T19:44:23+00:00,17.178,4.6,2.6,5.8,312.2,5,34.36,5,2020-03-29T22:46:09+00:00,False,False
2020-03-30 00:00:00+00:00,Eika,MID,Immortals,2020-03-30T18:35:45+00:00,17.766,2.8,1.2,4.6,360,5,5.51,1,2020-03-29T20:38:51+00:00,False,False
2020-03-30 00:00:00+00:00,FBI,BOT,Golden Guardians,2020-03-30T20:41:40+00:00,12.89,2.2,1.4,3.2,282.6,5,27.43,1,2020-03-29T18:12:39+00:00,False,False
2020-03-30 00:00:00+00:00,Froggen,MID,Dignitas,2020-03-30T18:35:45+00:00,19.122,3,1.6,5,299,5,46.45,2,2020-03-29T19:32:48+00:00,False,False
2020-03-30 00:00:00+00:00,Goldenglue,MID,Golden Guardians,2020-03-30T20:41:40+00:00,7.49,1.6,3.2,3,237,5,26.97,1,2020-03-29T18:12:39+00:00,False,False
2020-03-30 00:00:00+00:00,Hakuho,SUP,Immortals,2020-03-30T18:35:45+00:00,10.246,0.2,1.6,6.2,34,5,4.22,1,2020-03-29T20:38:51+00:00,False,False
2020-03-30 00:00:00+00:00,Hauntzer,TOP,Golden Guardians,2020-03-30T20:41:40+00:00,8.142,1.6,3,2,255,5,23.15,1,2020-03-29T18:12:39+00:00,False,False
2020-03-30 00:00:00+00:00,Huni,TOP,Dignitas,2020-03-30T18:35:45+00:00,9.048,1.2,3.2,4.2,261.8,5,27.86,2,2020-03-29T19:32:48+00:00,False,False
2020-03-30 00:00:00+00:00,Ignar,SUP,FlyQuest,2020-03-30T19:44:23+00:00,11.288,0.4,2.4,5.8,40,5,50.92,5,2020-03-29T18:12:39+00:00,False,False
2020-03-30 00:00:00+00:00,Jiizuke,MID,Evil Geniuses,2020-03-30T21:13:23+00:00,22.132,5,1,4.6,330.6,5,72.67,5,2020-03-29T20:38:51+00:00,False,False
2020-03-30 00:00:00+00:00,Johnsun,BOT,Dignitas,2020-03-30T18:35:45+00:00,15.504,3.6,1.4,3.4,355.4,5,27.26,2,2020-03-29T19:32:48+00:00,False,False
2020-03-30 00:00:00+00:00,Kumo,TOP,Evil Geniuses,2020-03-30T21:13:23+00:00,16.536,3.4,2.4,5.4,237.6,5,77.11,5,2020-03-29T20:38:51+00:00,False,False
2020-03-30 00:00:00+00:00,Licorice,TOP,Cloud9,2020-04-05T19:32:15+00:00,21.616,4,2.8,7.2,287.2,5,47.79,3,2020-03-29T21:32:38+00:00,False,False
2020-03-30 00:00:00+00:00,Meteos,JGL,100 Thieves,2020-03-30T19:44:23+00:00,12.572,2.2,2.4,8,160,5,32.35,5,2020-03-29T22:46:09+00:00,False,False
2020-03-30 00:00:00+00:00,Nisqy,MID,Cloud9,2020-04-05T19:32:15+00:00,17.112,2.8,2.6,10.6,238.4,5,91.43,3,2020-03-29T21:32:38+00:00,False,False
2020-03-30 00:00:00+00:00,PowerOfEvil,MID,FlyQuest,2020-03-30T19:44:23+00:00,15.56,3,2.6,2.4,281.8,5,79.61,5,2020-03-29T18:12:39+00:00,False,False
2020-03-30 00:00:00+00:00,Ryoma,MID,100 Thieves,2020-03-30T19:44:23+00:00,19.904,3.6,2.2,6.6,262.2,5,47.71,5,2020-03-29T22:46:09+00:00,False,False
2020-03-30 00:00:00+00:00,Santorin,JGL,FlyQuest,2020-03-30T19:44:23+00:00,10.308,1.6,2.6,5.2,146.8,5,42.75,5,2020-03-29T18:12:39+00:00,False,False
2020-03-30 00:00:00+00:00,Solo,TOP,FlyQuest,2020-03-30T19:44:23+00:00,16.2333333333,2.33333333333,2.33333333333,7,233.666666667,3,50.08,3,2020-03-28T22:49:41+00:00,False,False
2020-03-30 00:00:00+00:00,Ssumday,TOP,100 Thieves,2020-03-30T19:44:23+00:00,16.48,3.2,1.6,5.6,281.6,5,52.02,5,2020-03-29T22:46:09+00:00,False,False
2020-03-30 00:00:00+00:00,Stunt,SUP,100 Thieves,2020-03-30T19:44:23+00:00,10.466,0.8,3.8,7.6,35.4,5,22.96,5,2020-03-29T22:46:09+00:00,False,False
2020-03-30 00:00:00+00:00,Svenskeren,JGL,Evil Geniuses,2020-03-30T21:13:23+00:00,7.458,1.2,3.2,6.2,145.8,5,60.66,5,2020-03-29T20:38:51+00:00,False,False
2020-03-30 00:00:00+00:00,V1per,TOP,FlyQuest,2020-04-04T19:44:42+00:00,6.366,1,3.4,2,270.6,5,15.58,2,2020-03-29T18:12:39+00:00,False,False
2020-03-30 00:00:00+00:00,Vulcan,SUP,Cloud9,2020-04-05T19:32:15+00:00,20.074,3,2.6,10.4,41,5,63.58,3,2020-03-29T21:32:38+00:00,False,False
2020-03-30 00:00:00+00:00,WildTurtle,BOT,FlyQuest,2020-03-30T19:44:23+00:00,11.054,2.2,1.2,3.2,296.4,5,39.99,5,2020-03-29T18:12:39+00:00,False,False
2020-03-30 00:00:00+00:00,Xmithie,JGL,Immortals,2020-03-30T18:35:45+00:00,8.81,1.8,3.2,4.6,176.2,5,4.41,1,2020-03-29T20:38:51+00:00,False,False
2020-03-30 00:00:00+00:00,Zeyzal,SUP,Evil Geniuses,2020-03-30T21:13:23+00:00,16.38,0.8,1.2,9.2,33,5,58.71,5,2020-03-29T20:38:51+00:00,False,False
2020-03-30 00:00:00+00:00,Zven,BOT,Cloud9,2020-04-05T19:32:15+00:00,18.838,4.8,1.8,5.6,312.8,5,63.99,3,2020-03-29T21:32:38+00:00,False,False
2020-03-30 00:00:00+00:00,aphromoo,SUP,Dignitas,2020-03-30T18:35:45+00:00,11.06,1,2.4,5.8,35.8,5,24.61,2,2020-03-29T19:32:48+00:00,False,False
2020-03-30 00:00:00+00:00,huhi,SUP,Golden Guardians,2020-03-30T20:41:40+00:00,6.992,1,3.6,3.8,28.2,5,19.94,1,2020-03-29T18:12:39+00:00,False,False
2020-03-30 00:00:00+00:00,sOAZ,TOP,Immortals,2020-03-30T18:35:45+00:00,11.906,1,2.4,5.4,266,5,11.33,1,2020-03-29T20:38:51+00:00,False,False
2020-04-06 00:00:00+00:00,Bang,BOT,Evil Geniuses,2020-04-11T19:36:23+00:00,14.592,3.4,1.8,4.6,300.8,5,51.83,4,2020-04-04T22:34:04+00:00,False,False
2020-04-06 00:00:00+00:00,Biofrost,SUP,TSM,2020-04-08T19:38:23+00:00,10.978,1,2,6.2,28.8,5,102.15,10,2020-03-29T19:32:48+00:00,False,False
2020-04-06 00:00:00+00:00,Bjergsen,MID,TSM,2020-04-08T19:38:23+00:00,21.942,4.8,1.6,3.8,323.2,5,205.36,10,2020-03-29T19:32:48+00:00,False,False
2020-04-06 00:00:00+00:00,Blaber,JGL,Cloud9,2020-04-11T19:36:23+00:00,20.494,4.8,1.8,8.4,216.4,5,71.87,4,2020-04-05T21:22:09+00:00,False,False
2020-04-06 00:00:00+00:00,BrokenBlade,TOP,TSM,2020-04-08T19:38:23+00:00,14.3,2.2,2.2,5.6,267,5,159.49,10,2020-03-29T19:32:48+00:00,False,False
2020-04-06 00:00:00+00:00,Closer,JGL,Golden Guardians,2020-04-07T19:29:00+00:00,8.312,1.2,2.4,5.2,186.6,5,23.92,3,2020-03-30T20:41:40+00:00,False,False
2020-04-06 00:00:00+00:00,Cody Sun,BOT,100 Thieves,2020-04-08T19:38:23+00:00,6.872,2.2,2.8,2.4,229.8,5,92.5,5,2020-04-05T21:22:09+00:00,False,False
2020-04-06 00:00:00+00:00,Dardoch,JGL,TSM,2020-04-08T19:38:23+00:00,9.022,1.8,3.6,6.8,155.2,5,92.71,10,2020-03-29T19:32:48+00:00,False,False
2020-04-06 00:00:00+00:00,FBI,BOT,Golden Guardians,2020-04-07T19:29:00+00:00,17.722,3.4,0.6,3.8,325.8,5,20.62,3,2020-03-30T20:41:40+00:00,False,False
2020-04-06 00:00:00+00:00,Goldenglue,MID,Golden Guardians,2020-04-07T19:29:00+00:00,12.11,2.2,3.2,4.4,257,5,25.73,3,2020-03-30T20:41:40+00:00,False,False
2020-04-06 00:00:00+00:00,Hauntzer,TOP,Golden Guardians,2020-04-07T19:29:00+00:00,11.394,2.2,2.2,3.2,270.2,5,25.95,3,2020-03-30T20:41:40+00:00,False,False
2020-04-06 00:00:00+00:00,Ignar,SUP,FlyQuest,2020-04-07T19:29:00+00:00,10.184,0.4,2.2,6.8,33.8,5,133.33,8,2020-04-04T22:34:04+00:00,False,False
2020-04-06 00:00:00+00:00,Jiizuke,MID,Evil Geniuses,2020-04-11T19:36:23+00:00,14.534,3.4,3,5.4,303.4,5,18.27,4,2020-04-04T22:34:04+00:00,False,False
2020-04-06 00:00:00+00:00,Kobbe,BOT,TSM,2020-04-08T19:38:23+00:00,15.688,2.4,1.2,5,356.4,5,145.55,10,2020-03-29T19:32:48+00:00,False,False
2020-04-06 00:00:00+00:00,Kumo,TOP,Evil Geniuses,2020-04-11T19:36:23+00:00,15.422,1.8,1.8,6.6,228,5,23.13,4,2020-04-04T22:34:04+00:00,False,False
2020-04-06 00:00:00+00:00,Licorice,TOP,Cloud9,2020-04-11T19:36:23+00:00,18.668,3.2,1.8,6.8,259.4,5,73.11,4,2020-04-05T21:22:09+00:00,False,False
2020-04-06 00:00:00+00:00,Meteos,JGL,100 Thieves,2020-04-08T19:38:23+00:00,6.47,1.4,3.2,4.4,142.4,5,56.77,5,2020-04-05T21:22:09+00:00,False,False
2020-04-06 00:00:00+00:00,Nisqy,MID,Cloud9,2020-04-11T19:36:23+00:00,25.908,5,1,9.2,219.4,5,93.26,4,2020-04-05T21:22:09+00:00,False,False
2020-04-06 00:00:00+00:00,PowerOfEvil,MID,FlyQuest,2020-04-07T19:29:00+00:00,15.922,3.2,2.4,3.8,302,5,210.05,8,2020-04-04T22:34:04+00:00,False,False
2020-04-06 00:00:00+00:00,Ryoma,MID,100 Thieves,2020-04-08T19:38:23+00:00,9.542,2,2.2,2.4,228.2,5,82.79,5,2020-04-05T21:22:09+00:00,False,False
2020-04-06 00:00:00+00:00,Santorin,JGL,FlyQuest,2020-04-07T19:29:00+00:00,8.55,1,3.2,6.8,146.4,5,129.95,8,2020-04-04T22:34:04+00:00,False,False
2020-04-06 00:00:00+00:00,Solo,TOP,FlyQuest,2020-04-07T19:29:00+00:00,17.242,3.4,3.4,7,263.4,5,107.48,8,2020-04-04T22:34:04+00:00,False,False
2020-04-06 00:00:00+00:00,Ssumday,TOP,100 Thieves,2020-04-08T19:38:23+00:00,10.404,2,2.2,3.2,206.4,5,56.39,5,2020-04-05T21:22:09+00:00,False,False
2020-04-06 00:00:00+00:00,Stunt,SUP,100 Thieves,2020-04-08T19:38:23+00:00,4.592,0.6,3.6,3.6,33.2,5,46.74,5,2020-04-05T21:22:09+00:00,False,False
2020-04-06 00:00:00+00:00,Svenskeren,JGL,Evil Geniuses,2020-04-11T19:36:23+00:00,12.132,2.4,2.2,6.8,151.4,5,32.12,4,2020-04-04T22:34:04+00:00,False,False
2020-04-06 00:00:00+00:00,Vulcan,SUP,Cloud9,2020-04-11T19:36:23+00:00,20.49,1.6,2.2,11.6,25.6,5,67.6,4,2020-04-05T21:22:09+00:00,False,False
2020-04-06 00:00:00+00:00,WildTurtle,BOT,FlyQuest,2020-04-07T19:29:00+00:00,7.998,2.2,2.4,3.6,260.4,5,113.39,8,2020-04-04T22:34:04+00:00,False,False
2020-04-06 00:00:00+00:00,Zeyzal,SUP,Evil Geniuses,2020-04-11T19:36:23+00:00,11.742,1.4,2.2,6,39.8,5,38.35,4,2020-04-04T22:34:04+00:00,False,False
2020-04-06 00:00:00+00:00,Zven,BOT,Cloud9,2020-04-11T19:36:23+00:00,20.27,4.8,1.2,6.8,295.8,5,72.3,4,2020-04-05T21:22:09+00:00,False,False
2020-04-06 00:00:00+00:00,huhi,SUP,Golden Guardians,2020-04-07T19:29:00+00:00,10.83,1,3.4,6,28.4,5,27.77,3,2020-03-30T20:41:40+00:00,False,False
2020-04-13 00:00:00+00:00,Bang,BOT,Evil Geniuses,2020-04-18T19:37:34+00:00,13.378,3.4,3.2,4.8,265.6,5,40.2,4,2020-04-11T22:25:14+00:00,False,False
2020-04-13 00:00:00+00:00,Blaber,JGL,Cloud9,2020-04-19T19:27:13+00:00,17.66,5,3.4,8.4,195.6,5,47.67,3,2020-04-11T22:25:14+00:00,False,False
2020-04-13 00:00:00+00:00,Ignar,SUP,FlyQuest,2020-04-18T19:37:34+00:00,16.928,0.6,2,9.8,39.4,5,66.31,7,2020-04-12T23:49:32+00:00,False,False
2020-04-13 00:00:00+00:00,Jiizuke,MID,Evil Geniuses,2020-04-18T19:37:34+00:00,7.668,2.6,4.6,4.4,252,5,71.33,4,2020-04-11T22:25:14+00:00,False,False
2020-04-13 00:00:00+00:00,Kumo,TOP,Evil Geniuses,2020-04-18T19:37:34+00:00,9.328,1,2.2,4.4,222.8,5,30.14,4,2020-04-11T22:25:14+00:00,False,False
2020-04-13 00:00:00+00:00,Licorice,TOP,Cloud9,2020-04-19T19:27:13+00:00,17.236,3.4,2,5.4,263.2,5,72.78,3,2020-04-11T22:25:14+00:00,False,False
2020-04-13 00:00:00+00:00,Nisqy,MID,Cloud9,2020-04-19T19:27:13+00:00,24.054,4.6,1.2,10.4,209.6,5,58.78,3,2020-04-11T22:25:14+00:00,False,False
2020-04-13 00:00:00+00:00,PowerOfEvil,MID,FlyQuest,2020-04-18T19:37:34+00:00,22.486,5.2,2,4.4,334.2,5,127.4,7,2020-04-12T23:49:32+00:00,False,False
2020-04-13 00:00:00+00:00,Santorin,JGL,FlyQuest,2020-04-18T19:37:34+00:00,15.404,1.6,2.2,8.6,161.8,5,88.02,7,2020-04-12T23:49:32+00:00,False,False
2020-04-13 00:00:00+00:00,Solo,TOP,FlyQuest,2020-04-18T19:37:34+00:00,14.096,2.6,3.4,5.4,276,5,90.11,7,2020-04-12T23:49:32+00:00,False,False
2020-04-13 00:00:00+00:00,Svenskeren,JGL,Evil Geniuses,2020-04-18T19:37:34+00:00,10.152,3.2,4,5.6,141.8,5,29.25,4,2020-04-11T22:25:14+00:00,False,False
2020-04-13 00:00:00+00:00,Vulcan,SUP,Cloud9,2020-04-19T19:27:13+00:00,19.244,1,1.2,11,25.6,5,65.06,3,2020-04-11T22:25:14+00:00,False,False
2020-04-13 00:00:00+00:00,WildTurtle,BOT,FlyQuest,2020-04-18T19:37:34+00:00,12.738,3.8,2.6,4.4,323.8,5,75.24,7,2020-04-12T23:49:32+00:00,False,False
2020-04-13 00:00:00+00:00,Zeyzal,SUP,Evil Geniuses,2020-04-18T19:37:34+00:00,11.698,1,4,7.4,39.6,5,40.01,4,2020-04-11T22:25:14+00:00,False,False
2020-04-13 00:00:00+00:00,Zven,BOT,Cloud9,2020-04-19T19:27:13+00:00,19.982,4.6,1,6.4,288,5,73.56,3,2020-04-11T22:25:14+00:00,False,False
2020-06-08 00:00:00+00:00,Akaadian,JGL,Dignitas,2020-06-13T22:38:52+00:00,11.108,3.6,2.2,4.2,200.2,5,12.15,2,2020-03-30T20:41:40+00:00,False,False
2020-06-08 00:00:00+00:00,Altec,BOT,Immortals,2020-06-13T21:42:47+00:00,10.998,2,1.6,2.2,292.4,5,6.24,2,2020-02-23T20:53:07+00:00,False,False
2020-06-08 00:00:00+00:00,Bang,BOT,Evil Geniuses,2020-06-13T00:40:51+00:00,9.732,2,2.6,3.4,301.2,5,41.18,2,2020-04-18T22:25:12+00:00,False,False
2020-06-08 00:00:00+00:00,Biofrost,SUP,TSM,2020-06-13T20:36:50+00:00,7.084,0.2,3,4.8,38,5,26.34,2,2020-04-12T23:49:32+00:00,False,False
2020-06-08 00:00:00+00:00,Bjergsen,MID,TSM,2020-06-13T20:36:50+00:00,18.438,4.4,1.2,3,310.8,5,43.4,2,2020-04-12T23:49:32+00:00,False,False
2020-06-08 00:00:00+00:00,Blaber,JGL,Cloud9,2020-06-13T01:50:33+00:00,14.476,3.4,3.6,9,189.8,5,37.63,2,2020-04-19T21:43:13+00:00,False,False
2020-06-08 00:00:00+00:00,BrokenBlade,TOP,TSM,2020-06-13T20:36:50+00:00,15.15,3.6,3,4.6,263.8,5,15.9,2,2020-04-12T23:49:32+00:00,False,False
2020-06-08 00:00:00+00:00,Broxah,JGL,Team Liquid,2020-06-13T20:36:50+00:00,10.954,2.6,2,5,178,5,36.33,2,2020-03-29T21:32:38+00:00,False,False
2020-06-08 00:00:00+00:00,Closer,JGL,Golden Guardians,2020-06-13T22:38:52+00:00,8.286,1.2,2.4,5.4,184,5,23.98,2,2020-04-07T21:42:35+00:00,False,False
2020-06-08 00:00:00+00:00,Cody Sun,BOT,100 Thieves,2020-06-13T00:40:51+00:00,18.5,3.8,1.4,6.6,330,5,17.09,2,2020-04-08T23:30:25+00:00,False,False
2020-06-08 00:00:00+00:00,CoreJJ,SUP,Team Liquid,2020-06-13T20:36:50+00:00,13.116,0,2,8,40.6,5,45.16,2,2020-03-29T21:32:38+00:00,False,False
2020-06-08 00:00:00+00:00,Damonte,MID,Golden Guardians,2020-06-13T22:38:52+00:00,17.7293,3.62,2.16,5.13,287.85,0,37.53,2,,False,False
2020-06-08 00:00:00+00:00,Doublelift,BOT,TSM,2020-06-13T20:36:50+00:00,13.734,3,2,3.6,418.8,5,23.65,2,2020-03-29T21:32:38+00:00,False,False
2020-06-08 00:00:00+00:00,Eika,MID,Immortals,2020-06-13T21:42:47+00:00,16.08,3,1.4,3.4,361.4,5,14.54,2,2020-03-30T18:35:45+00:00,False,False
2020-06-08 00:00:00+00:00,FBI,BOT,Golden Guardians,2020-06-13T22:38:52+00:00,13.096,3,3,4,334.6,5,33.75,2,2020-04-07T21:42:35+00:00,False,False
2020-06-08 00:00:00+00:00,Froggen,MID,Dignitas,2020-06-13T22:38:52+00:00,18.61,2.6,1.6,4.8,328,5,18.67,2,2020-03-30T20:41:40+00:00,False,False
2020-06-08 00:00:00+00:00,Gate,SUP,Immortals,2020-06-13T21:42:47+00:00,12.0116,0.64,2.51,7.41,34.33,0,12.29,2,,False,False
2020-06-08 00:00:00+00:00,Griffin,JGL,Counter Logic Gaming,2020-06-13T19:34:10+00:00,5.654,2.4,4.4,3.4,167,5,14.1,2,2020-03-29T22:46:09+00:00,False,False
2020-06-08 00:00:00+00:00,Hauntzer,TOP,Golden Guardians,2020-06-13T22:38:52+00:00,12.438,2,1.8,3.6,295.6,5,19.95,2,2020-04-07T21:42:35+00:00,False,False
2020-06-08 00:00:00+00:00,Ignar,SUP,FlyQuest,2020-06-13T01:50:33+00:00,8.214,0.4,3,5.8,33.6,5,31.29,2,2020-04-19T21:43:13+00:00,False,False
2020-06-08 00:00:00+00:00,Impact,TOP,Team Liquid,2020-06-13T20:36:50+00:00,13.54,2.4,2.8,3.8,276,5,25.14,2,2020-03-29T21:32:38+00:00,False,False
2020-06-08 00:00:00+00:00,Jensen,MID,Team Liquid,2020-06-13T20:36:50+00:00,13.692,2.2,3,5.2,292.8,5,33.51,2,2020-03-29T21:32:38+00:00,False,False
2020-06-08 00:00:00+00:00,Jiizuke,MID,Evil Geniuses,2020-06-13T00:40:51+00:00,15.69,2.8,2.4,4,268.2,5,57.64,2,2020-04-18T22:25:12+00:00,False,False
2020-06-08 00:00:00+00:00,Johnsun,BOT,Dignitas,2020-06-13T22:38:52+00:00,14.044,3,2,5,364.8,5,15.33,2,2020-03-30T20:41:40+00:00,False,False
2020-06-08 00:00:00+00:00,Kumo,TOP,Evil Geniuses,2020-06-13T00:40:51+00:00,7.764,1.4,3.2,2.4,236.8,5,35.9,2,2020-04-18T22:25:12+00:00,False,False
2020-06-08 00:00:00+00:00,Licorice,TOP,Cloud9,2020-06-13T01:50:33+00:00,19.978,3.8,2,6.6,259.8,5,39.82,2,2020-04-19T21:43:13+00:00,False,False
2020-06-08 00:00:00+00:00,Meteos,JGL,100 Thieves,2020-06-13T00:40:51+00:00,11.354,2,2.2,6.6,153.8,5,1.33,2,2020-04-08T23:30:25+00:00,False,False
2020-06-08 00:00:00+00:00,Nisqy,MID,Cloud9,2020-06-13T01:50:33+00:00,17.612,4.2,2.6,8.8,226.6,5,42.73,2,2020-04-19T21:43:13+00:00,False,False
2020-06-08 00:00:00+00:00,Pobelter,MID,Counter Logic Gaming,2020-06-13T19:34:10+00:00,8.892,1.6,2.6,3.8,232.2,5,18.79,2,2020-03-29T22:46:09+00:00,False,False
2020-06-08 00:00:00+00:00,Potluck,JGL,Immortals,2020-06-13T21:42:47+00:00,11.1672,2.43,3.01,6.33,165.79,0,13.19,2,,False,False
2020-06-08 00:00:00+00:00,PowerOfEvil,MID,FlyQuest,2020-06-13T01:50:33+00:00,12.59,2.6,3,4,303.6,5,37.57,2,2020-04-19T21:43:13+00:00,False,False
2020-06-08 00:00:00+00:00,Ruin,TOP,Counter Logic Gaming,2020-06-13T19:34:10+00:00,12.242,3.4,3.4,3,249.4,5,17.65,2,2020-03-29T22:46:09+00:00,False,False
2020-06-08 00:00:00+00:00,Ryoma,MID,100 Thieves,2020-06-13T00:40:51+00:00,16.558,4.2,3,5,314.8,5,4.76,2,2020-04-08T23:30:25+00:00,False,False
2020-06-08 00:00:00+00:00,Santorin,JGL,FlyQuest,2020-06-13T01:50:33+00:00,9.726,3,4.2,5,159.4,5,34.72,2,2020-04-19T21:43:13+00:00,False,False
2020-06-08 00:00:00+00:00,Smoothie,SUP,Counter Logic Gaming,2020-06-13T19:34:10+00:00,5.868,0,3.2,5.8,31,5,21.37,2,2020-03-29T22:46:09+00:00,False,False
2020-06-08 00:00:00+00:00,Solo,TOP,FlyQuest,2020-06-13T01:50:33+00:00,10.036,1.6,3.6,3.6,250.6,5,21.76,2,2020-04-19T21:43:13+00:00,False,False
2020-06-08 00:00:00+00:00,Spica,JGL,TSM,2020-06-13T20:36:50+00:00,11.2164,2.45,3.07,6.45,166.52,0,11.17,2,,False,False
2020-06-08 00:00:00+00:00,Ssumday,TOP,100 Thieves,2020-06-13T00:40:51+00:00,11.278,1.8,2.6,4.8,258.6,5,13.34,2,2020-04-08T23:30:25+00:00,False,False
2020-06-08 00:00:00+00:00,Stixxay,BOT,Counter Logic Gaming,2020-06-13T19:34:10+00:00,12.796,3.8,3.2,5.2,299.6,5,30.06,2,2020-03-29T22:46:09+00:00,False,False
2020-06-08 00:00:00+00:00,Stunt,SUP,100 Thieves,2020-06-13T00:40:51+00:00,9.348,0.4,3.4,7.2,35.8,5,9.32,2,2020-04-08T23:30:25+00:00,False,False
2020-06-08 00:00:00+00:00,Svenskeren,JGL,Evil Geniuses,2020-06-13T00:40:51+00:00,7.752,2,3.8,4.8,145.6,5,24.25,2,2020-04-18T22:25:12+00:00,False,False
2020-06-08 00:00:00+00:00,Tactical,BOT,Team Liquid,2020-06-13T20:36:50+00:00,18.37,4,1.33333333333,3.33333333333,365.666666667,3,52.82,2,2020-03-07T23:51:50+00:00,False,False
2020-06-08 00:00:00+00:00,V1per,TOP,Dignitas,2020-06-13T22:38:52+00:00,6.182,0.8,3.6,1.8,241.6,5,15.27,2,2020-04-04T20:48:04+00:00,False,False
2020-06-08 00:00:00+00:00,Vulcan,SUP,Cloud9,2020-06-13T01:50:33+00:00,18.788,1,1.2,11,31.2,5,30.37,2,2020-04-19T21:43:13+00:00,False,False
2020-06-08 00:00:00+00:00,WildTurtle,BOT,FlyQuest,2020-06-13T01:50:33+00:00,8.052,2.4,3,3.4,273.4,5,36.82,2,2020-04-19T21:43:13+00:00,False,False
2020-06-08 00:00:00+00:00,Zeyzal,SUP,Evil Geniuses,2020-06-13T00:40:51+00:00,8.05,0.4,3.8,5.8,26.4,5,45,2,2020-04-18T22:25:12+00:00,False,False
2020-06-08 00:00:00+00:00,Zven,BOT,Cloud9,2020-06-13T01:50:33+00:00,21.896,5.4,1,6.2,314.2,5,34.4,2,2020-04-19T21:43:13+00:00,False,False
2020-06-08 00:00:00+00:00,aphromoo,SUP,Dignitas,2020-06-13T22:38:52+00:00,11.12,0.6,3,7,33.8,5,6.88,2,2020-03-30T20:41:40+00:00,False,False
2020-06-08 00:00:00+00:00,huhi,SUP,Golden Guardians,2020-06-13T22:38:52+00:00,12.14,0.8,2.8,7,37.4,5,29.43,2,2020-04-07T21:42:35+00:00,False,False
2020-06-08 00:00:00+00:00,sOAZ,TOP,Immortals,2020-06-13T21:42:47+00:00,10.608,1.2,3,4.6,271.8,5,18.23,2,2020-03-30T18:35:45+00:00,False,False
2020-06-15 00:00:00+00:00,Akaadian,JGL,Dignitas,2020-06-20T22:28:36+00:00,9.986,3.2,2.4,3.8,191.6,5,10,2,2020-06-14T20:31:15+00:00,False,False
2020-06-15 00:00:00+00:00,Altec,BOT,Immortals,2020-06-20T01:33:38+00:00,3.478,1.4,3,0.8,278,5,-1.41,2,2020-06-14T22:34:36+00:00,False,False
2020-06-15 00:00:00+00:00,Bang,BOT,Evil Geniuses,2020-06-20T21:36:58+00:00,13.492,2.4,1.2,3.6,300.8,5,10.72,2,2020-06-13T19:34:10+00:00,False,False
2020-06-15 00:00:00+00:00,Biofrost,SUP,TSM,2020-06-20T01:33:38+00:00,9.09,0.2,2.4,4.6,32.8,5,30.9,2,2020-06-14T20:31:15+00:00,False,False
2020-06-15 00:00:00+00:00,Bjergsen,MID,TSM,2020-06-20T01:33:38+00:00,18.268,3.2,0.6,3,258.6,5,21.5,2,2020-06-14T20:31:15+00:00,False,False
2020-06-15 00:00:00+00:00,Blaber,JGL,Cloud9,2020-06-20T21:36:58+00:00,17.06,3.8,2.8,8.8,205,5,50.04,2,2020-06-14T19:42:58+00:00,False,False
2020-06-15 00:00:00+00:00,BrokenBlade,TOP,TSM,2020-06-20T01:33:38+00:00,12.878,2.4,2.2,3.4,223.2,5,34.22,2,2020-06-14T20:31:15+00:00,False,False
2020-06-15 00:00:00+00:00,Broxah,JGL,Team Liquid,2020-06-20T19:31:08+00:00,17.326,2.6,1.4,8.4,171.8,5,20.64,2,2020-06-14T21:27:34+00:00,False,False
2020-06-15 00:00:00+00:00,Closer,JGL,Golden Guardians,2020-06-20T00:31:26+00:00,9.58,1.6,2.2,4.6,223.6,5,7.71,2,2020-06-14T21:27:34+00:00,False,False
2020-06-15 00:00:00+00:00,Cody Sun,BOT,100 Thieves,2020-06-20T19:31:08+00:00,18.036,4.6,1,4.4,313.2,5,27.12,2,2020-06-14T19:42:58+00:00,False,False
2020-06-15 00:00:00+00:00,CoreJJ,SUP,Team Liquid,2020-06-20T19:31:08+00:00,21.71,0.2,1.2,11.8,43.4,5,22.43,2,2020-06-14T21:27:34+00:00,False,False
2020-06-15 00:00:00+00:00,Damonte,MID,Golden Guardians,2020-06-20T00:31:26+00:00,18.765,4.5,2,4,372.5,2,11.47,2,2020-06-14T21:27:34+00:00,False,False
2020-06-15 00:00:00+00:00,Doublelift,BOT,TSM,2020-06-20T01:33:38+00:00,15.554,3.4,1.8,3.8,364.8,5,44.18,2,2020-06-14T20:31:15+00:00,False,False
2020-06-15 00:00:00+00:00,Eika,MID,Immortals,2020-06-20T01:33:38+00:00,12.906,2.8,2.4,3.6,325.4,5,18.83,2,2020-06-14T22:34:36+00:00,False,False
2020-06-15 00:00:00+00:00,FBI,BOT,Golden Guardians,2020-06-20T00:31:26+00:00,10.874,2.4,3.4,3.6,357,5,18.76,2,2020-06-14T21:27:34+00:00,False,False
2020-06-15 00:00:00+00:00,Froggen,MID,Dignitas,2020-06-20T22:28:36+00:00,18.344,2.6,1,4.2,322.2,5,10.5,2,2020-06-14T20:31:15+00:00,False,False
2020-06-15 00:00:00+00:00,Gate,SUP,Immortals,2020-06-20T01:33:38+00:00,6.145,1,4,3.5,28,2,-2.09,2,2020-06-14T22:34:36+00:00,False,False
2020-06-15 00:00:00+00:00,Griffin,JGL,Counter Logic Gaming,2020-06-20T00:31:26+00:00,7.452,2.2,3.6,5,155.2,5,32.06,2,2020-06-14T22:34:36+00:00,False,False
2020-06-15 00:00:00+00:00,Hauntzer,TOP,Golden Guardians,2020-06-20T00:31:26+00:00,9.18,0.6,2,3.4,317,5,11.22,2,2020-06-14T21:27:34+00:00,False,False
2020-06-15 00:00:00+00:00,Ignar,SUP,FlyQuest,2020-06-20T20:35:46+00:00,9.34,0.4,3,7.2,31.2,5,40.49,2,2020-06-13T21:42:47+00:00,False,False
2020-06-15 00:00:00+00:00,Impact,TOP,Team Liquid,2020-06-20T19:31:08+00:00,15.666,2.8,2.2,4.6,288.4,5,15.73,2,2020-06-14T21:27:34+00:00,False,False
2020-06-15 00:00:00+00:00,Jensen,MID,Team Liquid,2020-06-20T19:31:08+00:00,17.498,3.2,1.8,6.2,309.4,5,21.36,2,2020-06-14T21:27:34+00:00,False,False
2020-06-15 00:00:00+00:00,Jiizuke,MID,Evil Geniuses,2020-06-20T21:36:58+00:00,25.338,5.4,1.2,3.8,284.8,5,19.57,2,2020-06-13T19:34:10+00:00,False,False
2020-06-15 00:00:00+00:00,Johnsun,BOT,Dignitas,2020-06-20T22:28:36+00:00,11.316,1.6,1.8,4.6,322,5,25.45,2,2020-06-14T20:31:15+00:00,False,False
2020-06-15 00:00:00+00:00,Kumo,TOP,Evil Geniuses,2020-06-20T21:36:58+00:00,11.986,2,2.6,3.4,244.8,5,20.21,2,2020-06-13T19:34:10+00:00,False,False
2020-06-15 00:00:00+00:00,Licorice,TOP,Cloud9,2020-06-20T21:36:58+00:00,22.52,4.2,1.6,7.4,257.4,5,49.24,2,2020-06-14T19:42:58+00:00,False,False
2020-06-15 00:00:00+00:00,Mash,BOT,FlyQuest,2020-06-20T20:35:46+00:00,14.2165,3.36,2.01,4.42,303.51,0,46.62,2,,False,False
2020-06-15 00:00:00+00:00,Meteos,JGL,100 Thieves,2020-06-20T19:31:08+00:00,6.356,2.2,4.2,4.4,164,5,21.54,2,2020-06-14T19:42:58+00:00,False,False
2020-06-15 00:00:00+00:00,Nisqy,MID,Cloud9,2020-06-20T21:36:58+00:00,20.302,4.4,2,9.4,242.4,5,43.43,2,2020-06-14T19:42:58+00:00,False,False
2020-06-15 00:00:00+00:00,Pobelter,MID,Counter Logic Gaming,2020-06-20T00:31:26+00:00,10.456,2,2.6,4.4,258.6,5,45.39,2,2020-06-14T22:34:36+00:00,False,False
2020-06-15 00:00:00+00:00,Potluck,JGL,Immortals,2020-06-20T01:33:38+00:00,6.595,1.5,3,3.5,190,2,2.72,2,2020-06-14T22:34:36+00:00,False,False
2020-06-15 00:00:00+00:00,PowerOfEvil,MID,FlyQuest,2020-06-20T20:35:46+00:00,15.362,3.6,3.4,4.8,310.2,5,46.05,2,2020-06-13T21:42:47+00:00,False,False
2020-06-15 00:00:00+00:00,Ruin,TOP,Counter Logic Gaming,2020-06-20T00:31:26+00:00,11.81,3.6,3.4,2.8,250.2,5,37.09,2,2020-06-14T22:34:36+00:00,False,False
2020-06-15 00:00:00+00:00,Ryoma,MID,100 Thieves,2020-06-20T19:31:08+00:00,8.796,1.8,3.8,4.8,289.6,5,29.33,2,2020-06-14T19:42:58+00:00,False,False
2020-06-15 00:00:00+00:00,Santorin,JGL,FlyQuest,2020-06-20T20:35:46+00:00,10.852,2.8,3.8,6,161.6,5,51.7,2,2020-06-13T21:42:47+00:00,False,False
2020-06-15 00:00:00+00:00,Smoothie,SUP,Counter Logic Gaming,2020-06-20T00:31:26+00:00,8.868,0,2.2,7,28.6,5,40.13,2,2020-06-14T22:34:36+00:00,False,False
2020-06-15 00:00:00+00:00,Solo,TOP,FlyQuest,2020-06-20T20:35:46+00:00,9.98,2.2,4.2,4.2,236.8,5,45.71,2,2020-06-13T21:42:47+00:00,False,False
2020-06-15 00:00:00+00:00,Spica,JGL,TSM,2020-06-20T01:33:38+00:00,5.585,1.5,2,2.5,129.5,2,33.78,2,2020-06-14T20:31:15+00:00,False,False
2020-06-15 00:00:00+00:00,Ssumday,TOP,100 Thieves,2020-06-20T19:31:08+00:00,10.102,1.4,2,4.2,261,5,36.11,2,2020-06-14T19:42:58+00:00,False,False
2020-06-15 00:00:00+00:00,Stixxay,BOT,Counter Logic Gaming,2020-06-20T00:31:26+00:00,11.978,3,1.8,4.4,266.4,5,42.61,2,2020-06-14T22:34:36+00:00,False,False
2020-06-15 00:00:00+00:00,Stunt,SUP,100 Thieves,2020-06-20T19:31:08+00:00,8.762,0.2,3.6,6.6,35.6,5,30.08,2,2020-06-14T19:42:58+00:00,False,False
2020-06-15 00:00:00+00:00,Svenskeren,JGL,Evil Geniuses,2020-06-20T21:36:58+00:00,9.704,1,2.6,6.2,156.2,5,9.09,2,2020-06-13T19:34:10+00:00,False,False
2020-06-15 00:00:00+00:00,Tactical,BOT,Team Liquid,2020-06-20T19:31:08+00:00,21.586,4.8,1,4,350.8,5,35.97,2,2020-06-14T21:27:34+00:00,False,False
2020-06-15 00:00:00+00:00,V1per,TOP,Dignitas,2020-06-20T22:28:36+00:00,6.656,0.8,3.8,2.4,229,5,13.27,2,2020-06-14T20:31:15+00:00,False,False
2020-06-15 00:00:00+00:00,Vulcan,SUP,Cloud9,2020-06-20T21:36:58+00:00,19.086,0.8,1.2,11.6,24,5,49.61,2,2020-06-14T19:42:58+00:00,False,False
2020-06-15 00:00:00+00:00,Zeyzal,SUP,Evil Geniuses,2020-06-20T21:36:58+00:00,15.53,0.8,1.2,8,26.6,5,11.12,2,2020-06-13T19:34:10+00:00,False,False
2020-06-15 00:00:00+00:00,Zven,BOT,Cloud9,2020-06-20T21:36:58+00:00,21.592,5.2,1,6.2,313,5,44.09,2,2020-06-14T19:42:58+00:00,False,False
2020-06-15 00:00:00+00:00,aphromoo,SUP,Dignitas,2020-06-20T22:28:36+00:00,8.912,0.4,2.4,5.4,33.4,5,24.61,2,2020-06-14T20:31:15+00:00,False,False
2020-06-15 00:00:00+00:00,huhi,SUP,Golden Guardians,2020-06-20T00:31:26+00:00,11.44,0.4,2.4,6,39.4,5,10.7,2,2020-06-14T21:27:34+00:00,False,False
2020-06-15 00:00:00+00:00,sOAZ,TOP,Immortals,2020-06-20T01:33:38+00:00,10.402,1,3.4,4.2,270,5,4.94,2,2020-06-14T22:34:36+00:00,False,False
2020-06-22 00:00:00+00:00,Akaadian,JGL,Dignitas,2020-06-27T21:45:32+00:00,6.198,1.6,3.2,3.6,212.6,5,5.24,2,2020-06-21T20:32:11+00:00,False,False
2020-06-22 00:00:00+00:00,Allorim,TOP,Immortals,2020-06-27T22:56:04+00:00,12.7303,2.08,2.43,4.41,257.29,0,13.82,2,,False,False
2020-06-22 00:00:00+00:00,Apollo,BOT,Immortals,2020-06-27T22:56:04+00:00,13.302,2.6,1.4,3.6,362.2,5,26.88,2,2020-03-30T18:35:45+00:00,False,False
2020-06-22 00:00:00+00:00,Bang,BOT,Evil Geniuses,2020-06-27T20:39:41+00:00,11.184,2.2,1.6,2.8,288.8,5,14.79,2,2020-06-21T19:39:46+00:00,False,False
2020-06-22 00:00:00+00:00,Biofrost,SUP,TSM,2020-06-27T20:39:41+00:00,12.09,0.4,3.2,7.2,34.8,5,40.9,2,2020-06-20T20:35:46+00:00,False,False
2020-06-22 00:00:00+00:00,Bjergsen,MID,TSM,2020-06-27T20:39:41+00:00,14.192,2,1.8,4.8,237.8,5,53.24,2,2020-06-20T20:35:46+00:00,False,False
2020-06-22 00:00:00+00:00,Blaber,JGL,Cloud9,2020-06-27T01:40:04+00:00,19.67,4.8,2.4,7.8,208.2,5,41.7,2,2020-06-21T21:30:59+00:00,False,False
2020-06-22 00:00:00+00:00,BrokenBlade,TOP,TSM,2020-06-27T20:39:41+00:00,11.47,1.4,1.2,3.8,208.2,5,41.81,2,2020-06-20T20:35:46+00:00,False,False
2020-06-22 00:00:00+00:00,Broxah,JGL,Team Liquid,2020-06-27T01:40:04+00:00,15.04,2.2,1.6,7.8,167.6,5,10.85,2,2020-06-21T19:39:46+00:00,False,False
2020-06-22 00:00:00+00:00,Closer,JGL,Golden Guardians,2020-06-27T22:56:04+00:00,7.806,1.6,3,3.8,237,5,12.99,2,2020-06-21T21:30:59+00:00,False,False
2020-06-22 00:00:00+00:00,Cody Sun,BOT,100 Thieves,2020-06-27T19:40:28+00:00,15.166,3.2,1.2,5.2,290.4,5,25.74,2,2020-06-21T22:34:57+00:00,False,False
2020-06-22 00:00:00+00:00,CoreJJ,SUP,Team Liquid,2020-06-27T01:40:04+00:00,17.906,1,1.4,9.4,36,5,13.58,2,2020-06-21T19:39:46+00:00,False,False
2020-06-22 00:00:00+00:00,Damonte,MID,Golden Guardians,2020-06-27T22:56:04+00:00,12.25,2.5,2.5,3.5,331.75,4,26.51,2,2020-06-21T21:30:59+00:00,False,False
2020-06-22 00:00:00+00:00,Doublelift,BOT,TSM,2020-06-27T20:39:41+00:00,17.69,4.8,2.4,4.6,320.4,5,43.1,2,2020-06-20T20:35:46+00:00,False,False
2020-06-22 00:00:00+00:00,FBI,BOT,Golden Guardians,2020-06-27T22:56:04+00:00,12.334,2.8,2.6,3.4,347.8,5,40.68,2,2020-06-21T21:30:59+00:00,False,False
2020-06-22 00:00:00+00:00,Froggen,MID,Dignitas,2020-06-27T21:45:32+00:00,9.684,1.6,1.8,2.8,314.6,5,27.61,2,2020-06-21T20:32:11+00:00,False,False
2020-06-22 00:00:00+00:00,Griffin,JGL,Counter Logic Gaming,2020-06-27T00:39:52+00:00,10.62,1.2,2.2,7.4,162,5,30.08,2,2020-06-20T22:28:36+00:00,False,False
2020-06-22 00:00:00+00:00,Hakuho,SUP,Immortals,2020-06-27T22:56:04+00:00,9.092,0.4,2,5.4,35.8,5,29.07,2,2020-03-30T18:35:45+00:00,False,False
2020-06-22 00:00:00+00:00,Hauntzer,TOP,Golden Guardians,2020-06-27T22:56:04+00:00,8.17,0.8,2.2,3,296,5,25.89,2,2020-06-21T21:30:59+00:00,False,False
2020-06-22 00:00:00+00:00,Ignar,SUP,FlyQuest,2020-06-27T00:39:52+00:00,16.33,0.6,1.8,10.8,33.4,5,18.33,2,2020-06-21T20:32:11+00:00,False,False
2020-06-22 00:00:00+00:00,Impact,TOP,Team Liquid,2020-06-27T01:40:04+00:00,11.77,2.4,2.6,4,236.8,5,21.43,2,2020-06-21T19:39:46+00:00,False,False
2020-06-22 00:00:00+00:00,Insanity,MID,Immortals,2020-06-27T22:56:04+00:00,16.7547,3.35,2.12,5.07,287.68,0,27.05,2,,False,False
2020-06-22 00:00:00+00:00,Jensen,MID,Team Liquid,2020-06-27T01:40:04+00:00,12.936,2.2,1.4,5.4,295.6,5,36.99,2,2020-06-21T19:39:46+00:00,False,False
2020-06-22 00:00:00+00:00,Jiizuke,MID,Evil Geniuses,2020-06-27T20:39:41+00:00,19.736,4.6,1.2,3,280.8,5,17.21,2,2020-06-21T19:39:46+00:00,False,False
2020-06-22 00:00:00+00:00,Johnsun,BOT,Dignitas,2020-06-27T21:45:32+00:00,11.104,2.4,2.2,2.6,338.4,5,24.58,2,2020-06-21T20:32:11+00:00,False,False
2020-06-22 00:00:00+00:00,Kumo,TOP,Evil Geniuses,2020-06-27T20:39:41+00:00,11.942,2,2.2,3.8,223.6,5,16.76,2,2020-06-21T19:39:46+00:00,False,False
2020-06-22 00:00:00+00:00,Licorice,TOP,Cloud9,2020-06-27T01:40:04+00:00,23.018,4.6,1.6,6.2,247.4,5,36.79,2,2020-06-21T21:30:59+00:00,False,False
2020-06-22 00:00:00+00:00,Lourlo,TOP,Dignitas,2020-06-27T21:45:32+00:00,12.6319,2.06,2.42,4.43,252.01,0,17.41,2,,False,False
2020-06-22 00:00:00+00:00,Mash,BOT,FlyQuest,2020-06-27T00:39:52+00:00,23.31,6.5,1,8,275.5,2,29.74,2,2020-06-21T20:32:11+00:00,False,False
2020-06-22 00:00:00+00:00,Meteos,JGL,100 Thieves,2020-06-27T19:40:28+00:00,8.258,1.6,3.8,6,169.2,5,12.56,2,2020-06-21T22:34:57+00:00,False,False
2020-06-22 00:00:00+00:00,Nisqy,MID,Cloud9,2020-06-27T01:40:04+00:00,21.092,3,1.4,10.6,223.2,5,42.5,2,2020-06-21T21:30:59+00:00,False,False
2020-06-22 00:00:00+00:00,Pobelter,MID,Counter Logic Gaming,2020-06-27T00:39:52+00:00,14.786,2.2,1.6,5.2,302,5,35.56,2,2020-06-20T22:28:36+00:00,False,False
2020-06-22 00:00:00+00:00,PowerOfEvil,MID,FlyQuest,2020-06-27T00:39:52+00:00,20.38,5,2.4,5.6,287.8,5,47.59,2,2020-06-21T20:32:11+00:00,False,False
2020-06-22 00:00:00+00:00,Ruin,TOP,Counter Logic Gaming,2020-06-27T00:39:52+00:00,14.014,3,2.4,4.4,244.8,5,37.09,2,2020-06-20T22:28:36+00:00,False,False
2020-06-22 00:00:00+00:00,Ryoma,MID,100 Thieves,2020-06-27T19:40:28+00:00,9.562,2.6,3.6,4.2,265.4,5,53.26,2,2020-06-21T22:34:57+00:00,False,False
2020-06-22 00:00:00+00:00,Santorin,JGL,FlyQuest,2020-06-27T00:39:52+00:00,19.02,3.6,2,9.6,162.4,5,31.76,2,2020-06-21T20:32:11+00:00,False,False
2020-06-22 00:00:00+00:00,Smoothie,SUP,Counter Logic Gaming,2020-06-27T00:39:52+00:00,13.95,0.8,1.4,7.8,28,5,25.07,2,2020-06-20T22:28:36+00:00,False,False
2020-06-22 00:00:00+00:00,Solo,TOP,FlyQuest,2020-06-27T00:39:52+00:00,14.572,2,2.8,8.2,230,5,19.1,2,2020-06-21T20:32:11+00:00,False,False
2020-06-22 00:00:00+00:00,Spica,JGL,TSM,2020-06-27T20:39:41+00:00,11.2375,2.75,2.5,6.25,149,4,32.92,2,2020-06-20T20:35:46+00:00,False,False
2020-06-22 00:00:00+00:00,Ssumday,TOP,100 Thieves,2020-06-27T19:40:28+00:00,13.522,2.6,1,3.4,271.2,5,22.95,2,2020-06-21T22:34:57+00:00,False,False
2020-06-22 00:00:00+00:00,Stixxay,BOT,Counter Logic Gaming,2020-06-27T00:39:52+00:00,16.596,4,1.6,4.2,298.2,5,49.59,2,2020-06-20T22:28:36+00:00,False,False
2020-06-22 00:00:00+00:00,Stunt,SUP,100 Thieves,2020-06-27T19:40:28+00:00,10.784,0.2,3.8,7.4,32.8,5,10.77,2,2020-06-21T22:34:57+00:00,False,False
2020-06-22 00:00:00+00:00,Svenskeren,JGL,Evil Geniuses,2020-06-27T20:39:41+00:00,7.848,0.8,2.6,5.2,157.4,5,14.58,2,2020-06-21T19:39:46+00:00,False,False
2020-06-22 00:00:00+00:00,Tactical,BOT,Team Liquid,2020-06-27T01:40:04+00:00,20.592,4.8,1.2,3.8,336.4,5,18.57,2,2020-06-21T19:39:46+00:00,False,False
2020-06-22 00:00:00+00:00,Vulcan,SUP,Cloud9,2020-06-27T01:40:04+00:00,20.59,1,0.4,10.8,18.8,5,34.2,2,2020-06-21T21:30:59+00:00,False,False
2020-06-22 00:00:00+00:00,Xmithie,JGL,Immortals,2020-06-27T22:56:04+00:00,6.43,1.4,3.8,4.2,181.4,5,20.29,2,2020-03-30T18:35:45+00:00,False,False
2020-06-22 00:00:00+00:00,Zeyzal,SUP,Evil Geniuses,2020-06-27T20:39:41+00:00,13.688,0.8,1.2,7.4,26.6,5,21.28,2,2020-06-21T19:39:46+00:00,False,False
2020-06-22 00:00:00+00:00,Zven,BOT,Cloud9,2020-06-27T01:40:04+00:00,18.778,3.2,1,6.4,291.8,5,44.66,2,2020-06-21T21:30:59+00:00,False,False
2020-06-22 00:00:00+00:00,aphromoo,SUP,Dignitas,2020-06-27T21:45:32+00:00,9.8,0.4,2.4,5.4,33.4,5,15.18,2,2020-06-21T20:32:11+00:00,False,False
2020-06-22 00:00:00+00:00,huhi,SUP,Golden Guardians,2020-06-27T22:56:04+00:00,9.27,0.6,3.2,5,40,5,11.54,2,2020-06-21T21:30:59+00:00,False,False
2020-06-29 00:00:00+00:00,Allorim,TOP,Immortals,2020-07-04T22:48:26+00:00,6.91,1,4,4.5,241,2,33.55,2,2020-06-28T20:53:34+00:00,False,False
2020-06-29 00:00:00+00:00,Apollo,BOT,Immortals,2020-07-04T22:48:26+00:00,13.754,3.4,2,3.6,327.4,5,30.77,2,2020-06-28T20:53:34+00:00,False,False
2020-06-29 00:00:00+00:00,Bang,BOT,Evil Geniuses,2020-07-04T21:45:20+00:00,9.712,1.2,1,1.6,271.4,5,28.61,2,2020-06-28T23:05:54+00:00,False,False
2020-06-29 00:00:00+00:00,Biofrost,SUP,TSM,2020-07-04T19:38:01+00:00,19.65,0.6,2.8,11.2,37.2,5,24.3,2,2020-06-28T19:51:14+00:00,False,False
2020-06-29 00:00:00+00:00,Bjergsen,MID,TSM,2020-07-04T19:38:01+00:00,21.572,4.2,2,7.4,284.8,5,53.56,2,2020-06-28T19:51:14+00:00,False,False
2020-06-29 00:00:00+00:00,Blaber,JGL,Cloud9,2020-07-04T01:24:54+00:00,22.312,6.2,1.6,6.6,201.6,5,37.31,2,2020-06-28T20:53:34+00:00,False,False
2020-06-29 00:00:00+00:00,BrokenBlade,TOP,TSM,2020-07-04T19:38:01+00:00,17.846,2.2,1.2,7,265.8,5,27.57,2,2020-06-28T19:51:14+00:00,False,False
2020-06-29 00:00:00+00:00,Broxah,JGL,Team Liquid,2020-07-04T22:48:26+00:00,9.072,1,1.6,5.4,191.2,5,23.77,2,2020-06-27T21:45:32+00:00,False,False
2020-06-29 00:00:00+00:00,Closer,JGL,Golden Guardians,2020-07-04T00:21:06+00:00,5.948,1,3.2,3.8,226,5,25.95,2,2020-06-28T21:51:43+00:00,False,False
2020-06-29 00:00:00+00:00,Cody Sun,BOT,100 Thieves,2020-07-04T00:21:06+00:00,11.39,2,2.4,4.8,303.2,5,29.48,2,2020-06-28T19:51:14+00:00,False,False
2020-06-29 00:00:00+00:00,Contractz,JGL,100 Thieves,2020-07-04T00:21:06+00:00,11.4305,2.25,2.82,6.29,177.28,0,22.18,2,,False,False
2020-06-29 00:00:00+00:00,CoreJJ,SUP,Team Liquid,2020-07-04T22:48:26+00:00,11.064,0.8,1.4,5.8,37,5,33.79,2,2020-06-27T21:45:32+00:00,False,False
2020-06-29 00:00:00+00:00,Damonte,MID,Golden Guardians,2020-07-04T00:21:06+00:00,10.998,1.4,2.2,3.6,333,5,29.44,2,2020-06-28T21:51:43+00:00,False,False
2020-06-29 00:00:00+00:00,Dardoch,JGL,Dignitas,2020-07-04T20:45:06+00:00,8.088,1.2,4.6,7,142.6,5,17.18,2,2020-04-12T23:49:32+00:00,False,False
2020-06-29 00:00:00+00:00,Doublelift,BOT,TSM,2020-07-04T19:38:01+00:00,21.136,6,2.4,4.6,340,5,36.8,2,2020-06-28T19:51:14+00:00,False,False
2020-06-29 00:00:00+00:00,FBI,BOT,Golden Guardians,2020-07-04T00:21:06+00:00,14.144,3,1.8,2.8,367.6,5,29.44,2,2020-06-28T21:51:43+00:00,False,False
2020-06-29 00:00:00+00:00,Fenix,MID,Dignitas,2020-07-04T20:45:06+00:00,16.4401,3.2,2.02,5.05,291.43,0,6.61,2,,False,False
2020-06-29 00:00:00+00:00,Griffin,JGL,Counter Logic Gaming,2020-07-04T01:24:54+00:00,15.774,1.2,1.2,10.2,177.4,5,10.78,2,2020-06-27T19:40:28+00:00,False,False
2020-06-29 00:00:00+00:00,Hakuho,SUP,Immortals,2020-07-04T22:48:26+00:00,10.786,0.6,2.4,6.4,38.6,5,22.65,2,2020-06-28T20:53:34+00:00,False,False
2020-06-29 00:00:00+00:00,Hauntzer,TOP,Golden Guardians,2020-07-04T00:21:06+00:00,8.452,1.4,3,1.8,305.4,5,17.35,2,2020-06-28T21:51:43+00:00,False,False
2020-06-29 00:00:00+00:00,Ignar,SUP,FlyQuest,2020-07-04T21:45:20+00:00,16.94,0.8,2.6,10.8,43.2,5,53.1,2,2020-06-28T21:51:43+00:00,False,False
2020-06-29 00:00:00+00:00,Impact,TOP,Team Liquid,2020-07-04T22:48:26+00:00,9.97,2.2,3.4,2.8,265.8,5,39.6,2,2020-06-27T21:45:32+00:00,False,False
2020-06-29 00:00:00+00:00,Insanity,MID,Immortals,2020-07-04T22:48:26+00:00,13.525,1.5,0.5,4,277.5,2,34.69,2,2020-06-28T20:53:34+00:00,False,False
2020-06-29 00:00:00+00:00,Jensen,MID,Team Liquid,2020-07-04T22:48:26+00:00,15.56,2.2,0.6,4.6,321.6,5,34.7,2,2020-06-27T21:45:32+00:00,False,False
2020-06-29 00:00:00+00:00,Jiizuke,MID,Evil Geniuses,2020-07-04T21:45:20+00:00,11.472,2.4,1.8,1.8,240,5,11.46,2,2020-06-28T23:05:54+00:00,False,False
2020-06-29 00:00:00+00:00,Johnsun,BOT,Dignitas,2020-07-04T20:45:06+00:00,10.654,3.2,1.6,0.6,342.6,5,22.66,2,2020-06-28T23:05:54+00:00,False,False
2020-06-29 00:00:00+00:00,Kumo,TOP,Evil Geniuses,2020-07-04T21:45:20+00:00,11.046,2,2.4,2,221,5,25.42,2,2020-06-28T23:05:54+00:00,False,False
2020-06-29 00:00:00+00:00,Licorice,TOP,Cloud9,2020-07-04T01:24:54+00:00,20.852,2.8,1.6,7.2,233.4,5,38.22,2,2020-06-28T20:53:34+00:00,False,False
2020-06-29 00:00:00+00:00,Lourlo,TOP,Dignitas,2020-07-04T20:45:06+00:00,8.705,1,1,1.5,320.5,2,16.25,2,2020-06-28T23:05:54+00:00,False,False
2020-06-29 00:00:00+00:00,Mash,BOT,FlyQuest,2020-07-04T21:45:20+00:00,19.09,5,1.5,7,293.75,4,29.67,2,2020-06-28T21:51:43+00:00,False,False
2020-06-29 00:00:00+00:00,Nisqy,MID,Cloud9,2020-07-04T01:24:54+00:00,22.184,2.4,0.8,9.6,233.2,5,41.01,2,2020-06-28T20:53:34+00:00,False,False
2020-06-29 00:00:00+00:00,Pobelter,MID,Counter Logic Gaming,2020-07-04T01:24:54+00:00,19.552,3.2,2.4,7.6,325.4,5,32.93,2,2020-06-27T19:40:28+00:00,False,False
2020-06-29 00:00:00+00:00,Poome,SUP,100 Thieves,2020-07-04T00:21:06+00:00,12.3148,0.54,2.51,7.4,33.34,0,12.23,2,,False,False
2020-06-29 00:00:00+00:00,PowerOfEvil,MID,FlyQuest,2020-07-04T21:45:20+00:00,23.262,5.2,1.4,6.2,363.2,5,50.17,2,2020-06-28T21:51:43+00:00,False,False
2020-06-29 00:00:00+00:00,Ruin,TOP,Counter Logic Gaming,2020-07-04T01:24:54+00:00,17.954,3.6,1.6,5.6,267.4,5,4.58,2,2020-06-27T19:40:28+00:00,False,False
2020-06-29 00:00:00+00:00,Ryoma,MID,100 Thieves,2020-07-04T00:21:06+00:00,16.422,4,3,4.2,325,5,18.31,2,2020-06-28T19:51:14+00:00,False,False
2020-06-29 00:00:00+00:00,Santorin,JGL,FlyQuest,2020-07-04T21:45:20+00:00,21.656,3.8,1.4,10.4,221.8,5,44.98,2,2020-06-28T21:51:43+00:00,False,False
2020-06-29 00:00:00+00:00,Smoothie,SUP,Counter Logic Gaming,2020-07-04T01:24:54+00:00,17.216,0.8,2,9.8,33,5,18.28,2,2020-06-27T19:40:28+00:00,False,False
2020-06-29 00:00:00+00:00,Solo,TOP,FlyQuest,2020-07-04T21:45:20+00:00,15.794,2.2,2.4,8.2,282.2,5,38.9,2,2020-06-28T21:51:43+00:00,False,False
2020-06-29 00:00:00+00:00,Spica,JGL,TSM,2020-07-04T19:38:01+00:00,15.624,3.4,2.4,8.4,167.8,5,29.43,2,2020-06-28T19:51:14+00:00,False,False
2020-06-29 00:00:00+00:00,Ssumday,TOP,100 Thieves,2020-07-04T00:21:06+00:00,12.95,2.4,1,3.2,286.6,5,27.46,2,2020-06-28T19:51:14+00:00,False,False
2020-06-29 00:00:00+00:00,Stixxay,BOT,Counter Logic Gaming,2020-07-04T01:24:54+00:00,24.224,5.8,1.6,5.8,338,5,17.78,2,2020-06-27T19:40:28+00:00,False,False
2020-06-29 00:00:00+00:00,Svenskeren,JGL,Evil Geniuses,2020-07-04T21:45:20+00:00,7.5,0.2,1.6,3.8,159.4,5,12.97,2,2020-06-28T23:05:54+00:00,False,False
2020-06-29 00:00:00+00:00,Tactical,BOT,Team Liquid,2020-07-04T22:48:26+00:00,15.276,3.8,1,2.6,335.6,5,38.72,2,2020-06-27T21:45:32+00:00,False,False
2020-06-29 00:00:00+00:00,Vulcan,SUP,Cloud9,2020-07-04T01:24:54+00:00,20.264,0.6,0.4,10.8,19,5,50.76,2,2020-06-28T20:53:34+00:00,False,False
2020-06-29 00:00:00+00:00,Xmithie,JGL,Immortals,2020-07-04T22:48:26+00:00,7.142,1.8,4,4.8,176.6,5,7.1,2,2020-06-28T20:53:34+00:00,False,False
2020-06-29 00:00:00+00:00,Zeyzal,SUP,Evil Geniuses,2020-07-04T21:45:20+00:00,9.918,0.8,1,3.6,28,5,23.63,2,2020-06-28T23:05:54+00:00,False,False
2020-06-29 00:00:00+00:00,Zven,BOT,Cloud9,2020-07-04T01:24:54+00:00,22.014,3.8,0.4,6,287.4,5,47.63,2,2020-06-28T20:53:34+00:00,False,False
2020-06-29 00:00:00+00:00,aphromoo,SUP,Dignitas,2020-07-04T20:45:06+00:00,8.23,0.2,1.8,4.2,31.4,5,12.89,2,2020-06-28T23:05:54+00:00,False,False
2020-06-29 00:00:00+00:00,huhi,SUP,Golden Guardians,2020-07-04T00:21:06+00:00,5.118,0.4,4.2,3.8,34.2,5,31.85,2,2020-06-28T21:51:43+00:00,False,False
2020-07-06 00:00:00+00:00,Allorim,TOP,Immortals,2020-07-11T00:50:27+00:00,11.8425,2,3.5,5.25,295.5,4,17.09,2,2020-07-05T23:37:29+00:00,False,False
2020-07-06 00:00:00+00:00,Apollo,BOT,Immortals,2020-07-11T00:50:27+00:00,13.654,3,1.8,4.2,335.4,5,18.99,2,2020-07-05T23:37:29+00:00,False,False
2020-07-06 00:00:00+00:00,Bang,BOT,Evil Geniuses,2020-07-11T19:38:18+00:00,10.346,1,1.2,3,336.6,5,54.65,2,2020-07-05T23:37:29+00:00,False,False
2020-07-06 00:00:00+00:00,Biofrost,SUP,TSM,2020-07-11T20:47:57+00:00,12.782,0.4,4,9.4,38.6,5,4.04,2,2020-07-05T21:47:53+00:00,False,False
2020-07-06 00:00:00+00:00,Bjergsen,MID,TSM,2020-07-11T20:47:57+00:00,22.602,5,2.2,6.8,330.8,5,21.15,2,2020-07-05T21:47:53+00:00,False,False
2020-07-06 00:00:00+00:00,Blaber,JGL,Cloud9,2020-07-11T20:47:57+00:00,20.028,5.2,2,8.2,189.2,5,8.43,2,2020-07-05T19:40:58+00:00,False,False
2020-07-06 00:00:00+00:00,BrokenBlade,TOP,TSM,2020-07-11T20:47:57+00:00,16.488,1.8,2,7.6,297.6,5,6.73,2,2020-07-05T21:47:53+00:00,False,False
2020-07-06 00:00:00+00:00,Broxah,JGL,Team Liquid,2020-07-11T21:56:28+00:00,6.964,1.6,2.2,4,210,5,22.85,2,2020-07-05T20:38:01+00:00,False,False
2020-07-06 00:00:00+00:00,Closer,JGL,Golden Guardians,2020-07-11T19:38:18+00:00,8.13,1.6,2.6,4.4,224.6,5,44.92,2,2020-07-04T19:38:01+00:00,False,False
2020-07-06 00:00:00+00:00,Cody Sun,BOT,100 Thieves,2020-07-11T02:09:47+00:00,15.304,3,2.4,5.8,324.6,5,31.67,2,2020-07-04T20:45:06+00:00,False,False
2020-07-06 00:00:00+00:00,Contractz,JGL,100 Thieves,2020-07-11T02:09:47+00:00,11.09,1,2,8,172.5,2,49.58,2,2020-07-04T20:45:06+00:00,False,False
2020-07-06 00:00:00+00:00,CoreJJ,SUP,Team Liquid,2020-07-11T21:56:28+00:00,10.41,0.4,1.8,6,40.2,5,29.39,2,2020-07-05T20:38:01+00:00,False,False
2020-07-06 00:00:00+00:00,Damonte,MID,Golden Guardians,2020-07-11T19:38:18+00:00,12.03,1.8,1.8,4.6,316.2,5,18.89,2,2020-07-04T19:38:01+00:00,False,False
2020-07-06 00:00:00+00:00,Dardoch,JGL,Dignitas,2020-07-11T00:50:27+00:00,8.902,1.8,4,6,154,5,29.64,2,2020-07-05T19:40:58+00:00,False,False
2020-07-06 00:00:00+00:00,Doublelift,BOT,TSM,2020-07-11T20:47:57+00:00,17.486,5.2,2.8,4.2,373.6,5,15.84,2,2020-07-05T21:47:53+00:00,False,False
2020-07-06 00:00:00+00:00,FBI,BOT,Golden Guardians,2020-07-11T19:38:18+00:00,16.578,3.2,1.8,4,359.2,5,44.62,2,2020-07-04T19:38:01+00:00,False,False
2020-07-06 00:00:00+00:00,Fenix,MID,Dignitas,2020-07-11T00:50:27+00:00,3.305,1,4.5,3,243.5,2,48.32,2,2020-07-05T19:40:58+00:00,False,False
2020-07-06 00:00:00+00:00,Griffin,JGL,Counter Logic Gaming,2020-07-11T21:56:28+00:00,10.476,1.4,2,7.2,177.4,5,17.04,2,2020-07-05T21:47:53+00:00,False,False
2020-07-06 00:00:00+00:00,Hakuho,SUP,Immortals,2020-07-11T00:50:27+00:00,11.188,0.4,2.2,6.6,37.6,5,25.19,2,2020-07-05T23:37:29+00:00,False,False
2020-07-06 00:00:00+00:00,Hauntzer,TOP,Golden Guardians,2020-07-11T19:38:18+00:00,9.348,1.8,3,1.6,305.8,5,36.98,2,2020-07-04T19:38:01+00:00,False,False
2020-07-06 00:00:00+00:00,Ignar,SUP,FlyQuest,2020-07-11T02:09:47+00:00,17.256,1,2.6,10.4,43.6,5,18.29,2,2020-07-05T20:38:01+00:00,False,False
2020-07-06 00:00:00+00:00,Impact,TOP,Team Liquid,2020-07-11T21:56:28+00:00,12.87,2.6,3.6,3.2,296.2,5,42.75,2,2020-07-05T20:38:01+00:00,False,False
2020-07-06 00:00:00+00:00,Insanity,MID,Immortals,2020-07-11T00:50:27+00:00,15.435,2.75,1.25,4.25,331,4,27.69,2,2020-07-05T23:37:29+00:00,False,False
2020-07-06 00:00:00+00:00,Jensen,MID,Team Liquid,2020-07-11T21:56:28+00:00,14.89,2.2,2,4.6,342.8,5,42.09,2,2020-07-05T20:38:01+00:00,False,False
2020-07-06 00:00:00+00:00,Jiizuke,MID,Evil Geniuses,2020-07-11T19:38:18+00:00,9.652,2,3,2.6,312,5,47.97,2,2020-07-05T23:37:29+00:00,False,False
2020-07-06 00:00:00+00:00,Johnsun,BOT,Dignitas,2020-07-11T00:50:27+00:00,11.234,2.8,2.2,2,364.8,5,48.45,2,2020-07-05T19:40:58+00:00,False,False
2020-07-06 00:00:00+00:00,Kumo,TOP,Evil Geniuses,2020-07-11T19:38:18+00:00,11.512,2.2,2.4,3,259.2,5,23.81,2,2020-07-05T23:37:29+00:00,False,False
2020-07-06 00:00:00+00:00,Licorice,TOP,Cloud9,2020-07-11T20:47:57+00:00,20.114,3.6,2,6.2,232.8,5,35.69,2,2020-07-05T19:40:58+00:00,False,False
2020-07-06 00:00:00+00:00,Lourlo,TOP,Dignitas,2020-07-11T00:50:27+00:00,8.415,1.5,2,2.25,276.75,4,47.36,2,2020-07-05T19:40:58+00:00,False,False
2020-07-06 00:00:00+00:00,Mash,BOT,FlyQuest,2020-07-11T02:09:47+00:00,14.026,3.8,2,5.8,309.6,5,13.71,2,2020-07-05T20:38:01+00:00,False,False
2020-07-06 00:00:00+00:00,Nisqy,MID,Cloud9,2020-07-11T20:47:57+00:00,20.86,2.8,1,9.6,247,5,17.21,2,2020-07-05T19:40:58+00:00,False,False
2020-07-06 00:00:00+00:00,Pobelter,MID,Counter Logic Gaming,2020-07-11T21:56:28+00:00,18.848,3.8,3.4,5.6,335.4,5,32.13,2,2020-07-05T21:47:53+00:00,False,False
2020-07-06 00:00:00+00:00,Poome,SUP,100 Thieves,2020-07-11T02:09:47+00:00,6.115,0,3,5.5,34.5,2,40.68,2,2020-07-04T20:45:06+00:00,False,False
2020-07-06 00:00:00+00:00,PowerOfEvil,MID,FlyQuest,2020-07-11T02:09:47+00:00,25.37,5.6,1.6,6.4,394,5,14.38,2,2020-07-05T20:38:01+00:00,False,False
2020-07-06 00:00:00+00:00,RJS,TOP,Counter Logic Gaming,2020-07-11T21:56:28+00:00,12.9011,2.02,2.58,4.68,262.76,0,31.3,2,,False,False
2020-07-06 00:00:00+00:00,Ryoma,MID,100 Thieves,2020-07-11T02:09:47+00:00,19.556,5.2,2.6,4.4,338.8,5,30.03,2,2020-07-04T20:45:06+00:00,False,False
2020-07-06 00:00:00+00:00,Santorin,JGL,FlyQuest,2020-07-11T02:09:47+00:00,19.546,3.6,1.8,9.4,242.4,5,11.84,2,2020-07-05T20:38:01+00:00,False,False
2020-07-06 00:00:00+00:00,Smoothie,SUP,Counter Logic Gaming,2020-07-11T21:56:28+00:00,12.178,0.8,2.6,7.4,36.2,5,32.68,2,2020-07-05T21:47:53+00:00,False,False
2020-07-06 00:00:00+00:00,Solo,TOP,FlyQuest,2020-07-11T02:09:47+00:00,15.14,1.8,2.4,8,310.8,5,10.15,2,2020-07-05T20:38:01+00:00,False,False
2020-07-06 00:00:00+00:00,Spica,JGL,TSM,2020-07-11T20:47:57+00:00,13.182,2.8,3,7.6,193.4,5,9.63,2,2020-07-05T21:47:53+00:00,False,False
2020-07-06 00:00:00+00:00,Ssumday,TOP,100 Thieves,2020-07-11T02:09:47+00:00,15.778,2.8,1.6,4.8,308.8,5,42.15,2,2020-07-04T20:45:06+00:00,False,False
2020-07-06 00:00:00+00:00,Stixxay,BOT,Counter Logic Gaming,2020-07-11T21:56:28+00:00,17.558,4.2,2.4,5.2,357.6,5,38.43,2,2020-07-05T21:47:53+00:00,False,False
2020-07-06 00:00:00+00:00,Svenskeren,JGL,Evil Geniuses,2020-07-11T19:38:18+00:00,7.498,1.4,3.2,4,187,5,21.92,2,2020-07-05T23:37:29+00:00,False,False
2020-07-06 00:00:00+00:00,Tactical,BOT,Team Liquid,2020-07-11T21:56:28+00:00,13.102,3,1.8,3.8,367,5,30.46,2,2020-07-05T20:38:01+00:00,False,False
2020-07-06 00:00:00+00:00,Vulcan,SUP,Cloud9,2020-07-11T20:47:57+00:00,22.922,0.8,0.6,12.4,29.4,5,24.63,2,2020-07-05T19:40:58+00:00,False,False
2020-07-06 00:00:00+00:00,Xmithie,JGL,Immortals,2020-07-11T00:50:27+00:00,6.36,1.4,3.8,5,196.6,5,21.39,2,2020-07-05T23:37:29+00:00,False,False
2020-07-06 00:00:00+00:00,Zeyzal,SUP,Evil Geniuses,2020-07-11T19:38:18+00:00,10.762,1,1.6,5,27.6,5,9.59,2,2020-07-05T23:37:29+00:00,False,False
2020-07-06 00:00:00+00:00,Zven,BOT,Cloud9,2020-07-11T20:47:57+00:00,23.866,5.2,0.8,6.4,308.4,5,25.01,2,2020-07-05T19:40:58+00:00,False,False
2020-07-06 00:00:00+00:00,aphromoo,SUP,Dignitas,2020-07-11T00:50:27+00:00,7.716,0.4,2.6,4.4,27.4,5,33.04,2,2020-07-05T19:40:58+00:00,False,False
2020-07-06 00:00:00+00:00,huhi,SUP,Golden Guardians,2020-07-11T19:38:18+00:00,10.91,0.8,3.4,5.6,35.8,5,36.58,2,2020-07-04T19:38:01+00:00,False,False
2020-07-13 00:00:00+00:00,Allorim,TOP,Immortals,2020-07-18T22:41:00+00:00,9.52,1.4,4,4.6,266.8,5,18.63,2,2020-07-12T19:42:42+00:00,False,False
2020-07-13 00:00:00+00:00,Apollo,BOT,Immortals,2020-07-18T22:41:00+00:00,11.22,1.6,2,4.2,326,5,27.94,2,2020-07-12T19:42:42+00:00,False,False
2020-07-13 00:00:00+00:00,Bang,BOT,Evil Geniuses,2020-07-18T01:47:18+00:00,18.034,3,1.6,5,399.2,5,18.57,2,2020-07-12T22:40:38+00:00,False,False
2020-07-13 00:00:00+00:00,Bjergsen,MID,TSM,2020-07-18T00:30:49+00:00,21.666,4.8,1.6,5.4,360.6,5,25.93,2,2020-07-12T19:42:42+00:00,False,False
2020-07-13 00:00:00+00:00,Blaber,JGL,Cloud9,2020-07-18T20:41:17+00:00,13.878,3.6,3.4,7,179.2,5,29.1,2,2020-07-12T20:44:00+00:00,False,False
2020-07-13 00:00:00+00:00,BrokenBlade,TOP,TSM,2020-07-18T00:30:49+00:00,11.386,1.2,3,5.4,296.8,5,22.93,2,2020-07-12T19:42:42+00:00,False,False
2020-07-13 00:00:00+00:00,Broxah,JGL,Team Liquid,2020-07-18T01:47:18+00:00,11.146,2.2,2,6,234.4,5,31.08,2,2020-07-12T21:37:41+00:00,False,False
2020-07-13 00:00:00+00:00,Closer,JGL,Golden Guardians,2020-07-18T22:41:00+00:00,16.658,4.4,1.8,6,245.4,5,27.38,2,2020-07-12T21:37:41+00:00,False,False
2020-07-13 00:00:00+00:00,Cody Sun,BOT,100 Thieves,2020-07-18T00:30:49+00:00,15.418,4.2,2.6,5.6,295,5,20.24,2,2020-07-12T20:44:00+00:00,False,False
2020-07-13 00:00:00+00:00,Contractz,JGL,100 Thieves,2020-07-18T00:30:49+00:00,17.94,3.5,1.5,8.25,182,4,16.39,2,2020-07-12T20:44:00+00:00,False,False
2020-07-13 00:00:00+00:00,CoreJJ,SUP,Team Liquid,2020-07-18T01:47:18+00:00,14.406,0.2,1.8,8.2,43.6,5,47.74,2,2020-07-12T21:37:41+00:00,False,False
2020-07-13 00:00:00+00:00,Damonte,MID,Golden Guardians,2020-07-18T22:41:00+00:00,14.216,1.8,2.4,7.6,296,5,29.57,2,2020-07-12T21:37:41+00:00,False,False
2020-07-13 00:00:00+00:00,Dardoch,JGL,Dignitas,2020-07-18T19:25:02+00:00,10.112,2.2,2.6,5.2,159.8,5,16.89,2,2020-07-11T23:09:33+00:00,False,False
2020-07-13 00:00:00+00:00,Doublelift,BOT,TSM,2020-07-18T00:30:49+00:00,14.068,4.4,2.4,3,398.8,5,23.11,2,2020-07-12T19:42:42+00:00,False,False
2020-07-13 00:00:00+00:00,FBI,BOT,Golden Guardians,2020-07-18T22:41:00+00:00,19.854,4,2,6,371.8,5,28.99,2,2020-07-12T21:37:41+00:00,False,False
2020-07-13 00:00:00+00:00,Fenix,MID,Dignitas,2020-07-18T19:25:02+00:00,13.7325,2.75,2.5,4.75,254.25,4,29.27,2,2020-07-11T23:09:33+00:00,False,False
2020-07-13 00:00:00+00:00,Goldenglue,MID,Evil Geniuses,2020-07-18T01:47:18+00:00,15.35,2.6,2.8,5,292.8,5,23.92,2,2020-04-07T21:42:35+00:00,False,False
2020-07-13 00:00:00+00:00,Griffin,JGL,Counter Logic Gaming,2020-07-18T19:25:02+00:00,9.424,1.2,2.2,6.6,182.2,5,25.59,2,2020-07-12T22:40:38+00:00,False,False
2020-07-13 00:00:00+00:00,Hakuho,SUP,Immortals,2020-07-18T22:41:00+00:00,10.732,0.2,2,5.4,39.6,5,28.6,2,2020-07-12T19:42:42+00:00,False,False
2020-07-13 00:00:00+00:00,Hauntzer,TOP,Golden Guardians,2020-07-18T22:41:00+00:00,14.752,2.4,2.4,4.8,323.8,5,36.92,2,2020-07-12T21:37:41+00:00,False,False
2020-07-13 00:00:00+00:00,Huni,TOP,Evil Geniuses,2020-07-18T01:47:18+00:00,11.176,1.8,3.4,5,273.4,5,39.66,2,2020-03-30T20:41:40+00:00,False,False
2020-07-13 00:00:00+00:00,Ignar,SUP,FlyQuest,2020-07-18T21:40:22+00:00,16.08,1,2,9.4,38.6,5,12.53,2,2020-07-11T23:09:33+00:00,False,False
2020-07-13 00:00:00+00:00,Impact,TOP,Team Liquid,2020-07-18T01:47:18+00:00,19.618,3.4,2.4,5.2,338.6,5,19.89,2,2020-07-12T21:37:41+00:00,False,False
2020-07-13 00:00:00+00:00,Insanity,MID,Immortals,2020-07-18T22:41:00+00:00,14.214,2.6,1.8,2.6,316.6,5,50.81,2,2020-07-12T19:42:42+00:00,False,False
2020-07-13 00:00:00+00:00,Jensen,MID,Team Liquid,2020-07-18T01:47:18+00:00,19.006,3,1.6,5.4,382,5,57.07,2,2020-07-12T21:37:41+00:00,False,False
2020-07-13 00:00:00+00:00,Johnsun,BOT,Dignitas,2020-07-18T19:25:02+00:00,15.65,3.6,1.8,3.8,304.6,5,16.79,2,2020-07-11T23:09:33+00:00,False,False
2020-07-13 00:00:00+00:00,Licorice,TOP,Cloud9,2020-07-18T20:41:17+00:00,20.93,3,1.6,6.4,233,5,14.62,2,2020-07-12T20:44:00+00:00,False,False
2020-07-13 00:00:00+00:00,Nisqy,MID,Cloud9,2020-07-18T20:41:17+00:00,15.792,2.6,1.4,7.6,240,5,43.97,2,2020-07-12T20:44:00+00:00,False,False
2020-07-13 00:00:00+00:00,Pobelter,MID,Counter Logic Gaming,2020-07-18T19:25:02+00:00,19.07,4.8,3.2,4.4,364,5,25.01,2,2020-07-12T22:40:38+00:00,False,False
2020-07-13 00:00:00+00:00,Poome,SUP,100 Thieves,2020-07-18T00:30:49+00:00,13.2275,0.25,2,9.25,37.25,4,17.36,2,2020-07-12T20:44:00+00:00,False,False
2020-07-13 00:00:00+00:00,PowerOfEvil,MID,FlyQuest,2020-07-18T21:40:22+00:00,16.106,3.8,3.2,6.2,369.2,5,28.34,2,2020-07-11T23:09:33+00:00,False,False
2020-07-13 00:00:00+00:00,Ruin,TOP,Counter Logic Gaming,2020-07-18T19:25:02+00:00,11.824,2.2,3.4,4.6,270.4,5,23.97,2,2020-07-05T21:47:53+00:00,False,False
2020-07-13 00:00:00+00:00,Ryoma,MID,100 Thieves,2020-07-18T00:30:49+00:00,16.488,4.4,2.8,6.6,310.6,5,20.65,2,2020-07-12T20:44:00+00:00,False,False
2020-07-13 00:00:00+00:00,Santorin,JGL,FlyQuest,2020-07-18T21:40:22+00:00,14.144,3.4,2.6,6.8,221.2,5,11.12,2,2020-07-11T23:09:33+00:00,False,False
2020-07-13 00:00:00+00:00,Smoothie,SUP,Counter Logic Gaming,2020-07-18T19:25:02+00:00,14.554,0.4,2.6,9.2,34.2,5,10.57,2,2020-07-12T22:40:38+00:00,False,False
2020-07-13 00:00:00+00:00,Solo,TOP,FlyQuest,2020-07-18T21:40:22+00:00,11.496,1.8,3,5.4,304.2,5,12.4,2,2020-07-11T23:09:33+00:00,False,False
2020-07-13 00:00:00+00:00,Spica,JGL,TSM,2020-07-18T00:30:49+00:00,10.576,2,3,7,186.4,5,7.5,2,2020-07-12T19:42:42+00:00,False,False
2020-07-13 00:00:00+00:00,Ssumday,TOP,100 Thieves,2020-07-18T00:30:49+00:00,17.082,4,1.8,5.2,299,5,26,2,2020-07-12T20:44:00+00:00,False,False
2020-07-13 00:00:00+00:00,Stixxay,BOT,Counter Logic Gaming,2020-07-18T19:25:02+00:00,18.034,3.8,1.8,6,383.8,5,18.32,2,2020-07-12T22:40:38+00:00,False,False
2020-07-13 00:00:00+00:00,Svenskeren,JGL,Evil Geniuses,2020-07-18T01:47:18+00:00,9.644,1.6,4.2,7.2,194.6,5,23.94,2,2020-07-12T22:40:38+00:00,False,False
2020-07-13 00:00:00+00:00,Tactical,BOT,Team Liquid,2020-07-18T01:47:18+00:00,16.196,3.4,2,5,413.4,5,44.98,2,2020-07-12T21:37:41+00:00,False,False
2020-07-13 00:00:00+00:00,Treatz,SUP,TSM,2020-07-18T00:30:49+00:00,12.7294,0.59,2.32,7.41,33.56,0,15.95,2,,False,False
2020-07-13 00:00:00+00:00,V1per,TOP,Dignitas,2020-07-18T19:25:02+00:00,7.088,0.8,3.8,3.4,232.2,5,21.93,2,2020-06-21T20:32:11+00:00,False,False
2020-07-13 00:00:00+00:00,Vulcan,SUP,Cloud9,2020-07-18T20:41:17+00:00,18.638,1.6,1,9,23.2,5,34.77,2,2020-07-12T20:44:00+00:00,False,False
2020-07-13 00:00:00+00:00,WildTurtle,BOT,FlyQuest,2020-07-18T21:40:22+00:00,10.354,2.8,2.4,4,274.4,5,18.65,2,2020-06-13T21:42:47+00:00,False,False
2020-07-13 00:00:00+00:00,Xmithie,JGL,Immortals,2020-07-18T22:41:00+00:00,6.134,1.8,3.6,3.2,216.4,5,24.04,2,2020-07-12T19:42:42+00:00,False,False
2020-07-13 00:00:00+00:00,Zeyzal,SUP,Evil Geniuses,2020-07-18T01:47:18+00:00,9.304,0.8,3,6.4,26.6,5,26.11,2,2020-07-12T22:40:38+00:00,False,False
2020-07-13 00:00:00+00:00,Zven,BOT,Cloud9,2020-07-18T20:41:17+00:00,19.426,4.8,1,4.8,271.6,5,35.39,2,2020-07-12T20:44:00+00:00,False,False
2020-07-13 00:00:00+00:00,aphromoo,SUP,Dignitas,2020-07-18T19:25:02+00:00,10.824,0.2,2.4,6.4,26.6,5,24.83,2,2020-07-11T23:09:33+00:00,False,False
2020-07-13 00:00:00+00:00,huhi,SUP,Golden Guardians,2020-07-18T22:41:00+00:00,14.478,0.6,3,9.4,36.2,5,21.25,2,2020-07-12T21:37:41+00:00,False,False
2020-07-20 00:00:00+00:00,Allorim,TOP,Immortals,2020-07-25T00:38:07+00:00,11.052,1.8,3.6,5.4,280,5,5.75,2,2020-07-19T21:32:58+00:00,False,False
2020-07-20 00:00:00+00:00,Apollo,BOT,Immortals,2020-07-25T00:38:07+00:00,13.038,1.8,2,6.2,307.8,5,1.63,2,2020-07-19T21:32:58+00:00,False,False
2020-07-20 00:00:00+00:00,Bang,BOT,Evil Geniuses,2020-07-25T00:38:07+00:00,19.046,3.8,2,6.4,385.4,5,34.48,2,2020-07-18T20:41:17+00:00,False,False
2020-07-20 00:00:00+00:00,Bjergsen,MID,TSM,2020-07-25T20:36:04+00:00,16.218,3.6,1.4,3,336.8,5,37.17,2,2020-07-18T21:40:22+00:00,False,False
2020-07-20 00:00:00+00:00,Blaber,JGL,Cloud9,2020-07-25T22:32:10+00:00,11.968,2.6,3.4,7,177,5,44.05,2,2020-07-19T20:39:13+00:00,False,False
2020-07-20 00:00:00+00:00,BrokenBlade,TOP,TSM,2020-07-25T20:36:04+00:00,9.692,1,3.4,3.8,270.8,5,41.63,2,2020-07-18T21:40:22+00:00,False,False
2020-07-20 00:00:00+00:00,Broxah,JGL,Team Liquid,2020-07-25T01:35:03+00:00,13.342,1.8,1,7,220.4,5,21.33,2,2020-07-19T19:32:13+00:00,False,False
2020-07-20 00:00:00+00:00,Closer,JGL,Golden Guardians,2020-07-25T21:25:50+00:00,14.946,4.8,2.2,4.4,209.4,5,32.94,2,2020-07-19T22:33:42+00:00,False,False
2020-07-20 00:00:00+00:00,Cody Sun,BOT,100 Thieves,2020-07-25T19:29:27+00:00,15.306,3.6,1.4,5.2,311.4,5,26.33,2,2020-07-19T19:32:13+00:00,False,False
2020-07-20 00:00:00+00:00,Contractz,JGL,100 Thieves,2020-07-25T19:29:27+00:00,17.044,4,2,7.2,199.8,5,27.39,2,2020-07-19T19:32:13+00:00,False,False
2020-07-20 00:00:00+00:00,CoreJJ,SUP,Team Liquid,2020-07-25T01:35:03+00:00,18.782,0.2,1.2,9.8,43.6,5,24.9,2,2020-07-19T19:32:13+00:00,False,False
2020-07-20 00:00:00+00:00,Damonte,MID,Golden Guardians,2020-07-25T21:25:50+00:00,10.84,0.8,2.6,6.6,283.6,5,21.5,2,2020-07-19T22:33:42+00:00,False,False
2020-07-20 00:00:00+00:00,Dardoch,JGL,Dignitas,2020-07-25T20:36:04+00:00,11.296,2,1.8,5.8,160.6,5,40.08,2,2020-07-19T22:33:42+00:00,False,False
2020-07-20 00:00:00+00:00,Doublelift,BOT,TSM,2020-07-25T20:36:04+00:00,11.064,2.4,1.6,3.2,365.8,5,39.12,2,2020-07-18T21:40:22+00:00,False,False
2020-07-20 00:00:00+00:00,FBI,BOT,Golden Guardians,2020-07-25T21:25:50+00:00,16.472,3.4,1.8,4.6,350,5,32.84,2,2020-07-19T22:33:42+00:00,False,False
2020-07-20 00:00:00+00:00,Fenix,MID,Dignitas,2020-07-25T20:36:04+00:00,16.63,2.8,1.4,5.2,270.4,5,32.97,2,2020-07-19T22:33:42+00:00,False,False
2020-07-20 00:00:00+00:00,Goldenglue,MID,Evil Geniuses,2020-07-25T00:38:07+00:00,9.93,3,3.8,3.8,283,5,16.52,2,2020-07-18T20:41:17+00:00,False,False
2020-07-20 00:00:00+00:00,Griffin,JGL,Counter Logic Gaming,2020-07-25T19:29:27+00:00,10.642,1.6,2.8,7.2,201.6,5,15.07,2,2020-07-19T21:32:58+00:00,False,False
2020-07-20 00:00:00+00:00,Hakuho,SUP,Immortals,2020-07-25T00:38:07+00:00,13.932,0.2,1.6,7.4,43,5,2.49,2,2020-07-19T21:32:58+00:00,False,False
2020-07-20 00:00:00+00:00,Hauntzer,TOP,Golden Guardians,2020-07-25T21:25:50+00:00,16.016,1.6,2,6,309.6,5,40.06,2,2020-07-19T22:33:42+00:00,False,False
2020-07-20 00:00:00+00:00,Huni,TOP,Evil Geniuses,2020-07-25T00:38:07+00:00,17.18,2.6,2.6,6.8,251.2,5,31.97,2,2020-07-18T20:41:17+00:00,False,False
2020-07-20 00:00:00+00:00,Ignar,SUP,FlyQuest,2020-07-25T01:35:03+00:00,11.052,0.6,1.8,5.8,47.2,5,40.84,2,2020-07-19T20:39:13+00:00,False,False
2020-07-20 00:00:00+00:00,Impact,TOP,Team Liquid,2020-07-25T01:35:03+00:00,15.618,3,3.4,6,274.8,5,13.99,2,2020-07-19T19:32:13+00:00,False,False
2020-07-20 00:00:00+00:00,Insanity,MID,Immortals,2020-07-25T00:38:07+00:00,20.092,4.2,2.4,3.6,332.2,5,13.17,2,2020-07-19T21:32:58+00:00,False,False
2020-07-20 00:00:00+00:00,Jensen,MID,Team Liquid,2020-07-25T01:35:03+00:00,24.248,5,1.8,5.4,357.4,5,13.31,2,2020-07-19T19:32:13+00:00,False,False
2020-07-20 00:00:00+00:00,Johnsun,BOT,Dignitas,2020-07-25T20:36:04+00:00,15.8,3.4,1.8,4.4,293,5,30.19,2,2020-07-19T22:33:42+00:00,False,False
2020-07-20 00:00:00+00:00,Licorice,TOP,Cloud9,2020-07-25T22:32:10+00:00,12.196,1.6,2.8,4.6,243,5,36.19,2,2020-07-19T20:39:13+00:00,False,False
2020-07-20 00:00:00+00:00,Nisqy,MID,Cloud9,2020-07-25T22:32:10+00:00,15.566,2.6,1.8,7.2,242.4,5,35.14,2,2020-07-19T20:39:13+00:00,False,False
2020-07-20 00:00:00+00:00,Pobelter,MID,Counter Logic Gaming,2020-07-25T19:29:27+00:00,16.17,3.8,3.4,4.8,367,5,8.05,2,2020-07-19T21:32:58+00:00,False,False
2020-07-20 00:00:00+00:00,Poome,SUP,100 Thieves,2020-07-25T19:29:27+00:00,13.712,0.2,2,9.2,39,5,26.31,2,2020-07-19T19:32:13+00:00,False,False
2020-07-20 00:00:00+00:00,PowerOfEvil,MID,FlyQuest,2020-07-25T01:35:03+00:00,12.534,2,3.2,4.4,306.6,5,51.3,2,2020-07-19T20:39:13+00:00,False,False
2020-07-20 00:00:00+00:00,Ruin,TOP,Counter Logic Gaming,2020-07-25T19:29:27+00:00,8.1,2,4.4,3.6,261.8,5,12.83,2,2020-07-19T21:32:58+00:00,False,False
2020-07-20 00:00:00+00:00,Ryoma,MID,100 Thieves,2020-07-25T19:29:27+00:00,12.928,3,1.8,5.8,308.2,5,37.73,2,2020-07-19T19:32:13+00:00,False,False
2020-07-20 00:00:00+00:00,Santorin,JGL,FlyQuest,2020-07-25T01:35:03+00:00,8.56,2.4,2.8,4,173.2,5,29.04,2,2020-07-19T20:39:13+00:00,False,False
2020-07-20 00:00:00+00:00,Smoothie,SUP,Counter Logic Gaming,2020-07-25T19:29:27+00:00,10.614,0.4,3.2,7.8,35.6,5,17.39,2,2020-07-19T21:32:58+00:00,False,False
2020-07-20 00:00:00+00:00,Solo,TOP,FlyQuest,2020-07-25T01:35:03+00:00,7.612,1.2,3,3,255.6,5,36.4,2,2020-07-19T20:39:13+00:00,False,False
2020-07-20 00:00:00+00:00,Spica,JGL,TSM,2020-07-25T20:36:04+00:00,7.37,1.4,3.4,5,201.4,5,24.84,2,2020-07-18T21:40:22+00:00,False,False
2020-07-20 00:00:00+00:00,Ssumday,TOP,100 Thieves,2020-07-25T19:29:27+00:00,16.356,3.6,1.8,5,299.2,5,16.76,2,2020-07-19T19:32:13+00:00,False,False
2020-07-20 00:00:00+00:00,Stixxay,BOT,Counter Logic Gaming,2020-07-25T19:29:27+00:00,14.832,2.8,1.8,5.2,396.4,5,13.77,2,2020-07-19T21:32:58+00:00,False,False
2020-07-20 00:00:00+00:00,Svenskeren,JGL,Evil Geniuses,2020-07-25T00:38:07+00:00,10.86,1.2,4,9.4,196.2,5,7.52,2,2020-07-18T20:41:17+00:00,False,False
2020-07-20 00:00:00+00:00,Tactical,BOT,Team Liquid,2020-07-25T01:35:03+00:00,18.25,3.4,1.4,5.4,364,5,34.85,2,2020-07-19T19:32:13+00:00,False,False
2020-07-20 00:00:00+00:00,Treatz,SUP,TSM,2020-07-25T20:36:04+00:00,7.975,0,1.5,4,36,2,36.15,2,2020-07-18T21:40:22+00:00,False,False
2020-07-20 00:00:00+00:00,V1per,TOP,Dignitas,2020-07-25T20:36:04+00:00,7.166,1.2,2.6,2.4,236.6,5,29.13,2,2020-07-19T22:33:42+00:00,False,False
2020-07-20 00:00:00+00:00,Vulcan,SUP,Cloud9,2020-07-25T22:32:10+00:00,17.032,1.6,1.6,8.4,23.8,5,32.63,2,2020-07-19T20:39:13+00:00,False,False
2020-07-20 00:00:00+00:00,WildTurtle,BOT,FlyQuest,2020-07-25T01:35:03+00:00,11.73,2.8,1.8,3.6,267.2,5,37.41,2,2020-07-19T20:39:13+00:00,False,False
2020-07-20 00:00:00+00:00,Xmithie,JGL,Immortals,2020-07-25T00:38:07+00:00,10.034,2.8,2.6,4.6,222.6,5,1.68,2,2020-07-19T21:32:58+00:00,False,False
2020-07-20 00:00:00+00:00,Zeyzal,SUP,Evil Geniuses,2020-07-25T00:38:07+00:00,9.792,1,3.2,6.8,37.2,5,30.4,2,2020-07-18T20:41:17+00:00,False,False
2020-07-20 00:00:00+00:00,Zven,BOT,Cloud9,2020-07-25T22:32:10+00:00,18.31,4.8,1.6,4.6,281.2,5,35.36,2,2020-07-19T20:39:13+00:00,False,False
2020-07-20 00:00:00+00:00,aphromoo,SUP,Dignitas,2020-07-25T20:36:04+00:00,13.518,0.4,1.8,7.8,25.6,5,31.45,2,2020-07-19T22:33:42+00:00,False,False
2020-07-20 00:00:00+00:00,huhi,SUP,Golden Guardians,2020-07-25T21:25:50+00:00,13.62,0.6,2.2,8.4,34,5,29.64,2,2020-07-19T22:33:42+00:00,False,False
2020-07-27 00:00:00+00:00,Allorim,TOP,Immortals,2020-08-01T22:44:16+00:00,8.58,1.2,3.2,4.6,253.8,5,22.43,2,2020-07-25T22:32:10+00:00,False,False
2020-07-27 00:00:00+00:00,Apollo,BOT,Immortals,2020-08-01T22:44:16+00:00,9.252,1,2.2,5.6,269.2,5,24.24,2,2020-07-25T22:32:10+00:00,False,False
2020-07-27 00:00:00+00:00,Bang,BOT,Evil Geniuses,2020-08-01T01:33:42+00:00,16.216,3.4,1.8,4.6,347.6,5,15.97,2,2020-07-26T19:24:20+00:00,False,False
2020-07-27 00:00:00+00:00,Bjergsen,MID,TSM,2020-08-01T01:33:42+00:00,15.204,2.8,1.2,3.2,315.8,5,48.2,2,2020-07-26T21:42:51+00:00,False,False
2020-07-27 00:00:00+00:00,Blaber,JGL,Cloud9,2020-08-01T20:35:04+00:00,15.01,3.4,3.2,7,167.8,5,23.69,2,2020-07-26T20:48:59+00:00,False,False
2020-07-27 00:00:00+00:00,BrokenBlade,TOP,TSM,2020-08-01T01:33:42+00:00,13.332,1.8,3,4,270.4,5,36.21,2,2020-07-26T21:42:51+00:00,False,False
2020-07-27 00:00:00+00:00,Broxah,JGL,Team Liquid,2020-08-01T00:35:44+00:00,12.798,1.4,1,7.2,189.8,5,43.64,2,2020-07-26T20:48:59+00:00,False,False
2020-07-27 00:00:00+00:00,Closer,JGL,Golden Guardians,2020-08-01T20:35:04+00:00,14.072,4.6,2.2,3.8,197.2,5,28.41,2,2020-07-26T22:46:26+00:00,False,False
2020-07-27 00:00:00+00:00,Cody Sun,BOT,100 Thieves,2020-08-01T19:34:32+00:00,11.758,1.8,1.8,5.6,290.6,5,19.7,2,2020-07-26T22:46:26+00:00,False,False
2020-07-27 00:00:00+00:00,Contractz,JGL,100 Thieves,2020-08-01T19:34:32+00:00,15.438,5,2.6,4.8,191.8,5,8.35,2,2020-07-26T22:46:26+00:00,False,False
2020-07-27 00:00:00+00:00,CoreJJ,SUP,Team Liquid,2020-08-01T00:35:44+00:00,18.948,1,1.4,8.4,43.4,5,25.15,2,2020-07-26T20:48:59+00:00,False,False
2020-07-27 00:00:00+00:00,Damonte,MID,Golden Guardians,2020-08-01T20:35:04+00:00,11.56,1.2,2,6,285.6,5,45.55,2,2020-07-26T22:46:26+00:00,False,False
2020-07-27 00:00:00+00:00,Dardoch,JGL,Dignitas,2020-08-01T00:35:44+00:00,13.18,2.8,2.2,6,186.6,5,8.86,2,2020-07-26T19:24:20+00:00,False,False
2020-07-27 00:00:00+00:00,Doublelift,BOT,TSM,2020-08-01T01:33:42+00:00,15.144,3.2,1,2.8,352.6,5,38.31,2,2020-07-26T21:42:51+00:00,False,False
2020-07-27 00:00:00+00:00,FBI,BOT,Golden Guardians,2020-08-01T20:35:04+00:00,14.064,1.6,0.8,4,332,5,43.03,2,2020-07-26T22:46:26+00:00,False,False
2020-07-27 00:00:00+00:00,Fenix,MID,Dignitas,2020-08-01T00:35:44+00:00,16.468,3.4,1.2,6,272.2,5,24.34,2,2020-07-26T19:24:20+00:00,False,False
2020-07-27 00:00:00+00:00,Goldenglue,MID,Evil Geniuses,2020-08-01T01:33:42+00:00,8.562,2.8,3.6,4.2,270,5,23.01,2,2020-07-26T19:24:20+00:00,False,False
2020-07-27 00:00:00+00:00,Griffin,JGL,Counter Logic Gaming,2020-08-01T21:36:02+00:00,10.342,2,2.8,6,207.2,5,7.43,2,2020-07-26T21:42:51+00:00,False,False
2020-07-27 00:00:00+00:00,Hakuho,SUP,Immortals,2020-08-01T22:44:16+00:00,10.074,0.2,2.2,6,39.4,5,20.4,2,2020-07-25T22:32:10+00:00,False,False
2020-07-27 00:00:00+00:00,Hauntzer,TOP,Golden Guardians,2020-08-01T20:35:04+00:00,18.208,2,1.6,6.2,296.6,5,51.09,2,2020-07-26T22:46:26+00:00,False,False
2020-07-27 00:00:00+00:00,Huni,TOP,Evil Geniuses,2020-08-01T01:33:42+00:00,16.6,2.8,3.6,5.8,258.4,5,21.61,2,2020-07-26T19:24:20+00:00,False,False
2020-07-27 00:00:00+00:00,Ignar,SUP,FlyQuest,2020-08-01T19:34:32+00:00,11.354,0.4,1.8,5.4,44.4,5,55.21,2,2020-07-25T21:25:50+00:00,False,False
2020-07-27 00:00:00+00:00,Impact,TOP,Team Liquid,2020-08-01T00:35:44+00:00,9.902,0.8,3.6,5.8,228.4,5,40.89,2,2020-07-26T20:48:59+00:00,False,False
2020-07-27 00:00:00+00:00,Insanity,MID,Immortals,2020-08-01T22:44:16+00:00,16.414,4.2,2.6,2.2,283.8,5,37.9,2,2020-07-25T22:32:10+00:00,False,False
2020-07-27 00:00:00+00:00,Jensen,MID,Team Liquid,2020-08-01T00:35:44+00:00,18.496,4.2,2,4.2,308.8,5,59.25,2,2020-07-26T20:48:59+00:00,False,False
2020-07-27 00:00:00+00:00,Johnsun,BOT,Dignitas,2020-08-01T00:35:44+00:00,15.032,3,1.4,6,266.2,5,19.24,2,2020-07-26T19:24:20+00:00,False,False
2020-07-27 00:00:00+00:00,Licorice,TOP,Cloud9,2020-08-01T20:35:04+00:00,12.576,2.8,3,4,222,5,18.85,2,2020-07-26T20:48:59+00:00,False,False
2020-07-27 00:00:00+00:00,Nisqy,MID,Cloud9,2020-08-01T20:35:04+00:00,16.814,2.2,1.4,7.4,235.6,5,17.75,2,2020-07-26T20:48:59+00:00,False,False
2020-07-27 00:00:00+00:00,Pobelter,MID,Counter Logic Gaming,2020-08-01T21:36:02+00:00,11.664,2.4,4,4.8,319.4,5,11.52,2,2020-07-26T21:42:51+00:00,False,False
2020-07-27 00:00:00+00:00,Poome,SUP,100 Thieves,2020-08-01T19:34:32+00:00,13.912,0.4,2.8,8.8,38.6,5,11,2,2020-07-26T22:46:26+00:00,False,False
2020-07-27 00:00:00+00:00,PowerOfEvil,MID,FlyQuest,2020-08-01T19:34:32+00:00,16.52,1.6,1,3.2,321.2,5,64.6,2,2020-07-25T21:25:50+00:00,False,False
2020-07-27 00:00:00+00:00,Ruin,TOP,Counter Logic Gaming,2020-08-01T21:36:02+00:00,8.588,2,4,3,291.4,5,26.76,2,2020-07-26T21:42:51+00:00,False,False
2020-07-27 00:00:00+00:00,Ryoma,MID,100 Thieves,2020-08-01T19:34:32+00:00,15.33,2.2,1,6.8,306.2,5,29.07,2,2020-07-26T22:46:26+00:00,False,False
2020-07-27 00:00:00+00:00,Santorin,JGL,FlyQuest,2020-08-01T19:34:32+00:00,8.666,1.8,2.2,4,166.2,5,42.98,2,2020-07-25T21:25:50+00:00,False,False
2020-07-27 00:00:00+00:00,Smoothie,SUP,Counter Logic Gaming,2020-08-01T21:36:02+00:00,10.076,0.4,3.8,7,35.2,5,10.51,2,2020-07-26T21:42:51+00:00,False,False
2020-07-27 00:00:00+00:00,Solo,TOP,FlyQuest,2020-08-01T19:34:32+00:00,11.38,1.6,2.2,3.4,263.8,5,31.8,2,2020-07-25T21:25:50+00:00,False,False
2020-07-27 00:00:00+00:00,Spica,JGL,TSM,2020-08-01T01:33:42+00:00,8.486,0.8,2.2,5.2,184.2,5,33.57,2,2020-07-26T21:42:51+00:00,False,False
2020-07-27 00:00:00+00:00,Ssumday,TOP,100 Thieves,2020-08-01T19:34:32+00:00,12.916,3.2,1.8,3.2,271.2,5,40.76,2,2020-07-26T22:46:26+00:00,False,False
2020-07-27 00:00:00+00:00,Stixxay,BOT,Counter Logic Gaming,2020-08-01T21:36:02+00:00,11.578,2.6,2,4,346.2,5,12.6,2,2020-07-26T21:42:51+00:00,False,False
2020-07-27 00:00:00+00:00,Svenskeren,JGL,Evil Geniuses,2020-08-01T01:33:42+00:00,8.472,1.6,3.6,6.4,181,5,9.43,2,2020-07-26T19:24:20+00:00,False,False
2020-07-27 00:00:00+00:00,Tactical,BOT,Team Liquid,2020-08-01T00:35:44+00:00,19.02,4.2,1.2,4.2,335.2,5,39.21,2,2020-07-26T20:48:59+00:00,False,False
2020-07-27 00:00:00+00:00,Treatz,SUP,TSM,2020-08-01T01:33:42+00:00,13.025,0.25,0.75,5.75,33.5,4,52.83,2,2020-07-26T21:42:51+00:00,False,False
2020-07-27 00:00:00+00:00,V1per,TOP,Dignitas,2020-08-01T00:35:44+00:00,10.874,1.4,2,5,237.4,5,17.15,2,2020-07-26T19:24:20+00:00,False,False
2020-07-27 00:00:00+00:00,Vulcan,SUP,Cloud9,2020-08-01T20:35:04+00:00,13.706,0.4,2,8.2,35.6,5,8.78,2,2020-07-26T20:48:59+00:00,False,False
2020-07-27 00:00:00+00:00,WildTurtle,BOT,FlyQuest,2020-08-01T19:34:32+00:00,16.134,3.6,1.2,4.2,312.2,5,53.5,2,2020-07-25T21:25:50+00:00,False,False
2020-07-27 00:00:00+00:00,Xmithie,JGL,Immortals,2020-08-01T22:44:16+00:00,8.994,2.6,2,3.6,208,5,15.26,2,2020-07-25T22:32:10+00:00,False,False
2020-07-27 00:00:00+00:00,Zeyzal,SUP,Evil Geniuses,2020-08-01T01:33:42+00:00,12.718,1,2.2,7.4,33.8,5,12.82,2,2020-07-26T19:24:20+00:00,False,False
2020-07-27 00:00:00+00:00,Zven,BOT,Cloud9,2020-08-01T20:35:04+00:00,14.678,3.6,2,3.8,235.8,5,19.34,2,2020-07-26T20:48:59+00:00,False,False
2020-07-27 00:00:00+00:00,aphromoo,SUP,Dignitas,2020-08-01T00:35:44+00:00,14.358,0.4,1.4,8.8,28.2,5,9.41,2,2020-07-26T19:24:20+00:00,False,False
2020-07-27 00:00:00+00:00,huhi,SUP,Golden Guardians,2020-08-01T20:35:04+00:00,11.162,1.2,1.8,5.8,32,5,51.43,2,2020-07-26T22:46:26+00:00,False,False
2020-08-03 00:00:00+00:00,Allorim,TOP,Immortals,2020-08-08T21:56:54+00:00,7.972,0.6,2.6,4,247.2,5,12.37,2,2020-08-02T22:41:45+00:00,False,False
2020-08-03 00:00:00+00:00,Apollo,BOT,Immortals,2020-08-08T21:56:54+00:00,8.25,1.4,2.4,4.4,265,5,15.29,2,2020-08-02T22:41:45+00:00,False,False
2020-08-03 00:00:00+00:00,Bang,BOT,Evil Geniuses,2020-08-08T20:50:43+00:00,12.506,2.6,2,3.8,336.6,5,18.52,2,2020-08-02T21:34:06+00:00,False,False
2020-08-03 00:00:00+00:00,Bjergsen,MID,TSM,2020-08-08T01:53:07+00:00,19.14,2.6,1,5.8,289.8,5,36.56,2,2020-08-02T20:37:03+00:00,False,False
2020-08-03 00:00:00+00:00,Blaber,JGL,Cloud9,2020-08-08T00:43:41+00:00,16.71,3.8,1.8,6.2,175.2,5,24.27,2,2020-08-02T20:37:03+00:00,False,False
2020-08-03 00:00:00+00:00,BrokenBlade,TOP,TSM,2020-08-08T01:53:07+00:00,16.532,3.2,2.8,5.4,253,5,34.69,2,2020-08-02T20:37:03+00:00,False,False
2020-08-03 00:00:00+00:00,Broxah,JGL,Team Liquid,2020-08-08T21:56:54+00:00,14.4,1.2,0.6,7.2,210,5,35.58,2,2020-08-01T21:36:02+00:00,False,False
2020-08-03 00:00:00+00:00,Closer,JGL,Golden Guardians,2020-08-08T01:53:07+00:00,14.684,3.4,1.8,6,192.4,5,16.85,2,2020-08-02T19:25:50+00:00,False,False
2020-08-03 00:00:00+00:00,Cody Sun,BOT,100 Thieves,2020-08-08T19:32:03+00:00,10.376,2.2,1.8,3.6,282.2,5,41.74,2,2020-08-02T22:41:45+00:00,False,False
2020-08-03 00:00:00+00:00,Contractz,JGL,100 Thieves,2020-08-08T19:32:03+00:00,7.544,2.4,3.2,3.8,182.2,5,37.96,2,2020-08-02T22:41:45+00:00,False,False
2020-08-03 00:00:00+00:00,CoreJJ,SUP,Team Liquid,2020-08-08T21:56:54+00:00,13.594,1.2,1.6,5.6,40.2,5,48.67,2,2020-08-01T21:36:02+00:00,False,False
2020-08-03 00:00:00+00:00,Damonte,MID,Golden Guardians,2020-08-08T01:53:07+00:00,15.688,2.2,1.4,6.6,292.2,5,17.59,2,2020-08-02T19:25:50+00:00,False,False
2020-08-03 00:00:00+00:00,Dardoch,JGL,Dignitas,2020-08-08T00:43:41+00:00,10.108,2.6,3,4.4,192.4,5,45.91,3,2020-08-01T22:44:16+00:00,False,False
2020-08-03 00:00:00+00:00,Doublelift,BOT,TSM,2020-08-08T01:53:07+00:00,17.192,4.2,0.8,3.2,320.2,5,23.34,2,2020-08-02T20:37:03+00:00,False,False
2020-08-03 00:00:00+00:00,FBI,BOT,Golden Guardians,2020-08-08T01:53:07+00:00,17.304,3.2,0.8,4.8,318.8,5,23.46,2,2020-08-02T19:25:50+00:00,False,False
2020-08-03 00:00:00+00:00,Fenix,MID,Dignitas,2020-08-08T00:43:41+00:00,13.518,2.2,1.2,3.8,271,5,34.64,3,2020-08-01T22:44:16+00:00,False,False
2020-08-03 00:00:00+00:00,Fragas,JGL,Counter Logic Gaming,2020-08-08T23:05:07+00:00,11.5616,2.47,2.62,5.92,199.06,0,3.35,3,,False,False
2020-08-03 00:00:00+00:00,Goldenglue,MID,Evil Geniuses,2020-08-08T20:50:43+00:00,11.826,2.8,2.2,4.8,276.8,5,26.15,2,2020-08-02T21:34:06+00:00,False,False
2020-08-03 00:00:00+00:00,Hakuho,SUP,Immortals,2020-08-08T21:56:54+00:00,6.634,0,3,5.2,33.6,5,5.17,2,2020-08-02T22:41:45+00:00,False,False
2020-08-03 00:00:00+00:00,Hauntzer,TOP,Golden Guardians,2020-08-08T01:53:07+00:00,21.086,3.4,1.6,7.2,258,5,15.01,2,2020-08-02T19:25:50+00:00,False,False
2020-08-03 00:00:00+00:00,Huni,TOP,Evil Geniuses,2020-08-08T20:50:43+00:00,15.87,2.6,3.2,4.4,268.6,5,19.61,2,2020-08-02T21:34:06+00:00,False,False
2020-08-03 00:00:00+00:00,Ignar,SUP,FlyQuest,2020-08-08T23:05:07+00:00,19.332,0.2,1.6,11.4,37.4,5,36.25,2,2020-08-02T21:34:06+00:00,False,False
2020-08-03 00:00:00+00:00,Impact,TOP,Team Liquid,2020-08-08T21:56:54+00:00,12.732,2,2.6,5,247.8,5,31.07,2,2020-08-01T21:36:02+00:00,False,False
2020-08-03 00:00:00+00:00,Insanity,MID,Immortals,2020-08-08T21:56:54+00:00,14.49,4.2,2.2,1.4,276.2,5,22.33,2,2020-08-02T22:41:45+00:00,False,False
2020-08-03 00:00:00+00:00,Jensen,MID,Team Liquid,2020-08-08T21:56:54+00:00,19.134,4.2,2.4,3.8,299,5,45.41,2,2020-08-01T21:36:02+00:00,False,False
2020-08-03 00:00:00+00:00,Johnsun,BOT,Dignitas,2020-08-08T00:43:41+00:00,10.81,2.2,1.6,3.6,293,5,64.06,3,2020-08-01T22:44:16+00:00,False,False
2020-08-03 00:00:00+00:00,Licorice,TOP,Cloud9,2020-08-08T00:43:41+00:00,13.036,2.8,3,4.4,225,5,39.43,2,2020-08-02T20:37:03+00:00,False,False
2020-08-03 00:00:00+00:00,Nisqy,MID,Cloud9,2020-08-08T00:43:41+00:00,15.136,1.2,1.8,8,242,5,53.48,2,2020-08-02T20:37:03+00:00,False,False
2020-08-03 00:00:00+00:00,Pobelter,MID,Counter Logic Gaming,2020-08-09T23:40:56+00:00,6.312,1.4,4.8,3.6,291.2,5,10.96,1,2020-08-02T19:25:50+00:00,False,False
2020-08-03 00:00:00+00:00,Poome,SUP,100 Thieves,2020-08-08T19:32:03+00:00,7.634,0.6,4.2,5.4,35.4,5,44.8,2,2020-08-02T22:41:45+00:00,False,False
2020-08-03 00:00:00+00:00,PowerOfEvil,MID,FlyQuest,2020-08-08T23:05:07+00:00,25.536,5.2,0.8,3.8,331.6,5,61.8,2,2020-08-02T21:34:06+00:00,False,False
2020-08-03 00:00:00+00:00,Ruin,TOP,Counter Logic Gaming,2020-08-08T23:05:07+00:00,10.658,2,3.6,2.8,267.2,5,31.44,3,2020-08-02T19:25:50+00:00,False,False
2020-08-03 00:00:00+00:00,Ryoma,MID,100 Thieves,2020-08-08T19:32:03+00:00,15.536,2.6,1.2,4.6,276.6,5,27.28,2,2020-08-02T22:41:45+00:00,False,False
2020-08-03 00:00:00+00:00,Santorin,JGL,FlyQuest,2020-08-08T23:05:07+00:00,14.474,2.2,2,8,172.6,5,47.99,2,2020-08-02T21:34:06+00:00,False,False
2020-08-03 00:00:00+00:00,Smoothie,SUP,Counter Logic Gaming,2020-08-08T23:05:07+00:00,6.926,0.4,3,4.8,32.2,5,23.5,3,2020-08-02T19:25:50+00:00,False,False
2020-08-03 00:00:00+00:00,Solo,TOP,FlyQuest,2020-08-08T23:05:07+00:00,14.246,2.2,2,6,266,5,48.25,2,2020-08-02T21:34:06+00:00,False,False
2020-08-03 00:00:00+00:00,Spica,JGL,TSM,2020-08-08T01:53:07+00:00,12.808,1.4,1.6,7.6,170.8,5,24.75,2,2020-08-02T20:37:03+00:00,False,False
2020-08-03 00:00:00+00:00,Ssumday,TOP,100 Thieves,2020-08-08T19:32:03+00:00,13.636,1.8,1.8,3.6,269.2,5,45.02,2,2020-08-02T22:41:45+00:00,False,False
2020-08-03 00:00:00+00:00,Stixxay,BOT,Counter Logic Gaming,2020-08-08T23:05:07+00:00,6.128,1.6,2.6,1.4,335.6,5,17.05,3,2020-08-02T19:25:50+00:00,False,False
2020-08-03 00:00:00+00:00,Svenskeren,JGL,Evil Geniuses,2020-08-08T20:50:43+00:00,6.74,1.4,3.4,4.8,177.8,5,15.08,2,2020-08-02T21:34:06+00:00,False,False
2020-08-03 00:00:00+00:00,Tactical,BOT,Team Liquid,2020-08-08T21:56:54+00:00,18.802,3.2,1,4.6,332.6,5,44.95,2,2020-08-01T21:36:02+00:00,False,False
2020-08-03 00:00:00+00:00,Treatz,SUP,TSM,2020-08-08T01:53:07+00:00,19.612,0.4,0.2,9,29.8,5,36.5,2,2020-08-02T20:37:03+00:00,False,False
2020-08-03 00:00:00+00:00,Tuesday,MID,Counter Logic Gaming,2020-08-08T23:05:07+00:00,16.0347,3.12,2.18,5.01,310.82,0,14.15,2,,False,False
2020-08-03 00:00:00+00:00,V1per,TOP,Dignitas,2020-08-08T00:43:41+00:00,9.676,1.2,3,4.8,234,5,45.46,3,2020-08-01T22:44:16+00:00,False,False
2020-08-03 00:00:00+00:00,Vulcan,SUP,Cloud9,2020-08-08T00:43:41+00:00,12.488,0.2,2,8,40.6,5,36.13,2,2020-08-02T20:37:03+00:00,False,False
2020-08-03 00:00:00+00:00,WildTurtle,BOT,FlyQuest,2020-08-08T23:05:07+00:00,18.718,3.6,1.4,6.8,313,5,44.63,2,2020-08-02T21:34:06+00:00,False,False
2020-08-03 00:00:00+00:00,Xmithie,JGL,Immortals,2020-08-08T21:56:54+00:00,6.476,1.4,3,4.2,176.6,5,12.05,2,2020-08-02T22:41:45+00:00,False,False
2020-08-03 00:00:00+00:00,Zeyzal,SUP,Evil Geniuses,2020-08-08T20:50:43+00:00,13.14,1.2,2.8,7.2,36,5,17.1,2,2020-08-02T21:34:06+00:00,False,False
2020-08-03 00:00:00+00:00,Zven,BOT,Cloud9,2020-08-08T00:43:41+00:00,16.768,4,1.8,3.2,273,5,45.3,2,2020-08-02T20:37:03+00:00,False,False
2020-08-03 00:00:00+00:00,aphromoo,SUP,Dignitas,2020-08-08T00:43:41+00:00,8.258,0.4,1.6,5.6,28.4,5,49.15,3,2020-08-01T22:44:16+00:00,False,False
2020-08-03 00:00:00+00:00,huhi,SUP,Golden Guardians,2020-08-08T01:53:07+00:00,18.388,1,1,9,31.6,5,30.36,2,2020-08-02T19:25:50+00:00,False,False
2020-08-10 00:00:00+00:00,Bang,BOT,Evil Geniuses,2020-08-14T19:26:20+00:00,8.79,2.2,2.8,3.2,311.4,5,119.43,8,2020-08-09T19:26:26+00:00,False,False
2020-08-10 00:00:00+00:00,Bjergsen,MID,TSM,2020-08-13T19:38:23+00:00,20.896,3.2,0.8,6.8,310.8,5,99.09,6,2020-08-09T21:29:47+00:00,False,False
2020-08-10 00:00:00+00:00,BrokenBlade,TOP,TSM,2020-08-13T19:38:23+00:00,18.042,3,2.4,7.4,280.2,5,111.68,6,2020-08-09T21:29:47+00:00,False,False
2020-08-10 00:00:00+00:00,Closer,JGL,Golden Guardians,2020-08-13T19:38:23+00:00,13.664,3.2,2.6,6.2,225,5,34.64,3,2020-08-08T20:50:43+00:00,False,False
2020-08-10 00:00:00+00:00,Cody Sun,BOT,100 Thieves,2020-08-16T19:30:15+00:00,12.124,2.8,2.2,4.4,295.4,5,30.31,3,2020-08-09T19:26:26+00:00,False,False
2020-08-10 00:00:00+00:00,Contractz,JGL,100 Thieves,2020-08-16T19:30:15+00:00,10.444,3,2.2,3.6,211.4,5,20.08,3,2020-08-09T19:26:26+00:00,False,False
2020-08-10 00:00:00+00:00,Damonte,MID,Golden Guardians,2020-08-13T19:38:23+00:00,14.892,3.2,1.4,5,317.2,5,44.37,3,2020-08-08T20:50:43+00:00,False,False
2020-08-10 00:00:00+00:00,Dardoch,JGL,Dignitas,2020-08-15T19:34:12+00:00,10.954,3,3,4,250.4,5,13.74,3,2020-08-09T23:40:56+00:00,False,False
2020-08-10 00:00:00+00:00,Doublelift,BOT,TSM,2020-08-13T19:38:23+00:00,18.03,4.8,1.8,4.2,367,5,74.42,6,2020-08-09T21:29:47+00:00,False,False
2020-08-10 00:00:00+00:00,FBI,BOT,Golden Guardians,2020-08-13T19:38:23+00:00,16.476,3.2,1.6,5.4,327.8,5,36.74,3,2020-08-08T20:50:43+00:00,False,False
2020-08-10 00:00:00+00:00,Fenix,MID,Dignitas,2020-08-15T19:34:12+00:00,11.796,1.4,1.8,5.4,282.2,5,31.8,3,2020-08-09T23:40:56+00:00,False,False
2020-08-10 00:00:00+00:00,Goldenglue,MID,Evil Geniuses,2020-08-14T19:26:20+00:00,11.65,3,2.4,2.6,308.8,5,115.53,8,2020-08-09T19:26:26+00:00,False,False
2020-08-10 00:00:00+00:00,Hauntzer,TOP,Golden Guardians,2020-08-13T19:38:23+00:00,17.42,2.8,3,7.4,274.8,5,45.08,3,2020-08-08T20:50:43+00:00,False,False
2020-08-10 00:00:00+00:00,Huni,TOP,Evil Geniuses,2020-08-14T19:26:20+00:00,10.468,2,4.2,3.8,261.4,5,119.06,8,2020-08-09T19:26:26+00:00,False,False
2020-08-10 00:00:00+00:00,Ignar,SUP,FlyQuest,2020-08-14T19:26:20+00:00,22.344,1.6,2.4,12.8,42.2,5,68.09,5,2020-08-09T22:26:34+00:00,False,False
2020-08-10 00:00:00+00:00,Johnsun,BOT,Dignitas,2020-08-15T19:34:12+00:00,16.66,3.2,1.6,4.2,392.2,5,31.69,3,2020-08-09T23:40:56+00:00,False,False
2020-08-10 00:00:00+00:00,Poome,SUP,100 Thieves,2020-08-16T19:30:15+00:00,12.166,1,3.6,7.2,36.8,5,-1.37,3,2020-08-09T19:26:26+00:00,False,False
2020-08-10 00:00:00+00:00,PowerOfEvil,MID,FlyQuest,2020-08-14T19:26:20+00:00,31.414,6.8,0.8,7,348,5,109.96,5,2020-08-09T22:26:34+00:00,False,False
2020-08-10 00:00:00+00:00,Ryoma,MID,100 Thieves,2020-08-16T19:30:15+00:00,12.912,2.2,2,4.8,271,5,13.47,3,2020-08-09T19:26:26+00:00,False,False
2020-08-10 00:00:00+00:00,Santorin,JGL,FlyQuest,2020-08-14T19:26:20+00:00,21.15,2.8,1.4,11.8,195.6,5,80.33,5,2020-08-09T22:26:34+00:00,False,False
2020-08-10 00:00:00+00:00,Solo,TOP,FlyQuest,2020-08-14T19:26:20+00:00,18.34,3,1.8,8.6,273.2,5,80.01,5,2020-08-09T22:26:34+00:00,False,False
2020-08-10 00:00:00+00:00,Spica,JGL,TSM,2020-08-13T19:38:23+00:00,14.83,1.6,2,9.6,183,5,80.54,6,2020-08-09T21:29:47+00:00,False,False
2020-08-10 00:00:00+00:00,Ssumday,TOP,100 Thieves,2020-08-16T19:30:15+00:00,17.826,2.2,1.6,5.6,275,5,30.13,3,2020-08-09T19:26:26+00:00,False,False
2020-08-10 00:00:00+00:00,Svenskeren,JGL,Evil Geniuses,2020-08-14T19:26:20+00:00,4.706,0.8,4.4,4.6,180.8,5,115.29,8,2020-08-09T19:26:26+00:00,False,False
2020-08-10 00:00:00+00:00,Treatz,SUP,TSM,2020-08-13T19:38:23+00:00,23.08,0.8,0.6,10.8,27.4,5,61.84,6,2020-08-09T21:29:47+00:00,False,False
2020-08-10 00:00:00+00:00,V1per,TOP,Dignitas,2020-08-15T19:34:12+00:00,12.522,2,2.8,4.8,307.8,5,19.35,3,2020-08-09T23:40:56+00:00,False,False
2020-08-10 00:00:00+00:00,WildTurtle,BOT,FlyQuest,2020-08-14T19:26:20+00:00,23.13,3.6,1,10.2,340.8,5,75.68,5,2020-08-09T22:26:34+00:00,False,False
2020-08-10 00:00:00+00:00,Zeyzal,SUP,Evil Geniuses,2020-08-14T19:26:20+00:00,7.414,0.2,3.2,5.6,37.8,5,111.95,8,2020-08-09T19:26:26+00:00,False,False
2020-08-10 00:00:00+00:00,aphromoo,SUP,Dignitas,2020-08-15T19:34:12+00:00,11.712,0.8,2.2,6.6,36.2,5,9.43,3,2020-08-09T23:40:56+00:00,False,False
2020-08-10 00:00:00+00:00,huhi,SUP,Golden Guardians,2020-08-13T19:38:23+00:00,21.066,1,1.2,10.2,46.2,5,43.07,3,2020-08-08T20:50:43+00:00,False,False
2020-08-17 00:00:00+00:00,Bang,BOT,Evil Geniuses,2020-08-22T19:34:16+00:00,18.28,2.2,0.6,8,299.6,5,19.22,3,2020-08-16T21:47:55+00:00,False,False
2020-08-17 00:00:00+00:00,Biofrost,SUP,TSM,2020-08-23T19:28:13+00:00,8.704,0.2,3.4,6.8,41.4,5,75.1,5,2020-07-12T19:42:42+00:00,False,False
2020-08-17 00:00:00+00:00,Bjergsen,MID,TSM,2020-08-23T19:28:13+00:00,17.946,3.6,1.4,5.2,277.4,5,94.01,5,2020-08-15T21:37:52+00:00,False,False
2020-08-17 00:00:00+00:00,Blaber,JGL,Cloud9,2020-08-20T19:31:44+00:00,13.376,3.2,2.4,4.8,212,5,93.46,7,2020-08-09T20:30:06+00:00,False,False
2020-08-17 00:00:00+00:00,BrokenBlade,TOP,TSM,2020-08-23T19:28:13+00:00,19.31,2.4,1.8,7.6,255.2,5,74.37,5,2020-08-15T21:37:52+00:00,False,False
2020-08-17 00:00:00+00:00,Broxah,JGL,Team Liquid,2020-08-21T19:40:21+00:00,19.384,2.2,0.4,9.4,220.2,5,49.46,3,2020-08-09T21:29:47+00:00,False,False
2020-08-17 00:00:00+00:00,Closer,JGL,Golden Guardians,2020-08-21T19:40:21+00:00,10.298,2.4,2.6,4.6,219.6,5,57.09,8,2020-08-13T22:07:44+00:00,False,False
2020-08-17 00:00:00+00:00,CoreJJ,SUP,Team Liquid,2020-08-21T19:40:21+00:00,18.368,1.8,1,7.6,39.4,5,51.96,3,2020-08-09T21:29:47+00:00,False,False
2020-08-17 00:00:00+00:00,Damonte,MID,Golden Guardians,2020-08-21T19:40:21+00:00,12.392,1.8,1.6,4.2,336.4,5,89.54,8,2020-08-13T22:07:44+00:00,False,False
2020-08-17 00:00:00+00:00,Doublelift,BOT,TSM,2020-08-23T19:28:13+00:00,13.886,2.6,1.4,4.4,320.2,5,53.43,5,2020-08-15T21:37:52+00:00,False,False
2020-08-17 00:00:00+00:00,FBI,BOT,Golden Guardians,2020-08-21T19:40:21+00:00,12.04,2.6,2,3.6,338.6,5,96.42,8,2020-08-13T22:07:44+00:00,False,False
2020-08-17 00:00:00+00:00,Goldenglue,MID,Evil Geniuses,2020-08-22T19:34:16+00:00,19.08,3.4,1.6,8,291.2,5,44.62,3,2020-08-16T21:47:55+00:00,False,False
2020-08-17 00:00:00+00:00,Hauntzer,TOP,Golden Guardians,2020-08-21T19:40:21+00:00,12.018,2.2,3.8,3.6,299,5,69.36,8,2020-08-13T22:07:44+00:00,False,False
2020-08-17 00:00:00+00:00,Huni,TOP,Evil Geniuses,2020-08-22T19:34:16+00:00,17.842,2.8,2,7.6,275.8,5,58.76,3,2020-08-16T21:47:55+00:00,False,False
2020-08-17 00:00:00+00:00,Ignar,SUP,FlyQuest,2020-08-20T19:31:44+00:00,13.618,0.8,2,7.6,38.4,5,49.96,4,2020-08-15T00:02:03+00:00,False,False
2020-08-17 00:00:00+00:00,Impact,TOP,Team Liquid,2020-08-21T19:40:21+00:00,15.88,2.4,2,7.2,262.6,5,57.22,3,2020-08-09T21:29:47+00:00,False,False
2020-08-17 00:00:00+00:00,Jensen,MID,Team Liquid,2020-08-21T19:40:21+00:00,22.318,5,2,5.2,316.8,5,69.95,3,2020-08-09T21:29:47+00:00,False,False
2020-08-17 00:00:00+00:00,Licorice,TOP,Cloud9,2020-08-20T19:31:44+00:00,15.558,3.8,3.4,4.4,260.2,5,149.82,7,2020-08-09T20:30:06+00:00,False,False
2020-08-17 00:00:00+00:00,Nisqy,MID,Cloud9,2020-08-20T19:31:44+00:00,16.486,2,2.2,6.8,275.4,5,99.81,7,2020-08-09T20:30:06+00:00,False,False
2020-08-17 00:00:00+00:00,PowerOfEvil,MID,FlyQuest,2020-08-20T19:31:44+00:00,21.992,3.4,1.2,6,288,5,94.93,4,2020-08-15T00:02:03+00:00,False,False
2020-08-17 00:00:00+00:00,Santorin,JGL,FlyQuest,2020-08-20T19:31:44+00:00,16.066,0.6,0.4,8.6,184,5,70.43,4,2020-08-15T00:02:03+00:00,False,False
2020-08-17 00:00:00+00:00,Solo,TOP,FlyQuest,2020-08-20T19:31:44+00:00,16.002,3.2,1.6,3.6,282.4,5,62.87,4,2020-08-15T00:02:03+00:00,False,False
2020-08-17 00:00:00+00:00,Spica,JGL,TSM,2020-08-23T19:28:13+00:00,13.918,3.4,1.8,5.6,190.2,5,77.34,5,2020-08-15T21:37:52+00:00,False,False
2020-08-17 00:00:00+00:00,Svenskeren,JGL,Evil Geniuses,2020-08-22T19:34:16+00:00,19.8,6.2,2.2,5.2,249.6,5,26.75,3,2020-08-16T21:47:55+00:00,False,False
2020-08-17 00:00:00+00:00,Tactical,BOT,Team Liquid,2020-08-21T19:40:21+00:00,21.908,3.6,1.2,7.2,361,5,50.74,3,2020-08-09T21:29:47+00:00,False,False
2020-08-17 00:00:00+00:00,Vulcan,SUP,Cloud9,2020-08-20T19:31:44+00:00,10.492,1,2.8,6,44.4,5,105.8,7,2020-08-09T20:30:06+00:00,False,False
2020-08-17 00:00:00+00:00,WildTurtle,BOT,FlyQuest,2020-08-20T19:31:44+00:00,15.136,4,1.6,4.6,297,5,75.84,4,2020-08-15T00:02:03+00:00,False,False
2020-08-17 00:00:00+00:00,Zeyzal,SUP,Evil Geniuses,2020-08-22T19:34:16+00:00,19.214,0.4,1.2,10.4,33.2,5,43.4,3,2020-08-16T21:47:55+00:00,False,False
2020-08-17 00:00:00+00:00,Zven,BOT,Cloud9,2020-08-20T19:31:44+00:00,13.328,2,2,5,285.4,5,126.61,7,2020-08-09T20:30:06+00:00,False,False
2020-08-17 00:00:00+00:00,huhi,SUP,Golden Guardians,2020-08-21T19:40:21+00:00,14.686,0.2,1.2,7,40.6,5,77.14,8,2020-08-13T22:07:44+00:00,False,False
2020-08-24 00:00:00+00:00,Biofrost,SUP,TSM,2020-08-29T19:32:38+00:00,15.02,0.6,2.2,7.6,35.8,5,69.63,4,2020-08-23T23:21:02+00:00,False,False
2020-08-24 00:00:00+00:00,Bjergsen,MID,TSM,2020-08-29T19:32:38+00:00,18.802,4.2,1.4,4.6,298.8,5,80.63,4,2020-08-23T23:21:02+00:00,False,False
2020-08-24 00:00:00+00:00,Blaber,JGL,Cloud9,2020-08-29T19:32:38+00:00,16.468,4.8,3.8,8.6,244.4,5,49.77,4,2020-08-22T21:43:41+00:00,False,False
2020-08-24 00:00:00+00:00,BrokenBlade,TOP,TSM,2020-08-29T19:32:38+00:00,14.874,2.2,1.6,4.8,264.2,5,70.4,4,2020-08-23T23:21:02+00:00,False,False
2020-08-24 00:00:00+00:00,Broxah,JGL,Team Liquid,2020-08-30T19:25:38+00:00,17.008,3.2,1.2,8.2,216.8,5,56.19,5,2020-08-21T21:46:24+00:00,False,False
2020-08-24 00:00:00+00:00,CoreJJ,SUP,Team Liquid,2020-08-30T19:25:38+00:00,20.126,1.6,1.4,9.6,38.6,5,59.46,5,2020-08-21T21:46:24+00:00,False,False
2020-08-24 00:00:00+00:00,Doublelift,BOT,TSM,2020-08-29T19:32:38+00:00,10.686,1.2,1.8,5.2,288,5,67.71,4,2020-08-23T23:21:02+00:00,False,False
2020-08-24 00:00:00+00:00,Ignar,SUP,FlyQuest,2020-08-30T19:25:38+00:00,12.54,0.2,2.6,8.8,32.8,5,68.45,5,2020-08-20T23:33:01+00:00,False,False
2020-08-24 00:00:00+00:00,Impact,TOP,Team Liquid,2020-08-30T19:25:38+00:00,17.658,2.4,2,8.2,285.8,5,67.39,5,2020-08-21T21:46:24+00:00,False,False
2020-08-24 00:00:00+00:00,Jensen,MID,Team Liquid,2020-08-30T19:25:38+00:00,23.072,4.6,0.6,6,376.6,5,75.09,5,2020-08-21T21:46:24+00:00,False,False
2020-08-24 00:00:00+00:00,Licorice,TOP,Cloud9,2020-08-29T19:32:38+00:00,24.488,4,2.2,9.8,301.4,5,43.3,4,2020-08-22T21:43:41+00:00,False,False
2020-08-24 00:00:00+00:00,Nisqy,MID,Cloud9,2020-08-29T19:32:38+00:00,16.394,4.2,2.4,8,294.4,5,45.1,4,2020-08-22T21:43:41+00:00,False,False
2020-08-24 00:00:00+00:00,PowerOfEvil,MID,FlyQuest,2020-08-30T19:25:38+00:00,23.468,3.8,1.8,6.8,303.8,5,97.29,5,2020-08-20T23:33:01+00:00,False,False
2020-08-24 00:00:00+00:00,Santorin,JGL,FlyQuest,2020-08-30T19:25:38+00:00,17.482,4,1.6,6.6,218,5,55.28,5,2020-08-20T23:33:01+00:00,False,False
2020-08-24 00:00:00+00:00,Solo,TOP,FlyQuest,2020-08-30T19:25:38+00:00,14.402,2,2.4,7.2,257.2,5,77.08,5,2020-08-20T23:33:01+00:00,False,False
2020-08-24 00:00:00+00:00,Spica,JGL,TSM,2020-08-29T19:32:38+00:00,15.468,2.6,1.2,6.6,198.4,5,49.02,4,2020-08-23T23:21:02+00:00,False,False
2020-08-24 00:00:00+00:00,Tactical,BOT,Team Liquid,2020-08-30T19:25:38+00:00,19.138,3.6,2.4,7.4,386.4,5,106.8,5,2020-08-21T21:46:24+00:00,False,False
2020-08-24 00:00:00+00:00,Vulcan,SUP,Cloud9,2020-08-29T19:32:38+00:00,16.838,0.6,2,12,22.8,5,40.54,4,2020-08-22T21:43:41+00:00,False,False
2020-08-24 00:00:00+00:00,WildTurtle,BOT,FlyQuest,2020-08-30T19:25:38+00:00,18.02,3.4,1,7,265,5,79.79,5,2020-08-20T23:33:01+00:00,False,False
2020-08-24 00:00:00+00:00,Zven,BOT,Cloud9,2020-08-29T19:32:38+00:00,19.604,5.6,3.2,7.6,327.6,5,52.54,4,2020-08-22T21:43:41+00:00,False,False
2020-08-31 00:00:00+00:00,Biofrost,SUP,TSM,2020-09-05T19:31:41+00:00,16.574,1,1.8,8.2,40.2,5,154.33,8,2020-08-29T22:36:35+00:00,False,False
2020-08-31 00:00:00+00:00,Bjergsen,MID,TSM,2020-09-05T19:31:41+00:00,19.104,3.2,1.2,6.4,301,5,135.91,8,2020-08-29T22:36:35+00:00,False,False
2020-08-31 00:00:00+00:00,BrokenBlade,TOP,TSM,2020-09-05T19:31:41+00:00,17.768,3.8,3.2,5,250.4,5,132.77,8,2020-08-29T22:36:35+00:00,False,False
2020-08-31 00:00:00+00:00,Broxah,JGL,Team Liquid,2020-09-05T19:31:41+00:00,11.238,2.2,2.4,6.2,181.2,5,70.45,5,2020-08-30T23:55:50+00:00,False,False
2020-08-31 00:00:00+00:00,CoreJJ,SUP,Team Liquid,2020-09-05T19:31:41+00:00,11.892,0.8,3.6,7.6,41.4,5,78.38,5,2020-08-30T23:55:50+00:00,False,False
2020-08-31 00:00:00+00:00,Doublelift,BOT,TSM,2020-09-05T19:31:41+00:00,16.752,2.8,1.4,6.6,277.8,5,170.53,8,2020-08-29T22:36:35+00:00,False,False
2020-08-31 00:00:00+00:00,Ignar,SUP,FlyQuest,2020-09-06T19:39:12+00:00,13.69,1,3.2,9,35.4,5,21.29,3,2020-08-30T23:55:50+00:00,False,False
2020-08-31 00:00:00+00:00,Impact,TOP,Team Liquid,2020-09-05T19:31:41+00:00,13.478,2.2,3.6,6.6,271,5,75.93,5,2020-08-30T23:55:50+00:00,False,False
2020-08-31 00:00:00+00:00,Jensen,MID,Team Liquid,2020-09-05T19:31:41+00:00,15.018,2,2.4,7,341.4,5,85.88,5,2020-08-30T23:55:50+00:00,False,False
2020-08-31 00:00:00+00:00,PowerOfEvil,MID,FlyQuest,2020-09-06T19:39:12+00:00,19.458,4,2,6.2,339.4,5,45.36,3,2020-08-30T23:55:50+00:00,False,False
2020-08-31 00:00:00+00:00,Santorin,JGL,FlyQuest,2020-09-06T19:39:12+00:00,11.056,2.8,3,6.4,202.6,5,28.6,3,2020-08-30T23:55:50+00:00,False,False
2020-08-31 00:00:00+00:00,Solo,TOP,FlyQuest,2020-09-06T19:39:12+00:00,15.416,3,2.8,5.2,300.2,5,21.84,3,2020-08-30T23:55:50+00:00,False,False
2020-08-31 00:00:00+00:00,Spica,JGL,TSM,2020-09-05T19:31:41+00:00,12.35,1.8,3,7.8,195.8,5,121.56,8,2020-08-29T22:36:35+00:00,False,False
2020-08-31 00:00:00+00:00,Tactical,BOT,Team Liquid,2020-09-05T19:31:41+00:00,21.36,5.8,2,4,366.4,5,77.3,5,2020-08-30T23:55:50+00:00,False,False
2020-08-31 00:00:00+00:00,WildTurtle,BOT,FlyQuest,2020-09-06T19:39:12+00:00,15.958,3.2,2,6.4,336,5,34.52,3,2020-08-30T23:55:50+00:00,False,False
2020-09-07 00:00:00+00:00,Biofrost,SUP,TSM,2020-09-07T00:08:06+00:00,25.07,0.8,1.4,14.2,48,5,17.63,2,2020-09-06T23:01:29+00:00,False,False
2020-09-07 00:00:00+00:00,Bjergsen,MID,TSM,2020-09-07T00:08:06+00:00,21.734,4,1,8.8,408.6,5,39.23,2,2020-09-06T23:01:29+00:00,False,False
2020-09-07 00:00:00+00:00,BrokenBlade,TOP,TSM,2020-09-07T00:08:06+00:00,20.152,4.2,3.2,7.4,339.2,5,35.27,2,2020-09-06T23:01:29+00:00,False,False
2020-09-07 00:00:00+00:00,Doublelift,BOT,TSM,2020-09-07T00:08:06+00:00,22.882,6.4,2,6,402,5,27.32,2,2020-09-06T23:01:29+00:00,False,False
2020-09-07 00:00:00+00:00,Ignar,SUP,FlyQuest,2020-09-07T00:08:06+00:00,11.842,0.6,2.4,7,41.4,5,16.73,2,2020-09-06T23:01:29+00:00,False,False
2020-09-07 00:00:00+00:00,PowerOfEvil,MID,FlyQuest,2020-09-07T00:08:06+00:00,17.006,2.2,2,6,371.8,5,22.7,2,2020-09-06T23:01:29+00:00,False,False
2020-09-07 00:00:00+00:00,Santorin,JGL,FlyQuest,2020-09-07T00:08:06+00:00,10.396,2.8,3.6,5.2,244.8,5,24.43,2,2020-09-06T23:01:29+00:00,False,False
2020-09-07 00:00:00+00:00,Solo,TOP,FlyQuest,2020-09-07T00:08:06+00:00,10.286,2.2,4.6,3.6,294,5,32.39,2,2020-09-06T23:01:29+00:00,False,False
2020-09-07 00:00:00+00:00,Spica,JGL,TSM,2020-09-07T00:08:06+00:00,17.586,2.6,1.8,10.6,224.2,5,22.47,2,2020-09-06T23:01:29+00:00,False,False
2020-09-07 00:00:00+00:00,WildTurtle,BOT,FlyQuest,2020-09-07T00:08:06+00:00,14.524,3.6,2.8,5.2,346.8,5,34.42,2,2020-09-06T23:01:29+00:00,False,False
2021-01-11 00:00:00+00:00,Ablazeolive,MID,Golden Guardians,2021-01-16T02:45:54+00:00,15.7116,3.06,2.19,5.56,304.89,0,42.22,2,,False,False
2021-01-11 00:00:00+00:00,Alphari,TOP,Team Liquid,2021-01-15T23:45:13+00:00,14.8167,2.54,2.87,5.55,270.43,0,31.78,2,,False,False
2021-01-11 00:00:00+00:00,Amazo,JGL,Golden Guardians,2021-01-16T02:45:54+00:00,12.3328,2.74,2.67,6.11,209.16,0,50.03,2,,False,False
2021-01-11 00:00:00+00:00,Armao,JGL,Team Liquid,2021-01-15T23:45:13+00:00,6.608,0.8,3,4,159.6,5,25.78,2,2020-03-03T02:30:07+00:00,False,False
2021-01-11 00:00:00+00:00,Blaber,JGL,Cloud9,2021-01-16T00:46:51+00:00,14.982,4.8,4,6.6,218.8,5,54.48,3,2020-08-29T22:36:35+00:00,False,False
2021-01-11 00:00:00+00:00,Closer,JGL,100 Thieves,2021-01-15T23:10:17+00:00,8.416,1.8,2,4,176.4,5,47.64,3,2020-08-23T23:21:02+00:00,False,False
2021-01-11 00:00:00+00:00,CoreJJ,SUP,Team Liquid,2021-01-15T23:45:13+00:00,15.676,1.4,3.2,8.2,45.2,5,42.05,2,2020-09-06T00:02:28+00:00,False,False
2021-01-11 00:00:00+00:00,Damonte,MID,100 Thieves,2021-01-15T23:10:17+00:00,11.128,2.4,2.6,2.4,281,5,57.25,3,2020-08-23T23:21:02+00:00,False,False
2021-01-11 00:00:00+00:00,Dardoch,JGL,Dignitas,2021-01-16T01:56:42+00:00,9.736,2.4,2.6,3.6,236.6,5,38.22,3,2020-08-15T21:37:52+00:00,False,False
2021-01-11 00:00:00+00:00,Deftly,BOT,Evil Geniuses,2021-01-16T00:46:51+00:00,14.9309,3.16,2.1,5.43,311.26,0,70.53,3,,False,False
2021-01-11 00:00:00+00:00,Diamond,SUP,FlyQuest,2021-01-16T01:56:42+00:00,12.6458,0.75,2.54,7.57,35.91,0,2.44,2,,False,False
2021-01-11 00:00:00+00:00,FBI,BOT,100 Thieves,2021-01-15T23:10:17+00:00,13,2.4,2,4.4,293.2,5,68.4,3,2020-08-23T23:21:02+00:00,False,False
2021-01-11 00:00:00+00:00,FakeGod,TOP,Dignitas,2021-01-16T01:56:42+00:00,14.8105,2.51,2.87,5.58,270.26,0,31.07,3,,False,False
2021-01-11 00:00:00+00:00,Fudge,TOP,Cloud9,2021-01-16T00:46:51+00:00,14.8306,2.55,2.87,5.47,269.69,0,31.06,3,,False,False
2021-01-11 00:00:00+00:00,Griffin,JGL,Counter Logic Gaming,2021-01-15T23:45:13+00:00,7.338,2.4,3.4,3.8,186.8,5,38.92,4,2020-08-02T19:25:50+00:00,False,False
2021-01-11 00:00:00+00:00,Huni,TOP,TSM,2021-01-15T23:10:17+00:00,22.116,4.6,3.6,9,269.2,5,40.9,3,2020-08-22T21:43:41+00:00,False,False
2021-01-11 00:00:00+00:00,Ignar,SUP,Evil Geniuses,2021-01-16T00:46:51+00:00,7.604,1,2.6,4.2,43.2,5,70.37,3,2020-09-07T01:13:41+00:00,False,False
2021-01-11 00:00:00+00:00,Impact,TOP,Evil Geniuses,2021-01-16T00:46:51+00:00,15.186,1.8,3,7.2,269.4,5,63.52,3,2020-09-06T00:02:28+00:00,False,False
2021-01-11 00:00:00+00:00,Insanity,MID,Immortals,2021-01-16T20:33:46+00:00,13.792,3,1.8,1.8,308.6,5,28.48,3,2020-08-09T22:26:34+00:00,False,False
2021-01-11 00:00:00+00:00,Jensen,MID,Team Liquid,2021-01-15T23:45:13+00:00,17.176,3.6,1.8,5.8,350.4,5,25.08,2,2020-09-06T00:02:28+00:00,False,False
2021-01-11 00:00:00+00:00,Jiizuke,MID,Evil Geniuses,2021-01-16T00:46:51+00:00,15.51,3.4,3.4,5,404.2,5,66.29,3,2020-07-12T22:40:38+00:00,False,False
2021-01-11 00:00:00+00:00,Joey,SUP,Immortals,2021-01-16T20:33:46+00:00,12.6776,0.75,2.59,7.61,35.61,0,31.31,3,,False,False
2021-01-11 00:00:00+00:00,Johnsun,BOT,FlyQuest,2021-01-16T01:56:42+00:00,14.596,2.6,1.6,3.8,331.6,5,0.88,2,2020-08-15T21:37:52+00:00,False,False
2021-01-11 00:00:00+00:00,Keith,BOT,Immortals,2021-01-16T20:33:46+00:00,7.118,0.4,3.2,4.2,27.4,5,36.06,3,2020-03-01T22:42:10+00:00,False,False
2021-01-11 00:00:00+00:00,Licorice,TOP,FlyQuest,2021-01-16T01:56:42+00:00,14.46,2.2,3.6,8.6,216,5,11.65,2,2020-08-29T22:36:35+00:00,False,False
2021-01-11 00:00:00+00:00,Lost,BOT,TSM,2021-01-15T23:10:17+00:00,15.0264,3.14,2.13,5.54,314.74,0,40.29,3,,False,False
2021-01-11 00:00:00+00:00,Neo,BOT,Dignitas,2021-01-16T01:56:42+00:00,15.1317,3.24,2.1,5.46,314.21,0,25.1,3,,False,False
2021-01-11 00:00:00+00:00,Newbie,SUP,Golden Guardians,2021-01-16T02:45:54+00:00,12.5964,0.75,2.55,7.55,35.75,0,31.63,2,,False,False
2021-01-11 00:00:00+00:00,Niles,TOP,Golden Guardians,2021-01-16T02:45:54+00:00,14.7642,2.52,2.83,5.47,267.76,0,32.52,2,,False,False
2021-01-11 00:00:00+00:00,Nxi,JGL,FlyQuest,2021-01-16T01:56:42+00:00,12.4766,2.79,2.67,6.15,209.95,0,0.97,2,,False,False
2021-01-11 00:00:00+00:00,Palafox,MID,FlyQuest,2021-01-16T01:56:42+00:00,15.8242,3.03,2.17,5.63,308.31,0,0.42,2,,False,False
2021-01-11 00:00:00+00:00,Perkz,MID,Cloud9,2021-01-16T00:46:51+00:00,15.7404,2.99,2.12,5.56,307.76,0,30.24,3,,False,False
2021-01-11 00:00:00+00:00,Pobelter,MID,Counter Logic Gaming,2021-01-15T23:45:13+00:00,6.106,1,4.4,3.6,289.6,5,25.47,4,2020-08-09T23:40:56+00:00,False,False
2021-01-11 00:00:00+00:00,Potluck,JGL,Immortals,2021-01-16T20:33:46+00:00,3.9775,0.75,2.75,2.5,163,4,37.28,3,2020-06-21T22:34:57+00:00,False,False
2021-01-11 00:00:00+00:00,PowerOfEvil,MID,TSM,2021-01-15T23:10:17+00:00,13.612,1.6,2.8,5.6,358,5,35.57,3,2020-09-07T01:13:41+00:00,False,False
2021-01-11 00:00:00+00:00,Revenge,TOP,Immortals,2021-01-16T20:33:46+00:00,14.8213,2.53,2.87,5.51,268.18,0,42.36,3,,False,False
2021-01-11 00:00:00+00:00,Smoothie,SUP,Counter Logic Gaming,2021-01-15T23:45:13+00:00,6.802,0,3.6,5.2,33.4,5,20.6,4,2020-08-09T23:40:56+00:00,False,False
2021-01-11 00:00:00+00:00,Soligo,MID,Dignitas,2021-01-16T01:56:42+00:00,15.8242,3.03,2.17,5.63,308.31,0,32.02,3,,False,False
2021-01-11 00:00:00+00:00,Solo,TOP,Counter Logic Gaming,2021-01-15T23:45:13+00:00,10.846,2.8,4.6,3.6,259.6,5,47.71,4,2020-09-07T01:13:41+00:00,False,False
2021-01-11 00:00:00+00:00,Spica,JGL,TSM,2021-01-15T23:10:17+00:00,14.796,2.6,2.4,8,223.2,5,37.18,3,2020-09-07T01:13:41+00:00,False,False
2021-01-11 00:00:00+00:00,Ssumday,TOP,100 Thieves,2021-01-15T23:10:17+00:00,15.03,2,3,5.6,279.2,5,37.77,3,2020-08-16T21:47:55+00:00,False,False
2021-01-11 00:00:00+00:00,Stixxay,BOT,Golden Guardians,2021-01-16T02:45:54+00:00,5.93,1.4,3.6,1.8,313,5,36.64,2,2020-08-09T23:40:56+00:00,False,False
2021-01-11 00:00:00+00:00,Svenskeren,JGL,Evil Geniuses,2021-01-16T00:46:51+00:00,17.382,6,5.4,7.8,220.6,5,53.83,3,2020-08-22T21:43:41+00:00,False,False
2021-01-11 00:00:00+00:00,SwordArt,SUP,TSM,2021-01-15T23:10:17+00:00,12.7614,0.75,2.53,7.63,35.26,0,15,3,,False,False
2021-01-11 00:00:00+00:00,Tactical,BOT,Team Liquid,2021-01-15T23:45:13+00:00,15.46,2.6,3.8,7.8,364.2,5,29.42,2,2020-09-06T00:02:28+00:00,False,False
2021-01-11 00:00:00+00:00,Vulcan,SUP,Cloud9,2021-01-16T00:46:51+00:00,15.128,0.6,1.8,10,33.2,5,56.1,3,2020-08-29T22:36:35+00:00,False,False
2021-01-11 00:00:00+00:00,WildTurtle,BOT,Counter Logic Gaming,2021-01-15T23:45:13+00:00,13.788,3.4,2.6,5.2,344,5,50.41,4,2020-09-07T01:13:41+00:00,False,False
2021-01-11 00:00:00+00:00,Zven,BOT,Cloud9,2021-01-16T00:46:51+00:00,15.474,3,1.6,6.4,289.4,5,55.64,3,2020-08-29T22:36:35+00:00,False,False
2021-01-11 00:00:00+00:00,aphromoo,SUP,Dignitas,2021-01-16T01:56:42+00:00,8.554,0.6,2.6,4.8,27,5,23.85,3,2020-08-15T21:37:52+00:00,False,False
2021-01-11 00:00:00+00:00,huhi,SUP,100 Thieves,2021-01-15T23:10:17+00:00,11.77,1.2,1.8,4.8,38.4,5,60.65,3,2020-08-23T23:21:02+00:00,False,False
2021-01-18 00:00:00+00:00,Ablazeolive,MID,Golden Guardians,2021-01-18T00:34:58+00:00,21.11,1.5,1.5,11.5,283,2,28.88,4,2021-01-16T21:34:22+00:00,False,False
2021-01-18 00:00:00+00:00,Alphari,TOP,Team Liquid,2021-01-18T00:34:58+00:00,15.89,4,1.5,1,243,2,88.97,4,2021-01-17T21:38:28+00:00,False,False
2021-01-18 00:00:00+00:00,Amazo,JGL,Golden Guardians,2021-01-18T00:34:58+00:00,25.015,5,0.5,7.5,261,2,15.02,4,2021-01-16T21:34:22+00:00,False,False
2021-01-18 00:00:00+00:00,Armao,JGL,Team Liquid,2021-01-18T00:34:58+00:00,6.204,0.8,2.6,3.8,169,5,16.49,1,2021-01-17T21:38:28+00:00,False,False
2021-01-18 00:00:00+00:00,Blaber,JGL,Cloud9,2021-01-22T22:29:56+00:00,13.462,4.4,3,3.6,225.6,5,74.68,4,2021-01-17T20:38:06+00:00,False,False
2021-01-18 00:00:00+00:00,Closer,JGL,100 Thieves,2021-01-22T23:42:46+00:00,12.178,2.6,2.8,6.4,196.2,5,75.81,3,2021-01-17T21:38:28+00:00,False,False
2021-01-18 00:00:00+00:00,CoreJJ,SUP,Team Liquid,2021-01-18T00:34:58+00:00,16.984,0.8,2.4,8.6,41.8,5,83.11,4,2021-01-17T21:38:28+00:00,False,False
2021-01-18 00:00:00+00:00,Damonte,MID,100 Thieves,2021-01-22T23:42:46+00:00,14.568,3,2.4,6.4,273,5,58.04,3,2021-01-17T21:38:28+00:00,False,False
2021-01-18 00:00:00+00:00,Dardoch,JGL,Dignitas,2021-01-22T22:29:56+00:00,9.342,2,3,4.6,182.2,5,10.16,1,2021-01-17T22:34:58+00:00,False,False
2021-01-18 00:00:00+00:00,Deftly,BOT,Evil Geniuses,2021-01-23T00:38:41+00:00,23.51,8.33333333333,1.66666666667,5.66666666667,315.333333333,3,54.16,3,2021-01-17T22:34:58+00:00,False,False
2021-01-18 00:00:00+00:00,Diamond,SUP,FlyQuest,2021-01-23T00:38:41+00:00,1.22,1,3,0,33.5,2,55.81,4,2021-01-16T22:39:51+00:00,False,False
2021-01-18 00:00:00+00:00,FBI,BOT,100 Thieves,2021-01-22T23:42:46+00:00,17.858,5.2,3,5.4,276.4,5,70.77,3,2021-01-17T21:38:28+00:00,False,False
2021-01-18 00:00:00+00:00,FakeGod,TOP,Dignitas,2021-01-22T22:29:56+00:00,10.3566666667,2.33333333333,3.66666666667,3.33333333333,198.333333333,3,12.18,1,2021-01-17T22:34:58+00:00,False,False
2021-01-18 00:00:00+00:00,Fudge,TOP,Cloud9,2021-01-22T22:29:56+00:00,10.3533333333,0.666666666667,1,4.66666666667,235.333333333,3,70.31,4,2021-01-17T20:38:06+00:00,False,False
2021-01-18 00:00:00+00:00,Huni,TOP,TSM,2021-01-23T01:41:44+00:00,15.636,2,3.2,5.8,219.6,5,52.39,4,2021-01-17T23:33:10+00:00,False,False
2021-01-18 00:00:00+00:00,Ignar,SUP,Evil Geniuses,2021-01-23T00:38:41+00:00,17.42,1,1.8,10.2,42.4,5,52.95,3,2021-01-17T22:34:58+00:00,False,False
2021-01-18 00:00:00+00:00,Impact,TOP,Evil Geniuses,2021-01-23T00:38:41+00:00,17.548,2.6,3.2,8.2,277.6,5,53.95,3,2021-01-17T22:34:58+00:00,False,False
2021-01-18 00:00:00+00:00,Jensen,MID,Team Liquid,2021-01-18T00:34:58+00:00,15.574,2.8,1.8,5.2,313.2,5,84,4,2021-01-17T21:38:28+00:00,False,False
2021-01-18 00:00:00+00:00,Jiizuke,MID,Evil Geniuses,2021-01-23T00:38:41+00:00,22.852,4.8,3,9.8,374.6,5,37.92,3,2021-01-17T22:34:58+00:00,False,False
2021-01-18 00:00:00+00:00,Joey,SUP,Immortals,2021-01-23T02:28:54+00:00,10.4366666667,0,4,8.33333333333,37,3,12.88,3,2021-01-17T20:38:06+00:00,False,False
2021-01-18 00:00:00+00:00,Johnsun,BOT,FlyQuest,2021-01-23T00:38:41+00:00,6.514,1.2,2,2,246.6,5,67.57,4,2021-01-16T22:39:51+00:00,False,False
2021-01-18 00:00:00+00:00,Josedeodo,JGL,FlyQuest,2021-01-23T00:38:41+00:00,12.9348,3.01,2.53,6.09,212.25,0,43.87,4,,False,False
2021-01-18 00:00:00+00:00,Keith,BOT,Immortals,2021-01-23T02:28:54+00:00,10.044,2.6,2.4,3.4,159.6,5,14.48,3,2021-01-17T20:38:06+00:00,False,False
2021-01-18 00:00:00+00:00,Licorice,TOP,FlyQuest,2021-01-23T00:38:41+00:00,8.502,1.2,4.2,4,186.8,5,38.46,4,2021-01-16T22:39:51+00:00,False,False
2021-01-18 00:00:00+00:00,Lost,BOT,TSM,2021-01-23T01:41:44+00:00,13.43,3.66666666667,1,3.66666666667,260,3,22.16,4,2021-01-17T23:33:10+00:00,False,False
2021-01-18 00:00:00+00:00,Neo,BOT,Dignitas,2021-01-22T22:29:56+00:00,8.36666666667,3.33333333333,4,3.33333333333,245.333333333,3,9,1,2021-01-17T22:34:58+00:00,False,False
2021-01-18 00:00:00+00:00,Newbie,SUP,Golden Guardians,2021-01-18T00:34:58+00:00,15.815,0,2,11,37,2,15.36,4,2021-01-16T21:34:22+00:00,False,False
2021-01-18 00:00:00+00:00,Niles,TOP,Golden Guardians,2021-01-18T00:34:58+00:00,16.26,3,3.5,6.5,262,2,23.89,4,2021-01-16T21:34:22+00:00,False,False
2021-01-18 00:00:00+00:00,Palafox,MID,FlyQuest,2021-01-23T00:38:41+00:00,0.21,0.5,3.5,0,208,2,40.19,4,2021-01-16T22:39:51+00:00,False,False
2021-01-18 00:00:00+00:00,Perkz,MID,Cloud9,2021-01-22T22:29:56+00:00,10.08,2.33333333333,2.66666666667,3.33333333333,259.333333333,3,51.85,4,2021-01-17T20:38:06+00:00,False,False
2021-01-18 00:00:00+00:00,Potluck,JGL,Immortals,2021-01-23T02:28:54+00:00,8,1.6,2.4,3.6,166,5,25.15,3,2021-01-17T20:38:06+00:00,False,False
2021-01-18 00:00:00+00:00,PowerOfEvil,MID,TSM,2021-01-23T01:41:44+00:00,11.654,2,3,5.4,299.8,5,45.51,4,2021-01-17T23:33:10+00:00,False,False
2021-01-18 00:00:00+00:00,PrettyGRE,MID,Immortals,2021-01-23T02:28:54+00:00,14.7254,2.85,2.28,5.56,301.1,0,33.52,3,,False,False
2021-01-18 00:00:00+00:00,Santorin,JGL,Team Liquid,2021-01-23T01:41:44+00:00,10.606,2.2,3,5.8,227.8,5,49.16,3,2020-09-07T01:13:41+00:00,False,False
2021-01-18 00:00:00+00:00,Soligo,MID,Dignitas,2021-01-22T22:29:56+00:00,10.6733333333,3,3.33333333333,3.33333333333,217.333333333,3,4.99,1,2021-01-17T22:34:58+00:00,False,False
2021-01-18 00:00:00+00:00,Spica,JGL,TSM,2021-01-23T01:41:44+00:00,11.93,2.8,1.8,4,231,5,42.03,4,2021-01-17T23:33:10+00:00,False,False
2021-01-18 00:00:00+00:00,Ssumday,TOP,100 Thieves,2021-01-22T23:42:46+00:00,11.334,1.8,3.4,5.4,263.2,5,63.1,3,2021-01-17T21:38:28+00:00,False,False
2021-01-18 00:00:00+00:00,Stixxay,BOT,Golden Guardians,2021-01-18T00:34:58+00:00,10.738,2.6,2.6,3.8,293.8,5,26.62,4,2021-01-16T21:34:22+00:00,False,False
2021-01-18 00:00:00+00:00,Svenskeren,JGL,Evil Geniuses,2021-01-23T00:38:41+00:00,13.738,4.2,3.4,6.8,211.6,5,45.52,3,2021-01-17T22:34:58+00:00,False,False
2021-01-18 00:00:00+00:00,SwordArt,SUP,TSM,2021-01-23T01:41:44+00:00,5,0,2.66666666667,4,37,3,28.56,4,2021-01-17T23:33:10+00:00,False,False
2021-01-18 00:00:00+00:00,Tactical,BOT,Team Liquid,2021-01-18T00:34:58+00:00,15.018,3.4,3.4,6.2,333,5,94.94,4,2021-01-17T21:38:28+00:00,False,False
2021-01-18 00:00:00+00:00,Topoon,TOP,Immortals,2021-01-23T02:28:54+00:00,14.3193,2.48,2.89,5.26,259.5,0,21.89,3,,False,False
2021-01-18 00:00:00+00:00,Vulcan,SUP,Cloud9,2021-01-22T22:29:56+00:00,13.296,0.4,2,7.4,37.8,5,79.72,4,2021-01-17T20:38:06+00:00,False,False
2021-01-18 00:00:00+00:00,Zven,BOT,Cloud9,2021-01-22T22:29:56+00:00,13.876,3.2,1.4,2.4,324.2,5,89.42,4,2021-01-17T20:38:06+00:00,False,False
2021-01-18 00:00:00+00:00,aphromoo,SUP,Dignitas,2021-01-22T22:29:56+00:00,5.824,0.4,3.8,5.2,26.8,5,0.77,1,2021-01-17T22:34:58+00:00,False,False
2021-01-18 00:00:00+00:00,huhi,SUP,100 Thieves,2021-01-22T23:42:46+00:00,17.582,1.4,2.4,8.6,44,5,75.48,3,2021-01-17T21:38:28+00:00,False,False
2021-01-25 00:00:00+00:00,Alphari,TOP,Team Liquid,2021-01-30T21:28:56+00:00,19.178,4.4,1.8,3.6,226.6,5,117.22,7,2021-01-24T23:42:37+00:00,False,False
2021-01-25 00:00:00+00:00,Blaber,JGL,Cloud9,2021-01-29T22:28:31+00:00,19.89,4.6,1.6,8.6,244.2,5,129.38,9,2021-01-24T00:29:47+00:00,False,False
2021-01-25 00:00:00+00:00,Closer,JGL,100 Thieves,2021-01-29T22:28:31+00:00,21.112,6.4,2.8,7.6,226,5,50.45,5,2021-01-23T21:33:14+00:00,False,False
2021-01-25 00:00:00+00:00,CoreJJ,SUP,Team Liquid,2021-01-30T21:28:56+00:00,18.642,1.2,1.8,10.4,35.2,5,105.07,7,2021-01-24T23:42:37+00:00,False,False
2021-01-25 00:00:00+00:00,Damonte,MID,100 Thieves,2021-01-29T22:28:31+00:00,19.496,3.4,1.4,9.8,271.4,5,41.05,5,2021-01-23T21:33:14+00:00,False,False
2021-01-25 00:00:00+00:00,Deftly,BOT,Evil Geniuses,2021-01-30T21:28:56+00:00,19.756,6.4,1.6,4.8,284.2,5,19.84,3,2021-01-24T21:43:32+00:00,False,False
2021-01-25 00:00:00+00:00,FBI,BOT,100 Thieves,2021-01-29T22:28:31+00:00,23.446,6.8,2.6,7.8,283.4,5,89.59,5,2021-01-23T21:33:14+00:00,False,False
2021-01-25 00:00:00+00:00,Fudge,TOP,Cloud9,2021-01-29T22:28:31+00:00,16.256,2.6,1.4,6,274.8,5,116.2,9,2021-01-24T00:29:47+00:00,False,False
2021-01-25 00:00:00+00:00,Ignar,SUP,Evil Geniuses,2021-01-30T21:28:56+00:00,21.066,0.6,1.8,11.8,36.8,5,26.97,3,2021-01-24T21:43:32+00:00,False,False
2021-01-25 00:00:00+00:00,Impact,TOP,Evil Geniuses,2021-01-30T21:28:56+00:00,18.08,3,1.8,7.6,235.2,5,9.87,3,2021-01-24T21:43:32+00:00,False,False
2021-01-25 00:00:00+00:00,Jensen,MID,Team Liquid,2021-01-30T21:28:56+00:00,18.306,3.8,1.4,6.4,236.4,5,120.87,7,2021-01-24T23:42:37+00:00,False,False
2021-01-25 00:00:00+00:00,Jiizuke,MID,Evil Geniuses,2021-01-30T21:28:56+00:00,16.598,3.8,2.6,7.2,279,5,32.84,3,2021-01-24T21:43:32+00:00,False,False
2021-01-25 00:00:00+00:00,Perkz,MID,Cloud9,2021-01-29T22:28:31+00:00,12.084,1.8,2.2,6.2,285.2,5,116.68,9,2021-01-24T00:29:47+00:00,False,False
2021-01-25 00:00:00+00:00,Santorin,JGL,Team Liquid,2021-01-30T21:28:56+00:00,14.718,2.8,2.4,8.6,198.4,5,109.49,7,2021-01-24T23:42:37+00:00,False,False
2021-01-25 00:00:00+00:00,Ssumday,TOP,100 Thieves,2021-01-29T22:28:31+00:00,17.946,3.8,2.4,6.6,246.4,5,73.34,5,2021-01-23T21:33:14+00:00,False,False
2021-01-25 00:00:00+00:00,Svenskeren,JGL,Evil Geniuses,2021-01-30T21:28:56+00:00,16.824,3,1.4,8.6,218.6,5,27.12,3,2021-01-24T21:43:32+00:00,False,False
2021-01-25 00:00:00+00:00,Tactical,BOT,Team Liquid,2021-01-30T21:28:56+00:00,19.692,5,2.8,7,246.8,5,110.5,7,2021-01-24T23:42:37+00:00,False,False
2021-01-25 00:00:00+00:00,Vulcan,SUP,Cloud9,2021-01-29T22:28:31+00:00,21.154,0.6,2,12,32.8,5,114.92,9,2021-01-24T00:29:47+00:00,False,False
2021-01-25 00:00:00+00:00,Zven,BOT,Cloud9,2021-01-29T22:28:31+00:00,23.264,7.4,0.8,3.4,345.8,5,181.9,9,2021-01-24T00:29:47+00:00,False,False
2021-01-25 00:00:00+00:00,huhi,SUP,100 Thieves,2021-01-29T22:28:31+00:00,25.752,0.8,2.2,15.4,38.2,5,58.64,5,2021-01-23T21:33:14+00:00,False,False
2021-02-01 00:00:00+00:00,Ablazeolive,MID,Golden Guardians,2021-02-06T02:09:06+00:00,9.036,1.6,3.6,4.2,232.6,5,8.19,3,2021-01-24T21:43:32+00:00,False,False
2021-02-01 00:00:00+00:00,Alphari,TOP,Team Liquid,2021-02-01T00:12:52+00:00,15.422,3.2,2.4,5,218.4,5,88.66,4,2021-01-31T23:16:19+00:00,False,False
2021-02-01 00:00:00+00:00,Amazo,JGL,Golden Guardians,2021-02-06T02:09:06+00:00,7.468,1.8,2.6,2.8,216.6,5,23.84,3,2021-01-24T21:43:32+00:00,False,False
2021-02-01 00:00:00+00:00,Blaber,JGL,Cloud9,2021-02-01T00:12:52+00:00,14.204,3.4,1.8,7,217.6,5,99.4,4,2021-01-31T23:16:19+00:00,False,False
2021-02-01 00:00:00+00:00,Closer,JGL,100 Thieves,2021-02-06T00:52:08+00:00,10.09,1.6,2.6,5.4,204.2,5,31.06,2,2021-01-30T02:31:21+00:00,False,False
2021-02-01 00:00:00+00:00,CoreJJ,SUP,Team Liquid,2021-02-01T00:12:52+00:00,13.648,0.8,3,8.8,36.8,5,57.86,4,2021-01-31T23:16:19+00:00,False,False
2021-02-01 00:00:00+00:00,Damonte,MID,100 Thieves,2021-02-06T00:52:08+00:00,8.21,0.8,3.6,5.8,254.6,5,50.22,2,2021-01-30T02:31:21+00:00,False,False
2021-02-01 00:00:00+00:00,Dardoch,JGL,Dignitas,2021-02-06T03:07:21+00:00,9.994,2,2.2,4.4,187.4,5,20.07,2,2021-01-22T22:29:56+00:00,False,False
2021-02-01 00:00:00+00:00,Deftly,BOT,Evil Geniuses,2021-02-06T00:52:08+00:00,13.65,4.2,1.8,4.2,255,5,56.97,3,2021-01-30T23:41:27+00:00,False,False
2021-02-01 00:00:00+00:00,Diamond,SUP,FlyQuest,2021-02-05T22:24:44+00:00,11.166,1.8,2.8,6,35.2,5,30.2,3,2021-01-24T23:42:37+00:00,False,False
2021-02-01 00:00:00+00:00,FBI,BOT,100 Thieves,2021-02-06T00:52:08+00:00,17.918,4.8,2.8,2.4,280,5,44.32,2,2021-01-30T02:31:21+00:00,False,False
2021-02-01 00:00:00+00:00,FakeGod,TOP,Dignitas,2021-02-06T03:07:21+00:00,10.8125,2.25,3.5,3.25,218.75,4,32.19,2,2021-01-22T22:29:56+00:00,False,False
2021-02-01 00:00:00+00:00,Finn,TOP,Counter Logic Gaming,2021-02-06T03:07:21+00:00,13.9215,2.52,2.84,4.82,238.59,0,33.33,3,,False,False
2021-02-01 00:00:00+00:00,Fudge,TOP,Cloud9,2021-02-01T00:12:52+00:00,14.38,2.6,1.4,5.8,197.2,5,66.88,4,2021-01-31T23:16:19+00:00,False,False
2021-02-01 00:00:00+00:00,Griffin,JGL,Counter Logic Gaming,2021-02-06T03:07:21+00:00,8.326,2.8,3.2,3.8,200.6,5,40.85,3,2021-01-17T23:33:10+00:00,False,False
2021-02-01 00:00:00+00:00,Huni,TOP,TSM,2021-02-05T22:24:44+00:00,15.118,1.6,2.2,5.4,221.4,5,42.78,3,2021-01-24T00:29:47+00:00,False,False
2021-02-01 00:00:00+00:00,Ignar,SUP,Evil Geniuses,2021-02-06T00:52:08+00:00,14.764,0.6,2.4,8.6,25.2,5,42.78,3,2021-01-30T23:41:27+00:00,False,False
2021-02-01 00:00:00+00:00,Impact,TOP,Evil Geniuses,2021-02-06T00:52:08+00:00,11.266,2.6,3.8,5,200.6,5,62.53,3,2021-01-30T23:41:27+00:00,False,False
2021-02-01 00:00:00+00:00,Insanity,MID,Immortals,2021-02-05T23:49:34+00:00,10.162,1.4,2.6,4.4,278.2,5,56.87,3,2021-01-17T20:38:06+00:00,False,False
2021-02-01 00:00:00+00:00,Jensen,MID,Team Liquid,2021-02-01T00:12:52+00:00,16.298,2.8,2.2,7.4,220.6,5,47.81,4,2021-01-31T23:16:19+00:00,False,False
2021-02-01 00:00:00+00:00,Jiizuke,MID,Evil Geniuses,2021-02-06T00:52:08+00:00,12.552,2.4,3.6,6.4,240.4,5,65.5,3,2021-01-30T23:41:27+00:00,False,False
2021-02-01 00:00:00+00:00,Johnsun,BOT,FlyQuest,2021-02-05T22:24:44+00:00,13.29,3.4,3,4,271.8,5,54.92,3,2021-01-24T23:42:37+00:00,False,False
2021-02-01 00:00:00+00:00,Josedeodo,JGL,FlyQuest,2021-02-05T22:24:44+00:00,10.9675,2.75,1.75,5.25,218.25,4,45.45,3,2021-01-24T23:42:37+00:00,False,False
2021-02-01 00:00:00+00:00,Licorice,TOP,FlyQuest,2021-02-05T22:24:44+00:00,9.1,1.2,4,4.8,232.4,5,39.8,3,2021-01-24T23:42:37+00:00,False,False
2021-02-01 00:00:00+00:00,Lost,BOT,TSM,2021-02-05T22:24:44+00:00,8.72,3,3.4,3.6,244.8,5,41.8,3,2021-01-24T00:29:47+00:00,False,False
2021-02-01 00:00:00+00:00,Neo,BOT,Dignitas,2021-02-06T03:07:21+00:00,8.525,2.75,3.75,3.5,267.5,4,51.27,2,2021-01-22T22:29:56+00:00,False,False
2021-02-01 00:00:00+00:00,Newbie,SUP,Golden Guardians,2021-02-06T02:09:06+00:00,4.834,0,3.6,4.4,35.4,5,26.58,3,2021-01-24T21:43:32+00:00,False,False
2021-02-01 00:00:00+00:00,Niles,TOP,Golden Guardians,2021-02-06T02:09:06+00:00,6.878,1.4,5,2.4,232.2,5,31.93,3,2021-01-24T21:43:32+00:00,False,False
2021-02-01 00:00:00+00:00,Palafox,MID,FlyQuest,2021-02-05T22:24:44+00:00,7.816,2,2,2.6,259,5,37.25,3,2021-01-24T23:42:37+00:00,False,False
2021-02-01 00:00:00+00:00,Perkz,MID,Cloud9,2021-02-01T00:12:52+00:00,14.35,3.4,2.6,7.4,235.6,5,68.18,4,2021-01-31T23:16:19+00:00,False,False
2021-02-01 00:00:00+00:00,PowerOfEvil,MID,TSM,2021-02-05T22:24:44+00:00,10.776,2.2,3.4,4.2,271,5,24.29,3,2021-01-24T00:29:47+00:00,False,False
2021-02-01 00:00:00+00:00,RJS,MID,Counter Logic Gaming,2021-02-06T03:07:21+00:00,15.65,4,3.5,5.5,315,2,66.07,3,2020-07-12T22:40:38+00:00,False,False
2021-02-01 00:00:00+00:00,Raes,BOT,Immortals,2021-02-05T23:49:34+00:00,15.5256,4.3,2.56,4.67,281.52,0,31.98,3,,False,False
2021-02-01 00:00:00+00:00,Revenge,TOP,Immortals,2021-02-05T23:49:34+00:00,14.12,2.66666666667,2.66666666667,3.66666666667,230,3,32.73,3,2021-01-17T20:38:06+00:00,False,False
2021-02-01 00:00:00+00:00,Santorin,JGL,Team Liquid,2021-02-01T00:12:52+00:00,14.528,3,2,7,185,5,64.07,4,2021-01-31T23:16:19+00:00,False,False
2021-02-01 00:00:00+00:00,Smoothie,SUP,Counter Logic Gaming,2021-02-06T03:07:21+00:00,6.214,0.4,5,6.2,32,5,41.37,3,2021-01-17T23:33:10+00:00,False,False
2021-02-01 00:00:00+00:00,Soligo,MID,Dignitas,2021-02-06T03:07:21+00:00,9.2525,2.75,3,2.75,237.75,4,21.16,2,2021-01-22T22:29:56+00:00,False,False
2021-02-01 00:00:00+00:00,Spica,JGL,TSM,2021-02-05T22:24:44+00:00,12.398,2.8,2.4,5,199.8,5,24.06,3,2021-01-24T00:29:47+00:00,False,False
2021-02-01 00:00:00+00:00,Ssumday,TOP,100 Thieves,2021-02-06T00:52:08+00:00,14.668,2,2.2,4.8,254.4,5,26.26,2,2021-01-30T02:31:21+00:00,False,False
2021-02-01 00:00:00+00:00,Stixxay,BOT,Golden Guardians,2021-02-06T02:09:06+00:00,7.612,2.2,2.8,2.2,288.4,5,20.41,3,2021-01-24T21:43:32+00:00,False,False
2021-02-01 00:00:00+00:00,Svenskeren,JGL,Evil Geniuses,2021-02-06T00:52:08+00:00,14.162,3,3.2,7.2,187.4,5,52.18,3,2021-01-30T23:41:27+00:00,False,False
2021-02-01 00:00:00+00:00,SwordArt,SUP,TSM,2021-02-05T22:24:44+00:00,8.064,0.4,3.6,5.6,37.8,5,32.32,3,2021-01-24T00:29:47+00:00,False,False
2021-02-01 00:00:00+00:00,Tactical,BOT,Team Liquid,2021-02-01T00:12:52+00:00,15.33,5.4,3,4.4,244.6,5,35.68,4,2021-01-31T23:16:19+00:00,False,False
2021-02-01 00:00:00+00:00,Vulcan,SUP,Cloud9,2021-02-01T00:12:52+00:00,11.79,0.6,2.8,9.4,74.6,5,40.49,4,2021-01-31T23:16:19+00:00,False,False
2021-02-01 00:00:00+00:00,WildTurtle,BOT,Counter Logic Gaming,2021-02-06T03:07:21+00:00,12.516,3.4,3.6,4.8,301.2,5,51.21,3,2021-01-17T23:33:10+00:00,False,False
2021-02-01 00:00:00+00:00,Xerxe,JGL,Immortals,2021-02-05T23:49:34+00:00,13.6076,3.01,2.29,6.23,213.26,0,26.27,3,,False,False
2021-02-01 00:00:00+00:00,Zven,BOT,Cloud9,2021-02-01T00:12:52+00:00,22.242,5.8,1.8,6,185,5,74.64,4,2021-01-31T23:16:19+00:00,False,False
2021-02-01 00:00:00+00:00,aphromoo,SUP,Dignitas,2021-02-06T03:07:21+00:00,5.786,0.4,4,5.4,24.6,5,27.97,2,2021-01-22T22:29:56+00:00,False,False
2021-02-01 00:00:00+00:00,destiny,SUP,Immortals,2021-02-05T23:49:34+00:00,13.1252,0.67,2.87,8.23,39.67,0,33.15,3,,False,False
2021-02-01 00:00:00+00:00,huhi,SUP,100 Thieves,2021-02-06T00:52:08+00:00,11.728,0.6,2.8,6.8,33.4,5,41.71,2,2021-01-30T02:31:21+00:00,False,False
2021-02-08 00:00:00+00:00,Ablazeolive,MID,Golden Guardians,2021-02-13T01:28:37+00:00,5.398,1.4,4.2,2.4,267.8,5,19.8,2,2021-02-07T21:36:04+00:00,False,False
2021-02-08 00:00:00+00:00,Alphari,TOP,Team Liquid,2021-02-12T23:33:53+00:00,18.554,3,2.4,5.6,239.2,5,51.03,3,2021-02-07T20:36:11+00:00,False,False
2021-02-08 00:00:00+00:00,Amazo,JGL,Golden Guardians,2021-02-13T01:28:37+00:00,6.226,1.2,1.8,3,245.8,5,7.68,2,2021-02-07T21:36:04+00:00,False,False
2021-02-08 00:00:00+00:00,Blaber,JGL,Cloud9,2021-02-13T00:32:01+00:00,23.982,5,1.4,8.6,238.8,5,50.4,3,2021-02-07T22:30:34+00:00,False,False
2021-02-08 00:00:00+00:00,Closer,JGL,100 Thieves,2021-02-08T00:34:43+00:00,9.628,1.8,4,6.8,228,5,52.67,4,2021-02-06T22:36:15+00:00,False,False
2021-02-08 00:00:00+00:00,CoreJJ,SUP,Team Liquid,2021-02-12T23:33:53+00:00,13.326,0.4,2.4,7.8,75,5,37.51,3,2021-02-07T20:36:11+00:00,False,False
2021-02-08 00:00:00+00:00,Damonte,MID,100 Thieves,2021-02-08T00:34:43+00:00,11.908,2.8,4.4,5.8,310.8,5,59.91,4,2021-02-06T22:36:15+00:00,False,False
2021-02-08 00:00:00+00:00,Dardoch,JGL,Dignitas,2021-02-08T00:34:43+00:00,10.99,2.4,2.6,5.4,191.4,5,45.61,4,2021-02-06T21:40:01+00:00,False,False
2021-02-08 00:00:00+00:00,Deftly,BOT,Evil Geniuses,2021-02-13T00:32:01+00:00,13.988,4.2,1.8,3.4,295.2,5,40.69,3,2021-02-07T21:36:04+00:00,False,False
2021-02-08 00:00:00+00:00,Diamond,SUP,FlyQuest,2021-02-12T22:29:59+00:00,9.968,1.6,4,7.4,36.6,5,20.43,3,2021-02-07T20:36:11+00:00,False,False
2021-02-08 00:00:00+00:00,FBI,BOT,100 Thieves,2021-02-08T00:34:43+00:00,16.352,3.8,3.6,5.2,341,5,100.06,4,2021-02-06T22:36:15+00:00,False,False
2021-02-08 00:00:00+00:00,FakeGod,TOP,Dignitas,2021-02-08T00:34:43+00:00,10.766,1.8,3.8,4.8,219,5,42.37,4,2021-02-06T21:40:01+00:00,False,False
2021-02-08 00:00:00+00:00,Finn,TOP,Counter Logic Gaming,2021-02-12T23:33:53+00:00,11.11,2,3.66666666667,6.33333333333,299.333333333,3,7.63,2,2021-02-07T23:21:53+00:00,False,False
2021-02-08 00:00:00+00:00,Fudge,TOP,Cloud9,2021-02-13T00:32:01+00:00,18.44,3.4,2,6.8,231,5,50.56,3,2021-02-07T22:30:34+00:00,False,False
2021-02-08 00:00:00+00:00,Griffin,JGL,Counter Logic Gaming,2021-02-12T23:33:53+00:00,14.288,4,3.2,7.2,253.6,5,6.86,2,2021-02-07T23:21:53+00:00,False,False
2021-02-08 00:00:00+00:00,Huni,TOP,TSM,2021-02-13T01:28:37+00:00,11.618,1.8,4,5,241.6,5,45.33,3,2021-02-07T23:21:53+00:00,False,False
2021-02-08 00:00:00+00:00,Ignar,SUP,Evil Geniuses,2021-02-13T00:32:01+00:00,10.498,0.4,3.4,8.4,33.4,5,37.01,3,2021-02-07T21:36:04+00:00,False,False
2021-02-08 00:00:00+00:00,Impact,TOP,Evil Geniuses,2021-02-13T00:32:01+00:00,13.046,2.8,4.6,5.8,204,5,50.07,3,2021-02-07T21:36:04+00:00,False,False
2021-02-08 00:00:00+00:00,Insanity,MID,Immortals,2021-02-13T02:28:27+00:00,16.926,1.6,1.6,6.8,309.8,5,43.23,3,2021-02-07T22:30:34+00:00,False,False
2021-02-08 00:00:00+00:00,Jensen,MID,Team Liquid,2021-02-12T23:33:53+00:00,11.106,2,2,5.4,262.8,5,33.22,3,2021-02-07T20:36:11+00:00,False,False
2021-02-08 00:00:00+00:00,Jiizuke,MID,Evil Geniuses,2021-02-13T00:32:01+00:00,17.78,4,3.2,7.2,269.8,5,36.55,3,2021-02-07T21:36:04+00:00,False,False
2021-02-08 00:00:00+00:00,Johnsun,BOT,FlyQuest,2021-02-12T22:29:59+00:00,14.896,2.8,2.6,7,269.6,5,32.91,3,2021-02-07T20:36:11+00:00,False,False
2021-02-08 00:00:00+00:00,Josedeodo,JGL,FlyQuest,2021-02-12T22:29:59+00:00,12.968,3.6,2.8,6.4,209.4,5,26.29,3,2021-02-07T20:36:11+00:00,False,False
2021-02-08 00:00:00+00:00,Licorice,TOP,FlyQuest,2021-02-12T22:29:59+00:00,9.984,3.4,5.6,4,228.4,5,43.34,3,2021-02-07T20:36:11+00:00,False,False
2021-02-08 00:00:00+00:00,Lost,BOT,TSM,2021-02-13T01:28:37+00:00,10.516,3.6,3.6,3.2,305,5,68.66,3,2021-02-07T23:21:53+00:00,False,False
2021-02-08 00:00:00+00:00,Neo,BOT,Dignitas,2021-02-08T00:34:43+00:00,13.666,4,3.4,3.8,288.4,5,70.53,4,2021-02-06T21:40:01+00:00,False,False
2021-02-08 00:00:00+00:00,Newbie,SUP,Golden Guardians,2021-02-13T01:28:37+00:00,7.914,0.8,3,4.2,38.8,5,13.1,2,2021-02-07T21:36:04+00:00,False,False
2021-02-08 00:00:00+00:00,Niles,TOP,Golden Guardians,2021-02-13T01:28:37+00:00,10.886,1.2,5.6,3.8,260.8,5,26.31,2,2021-02-07T21:36:04+00:00,False,False
2021-02-08 00:00:00+00:00,Palafox,MID,FlyQuest,2021-02-12T22:29:59+00:00,9.22,2.4,3,5.2,279.4,5,31.79,3,2021-02-07T20:36:11+00:00,False,False
2021-02-08 00:00:00+00:00,Perkz,MID,Cloud9,2021-02-13T00:32:01+00:00,17.278,3,1.6,7,254.4,5,58.41,3,2021-02-07T22:30:34+00:00,False,False
2021-02-08 00:00:00+00:00,PowerOfEvil,MID,TSM,2021-02-13T01:28:37+00:00,8.152,2,4,3,322.8,5,58.21,3,2021-02-07T23:21:53+00:00,False,False
2021-02-08 00:00:00+00:00,RJS,MID,Counter Logic Gaming,2021-02-12T23:33:53+00:00,19.474,4.8,3.2,7.2,320.6,5,14.42,2,2021-02-07T23:21:53+00:00,False,False
2021-02-08 00:00:00+00:00,Raes,BOT,Immortals,2021-02-13T02:28:27+00:00,10.66,4.33333333333,2.33333333333,2,316,3,22.08,3,2021-02-07T22:30:34+00:00,False,False
2021-02-08 00:00:00+00:00,Revenge,TOP,Immortals,2021-02-13T02:28:27+00:00,13.704,2.4,3.2,5.2,246.2,5,47.17,3,2021-02-07T22:30:34+00:00,False,False
2021-02-08 00:00:00+00:00,Santorin,JGL,Team Liquid,2021-02-12T23:33:53+00:00,13.266,3,1.8,5.6,194,5,28,3,2021-02-07T20:36:11+00:00,False,False
2021-02-08 00:00:00+00:00,Smoothie,SUP,Counter Logic Gaming,2021-02-12T23:33:53+00:00,12.702,0.6,5,11.2,34.6,5,11.18,2,2021-02-07T23:21:53+00:00,False,False
2021-02-08 00:00:00+00:00,Soligo,MID,Dignitas,2021-02-08T00:34:43+00:00,6.544,2.2,3.8,3.6,254.4,5,82.28,4,2021-02-06T21:40:01+00:00,False,False
2021-02-08 00:00:00+00:00,Spica,JGL,TSM,2021-02-13T01:28:37+00:00,7.674,1.4,2.8,4.6,217.4,5,42.26,3,2021-02-07T23:21:53+00:00,False,False
2021-02-08 00:00:00+00:00,Ssumday,TOP,100 Thieves,2021-02-08T00:34:43+00:00,12.144,2.6,4,4.8,317.6,5,47.77,4,2021-02-06T22:36:15+00:00,False,False
2021-02-08 00:00:00+00:00,Stixxay,BOT,Golden Guardians,2021-02-13T01:28:37+00:00,7.718,2.2,3.4,2.2,318.4,5,16.61,2,2021-02-07T21:36:04+00:00,False,False
2021-02-08 00:00:00+00:00,Svenskeren,JGL,Evil Geniuses,2021-02-13T00:32:01+00:00,12.866,3.8,3.2,6.2,202.8,5,31.68,3,2021-02-07T21:36:04+00:00,False,False
2021-02-08 00:00:00+00:00,SwordArt,SUP,TSM,2021-02-13T01:28:37+00:00,8.466,0,4.4,6,43.6,5,35.86,3,2021-02-07T23:21:53+00:00,False,False
2021-02-08 00:00:00+00:00,Tactical,BOT,Team Liquid,2021-02-12T23:33:53+00:00,11.162,3.4,3,4.2,234.6,5,48.62,3,2021-02-07T20:36:11+00:00,False,False
2021-02-08 00:00:00+00:00,Vulcan,SUP,Cloud9,2021-02-13T00:32:01+00:00,11.566,0.8,3.2,8,32.6,5,44.11,3,2021-02-07T22:30:34+00:00,False,False
2021-02-08 00:00:00+00:00,WildTurtle,BOT,Counter Logic Gaming,2021-02-12T23:33:53+00:00,18.38,6,4,6,388,5,1.87,2,2021-02-07T23:21:53+00:00,False,False
2021-02-08 00:00:00+00:00,Xerxe,JGL,Immortals,2021-02-13T02:28:27+00:00,8.75666666667,2.66666666667,3,4,218.666666667,3,43.2,3,2021-02-07T22:30:34+00:00,False,False
2021-02-08 00:00:00+00:00,Zven,BOT,Cloud9,2021-02-13T00:32:01+00:00,19.682,5.6,1.2,5,276.6,5,51.23,3,2021-02-07T22:30:34+00:00,False,False
2021-02-08 00:00:00+00:00,aphromoo,SUP,Dignitas,2021-02-08T00:34:43+00:00,6.99,0.2,4.6,7.2,28.8,5,78.52,4,2021-02-06T21:40:01+00:00,False,False
2021-02-08 00:00:00+00:00,destiny,SUP,Immortals,2021-02-13T02:28:27+00:00,11.05,0.333333333333,2,6.66666666667,38.3333333333,3,22.85,3,2021-02-07T22:30:34+00:00,False,False
2021-02-08 00:00:00+00:00,huhi,SUP,100 Thieves,2021-02-08T00:34:43+00:00,14.144,1,3.8,8.6,40.8,5,79.16,4,2021-02-06T22:36:15+00:00,False,False
2021-02-15 00:00:00+00:00,Ablazeolive,MID,Golden Guardians,2021-02-15T00:34:17+00:00,5.598,1.6,4,1.8,278,5,22.77,4,2021-02-13T22:33:54+00:00,False,False
2021-02-15 00:00:00+00:00,Alphari,TOP,Team Liquid,2021-02-20T00:40:37+00:00,19.04,3.6,1.6,4.2,254.6,5,39.41,2,2021-02-14T20:34:24+00:00,False,False
2021-02-15 00:00:00+00:00,Amazo,JGL,Golden Guardians,2021-02-15T00:34:17+00:00,6.304,1.6,1.8,2.4,253.4,5,11.32,4,2021-02-13T22:33:54+00:00,False,False
2021-02-15 00:00:00+00:00,Blaber,JGL,Cloud9,2021-02-19T22:21:31+00:00,24.678,5.6,2.6,9.8,221.8,5,40.12,2,2021-02-14T23:41:29+00:00,False,False
2021-02-15 00:00:00+00:00,Broxah,JGL,Counter Logic Gaming,2021-02-19T22:21:31+00:00,14.09,3.2,2.4,6.2,224.6,5,16.19,2,2020-09-06T00:02:28+00:00,False,False
2021-02-15 00:00:00+00:00,Closer,JGL,100 Thieves,2021-02-20T02:23:51+00:00,14.696,4,3.2,6.8,240.2,5,20.83,3,2021-02-14T20:34:24+00:00,False,False
2021-02-15 00:00:00+00:00,CoreJJ,SUP,Team Liquid,2021-02-20T00:40:37+00:00,14.842,0.8,2.2,7.8,38.6,5,26.27,2,2021-02-14T20:34:24+00:00,False,False
2021-02-15 00:00:00+00:00,Damonte,MID,100 Thieves,2021-02-20T02:23:51+00:00,17.954,2.2,2.6,9.8,279.6,5,36.24,3,2021-02-14T20:34:24+00:00,False,False
2021-02-15 00:00:00+00:00,Dardoch,JGL,Dignitas,2021-02-19T23:44:35+00:00,10.164,3,2.4,4.4,195.4,5,47.79,3,2021-02-14T22:35:12+00:00,False,False
2021-02-15 00:00:00+00:00,Deftly,BOT,Evil Geniuses,2021-02-20T01:30:24+00:00,18.152,4.2,1.4,6,251.8,5,19.13,2,2021-02-14T22:35:12+00:00,False,False
2021-02-15 00:00:00+00:00,Diamond,SUP,FlyQuest,2021-02-19T23:44:35+00:00,6.904,0.6,3.8,6,36.2,5,20.2,3,2021-02-14T23:41:29+00:00,False,False
2021-02-15 00:00:00+00:00,FBI,BOT,100 Thieves,2021-02-20T02:23:51+00:00,25.56,7,2.6,7,222.4,5,52.21,3,2021-02-14T20:34:24+00:00,False,False
2021-02-15 00:00:00+00:00,FakeGod,TOP,Dignitas,2021-02-19T23:44:35+00:00,11.964,2,2.6,4.8,209.2,5,62.59,3,2021-02-14T22:35:12+00:00,False,False
2021-02-15 00:00:00+00:00,Finn,TOP,Counter Logic Gaming,2021-02-15T00:34:17+00:00,8.192,1.4,3.8,4.6,262.2,5,64.87,3,2021-02-13T20:24:49+00:00,False,False
2021-02-15 00:00:00+00:00,Fudge,TOP,Cloud9,2021-02-19T22:21:31+00:00,18.558,3.6,1.4,6.4,223.2,5,31.88,2,2021-02-14T23:41:29+00:00,False,False
2021-02-15 00:00:00+00:00,Griffin,JGL,Counter Logic Gaming,2021-02-15T00:34:17+00:00,9.542,2.6,3.2,5.6,221,5,7.69,1,2021-02-13T20:24:49+00:00,False,False
2021-02-15 00:00:00+00:00,Huni,TOP,TSM,2021-02-20T01:30:24+00:00,14.032,2,2.6,7,224,5,49.42,3,2021-02-14T21:38:31+00:00,False,False
2021-02-15 00:00:00+00:00,Ignar,SUP,Evil Geniuses,2021-02-20T01:30:24+00:00,14.146,0.8,2.6,9.2,63,5,31.54,2,2021-02-14T22:35:12+00:00,False,False
2021-02-15 00:00:00+00:00,Impact,TOP,Evil Geniuses,2021-02-20T01:30:24+00:00,19.276,4,3.2,7.4,210,5,35.37,2,2021-02-14T22:35:12+00:00,False,False
2021-02-15 00:00:00+00:00,Insanity,MID,Immortals,2021-02-20T02:23:51+00:00,15.054,2.8,2.2,4.4,315.4,5,66.87,3,2021-02-14T21:38:31+00:00,False,False
2021-02-15 00:00:00+00:00,Jensen,MID,Team Liquid,2021-02-20T00:40:37+00:00,11.532,1.2,1.6,6.6,265,5,22.92,2,2021-02-14T20:34:24+00:00,False,False
2021-02-15 00:00:00+00:00,Jiizuke,MID,Evil Geniuses,2021-02-20T01:30:24+00:00,15.894,4.2,3.4,6.6,257.6,5,34.32,2,2021-02-14T22:35:12+00:00,False,False
2021-02-15 00:00:00+00:00,Johnsun,BOT,FlyQuest,2021-02-19T23:44:35+00:00,12.716,2,1.8,6.2,257.2,5,37.27,3,2021-02-14T23:41:29+00:00,False,False
2021-02-15 00:00:00+00:00,Josedeodo,JGL,FlyQuest,2021-02-19T23:44:35+00:00,10.544,2.2,2.8,6.2,209.2,5,33.55,3,2021-02-14T23:41:29+00:00,False,False
2021-02-15 00:00:00+00:00,Licorice,TOP,FlyQuest,2021-02-19T23:44:35+00:00,14.046,3.4,3.2,3.2,227.6,5,38.24,3,2021-02-14T23:41:29+00:00,False,False
2021-02-15 00:00:00+00:00,Lost,BOT,TSM,2021-02-20T01:30:24+00:00,20.274,5.8,1.4,4,312.2,5,47.4,3,2021-02-14T21:38:31+00:00,False,False
2021-02-15 00:00:00+00:00,Neo,BOT,Dignitas,2021-02-19T23:44:35+00:00,16.392,3.6,1.2,5.6,237.8,5,50.3,3,2021-02-14T22:35:12+00:00,False,False
2021-02-15 00:00:00+00:00,Newbie,SUP,Golden Guardians,2021-02-15T00:34:17+00:00,7.936,0.8,3.2,4.2,37.4,5,49.22,4,2021-02-13T22:33:54+00:00,False,False
2021-02-15 00:00:00+00:00,Niles,TOP,Golden Guardians,2021-02-15T00:34:17+00:00,11.648,1.4,5.2,4.2,255.2,5,23.72,4,2021-02-13T22:33:54+00:00,False,False
2021-02-15 00:00:00+00:00,Palafox,MID,FlyQuest,2021-02-19T23:44:35+00:00,10.51,3.6,3.4,4,259,5,27.84,3,2021-02-14T23:41:29+00:00,False,False
2021-02-15 00:00:00+00:00,Perkz,MID,Cloud9,2021-02-19T22:21:31+00:00,21.148,4.6,2.4,8.2,248.6,5,63.09,2,2021-02-14T23:41:29+00:00,False,False
2021-02-15 00:00:00+00:00,PowerOfEvil,MID,TSM,2021-02-20T01:30:24+00:00,13.444,3.2,2.4,4.2,319.6,5,49.94,3,2021-02-14T21:38:31+00:00,False,False
2021-02-15 00:00:00+00:00,RJS,MID,Counter Logic Gaming,2021-02-15T00:34:17+00:00,16.098,3.6,3.4,6.2,283,5,42.67,3,2021-02-13T20:24:49+00:00,False,False
2021-02-15 00:00:00+00:00,Raes,BOT,Immortals,2021-02-20T02:23:51+00:00,8.238,2,3,3.6,283.8,5,57.27,3,2021-02-14T21:38:31+00:00,False,False
2021-02-15 00:00:00+00:00,Revenge,TOP,Immortals,2021-02-20T02:23:51+00:00,12.79,1,2.8,6.2,231.8,5,38.14,3,2021-02-14T21:38:31+00:00,False,False
2021-02-15 00:00:00+00:00,Santorin,JGL,Team Liquid,2021-02-20T00:40:37+00:00,10.932,2,1.8,5.4,182.6,5,25.47,2,2021-02-14T20:34:24+00:00,False,False
2021-02-15 00:00:00+00:00,Smoothie,SUP,Counter Logic Gaming,2021-02-15T00:34:17+00:00,10.51,0.4,4,8.2,33,5,33.8,3,2021-02-13T20:24:49+00:00,False,False
2021-02-15 00:00:00+00:00,Soligo,MID,Dignitas,2021-02-19T23:44:35+00:00,16.304,2.8,1.4,5.6,248.2,5,62.22,3,2021-02-14T22:35:12+00:00,False,False
2021-02-15 00:00:00+00:00,Spica,JGL,TSM,2021-02-20T01:30:24+00:00,11.594,1.8,1.6,6,204.2,5,30.24,3,2021-02-14T21:38:31+00:00,False,False
2021-02-15 00:00:00+00:00,Ssumday,TOP,100 Thieves,2021-02-20T02:23:51+00:00,11.754,1.4,3.6,6.8,274.6,5,30.13,3,2021-02-14T20:34:24+00:00,False,False
2021-02-15 00:00:00+00:00,Stixxay,BOT,Golden Guardians,2021-02-15T00:34:17+00:00,7.404,1.4,2.4,3.2,311.6,5,44.31,4,2021-02-13T22:33:54+00:00,False,False
2021-02-15 00:00:00+00:00,Svenskeren,JGL,Evil Geniuses,2021-02-20T01:30:24+00:00,13.486,3.4,3.6,8,194,5,25.69,2,2021-02-14T22:35:12+00:00,False,False
2021-02-15 00:00:00+00:00,SwordArt,SUP,TSM,2021-02-20T01:30:24+00:00,11.63,0.2,2.8,7.8,46.8,5,50.06,3,2021-02-14T21:38:31+00:00,False,False
2021-02-15 00:00:00+00:00,Tactical,BOT,Team Liquid,2021-02-20T00:40:37+00:00,14.172,3.6,1.8,4.4,273.2,5,23.78,2,2021-02-14T20:34:24+00:00,False,False
2021-02-15 00:00:00+00:00,Vulcan,SUP,Cloud9,2021-02-19T22:21:31+00:00,14.21,1.4,4.4,10.6,32.8,5,44.28,2,2021-02-14T23:41:29+00:00,False,False
2021-02-15 00:00:00+00:00,WildTurtle,BOT,Counter Logic Gaming,2021-02-15T00:34:17+00:00,10.616,3.6,4.4,4,351.6,5,46.47,3,2021-02-13T20:24:49+00:00,False,False
2021-02-15 00:00:00+00:00,Xerxe,JGL,Immortals,2021-02-20T02:23:51+00:00,12.132,3.2,2,4.2,219.8,5,48.98,3,2021-02-14T21:38:31+00:00,False,False
2021-02-15 00:00:00+00:00,Zven,BOT,Cloud9,2021-02-19T22:21:31+00:00,20.786,5.4,1.8,7.2,272.4,5,37.46,2,2021-02-14T23:41:29+00:00,False,False
2021-02-15 00:00:00+00:00,aphromoo,SUP,Dignitas,2021-02-19T23:44:35+00:00,16.348,1.2,0.8,7.6,54.2,5,57.87,3,2021-02-14T22:35:12+00:00,False,False
2021-02-15 00:00:00+00:00,destiny,SUP,Immortals,2021-02-20T02:23:51+00:00,8.202,0.4,2.8,5.4,40.6,5,51.93,3,2021-02-14T21:38:31+00:00,False,False
2021-02-15 00:00:00+00:00,huhi,SUP,100 Thieves,2021-02-20T02:23:51+00:00,20.806,1.6,3.6,11.6,112.2,5,56.62,3,2021-02-14T20:34:24+00:00,False,False
2021-02-22 00:00:00+00:00,Ablazeolive,MID,Golden Guardians,2021-02-26T22:23:25+00:00,5.252,2,4,1.6,285.2,5,37.59,3,2021-02-21T22:41:19+00:00,False,False
2021-02-22 00:00:00+00:00,Alphari,TOP,Team Liquid,2021-02-22T00:12:16+00:00,18.088,3.2,1.8,4.6,230.8,5,86.03,4,2021-02-20T23:35:28+00:00,False,False
2021-02-22 00:00:00+00:00,Amazo,JGL,Golden Guardians,2021-02-26T22:23:25+00:00,2.8,0.6,2.8,2,240.2,5,29.22,3,2021-02-21T22:41:19+00:00,False,False
2021-02-22 00:00:00+00:00,Blaber,JGL,Cloud9,2021-02-22T00:12:16+00:00,18.104,4.8,3.2,8.4,223.6,5,72.5,4,2021-02-20T20:23:51+00:00,False,False
2021-02-22 00:00:00+00:00,Broxah,JGL,Counter Logic Gaming,2021-02-22T01:10:12+00:00,13.156,3.4,2.8,5.6,221.2,5,22.64,3,2021-02-20T21:33:05+00:00,False,False
2021-02-22 00:00:00+00:00,Closer,JGL,100 Thieves,2021-02-27T01:55:25+00:00,8.412,2.2,4,5.6,209.2,5,51.34,3,2021-02-21T22:41:19+00:00,False,False
2021-02-22 00:00:00+00:00,CoreJJ,SUP,Team Liquid,2021-02-22T00:12:16+00:00,12.756,1,2,6.4,36.2,5,74.68,4,2021-02-20T23:35:28+00:00,False,False
2021-02-22 00:00:00+00:00,Damonte,MID,100 Thieves,2021-02-27T01:55:25+00:00,13.704,1.4,2.4,7.2,302.4,5,29.92,3,2021-02-21T22:41:19+00:00,False,False
2021-02-22 00:00:00+00:00,Dardoch,JGL,Dignitas,2021-02-27T03:02:46+00:00,16.568,3.4,2.4,9,194,5,31.09,2,2021-02-21T20:29:52+00:00,False,False
2021-02-22 00:00:00+00:00,Deftly,BOT,Evil Geniuses,2021-02-22T01:10:12+00:00,11.964,2.6,1.8,5.4,226.6,5,78.04,4,2021-02-20T23:35:28+00:00,False,False
2021-02-22 00:00:00+00:00,Diamond,SUP,FlyQuest,2021-02-27T00:40:49+00:00,7.946,1.2,3,4.6,68.6,5,28.5,3,2021-02-21T21:36:02+00:00,False,False
2021-02-22 00:00:00+00:00,FBI,BOT,100 Thieves,2021-02-27T01:55:25+00:00,20.116,6,3,4,303.6,5,31.39,3,2021-02-21T22:41:19+00:00,False,False
2021-02-22 00:00:00+00:00,FakeGod,TOP,Dignitas,2021-02-27T03:02:46+00:00,18.604,3.4,2,7,222.2,5,26.29,2,2021-02-21T20:29:52+00:00,False,False
2021-02-22 00:00:00+00:00,Finn,TOP,Counter Logic Gaming,2021-02-22T01:10:12+00:00,14.5,2.4,2.2,4,248.2,5,39.31,3,2021-02-20T21:33:05+00:00,False,False
2021-02-22 00:00:00+00:00,Fudge,TOP,Cloud9,2021-02-22T00:12:16+00:00,16.488,2.8,2.2,7.6,225.4,5,64.45,4,2021-02-20T20:23:51+00:00,False,False
2021-02-22 00:00:00+00:00,Huni,TOP,TSM,2021-02-26T23:32:38+00:00,16.71,2,1,7.2,231.2,5,44.14,3,2021-02-21T20:29:52+00:00,False,False
2021-02-22 00:00:00+00:00,Ignar,SUP,Evil Geniuses,2021-02-22T01:10:12+00:00,13.71,1,2.6,7.8,61.4,5,42.57,4,2021-02-20T23:35:28+00:00,False,False
2021-02-22 00:00:00+00:00,Impact,TOP,Evil Geniuses,2021-02-22T01:10:12+00:00,17.088,3.6,3.6,6.2,210.2,5,62.29,4,2021-02-20T23:35:28+00:00,False,False
2021-02-22 00:00:00+00:00,Insanity,MID,Immortals,2021-02-27T03:02:46+00:00,20.98,5.4,1.4,5.2,290.6,5,38.85,3,2021-02-21T21:36:02+00:00,False,False
2021-02-22 00:00:00+00:00,Jensen,MID,Team Liquid,2021-02-22T00:12:16+00:00,11.228,1.8,2,5.4,263.8,5,88.63,4,2021-02-20T23:35:28+00:00,False,False
2021-02-22 00:00:00+00:00,Jiizuke,MID,Evil Geniuses,2021-02-22T01:10:12+00:00,14.174,3,3.6,5.6,263,5,79.97,4,2021-02-20T23:35:28+00:00,False,False
2021-02-22 00:00:00+00:00,Johnsun,BOT,FlyQuest,2021-02-27T00:40:49+00:00,12.396,2.8,2.4,5.4,250.4,5,47.4,3,2021-02-21T21:36:02+00:00,False,False
2021-02-22 00:00:00+00:00,Josedeodo,JGL,FlyQuest,2021-02-27T00:40:49+00:00,10.142,2,2,5,218,5,33.3,3,2021-02-21T21:36:02+00:00,False,False
2021-02-22 00:00:00+00:00,Licorice,TOP,FlyQuest,2021-02-27T00:40:49+00:00,12.266,2.2,2.8,3.6,255.8,5,25.08,3,2021-02-21T21:36:02+00:00,False,False
2021-02-22 00:00:00+00:00,Lost,BOT,TSM,2021-02-26T23:32:38+00:00,18.94,4.2,1.4,5.6,281.4,5,35.46,3,2021-02-21T20:29:52+00:00,False,False
2021-02-22 00:00:00+00:00,Neo,BOT,Dignitas,2021-02-27T03:02:46+00:00,18.608,4.2,1.6,9,203.4,5,34.8,2,2021-02-21T20:29:52+00:00,False,False
2021-02-22 00:00:00+00:00,Newbie,SUP,Golden Guardians,2021-02-26T22:23:25+00:00,10.726,0.8,2.6,4.6,28.2,5,36.9,3,2021-02-21T22:41:19+00:00,False,False
2021-02-22 00:00:00+00:00,Niles,TOP,Golden Guardians,2021-02-26T22:23:25+00:00,7.636,0.4,4.6,3.6,220.2,5,12.88,3,2021-02-21T22:41:19+00:00,False,False
2021-02-22 00:00:00+00:00,Palafox,MID,FlyQuest,2021-02-27T00:40:49+00:00,11.65,3.4,3.4,4,263,5,33.37,3,2021-02-21T21:36:02+00:00,False,False
2021-02-22 00:00:00+00:00,Perkz,MID,Cloud9,2021-02-22T00:12:16+00:00,24.3,6.6,3,7,278.2,5,69.14,4,2021-02-20T20:23:51+00:00,False,False
2021-02-22 00:00:00+00:00,Pobelter,MID,Counter Logic Gaming,2021-02-27T01:55:25+00:00,7.286,1,3.8,4.6,274.8,5,15.23,2,2021-01-17T23:33:10+00:00,False,False
2021-02-22 00:00:00+00:00,PowerOfEvil,MID,TSM,2021-02-26T23:32:38+00:00,17.714,4.4,1.4,3,314,5,35,3,2021-02-21T20:29:52+00:00,False,False
2021-02-22 00:00:00+00:00,RJS,MID,Counter Logic Gaming,2021-02-22T01:10:12+00:00,11.418,1.8,3.2,4,269.8,5,10.29,1,2021-02-20T21:33:05+00:00,False,False
2021-02-22 00:00:00+00:00,Raes,BOT,Immortals,2021-02-27T03:02:46+00:00,15.826,2.6,1.8,6.4,299.2,5,30,3,2021-02-21T21:36:02+00:00,False,False
2021-02-22 00:00:00+00:00,Revenge,TOP,Immortals,2021-02-27T03:02:46+00:00,14.306,2.2,2.4,6.6,264,5,32.11,3,2021-02-21T21:36:02+00:00,False,False
2021-02-22 00:00:00+00:00,Santorin,JGL,Team Liquid,2021-02-22T00:12:16+00:00,10.694,2,2.4,5,183.4,5,70.19,4,2021-02-20T23:35:28+00:00,False,False
2021-02-22 00:00:00+00:00,Smoothie,SUP,Counter Logic Gaming,2021-02-22T01:10:12+00:00,8.996,0.6,3.2,5.4,35.2,5,41.86,3,2021-02-20T21:33:05+00:00,False,False
2021-02-22 00:00:00+00:00,Soligo,MID,Dignitas,2021-02-27T03:02:46+00:00,22.066,4.6,1.8,8,237.2,5,28.93,2,2021-02-21T20:29:52+00:00,False,False
2021-02-22 00:00:00+00:00,Spica,JGL,TSM,2021-02-26T23:32:38+00:00,12.6,1.8,1.6,5.6,197.8,5,38.93,3,2021-02-21T20:29:52+00:00,False,False
2021-02-22 00:00:00+00:00,Ssumday,TOP,100 Thieves,2021-02-27T01:55:25+00:00,10.682,1.6,3.6,5,294.8,5,44.5,3,2021-02-21T22:41:19+00:00,False,False
2021-02-22 00:00:00+00:00,Stixxay,BOT,Golden Guardians,2021-02-26T22:23:25+00:00,9.45,2,2.2,2.6,307.4,5,37.83,3,2021-02-21T22:41:19+00:00,False,False
2021-02-22 00:00:00+00:00,Svenskeren,JGL,Evil Geniuses,2021-02-22T01:10:12+00:00,11.474,2.8,4.2,7.2,186.8,5,40.38,4,2021-02-20T23:35:28+00:00,False,False
2021-02-22 00:00:00+00:00,SwordArt,SUP,TSM,2021-02-26T23:32:38+00:00,14.7,0.6,2.2,8.2,42,5,32.38,3,2021-02-21T20:29:52+00:00,False,False
2021-02-22 00:00:00+00:00,Tactical,BOT,Team Liquid,2021-02-22T00:12:16+00:00,14.48,3.6,1.6,3.6,267.2,5,89.4,4,2021-02-20T23:35:28+00:00,False,False
2021-02-22 00:00:00+00:00,Vulcan,SUP,Cloud9,2021-02-22T00:12:16+00:00,17.678,1,4.2,13.4,30.6,5,55.84,4,2021-02-20T20:23:51+00:00,False,False
2021-02-22 00:00:00+00:00,WildTurtle,BOT,Counter Logic Gaming,2021-02-22T01:10:12+00:00,9.668,3.2,4.2,2.4,306.6,5,37.36,3,2021-02-20T21:33:05+00:00,False,False
2021-02-22 00:00:00+00:00,Xerxe,JGL,Immortals,2021-02-27T03:02:46+00:00,16.916,3.6,0.6,6.8,220,5,19.92,3,2021-02-21T21:36:02+00:00,False,False
2021-02-22 00:00:00+00:00,Zven,BOT,Cloud9,2021-02-22T00:12:16+00:00,17.738,4.4,2.6,7.8,288,5,67.96,4,2021-02-20T20:23:51+00:00,False,False
2021-02-22 00:00:00+00:00,aphromoo,SUP,Dignitas,2021-02-27T03:02:46+00:00,19.85,1.6,1.8,11.2,55,5,31.5,2,2021-02-21T20:29:52+00:00,False,False
2021-02-22 00:00:00+00:00,destiny,SUP,Immortals,2021-02-27T03:02:46+00:00,14.15,0.6,2.6,9,36.8,5,28.13,3,2021-02-21T21:36:02+00:00,False,False
2021-02-22 00:00:00+00:00,huhi,SUP,100 Thieves,2021-02-27T01:55:25+00:00,17.38,1.2,3.4,9,81.4,5,27.45,3,2021-02-21T22:41:19+00:00,False,False
2021-03-01 00:00:00+00:00,Ablazeolive,MID,Golden Guardians,2021-03-06T01:37:17+00:00,11.368,2.8,3.8,2.8,322,5,53.91,3,2021-02-28T23:37:25+00:00,False,False
2021-03-01 00:00:00+00:00,Alphari,TOP,Team Liquid,2021-03-06T01:37:17+00:00,22.002,3.6,1.4,7.4,269,5,57.86,3,2021-02-28T22:37:08+00:00,False,False
2021-03-01 00:00:00+00:00,Amazo,JGL,Golden Guardians,2021-03-06T01:37:17+00:00,7.906,1.6,2.4,3.8,255,5,12.63,3,2021-02-28T23:37:25+00:00,False,False
2021-03-01 00:00:00+00:00,Blaber,JGL,Cloud9,2021-03-06T00:43:16+00:00,19.312,4,1.4,7.8,205.8,5,30.41,3,2021-02-28T21:44:35+00:00,False,False
2021-03-01 00:00:00+00:00,Broxah,JGL,Counter Logic Gaming,2021-03-01T00:45:51+00:00,7.766,1.4,3.2,5.8,205.6,5,58.99,4,2021-02-27T23:43:36+00:00,False,False
2021-03-01 00:00:00+00:00,Closer,JGL,100 Thieves,2021-03-05T23:43:39+00:00,12.598,3.4,2.2,5.4,223.2,5,42.99,3,2021-02-28T21:44:35+00:00,False,False
2021-03-01 00:00:00+00:00,CoreJJ,SUP,Team Liquid,2021-03-06T01:37:17+00:00,16.364,0.8,2.4,9.8,38.8,5,49.6,3,2021-02-28T22:37:08+00:00,False,False
2021-03-01 00:00:00+00:00,Dardoch,JGL,Dignitas,2021-03-01T00:45:51+00:00,15.776,3.2,2.4,8.4,206,5,61.66,4,2021-02-27T22:33:27+00:00,False,False
2021-03-01 00:00:00+00:00,Deftly,BOT,Evil Geniuses,2021-03-05T23:43:39+00:00,18.6,4.6,1.6,6.2,337.8,5,49.84,3,2021-02-28T23:37:25+00:00,False,False
2021-03-01 00:00:00+00:00,Diamond,SUP,FlyQuest,2021-03-06T00:43:16+00:00,8.288,0.4,2.4,5.2,101.6,5,19.79,2,2021-02-28T20:31:48+00:00,False,False
2021-03-01 00:00:00+00:00,FBI,BOT,100 Thieves,2021-03-05T23:43:39+00:00,12.354,3,3,3.6,288.8,5,47.12,3,2021-02-28T21:44:35+00:00,False,False
2021-03-01 00:00:00+00:00,FakeGod,TOP,Dignitas,2021-03-01T00:45:51+00:00,17.776,2.6,2,6.2,253.4,5,99.22,4,2021-02-27T22:33:27+00:00,False,False
2021-03-01 00:00:00+00:00,Finn,TOP,Counter Logic Gaming,2021-03-01T00:45:51+00:00,15.624,2.8,2,4.8,280,5,73.22,4,2021-02-27T23:43:36+00:00,False,False
2021-03-01 00:00:00+00:00,Fudge,TOP,Cloud9,2021-03-06T00:43:16+00:00,15.026,1.6,1.4,7.2,198.4,5,38.87,3,2021-02-28T21:44:35+00:00,False,False
2021-03-01 00:00:00+00:00,Huni,TOP,TSM,2021-03-05T22:15:28+00:00,13.934,1.4,1.6,4.8,299.2,5,57.84,3,2021-02-28T20:31:48+00:00,False,False
2021-03-01 00:00:00+00:00,Ignar,SUP,Evil Geniuses,2021-03-05T23:43:39+00:00,14.434,0.4,2.8,9.2,42.4,5,33.7,3,2021-02-28T23:37:25+00:00,False,False
2021-03-01 00:00:00+00:00,Impact,TOP,Evil Geniuses,2021-03-05T23:43:39+00:00,16.872,3,3.8,8.4,277.8,5,51.1,3,2021-02-28T23:37:25+00:00,False,False
2021-03-01 00:00:00+00:00,Insanity,MID,Immortals,2021-03-06T02:40:46+00:00,17.69,4,1,4.4,319,5,26.64,2,2021-02-28T22:37:08+00:00,False,False
2021-03-01 00:00:00+00:00,Jensen,MID,Team Liquid,2021-03-06T01:37:17+00:00,19.008,3.4,1.8,7.8,285,5,45.56,3,2021-02-28T22:37:08+00:00,False,False
2021-03-01 00:00:00+00:00,Jiizuke,MID,Evil Geniuses,2021-03-05T23:43:39+00:00,22.446,4.6,2.2,6.6,366.2,5,47.7,3,2021-02-28T23:37:25+00:00,False,False
2021-03-01 00:00:00+00:00,Johnsun,BOT,FlyQuest,2021-03-06T00:43:16+00:00,14.714,2.6,1.8,5.6,250.4,5,23.19,2,2021-02-28T20:31:48+00:00,False,False
2021-03-01 00:00:00+00:00,Josedeodo,JGL,FlyQuest,2021-03-06T00:43:16+00:00,12.938,3.2,1.6,4.6,237.6,5,21.72,2,2021-02-28T20:31:48+00:00,False,False
2021-03-01 00:00:00+00:00,Licorice,TOP,FlyQuest,2021-03-06T00:43:16+00:00,12.37,2,2.4,4.4,283.6,5,42.4,2,2021-02-28T20:31:48+00:00,False,False
2021-03-01 00:00:00+00:00,Lost,BOT,TSM,2021-03-05T22:15:28+00:00,12.584,3.6,2,3.4,331.2,5,65.96,3,2021-02-28T20:31:48+00:00,False,False
2021-03-01 00:00:00+00:00,Neo,BOT,Dignitas,2021-03-01T00:45:51+00:00,17.02,4.6,2.4,7.4,245.6,5,114.92,4,2021-02-27T22:33:27+00:00,False,False
2021-03-01 00:00:00+00:00,Newbie,SUP,Golden Guardians,2021-03-06T01:37:17+00:00,13.652,0.2,1.8,7,29,5,11.49,3,2021-02-28T23:37:25+00:00,False,False
2021-03-01 00:00:00+00:00,Niles,TOP,Golden Guardians,2021-03-06T01:37:17+00:00,5.904,0.2,4.4,4.6,228.8,5,18.74,3,2021-02-28T23:37:25+00:00,False,False
2021-03-01 00:00:00+00:00,Palafox,MID,FlyQuest,2021-03-06T00:43:16+00:00,11.33,3.2,2.8,3.8,299.2,5,22.43,2,2021-02-28T20:31:48+00:00,False,False
2021-03-01 00:00:00+00:00,Perkz,MID,Cloud9,2021-03-06T00:43:16+00:00,22.85,6.4,2.2,5,267.2,5,31.59,3,2021-02-28T21:44:35+00:00,False,False
2021-03-01 00:00:00+00:00,Pobelter,MID,Counter Logic Gaming,2021-03-01T00:45:51+00:00,7.728,1.2,4.6,4.6,306.4,5,65.77,4,2021-02-27T23:43:36+00:00,False,False
2021-03-01 00:00:00+00:00,PowerOfEvil,MID,TSM,2021-03-05T22:15:28+00:00,13.284,3,2.4,3.4,350.8,5,50.12,3,2021-02-28T20:31:48+00:00,False,False
2021-03-01 00:00:00+00:00,Raes,BOT,Immortals,2021-03-06T02:40:46+00:00,16.494,3.4,2,5.6,222,5,29.03,2,2021-02-28T22:37:08+00:00,False,False
2021-03-01 00:00:00+00:00,Revenge,TOP,Immortals,2021-03-06T02:40:46+00:00,13.022,2.2,2,4.6,292.6,5,16.85,2,2021-02-28T22:37:08+00:00,False,False
2021-03-01 00:00:00+00:00,Ryoma,MID,100 Thieves,2021-03-05T23:43:39+00:00,8.15,1.6,2.6,4.8,270.8,5,50.47,3,2020-08-16T21:47:55+00:00,False,False
2021-03-01 00:00:00+00:00,Santorin,JGL,Team Liquid,2021-03-06T01:37:17+00:00,14.432,3.4,2.6,7.4,213.8,5,32.1,3,2021-02-28T22:37:08+00:00,False,False
2021-03-01 00:00:00+00:00,Smoothie,SUP,Counter Logic Gaming,2021-03-01T00:45:51+00:00,11.198,0.6,3.2,7,36.2,5,59.88,4,2021-02-27T23:43:36+00:00,False,False
2021-03-01 00:00:00+00:00,Soligo,MID,Dignitas,2021-03-01T00:45:51+00:00,18.23,3.4,2.2,7.4,267.4,5,86.41,4,2021-02-27T22:33:27+00:00,False,False
2021-03-01 00:00:00+00:00,Spica,JGL,TSM,2021-03-05T22:15:28+00:00,11.698,2.2,2,5,214.4,5,51.4,3,2021-02-28T20:31:48+00:00,False,False
2021-03-01 00:00:00+00:00,Ssumday,TOP,100 Thieves,2021-03-05T23:43:39+00:00,12.304,2.2,3.2,4.4,335.6,5,38.4,3,2021-02-28T21:44:35+00:00,False,False
2021-03-01 00:00:00+00:00,Stixxay,BOT,Golden Guardians,2021-03-06T01:37:17+00:00,14.372,3.4,2.6,3,378,5,14.16,3,2021-02-28T23:37:25+00:00,False,False
2021-03-01 00:00:00+00:00,Svenskeren,JGL,Evil Geniuses,2021-03-05T23:43:39+00:00,11.644,2.8,3.2,7,241.6,5,21.77,3,2021-02-28T23:37:25+00:00,False,False
2021-03-01 00:00:00+00:00,SwordArt,SUP,TSM,2021-03-05T22:15:28+00:00,12.008,0.8,3.4,7,36.8,5,58.8,3,2021-02-28T20:31:48+00:00,False,False
2021-03-01 00:00:00+00:00,Tactical,BOT,Team Liquid,2021-03-06T01:37:17+00:00,18.49,4.8,2.8,5.6,311,5,53.78,3,2021-02-28T22:37:08+00:00,False,False
2021-03-01 00:00:00+00:00,Vulcan,SUP,Cloud9,2021-03-06T00:43:16+00:00,16.652,0.2,2.4,11.2,27.6,5,35.66,3,2021-02-28T21:44:35+00:00,False,False
2021-03-01 00:00:00+00:00,WildTurtle,BOT,Counter Logic Gaming,2021-03-01T00:45:51+00:00,13.34,4.4,3.8,3.6,357.6,5,80.01,4,2021-02-27T23:43:36+00:00,False,False
2021-03-01 00:00:00+00:00,Xerxe,JGL,Immortals,2021-03-06T02:40:46+00:00,11.512,2,1.4,6,212.6,5,25.29,2,2021-02-28T22:37:08+00:00,False,False
2021-03-01 00:00:00+00:00,Zven,BOT,Cloud9,2021-03-06T00:43:16+00:00,17.236,3.2,2.2,7.6,258.2,5,58.71,3,2021-02-28T21:44:35+00:00,False,False
2021-03-01 00:00:00+00:00,aphromoo,SUP,Dignitas,2021-03-01T00:45:51+00:00,17.874,1.4,2.4,10.2,36.6,5,71.59,4,2021-02-27T22:33:27+00:00,False,False
2021-03-01 00:00:00+00:00,destiny,SUP,Immortals,2021-03-06T02:40:46+00:00,15.282,0.6,2.2,8.4,110,5,18.8,2,2021-02-28T22:37:08+00:00,False,False
2021-03-01 00:00:00+00:00,huhi,SUP,100 Thieves,2021-03-05T23:43:39+00:00,11.518,0.8,4,6.4,107,5,43.11,3,2021-02-28T21:44:35+00:00,False,False
2021-03-08 00:00:00+00:00,Ablazeolive,MID,Golden Guardians,2021-03-13T04:13:06+00:00,16.116,3,3,3,316.6,5,49.83,3,2021-03-07T20:29:02+00:00,False,False
2021-03-08 00:00:00+00:00,Alphari,TOP,Team Liquid,2021-03-13T03:13:30+00:00,19.29,3.2,1.8,4.8,306.4,5,77.47,3,2021-03-07T23:55:26+00:00,False,False
2021-03-08 00:00:00+00:00,Amazo,JGL,Golden Guardians,2021-03-13T04:13:06+00:00,7.124,1.8,2.6,3.4,227.2,5,23.49,3,2021-03-07T20:29:02+00:00,False,False
2021-03-08 00:00:00+00:00,Blaber,JGL,Cloud9,2021-03-12T22:24:45+00:00,15.108,2,1.6,6.6,219.6,5,38.35,3,2021-03-07T22:49:14+00:00,False,False
2021-03-08 00:00:00+00:00,Broxah,JGL,Counter Logic Gaming,2021-03-12T22:24:45+00:00,12.246,2.2,2,6.2,204.8,5,38.56,3,2021-03-07T23:55:26+00:00,False,False
2021-03-08 00:00:00+00:00,Closer,JGL,100 Thieves,2021-03-13T02:01:10+00:00,14.658,3.4,1.6,6.4,202.6,5,43.39,3,2021-03-07T20:29:02+00:00,False,False
2021-03-08 00:00:00+00:00,CoreJJ,SUP,Team Liquid,2021-03-13T03:13:30+00:00,17.862,0.4,1.4,9.2,36.2,5,49.44,3,2021-03-07T23:55:26+00:00,False,False
2021-03-08 00:00:00+00:00,Dardoch,JGL,Dignitas,2021-03-13T03:13:30+00:00,16.698,3.6,3.6,9,236.6,5,13.81,3,2021-03-07T21:34:19+00:00,False,False
2021-03-08 00:00:00+00:00,Deftly,BOT,Evil Geniuses,2021-03-12T23:43:16+00:00,17.758,4.4,2,5.8,349.2,5,57.74,3,2021-03-07T21:34:19+00:00,False,False
2021-03-08 00:00:00+00:00,Diamond,SUP,FlyQuest,2021-03-08T01:01:49+00:00,9.658,0.4,2.6,6.6,67.2,5,0.19,1,2021-03-07T00:51:22+00:00,False,False
2021-03-08 00:00:00+00:00,Dreams,SUP,FlyQuest,2021-03-13T04:13:06+00:00,13.4642,0.63,2.69,8.14,48.59,0,34.07,3,,False,False
2021-03-08 00:00:00+00:00,FBI,BOT,100 Thieves,2021-03-13T02:01:10+00:00,12.332,2.8,1.8,4.2,261.2,5,80.77,3,2021-03-07T20:29:02+00:00,False,False
2021-03-08 00:00:00+00:00,FakeGod,TOP,Dignitas,2021-03-13T03:13:30+00:00,21.67,2.8,3.2,10.6,297.4,5,42.74,3,2021-03-07T21:34:19+00:00,False,False
2021-03-08 00:00:00+00:00,Finn,TOP,Counter Logic Gaming,2021-03-12T22:24:45+00:00,15.532,2,2.2,6.8,243.2,5,43.66,3,2021-03-07T23:55:26+00:00,False,False
2021-03-08 00:00:00+00:00,Fudge,TOP,Cloud9,2021-03-12T22:24:45+00:00,16.374,3,1.4,4.8,251.4,5,58.45,3,2021-03-07T22:49:14+00:00,False,False
2021-03-08 00:00:00+00:00,Huni,TOP,TSM,2021-03-12T23:43:16+00:00,18.49,2,1.6,6.8,333.4,5,54.18,3,2021-03-07T22:49:14+00:00,False,False
2021-03-08 00:00:00+00:00,Ignar,SUP,Evil Geniuses,2021-03-12T23:43:16+00:00,10.368,0.6,3.4,8,36.2,5,44.37,3,2021-03-07T21:34:19+00:00,False,False
2021-03-08 00:00:00+00:00,Impact,MID,Evil Geniuses,2021-03-13T23:49:55+00:00,22.5,4.8,3.2,7.4,279,5,-0.56,1,2021-03-12T23:43:16+00:00,False,False
2021-03-08 00:00:00+00:00,Impact,TOP,Evil Geniuses,2021-03-12T23:43:16+00:00,17.01,3.4,3.8,6.8,261.6,5,60.82,2,2021-03-07T21:34:19+00:00,False,False
2021-03-08 00:00:00+00:00,Insanity,MID,Immortals,2021-03-08T01:01:49+00:00,13.098,2.6,1.6,3.6,289.8,5,28.46,4,2021-03-06T23:51:12+00:00,False,False
2021-03-08 00:00:00+00:00,Jensen,MID,Team Liquid,2021-03-13T03:13:30+00:00,18.44,3,1.2,5.8,331,5,74.38,3,2021-03-07T23:55:26+00:00,False,False
2021-03-08 00:00:00+00:00,Jiizuke,MID,Evil Geniuses,2021-03-12T23:43:16+00:00,15.418,3.2,3.4,6,343.2,5,62.25,2,2021-03-07T21:34:19+00:00,False,False
2021-03-08 00:00:00+00:00,Jiizuke,TOP,Evil Geniuses,2021-03-13T23:49:55+00:00,18.722,3.4,2.6,7,354,5,10.34,1,2021-03-12T23:43:16+00:00,False,False
2021-03-08 00:00:00+00:00,Johnsun,BOT,FlyQuest,2021-03-08T01:01:49+00:00,14.118,3,2,5,270.8,5,65.9,4,2021-03-07T00:51:22+00:00,False,False
2021-03-08 00:00:00+00:00,Josedeodo,JGL,FlyQuest,2021-03-08T01:01:49+00:00,11.004,3,2.2,4.8,231.6,5,31.49,4,2021-03-07T00:51:22+00:00,False,False
2021-03-08 00:00:00+00:00,Licorice,TOP,FlyQuest,2021-03-08T01:01:49+00:00,13.496,3,2.2,4,259.6,5,57.47,4,2021-03-07T00:51:22+00:00,False,False
2021-03-08 00:00:00+00:00,Lost,BOT,TSM,2021-03-12T23:43:16+00:00,18.38,5.2,1.4,3.6,325,5,41.69,3,2021-03-07T22:49:14+00:00,False,False
2021-03-08 00:00:00+00:00,Neo,BOT,Dignitas,2021-03-13T03:13:30+00:00,26.598,7.8,2.2,5.4,342.2,5,34.48,3,2021-03-07T21:34:19+00:00,False,False
2021-03-08 00:00:00+00:00,Newbie,SUP,Golden Guardians,2021-03-13T04:13:06+00:00,7.866,0.2,3.8,5.6,64.6,5,39.18,3,2021-03-07T20:29:02+00:00,False,False
2021-03-08 00:00:00+00:00,Niles,TOP,Golden Guardians,2021-03-13T04:13:06+00:00,5.892,0.6,5.4,4.4,219.2,5,33.24,3,2021-03-07T20:29:02+00:00,False,False
2021-03-08 00:00:00+00:00,Palafox,MID,FlyQuest,2021-03-08T01:01:49+00:00,11.16,2.6,2.4,5,294.4,5,60.8,4,2021-03-07T00:51:22+00:00,False,False
2021-03-08 00:00:00+00:00,Perkz,MID,Cloud9,2021-03-12T22:24:45+00:00,13.402,3.8,3.2,4.4,286,5,58.58,3,2021-03-07T22:49:14+00:00,False,False
2021-03-08 00:00:00+00:00,Pobelter,MID,Counter Logic Gaming,2021-03-12T22:24:45+00:00,14.804,3.8,3.8,4.6,303.6,5,44.07,3,2021-03-07T23:55:26+00:00,False,False
2021-03-08 00:00:00+00:00,PowerOfEvil,MID,TSM,2021-03-12T23:43:16+00:00,13.012,3.2,2.6,5.4,319.4,5,63.96,3,2021-03-07T22:49:14+00:00,False,False
2021-03-08 00:00:00+00:00,Raes,BOT,Immortals,2021-03-08T01:01:49+00:00,11.806,2.6,2.2,4.2,186.6,5,62.23,4,2021-03-06T23:51:12+00:00,False,False
2021-03-08 00:00:00+00:00,Revenge,TOP,Immortals,2021-03-08T01:01:49+00:00,9.792,1.6,2.2,3.2,246.6,5,39.28,4,2021-03-06T23:51:12+00:00,False,False
2021-03-08 00:00:00+00:00,Ryoma,MID,100 Thieves,2021-03-13T02:01:10+00:00,12.658,3,2.4,4.8,263.8,5,50.35,3,2021-03-07T20:29:02+00:00,False,False
2021-03-08 00:00:00+00:00,Santorin,JGL,Team Liquid,2021-03-13T03:13:30+00:00,10.71,1.8,1.8,6,215.6,5,68.75,3,2021-03-07T23:55:26+00:00,False,False
2021-03-08 00:00:00+00:00,Smoothie,SUP,Counter Logic Gaming,2021-03-12T22:24:45+00:00,12.748,0.8,2.2,7.8,35.2,5,39.57,3,2021-03-07T23:55:26+00:00,False,False
2021-03-08 00:00:00+00:00,Soligo,MID,Dignitas,2021-03-13T03:13:30+00:00,20.506,3.6,2.6,9.2,328.4,5,31.03,3,2021-03-07T21:34:19+00:00,False,False
2021-03-08 00:00:00+00:00,Spica,JGL,TSM,2021-03-12T23:43:16+00:00,15.102,3.4,1.8,7.4,201.8,5,28.97,3,2021-03-07T22:49:14+00:00,False,False
2021-03-08 00:00:00+00:00,Ssumday,TOP,100 Thieves,2021-03-13T02:01:10+00:00,13.576,2.4,3,6,260.2,5,32.38,3,2021-03-07T20:29:02+00:00,False,False
2021-03-08 00:00:00+00:00,Stixxay,BOT,Golden Guardians,2021-03-13T04:13:06+00:00,8.9,2.2,4.4,4,288.4,5,60.05,3,2021-03-07T20:29:02+00:00,False,False
2021-03-08 00:00:00+00:00,Svenskeren,JGL,Evil Geniuses,2021-03-12T23:43:16+00:00,7.612,2.2,5.2,6.6,204,5,41.8,3,2021-03-07T21:34:19+00:00,False,False
2021-03-08 00:00:00+00:00,SwordArt,SUP,TSM,2021-03-12T23:43:16+00:00,15.098,0.6,1.8,9.6,35.4,5,53.48,3,2021-03-07T22:49:14+00:00,False,False
2021-03-08 00:00:00+00:00,Tactical,BOT,Team Liquid,2021-03-13T03:13:30+00:00,18.586,4,1.6,4.8,344.8,5,36,3,2021-03-07T23:55:26+00:00,False,False
2021-03-08 00:00:00+00:00,Vulcan,SUP,Cloud9,2021-03-12T22:24:45+00:00,14.934,0.4,2.4,8.8,32.4,5,41.68,3,2021-03-07T22:49:14+00:00,False,False
2021-03-08 00:00:00+00:00,WildTurtle,BOT,Counter Logic Gaming,2021-03-12T22:24:45+00:00,17.668,3.6,1.4,4.2,359.2,5,41.75,3,2021-03-07T23:55:26+00:00,False,False
2021-03-08 00:00:00+00:00,Xerxe,JGL,Immortals,2021-03-08T01:01:49+00:00,9.042,1.4,1.6,4.6,193.2,5,36.12,4,2021-03-06T23:51:12+00:00,False,False
2021-03-08 00:00:00+00:00,Zven,BOT,Cloud9,2021-03-12T22:24:45+00:00,19.196,3.8,1.6,5.8,295.4,5,45.43,3,2021-03-07T22:49:14+00:00,False,False
2021-03-08 00:00:00+00:00,aphromoo,SUP,Dignitas,2021-03-13T03:13:30+00:00,17.924,0.6,4.2,13.2,38.8,5,33.17,3,2021-03-07T21:34:19+00:00,False,False
2021-03-08 00:00:00+00:00,destiny,SUP,Immortals,2021-03-08T01:01:49+00:00,9.386,0.4,2.2,5,108.6,5,54.87,4,2021-03-06T23:51:12+00:00,False,False
2021-03-08 00:00:00+00:00,huhi,SUP,100 Thieves,2021-03-13T02:01:10+00:00,11.028,0.6,3.4,7.2,61.2,5,45.43,3,2021-03-07T20:29:02+00:00,False,False
2021-03-15 00:00:00+00:00,Alphari,TOP,Team Liquid,2021-03-20T19:21:03+00:00,21.754,4.2,1.8,5.4,292.8,5,66.71,4,2021-03-14T21:42:39+00:00,False,False
2021-03-15 00:00:00+00:00,Blaber,JGL,Cloud9,2021-03-21T19:18:15+00:00,10.208,2,3,5.4,228,5,42.61,3,2021-03-14T23:48:29+00:00,False,False
2021-03-15 00:00:00+00:00,Closer,JGL,100 Thieves,2021-03-21T19:18:15+00:00,15.504,2.6,2.2,8.4,195.2,5,19.16,3,2021-03-14T21:42:39+00:00,False,False
2021-03-15 00:00:00+00:00,CoreJJ,SUP,Team Liquid,2021-03-20T19:21:03+00:00,14.122,0.8,1.8,8.2,38,5,81.34,4,2021-03-14T21:42:39+00:00,False,False
2021-03-15 00:00:00+00:00,FBI,BOT,100 Thieves,2021-03-21T19:18:15+00:00,24.366,6.4,1.4,5.4,307,5,16.82,3,2021-03-14T21:42:39+00:00,False,False
2021-03-15 00:00:00+00:00,Fudge,TOP,Cloud9,2021-03-21T19:18:15+00:00,15.506,2.2,1.6,5.2,302.2,5,47.74,3,2021-03-14T23:48:29+00:00,False,False
2021-03-15 00:00:00+00:00,Huni,TOP,TSM,2021-03-20T19:21:03+00:00,18.646,2.2,1.6,6.6,270.8,5,53.5,4,2021-03-14T20:45:21+00:00,False,False
2021-03-15 00:00:00+00:00,Jensen,MID,Team Liquid,2021-03-20T19:21:03+00:00,20.71,3.4,1.2,6.8,323,5,104.99,4,2021-03-14T21:42:39+00:00,False,False
2021-03-15 00:00:00+00:00,Lost,BOT,TSM,2021-03-20T19:21:03+00:00,19.892,5.4,1.6,4.8,289,5,51.66,4,2021-03-14T20:45:21+00:00,False,False
2021-03-15 00:00:00+00:00,Perkz,MID,Cloud9,2021-03-21T19:18:15+00:00,14.848,2.6,2.4,5.4,348.8,5,48.91,3,2021-03-14T23:48:29+00:00,False,False
2021-03-15 00:00:00+00:00,PowerOfEvil,MID,TSM,2021-03-20T19:21:03+00:00,18.994,3.6,2,6.6,301.2,5,71.1,4,2021-03-14T20:45:21+00:00,False,False
2021-03-15 00:00:00+00:00,Ryoma,MID,100 Thieves,2021-03-21T19:18:15+00:00,16.984,2.6,1.8,8,276,5,22.6,3,2021-03-14T21:42:39+00:00,False,False
2021-03-15 00:00:00+00:00,Santorin,JGL,Team Liquid,2021-03-20T19:21:03+00:00,16.332,3,1.2,7,215,5,70.29,4,2021-03-14T21:42:39+00:00,False,False
2021-03-15 00:00:00+00:00,Spica,JGL,TSM,2021-03-20T19:21:03+00:00,11.894,3.6,2.2,5.4,190.4,5,36.28,4,2021-03-14T20:45:21+00:00,False,False
2021-03-15 00:00:00+00:00,Ssumday,TOP,100 Thieves,2021-03-21T19:18:15+00:00,12.532,1.6,3.6,8,227,5,26.48,3,2021-03-14T21:42:39+00:00,False,False
2021-03-15 00:00:00+00:00,SwordArt,SUP,TSM,2021-03-20T19:21:03+00:00,20.826,0.8,1.2,11.6,34.4,5,52.22,4,2021-03-14T20:45:21+00:00,False,False
2021-03-15 00:00:00+00:00,Tactical,BOT,Team Liquid,2021-03-20T19:21:03+00:00,12.35,2.6,2.4,4.4,341,5,82.52,4,2021-03-14T21:42:39+00:00,False,False
2021-03-15 00:00:00+00:00,Vulcan,SUP,Cloud9,2021-03-21T19:18:15+00:00,12.846,0.4,3.2,8.2,34.4,5,48.74,3,2021-03-14T23:48:29+00:00,False,False
2021-03-15 00:00:00+00:00,Zven,BOT,Cloud9,2021-03-21T19:18:15+00:00,15.362,3.6,2.6,5,326.8,5,73.63,3,2021-03-14T23:48:29+00:00,False,False
2021-03-15 00:00:00+00:00,huhi,SUP,100 Thieves,2021-03-21T19:18:15+00:00,16.592,0.6,2.8,10,36.8,5,11.89,3,2021-03-14T21:42:39+00:00,False,False
2021-03-22 00:00:00+00:00,Closer,JGL,100 Thieves,2021-03-28T19:25:47+00:00,9.264,1.8,2.6,5,199.4,5,70.62,3,2021-03-21T21:41:33+00:00,False,False
2021-03-22 00:00:00+00:00,Dardoch,JGL,Dignitas,2021-03-28T19:25:47+00:00,9.266,1,3.6,7.4,229.2,5,17.76,3,2021-03-14T19:28:44+00:00,False,False
2021-03-22 00:00:00+00:00,Deftly,BOT,Evil Geniuses,2021-03-27T19:16:36+00:00,18.04,4.4,2.2,6,364.4,5,63.15,4,2021-03-14T22:41:19+00:00,False,False
2021-03-22 00:00:00+00:00,FBI,BOT,100 Thieves,2021-03-28T19:25:47+00:00,14.1,4,2.6,3.2,203.6,5,89.47,3,2021-03-21T21:41:33+00:00,False,False
2021-03-22 00:00:00+00:00,FakeGod,TOP,Dignitas,2021-03-28T19:25:47+00:00,21.382,3.4,3.6,9.6,269.2,5,35.19,3,2021-03-14T19:28:44+00:00,False,False
2021-03-22 00:00:00+00:00,Huni,TOP,TSM,2021-03-27T19:16:36+00:00,15.492,2.6,3,6,238.4,5,56.78,4,2021-03-20T22:55:25+00:00,False,False
2021-03-22 00:00:00+00:00,Ignar,SUP,Evil Geniuses,2021-03-27T19:16:36+00:00,13.59,0.4,3.4,9.8,37,5,59.31,4,2021-03-14T22:41:19+00:00,False,False
2021-03-22 00:00:00+00:00,Impact,TOP,Evil Geniuses,2021-03-27T19:16:36+00:00,17.854,4.2,4.2,6.8,275.2,5,62.04,4,2021-03-14T22:41:19+00:00,False,False
2021-03-22 00:00:00+00:00,Jiizuke,MID,Evil Geniuses,2021-03-27T19:16:36+00:00,22.344,4.2,3.4,7.8,356.2,5,50.74,4,2021-03-14T22:41:19+00:00,False,False
2021-03-22 00:00:00+00:00,Lost,BOT,TSM,2021-03-27T19:16:36+00:00,15.162,5,2.6,4.4,326.8,5,68.65,4,2021-03-20T22:55:25+00:00,False,False
2021-03-22 00:00:00+00:00,Neo,BOT,Dignitas,2021-03-28T19:25:47+00:00,26.014,7.4,2.2,4.2,360.2,5,24.5,3,2021-03-14T19:28:44+00:00,False,False
2021-03-22 00:00:00+00:00,PowerOfEvil,MID,TSM,2021-03-27T19:16:36+00:00,19.058,2.6,2.4,8.6,318.4,5,80.9,4,2021-03-20T22:55:25+00:00,False,False
2021-03-22 00:00:00+00:00,Ryoma,MID,100 Thieves,2021-03-28T19:25:47+00:00,11.258,1.8,2.8,4.6,284.2,5,75.33,3,2021-03-21T21:41:33+00:00,False,False
2021-03-22 00:00:00+00:00,Soligo,MID,Dignitas,2021-03-28T19:25:47+00:00,17.234,3.2,3,6.8,320.6,5,15.71,3,2021-03-14T19:28:44+00:00,False,False
2021-03-22 00:00:00+00:00,Spica,JGL,TSM,2021-03-27T19:16:36+00:00,11.44,4,4,5.6,188,5,58.94,4,2021-03-20T22:55:25+00:00,False,False
2021-03-22 00:00:00+00:00,Ssumday,TOP,100 Thieves,2021-03-28T19:25:47+00:00,9.12,1.2,3.4,4.6,248.4,5,61.16,3,2021-03-21T21:41:33+00:00,False,False
2021-03-22 00:00:00+00:00,Svenskeren,JGL,Evil Geniuses,2021-03-27T19:16:36+00:00,11.288,1.8,5,9.6,215.4,5,57.7,4,2021-03-14T22:41:19+00:00,False,False
2021-03-22 00:00:00+00:00,SwordArt,SUP,TSM,2021-03-27T19:16:36+00:00,14.13,0.4,3,10.2,34,5,56.51,4,2021-03-20T22:55:25+00:00,False,False
2021-03-22 00:00:00+00:00,aphromoo,SUP,Dignitas,2021-03-28T19:25:47+00:00,15.998,0.8,4,11,37.8,5,30.22,3,2021-03-14T19:28:44+00:00,False,False
2021-03-22 00:00:00+00:00,huhi,SUP,100 Thieves,2021-03-28T19:25:47+00:00,7.7,0.2,3.2,5.2,109.6,5,88.07,3,2021-03-21T21:41:33+00:00,False,False
2021-03-29 00:00:00+00:00,Alphari,TOP,Team Liquid,2021-04-03T19:17:31+00:00,19.698,3.2,2.8,8.6,262.6,5,43.37,4,2021-03-20T22:55:25+00:00,False,False
2021-03-29 00:00:00+00:00,Blaber,JGL,Cloud9,2021-04-03T19:17:31+00:00,14.676,2.6,1.2,6.8,247.6,5,58.87,4,2021-03-21T21:41:33+00:00,False,False
2021-03-29 00:00:00+00:00,Closer,JGL,100 Thieves,2021-04-04T19:28:45+00:00,16.224,3.2,2.2,7.6,205.4,5,45.05,4,2021-03-28T21:40:13+00:00,False,False
2021-03-29 00:00:00+00:00,CoreJJ,SUP,Team Liquid,2021-04-03T19:17:31+00:00,18.752,1.4,2.6,11.2,40.8,5,32.58,4,2021-03-20T22:55:25+00:00,False,False
2021-03-29 00:00:00+00:00,FBI,BOT,100 Thieves,2021-04-04T19:28:45+00:00,20.256,5.4,2,5,258.6,5,53.54,4,2021-03-28T21:40:13+00:00,False,False
2021-03-29 00:00:00+00:00,Fudge,TOP,Cloud9,2021-04-03T19:17:31+00:00,18.858,3,1.4,7,274.8,5,53.07,4,2021-03-21T21:41:33+00:00,False,False
2021-03-29 00:00:00+00:00,Huni,TOP,TSM,2021-04-04T19:28:45+00:00,13.08,3.4,4.4,6.2,217.6,5,69.14,4,2021-03-27T22:29:50+00:00,False,False
2021-03-29 00:00:00+00:00,Jensen,MID,Team Liquid,2021-04-03T19:17:31+00:00,28.41,6.2,1,8,301.2,5,54.1,4,2021-03-20T22:55:25+00:00,False,False
2021-03-29 00:00:00+00:00,Lost,BOT,TSM,2021-04-04T19:28:45+00:00,16.42,5,2.6,3.6,298.4,5,63.53,4,2021-03-27T22:29:50+00:00,False,False
2021-03-29 00:00:00+00:00,Perkz,MID,Cloud9,2021-04-03T19:17:31+00:00,19.824,3.8,1.2,7,337.8,5,83.08,4,2021-03-21T21:41:33+00:00,False,False
2021-03-29 00:00:00+00:00,PowerOfEvil,MID,TSM,2021-04-04T19:28:45+00:00,19.89,2.6,1.8,8.8,270.2,5,64.18,4,2021-03-27T22:29:50+00:00,False,False
2021-03-29 00:00:00+00:00,Ryoma,MID,100 Thieves,2021-04-04T19:28:45+00:00,17.49,3.2,2.4,7.6,285.2,5,54.4,4,2021-03-28T21:40:13+00:00,False,False
2021-03-29 00:00:00+00:00,Santorin,JGL,Team Liquid,2021-04-03T19:17:31+00:00,18.134,2.8,2.8,10.4,224.4,5,32.68,4,2021-03-20T22:55:25+00:00,False,False
2021-03-29 00:00:00+00:00,Spica,JGL,TSM,2021-04-04T19:28:45+00:00,13.4,2.4,3,8,189.4,5,52.06,4,2021-03-27T22:29:50+00:00,False,False
2021-03-29 00:00:00+00:00,Ssumday,TOP,100 Thieves,2021-04-04T19:28:45+00:00,15.622,3.2,1.6,5.2,255.2,5,56.4,4,2021-03-28T21:40:13+00:00,False,False
2021-03-29 00:00:00+00:00,SwordArt,SUP,TSM,2021-04-04T19:28:45+00:00,13.99,0.6,3.4,9.4,34.6,5,47.03,4,2021-03-27T22:29:50+00:00,False,False
2021-03-29 00:00:00+00:00,Tactical,BOT,Team Liquid,2021-04-03T19:17:31+00:00,18.524,3.6,2.4,8.8,327.2,5,34.44,4,2021-03-20T22:55:25+00:00,False,False
2021-03-29 00:00:00+00:00,Vulcan,SUP,Cloud9,2021-04-03T19:17:31+00:00,17.514,0.8,1,9.6,62,5,57.89,4,2021-03-21T21:41:33+00:00,False,False
2021-03-29 00:00:00+00:00,Zven,BOT,Cloud9,2021-04-03T19:17:31+00:00,21.872,4.2,0.8,6.6,266.8,5,56.51,4,2021-03-21T21:41:33+00:00,False,False
2021-03-29 00:00:00+00:00,huhi,SUP,100 Thieves,2021-04-04T19:28:45+00:00,18.942,0.4,2.2,11.4,69.2,5,32.68,4,2021-03-28T21:40:13+00:00,False,False
2021-04-05 00:00:00+00:00,Alphari,TOP,Team Liquid,2021-04-10T19:41:22+00:00,14.56,3.2,2.6,4,259,5,164.1,8,2021-04-03T22:31:42+00:00,False,False
2021-04-05 00:00:00+00:00,Armao,JGL,Team Liquid,2021-04-10T19:41:22+00:00,8.828,1.6,2.2,4.6,173.8,5,89.91,8,2021-01-18T00:34:58+00:00,False,False
2021-04-05 00:00:00+00:00,Blaber,JGL,Cloud9,2021-04-11T19:56:22+00:00,14.048,1.6,1,7.4,213.2,5,58.23,4,2021-04-03T22:31:42+00:00,False,False
2021-04-05 00:00:00+00:00,CoreJJ,SUP,Team Liquid,2021-04-10T19:41:22+00:00,10.464,0.8,1.8,4.8,62.6,5,132.19,8,2021-04-03T22:31:42+00:00,False,False
2021-04-05 00:00:00+00:00,Fudge,TOP,Cloud9,2021-04-11T19:56:22+00:00,13.348,1.4,2,6.2,235.8,5,60.05,4,2021-04-03T22:31:42+00:00,False,False
2021-04-05 00:00:00+00:00,Huni,TOP,TSM,2021-04-10T19:41:22+00:00,16.59,3,2.6,6.4,278.2,5,21.99,4,2021-04-04T22:50:51+00:00,False,False
2021-04-05 00:00:00+00:00,Jensen,MID,Team Liquid,2021-04-10T19:41:22+00:00,16.782,2.8,2,6,266.6,5,175.46,8,2021-04-03T22:31:42+00:00,False,False
2021-04-05 00:00:00+00:00,Lost,BOT,TSM,2021-04-10T19:41:22+00:00,15.142,5,2.6,3.2,321,5,42.07,4,2021-04-04T22:50:51+00:00,False,False
2021-04-05 00:00:00+00:00,Perkz,MID,Cloud9,2021-04-11T19:56:22+00:00,19.034,5,2.8,3.6,293.2,5,99.38,4,2021-04-03T22:31:42+00:00,False,False
2021-04-05 00:00:00+00:00,PowerOfEvil,MID,TSM,2021-04-10T19:41:22+00:00,17.958,2.6,1.4,6.4,325.8,5,59.7,4,2021-04-04T22:50:51+00:00,False,False
2021-04-05 00:00:00+00:00,Spica,JGL,TSM,2021-04-10T19:41:22+00:00,14.16,2.8,2.8,7.4,216.8,5,31.5,4,2021-04-04T22:50:51+00:00,False,False
2021-04-05 00:00:00+00:00,SwordArt,SUP,TSM,2021-04-10T19:41:22+00:00,12.538,0.2,3.6,8.6,38.8,5,31.04,4,2021-04-04T22:50:51+00:00,False,False
2021-04-05 00:00:00+00:00,Tactical,BOT,Team Liquid,2021-04-10T19:41:22+00:00,11.374,2.2,2,3.8,264.8,5,144.18,8,2021-04-03T22:31:42+00:00,False,False
2021-04-05 00:00:00+00:00,Vulcan,SUP,Cloud9,2021-04-11T19:56:22+00:00,14.78,0.2,0.8,8.4,30.8,5,71.92,4,2021-04-03T22:31:42+00:00,False,False
2021-04-05 00:00:00+00:00,Zven,BOT,Cloud9,2021-04-11T19:56:22+00:00,15.85,3.4,0.8,3.4,296.4,5,69.47,4,2021-04-03T22:31:42+00:00,False,False
2021-04-12 00:00:00+00:00,Alphari,TOP,Team Liquid,2021-04-12T01:19:15+00:00,19.022,3.8,3,6.2,269.4,5,1.78,1,2021-04-11T23:58:05+00:00,False,False
2021-04-12 00:00:00+00:00,Armao,JGL,Team Liquid,2021-04-12T01:19:15+00:00,10.16,1,2.6,7,222.4,5,6.36,1,2021-04-11T23:58:05+00:00,False,False
2021-04-12 00:00:00+00:00,Blaber,JGL,Cloud9,2021-04-12T01:19:15+00:00,14.78,2.6,2.6,8.6,237.8,5,12.64,1,2021-04-11T23:58:05+00:00,False,False
2021-04-12 00:00:00+00:00,CoreJJ,SUP,Team Liquid,2021-04-12T01:19:15+00:00,16.526,0,2.8,10.2,65.8,5,3.06,1,2021-04-11T23:58:05+00:00,False,False
2021-04-12 00:00:00+00:00,Fudge,TOP,Cloud9,2021-04-12T01:19:15+00:00,14.704,2,3,7.4,272.4,5,22.67,1,2021-04-11T23:58:05+00:00,False,False
2021-04-12 00:00:00+00:00,Jensen,MID,Team Liquid,2021-04-12T01:19:15+00:00,26.222,4.8,1.6,7.2,339.2,5,15.85,1,2021-04-11T23:58:05+00:00,False,False
2021-04-12 00:00:00+00:00,Perkz,MID,Cloud9,2021-04-12T01:19:15+00:00,24.122,5.2,1.4,6.2,354.6,5,33.61,1,2021-04-11T23:58:05+00:00,False,False
2021-04-12 00:00:00+00:00,Tactical,BOT,Team Liquid,2021-04-12T01:19:15+00:00,17.648,4.4,2.4,6.2,336.6,5,10.35,1,2021-04-11T23:58:05+00:00,False,False
2021-04-12 00:00:00+00:00,Vulcan,SUP,Cloud9,2021-04-12T01:19:15+00:00,16.45,1.2,2.4,9.8,39.4,5,8.72,1,2021-04-11T23:58:05+00:00,False,False
2021-04-12 00:00:00+00:00,Zven,BOT,Cloud9,2021-04-12T01:19:15+00:00,16.526,3.4,2,6,373,5,27.33,1,2021-04-11T23:58:05+00:00,False,False
2021-05-31 00:00:00+00:00,Abbedagge,MID,100 Thieves,2021-06-05T01:41:25+00:00,17.6504,3.48,2.21,6.11,304.87,0,55.29,3,,False,False
2021-05-31 00:00:00+00:00,Ablazeolive,MID,Golden Guardians,2021-06-05T00:30:13+00:00,17.94,3.8,2.6,4.4,329.8,5,48.39,3,2021-03-14T20:45:21+00:00,False,False
2021-05-31 00:00:00+00:00,Alphari,TOP,Team Liquid,2021-06-04T22:02:02+00:00,14.16,3.2,4.4,5.2,267.2,5,14.92,1,2021-04-12T01:19:15+00:00,False,False
2021-05-31 00:00:00+00:00,Amazo,JGL,Golden Guardians,2021-06-05T00:30:13+00:00,7.362,1,2.8,5.2,226.2,5,29.82,3,2021-03-14T20:45:21+00:00,False,False
2021-05-31 00:00:00+00:00,Blaber,JGL,Cloud9,2021-06-05T00:30:13+00:00,14.174,2,2.6,9.2,238.8,5,33.47,3,2021-04-12T01:19:15+00:00,False,False
2021-05-31 00:00:00+00:00,Broxah,JGL,Counter Logic Gaming,2021-06-05T02:48:58+00:00,13.586,2.4,2,7.6,230.8,5,15.23,2,2021-03-14T22:41:19+00:00,False,False
2021-05-31 00:00:00+00:00,Chime,SUP,Golden Guardians,2021-06-05T00:30:13+00:00,13.7318,0.51,2.67,8.46,46.12,0,32.77,3,,False,False
2021-05-31 00:00:00+00:00,Closer,JGL,100 Thieves,2021-06-05T01:41:25+00:00,16.732,4.2,1.2,5.6,218.6,5,42.14,3,2021-04-04T22:50:51+00:00,False,False
2021-05-31 00:00:00+00:00,CoreJJ,SUP,Team Liquid,2021-06-04T22:02:02+00:00,12.61,0,3.6,9,44.6,5,41.48,3,2021-04-12T01:19:15+00:00,False,False
2021-05-31 00:00:00+00:00,Danny,BOT,Evil Geniuses,2021-06-04T23:08:38+00:00,16.2405,4.13,2.28,4.56,313.64,0,35.75,3,,False,False
2021-05-31 00:00:00+00:00,Dardoch,JGL,Dignitas,2021-06-04T23:08:38+00:00,5.372,1.2,4.4,4.2,212.4,5,61.57,3,2021-03-28T21:40:13+00:00,False,False
2021-05-31 00:00:00+00:00,Dreams,SUP,FlyQuest,2021-06-05T02:48:58+00:00,11.3566666667,0,3.33333333333,9.33333333333,27.3333333333,3,45.33,3,2021-03-14T19:28:44+00:00,False,False
2021-05-31 00:00:00+00:00,FBI,BOT,100 Thieves,2021-06-05T01:41:25+00:00,14.93,3.2,2,5.6,308,5,57.85,3,2021-04-04T22:50:51+00:00,False,False
2021-05-31 00:00:00+00:00,FakeGod,TOP,Dignitas,2021-06-04T23:08:38+00:00,13.21,2.6,4.2,4,258.4,5,35.89,3,2021-03-28T21:40:13+00:00,False,False
2021-05-31 00:00:00+00:00,Finn,TOP,Counter Logic Gaming,2021-06-05T02:48:58+00:00,15.416,3.4,3.8,5.4,306.6,5,19.79,2,2021-03-14T22:41:19+00:00,False,False
2021-05-31 00:00:00+00:00,Fudge,TOP,Cloud9,2021-06-05T00:30:13+00:00,16.544,2.4,2.8,8.4,272.4,5,44.32,3,2021-04-12T01:19:15+00:00,False,False
2021-05-31 00:00:00+00:00,Huni,TOP,TSM,2021-06-04T22:02:02+00:00,8.218,0.8,2.8,3.6,270.8,5,46.9,3,2021-04-10T23:21:32+00:00,False,False
2021-05-31 00:00:00+00:00,Ignar,SUP,Evil Geniuses,2021-06-04T23:08:38+00:00,17.432,0.4,1.6,10.8,36.4,5,33.19,3,2021-03-27T22:29:50+00:00,False,False
2021-05-31 00:00:00+00:00,Impact,TOP,Evil Geniuses,2021-06-04T23:08:38+00:00,16.98,2.6,4,9.6,220,5,35.04,3,2021-03-27T22:29:50+00:00,False,False
2021-05-31 00:00:00+00:00,Insanity,MID,Immortals,2021-06-05T01:41:25+00:00,10.842,2,2,4.6,292.6,5,40.76,2,2021-03-14T23:48:29+00:00,False,False
2021-05-31 00:00:00+00:00,Jenkins,TOP,Team Liquid,2021-06-06T00:00:31+00:00,14.7321,2.54,3.07,6,259.95,0,29.18,2,,False,False
2021-05-31 00:00:00+00:00,Jensen,MID,Team Liquid,2021-06-04T22:02:02+00:00,21.434,3.6,2,6.6,338.6,5,52.63,3,2021-04-12T01:19:15+00:00,False,False
2021-05-31 00:00:00+00:00,Jiizuke,MID,Evil Geniuses,2021-06-04T23:08:38+00:00,18.14,4.8,3.8,7,282.4,5,38.59,3,2021-03-27T22:29:50+00:00,False,False
2021-05-31 00:00:00+00:00,Johnsun,BOT,FlyQuest,2021-06-05T02:48:58+00:00,17.028,4.4,2.8,5.2,320.4,5,49.12,3,2021-03-14T19:28:44+00:00,False,False
2021-05-31 00:00:00+00:00,Josedeodo,JGL,FlyQuest,2021-06-05T02:48:58+00:00,10.442,2,2.6,6.8,240,5,38.7,3,2021-03-14T19:28:44+00:00,False,False
2021-05-31 00:00:00+00:00,Licorice,TOP,FlyQuest,2021-06-05T02:48:58+00:00,17.396,4.2,3.2,6,255.4,5,50.48,3,2021-03-14T19:28:44+00:00,False,False
2021-05-31 00:00:00+00:00,Lost,BOT,TSM,2021-06-04T22:02:02+00:00,12.17,3.4,2.8,2.8,297.2,5,49.25,3,2021-04-10T23:21:32+00:00,False,False
2021-05-31 00:00:00+00:00,Neo,BOT,Dignitas,2021-06-04T23:08:38+00:00,10.816,2.6,3.6,4,330.8,5,59.77,3,2021-03-28T21:40:13+00:00,False,False
2021-05-31 00:00:00+00:00,Palafox,MID,FlyQuest,2021-06-05T02:48:58+00:00,16.63,3.8,2.4,5.8,333.4,5,41.85,3,2021-03-14T19:28:44+00:00,False,False
2021-05-31 00:00:00+00:00,Perkz,MID,Cloud9,2021-06-05T00:30:13+00:00,26.598,6.4,1.6,6.8,332.2,5,42.54,3,2021-04-12T01:19:15+00:00,False,False
2021-05-31 00:00:00+00:00,Pobelter,MID,Counter Logic Gaming,2021-06-05T02:48:58+00:00,14.592,4.4,4.2,5.4,314.6,5,12.09,2,2021-03-14T22:41:19+00:00,False,False
2021-05-31 00:00:00+00:00,PowerOfEvil,MID,TSM,2021-06-04T22:02:02+00:00,15.654,3,2.2,4,301.8,5,66.7,3,2021-04-10T23:21:32+00:00,False,False
2021-05-31 00:00:00+00:00,Raes,BOT,Immortals,2021-06-05T01:41:25+00:00,17.63,4.2,2.2,4,293.8,5,52.44,2,2021-03-14T23:48:29+00:00,False,False
2021-05-31 00:00:00+00:00,Revenge,TOP,Immortals,2021-06-05T01:41:25+00:00,10.542,1.4,2.2,4,244.2,5,43.9,2,2021-03-14T23:48:29+00:00,False,False
2021-05-31 00:00:00+00:00,Santorin,JGL,Team Liquid,2021-06-04T22:02:02+00:00,8.728,0.8,3.4,6.4,192.4,5,35.69,3,2021-04-03T22:31:42+00:00,False,False
2021-05-31 00:00:00+00:00,Smoothie,SUP,Counter Logic Gaming,2021-06-05T02:48:58+00:00,12.622,1,3.6,8.2,40.2,5,7.67,2,2021-03-14T22:41:19+00:00,False,False
2021-05-31 00:00:00+00:00,Soligo,MID,Dignitas,2021-06-04T23:08:38+00:00,7.12,1.8,4.2,3.6,288.6,5,35.89,3,2021-03-28T21:40:13+00:00,False,False
2021-05-31 00:00:00+00:00,Solo,TOP,Golden Guardians,2021-06-05T00:30:13+00:00,11.996,3.2,4.2,2.8,250.6,5,28.94,3,2021-01-17T23:33:10+00:00,False,False
2021-05-31 00:00:00+00:00,Spica,JGL,TSM,2021-06-04T22:02:02+00:00,11.062,1.2,2.6,6.6,198.2,5,52.97,3,2021-04-10T23:21:32+00:00,False,False
2021-05-31 00:00:00+00:00,Ssumday,TOP,100 Thieves,2021-06-05T01:41:25+00:00,15.036,2.4,3.4,5.6,275.4,5,47.29,3,2021-04-04T22:50:51+00:00,False,False
2021-05-31 00:00:00+00:00,Stixxay,BOT,Golden Guardians,2021-06-05T00:30:13+00:00,14.33,3.8,3.4,3.8,313,5,29.83,3,2021-03-14T20:45:21+00:00,False,False
2021-05-31 00:00:00+00:00,Svenskeren,JGL,Evil Geniuses,2021-06-04T23:08:38+00:00,16.26,2.6,3.2,10,198.8,5,27.83,3,2021-03-27T22:29:50+00:00,False,False
2021-05-31 00:00:00+00:00,SwordArt,SUP,TSM,2021-06-04T22:02:02+00:00,9.27,0.4,3.4,6,36.2,5,52.53,3,2021-04-10T23:21:32+00:00,False,False
2021-05-31 00:00:00+00:00,Tactical,BOT,Team Liquid,2021-06-04T22:02:02+00:00,16.104,3.6,2.8,5.6,375.2,5,50.9,3,2021-04-12T01:19:15+00:00,False,False
2021-05-31 00:00:00+00:00,Vulcan,SUP,Cloud9,2021-06-05T00:30:13+00:00,16.128,1.2,2.8,10,37.8,5,30.61,3,2021-04-12T01:19:15+00:00,False,False
2021-05-31 00:00:00+00:00,WildTurtle,BOT,Counter Logic Gaming,2021-06-05T02:48:58+00:00,13.488,3,2.8,5.4,394.8,5,12.79,2,2021-03-14T22:41:19+00:00,False,False
2021-05-31 00:00:00+00:00,Xerxe,JGL,Immortals,2021-06-05T01:41:25+00:00,12.146,2.4,1.6,4.6,206.2,5,56.75,2,2021-03-14T23:48:29+00:00,False,False
2021-05-31 00:00:00+00:00,aphromoo,SUP,Dignitas,2021-06-04T23:08:38+00:00,11.364,0.8,4.2,6.6,35.4,5,49.46,3,2021-03-28T21:40:13+00:00,False,False
2021-05-31 00:00:00+00:00,destiny,SUP,Immortals,2021-06-05T01:41:25+00:00,14.422,0.2,1.6,7.6,38.2,5,52.74,2,2021-03-14T23:48:29+00:00,False,False
2021-05-31 00:00:00+00:00,huhi,SUP,100 Thieves,2021-06-05T01:41:25+00:00,13.73,0.8,2.6,7.6,45.2,5,57,3,2021-04-04T22:50:51+00:00,False,False
2021-05-31 00:00:00+00:00,k1ng,BOT,Cloud9,2021-06-05T00:30:13+00:00,16.0033,4.08,2.31,4.58,312.8,0,47.55,3,,False,False
2021-06-07 00:00:00+00:00,Abbedagge,MID,100 Thieves,2021-06-11T21:37:50+00:00,18.43,1,1.66666666667,11,185.333333333,3,61.42,3,2021-06-06T19:48:30+00:00,False,False
2021-06-07 00:00:00+00:00,Ablazeolive,MID,Golden Guardians,2021-06-12T01:09:41+00:00,17.018,4.6,2.8,4.4,285.2,5,30.1,3,2021-06-06T23:19:27+00:00,False,False
2021-06-07 00:00:00+00:00,Amazo,JGL,Golden Guardians,2021-06-12T01:09:41+00:00,9.762,1.4,2.6,6,202.2,5,35.05,3,2021-06-06T23:19:27+00:00,False,False
2021-06-07 00:00:00+00:00,Blaber,JGL,Cloud9,2021-06-12T02:22:06+00:00,11.328,1.8,2.6,7.4,216.6,5,49.77,3,2021-06-06T22:16:34+00:00,False,False
2021-06-07 00:00:00+00:00,Broxah,JGL,Counter Logic Gaming,2021-06-07T00:24:24+00:00,10.758,2,2,5.6,234.6,5,45.47,4,2021-06-06T00:00:31+00:00,False,False
2021-06-07 00:00:00+00:00,Chime,SUP,Golden Guardians,2021-06-12T01:09:41+00:00,10.9233333333,0.666666666667,4.66666666667,9,41.3333333333,3,38.02,3,2021-06-06T23:19:27+00:00,False,False
2021-06-07 00:00:00+00:00,Closer,JGL,100 Thieves,2021-06-11T21:37:50+00:00,14.748,3.6,1.8,6.4,182.6,5,57.5,3,2021-06-06T19:48:30+00:00,False,False
2021-06-07 00:00:00+00:00,CoreJJ,SUP,Team Liquid,2021-06-11T22:56:50+00:00,10.362,0,2.8,7.2,37,5,46.88,3,2021-06-06T22:16:34+00:00,False,False
2021-06-07 00:00:00+00:00,Danny,BOT,Evil Geniuses,2021-06-12T00:02:26+00:00,11.9166666667,4.33333333333,4.33333333333,3.66666666667,348.666666667,3,49.32,3,2021-06-06T20:51:24+00:00,False,False
2021-06-07 00:00:00+00:00,Dardoch,JGL,Dignitas,2021-06-11T22:56:50+00:00,13.36,3.4,4.2,7.4,190,5,32.92,3,2021-06-06T19:48:30+00:00,False,False
2021-06-07 00:00:00+00:00,Dreams,SUP,FlyQuest,2021-06-12T02:22:06+00:00,13.638,0.6,3.8,10.4,29.4,5,17.49,3,2021-06-06T20:51:24+00:00,False,False
2021-06-07 00:00:00+00:00,FBI,BOT,100 Thieves,2021-06-11T21:37:50+00:00,19.114,4.6,1.6,5.4,274,5,75.73,3,2021-06-06T19:48:30+00:00,False,False
2021-06-07 00:00:00+00:00,FakeGod,TOP,Dignitas,2021-06-11T22:56:50+00:00,11.65,2.2,3,4.4,223.4,5,39.03,3,2021-06-06T19:48:30+00:00,False,False
2021-06-07 00:00:00+00:00,Finn,TOP,Counter Logic Gaming,2021-06-07T00:24:24+00:00,12.69,2.6,4.6,4.2,302.2,5,63.92,4,2021-06-06T00:00:31+00:00,False,False
2021-06-07 00:00:00+00:00,Fudge,TOP,Cloud9,2021-06-12T02:22:06+00:00,15.28,2.6,2.4,6.4,233.2,5,59.84,3,2021-06-06T22:16:34+00:00,False,False
2021-06-07 00:00:00+00:00,Huni,TOP,TSM,2021-06-11T21:37:50+00:00,10.784,2,3.4,3.8,263,5,31.42,3,2021-06-06T23:19:27+00:00,False,False
2021-06-07 00:00:00+00:00,Ignar,SUP,Evil Geniuses,2021-06-12T00:02:26+00:00,12.142,0.6,3.6,8.8,40.6,5,39.6,3,2021-06-06T20:51:24+00:00,False,False
2021-06-07 00:00:00+00:00,Impact,TOP,Evil Geniuses,2021-06-12T00:02:26+00:00,13.182,2.4,4,7.4,231.8,5,47.12,3,2021-06-06T20:51:24+00:00,False,False
2021-06-07 00:00:00+00:00,Insanity,MID,Immortals,2021-06-07T00:24:24+00:00,11.198,1,1.8,5.8,290.2,5,29.77,3,2021-06-06T01:09:04+00:00,False,False
2021-06-07 00:00:00+00:00,Jenkins,TOP,Team Liquid,2021-06-11T22:56:50+00:00,14.59,1.5,3,7,240,2,57.94,3,2021-06-06T22:16:34+00:00,False,False
2021-06-07 00:00:00+00:00,Jensen,MID,Team Liquid,2021-06-11T22:56:50+00:00,17.586,3,1.2,5.6,337.2,5,43.26,3,2021-06-06T22:16:34+00:00,False,False
2021-06-07 00:00:00+00:00,Jiizuke,MID,Evil Geniuses,2021-06-12T00:02:26+00:00,12.652,3.8,3.8,4.4,310.8,5,46.4,3,2021-06-06T20:51:24+00:00,False,False
2021-06-07 00:00:00+00:00,Johnsun,BOT,FlyQuest,2021-06-12T02:22:06+00:00,16.644,4.4,3.2,4.8,367.6,5,26.62,3,2021-06-06T20:51:24+00:00,False,False
2021-06-07 00:00:00+00:00,Josedeodo,JGL,FlyQuest,2021-06-12T02:22:06+00:00,12.198,2.6,3.2,7.4,222.2,5,25.8,3,2021-06-06T20:51:24+00:00,False,False
2021-06-07 00:00:00+00:00,Licorice,TOP,FlyQuest,2021-06-12T02:22:06+00:00,16.608,4.6,3.8,5.6,281.6,5,13.39,3,2021-06-06T20:51:24+00:00,False,False
2021-06-07 00:00:00+00:00,Lost,BOT,TSM,2021-06-11T21:37:50+00:00,11.934,3,2.4,4.2,299.4,5,16.58,3,2021-06-06T23:19:27+00:00,False,False
2021-06-07 00:00:00+00:00,Neo,BOT,Dignitas,2021-06-11T22:56:50+00:00,14.132,3.4,3,5,251.2,5,37.69,3,2021-06-06T19:48:30+00:00,False,False
2021-06-07 00:00:00+00:00,Palafox,MID,FlyQuest,2021-06-12T02:22:06+00:00,15.694,4.2,2.6,6.4,308,5,25.18,3,2021-06-06T20:51:24+00:00,False,False
2021-06-07 00:00:00+00:00,Perkz,MID,Cloud9,2021-06-12T02:22:06+00:00,20.954,4.4,2.6,6.4,255.2,5,85.78,3,2021-06-06T22:16:34+00:00,False,False
2021-06-07 00:00:00+00:00,Pobelter,MID,Counter Logic Gaming,2021-06-07T00:24:24+00:00,11.232,2.6,3.4,4.8,310.8,5,30.35,4,2021-06-06T00:00:31+00:00,False,False
2021-06-07 00:00:00+00:00,PowerOfEvil,MID,TSM,2021-06-11T21:37:50+00:00,19.532,4,1.8,5.8,278.8,5,45.56,3,2021-06-06T23:19:27+00:00,False,False
2021-06-07 00:00:00+00:00,PrettyGRE,MID,Immortals,2021-06-12T00:02:26+00:00,11.1733333333,2.66666666667,3,4,284,3,4.16,1,2021-01-23T21:33:14+00:00,False,False
2021-06-07 00:00:00+00:00,Raes,BOT,Immortals,2021-06-07T00:24:24+00:00,18.066,4.6,1.8,3.8,291.6,5,50.63,4,2021-06-06T01:09:04+00:00,False,False
2021-06-07 00:00:00+00:00,Revenge,TOP,Immortals,2021-06-07T00:24:24+00:00,13.782,2,2.2,5.4,230.4,5,21.54,4,2021-06-06T01:09:04+00:00,False,False
2021-06-07 00:00:00+00:00,Santorin,JGL,Team Liquid,2021-06-11T22:56:50+00:00,9.154,2.2,3.8,5.6,194.4,5,46.2,3,2021-06-06T22:16:34+00:00,False,False
2021-06-07 00:00:00+00:00,Smoothie,SUP,Counter Logic Gaming,2021-06-07T00:24:24+00:00,9.448,0.8,4.2,6.2,37,5,29.42,4,2021-06-06T00:00:31+00:00,False,False
2021-06-07 00:00:00+00:00,Solo,TOP,Golden Guardians,2021-06-12T01:09:41+00:00,11.524,2.2,4.2,5.6,255.4,5,32.74,3,2021-06-06T23:19:27+00:00,False,False
2021-06-07 00:00:00+00:00,Spica,JGL,TSM,2021-06-11T21:37:50+00:00,12.908,2.6,2.4,6.2,188.6,5,34.8,3,2021-06-06T23:19:27+00:00,False,False
2021-06-07 00:00:00+00:00,Ssumday,TOP,100 Thieves,2021-06-11T21:37:50+00:00,13.1,2.8,3.4,5.2,218,5,48.43,3,2021-06-06T19:48:30+00:00,False,False
2021-06-07 00:00:00+00:00,Stixxay,BOT,Golden Guardians,2021-06-12T01:09:41+00:00,13.334,3.2,2.4,4.2,331.6,5,43.2,3,2021-06-06T23:19:27+00:00,False,False
2021-06-07 00:00:00+00:00,Svenskeren,JGL,Evil Geniuses,2021-06-12T00:02:26+00:00,10.558,2,3.4,7.2,210.8,5,33.19,3,2021-06-06T20:51:24+00:00,False,False
2021-06-07 00:00:00+00:00,SwordArt,SUP,TSM,2021-06-11T21:37:50+00:00,12.27,0.2,2.8,8.2,37.6,5,25.23,3,2021-06-06T23:19:27+00:00,False,False
2021-06-07 00:00:00+00:00,Tactical,BOT,Team Liquid,2021-06-11T22:56:50+00:00,13.898,3.2,2.6,4.4,338.2,5,52.86,3,2021-06-06T22:16:34+00:00,False,False
2021-06-07 00:00:00+00:00,Vulcan,SUP,Cloud9,2021-06-12T02:22:06+00:00,11.476,0.4,3.4,8.2,32.6,5,61.65,3,2021-06-06T22:16:34+00:00,False,False
2021-06-07 00:00:00+00:00,WildTurtle,BOT,Counter Logic Gaming,2021-06-07T00:24:24+00:00,10.908,2.6,3,4.2,367.8,5,50.89,4,2021-06-06T00:00:31+00:00,False,False
2021-06-07 00:00:00+00:00,Xerxe,JGL,Immortals,2021-06-07T00:24:24+00:00,13.998,2.6,1.6,6,192.8,5,28.8,4,2021-06-06T01:09:04+00:00,False,False
2021-06-07 00:00:00+00:00,Yusui,MID,Dignitas,2021-06-11T22:56:50+00:00,17.1529,3.4,2.26,6.15,294.22,0,36.46,3,,False,False
2021-06-07 00:00:00+00:00,aphromoo,SUP,Dignitas,2021-06-11T22:56:50+00:00,13.374,0.6,2.4,8.2,34.6,5,25.43,3,2021-06-06T19:48:30+00:00,False,False
2021-06-07 00:00:00+00:00,destiny,SUP,Immortals,2021-06-07T00:24:24+00:00,17.122,0.8,2,9.2,34.4,5,33.03,4,2021-06-06T01:09:04+00:00,False,False
2021-06-07 00:00:00+00:00,huhi,SUP,100 Thieves,2021-06-11T21:37:50+00:00,15.206,1,2.2,8.2,41.4,5,50.51,3,2021-06-06T19:48:30+00:00,False,False
2021-06-07 00:00:00+00:00,k1ng,BOT,Cloud9,2021-06-12T02:22:06+00:00,15.85,4.66666666667,2,4.66666666667,285,3,58.91,3,2021-06-06T22:16:34+00:00,False,False
2021-06-14 00:00:00+00:00,Abbedagge,MID,100 Thieves,2021-06-19T02:15:49+00:00,22.234,3.2,0.2,9.2,235,5,38.04,3,2021-06-13T23:43:02+00:00,False,False
2021-06-14 00:00:00+00:00,Ablazeolive,MID,Golden Guardians,2021-06-19T01:10:22+00:00,8.152,2.6,3.4,2.6,248.4,5,21.56,2,2021-06-13T19:33:12+00:00,False,False
2021-06-14 00:00:00+00:00,Akaadian,JGL,Dignitas,2021-06-19T23:11:07+00:00,3.904,0.8,3.2,2.4,215.4,5,6.15,2,2020-06-28T23:05:54+00:00,False,False
2021-06-14 00:00:00+00:00,Amazo,JGL,Golden Guardians,2021-06-19T01:10:22+00:00,9.734,1.8,2.6,4.6,189,5,15.04,2,2021-06-13T19:33:12+00:00,False,False
2021-06-14 00:00:00+00:00,Blaber,JGL,Cloud9,2021-06-18T21:02:38+00:00,12.928,2,1.6,6.8,190.4,5,15.3,3,2021-06-13T22:49:07+00:00,False,False
2021-06-14 00:00:00+00:00,Broxah,JGL,Counter Logic Gaming,2021-06-19T02:15:49+00:00,11.26,2.8,2.4,5.4,200,5,67.7,3,2021-06-13T21:48:47+00:00,False,False
2021-06-14 00:00:00+00:00,Chime,SUP,Golden Guardians,2021-06-19T01:10:22+00:00,8.942,0.2,3,5.8,41,5,11.88,2,2021-06-13T19:33:12+00:00,False,False
2021-06-14 00:00:00+00:00,Closer,JGL,100 Thieves,2021-06-19T02:15:49+00:00,18.928,3.6,1,8,177,5,49.68,3,2021-06-13T23:43:02+00:00,False,False
2021-06-14 00:00:00+00:00,CoreJJ,SUP,Team Liquid,2021-06-18T22:48:54+00:00,14.254,0.4,2.2,8.8,44.6,5,48.39,3,2021-06-13T20:45:24+00:00,False,False
2021-06-14 00:00:00+00:00,Danny,BOT,Evil Geniuses,2021-06-18T21:02:38+00:00,15.558,4,2.6,5,372.8,5,38.69,2,2021-06-13T23:43:02+00:00,False,False
2021-06-14 00:00:00+00:00,Dardoch,JGL,Dignitas,2021-06-19T01:10:22+00:00,13.858,3.6,2.6,5.6,170.6,5,15.07,1,2021-06-13T22:49:07+00:00,False,False
2021-06-14 00:00:00+00:00,Dreams,SUP,FlyQuest,2021-06-18T22:48:54+00:00,8.862,0.8,3.4,6,47.6,5,12.76,3,2021-06-13T19:33:12+00:00,False,False
2021-06-14 00:00:00+00:00,FBI,BOT,100 Thieves,2021-06-19T02:15:49+00:00,24.604,5.6,0.6,7.2,276.2,5,48,3,2021-06-13T23:43:02+00:00,False,False
2021-06-14 00:00:00+00:00,FakeGod,TOP,Dignitas,2021-06-19T01:10:22+00:00,11.214,2.4,2.4,3,232.8,5,21.13,3,2021-06-13T22:49:07+00:00,False,False
2021-06-14 00:00:00+00:00,Finn,TOP,Counter Logic Gaming,2021-06-19T02:15:49+00:00,15.198,3,3.8,4.6,274.2,5,71.62,3,2021-06-13T21:48:47+00:00,False,False
2021-06-14 00:00:00+00:00,Fudge,TOP,Cloud9,2021-06-18T21:02:38+00:00,17.484,2.6,1.8,5.4,247.4,5,25.28,3,2021-06-13T22:49:07+00:00,False,False
2021-06-14 00:00:00+00:00,Huni,TOP,TSM,2021-06-18T23:51:53+00:00,13.608,2.2,3.8,5.6,226,5,62.91,3,2021-06-13T21:48:47+00:00,False,False
2021-06-14 00:00:00+00:00,Ignar,SUP,Evil Geniuses,2021-06-18T21:02:38+00:00,13.166,0.8,3.2,8.6,40.6,5,40.01,2,2021-06-13T23:43:02+00:00,False,False
2021-06-14 00:00:00+00:00,Impact,TOP,Evil Geniuses,2021-06-18T21:02:38+00:00,13.494,3.2,3.6,5.6,278.2,5,34.53,2,2021-06-13T23:43:02+00:00,False,False
2021-06-14 00:00:00+00:00,Insanity,MID,Immortals,2021-06-18T23:51:53+00:00,14.106,2.2,2,6.4,269.2,5,52.76,3,2021-06-13T20:45:24+00:00,False,False
2021-06-14 00:00:00+00:00,Jenkins,TOP,Team Liquid,2021-06-18T22:48:54+00:00,17.424,2.8,2.6,5.6,300.4,5,36.38,3,2021-06-13T20:45:24+00:00,False,False
2021-06-14 00:00:00+00:00,Jensen,MID,Team Liquid,2021-06-18T22:48:54+00:00,14.86,2,1.4,6.4,350.2,5,46.04,3,2021-06-13T20:45:24+00:00,False,False
2021-06-14 00:00:00+00:00,Jiizuke,MID,Evil Geniuses,2021-06-18T21:02:38+00:00,13.588,4.6,3.6,4,334.2,5,29.82,2,2021-06-13T23:43:02+00:00,False,False
2021-06-14 00:00:00+00:00,Johnsun,BOT,FlyQuest,2021-06-18T22:48:54+00:00,12.912,2.6,1.8,3.8,244.6,5,22.38,3,2021-06-13T19:33:12+00:00,False,False
2021-06-14 00:00:00+00:00,Josedeodo,JGL,FlyQuest,2021-06-18T22:48:54+00:00,8.552,2,3,4.6,175.2,5,20.08,3,2021-06-13T19:33:12+00:00,False,False
2021-06-14 00:00:00+00:00,Licorice,TOP,FlyQuest,2021-06-18T22:48:54+00:00,6.92,2.4,5,2.4,220.6,5,22.29,3,2021-06-13T19:33:12+00:00,False,False
2021-06-14 00:00:00+00:00,Lost,BOT,TSM,2021-06-18T23:51:53+00:00,9.298,2.2,1.8,4.4,215.8,5,36.66,3,2021-06-13T21:48:47+00:00,False,False
2021-06-14 00:00:00+00:00,Neo,BOT,Dignitas,2021-06-19T01:10:22+00:00,14.64,3.8,2.6,4.4,234.8,5,38.27,3,2021-06-13T22:49:07+00:00,False,False
2021-06-14 00:00:00+00:00,Palafox,MID,FlyQuest,2021-06-18T22:48:54+00:00,9.476,2,2.8,4.4,229.4,5,31.17,3,2021-06-13T19:33:12+00:00,False,False
2021-06-14 00:00:00+00:00,Perkz,MID,Cloud9,2021-06-18T21:02:38+00:00,21.46,5,2.4,5.2,261.4,5,18.73,3,2021-06-13T22:49:07+00:00,False,False
2021-06-14 00:00:00+00:00,Pobelter,MID,Counter Logic Gaming,2021-06-19T02:15:49+00:00,7.754,1.2,3.4,5.2,283,5,74.79,3,2021-06-13T21:48:47+00:00,False,False
2021-06-14 00:00:00+00:00,PowerOfEvil,MID,TSM,2021-06-18T23:51:53+00:00,18.644,3.8,1.2,4.8,252.8,5,51.66,3,2021-06-13T21:48:47+00:00,False,False
2021-06-14 00:00:00+00:00,Raes,BOT,Immortals,2021-06-18T23:51:53+00:00,14.172,5,3.4,2.4,307.8,5,65.21,3,2021-06-13T20:45:24+00:00,False,False
2021-06-14 00:00:00+00:00,Revenge,TOP,Immortals,2021-06-18T23:51:53+00:00,8.306,1.4,2.2,2.8,242,5,57.19,3,2021-06-13T20:45:24+00:00,False,False
2021-06-14 00:00:00+00:00,Santorin,JGL,Team Liquid,2021-06-18T22:48:54+00:00,14.298,3.6,3,6.6,221,5,50.74,3,2021-06-13T20:45:24+00:00,False,False
2021-06-14 00:00:00+00:00,Smoothie,SUP,Counter Logic Gaming,2021-06-19T02:15:49+00:00,6.106,0.4,4,5.6,33.4,5,83.16,3,2021-06-13T21:48:47+00:00,False,False
2021-06-14 00:00:00+00:00,Solo,TOP,Golden Guardians,2021-06-19T01:10:22+00:00,9.856,1.8,3.4,3.8,252.4,5,19.54,2,2021-06-13T19:33:12+00:00,False,False
2021-06-14 00:00:00+00:00,Spica,JGL,TSM,2021-06-18T23:51:53+00:00,13.232,2.8,1.8,5.4,170,5,45.44,3,2021-06-13T21:48:47+00:00,False,False
2021-06-14 00:00:00+00:00,Ssumday,TOP,100 Thieves,2021-06-19T02:15:49+00:00,18.856,3,1.2,6.8,227.6,5,31.25,3,2021-06-13T23:43:02+00:00,False,False
2021-06-14 00:00:00+00:00,Stixxay,BOT,Golden Guardians,2021-06-19T01:10:22+00:00,10.258,2.2,2,2.6,280.6,5,21.86,2,2021-06-13T19:33:12+00:00,False,False
2021-06-14 00:00:00+00:00,Svenskeren,JGL,Evil Geniuses,2021-06-18T21:02:38+00:00,11.348,2,3,7.4,237.4,5,20.84,2,2021-06-13T23:43:02+00:00,False,False
2021-06-14 00:00:00+00:00,SwordArt,SUP,TSM,2021-06-18T23:51:53+00:00,11.238,0.4,2.2,7,65.6,5,35.53,3,2021-06-13T21:48:47+00:00,False,False
2021-06-14 00:00:00+00:00,Tactical,BOT,Team Liquid,2021-06-18T22:48:54+00:00,15.88,4.2,2.8,5.2,358.4,5,68.37,3,2021-06-13T20:45:24+00:00,False,False
2021-06-14 00:00:00+00:00,Vulcan,SUP,Cloud9,2021-06-18T21:02:38+00:00,16.172,0.4,1.4,8.6,56.8,5,14.19,3,2021-06-13T22:49:07+00:00,False,False
2021-06-14 00:00:00+00:00,WildTurtle,BOT,Counter Logic Gaming,2021-06-19T02:15:49+00:00,11.208,2.8,2.6,3.4,331.8,5,85.19,3,2021-06-13T21:48:47+00:00,False,False
2021-06-14 00:00:00+00:00,Xerxe,JGL,Immortals,2021-06-18T23:51:53+00:00,11.174,1.8,1.8,5.4,181.8,5,43.77,3,2021-06-13T20:45:24+00:00,False,False
2021-06-14 00:00:00+00:00,Yusui,MID,Dignitas,2021-06-19T01:10:22+00:00,12.1533333333,1.66666666667,1.33333333333,4.66666666667,231.666666667,3,33.38,3,2021-06-13T22:49:07+00:00,False,False
2021-06-14 00:00:00+00:00,aphromoo,SUP,Dignitas,2021-06-19T01:10:22+00:00,9.712,0,2.8,7.6,36.2,5,37.43,3,2021-06-13T22:49:07+00:00,False,False
2021-06-14 00:00:00+00:00,destiny,SUP,Immortals,2021-06-18T23:51:53+00:00,12.192,0.4,2.4,7.8,33,5,58.99,3,2021-06-13T20:45:24+00:00,False,False
2021-06-14 00:00:00+00:00,huhi,SUP,100 Thieves,2021-06-19T02:15:49+00:00,19.682,1.4,0.6,9.2,32.8,5,36.28,3,2021-06-13T23:43:02+00:00,False,False
2021-06-14 00:00:00+00:00,k1ng,BOT,Cloud9,2021-06-18T21:02:38+00:00,17.53,3.6,0.4,5,248,5,22.19,3,2021-06-13T22:49:07+00:00,False,False
2021-06-21 00:00:00+00:00,Abbedagge,MID,100 Thieves,2021-06-25T22:59:08+00:00,15.572,3.4,1.4,5.6,275,5,61.21,3,2021-06-20T20:50:10+00:00,False,False
2021-06-21 00:00:00+00:00,Ablazeolive,MID,Golden Guardians,2021-06-21T00:37:58+00:00,10.332,3.2,3,3.2,252.6,5,43.29,4,2021-06-20T01:22:48+00:00,False,False
2021-06-21 00:00:00+00:00,Akaadian,JGL,Dignitas,2021-06-25T22:59:08+00:00,3.314,0.8,4.2,2.8,216.6,5,35.01,3,2021-06-20T19:44:46+00:00,False,False
2021-06-21 00:00:00+00:00,Amazo,JGL,Golden Guardians,2021-06-21T00:37:58+00:00,10.018,2,3,5.2,206.4,5,40.31,4,2021-06-20T01:22:48+00:00,False,False
2021-06-21 00:00:00+00:00,Armao,JGL,Team Liquid,2021-06-25T21:33:16+00:00,7.56,1.2,3.4,6.2,213.8,5,40.23,3,2021-04-12T01:19:15+00:00,False,False
2021-06-21 00:00:00+00:00,Blaber,JGL,Cloud9,2021-06-26T00:00:50+00:00,8.892,2.4,3.2,4.6,196,5,27.53,2,2021-06-20T21:49:16+00:00,False,False
2021-06-21 00:00:00+00:00,Broxah,JGL,Counter Logic Gaming,2021-06-26T00:59:34+00:00,16.948,2.8,1.6,9.4,180.2,5,8.96,2,2021-06-20T19:44:46+00:00,False,False
2021-06-21 00:00:00+00:00,Chime,SUP,Golden Guardians,2021-06-21T00:37:58+00:00,9.98,0.4,4,6.8,37.2,5,55.63,4,2021-06-20T01:22:48+00:00,False,False
2021-06-21 00:00:00+00:00,Closer,JGL,100 Thieves,2021-06-25T22:59:08+00:00,16.39,3.8,2,6.4,194.6,5,44.45,3,2021-06-20T20:50:10+00:00,False,False
2021-06-21 00:00:00+00:00,Contractz,JGL,Evil Geniuses,2021-06-26T23:57:22+00:00,11.608,3,3,4.6,228,5,33.66,1,2020-08-16T21:47:55+00:00,False,False
2021-06-21 00:00:00+00:00,CoreJJ,SUP,Team Liquid,2021-06-25T21:33:16+00:00,14.47,1.2,2.4,9.2,45.4,5,60.27,3,2021-06-20T20:50:10+00:00,False,False
2021-06-21 00:00:00+00:00,Danny,BOT,Evil Geniuses,2021-06-21T00:37:58+00:00,17.602,3.2,1.8,7.2,295.2,5,57.63,4,2021-06-19T22:30:14+00:00,False,False
2021-06-21 00:00:00+00:00,Diamond,SUP,FlyQuest,2021-06-27T23:06:45+00:00,8.078,0.4,2.6,5,61.2,5,9.71,1,2021-03-08T01:01:49+00:00,False,False
2021-06-21 00:00:00+00:00,Dreams,SUP,FlyQuest,2021-06-26T01:54:34+00:00,6.634,0.2,2.6,4,55.2,5,4.53,2,2021-06-20T23:49:28+00:00,False,False
2021-06-21 00:00:00+00:00,FBI,BOT,100 Thieves,2021-06-25T22:59:08+00:00,18.358,4.2,1.8,7.4,223.2,5,56.3,3,2021-06-20T20:50:10+00:00,False,False
2021-06-21 00:00:00+00:00,FakeGod,TOP,Dignitas,2021-06-25T22:59:08+00:00,10.766,1.4,2.6,3.4,250.6,5,38.79,3,2021-06-20T19:44:46+00:00,False,False
2021-06-21 00:00:00+00:00,Finn,TOP,Counter Logic Gaming,2021-06-26T00:59:34+00:00,17.886,3.6,2.2,7.4,232.8,5,23.8,2,2021-06-20T19:44:46+00:00,False,False
2021-06-21 00:00:00+00:00,Fudge,TOP,Cloud9,2021-06-26T00:00:50+00:00,13.182,3.2,3.4,3.8,279.6,5,27.26,2,2021-06-20T21:49:16+00:00,False,False
2021-06-21 00:00:00+00:00,Huni,TOP,TSM,2021-06-26T01:54:34+00:00,18.056,2.6,3.2,7.4,269.2,5,42.45,3,2021-06-20T21:49:16+00:00,False,False
2021-06-21 00:00:00+00:00,Ignar,SUP,Evil Geniuses,2021-06-21T00:37:58+00:00,15.922,1,2.2,8.8,57.4,5,70.25,4,2021-06-19T22:30:14+00:00,False,False
2021-06-21 00:00:00+00:00,Impact,TOP,Evil Geniuses,2021-06-21T00:37:58+00:00,16.33,4,3.2,5.8,259.4,5,70.44,4,2021-06-19T22:30:14+00:00,False,False
2021-06-21 00:00:00+00:00,Insanity,MID,Immortals,2021-06-26T00:59:34+00:00,13.874,2.6,2.2,6.2,316.8,5,33.89,3,2021-06-20T23:49:28+00:00,False,False
2021-06-21 00:00:00+00:00,Jenkins,TOP,Team Liquid,2021-06-25T21:33:16+00:00,15.936,3.6,2.6,4.8,270.4,5,56.92,3,2021-06-20T20:50:10+00:00,False,False
2021-06-21 00:00:00+00:00,Jensen,MID,Team Liquid,2021-06-25T21:33:16+00:00,12.964,2.8,2.6,6.2,312,5,62.05,3,2021-06-20T20:50:10+00:00,False,False
2021-06-21 00:00:00+00:00,Jiizuke,MID,Evil Geniuses,2021-06-21T00:37:58+00:00,15.244,4.8,2.6,4.4,303.4,5,79.48,4,2021-06-19T22:30:14+00:00,False,False
2021-06-21 00:00:00+00:00,Johnsun,BOT,FlyQuest,2021-06-26T01:54:34+00:00,9.04,1.4,1.6,2,251,5,3.39,2,2021-06-20T23:49:28+00:00,False,False
2021-06-21 00:00:00+00:00,Josedeodo,JGL,FlyQuest,2021-06-26T01:54:34+00:00,9.714,2.4,2.4,3.2,183.4,5,30.56,3,2021-06-20T23:49:28+00:00,False,False
2021-06-21 00:00:00+00:00,Kumo,TOP,FlyQuest,2021-06-27T23:06:45+00:00,12.326,3.8,4.4,4.2,299.8,5,14.7,1,2020-07-12T22:40:38+00:00,False,False
2021-06-21 00:00:00+00:00,Licorice,TOP,FlyQuest,2021-06-26T01:54:34+00:00,7.422,1.4,3.8,2.6,224.8,5,6.58,2,2021-06-20T23:49:28+00:00,False,False
2021-06-21 00:00:00+00:00,Lost,BOT,TSM,2021-06-26T01:54:34+00:00,10.614,2,1.4,5.2,178.6,5,36.62,3,2021-06-20T21:49:16+00:00,False,False
2021-06-21 00:00:00+00:00,Neo,BOT,Dignitas,2021-06-25T22:59:08+00:00,12.772,3.6,2.6,4,276.8,5,57.51,3,2021-06-20T19:44:46+00:00,False,False
2021-06-21 00:00:00+00:00,Palafox,MID,FlyQuest,2021-06-26T01:54:34+00:00,11.764,2,1.8,3.4,232.4,5,22.4,3,2021-06-20T23:49:28+00:00,False,False
2021-06-21 00:00:00+00:00,Perkz,MID,Cloud9,2021-06-26T00:00:50+00:00,12.36,3.2,2.8,4.6,300.6,5,24.79,2,2021-06-20T21:49:16+00:00,False,False
2021-06-21 00:00:00+00:00,Pobelter,MID,Counter Logic Gaming,2021-06-26T00:59:34+00:00,14.908,2.6,2.4,7.4,259.8,5,11.84,2,2021-06-20T19:44:46+00:00,False,False
2021-06-21 00:00:00+00:00,PowerOfEvil,MID,TSM,2021-06-26T01:54:34+00:00,18.408,3.2,1,5,282.8,5,45.71,3,2021-06-20T21:49:16+00:00,False,False
2021-06-21 00:00:00+00:00,Raes,BOT,Immortals,2021-06-26T00:59:34+00:00,15.932,3.8,2.6,3.8,359.8,5,43.98,3,2021-06-20T23:49:28+00:00,False,False
2021-06-21 00:00:00+00:00,Revenge,TOP,Immortals,2021-06-26T00:59:34+00:00,13.114,2.4,1.8,4.2,304,5,80.92,3,2021-06-20T23:49:28+00:00,False,False
2021-06-21 00:00:00+00:00,Smoothie,SUP,Counter Logic Gaming,2021-06-26T00:59:34+00:00,19.056,1.2,2.2,11.2,34.6,5,22.62,2,2021-06-20T19:44:46+00:00,False,False
2021-06-21 00:00:00+00:00,Solo,TOP,Golden Guardians,2021-06-21T00:37:58+00:00,10.456,1.6,3.4,4.6,258.4,5,29.67,4,2021-06-20T01:22:48+00:00,False,False
2021-06-21 00:00:00+00:00,Spica,JGL,TSM,2021-06-26T01:54:34+00:00,15.718,3.4,1.2,5.4,193,5,38.46,3,2021-06-20T21:49:16+00:00,False,False
2021-06-21 00:00:00+00:00,Ssumday,TOP,100 Thieves,2021-06-25T22:59:08+00:00,12.664,2.2,2.2,4.4,258,5,51.76,3,2021-06-20T20:50:10+00:00,False,False
2021-06-21 00:00:00+00:00,Stixxay,BOT,Golden Guardians,2021-06-21T00:37:58+00:00,13.012,2.6,2.4,4,276,5,43.45,4,2021-06-20T01:22:48+00:00,False,False
2021-06-21 00:00:00+00:00,Svenskeren,JGL,Evil Geniuses,2021-06-21T00:37:58+00:00,10.806,1.8,3.2,7.6,206.6,5,27.14,3,2021-06-19T22:30:14+00:00,False,False
2021-06-21 00:00:00+00:00,SwordArt,SUP,TSM,2021-06-26T01:54:34+00:00,11.654,0.4,2,6.6,104.4,5,34.95,3,2021-06-20T21:49:16+00:00,False,False
2021-06-21 00:00:00+00:00,Tactical,BOT,Team Liquid,2021-06-25T21:33:16+00:00,19.358,4.6,2.8,6.4,320.6,5,56.06,3,2021-06-20T20:50:10+00:00,False,False
2021-06-21 00:00:00+00:00,Tomo,BOT,FlyQuest,2021-06-27T23:06:45+00:00,14.5373,3.37,2.11,4.85,279.46,0,28.1,1,,False,False
2021-06-21 00:00:00+00:00,Vulcan,SUP,Cloud9,2021-06-26T00:00:50+00:00,11.002,0.2,2.2,7,39,5,19.52,2,2021-06-20T21:49:16+00:00,False,False
2021-06-21 00:00:00+00:00,WildTurtle,BOT,Counter Logic Gaming,2021-06-26T00:59:34+00:00,21.724,5,1.4,6.8,334.2,5,13.68,2,2021-06-20T19:44:46+00:00,False,False
2021-06-21 00:00:00+00:00,Xerxe,JGL,Immortals,2021-06-26T00:59:34+00:00,10.902,1.6,1.6,5.8,204,5,57.88,3,2021-06-20T23:49:28+00:00,False,False
2021-06-21 00:00:00+00:00,Yusui,MID,Dignitas,2021-06-25T22:59:08+00:00,10.902,2.2,1.8,4,253.4,5,38.24,3,2021-06-20T19:44:46+00:00,False,False
2021-06-21 00:00:00+00:00,Zven,BOT,Cloud9,2021-06-26T00:00:50+00:00,19.36,4.2,2,6.4,378.4,5,22.59,2,2021-04-12T01:19:15+00:00,False,False
2021-06-21 00:00:00+00:00,aphromoo,SUP,Dignitas,2021-06-25T22:59:08+00:00,11.118,0.2,3.4,7.8,33.4,5,41.43,3,2021-06-20T19:44:46+00:00,False,False
2021-06-21 00:00:00+00:00,destiny,SUP,Immortals,2021-06-26T00:59:34+00:00,12.986,0.2,2.2,7.8,38.2,5,58.4,3,2021-06-20T23:49:28+00:00,False,False
2021-06-21 00:00:00+00:00,huhi,SUP,100 Thieves,2021-06-25T22:59:08+00:00,14.802,0.8,2,7.4,83,5,60.32,3,2021-06-20T20:50:10+00:00,False,False
2021-06-28 00:00:00+00:00,Abbedagge,MID,100 Thieves,2021-07-02T21:10:28+00:00,19.052,4,2.2,6.6,271.2,5,56.29,3,2021-06-27T21:05:45+00:00,False,False
2021-06-28 00:00:00+00:00,Ablazeolive,MID,Golden Guardians,2021-07-03T02:05:59+00:00,8.742,3.4,4.2,3.6,234.8,5,68.18,3,2021-06-27T23:06:45+00:00,False,False
2021-06-28 00:00:00+00:00,Akaadian,JGL,Dignitas,2021-07-03T00:03:23+00:00,8.232,2.2,3.8,5.4,205.6,5,34.7,2,2021-06-27T19:28:30+00:00,False,False
2021-06-28 00:00:00+00:00,Amazo,JGL,Golden Guardians,2021-07-03T02:05:59+00:00,8.386,1.4,4.4,6.6,186.2,5,47.84,3,2021-06-27T23:06:45+00:00,False,False
2021-06-28 00:00:00+00:00,Armao,JGL,Team Liquid,2021-07-02T21:10:28+00:00,10.29,1.4,2,7.2,195.8,5,21.84,3,2021-06-27T22:00:02+00:00,False,False
2021-06-28 00:00:00+00:00,Blaber,JGL,Cloud9,2021-06-28T00:15:18+00:00,8.566,3,3.8,3.4,200.6,5,61.73,4,2021-06-26T22:52:32+00:00,False,False
2021-06-28 00:00:00+00:00,Broxah,JGL,Counter Logic Gaming,2021-06-28T00:15:18+00:00,15.332,2.6,2.2,9.2,174.2,5,12.01,4,2021-06-26T20:38:00+00:00,False,False
2021-06-28 00:00:00+00:00,Chime,SUP,Golden Guardians,2021-07-03T02:05:59+00:00,10.792,0.8,3.6,7,38.4,5,41.53,3,2021-06-27T23:06:45+00:00,False,False
2021-06-28 00:00:00+00:00,Closer,JGL,100 Thieves,2021-07-02T21:10:28+00:00,19.276,4,1.8,8.2,196.8,5,63.66,3,2021-06-27T21:05:45+00:00,False,False
2021-06-28 00:00:00+00:00,CoreJJ,SUP,Team Liquid,2021-07-02T21:10:28+00:00,18.53,1.2,1.6,11,40.6,5,47.4,3,2021-06-27T22:00:02+00:00,False,False
2021-06-28 00:00:00+00:00,Danny,BOT,Evil Geniuses,2021-07-02T23:05:59+00:00,13.756,4,2.2,5.2,235.6,5,78.34,3,2021-06-27T19:28:30+00:00,False,False
2021-06-28 00:00:00+00:00,Dreams,SUP,FlyQuest,2021-07-02T23:05:59+00:00,3.458,0.8,4,2.8,28.6,5,14.21,3,2021-06-26T21:54:38+00:00,False,False
2021-06-28 00:00:00+00:00,FBI,BOT,100 Thieves,2021-07-02T21:10:28+00:00,21.574,4,1.2,8,237.4,5,58.39,3,2021-06-27T21:05:45+00:00,False,False
2021-06-28 00:00:00+00:00,FakeGod,TOP,Dignitas,2021-07-03T00:03:23+00:00,10.34,1.4,3,4.2,234,5,43.88,2,2021-06-27T19:28:30+00:00,False,False
2021-06-28 00:00:00+00:00,Finn,TOP,Counter Logic Gaming,2021-06-28T00:15:18+00:00,19.084,3.6,2.6,7.6,239.4,5,22.91,4,2021-06-26T20:38:00+00:00,False,False
2021-06-28 00:00:00+00:00,Fudge,TOP,Cloud9,2021-06-28T00:15:18+00:00,10.508,2.2,2.8,3.4,277.6,5,71.38,4,2021-06-26T22:52:32+00:00,False,False
2021-06-28 00:00:00+00:00,Huni,TOP,TSM,2021-07-03T00:03:23+00:00,16.184,2.8,3.2,6.4,239.2,5,38.19,3,2021-06-27T22:00:02+00:00,False,False
2021-06-28 00:00:00+00:00,Ignar,SUP,Evil Geniuses,2021-07-02T23:05:59+00:00,14.746,0.8,1.8,8.4,70.6,5,69.52,3,2021-06-27T19:28:30+00:00,False,False
2021-06-28 00:00:00+00:00,Impact,TOP,Evil Geniuses,2021-07-02T23:05:59+00:00,16.832,3.2,3.6,6.8,242.2,5,63.87,3,2021-06-27T19:28:30+00:00,False,False
2021-06-28 00:00:00+00:00,Insanity,MID,Immortals,2021-07-03T01:06:53+00:00,13.028,1.8,2.4,8,228.2,5,8.15,2,2021-06-27T21:05:45+00:00,False,False
2021-06-28 00:00:00+00:00,Jenkins,TOP,Team Liquid,2021-07-02T21:10:28+00:00,15.954,3.6,2.4,6,235.4,5,28.4,3,2021-06-27T22:00:02+00:00,False,False
2021-06-28 00:00:00+00:00,Jensen,MID,Team Liquid,2021-07-02T21:10:28+00:00,19.088,5,2,7.4,291.8,5,38.77,3,2021-06-27T22:00:02+00:00,False,False
2021-06-28 00:00:00+00:00,Jiizuke,MID,Evil Geniuses,2021-07-02T23:05:59+00:00,17.656,3.8,2.2,6.6,280.2,5,62.8,3,2021-06-27T19:28:30+00:00,False,False
2021-06-28 00:00:00+00:00,Johnsun,BOT,FlyQuest,2021-07-02T23:05:59+00:00,5.154,0.8,2.8,1.4,294.6,5,17.56,3,2021-06-26T21:54:38+00:00,False,False
2021-06-28 00:00:00+00:00,Josedeodo,JGL,FlyQuest,2021-07-02T23:05:59+00:00,10.552,2.6,2.8,5,207.4,5,14.88,3,2021-06-27T23:06:45+00:00,False,False
2021-06-28 00:00:00+00:00,Licorice,TOP,FlyQuest,2021-07-02T23:05:59+00:00,5.774,0.8,4,3,236.6,5,18.55,3,2021-06-26T21:54:38+00:00,False,False
2021-06-28 00:00:00+00:00,Lost,BOT,TSM,2021-07-03T00:03:23+00:00,14.3,3,1.2,4.8,255,5,56.97,3,2021-06-27T22:00:02+00:00,False,False
2021-06-28 00:00:00+00:00,Neo,BOT,Dignitas,2021-07-03T00:03:23+00:00,15.456,3.6,2,4.8,291.8,5,38.71,2,2021-06-27T19:28:30+00:00,False,False
2021-06-28 00:00:00+00:00,Palafox,MID,FlyQuest,2021-07-02T23:05:59+00:00,6.954,1.6,3.2,4.2,234.4,5,17.38,3,2021-06-27T23:06:45+00:00,False,False
2021-06-28 00:00:00+00:00,Perkz,MID,Cloud9,2021-06-28T00:15:18+00:00,8.704,2.6,3,3.4,267.8,5,71.28,4,2021-06-26T22:52:32+00:00,False,False
2021-06-28 00:00:00+00:00,Pobelter,MID,Counter Logic Gaming,2021-06-28T00:15:18+00:00,17.326,3.4,2.2,7.8,281.6,5,33.56,4,2021-06-26T20:38:00+00:00,False,False
2021-06-28 00:00:00+00:00,PowerOfEvil,MID,TSM,2021-07-03T00:03:23+00:00,17.078,2,1.4,6.8,277.8,5,42.81,3,2021-06-27T22:00:02+00:00,False,False
2021-06-28 00:00:00+00:00,Raes,BOT,Immortals,2021-07-03T01:06:53+00:00,18.37,4.6,1.6,5,312.8,5,6.69,2,2021-06-27T21:05:45+00:00,False,False
2021-06-28 00:00:00+00:00,Revenge,TOP,Immortals,2021-07-03T01:06:53+00:00,23.986,5,2.6,6.8,271.2,5,19.19,2,2021-06-27T21:05:45+00:00,False,False
2021-06-28 00:00:00+00:00,Smoothie,SUP,Counter Logic Gaming,2021-06-28T00:15:18+00:00,21.156,1.4,1.8,11.8,35.4,5,16.82,4,2021-06-26T20:38:00+00:00,False,False
2021-06-28 00:00:00+00:00,Solo,TOP,Golden Guardians,2021-07-03T02:05:59+00:00,7.048,0.8,5.6,4.4,222.8,5,36.22,3,2021-06-27T23:06:45+00:00,False,False
2021-06-28 00:00:00+00:00,Spica,JGL,TSM,2021-07-03T00:03:23+00:00,15.452,3.8,1.2,4.8,180.8,5,29.96,3,2021-06-27T22:00:02+00:00,False,False
2021-06-28 00:00:00+00:00,Ssumday,TOP,100 Thieves,2021-07-02T21:10:28+00:00,16.226,3.2,2.2,5.6,245.6,5,56.36,3,2021-06-27T21:05:45+00:00,False,False
2021-06-28 00:00:00+00:00,Stixxay,BOT,Golden Guardians,2021-07-03T02:05:59+00:00,9.37,3,3.6,3.4,277.6,5,39.58,3,2021-06-27T23:06:45+00:00,False,False
2021-06-28 00:00:00+00:00,Svenskeren,JGL,Evil Geniuses,2021-07-02T23:05:59+00:00,9.596,2.4,3.6,6.4,174,5,62.79,3,2021-06-27T19:28:30+00:00,False,False
2021-06-28 00:00:00+00:00,SwordArt,SUP,TSM,2021-07-03T00:03:23+00:00,13.462,0,1.4,8.2,30.2,5,44.51,3,2021-06-27T22:00:02+00:00,False,False
2021-06-28 00:00:00+00:00,Tactical,BOT,Team Liquid,2021-07-02T21:10:28+00:00,20.31,5.4,2.6,6.6,279,5,43.62,3,2021-06-27T22:00:02+00:00,False,False
2021-06-28 00:00:00+00:00,Vulcan,SUP,Cloud9,2021-06-28T00:15:18+00:00,6.742,0.2,3.2,5.2,37.6,5,77.4,4,2021-06-26T22:52:32+00:00,False,False
2021-06-28 00:00:00+00:00,WildTurtle,BOT,Counter Logic Gaming,2021-06-28T00:15:18+00:00,19.774,4.4,2,7.8,306.2,5,20.67,4,2021-06-26T20:38:00+00:00,False,False
2021-06-28 00:00:00+00:00,Xerxe,JGL,Immortals,2021-07-03T01:06:53+00:00,18.266,3.4,1.2,7.8,197,5,13.26,2,2021-06-27T21:05:45+00:00,False,False
2021-06-28 00:00:00+00:00,Yusui,MID,Dignitas,2021-07-03T00:03:23+00:00,10.944,4,2.6,2.8,256,5,27.11,2,2021-06-27T19:28:30+00:00,False,False
2021-06-28 00:00:00+00:00,Zven,BOT,Cloud9,2021-06-28T00:15:18+00:00,15.662,2.8,1.4,5,311,5,66.75,4,2021-06-26T22:52:32+00:00,False,False
2021-06-28 00:00:00+00:00,aphromoo,SUP,Dignitas,2021-07-03T00:03:23+00:00,11.688,0,2.4,7.8,34.8,5,34.9,2,2021-06-27T19:28:30+00:00,False,False
2021-06-28 00:00:00+00:00,destiny,SUP,Immortals,2021-07-03T01:06:53+00:00,19.564,0.4,1.6,11.6,37.8,5,7.7,2,2021-06-27T21:05:45+00:00,False,False
2021-06-28 00:00:00+00:00,huhi,SUP,100 Thieves,2021-07-02T21:10:28+00:00,19.954,1,1,9.2,81.8,5,59.48,3,2021-06-27T21:05:45+00:00,False,False
2021-07-05 00:00:00+00:00,Abbedagge,MID,100 Thieves,2021-07-09T23:58:39+00:00,21.882,4.2,2,7.6,280,5,19.01,3,2021-07-04T20:55:21+00:00,False,False
2021-07-05 00:00:00+00:00,Ablazeolive,MID,Golden Guardians,2021-07-09T23:58:39+00:00,18.118,4.8,3.4,5.6,245.4,5,38.75,3,2021-07-04T19:26:20+00:00,False,False
2021-07-05 00:00:00+00:00,Akaadian,JGL,Dignitas,2021-07-05T00:03:53+00:00,13.942,3.6,2,6,185.4,5,48.46,4,2021-07-03T23:58:46+00:00,False,False
2021-07-05 00:00:00+00:00,Alphari,TOP,Team Liquid,2021-07-10T01:58:19+00:00,13.106,3,4.4,4.8,291.8,5,36.64,2,2021-06-04T22:02:02+00:00,False,False
2021-07-05 00:00:00+00:00,Amazo,JGL,Golden Guardians,2021-07-09T23:58:39+00:00,15.148,3.2,3.2,8.6,191.6,5,62.73,3,2021-07-04T19:26:20+00:00,False,False
2021-07-05 00:00:00+00:00,Armao,JGL,Team Liquid,2021-07-10T01:58:19+00:00,9.282,1,1.8,6.2,188.4,5,22.69,3,2021-07-04T23:10:56+00:00,False,False
2021-07-05 00:00:00+00:00,Blaber,JGL,Cloud9,2021-07-09T22:54:05+00:00,14.12,2.6,2.2,6.6,238.6,5,36.49,3,2021-07-04T22:06:09+00:00,False,False
2021-07-05 00:00:00+00:00,Broxah,JGL,Counter Logic Gaming,2021-07-09T21:35:31+00:00,2.346,1.6,3.6,1.6,154.6,5,34.4,3,2021-07-04T20:55:21+00:00,False,False
2021-07-05 00:00:00+00:00,Chime,SUP,Golden Guardians,2021-07-09T23:58:39+00:00,15.904,1.2,3.2,9.6,42.6,5,36.05,3,2021-07-04T19:26:20+00:00,False,False
2021-07-05 00:00:00+00:00,Closer,JGL,100 Thieves,2021-07-09T23:58:39+00:00,18.884,3.4,1,7.8,235.4,5,25.51,3,2021-07-04T20:55:21+00:00,False,False
2021-07-05 00:00:00+00:00,Contractz,JGL,Evil Geniuses,2021-07-10T00:55:21+00:00,15.664,3.4,2.8,6.4,209.2,5,13.21,1,2021-06-26T23:57:22+00:00,False,False
2021-07-05 00:00:00+00:00,CoreJJ,SUP,Team Liquid,2021-07-10T01:58:19+00:00,18.282,1,1.4,8.4,38,5,45.1,3,2021-07-04T23:10:56+00:00,False,False
2021-07-05 00:00:00+00:00,Danny,BOT,Evil Geniuses,2021-07-10T00:55:21+00:00,22.164,4.8,1.2,7.6,309.4,5,77.3,3,2021-07-04T19:26:20+00:00,False,False
2021-07-05 00:00:00+00:00,Diamond,SUP,FlyQuest,2021-07-09T22:54:05+00:00,8.39,0.8,3.6,6,61.2,5,59.05,3,2021-06-27T23:06:45+00:00,False,False
2021-07-05 00:00:00+00:00,FBI,BOT,100 Thieves,2021-07-09T23:58:39+00:00,18.526,3.4,1.2,6.6,259.2,5,24.08,3,2021-07-04T20:55:21+00:00,False,False
2021-07-05 00:00:00+00:00,FakeGod,TOP,Dignitas,2021-07-05T00:03:53+00:00,16.534,2.4,1.6,6.2,241.6,5,38.47,4,2021-07-03T23:58:46+00:00,False,False
2021-07-05 00:00:00+00:00,Finn,TOP,Counter Logic Gaming,2021-07-09T21:35:31+00:00,6.718,1,4.6,1.4,229.4,5,39.01,3,2021-07-04T20:55:21+00:00,False,False
2021-07-05 00:00:00+00:00,Fudge,TOP,Cloud9,2021-07-09T22:54:05+00:00,15.49,2.6,0.8,4.2,307.8,5,77.93,3,2021-07-04T22:06:09+00:00,False,False
2021-07-05 00:00:00+00:00,Huni,TOP,TSM,2021-07-09T21:35:31+00:00,9.928,1.6,2.8,3,244.4,5,24.93,3,2021-07-04T22:06:09+00:00,False,False
2021-07-05 00:00:00+00:00,Ignar,SUP,Evil Geniuses,2021-07-10T00:55:21+00:00,22.034,0.8,0.8,11.6,33.8,5,49.86,3,2021-07-04T19:26:20+00:00,False,False
2021-07-05 00:00:00+00:00,Impact,TOP,Evil Geniuses,2021-07-10T00:55:21+00:00,20.37,4.4,3.6,8.4,206.6,5,55.44,3,2021-07-04T19:26:20+00:00,False,False
2021-07-05 00:00:00+00:00,Insanity,MID,Immortals,2021-07-05T00:03:53+00:00,8.408,1.4,2.6,5.2,207.6,5,49.89,4,2021-07-03T20:43:12+00:00,False,False
2021-07-05 00:00:00+00:00,Jenkins,TOP,Team Liquid,2021-07-10T21:44:21+00:00,14.048,2.2,3.4,5.8,234,5,12.65,1,2021-07-04T23:10:56+00:00,False,False
2021-07-05 00:00:00+00:00,Jensen,MID,Team Liquid,2021-07-10T01:58:19+00:00,17.328,3.6,1.2,5.2,298.4,5,31.13,3,2021-07-04T23:10:56+00:00,False,False
2021-07-05 00:00:00+00:00,Jiizuke,MID,Evil Geniuses,2021-07-10T00:55:21+00:00,21.396,3.4,2.2,10,263.2,5,43.02,3,2021-07-04T19:26:20+00:00,False,False
2021-07-05 00:00:00+00:00,Kumo,TOP,FlyQuest,2021-07-09T22:54:05+00:00,12.786,4,4.6,5.2,310.2,5,49.86,3,2021-06-27T23:06:45+00:00,False,False
2021-07-05 00:00:00+00:00,Licorice,TOP,Golden Guardians,2021-07-09T23:58:39+00:00,5.026,0.8,4,2.2,242.6,5,65.14,3,2021-07-04T23:10:56+00:00,False,False
2021-07-05 00:00:00+00:00,Lost,BOT,TSM,2021-07-09T21:35:31+00:00,15.26,2.6,1.2,3.8,280.2,5,50.84,3,2021-07-04T22:06:09+00:00,False,False
2021-07-05 00:00:00+00:00,Neo,BOT,Dignitas,2021-07-05T00:03:53+00:00,19.244,4,1.8,6.6,291.6,5,60.21,4,2021-07-03T23:58:46+00:00,False,False
2021-07-05 00:00:00+00:00,Nxi,JGL,FlyQuest,2021-07-09T22:54:05+00:00,0.485,0,2,1,148.5,2,65.03,3,2021-01-16T22:39:51+00:00,False,False
2021-07-05 00:00:00+00:00,Perkz,MID,Cloud9,2021-07-09T22:54:05+00:00,15.11,2.4,1.4,4.4,304.4,5,49.93,3,2021-07-04T22:06:09+00:00,False,False
2021-07-05 00:00:00+00:00,Pobelter,MID,Counter Logic Gaming,2021-07-09T21:35:31+00:00,7.194,1,4.4,2.6,265,5,31.45,3,2021-07-04T20:55:21+00:00,False,False
2021-07-05 00:00:00+00:00,PowerOfEvil,MID,TSM,2021-07-09T21:35:31+00:00,13.402,1.8,1,3.2,275.6,5,30.17,3,2021-07-04T22:06:09+00:00,False,False
2021-07-05 00:00:00+00:00,Raes,BOT,Immortals,2021-07-05T00:03:53+00:00,10.134,2.4,2,3.4,273.4,5,57.32,4,2021-07-03T20:43:12+00:00,False,False
2021-07-05 00:00:00+00:00,Revenge,TOP,Immortals,2021-07-05T00:03:53+00:00,20.022,4,2.8,4.8,251.6,5,50.1,4,2021-07-03T20:43:12+00:00,False,False
2021-07-05 00:00:00+00:00,Smoothie,SUP,Counter Logic Gaming,2021-07-09T21:35:31+00:00,5.114,0,2.8,3.6,34.6,5,40.81,3,2021-07-04T20:55:21+00:00,False,False
2021-07-05 00:00:00+00:00,Spica,JGL,TSM,2021-07-09T21:35:31+00:00,10.076,2,2,3.8,173.4,5,51.67,3,2021-07-04T22:06:09+00:00,False,False
2021-07-05 00:00:00+00:00,Ssumday,TOP,100 Thieves,2021-07-09T23:58:39+00:00,18.208,4,2,5.8,284,5,28.61,3,2021-07-04T20:55:21+00:00,False,False
2021-07-05 00:00:00+00:00,Stixxay,BOT,Golden Guardians,2021-07-09T23:58:39+00:00,13.432,3.2,4.2,7,298.8,5,63.69,3,2021-07-04T19:26:20+00:00,False,False
2021-07-05 00:00:00+00:00,Svenskeren,JGL,Evil Geniuses,2021-07-10T22:45:16+00:00,14.332,4,2.6,6,197.6,5,23.59,2,2021-07-04T19:26:20+00:00,False,False
2021-07-05 00:00:00+00:00,SwordArt,SUP,TSM,2021-07-09T21:35:31+00:00,10.05,0.4,2,5.4,32.2,5,35.09,3,2021-07-04T22:06:09+00:00,False,False
2021-07-05 00:00:00+00:00,Tactical,BOT,Team Liquid,2021-07-10T01:58:19+00:00,14.584,4.4,2.8,3.4,324.2,5,42.29,3,2021-07-04T23:10:56+00:00,False,False
2021-07-05 00:00:00+00:00,Tomo,BOT,FlyQuest,2021-07-09T22:54:05+00:00,28.1,7,2,8,337,1,59.15,3,2021-06-27T23:06:45+00:00,False,False
2021-07-05 00:00:00+00:00,Triple,MID,FlyQuest,2021-07-09T22:54:05+00:00,14.1069,3.03,2.37,5.2,271.79,0,79.85,3,,False,False
2021-07-05 00:00:00+00:00,Vulcan,SUP,Cloud9,2021-07-09T22:54:05+00:00,16.77,0.6,2.4,8.8,35.4,5,59.27,3,2021-07-04T22:06:09+00:00,False,False
2021-07-05 00:00:00+00:00,WildTurtle,BOT,Counter Logic Gaming,2021-07-09T21:35:31+00:00,5.56,2,2.8,1.6,285.4,5,50.7,3,2021-07-04T20:55:21+00:00,False,False
2021-07-05 00:00:00+00:00,Xerxe,JGL,Immortals,2021-07-05T00:03:53+00:00,14.228,3.2,2,5.4,180.4,5,50.53,4,2021-07-03T20:43:12+00:00,False,False
2021-07-05 00:00:00+00:00,Yusui,MID,Dignitas,2021-07-05T00:03:53+00:00,13.07,4.4,2,3.6,255.2,5,40.49,4,2021-07-03T23:58:46+00:00,False,False
2021-07-05 00:00:00+00:00,Zven,BOT,Cloud9,2021-07-09T22:54:05+00:00,15.69,2.8,1.2,5,331.2,5,57.98,3,2021-07-04T22:06:09+00:00,False,False
2021-07-05 00:00:00+00:00,aphromoo,SUP,Dignitas,2021-07-05T00:03:53+00:00,15.266,0.4,2,9.6,39.6,5,29.32,4,2021-07-03T23:58:46+00:00,False,False
2021-07-05 00:00:00+00:00,destiny,SUP,Immortals,2021-07-05T00:03:53+00:00,13.22,0.6,2.6,8.2,28.8,5,51.43,4,2021-07-03T20:43:12+00:00,False,False
2021-07-05 00:00:00+00:00,huhi,SUP,100 Thieves,2021-07-09T23:58:39+00:00,21.064,0.8,0.8,10.6,83.6,5,22.29,3,2021-07-04T20:55:21+00:00,False,False
2021-07-12 00:00:00+00:00,Abbedagge,MID,100 Thieves,2021-07-16T23:55:37+00:00,9.93,2.8,2.8,3.2,273,5,45.32,3,2021-07-11T21:36:29+00:00,False,False
2021-07-12 00:00:00+00:00,Ablazeolive,MID,Golden Guardians,2021-07-17T01:39:28+00:00,13.346,3.2,2.6,5.8,259.2,5,43.75,3,2021-07-11T19:29:48+00:00,False,False
2021-07-12 00:00:00+00:00,Akaadian,JGL,Dignitas,2021-07-16T23:55:37+00:00,12.638,2.8,2,5.8,184.6,5,43.38,3,2021-07-11T23:33:24+00:00,False,False
2021-07-12 00:00:00+00:00,Alphari,TOP,Team Liquid,2021-07-17T00:44:48+00:00,12.576,2,4,5,283.4,5,54.72,3,2021-07-11T19:29:48+00:00,False,False
2021-07-12 00:00:00+00:00,Amazo,JGL,Golden Guardians,2021-07-17T01:39:28+00:00,16.692,3.4,2.4,8.8,195.6,5,29.16,3,2021-07-11T19:29:48+00:00,False,False
2021-07-12 00:00:00+00:00,Armao,JGL,Team Liquid,2021-07-17T00:44:48+00:00,8.174,1.6,2.6,4.8,170.8,5,24.72,3,2021-07-11T19:29:48+00:00,False,False
2021-07-12 00:00:00+00:00,Blaber,JGL,Cloud9,2021-07-16T21:20:22+00:00,12.034,2,4,8.8,215.6,5,68.69,3,2021-07-11T22:35:06+00:00,False,False
2021-07-12 00:00:00+00:00,Broxah,JGL,Counter Logic Gaming,2021-07-17T00:44:48+00:00,8.37,2.4,2.8,4.2,187.6,5,17.3,3,2021-07-11T23:33:24+00:00,False,False
2021-07-12 00:00:00+00:00,Chime,SUP,Golden Guardians,2021-07-17T01:39:28+00:00,11.068,0.6,3.8,9.2,40.6,5,54.7,3,2021-07-11T19:29:48+00:00,False,False
2021-07-12 00:00:00+00:00,Closer,JGL,100 Thieves,2021-07-16T23:55:37+00:00,14.182,3.8,1.8,4.2,211.8,5,52.07,3,2021-07-11T21:36:29+00:00,False,False
2021-07-12 00:00:00+00:00,CoreJJ,SUP,Team Liquid,2021-07-17T00:44:48+00:00,16.512,0.6,1.4,7.4,36,5,34.18,3,2021-07-11T19:29:48+00:00,False,False
2021-07-12 00:00:00+00:00,Damonte,MID,Counter Logic Gaming,2021-07-17T00:44:48+00:00,11.746,1.2,3.4,6.6,328.8,5,7.22,3,2021-02-28T21:44:35+00:00,False,False
2021-07-12 00:00:00+00:00,Danny,BOT,Evil Geniuses,2021-07-17T01:39:28+00:00,27.946,5.8,1.4,7.6,336.2,5,44.62,3,2021-07-11T22:35:06+00:00,False,False
2021-07-12 00:00:00+00:00,Diamond,SUP,FlyQuest,2021-07-16T22:59:17+00:00,13.79,1.6,4.6,9.6,63.2,5,33.99,3,2021-07-11T20:39:37+00:00,False,False
2021-07-12 00:00:00+00:00,FBI,BOT,100 Thieves,2021-07-16T23:55:37+00:00,12.284,1.8,2.4,5.4,244.8,5,51.06,3,2021-07-11T21:36:29+00:00,False,False
2021-07-12 00:00:00+00:00,FakeGod,TOP,Dignitas,2021-07-16T23:55:37+00:00,12.262,1.8,2.8,5.6,236.2,5,52.11,3,2021-07-11T23:33:24+00:00,False,False
2021-07-12 00:00:00+00:00,Finn,TOP,Counter Logic Gaming,2021-07-17T00:44:48+00:00,11.424,2,3.4,3.4,259.8,5,25.04,3,2021-07-11T23:33:24+00:00,False,False
2021-07-12 00:00:00+00:00,Fudge,TOP,Cloud9,2021-07-16T21:20:22+00:00,23.32,5.2,1.8,5.2,282.4,5,83.08,3,2021-07-11T22:35:06+00:00,False,False
2021-07-12 00:00:00+00:00,Huni,TOP,TSM,2021-07-16T22:59:17+00:00,11.778,1.6,3.6,5.6,265.2,5,56.31,3,2021-07-11T21:36:29+00:00,False,False
2021-07-12 00:00:00+00:00,Ignar,SUP,Evil Geniuses,2021-07-17T01:39:28+00:00,19.966,0.8,1.2,11.8,32.4,5,49.89,3,2021-07-11T22:35:06+00:00,False,False
2021-07-12 00:00:00+00:00,Impact,TOP,Evil Geniuses,2021-07-17T01:39:28+00:00,18.03,4,3,8.2,217.4,5,65.35,3,2021-07-11T22:35:06+00:00,False,False
2021-07-12 00:00:00+00:00,Insanity,MID,Immortals,2021-07-16T21:20:22+00:00,9.986,2.6,3.2,4,251,5,55.43,3,2021-07-11T20:39:37+00:00,False,False
2021-07-12 00:00:00+00:00,Jensen,MID,Team Liquid,2021-07-17T00:44:48+00:00,12.794,2.4,1.4,4.2,263,5,34.55,3,2021-07-11T19:29:48+00:00,False,False
2021-07-12 00:00:00+00:00,Jiizuke,MID,Evil Geniuses,2021-07-17T01:39:28+00:00,16.64,3.6,2.6,8.2,293.6,5,45.75,3,2021-07-11T22:35:06+00:00,False,False
2021-07-12 00:00:00+00:00,Kumo,TOP,FlyQuest,2021-07-16T22:59:17+00:00,15.904,4.6,4,6.8,272.2,5,24.92,3,2021-07-11T20:39:37+00:00,False,False
2021-07-12 00:00:00+00:00,Licorice,TOP,Golden Guardians,2021-07-17T01:39:28+00:00,15.718,4.4,2.2,4,257.8,5,43.3,3,2021-07-11T19:29:48+00:00,False,False
2021-07-12 00:00:00+00:00,Lost,BOT,TSM,2021-07-16T22:59:17+00:00,19.926,4.6,1.4,5,300,5,32.71,3,2021-07-11T21:36:29+00:00,False,False
2021-07-12 00:00:00+00:00,Neo,BOT,Dignitas,2021-07-16T23:55:37+00:00,15.31,3.8,2.2,5,304.8,5,30.92,3,2021-07-11T23:33:24+00:00,False,False
2021-07-12 00:00:00+00:00,Nxi,JGL,FlyQuest,2021-07-16T22:59:17+00:00,13.2,3,2.4,7,180.2,5,30.21,3,2021-07-11T20:39:37+00:00,False,False
2021-07-12 00:00:00+00:00,Perkz,MID,Cloud9,2021-07-16T21:20:22+00:00,16.1,2.8,2.4,6.4,314.4,5,47.24,3,2021-07-11T22:35:06+00:00,False,False
2021-07-12 00:00:00+00:00,PowerOfEvil,MID,TSM,2021-07-16T22:59:17+00:00,14.234,2,2,6,293,5,65.39,3,2021-07-11T21:36:29+00:00,False,False
2021-07-12 00:00:00+00:00,Raes,BOT,Immortals,2021-07-16T21:20:22+00:00,11.796,2.8,2.6,4.6,282.8,5,39.51,3,2021-07-11T20:39:37+00:00,False,False
2021-07-12 00:00:00+00:00,Revenge,TOP,Immortals,2021-07-16T21:20:22+00:00,10.734,2.2,3.6,4,222.6,5,33.77,3,2021-07-11T20:39:37+00:00,False,False
2021-07-12 00:00:00+00:00,Smoothie,SUP,Counter Logic Gaming,2021-07-17T00:44:48+00:00,10.042,0.6,3.2,6,38.6,5,11.44,3,2021-07-11T23:33:24+00:00,False,False
2021-07-12 00:00:00+00:00,Spica,JGL,TSM,2021-07-16T22:59:17+00:00,16.59,4,2,5.8,196.2,5,44.52,3,2021-07-11T21:36:29+00:00,False,False
2021-07-12 00:00:00+00:00,Ssumday,TOP,100 Thieves,2021-07-16T23:55:37+00:00,11.738,2,2.2,4.2,261.4,5,40.83,3,2021-07-11T21:36:29+00:00,False,False
2021-07-12 00:00:00+00:00,Stixxay,BOT,Golden Guardians,2021-07-17T01:39:28+00:00,17.666,3.8,2.4,7.2,286.2,5,67.03,3,2021-07-11T19:29:48+00:00,False,False
2021-07-12 00:00:00+00:00,Svenskeren,JGL,Evil Geniuses,2021-07-17T01:39:28+00:00,17.276,4.2,1.6,7.2,195.2,5,39.92,3,2021-07-11T22:35:06+00:00,False,False
2021-07-12 00:00:00+00:00,SwordArt,SUP,TSM,2021-07-16T22:59:17+00:00,14.432,0.4,3.2,9,36,5,46.41,3,2021-07-11T21:36:29+00:00,False,False
2021-07-12 00:00:00+00:00,Tactical,BOT,Team Liquid,2021-07-17T00:44:48+00:00,15.998,4,1.6,3.4,316.2,5,25.83,3,2021-07-11T19:29:48+00:00,False,False
2021-07-12 00:00:00+00:00,Tomo,BOT,FlyQuest,2021-07-16T22:59:17+00:00,21.8125,4.5,2.5,10,300.5,4,25.53,3,2021-07-11T20:39:37+00:00,False,False
2021-07-12 00:00:00+00:00,Triple,MID,FlyQuest,2021-07-16T22:59:17+00:00,26.6166666667,6.33333333333,2,8.66666666667,298.333333333,3,45.96,3,2021-07-11T20:39:37+00:00,False,False
2021-07-12 00:00:00+00:00,Vulcan,SUP,Cloud9,2021-07-16T21:20:22+00:00,18.736,0.6,2.2,10.6,35.8,5,66.02,3,2021-07-11T22:35:06+00:00,False,False
2021-07-12 00:00:00+00:00,WildTurtle,BOT,Counter Logic Gaming,2021-07-17T00:44:48+00:00,11.88,2,2.2,4.6,325.6,5,29.58,3,2021-07-11T23:33:24+00:00,False,False
2021-07-12 00:00:00+00:00,Xerxe,JGL,Immortals,2021-07-16T21:20:22+00:00,11.554,2.6,3.2,5.4,197,5,46.64,3,2021-07-11T20:39:37+00:00,False,False
2021-07-12 00:00:00+00:00,Yusui,MID,Dignitas,2021-07-16T23:55:37+00:00,10.61,3.6,2.8,3,265.8,5,14.03,3,2021-07-11T23:33:24+00:00,False,False
2021-07-12 00:00:00+00:00,Zven,BOT,Cloud9,2021-07-16T21:20:22+00:00,16.824,3.8,2,6.2,319.6,5,45.06,3,2021-07-11T22:35:06+00:00,False,False
2021-07-12 00:00:00+00:00,aphromoo,SUP,Dignitas,2021-07-16T23:55:37+00:00,10.482,0.4,3.8,8.2,36.6,5,30.38,3,2021-07-11T23:33:24+00:00,False,False
2021-07-12 00:00:00+00:00,destiny,SUP,Immortals,2021-07-16T21:20:22+00:00,11.476,0.4,3.2,7.8,32,5,33.54,3,2021-07-11T20:39:37+00:00,False,False
2021-07-12 00:00:00+00:00,huhi,SUP,100 Thieves,2021-07-16T23:55:37+00:00,10.726,0.6,2,6.2,78.4,5,34.62,3,2021-07-11T21:36:29+00:00,False,False
2021-07-19 00:00:00+00:00,Abbedagge,MID,100 Thieves,2021-07-23T20:58:06+00:00,12.02,3.2,1.8,3,271.8,5,50.55,3,2021-07-18T22:51:55+00:00,False,False
2021-07-19 00:00:00+00:00,Ablazeolive,MID,Golden Guardians,2021-07-24T00:44:03+00:00,13.6,4.2,2.6,5.6,244.8,5,31.95,3,2021-07-18T23:54:05+00:00,False,False
2021-07-19 00:00:00+00:00,Akaadian,JGL,Dignitas,2021-07-24T02:04:34+00:00,13.68,3.4,3,4.6,199,5,66.18,3,2021-07-18T22:00:00+00:00,False,False
2021-07-19 00:00:00+00:00,Alphari,TOP,Team Liquid,2021-07-23T23:47:41+00:00,18.272,1.8,2.2,5.6,277.2,5,57.64,3,2021-07-18T20:55:37+00:00,False,False
2021-07-19 00:00:00+00:00,Amazo,JGL,Golden Guardians,2021-07-24T00:44:03+00:00,13.976,2.4,2.6,8.4,210.4,5,32.67,3,2021-07-18T23:54:05+00:00,False,False
2021-07-19 00:00:00+00:00,Armao,JGL,Team Liquid,2021-07-23T23:47:41+00:00,7.938,2.8,3.4,3.2,185.6,5,35.53,3,2021-07-18T20:55:37+00:00,False,False
2021-07-19 00:00:00+00:00,Blaber,JGL,Cloud9,2021-07-23T20:58:06+00:00,16.942,4.2,3.2,8.2,204.6,5,55.91,3,2021-07-18T23:54:05+00:00,False,False
2021-07-19 00:00:00+00:00,Broxah,JGL,Counter Logic Gaming,2021-07-24T00:44:03+00:00,7.138,2,2,2.6,180.8,5,36.94,3,2021-07-18T19:03:27+00:00,False,False
2021-07-19 00:00:00+00:00,Chime,SUP,Golden Guardians,2021-07-24T00:44:03+00:00,15.372,0.6,3,11.2,26.6,5,26.64,3,2021-07-18T23:54:05+00:00,False,False
2021-07-19 00:00:00+00:00,Closer,JGL,100 Thieves,2021-07-23T20:58:06+00:00,15.004,4.2,1.8,3.8,200.8,5,42.12,3,2021-07-18T22:51:55+00:00,False,False
2021-07-19 00:00:00+00:00,Contractz,JGL,Evil Geniuses,2021-07-23T22:46:55+00:00,13.39,3,3.4,6.4,224.2,5,10.26,1,2021-07-10T00:55:21+00:00,False,False
2021-07-19 00:00:00+00:00,CoreJJ,SUP,Team Liquid,2021-07-23T23:47:41+00:00,12.854,0.4,1.4,6.2,35.8,5,54.54,3,2021-07-18T20:55:37+00:00,False,False
2021-07-19 00:00:00+00:00,Damonte,MID,Counter Logic Gaming,2021-07-24T00:44:03+00:00,4.784,0.6,3.6,3.6,288.4,5,31.3,3,2021-07-18T19:03:27+00:00,False,False
2021-07-19 00:00:00+00:00,Danny,BOT,Evil Geniuses,2021-07-23T22:46:55+00:00,19.456,5.2,2,3.4,298,5,36.98,3,2021-07-18T22:00:00+00:00,False,False
2021-07-19 00:00:00+00:00,Diamond,SUP,FlyQuest,2021-07-23T23:47:41+00:00,14.004,1.2,3.2,8.2,39.4,5,9.19,3,2021-07-18T22:51:55+00:00,False,False
2021-07-19 00:00:00+00:00,FBI,BOT,100 Thieves,2021-07-23T20:58:06+00:00,14.158,1.8,2.4,5.4,301.6,5,23.24,3,2021-07-18T22:51:55+00:00,False,False
2021-07-19 00:00:00+00:00,FakeGod,TOP,Dignitas,2021-07-24T02:04:34+00:00,15.234,2.4,2.4,5,216,5,59.58,3,2021-07-18T22:00:00+00:00,False,False
2021-07-19 00:00:00+00:00,Finn,TOP,Counter Logic Gaming,2021-07-24T00:44:03+00:00,7.856,0.8,3,2,270.4,5,43.55,3,2021-07-18T19:03:27+00:00,False,False
2021-07-19 00:00:00+00:00,Fudge,TOP,Cloud9,2021-07-23T20:58:06+00:00,24.226,5.2,1.2,6.4,267.6,5,56.69,3,2021-07-18T23:54:05+00:00,False,False
2021-07-19 00:00:00+00:00,Huni,TOP,TSM,2021-07-23T22:46:55+00:00,14.714,3.4,4,4.4,267,5,45.94,3,2021-07-18T20:55:37+00:00,False,False
2021-07-19 00:00:00+00:00,Ignar,SUP,Evil Geniuses,2021-07-23T22:46:55+00:00,16.97,1.4,1.8,9.4,32.4,5,22.55,3,2021-07-18T22:00:00+00:00,False,False
2021-07-19 00:00:00+00:00,Impact,TOP,Evil Geniuses,2021-07-23T22:46:55+00:00,19.876,2.6,1.4,7.8,227.4,5,34.95,3,2021-07-18T22:00:00+00:00,False,False
2021-07-19 00:00:00+00:00,Insanity,MID,Immortals,2021-07-24T02:04:34+00:00,13.604,3,2.6,4.8,287.8,5,66.95,3,2021-07-18T19:03:27+00:00,False,False
2021-07-19 00:00:00+00:00,Jensen,MID,Team Liquid,2021-07-23T23:47:41+00:00,10.096,2.2,2.2,3.4,280.6,5,61.9,3,2021-07-18T20:55:37+00:00,False,False
2021-07-19 00:00:00+00:00,Jiizuke,MID,Evil Geniuses,2021-07-23T22:46:55+00:00,14.476,4.2,2.6,4.4,290.6,5,47.85,3,2021-07-18T22:00:00+00:00,False,False
2021-07-19 00:00:00+00:00,Kumo,TOP,FlyQuest,2021-07-23T23:47:41+00:00,10.794,1.8,2.8,4.6,249.6,5,5.12,3,2021-07-18T22:51:55+00:00,False,False
2021-07-19 00:00:00+00:00,Licorice,TOP,Golden Guardians,2021-07-24T00:44:03+00:00,17.304,5.2,3.4,6.6,243,5,35.07,3,2021-07-18T23:54:05+00:00,False,False
2021-07-19 00:00:00+00:00,Lost,BOT,TSM,2021-07-23T22:46:55+00:00,13.704,2.2,1.2,4.8,277.8,5,42.54,3,2021-07-18T20:55:37+00:00,False,False
2021-07-19 00:00:00+00:00,Neo,BOT,Dignitas,2021-07-24T02:04:34+00:00,13.736,2.2,2,4.8,271.2,5,61.96,3,2021-07-18T22:00:00+00:00,False,False
2021-07-19 00:00:00+00:00,Nxi,JGL,FlyQuest,2021-07-23T23:47:41+00:00,14.01,3.6,1.4,5.6,167.8,5,12.03,3,2021-07-18T22:51:55+00:00,False,False
2021-07-19 00:00:00+00:00,Perkz,MID,Cloud9,2021-07-23T20:58:06+00:00,16.768,4.4,2.8,6,289,5,37.22,3,2021-07-18T23:54:05+00:00,False,False
2021-07-19 00:00:00+00:00,PowerOfEvil,MID,TSM,2021-07-23T22:46:55+00:00,17.656,2.6,2,6.2,286.8,5,35.96,3,2021-07-18T20:55:37+00:00,False,False
2021-07-19 00:00:00+00:00,Raes,BOT,Immortals,2021-07-24T02:04:34+00:00,11.958,2.6,3,4.4,349.8,5,76.55,3,2021-07-18T19:03:27+00:00,False,False
2021-07-19 00:00:00+00:00,Revenge,TOP,Immortals,2021-07-24T02:04:34+00:00,9.662,2,4.2,3.6,285.4,5,59.18,3,2021-07-18T19:03:27+00:00,False,False
2021-07-19 00:00:00+00:00,Smoothie,SUP,Counter Logic Gaming,2021-07-24T00:44:03+00:00,4.606,0.4,4.4,2.8,35.8,5,29.81,3,2021-07-18T19:03:27+00:00,False,False
2021-07-19 00:00:00+00:00,Spica,JGL,TSM,2021-07-23T22:46:55+00:00,16.036,3.6,1.4,6,205.2,5,32.18,3,2021-07-18T20:55:37+00:00,False,False
2021-07-19 00:00:00+00:00,Ssumday,TOP,100 Thieves,2021-07-23T20:58:06+00:00,11.364,2,2.6,3.8,248.8,5,38.67,3,2021-07-18T22:51:55+00:00,False,False
2021-07-19 00:00:00+00:00,Stixxay,BOT,Golden Guardians,2021-07-24T00:44:03+00:00,21.252,4.2,1,7,286.8,5,38.92,3,2021-07-18T23:54:05+00:00,False,False
2021-07-19 00:00:00+00:00,Svenskeren,JGL,Evil Geniuses,2021-07-24T21:46:05+00:00,12.702,3.2,2.8,6.8,188.2,5,15.45,2,2021-07-18T22:00:00+00:00,False,False
2021-07-19 00:00:00+00:00,SwordArt,SUP,TSM,2021-07-23T22:46:55+00:00,14.63,0.8,1.8,7.6,36,5,44.87,3,2021-07-18T20:55:37+00:00,False,False
2021-07-19 00:00:00+00:00,Tactical,BOT,Team Liquid,2021-07-23T23:47:41+00:00,9.936,2.2,2.2,3.2,302.6,5,40.96,3,2021-07-18T20:55:37+00:00,False,False
2021-07-19 00:00:00+00:00,Tomo,BOT,FlyQuest,2021-07-23T23:47:41+00:00,12,2.4,2.8,5.6,276.6,5,14.71,3,2021-07-18T22:51:55+00:00,False,False
2021-07-19 00:00:00+00:00,Triple,MID,FlyQuest,2021-07-23T23:47:41+00:00,19.152,3.8,2.4,5.8,270.2,5,11.96,3,2021-07-18T22:51:55+00:00,False,False
2021-07-19 00:00:00+00:00,Vulcan,SUP,Cloud9,2021-07-23T20:58:06+00:00,19.718,0.4,2.6,13,30.6,5,60.13,3,2021-07-18T23:54:05+00:00,False,False
2021-07-19 00:00:00+00:00,WildTurtle,BOT,Counter Logic Gaming,2021-07-24T00:44:03+00:00,9.1,1.4,2.4,2.2,343.4,5,29.7,3,2021-07-18T19:03:27+00:00,False,False
2021-07-19 00:00:00+00:00,Xerxe,JGL,Immortals,2021-07-24T02:04:34+00:00,10.944,3.2,3.2,5,210.4,5,53.36,3,2021-07-18T19:03:27+00:00,False,False
2021-07-19 00:00:00+00:00,Yusui,MID,Dignitas,2021-07-24T02:04:34+00:00,5.782,2.8,4,2,237.8,5,46.31,3,2021-07-18T22:00:00+00:00,False,False
2021-07-19 00:00:00+00:00,Zven,BOT,Cloud9,2021-07-23T20:58:06+00:00,15.718,3.4,1.6,6.2,316.2,5,71.58,3,2021-07-18T23:54:05+00:00,False,False
2021-07-19 00:00:00+00:00,aphromoo,SUP,Dignitas,2021-07-24T02:04:34+00:00,10.244,0.2,2.4,6.8,28,5,54.54,3,2021-07-18T22:00:00+00:00,False,False
2021-07-19 00:00:00+00:00,destiny,SUP,Immortals,2021-07-24T02:04:34+00:00,9.31,0,2.4,6.6,41.8,5,78.86,3,2021-07-18T19:03:27+00:00,False,False
2021-07-19 00:00:00+00:00,huhi,SUP,100 Thieves,2021-07-23T20:58:06+00:00,10.706,0.2,2.2,6.8,33.8,5,34.21,3,2021-07-18T22:51:55+00:00,False,False
2021-07-26 00:00:00+00:00,Abbedagge,MID,100 Thieves,2021-07-30T21:12:55+00:00,18.754,4.6,2.2,5.2,283.4,5,19.37,2,2021-07-25T20:52:33+00:00,False,False
2021-07-26 00:00:00+00:00,Ablazeolive,MID,Golden Guardians,2021-07-30T23:55:09+00:00,10.886,3.2,4,5.8,270,5,50.29,3,2021-07-25T19:14:38+00:00,False,False
2021-07-26 00:00:00+00:00,Akaadian,JGL,Dignitas,2021-07-31T01:52:43+00:00,16.112,3.2,3.2,8.4,202,5,15.95,2,2021-07-25T23:42:16+00:00,False,False
2021-07-26 00:00:00+00:00,Akaadian,MID,Dignitas,2021-08-01T19:38:59+00:00,16.426,3.2,2.2,7.6,206,5,27.13,1,2021-07-31T22:48:06+00:00,False,False
2021-07-26 00:00:00+00:00,Alphari,TOP,Team Liquid,2021-07-31T00:58:59+00:00,16.612,2.2,2,5.2,302.8,5,49.49,3,2021-07-25T19:14:38+00:00,False,False
2021-07-26 00:00:00+00:00,Amazo,JGL,Golden Guardians,2021-07-30T23:55:09+00:00,9.6,3,3.6,5,237,5,23.31,3,2021-07-25T19:14:38+00:00,False,False
2021-07-26 00:00:00+00:00,Blaber,JGL,Cloud9,2021-07-30T22:45:50+00:00,21.362,5.6,1.4,8.4,213.8,5,53.01,3,2021-07-25T21:41:26+00:00,False,False
2021-07-26 00:00:00+00:00,Broxah,JGL,Counter Logic Gaming,2021-07-31T01:52:43+00:00,9.03,2.6,1.8,3.2,197,5,24.52,3,2021-07-25T22:50:10+00:00,False,False
2021-07-26 00:00:00+00:00,Chime,SUP,Golden Guardians,2021-07-30T23:55:09+00:00,11.064,0.6,4.4,8.8,32.2,5,39.42,3,2021-07-25T19:14:38+00:00,False,False
2021-07-26 00:00:00+00:00,Closer,JGL,100 Thieves,2021-07-30T21:12:55+00:00,19.338,5,2,5.6,222,5,34.59,2,2021-07-25T20:52:33+00:00,False,False
2021-07-26 00:00:00+00:00,Contractz,JGL,Evil Geniuses,2021-08-01T22:41:19+00:00,14.506,3.6,3.2,6.8,224,5,13.76,1,2021-07-23T22:46:55+00:00,False,False
2021-07-26 00:00:00+00:00,CoreJJ,SUP,Team Liquid,2021-07-31T00:58:59+00:00,14.5,1,2.4,7.4,41,5,42.4,3,2021-07-25T19:14:38+00:00,False,False
2021-07-26 00:00:00+00:00,Damonte,MID,Counter Logic Gaming,2021-07-31T01:52:43+00:00,7.358,2.2,2.8,2.2,328.6,5,30.31,3,2021-07-25T22:50:10+00:00,False,False
2021-07-26 00:00:00+00:00,Danny,BOT,Evil Geniuses,2021-07-30T22:45:50+00:00,16.428,4,1.4,3.6,283.4,5,40.52,3,2021-07-25T22:50:10+00:00,False,False
2021-07-26 00:00:00+00:00,Diamond,SUP,FlyQuest,2021-07-30T23:55:09+00:00,4.958,0.8,4,3.6,33.4,5,28.57,3,2021-07-25T23:42:16+00:00,False,False
2021-07-26 00:00:00+00:00,FBI,BOT,100 Thieves,2021-07-30T21:12:55+00:00,13.594,1.6,3,6.6,302.4,5,35.96,2,2021-07-25T20:52:33+00:00,False,False
2021-07-26 00:00:00+00:00,FakeGod,SUP,Dignitas,2021-08-01T19:38:59+00:00,16.748,2.2,1.8,4.8,258.8,5,22.31,1,2021-07-31T22:48:06+00:00,False,False
2021-07-26 00:00:00+00:00,FakeGod,TOP,Dignitas,2021-07-31T01:52:43+00:00,17.056,3.2,2.4,4.8,237.6,5,24.16,2,2021-07-25T23:42:16+00:00,False,False
2021-07-26 00:00:00+00:00,Finn,TOP,Counter Logic Gaming,2021-07-31T01:52:43+00:00,13.178,2,2.4,3.4,282.6,5,33.29,3,2021-07-25T22:50:10+00:00,False,False
2021-07-26 00:00:00+00:00,Fudge,TOP,Cloud9,2021-07-30T22:45:50+00:00,21.73,4.6,1,6.2,265.2,5,61.24,3,2021-07-25T21:41:26+00:00,False,False
2021-07-26 00:00:00+00:00,Huni,TOP,TSM,2021-07-30T21:12:55+00:00,18.834,4,2.6,5.2,310.8,5,46.36,3,2021-07-25T21:41:26+00:00,False,False
2021-07-26 00:00:00+00:00,Ignar,SUP,Evil Geniuses,2021-07-30T22:45:50+00:00,13.534,1,1.8,7,30.6,5,33.96,3,2021-07-25T22:50:10+00:00,False,False
2021-07-26 00:00:00+00:00,Impact,TOP,Evil Geniuses,2021-07-30T22:45:50+00:00,18.496,2.6,1.6,5.8,220.8,5,39.47,3,2021-07-25T22:50:10+00:00,False,False
2021-07-26 00:00:00+00:00,Insanity,MID,Immortals,2021-07-31T00:58:59+00:00,19.85,5.4,1.6,5,294.4,5,23.49,3,2021-07-25T20:52:33+00:00,False,False
2021-07-26 00:00:00+00:00,Jensen,MID,Team Liquid,2021-07-31T00:58:59+00:00,15.81,4.4,2.8,3.8,317.6,5,52.64,3,2021-07-25T19:14:38+00:00,False,False
2021-07-26 00:00:00+00:00,Jiizuke,MID,Evil Geniuses,2021-07-30T22:45:50+00:00,17.172,3.2,2,3.4,283.2,5,56.87,3,2021-07-25T22:50:10+00:00,False,False
2021-07-26 00:00:00+00:00,Josedeodo,JGL,FlyQuest,2021-07-30T23:55:09+00:00,8.764,2,3.6,5.6,206.6,5,46.15,3,2021-07-04T23:10:56+00:00,False,False
2021-07-26 00:00:00+00:00,Kenvi,JGL,100 Thieves,2021-08-01T22:41:19+00:00,12.8802,3.08,2.4,5.77,199.21,0,12.65,1,,False,False
2021-07-26 00:00:00+00:00,Kumo,TOP,FlyQuest,2021-07-30T23:55:09+00:00,2.938,0.6,4.2,1.6,223.8,5,31.38,3,2021-07-25T23:42:16+00:00,False,False
2021-07-26 00:00:00+00:00,Licorice,TOP,Golden Guardians,2021-07-30T23:55:09+00:00,10.88,3.4,4.4,3.8,248.6,5,54.36,3,2021-07-25T19:14:38+00:00,False,False
2021-07-26 00:00:00+00:00,Lost,BOT,TSM,2021-07-30T21:12:55+00:00,14.134,3.4,1.8,5,300.4,5,36.66,3,2021-07-25T21:41:26+00:00,False,False
2021-07-26 00:00:00+00:00,Luger,BOT,100 Thieves,2021-08-01T22:41:19+00:00,14.1486,2.99,2.23,4.9,307.52,0,21.33,1,,False,False
2021-07-26 00:00:00+00:00,Neo,BOT,Dignitas,2021-07-31T01:52:43+00:00,16.258,4,2.8,6,276.2,5,18.8,2,2021-07-25T23:42:16+00:00,False,False
2021-07-26 00:00:00+00:00,Neo,JGL,Dignitas,2021-08-01T19:38:59+00:00,16.152,4.6,2.4,5.2,281.4,5,27.92,1,2021-07-31T22:48:06+00:00,False,False
2021-07-26 00:00:00+00:00,Palafox,MID,FlyQuest,2021-07-30T23:55:09+00:00,7.434,1.4,3.2,3.8,243.6,5,38.82,3,2021-07-04T23:10:56+00:00,False,False
2021-07-26 00:00:00+00:00,Perkz,MID,Cloud9,2021-07-30T22:45:50+00:00,14.928,3.8,2.6,6,279,5,56.98,3,2021-07-25T21:41:26+00:00,False,False
2021-07-26 00:00:00+00:00,Poome,SUP,100 Thieves,2021-08-01T22:41:19+00:00,8.686,1.2,5.2,6,35,5,12,1,2020-08-16T21:47:55+00:00,False,False
2021-07-26 00:00:00+00:00,PowerOfEvil,MID,TSM,2021-07-30T21:12:55+00:00,18.666,3,2.2,7.6,310.2,5,49.46,3,2021-07-25T21:41:26+00:00,False,False
2021-07-26 00:00:00+00:00,Raes,BOT,Immortals,2021-07-31T00:58:59+00:00,17.856,2.8,2.4,8,337,5,24.01,3,2021-07-25T20:52:33+00:00,False,False
2021-07-26 00:00:00+00:00,Revenge,TOP,Immortals,2021-07-31T00:58:59+00:00,14.778,2.8,3.6,6.8,287.2,5,21.31,3,2021-07-25T20:52:33+00:00,False,False
2021-07-26 00:00:00+00:00,Ryoma,MID,100 Thieves,2021-08-01T22:41:19+00:00,15.064,3,1.8,6.6,305.2,5,9.42,1,2021-04-04T22:50:51+00:00,False,False
2021-07-26 00:00:00+00:00,Santorin,JGL,Team Liquid,2021-07-31T00:58:59+00:00,15.568,3.4,3,8.6,203.8,5,38.75,3,2021-06-20T20:50:10+00:00,False,False
2021-07-26 00:00:00+00:00,Smoothie,SUP,Counter Logic Gaming,2021-07-31T01:52:43+00:00,8.308,0.2,4,5.8,34.2,5,35.46,3,2021-07-25T22:50:10+00:00,False,False
2021-07-26 00:00:00+00:00,Spica,JGL,TSM,2021-07-30T21:12:55+00:00,13.196,3.4,2.2,6.4,211.6,5,55.51,3,2021-07-25T21:41:26+00:00,False,False
2021-07-26 00:00:00+00:00,Ssumday,TOP,100 Thieves,2021-07-30T21:12:55+00:00,13.686,2.2,3,6.2,263.8,5,29.65,2,2021-07-25T20:52:33+00:00,False,False
2021-07-26 00:00:00+00:00,Stixxay,BOT,Golden Guardians,2021-07-30T23:55:09+00:00,13.264,3.4,2,4.6,335.8,5,41.16,3,2021-07-25T19:14:38+00:00,False,False
2021-07-26 00:00:00+00:00,Svenskeren,JGL,Evil Geniuses,2021-07-30T22:45:50+00:00,11.074,3,3.2,5.6,174.8,5,7.52,2,2021-07-25T22:50:10+00:00,False,False
2021-07-26 00:00:00+00:00,SwordArt,SUP,TSM,2021-07-30T21:12:55+00:00,17.05,1.2,2.6,9.4,35.8,5,41.67,3,2021-07-25T21:41:26+00:00,False,False
2021-07-26 00:00:00+00:00,Tactical,BOT,Team Liquid,2021-07-31T00:58:59+00:00,10.5,2.2,3,4.4,320.6,5,48.15,3,2021-07-25T19:14:38+00:00,False,False
2021-07-26 00:00:00+00:00,Tenacity,TOP,100 Thieves,2021-08-01T22:41:19+00:00,14.766,2.66,2.64,4.94,259.6,0,4.7,1,,False,False
2021-07-26 00:00:00+00:00,Tomo,BOT,FlyQuest,2021-07-30T23:55:09+00:00,5.592,1.4,4,2.2,262.4,5,40.15,3,2021-07-25T23:42:16+00:00,False,False
2021-07-26 00:00:00+00:00,Vulcan,SUP,Cloud9,2021-07-30T22:45:50+00:00,23.2,0.8,2.2,14.2,32.6,5,62.26,3,2021-07-25T21:41:26+00:00,False,False
2021-07-26 00:00:00+00:00,WildTurtle,BOT,Counter Logic Gaming,2021-07-31T01:52:43+00:00,9.882,1.4,2.2,3.8,367.4,5,39.02,3,2021-07-25T22:50:10+00:00,False,False
2021-07-26 00:00:00+00:00,Xerxe,JGL,Immortals,2021-07-31T00:58:59+00:00,16.422,2.8,2,8.4,214.2,5,19.41,3,2021-07-25T20:52:33+00:00,False,False
2021-07-26 00:00:00+00:00,Yusui,MID,Dignitas,2021-07-31T01:52:43+00:00,10.256,3.6,3.6,4,251,5,21.26,2,2021-07-25T23:42:16+00:00,False,False
2021-07-26 00:00:00+00:00,Yusui,TOP,Dignitas,2021-08-01T19:38:59+00:00,13.514,3.8,2.4,4.6,272,5,27.28,1,2021-07-31T22:48:06+00:00,False,False
2021-07-26 00:00:00+00:00,Zven,BOT,Cloud9,2021-07-30T22:45:50+00:00,20.682,4.6,1,7.4,315.8,5,84.51,3,2021-07-25T21:41:26+00:00,False,False
2021-07-26 00:00:00+00:00,aphromoo,BOT,Dignitas,2021-08-01T19:38:59+00:00,13.664,0.4,3,9.8,31.6,5,17.73,1,2021-07-31T22:48:06+00:00,False,False
2021-07-26 00:00:00+00:00,aphromoo,SUP,Dignitas,2021-07-31T01:52:43+00:00,12.978,0.6,2.8,9.4,31.4,5,13.78,2,2021-07-25T23:42:16+00:00,False,False
2021-07-26 00:00:00+00:00,destiny,SUP,Immortals,2021-07-31T00:58:59+00:00,18.502,0.6,1.2,9.6,43,5,25.55,3,2021-07-25T20:52:33+00:00,False,False
2021-07-26 00:00:00+00:00,huhi,SUP,100 Thieves,2021-07-30T21:12:55+00:00,13.11,0.6,3,8.6,45,5,25.4,2,2021-07-25T20:52:33+00:00,False,False
2021-08-02 00:00:00+00:00,Akaadian,JGL,Dignitas,2021-08-07T20:23:28+00:00,19.17,4.6,1.8,7,199.4,5,41.58,4,2021-08-01T19:38:59+00:00,False,False
2021-08-02 00:00:00+00:00,Alphari,TOP,Team Liquid,2021-08-08T19:49:31+00:00,17.996,2.8,2,5.8,294.4,5,67.84,4,2021-08-01T21:40:50+00:00,False,False
2021-08-02 00:00:00+00:00,Blaber,JGL,Cloud9,2021-08-08T19:49:31+00:00,18.414,5,1.6,7.4,232.4,5,30.97,4,2021-08-01T21:40:50+00:00,False,False
2021-08-02 00:00:00+00:00,Contractz,JGL,Evil Geniuses,2021-08-07T20:23:28+00:00,14.996,3.8,2.2,6.2,216.2,5,71.93,4,2021-08-01T22:41:19+00:00,False,False
2021-08-02 00:00:00+00:00,CoreJJ,SUP,Team Liquid,2021-08-08T19:49:31+00:00,14.176,1.4,3,7.8,39.4,5,63.94,4,2021-08-01T21:40:50+00:00,False,False
2021-08-02 00:00:00+00:00,Danny,BOT,Evil Geniuses,2021-08-07T20:23:28+00:00,11.554,3.2,1.8,1.6,357.2,5,81.51,4,2021-08-01T22:41:19+00:00,False,False
2021-08-02 00:00:00+00:00,FakeGod,TOP,Dignitas,2021-08-07T20:23:28+00:00,16.65,2,1.8,6.4,191.6,5,28.87,4,2021-08-01T19:38:59+00:00,False,False
2021-08-02 00:00:00+00:00,Fudge,TOP,Cloud9,2021-08-08T19:49:31+00:00,18.64,2.4,0.8,8,283,5,30.35,4,2021-08-01T21:40:50+00:00,False,False
2021-08-02 00:00:00+00:00,Ignar,SUP,Evil Geniuses,2021-08-07T20:23:28+00:00,9.446,0,2,5.6,36.8,5,65.32,4,2021-08-01T22:41:19+00:00,False,False
2021-08-02 00:00:00+00:00,Impact,TOP,Evil Geniuses,2021-08-07T20:23:28+00:00,12.622,1.8,2.8,4.2,256.6,5,71.09,4,2021-08-01T22:41:19+00:00,False,False
2021-08-02 00:00:00+00:00,Jensen,MID,Team Liquid,2021-08-08T19:49:31+00:00,17.638,4,2.6,5.4,310.4,5,75.04,4,2021-08-01T21:40:50+00:00,False,False
2021-08-02 00:00:00+00:00,Jiizuke,MID,Evil Geniuses,2021-08-07T20:23:28+00:00,19.742,3.2,1.8,3.6,353.2,5,78.76,4,2021-08-01T22:41:19+00:00,False,False
2021-08-02 00:00:00+00:00,Neo,BOT,Dignitas,2021-08-07T20:23:28+00:00,20.92,4.8,1.6,8.2,248.2,5,27.55,4,2021-08-01T19:38:59+00:00,False,False
2021-08-02 00:00:00+00:00,Perkz,MID,Cloud9,2021-08-08T19:49:31+00:00,16.152,2.8,2.8,8.4,277.4,5,45.86,4,2021-08-01T21:40:50+00:00,False,False
2021-08-02 00:00:00+00:00,Santorin,JGL,Team Liquid,2021-08-08T19:49:31+00:00,14.382,3,2,7,183.4,5,67.53,4,2021-08-01T21:40:50+00:00,False,False
2021-08-02 00:00:00+00:00,Tactical,BOT,Team Liquid,2021-08-08T19:49:31+00:00,14.284,3.8,2.6,4.2,358.4,5,50.83,4,2021-08-01T21:40:50+00:00,False,False
2021-08-02 00:00:00+00:00,Vulcan,SUP,Cloud9,2021-08-08T19:49:31+00:00,21.704,1.2,2.2,12.4,34.8,5,24.79,4,2021-08-01T21:40:50+00:00,False,False
2021-08-02 00:00:00+00:00,Yusui,MID,Dignitas,2021-08-07T20:23:28+00:00,17.274,5.2,3,5.2,253.8,5,43.62,4,2021-08-01T19:38:59+00:00,False,False
2021-08-02 00:00:00+00:00,Zven,BOT,Cloud9,2021-08-08T19:49:31+00:00,25.938,5.6,0.6,5.8,330.6,5,47.83,4,2021-08-01T21:40:50+00:00,False,False
2021-08-02 00:00:00+00:00,aphromoo,SUP,Dignitas,2021-08-07T20:23:28+00:00,15.774,1.2,3,10.2,56,5,35.95,4,2021-08-01T19:38:59+00:00,False,False
2021-08-09 00:00:00+00:00,Abbedagge,MID,100 Thieves,2021-08-14T20:31:30+00:00,13.984,2.8,2.8,5.6,274.2,5,90.73,5,2021-07-31T20:07:32+00:00,False,False
2021-08-09 00:00:00+00:00,Ablazeolive,MID,Golden Guardians,2021-08-13T21:14:43+00:00,13.896,3,4,6.2,294.2,5,31.49,3,2021-08-01T20:39:05+00:00,False,False
2021-08-09 00:00:00+00:00,Akaadian,JGL,Dignitas,2021-08-12T21:13:39+00:00,13.742,4.2,3,5,183.6,5,18.91,3,2021-08-07T23:33:09+00:00,False,False
2021-08-09 00:00:00+00:00,Alphari,TOP,Team Liquid,2021-08-15T19:42:32+00:00,16.534,2.8,2,4.8,278.4,5,75.93,4,2021-08-08T22:40:26+00:00,False,False
2021-08-09 00:00:00+00:00,Amazo,JGL,Golden Guardians,2021-08-13T21:14:43+00:00,8.64,1.8,3.4,5.4,234,5,13.11,3,2021-08-01T20:39:05+00:00,False,False
2021-08-09 00:00:00+00:00,Blaber,JGL,Cloud9,2021-08-13T21:14:43+00:00,10.504,2.4,2.6,5.2,211.2,5,52.06,3,2021-08-08T22:40:26+00:00,False,False
2021-08-09 00:00:00+00:00,Chime,SUP,Golden Guardians,2021-08-13T21:14:43+00:00,10.21,1,4.2,7.2,42,5,22.31,3,2021-08-01T20:39:05+00:00,False,False
2021-08-09 00:00:00+00:00,Closer,JGL,100 Thieves,2021-08-14T20:31:30+00:00,15.342,4.2,2.4,4.8,209,5,95.07,5,2021-07-31T20:07:32+00:00,False,False
2021-08-09 00:00:00+00:00,Contractz,JGL,Evil Geniuses,2021-08-14T20:31:30+00:00,17.138,4.6,2.2,6,200,5,32.76,4,2021-08-07T23:33:09+00:00,False,False
2021-08-09 00:00:00+00:00,CoreJJ,SUP,Team Liquid,2021-08-15T19:42:32+00:00,13.254,0.4,2.6,8,37.4,5,81.81,4,2021-08-08T22:40:26+00:00,False,False
2021-08-09 00:00:00+00:00,Danny,BOT,Evil Geniuses,2021-08-14T20:31:30+00:00,19.078,3.2,1.6,8,281.8,5,79.94,5,2021-08-07T23:33:09+00:00,False,False
2021-08-09 00:00:00+00:00,FBI,BOT,100 Thieves,2021-08-14T20:31:30+00:00,11.84,1.6,3,5.4,293.6,5,85.47,5,2021-07-31T20:07:32+00:00,False,False
2021-08-09 00:00:00+00:00,FakeGod,TOP,Dignitas,2021-08-12T21:13:39+00:00,10.236,1.2,3.6,5.6,171,5,27.19,3,2021-08-07T23:33:09+00:00,False,False
2021-08-09 00:00:00+00:00,Fudge,TOP,Cloud9,2021-08-13T21:14:43+00:00,9.226,1.4,2.2,3.8,272.6,5,45.35,3,2021-08-08T22:40:26+00:00,False,False
2021-08-09 00:00:00+00:00,Huni,TOP,TSM,2021-08-15T19:42:32+00:00,16.246,2.8,3.2,5.6,258.4,5,30.34,4,2021-08-01T19:38:59+00:00,False,False
2021-08-09 00:00:00+00:00,Ignar,SUP,Evil Geniuses,2021-08-14T20:31:30+00:00,15.35,0.8,1.8,9.2,40.2,5,46.21,5,2021-08-07T23:33:09+00:00,False,False
2021-08-09 00:00:00+00:00,Impact,TOP,Evil Geniuses,2021-08-14T20:31:30+00:00,16.944,3.2,2.6,7.2,220.8,5,49.67,5,2021-08-07T23:33:09+00:00,False,False
2021-08-09 00:00:00+00:00,Insanity,MID,Immortals,2021-08-12T21:13:39+00:00,12.918,5.2,2.8,3.4,244.4,5,46.17,3,2021-08-01T20:39:05+00:00,False,False
2021-08-09 00:00:00+00:00,Jensen,MID,Team Liquid,2021-08-15T19:42:32+00:00,19.9,5.4,2.4,4.4,284.4,5,61.99,4,2021-08-08T22:40:26+00:00,False,False
2021-08-09 00:00:00+00:00,Jiizuke,MID,Evil Geniuses,2021-08-14T20:31:30+00:00,21.276,4.2,1.4,6.6,294.6,5,56.25,5,2021-08-07T23:33:09+00:00,False,False
2021-08-09 00:00:00+00:00,Licorice,TOP,Golden Guardians,2021-08-13T21:14:43+00:00,15.062,2.8,3,5.2,268.4,5,11.56,3,2021-08-01T20:39:05+00:00,False,False
2021-08-09 00:00:00+00:00,Lost,BOT,TSM,2021-08-15T19:42:32+00:00,14.202,2.8,2.2,6.2,282.2,5,47.64,4,2021-08-01T19:38:59+00:00,False,False
2021-08-09 00:00:00+00:00,Neo,BOT,Dignitas,2021-08-12T21:13:39+00:00,11.094,1.8,2.6,6.4,249.4,5,10.18,3,2021-08-07T23:33:09+00:00,False,False
2021-08-09 00:00:00+00:00,Perkz,MID,Cloud9,2021-08-13T21:14:43+00:00,13.368,2.2,3,6.4,277.4,5,50.17,3,2021-08-08T22:40:26+00:00,False,False
2021-08-09 00:00:00+00:00,PowerOfEvil,MID,TSM,2021-08-15T19:42:32+00:00,16.466,2.8,2,7.2,252.4,5,63.19,4,2021-08-01T19:38:59+00:00,False,False
2021-08-09 00:00:00+00:00,Raes,BOT,Immortals,2021-08-12T21:13:39+00:00,15.27,3.4,2.8,6.2,278,5,78.58,3,2021-08-01T20:39:05+00:00,False,False
2021-08-09 00:00:00+00:00,Revenge,TOP,Immortals,2021-08-12T21:13:39+00:00,11.76,2.2,3.2,5,229,5,65.6,3,2021-08-01T20:39:05+00:00,False,False
2021-08-09 00:00:00+00:00,Santorin,JGL,Team Liquid,2021-08-15T19:42:32+00:00,14.334,2.2,1.8,7.8,173.8,5,59.25,4,2021-08-08T22:40:26+00:00,False,False
2021-08-09 00:00:00+00:00,Spica,JGL,TSM,2021-08-15T19:42:32+00:00,16.658,4.6,2.4,5.8,211.4,5,18.36,4,2021-08-01T19:38:59+00:00,False,False
2021-08-09 00:00:00+00:00,Ssumday,TOP,100 Thieves,2021-08-14T20:31:30+00:00,13.664,2.4,2.2,4.8,273.4,5,90.59,5,2021-07-31T20:07:32+00:00,False,False
2021-08-09 00:00:00+00:00,Stixxay,BOT,Golden Guardians,2021-08-13T21:14:43+00:00,13.494,4,2,3.8,334,5,12.66,3,2021-08-01T20:39:05+00:00,False,False
2021-08-09 00:00:00+00:00,Svenskeren,JGL,Evil Geniuses,2021-08-15T00:44:37+00:00,8.996,2.2,3,4.6,176.8,5,4.19,1,2021-07-31T21:40:37+00:00,False,False
2021-08-09 00:00:00+00:00,SwordArt,SUP,TSM,2021-08-15T19:42:32+00:00,15.49,1.4,3.4,8.2,65.2,5,38.1,4,2021-08-01T19:38:59+00:00,False,False
2021-08-09 00:00:00+00:00,Tactical,BOT,Team Liquid,2021-08-15T19:42:32+00:00,11.614,2,1.6,4.2,317.4,5,64.67,4,2021-08-08T22:40:26+00:00,False,False
2021-08-09 00:00:00+00:00,Vulcan,SUP,Cloud9,2021-08-13T21:14:43+00:00,9.674,0.2,3.8,7.2,32,5,63.34,3,2021-08-08T22:40:26+00:00,False,False
2021-08-09 00:00:00+00:00,Xerxe,JGL,Immortals,2021-08-12T21:13:39+00:00,10.466,1,2.6,7.6,182,5,54.63,3,2021-08-01T20:39:05+00:00,False,False
2021-08-09 00:00:00+00:00,Yusui,MID,Dignitas,2021-08-12T21:13:39+00:00,14.18,5.2,3.2,3,262.2,5,16.41,3,2021-08-07T23:33:09+00:00,False,False
2021-08-09 00:00:00+00:00,Zven,BOT,Cloud9,2021-08-13T21:14:43+00:00,17.534,4.2,1.4,2.2,315.6,5,71.1,3,2021-08-08T22:40:26+00:00,False,False
2021-08-09 00:00:00+00:00,aphromoo,SUP,Dignitas,2021-08-12T21:13:39+00:00,10.736,1.2,3.8,7,59.2,5,13.95,3,2021-08-07T23:33:09+00:00,False,False
2021-08-09 00:00:00+00:00,destiny,SUP,Immortals,2021-08-12T21:13:39+00:00,15.322,0.6,2.4,9,37,5,63.52,3,2021-08-01T20:39:05+00:00,False,False
2021-08-09 00:00:00+00:00,huhi,SUP,100 Thieves,2021-08-14T20:31:30+00:00,11.922,0.6,2.8,7.6,48,5,85.19,5,2021-07-31T20:07:32+00:00,False,False
2021-08-16 00:00:00+00:00,Abbedagge,MID,100 Thieves,2021-08-21T20:10:31+00:00,18.146,4,3,8.2,306,5,58.87,5,2021-08-15T00:44:37+00:00,False,False
2021-08-16 00:00:00+00:00,Alphari,TOP,Team Liquid,2021-08-21T20:10:31+00:00,18.93,2.6,1.4,6.8,271,5,116.82,5,2021-08-15T22:50:13+00:00,False,False
2021-08-16 00:00:00+00:00,Blaber,JGL,Cloud9,2021-08-19T21:11:40+00:00,16.132,3,1.6,7.2,209,5,139.62,8,2021-08-13T23:38:26+00:00,False,False
2021-08-16 00:00:00+00:00,Closer,JGL,100 Thieves,2021-08-21T20:10:31+00:00,19.014,5,2,6.8,192.8,5,89.53,5,2021-08-15T00:44:37+00:00,False,False
2021-08-16 00:00:00+00:00,Contractz,JGL,Evil Geniuses,2021-08-19T22:50:57+00:00,10.62,3.2,3.8,5.8,197.4,5,8.66,2,2021-08-14T23:45:38+00:00,False,False
2021-08-16 00:00:00+00:00,CoreJJ,SUP,Team Liquid,2021-08-21T20:10:31+00:00,21.652,1.2,1.8,11,48.8,5,70.39,5,2021-08-15T22:50:13+00:00,False,False
2021-08-16 00:00:00+00:00,Danny,BOT,Evil Geniuses,2021-08-19T21:11:40+00:00,15.988,4.2,2.4,3,335,5,21.64,3,2021-08-15T00:44:37+00:00,False,False
2021-08-16 00:00:00+00:00,FBI,BOT,100 Thieves,2021-08-21T20:10:31+00:00,17.094,4,1.6,5.8,288.6,5,54.87,5,2021-08-15T00:44:37+00:00,False,False
2021-08-16 00:00:00+00:00,Fudge,TOP,Cloud9,2021-08-19T21:11:40+00:00,13.554,2.8,1.4,4,278,5,134.43,8,2021-08-13T23:38:26+00:00,False,False
2021-08-16 00:00:00+00:00,Huni,TOP,TSM,2021-08-20T21:26:36+00:00,7.844,1.8,4.2,3.6,253.2,5,149.41,9,2021-08-15T22:50:13+00:00,False,False
2021-08-16 00:00:00+00:00,Ignar,SUP,Evil Geniuses,2021-08-19T21:11:40+00:00,9.242,0.4,3.2,6.6,39.2,5,16.68,3,2021-08-15T00:44:37+00:00,False,False
2021-08-16 00:00:00+00:00,Impact,TOP,Evil Geniuses,2021-08-19T21:11:40+00:00,9.934,1.2,3.2,5.4,235,5,22.18,3,2021-08-15T00:44:37+00:00,False,False
2021-08-16 00:00:00+00:00,Insanity,MID,Immortals,2021-08-20T21:26:36+00:00,13.084,4,2.6,3.6,234.4,5,36.27,4,2021-08-12T23:39:49+00:00,False,False
2021-08-16 00:00:00+00:00,Jensen,MID,Team Liquid,2021-08-21T20:10:31+00:00,15.074,4,3,5.8,281.2,5,92.66,5,2021-08-15T22:50:13+00:00,False,False
2021-08-16 00:00:00+00:00,Jiizuke,MID,Evil Geniuses,2021-08-19T21:11:40+00:00,11.25,2.8,4.2,4.4,308.6,5,23.63,3,2021-08-15T00:44:37+00:00,False,False
2021-08-16 00:00:00+00:00,Lost,BOT,TSM,2021-08-20T21:26:36+00:00,10.944,2,2.4,4,267.8,5,125.04,9,2021-08-15T22:50:13+00:00,False,False
2021-08-16 00:00:00+00:00,Perkz,MID,Cloud9,2021-08-19T21:11:40+00:00,16.826,3.8,2,5.8,315.6,5,141.84,8,2021-08-13T23:38:26+00:00,False,False
2021-08-16 00:00:00+00:00,PowerOfEvil,MID,TSM,2021-08-20T21:26:36+00:00,14.796,3,3,4.6,255.8,5,158.41,9,2021-08-15T22:50:13+00:00,False,False
2021-08-16 00:00:00+00:00,Raes,BOT,Immortals,2021-08-20T21:26:36+00:00,20.026,5,2.6,5.2,289,5,40.65,4,2021-08-12T23:39:49+00:00,False,False
2021-08-16 00:00:00+00:00,Revenge,TOP,Immortals,2021-08-20T21:26:36+00:00,15.674,2.6,2,5.8,227.2,5,49.07,4,2021-08-12T23:39:49+00:00,False,False
2021-08-16 00:00:00+00:00,Santorin,JGL,Team Liquid,2021-08-21T20:10:31+00:00,15.95,2.6,1.4,8.2,198.8,5,61.23,5,2021-08-15T22:50:13+00:00,False,False
2021-08-16 00:00:00+00:00,Spica,JGL,TSM,2021-08-20T21:26:36+00:00,6.898,2.4,3.4,3.8,180,5,139.98,9,2021-08-15T22:50:13+00:00,False,False
2021-08-16 00:00:00+00:00,Ssumday,TOP,100 Thieves,2021-08-21T20:10:31+00:00,18.118,3.2,2,6.6,285.2,5,61.96,5,2021-08-15T00:44:37+00:00,False,False
2021-08-16 00:00:00+00:00,Svenskeren,JGL,Evil Geniuses,2021-08-19T21:11:40+00:00,5.432,1.4,3.2,2.8,178.4,5,0.73,1,2021-08-15T00:44:37+00:00,False,False
2021-08-16 00:00:00+00:00,SwordArt,SUP,TSM,2021-08-20T21:26:36+00:00,8.164,0.8,4.6,5,68.2,5,105.34,9,2021-08-15T22:50:13+00:00,False,False
2021-08-16 00:00:00+00:00,Tactical,BOT,Team Liquid,2021-08-21T20:10:31+00:00,14.976,4.4,1,4.2,294,5,83.42,5,2021-08-15T22:50:13+00:00,False,False
2021-08-16 00:00:00+00:00,Vulcan,SUP,Cloud9,2021-08-19T21:11:40+00:00,17.036,0.6,1.8,9.8,33.4,5,111.72,8,2021-08-13T23:38:26+00:00,False,False
2021-08-16 00:00:00+00:00,Xerxe,JGL,Immortals,2021-08-20T21:26:36+00:00,14.642,2.8,1.8,7,174.8,5,47.87,4,2021-08-12T23:39:49+00:00,False,False
2021-08-16 00:00:00+00:00,Zven,BOT,Cloud9,2021-08-19T21:11:40+00:00,20.54,3.6,0.8,5.6,308,5,150.65,8,2021-08-13T23:38:26+00:00,False,False
2021-08-16 00:00:00+00:00,destiny,SUP,Immortals,2021-08-20T21:26:36+00:00,17.572,0.4,2,10.8,40.2,5,54.12,4,2021-08-12T23:39:49+00:00,False,False
2021-08-16 00:00:00+00:00,huhi,SUP,100 Thieves,2021-08-21T20:10:31+00:00,17.038,1,2.6,10.2,43,5,65.94,5,2021-08-15T00:44:37+00:00,False,False
2021-08-23 00:00:00+00:00,Abbedagge,MID,100 Thieves,2021-08-28T19:41:05+00:00,11.774,1.8,2.8,6.4,303.2,5,116.27,7,2021-08-22T00:52:43+00:00,False,False
2021-08-23 00:00:00+00:00,Alphari,TOP,Team Liquid,2021-08-29T19:15:40+00:00,23.364,2.6,1.2,8.4,292.8,5,39.68,3,2021-08-22T00:52:43+00:00,False,False
2021-08-23 00:00:00+00:00,Blaber,JGL,Cloud9,2021-08-28T19:41:05+00:00,14.576,2.4,2.8,9,218.6,5,35.87,4,2021-08-22T23:51:54+00:00,False,False
2021-08-23 00:00:00+00:00,Closer,JGL,100 Thieves,2021-08-28T19:41:05+00:00,17.906,5.6,2,3.8,206.6,5,116.07,7,2021-08-22T00:52:43+00:00,False,False
2021-08-23 00:00:00+00:00,CoreJJ,SUP,Team Liquid,2021-08-29T19:15:40+00:00,14.078,0.6,3.6,9.2,42.2,5,11.34,3,2021-08-22T00:52:43+00:00,False,False
2021-08-23 00:00:00+00:00,FBI,BOT,100 Thieves,2021-08-28T19:41:05+00:00,10.974,2.4,3.2,5.4,305,5,137.47,7,2021-08-22T00:52:43+00:00,False,False
2021-08-23 00:00:00+00:00,Fudge,TOP,Cloud9,2021-08-28T19:41:05+00:00,15.612,2.6,2,6.6,303.4,5,61.41,4,2021-08-22T23:51:54+00:00,False,False
2021-08-23 00:00:00+00:00,Jensen,MID,Team Liquid,2021-08-29T19:15:40+00:00,18.532,3.6,1.8,7.4,297.8,5,2.32,3,2021-08-22T00:52:43+00:00,False,False
2021-08-23 00:00:00+00:00,Perkz,MID,Cloud9,2021-08-28T19:41:05+00:00,17.646,4.8,3,5.4,326.2,5,44.64,4,2021-08-22T23:51:54+00:00,False,False
2021-08-23 00:00:00+00:00,Santorin,JGL,Team Liquid,2021-08-29T19:15:40+00:00,12.246,2.4,3,7.2,197,5,5.51,3,2021-08-22T00:52:43+00:00,False,False
2021-08-23 00:00:00+00:00,Ssumday,TOP,100 Thieves,2021-08-28T19:41:05+00:00,12.392,1.2,2.4,6.6,251.2,5,95.2,7,2021-08-22T00:52:43+00:00,False,False
2021-08-23 00:00:00+00:00,Tactical,BOT,Team Liquid,2021-08-29T19:15:40+00:00,16.684,4.6,2,5,298.4,5,11.4,3,2021-08-22T00:52:43+00:00,False,False
2021-08-23 00:00:00+00:00,Vulcan,SUP,Cloud9,2021-08-28T19:41:05+00:00,15.176,0.4,2.6,9.8,43,5,56.63,4,2021-08-22T23:51:54+00:00,False,False
2021-08-23 00:00:00+00:00,Zven,BOT,Cloud9,2021-08-28T19:41:05+00:00,17.774,3.8,1.8,7,310.6,5,59.54,4,2021-08-22T23:51:54+00:00,False,False
2021-08-23 00:00:00+00:00,huhi,SUP,100 Thieves,2021-08-28T19:41:05+00:00,13.188,0.6,3.4,7.8,47.6,5,114.07,7,2021-08-22T00:52:43+00:00,False,False
2022-01-10 00:00:00+00:00,Abbedagge,MID,100 Thieves,2022-01-14T21:26:31+00:00,16.798,3,1.4,6.6,265.6,5,40.48,3,2021-08-29T21:42:24+00:00,False,False
2022-01-10 00:00:00+00:00,Amazo,JGL,Golden Guardians,2022-01-14T23:05:35+00:00,5.112,1,3.4,3,192.4,5,12.06,3,2021-08-13T23:38:26+00:00,False,False
2022-01-10 00:00:00+00:00,Biofrost,SUP,Dignitas,2022-01-15T20:52:15+00:00,19.306,0.8,2.2,11.6,44.8,5,22.15,2,2020-09-07T01:13:41+00:00,False,False
2022-01-10 00:00:00+00:00,Bjergsen,MID,Team Liquid,2022-01-15T20:52:15+00:00,21.856,4.2,0.6,7.8,359.8,5,74.9,3,2020-09-07T01:13:41+00:00,False,False
2022-01-10 00:00:00+00:00,Blaber,JGL,Cloud9,2022-01-14T23:05:35+00:00,13.084,2.2,3,8.4,207.6,5,67.47,3,2021-08-28T23:52:05+00:00,False,False
2022-01-10 00:00:00+00:00,Blue,MID,Dignitas,2022-01-15T20:52:15+00:00,14.5257,3.07,2.56,5.33,293.98,0,31.07,2,,False,False
2022-01-10 00:00:00+00:00,Bwipo,TOP,Team Liquid,2022-01-15T20:52:15+00:00,13.9496,2.17,2.38,5.07,264.86,0,47.79,3,,False,False
2022-01-10 00:00:00+00:00,Chime,SUP,Golden Guardians,2022-01-14T23:05:35+00:00,9.818,0.8,3.2,5.2,41,5,8.02,3,2021-08-13T23:38:26+00:00,False,False
2022-01-10 00:00:00+00:00,Closer,JGL,100 Thieves,2022-01-14T21:26:31+00:00,19.61,5.2,1,5.8,169,5,58.66,3,2021-08-29T21:42:24+00:00,False,False
2022-01-10 00:00:00+00:00,Contractz,JGL,Counter Logic Gaming,2022-01-15T22:02:29+00:00,6.052,1.6,3,4.2,183.4,5,10.85,3,2021-08-19T23:53:13+00:00,False,False
2022-01-10 00:00:00+00:00,CoreJJ,SUP,Team Liquid,2022-01-15T22:50:00+00:00,9.078,0.2,3.2,5.8,36,5,16.83,1,2021-08-29T21:42:24+00:00,False,False
2022-01-10 00:00:00+00:00,Danny,BOT,Evil Geniuses,2022-01-15T22:50:00+00:00,12.99,3.8,2.8,2,331.4,5,77.01,3,2021-08-19T23:53:13+00:00,False,False
2022-01-10 00:00:00+00:00,Darshan,TOP,Cloud9,2022-01-14T23:05:35+00:00,13.8992,2.18,2.41,5.03,262.4,0,46.01,3,,False,False
2022-01-10 00:00:00+00:00,Eyla,SUP,Team Liquid,2022-01-15T20:52:15+00:00,12.9838,0.64,2.93,7.83,39.55,0,31.8,2,,False,False
2022-01-10 00:00:00+00:00,FBI,BOT,100 Thieves,2022-01-14T21:26:31+00:00,18.332,4.2,1.8,6.4,251,5,56.73,3,2021-08-29T21:42:24+00:00,False,False
2022-01-10 00:00:00+00:00,FakeGod,TOP,Dignitas,2022-01-15T20:52:15+00:00,7.714,1.2,4,2,193.4,5,25.38,2,2021-08-12T23:39:49+00:00,False,False
2022-01-10 00:00:00+00:00,Fudge,MID,Cloud9,2022-01-14T23:05:35+00:00,17.614,3.2,1,5.2,300,5,86.05,3,2021-08-28T23:52:05+00:00,False,False
2022-01-10 00:00:00+00:00,Hans Sama,BOT,Team Liquid,2022-01-15T20:52:15+00:00,14.8169,3.3,1.99,4.77,300.62,0,44.18,2,,False,False
2022-01-10 00:00:00+00:00,Hyper,JGL,TSM,2022-01-14T21:26:31+00:00,12.8059,2.93,2.37,5.78,190.47,0,22.09,3,,False,False
2022-01-10 00:00:00+00:00,Impact,TOP,Evil Geniuses,2022-01-15T22:50:00+00:00,9.108,1.2,4,4.2,236.6,5,82.49,3,2021-08-19T23:53:13+00:00,False,False
2022-01-10 00:00:00+00:00,Inspired,JGL,Evil Geniuses,2022-01-15T22:50:00+00:00,12.7984,2.99,2.4,5.72,188.7,0,56.37,3,,False,False
2022-01-10 00:00:00+00:00,Instinct,BOT,TSM,2022-01-14T21:26:31+00:00,14.5759,3.31,2.01,4.63,298.33,0,28.86,3,,False,False
2022-01-10 00:00:00+00:00,Isles,SUP,Cloud9,2022-01-14T23:05:35+00:00,12.9047,0.6,2.85,7.74,40.11,0,70.38,3,,False,False
2022-01-10 00:00:00+00:00,Jenkins,TOP,Counter Logic Gaming,2022-01-15T22:02:29+00:00,9.806,1.2,3.6,4.6,239.8,5,17.7,3,2021-07-10T21:44:21+00:00,False,False
2022-01-10 00:00:00+00:00,Johnsun,BOT,FlyQuest,2022-01-15T00:00:36+00:00,4.19,1,3.4,1.6,258,5,63.22,4,2021-07-04T23:10:56+00:00,False,False
2022-01-10 00:00:00+00:00,Jojopyun,MID,Evil Geniuses,2022-01-15T22:50:00+00:00,14.4161,3.02,2.56,5.3,292.79,0,55.86,3,,False,False
2022-01-10 00:00:00+00:00,Josedeodo,JGL,FlyQuest,2022-01-15T00:00:36+00:00,11.602,2.8,2.8,5.6,208.8,5,39.38,4,2021-08-01T23:43:37+00:00,False,False
2022-01-10 00:00:00+00:00,Kumo,TOP,FlyQuest,2022-01-15T00:00:36+00:00,7.046,1.8,3.2,2.2,248.4,5,41.47,4,2021-08-01T23:43:37+00:00,False,False
2022-01-10 00:00:00+00:00,Luger,BOT,Counter Logic Gaming,2022-01-15T22:02:29+00:00,21.33,6,0,2,333,1,38,3,2021-08-01T22:41:19+00:00,False,False
2022-01-10 00:00:00+00:00,Neo,BOT,Dignitas,2022-01-15T20:52:15+00:00,4.444,1,2.8,2.4,255.2,5,21.23,2,2021-08-12T23:39:49+00:00,False,False
2022-01-10 00:00:00+00:00,Palafox,MID,Counter Logic Gaming,2022-01-15T22:02:29+00:00,9.106,2.2,2.6,3.8,271.8,5,28.91,3,2021-08-01T23:43:37+00:00,False,False
2022-01-10 00:00:00+00:00,Poome,SUP,Counter Logic Gaming,2022-01-15T22:02:29+00:00,8.004,1,5.6,6.2,34,5,28.95,3,2021-08-01T22:41:19+00:00,False,False
2022-01-10 00:00:00+00:00,PowerOfEvil,MID,Immortals,2022-01-15T22:02:29+00:00,14.628,2.8,1.8,5.8,329.8,5,39.04,3,2021-08-22T23:51:54+00:00,False,False
2022-01-10 00:00:00+00:00,Revenge,TOP,Immortals,2022-01-15T22:02:29+00:00,13.3,2.8,2.8,4,248.8,5,32.72,3,2021-08-21T00:47:03+00:00,False,False
2022-01-10 00:00:00+00:00,Ryoma,MID,Golden Guardians,2022-01-14T23:05:35+00:00,12.764,2.2,2,5.8,331.2,5,45.55,3,2021-08-01T22:41:19+00:00,False,False
2022-01-10 00:00:00+00:00,Santorin,JGL,Team Liquid,2022-01-15T20:52:15+00:00,7.402,1.4,2.4,4.2,170.2,5,43.49,3,2021-08-29T21:42:24+00:00,False,False
2022-01-10 00:00:00+00:00,Ssumday,TOP,100 Thieves,2022-01-14T21:26:31+00:00,15.24,2,1.2,6.2,231.8,5,28.86,2,2021-08-29T21:42:24+00:00,False,False
2022-01-10 00:00:00+00:00,Stixxay,BOT,Golden Guardians,2022-01-14T23:05:35+00:00,7.084,2.4,2.4,2,288.4,5,17.09,3,2021-08-13T23:38:26+00:00,False,False
2022-01-10 00:00:00+00:00,Takeover,MID,TSM,2022-01-14T21:26:31+00:00,14.3699,3.13,2.5,5.25,293.62,0,27.84,3,,False,False
2022-01-10 00:00:00+00:00,Tenacity,TOP,100 Thieves,2022-01-16T19:40:35+00:00,4.7,2,7,4,270,1,12.06,1,2021-08-01T22:41:19+00:00,False,False
2022-01-10 00:00:00+00:00,Tony Top,TOP,Golden Guardians,2022-01-14T23:05:35+00:00,13.8992,2.18,2.41,5.03,262.4,0,13.54,3,,False,False
2022-01-10 00:00:00+00:00,Toucouille,MID,FlyQuest,2022-01-15T00:00:36+00:00,14.3115,3.09,2.5,5.17,292.86,0,69.83,4,,False,False
2022-01-10 00:00:00+00:00,V1per,TOP,TSM,2022-01-14T21:26:31+00:00,9.944,1.6,3,4,282.6,5,33.56,3,2020-08-15T21:37:52+00:00,False,False
2022-01-10 00:00:00+00:00,Vulcan,SUP,Evil Geniuses,2022-01-15T22:50:00+00:00,16.57,1.2,2.6,9.6,42.6,5,73.2,3,2021-08-28T23:52:05+00:00,False,False
2022-01-10 00:00:00+00:00,WildTurtle,BOT,Immortals,2022-01-15T22:02:29+00:00,10.722,2.4,2.4,3.4,317,5,23.62,3,2021-08-01T23:43:37+00:00,False,False
2022-01-10 00:00:00+00:00,Xerxe,JGL,Immortals,2022-01-15T22:02:29+00:00,13.446,4.4,3,4.2,174.8,5,28.39,3,2021-08-21T00:47:03+00:00,False,False
2022-01-10 00:00:00+00:00,Yeon,BOT,Team Liquid,2022-01-15T22:50:00+00:00,14.7786,3.38,2.01,4.59,299.73,0,9.73,1,,False,False
2022-01-10 00:00:00+00:00,Yursan,SUP,TSM,2022-01-14T21:26:31+00:00,12.8741,0.59,2.91,7.84,40.1,0,12.05,3,,False,False
2022-01-10 00:00:00+00:00,Zven,BOT,Cloud9,2022-01-14T23:05:35+00:00,16.424,3.6,2.4,6,314.6,5,84.12,3,2021-08-28T23:52:05+00:00,False,False
2022-01-10 00:00:00+00:00,aphromoo,SUP,FlyQuest,2022-01-15T00:00:36+00:00,5.45,0.2,4.4,4.2,30.8,5,50.81,4,2021-08-12T23:39:49+00:00,False,False
2022-01-10 00:00:00+00:00,destiny,SUP,Immortals,2022-01-15T22:02:29+00:00,14.004,0.6,2,7.4,43.6,5,13.69,3,2021-08-21T00:47:03+00:00,False,False
2022-01-10 00:00:00+00:00,eXyu,JGL,Dignitas,2022-01-15T20:52:15+00:00,12.851,3.04,2.41,5.7,189.82,0,22.53,2,,False,False
2022-01-10 00:00:00+00:00,huhi,SUP,100 Thieves,2022-01-14T21:26:31+00:00,17.342,0.8,2,9.8,34.8,5,54.94,3,2021-08-29T21:42:24+00:00,False,False
2022-01-17 00:00:00+00:00,Abbedagge,MID,100 Thieves,2022-01-21T23:12:13+00:00,14.622,1.8,1.8,6.6,277.6,5,36.69,3,2022-01-16T19:40:35+00:00,False,False
2022-01-17 00:00:00+00:00,Amazo,JGL,Golden Guardians,2022-01-22T01:00:16+00:00,3.826,2.2,3.6,2,168.4,5,19.2,3,2022-01-16T23:57:17+00:00,False,False
2022-01-17 00:00:00+00:00,Biofrost,SUP,Dignitas,2022-01-21T21:45:47+00:00,11.826,0.8,2.4,7.4,38.8,5,47.69,4,2022-01-16T00:14:51+00:00,False,False
2022-01-17 00:00:00+00:00,Bjergsen,MID,Team Liquid,2022-01-22T00:06:11+00:00,22.826,3.8,0.6,6.2,306.8,5,65.19,3,2022-01-16T21:11:18+00:00,False,False
2022-01-17 00:00:00+00:00,Blaber,JGL,Cloud9,2022-01-21T23:12:13+00:00,16.244,2.8,2,8.6,215.2,5,49.17,4,2022-01-16T22:10:33+00:00,False,False
2022-01-17 00:00:00+00:00,Blue,MID,Dignitas,2022-01-21T21:45:47+00:00,15.535,3,2.5,5.5,262,2,49.13,4,2022-01-16T00:14:51+00:00,False,False
2022-01-17 00:00:00+00:00,Bradley,TOP,Team Liquid,2022-01-22T23:12:36+00:00,13.6176,2.19,2.6,4.94,264.31,0,23.4,1,,False,False
2022-01-17 00:00:00+00:00,Bwipo,TOP,Team Liquid,2022-01-22T00:06:11+00:00,15.93,3.33333333333,4.33333333333,5,275.666666667,3,40.45,2,2022-01-16T21:11:18+00:00,False,False
2022-01-17 00:00:00+00:00,Chime,SUP,Golden Guardians,2022-01-22T01:00:16+00:00,5.076,0.6,4,4.2,33.2,5,34.57,3,2022-01-16T23:57:17+00:00,False,False
2022-01-17 00:00:00+00:00,Closer,JGL,100 Thieves,2022-01-21T23:12:13+00:00,22.102,6.2,1,6.6,172.6,5,36.66,3,2022-01-16T19:40:35+00:00,False,False
2022-01-17 00:00:00+00:00,Contractz,JGL,Counter Logic Gaming,2022-01-21T21:45:47+00:00,3.902,1.6,4,2.8,150.2,5,39.28,4,2022-01-16T21:11:18+00:00,False,False
2022-01-17 00:00:00+00:00,CoreJJ,SUP,Team Liquid,2022-01-22T00:06:11+00:00,8.384,0.4,3.8,5.8,37.4,5,30.17,2,2022-01-15T22:50:00+00:00,False,False
2022-01-17 00:00:00+00:00,Danny,BOT,Evil Geniuses,2022-01-22T01:51:07+00:00,19.118,4.4,2,5.6,329.8,5,80.63,3,2022-01-16T23:00:52+00:00,False,False
2022-01-17 00:00:00+00:00,Darshan,TOP,Cloud9,2022-01-21T23:12:13+00:00,15.3366666667,2.33333333333,2.33333333333,7.33333333333,267.666666667,3,49.02,4,2022-01-16T22:10:33+00:00,False,False
2022-01-17 00:00:00+00:00,Eyla,SUP,Team Liquid,2022-01-23T00:16:32+00:00,15.9,0.5,0.5,8,30.5,2,16.85,1,2022-01-16T21:11:18+00:00,False,False
2022-01-17 00:00:00+00:00,FBI,BOT,100 Thieves,2022-01-21T23:12:13+00:00,18.606,4,1,5.6,282.4,5,28.6,3,2022-01-16T19:40:35+00:00,False,False
2022-01-17 00:00:00+00:00,FakeGod,TOP,Dignitas,2022-01-21T21:45:47+00:00,10.514,1.6,3.8,2.8,204.8,5,42.48,4,2022-01-16T00:14:51+00:00,False,False
2022-01-17 00:00:00+00:00,Fudge,MID,Cloud9,2022-01-21T23:12:13+00:00,23.096,3.8,1.6,7.4,289.8,5,75.85,4,2022-01-16T22:10:33+00:00,False,False
2022-01-17 00:00:00+00:00,Hans Sama,BOT,Team Liquid,2022-01-22T23:12:36+00:00,22.09,4.5,1,7.5,272,2,36.95,2,2022-01-16T21:11:18+00:00,False,False
2022-01-17 00:00:00+00:00,Hyper,JGL,TSM,2022-01-22T01:00:16+00:00,7.36333333333,2.66666666667,2.66666666667,2.66666666667,167.666666667,3,5.49,1,2022-01-16T22:10:33+00:00,False,False
2022-01-17 00:00:00+00:00,Impact,TOP,Evil Geniuses,2022-01-22T01:51:07+00:00,19.792,4,3.4,6,254.6,5,39.08,3,2022-01-16T23:00:52+00:00,False,False
2022-01-17 00:00:00+00:00,Inspired,JGL,Evil Geniuses,2022-01-22T01:51:07+00:00,18.79,3.66666666667,1.33333333333,9.33333333333,179.666666667,3,60.93,3,2022-01-16T23:00:52+00:00,False,False
2022-01-17 00:00:00+00:00,Instinct,BOT,TSM,2022-01-22T01:00:16+00:00,9.62,3,2.33333333333,2.33333333333,312,3,7.89,1,2022-01-16T22:10:33+00:00,False,False
2022-01-17 00:00:00+00:00,Isles,SUP,Cloud9,2022-01-21T23:12:13+00:00,23.46,0,1.33333333333,14,27.3333333333,3,41.86,4,2022-01-16T22:10:33+00:00,False,False
2022-01-17 00:00:00+00:00,Jenkins,TOP,Counter Logic Gaming,2022-01-21T21:45:47+00:00,9.768,1.4,2.4,4,223.4,5,25.08,4,2022-01-16T21:11:18+00:00,False,False
2022-01-17 00:00:00+00:00,Johnsun,BOT,FlyQuest,2022-01-22T23:12:36+00:00,14.238,4,2.6,3.8,334.6,5,8.57,2,2022-01-16T23:57:17+00:00,False,False
2022-01-17 00:00:00+00:00,Jojopyun,MID,Evil Geniuses,2022-01-22T01:51:07+00:00,18.62,3.66666666667,3,8.33333333333,274.666666667,3,62.75,3,2022-01-16T23:00:52+00:00,False,False
2022-01-17 00:00:00+00:00,Josedeodo,JGL,FlyQuest,2022-01-22T23:12:36+00:00,9.806,1.4,2.4,6,203.2,5,4.96,2,2022-01-16T23:57:17+00:00,False,False
2022-01-17 00:00:00+00:00,Kumo,TOP,FlyQuest,2022-01-22T23:12:36+00:00,9.446,2.2,2.8,3.4,270.6,5,9.45,2,2022-01-16T23:57:17+00:00,False,False
2022-01-17 00:00:00+00:00,Luger,BOT,Counter Logic Gaming,2022-01-21T21:45:47+00:00,14.8325,3.5,1.75,2.5,255.25,4,70.53,4,2022-01-16T21:11:18+00:00,False,False
2022-01-17 00:00:00+00:00,Neo,BOT,Dignitas,2022-01-21T21:45:47+00:00,6.282,2.2,2.6,2.4,272,5,60.57,4,2022-01-16T00:14:51+00:00,False,False
2022-01-17 00:00:00+00:00,Palafox,MID,Counter Logic Gaming,2022-01-21T21:45:47+00:00,11.762,3.4,2.8,2.8,267.2,5,47.47,4,2022-01-16T21:11:18+00:00,False,False
2022-01-17 00:00:00+00:00,Poome,SUP,Counter Logic Gaming,2022-01-21T21:45:47+00:00,8.602,0.4,3.8,5.4,20.6,5,59.13,4,2022-01-16T21:11:18+00:00,False,False
2022-01-17 00:00:00+00:00,PowerOfEvil,MID,Immortals,2022-01-22T00:06:11+00:00,10.054,2,3.4,4.2,286.2,5,6.72,1,2022-01-16T23:00:52+00:00,False,False
2022-01-17 00:00:00+00:00,Revenge,TOP,Immortals,2022-01-22T00:06:11+00:00,10.908,1.6,3,4.2,232.2,5,-1.18,1,2022-01-16T23:00:52+00:00,False,False
2022-01-17 00:00:00+00:00,River,JGL,Dignitas,2022-01-21T21:45:47+00:00,12.5149,2.91,2.44,5.8,187.47,0,45.86,4,,False,False
2022-01-17 00:00:00+00:00,Ryoma,MID,Golden Guardians,2022-01-22T01:00:16+00:00,13.732,2,2.8,4,294.2,5,47.99,3,2022-01-16T23:57:17+00:00,False,False
2022-01-17 00:00:00+00:00,Santorin,JGL,Team Liquid,2022-01-22T00:06:11+00:00,9.016,1.6,2,4.8,153.2,5,44.61,3,2022-01-16T21:11:18+00:00,False,False
2022-01-17 00:00:00+00:00,Ssumday,TOP,100 Thieves,2022-01-21T23:12:13+00:00,16.616,2,0.8,6.6,231.2,5,38.38,3,2022-01-15T01:14:39+00:00,False,False
2022-01-17 00:00:00+00:00,Stixxay,BOT,Golden Guardians,2022-01-22T01:00:16+00:00,5.894,1.4,2.8,2.4,306.6,5,31.85,3,2022-01-16T23:57:17+00:00,False,False
2022-01-17 00:00:00+00:00,Takeover,MID,TSM,2022-01-22T01:00:16+00:00,9.28,1.33333333333,2.33333333333,3,311,3,10.62,1,2022-01-16T22:10:33+00:00,False,False
2022-01-17 00:00:00+00:00,Tony Top,TOP,Golden Guardians,2022-01-22T01:00:16+00:00,4.51333333333,1.33333333333,2.66666666667,0.666666666667,251.333333333,3,19.97,3,2022-01-16T23:57:17+00:00,False,False
2022-01-17 00:00:00+00:00,Toucouille,MID,FlyQuest,2022-01-22T23:12:36+00:00,17.4575,2.75,2.75,4.75,323,4,14.06,2,2022-01-16T23:57:17+00:00,False,False
2022-01-17 00:00:00+00:00,V1per,TOP,TSM,2022-01-22T01:00:16+00:00,7.888,1,3.4,2.2,276.4,5,6.5,1,2022-01-16T22:10:33+00:00,False,False
2022-01-17 00:00:00+00:00,Vulcan,SUP,Evil Geniuses,2022-01-22T01:51:07+00:00,19.384,1.8,2.4,10.2,37.4,5,66.57,3,2022-01-16T23:00:52+00:00,False,False
2022-01-17 00:00:00+00:00,WildTurtle,BOT,Immortals,2022-01-22T00:06:11+00:00,9.788,3.6,2.4,2,287.4,5,5.6,1,2022-01-16T23:00:52+00:00,False,False
2022-01-17 00:00:00+00:00,Xerxe,JGL,Immortals,2022-01-22T00:06:11+00:00,12.336,3.4,2.8,5,158.2,5,6.92,1,2022-01-16T23:00:52+00:00,False,False
2022-01-17 00:00:00+00:00,Yeon,BOT,Team Liquid,2022-01-22T00:06:11+00:00,9.73,5,4,3,317,1,23.52,1,2022-01-15T22:50:00+00:00,False,False
2022-01-17 00:00:00+00:00,Yursan,SUP,TSM,2022-01-22T01:00:16+00:00,4.01666666667,0,4.33333333333,3.66666666667,35,3,8.59,1,2022-01-16T22:10:33+00:00,False,False
2022-01-17 00:00:00+00:00,Zven,BOT,Cloud9,2022-01-21T23:12:13+00:00,21.62,4.6,2.4,7,300.8,5,44.51,4,2022-01-16T22:10:33+00:00,False,False
2022-01-17 00:00:00+00:00,aphromoo,SUP,FlyQuest,2022-01-22T23:12:36+00:00,11.906,0.8,2.6,6.6,29.8,5,9.01,2,2022-01-16T23:57:17+00:00,False,False
2022-01-17 00:00:00+00:00,destiny,SUP,Immortals,2022-01-22T00:06:11+00:00,9.52,0.6,2.4,5.4,33.2,5,6.12,1,2022-01-16T23:00:52+00:00,False,False
2022-01-17 00:00:00+00:00,huhi,SUP,100 Thieves,2022-01-21T23:12:13+00:00,17.982,1.2,2.2,9.6,35.6,5,40.65,3,2022-01-16T19:40:35+00:00,False,False
2022-01-24 00:00:00+00:00,Biofrost,SUP,Dignitas,2022-01-28T21:53:04+00:00,13.04,0.4,2,8,36.8,5,50.59,4,2022-01-22T22:21:39+00:00,False,False
2022-01-24 00:00:00+00:00,Bjergsen,MID,Team Liquid,2022-01-28T21:53:04+00:00,23.554,3.2,0.6,6.8,303.8,5,129.43,7,2022-01-23T00:16:32+00:00,False,False
2022-01-24 00:00:00+00:00,Blaber,JGL,Cloud9,2022-01-29T20:45:31+00:00,13.498,2.4,2.4,7.6,212.4,5,16.78,3,2022-01-23T23:55:27+00:00,False,False
2022-01-24 00:00:00+00:00,Blue,MID,Dignitas,2022-01-28T21:53:04+00:00,15.684,2.8,2.2,5.2,277,5,55.1,4,2022-01-22T22:21:39+00:00,False,False
2022-01-24 00:00:00+00:00,Bwipo,TOP,Team Liquid,2022-01-28T21:53:04+00:00,17.648,4,3.8,5,277.6,5,140.24,7,2022-01-23T00:16:32+00:00,False,False
2022-01-24 00:00:00+00:00,Danny,BOT,Evil Geniuses,2022-01-29T20:45:31+00:00,26.338,5,0.4,8,293.6,5,70.94,6,2022-01-23T21:13:50+00:00,False,False
2022-01-24 00:00:00+00:00,Darshan,TOP,Cloud9,2022-01-29T20:45:31+00:00,11.87,1.6,1.8,4.4,242.2,5,30.35,3,2022-01-23T23:55:27+00:00,False,False
2022-01-24 00:00:00+00:00,Eyla,SUP,Team Liquid,2022-01-28T21:53:04+00:00,16.2166666667,0.333333333333,0.333333333333,8.33333333333,36,3,98.64,7,2022-01-23T00:16:32+00:00,False,False
2022-01-24 00:00:00+00:00,FakeGod,TOP,Dignitas,2022-01-28T21:53:04+00:00,11.298,2,2.8,4.8,218.2,5,33.36,4,2022-01-22T22:21:39+00:00,False,False
2022-01-24 00:00:00+00:00,Fudge,MID,Cloud9,2022-01-29T20:45:31+00:00,21.91,5,1.4,4.4,285.2,5,23.67,3,2022-01-23T23:55:27+00:00,False,False
2022-01-24 00:00:00+00:00,Hans Sama,BOT,Team Liquid,2022-01-28T21:53:04+00:00,20.2825,3.75,1,6.5,294.25,4,124.8,7,2022-01-23T00:16:32+00:00,False,False
2022-01-24 00:00:00+00:00,Impact,TOP,Evil Geniuses,2022-01-29T20:45:31+00:00,20.122,4.4,2.6,5.4,218.6,5,67.52,6,2022-01-23T21:13:50+00:00,False,False
2022-01-24 00:00:00+00:00,Inspired,JGL,Evil Geniuses,2022-01-29T20:45:31+00:00,19.748,3.6,0.8,8.4,195.6,5,57.58,6,2022-01-23T21:13:50+00:00,False,False
2022-01-24 00:00:00+00:00,Isles,SUP,Cloud9,2022-01-29T20:45:31+00:00,13.402,0.4,2.4,8.2,31.2,5,15.01,3,2022-01-23T23:55:27+00:00,False,False
2022-01-24 00:00:00+00:00,Jojopyun,MID,Evil Geniuses,2022-01-29T20:45:31+00:00,20.698,4.4,1.6,7.8,247.6,5,85.22,6,2022-01-23T21:13:50+00:00,False,False
2022-01-24 00:00:00+00:00,Neo,BOT,Dignitas,2022-01-28T21:53:04+00:00,15.572,4.4,1.8,3.6,318.4,5,38.71,4,2022-01-22T22:21:39+00:00,False,False
2022-01-24 00:00:00+00:00,River,JGL,Dignitas,2022-01-28T21:53:04+00:00,11.465,2.25,2.75,6.5,165,4,48.17,4,2022-01-22T22:21:39+00:00,False,False
2022-01-24 00:00:00+00:00,Santorin,JGL,Team Liquid,2022-01-28T21:53:04+00:00,14.674,2.6,0.8,6.8,180.8,5,95.48,7,2022-01-23T00:16:32+00:00,False,False
2022-01-24 00:00:00+00:00,Vulcan,SUP,Evil Geniuses,2022-01-29T20:45:31+00:00,23.126,1.4,1.6,13,31,5,55.55,6,2022-01-23T21:13:50+00:00,False,False
2022-01-24 00:00:00+00:00,Zven,BOT,Cloud9,2022-01-29T20:45:31+00:00,12.938,4,2.4,3.8,280.8,5,23.47,3,2022-01-23T23:55:27+00:00,False,False
2022-01-31 00:00:00+00:00,Abbedagge,MID,100 Thieves,2022-02-05T23:40:17+00:00,10.168,2.2,3.4,4.4,277.8,5,28.08,2,2022-01-22T22:21:39+00:00,False,False
2022-01-31 00:00:00+00:00,Ablazeolive,MID,Golden Guardians,2022-02-06T00:57:23+00:00,10.834,1.8,2.8,4.2,281.8,5,27.29,2,2021-08-13T23:38:26+00:00,False,False
2022-01-31 00:00:00+00:00,Berserker,BOT,Cloud9,2022-02-06T00:57:23+00:00,14.904,3.69,2,4.06,305.04,0,50.59,2,,False,False
2022-01-31 00:00:00+00:00,Biofrost,SUP,Dignitas,2022-02-06T01:52:58+00:00,13.846,0.2,1.6,7.8,38.6,5,52.56,2,2022-01-29T01:13:24+00:00,False,False
2022-01-31 00:00:00+00:00,Bjergsen,MID,Team Liquid,2022-02-05T23:40:17+00:00,19.754,4.2,0.8,6.4,259.2,5,8.91,1,2022-01-30T21:59:02+00:00,False,False
2022-01-31 00:00:00+00:00,Blaber,JGL,Cloud9,2022-02-06T00:57:23+00:00,8.972,2,3.2,5.4,191.8,5,38.1,2,2022-01-29T22:52:36+00:00,False,False
2022-01-31 00:00:00+00:00,Blue,MID,Dignitas,2022-02-06T01:52:58+00:00,16.606,4,2.4,4,322,5,44.42,2,2022-01-29T01:13:24+00:00,False,False
2022-01-31 00:00:00+00:00,Bwipo,TOP,Team Liquid,2022-02-05T23:40:17+00:00,19.59,4.4,3,5.2,275.4,5,7.71,1,2022-01-30T21:59:02+00:00,False,False
2022-01-31 00:00:00+00:00,Closer,JGL,100 Thieves,2022-02-05T23:40:17+00:00,15.312,4.2,2.2,6.2,179.6,5,35.56,2,2022-01-22T22:21:39+00:00,False,False
2022-01-31 00:00:00+00:00,Contractz,JGL,Counter Logic Gaming,2022-02-05T22:16:56+00:00,8.242,2,3.4,4.4,162.8,5,-0.94,2,2022-01-23T23:55:27+00:00,False,False
2022-01-31 00:00:00+00:00,Danny,BOT,Evil Geniuses,2022-02-05T20:33:18+00:00,11.158,3,2.2,3,283.6,5,41.65,2,2022-01-30T21:59:02+00:00,False,False
2022-01-31 00:00:00+00:00,Eyla,SUP,Team Liquid,2022-02-05T23:40:17+00:00,16.35,0.6,2.2,9.4,31.2,5,2.21,1,2022-01-30T21:59:02+00:00,False,False
2022-01-31 00:00:00+00:00,FBI,BOT,100 Thieves,2022-02-05T23:40:17+00:00,11.348,2.8,1.8,4.2,299.8,5,62.51,2,2022-01-22T22:21:39+00:00,False,False
2022-01-31 00:00:00+00:00,FakeGod,TOP,Dignitas,2022-02-06T01:52:58+00:00,10.64,1.8,3.6,5.2,242.4,5,40.48,2,2022-01-29T01:13:24+00:00,False,False
2022-01-31 00:00:00+00:00,Fudge,MID,Cloud9,2022-02-06T00:57:23+00:00,11.932,2.8,2.2,3.8,271.6,5,24.35,2,2022-01-29T22:52:36+00:00,False,False
2022-01-31 00:00:00+00:00,Hans Sama,BOT,Team Liquid,2022-02-05T23:40:17+00:00,19.408,4.2,1.8,5.8,318.4,5,8.41,1,2022-01-30T21:59:02+00:00,False,False
2022-01-31 00:00:00+00:00,Huni,TOP,TSM,2022-02-05T20:33:18+00:00,13.934,3.2,3.6,4.2,276.8,5,21.11,2,2021-08-22T23:51:54+00:00,False,False
2022-01-31 00:00:00+00:00,Impact,TOP,Evil Geniuses,2022-02-05T20:33:18+00:00,10.602,2,3.2,3.8,215.6,5,31.4,2,2022-01-30T21:59:02+00:00,False,False
2022-01-31 00:00:00+00:00,Inspired,JGL,Evil Geniuses,2022-02-05T20:33:18+00:00,6.606,1.4,2.4,4.4,162,5,27.76,2,2022-01-30T21:59:02+00:00,False,False
2022-01-31 00:00:00+00:00,Jenkins,TOP,Counter Logic Gaming,2022-02-05T22:16:56+00:00,6.166,2,4.2,2.2,270.8,5,24.33,2,2022-01-23T23:55:27+00:00,False,False
2022-01-31 00:00:00+00:00,Johnsun,BOT,FlyQuest,2022-02-05T22:16:56+00:00,10.192,3.2,2.4,2.6,304.4,5,67.81,2,2022-01-23T00:16:32+00:00,False,False
2022-01-31 00:00:00+00:00,Jojopyun,MID,Evil Geniuses,2022-02-05T20:33:18+00:00,13.722,2.6,2.2,4.8,263.8,5,18.8,2,2022-01-30T21:59:02+00:00,False,False
2022-01-31 00:00:00+00:00,Josedeodo,JGL,FlyQuest,2022-02-05T22:16:56+00:00,6.896,1.2,2,3.6,182.2,5,37.63,2,2022-01-23T00:16:32+00:00,False,False
2022-01-31 00:00:00+00:00,Keaiduo,MID,TSM,2022-02-05T20:33:18+00:00,15.0417,2.92,2.21,4.89,286.34,0,23.84,2,,False,False
2022-01-31 00:00:00+00:00,Kumo,TOP,FlyQuest,2022-02-05T22:16:56+00:00,8.176,1.6,2.4,2.4,253.6,5,40.69,2,2022-01-23T00:16:32+00:00,False,False
2022-01-31 00:00:00+00:00,Licorice,TOP,Golden Guardians,2022-02-06T00:57:23+00:00,9.974,1.4,2.6,3.4,251.6,5,20.72,2,2021-08-13T23:38:26+00:00,False,False
2022-01-31 00:00:00+00:00,Lost,BOT,Golden Guardians,2022-02-06T00:57:23+00:00,13.584,3,2.2,5.2,300.6,5,10.04,2,2021-08-22T23:51:54+00:00,False,False
2022-01-31 00:00:00+00:00,Luger,BOT,Counter Logic Gaming,2022-02-05T22:16:56+00:00,15.55,3.4,2.2,3.4,316.4,5,14.96,2,2022-01-23T23:55:27+00:00,False,False
2022-01-31 00:00:00+00:00,Neo,BOT,Dignitas,2022-02-06T01:52:58+00:00,12.294,4,2,3,334.6,5,48.07,2,2022-01-29T01:13:24+00:00,False,False
2022-01-31 00:00:00+00:00,Olleh,SUP,Golden Guardians,2022-02-06T00:57:23+00:00,12.4236,0.62,2.44,7.38,33.66,0,19.12,2,,False,False
2022-01-31 00:00:00+00:00,Palafox,MID,Counter Logic Gaming,2022-02-05T22:16:56+00:00,10.92,2,2,3.8,298,5,14.48,2,2022-01-23T23:55:27+00:00,False,False
2022-01-31 00:00:00+00:00,Poome,SUP,Counter Logic Gaming,2022-02-05T22:16:56+00:00,12.936,0.2,2.4,7.4,27.4,5,11.04,2,2022-01-23T23:55:27+00:00,False,False
2022-01-31 00:00:00+00:00,PowerOfEvil,MID,Immortals,2022-02-06T01:52:58+00:00,9.472,2,2.8,3.6,268,5,0.14,1,2022-01-22T00:06:11+00:00,False,False
2022-01-31 00:00:00+00:00,Pridestalkr,JGL,Golden Guardians,2022-02-06T00:57:23+00:00,11.4498,2.28,2.37,5.94,181.85,0,13.28,2,,False,False
2022-01-31 00:00:00+00:00,Revenge,TOP,Immortals,2022-02-06T01:52:58+00:00,7.792,1,4.2,3.6,218,5,4.36,1,2022-01-22T00:06:11+00:00,False,False
2022-01-31 00:00:00+00:00,River,JGL,Dignitas,2022-02-06T01:52:58+00:00,13.212,1.6,2.4,8.2,195.4,5,33.73,2,2022-01-29T01:13:24+00:00,False,False
2022-01-31 00:00:00+00:00,Santorin,JGL,Team Liquid,2022-02-05T23:40:17+00:00,16.904,2.6,1.4,9.4,183.2,5,0.91,1,2022-01-30T21:59:02+00:00,False,False
2022-01-31 00:00:00+00:00,Shenyi,SUP,TSM,2022-02-05T20:33:18+00:00,12.3691,0.6,2.49,7.4,33.59,0,15.3,2,,False,False
2022-01-31 00:00:00+00:00,Spica,JGL,TSM,2022-02-05T20:33:18+00:00,12.548,2.4,2.6,6.6,199.6,5,11.37,2,2021-08-22T23:51:54+00:00,False,False
2022-01-31 00:00:00+00:00,Ssumday,TOP,100 Thieves,2022-02-05T23:40:17+00:00,13.448,1.8,1.4,4.8,252.6,5,37.37,2,2022-01-22T22:21:39+00:00,False,False
2022-01-31 00:00:00+00:00,Summit,TOP,Cloud9,2022-02-06T00:57:23+00:00,12.5018,2.33,2.79,4.08,256.71,0,32.47,2,,False,False
2022-01-31 00:00:00+00:00,Tactical,BOT,TSM,2022-02-05T20:33:18+00:00,11.122,2.2,2,3.6,261.8,5,8.63,2,2021-08-29T21:42:24+00:00,False,False
2022-01-31 00:00:00+00:00,Toucouille,MID,FlyQuest,2022-02-05T22:16:56+00:00,12.27,1.4,2.4,3,287,5,31.66,2,2022-01-23T00:16:32+00:00,False,False
2022-01-31 00:00:00+00:00,Vulcan,SUP,Evil Geniuses,2022-02-05T20:33:18+00:00,8.83,1.2,2.2,5.2,32.6,5,26.76,2,2022-01-30T21:59:02+00:00,False,False
2022-01-31 00:00:00+00:00,WildTurtle,BOT,Immortals,2022-02-06T01:52:58+00:00,9.432,3.6,2.4,2.2,283.2,5,1.6,1,2022-01-22T00:06:11+00:00,False,False
2022-01-31 00:00:00+00:00,Winsome,SUP,Cloud9,2022-02-06T00:57:23+00:00,12.4236,0.62,2.44,7.38,33.66,0,37.29,2,,False,False
2022-01-31 00:00:00+00:00,Xerxe,JGL,Immortals,2022-02-06T01:52:58+00:00,7.346,1.6,3,4.4,163,5,-1.21,1,2022-01-22T00:06:11+00:00,False,False
2022-01-31 00:00:00+00:00,aphromoo,SUP,FlyQuest,2022-02-05T22:16:56+00:00,8.176,0.6,2.4,4.2,27.6,5,42.01,2,2022-01-23T00:16:32+00:00,False,False
2022-01-31 00:00:00+00:00,destiny,SUP,Immortals,2022-02-06T01:52:58+00:00,5.53,0.4,2.6,3.6,31.4,5,7.03,1,2022-01-22T00:06:11+00:00,False,False
2022-01-31 00:00:00+00:00,huhi,SUP,100 Thieves,2022-02-05T23:40:17+00:00,14.26,1.2,2.4,7.6,33.4,5,36.36,2,2022-01-22T22:21:39+00:00,False,False
2022-02-07 00:00:00+00:00,Abbedagge,MID,100 Thieves,2022-02-12T22:32:29+00:00,12.954,2.8,2.8,5.2,278.6,5,34.54,2,2022-02-06T18:24:54+00:00,False,False
2022-02-07 00:00:00+00:00,Ablazeolive,MID,Golden Guardians,2022-02-13T00:45:41+00:00,11.756,1.6,2.2,2.4,272.4,5,31.43,2,2022-02-06T23:28:15+00:00,False,False
2022-02-07 00:00:00+00:00,Berserker,BOT,Cloud9,2022-02-12T23:29:28+00:00,25.295,5,0,4,348.5,2,40.46,2,2022-02-06T22:19:59+00:00,False,False
2022-02-07 00:00:00+00:00,Biofrost,SUP,Dignitas,2022-02-12T20:53:38+00:00,16.162,0.4,1.6,8.8,32.8,5,3.5,1,2022-02-06T21:12:45+00:00,False,False
2022-02-07 00:00:00+00:00,Bjergsen,MID,Team Liquid,2022-02-07T00:30:16+00:00,19.458,3.8,0.8,6,279.6,5,73.35,3,2022-02-05T23:40:17+00:00,False,False
2022-02-07 00:00:00+00:00,Blaber,JGL,Cloud9,2022-02-12T23:29:28+00:00,10.976,2.8,2.2,3.4,215.2,5,21.55,2,2022-02-06T22:19:59+00:00,False,False
2022-02-07 00:00:00+00:00,Blue,MID,Dignitas,2022-02-12T20:53:38+00:00,14.054,3.4,2.4,4.4,327.8,5,10.59,1,2022-02-06T21:12:45+00:00,False,False
2022-02-07 00:00:00+00:00,Bwipo,TOP,Team Liquid,2022-02-07T00:30:16+00:00,16.468,3.2,3,4.4,291.2,5,64.4,3,2022-02-05T23:40:17+00:00,False,False
2022-02-07 00:00:00+00:00,Closer,JGL,100 Thieves,2022-02-12T22:32:29+00:00,14.444,3.4,1.8,5.8,191.6,5,40.31,2,2022-02-06T18:24:54+00:00,False,False
2022-02-07 00:00:00+00:00,Contractz,JGL,Counter Logic Gaming,2022-02-13T00:45:41+00:00,6.694,2,5,5.2,168,5,3.14,1,2022-02-06T18:24:54+00:00,False,False
2022-02-07 00:00:00+00:00,Danny,BOT,Evil Geniuses,2022-02-12T20:53:38+00:00,13.144,3,2.4,2.8,325.8,5,35.36,2,2022-02-06T22:19:59+00:00,False,False
2022-02-07 00:00:00+00:00,Eyla,SUP,Team Liquid,2022-02-07T00:30:16+00:00,14.978,0.4,1.8,8.2,32.8,5,44.91,3,2022-02-05T23:40:17+00:00,False,False
2022-02-07 00:00:00+00:00,FBI,BOT,100 Thieves,2022-02-12T22:32:29+00:00,18.222,4.2,1.2,5.8,313.4,5,28.01,2,2022-02-06T18:24:54+00:00,False,False
2022-02-07 00:00:00+00:00,FakeGod,TOP,Dignitas,2022-02-12T20:53:38+00:00,12.618,2.2,3.6,5.2,250.8,5,9.83,1,2022-02-06T21:12:45+00:00,False,False
2022-02-07 00:00:00+00:00,Fudge,MID,Cloud9,2022-02-12T23:29:28+00:00,9.604,1,2.4,5.4,230.4,5,27.7,2,2022-02-06T22:19:59+00:00,False,False
2022-02-07 00:00:00+00:00,Hans Sama,BOT,Team Liquid,2022-02-07T00:30:16+00:00,18.15,4.4,1.8,4.2,342.6,5,59.76,3,2022-02-05T23:40:17+00:00,False,False
2022-02-07 00:00:00+00:00,Huni,TOP,TSM,2022-02-13T01:44:02+00:00,14.034,3.2,3,2.4,305.6,5,26.3,2,2022-02-06T21:12:45+00:00,False,False
2022-02-07 00:00:00+00:00,Impact,TOP,Evil Geniuses,2022-02-12T20:53:38+00:00,12.524,3,3.4,3.2,259.2,5,17.94,2,2022-02-06T22:19:59+00:00,False,False
2022-02-07 00:00:00+00:00,Inspired,JGL,Evil Geniuses,2022-02-12T20:53:38+00:00,8.212,1.4,2.6,5,182.6,5,17.9,2,2022-02-06T22:19:59+00:00,False,False
2022-02-07 00:00:00+00:00,Jenkins,TOP,Counter Logic Gaming,2022-02-13T00:45:41+00:00,7.836,2.6,5.2,2.4,284.4,5,11.11,1,2022-02-06T18:24:54+00:00,False,False
2022-02-07 00:00:00+00:00,Johnsun,BOT,FlyQuest,2022-02-13T01:44:02+00:00,18.526,5,1.8,3.8,355,5,42.99,2,2022-02-06T23:28:15+00:00,False,False
2022-02-07 00:00:00+00:00,Jojopyun,MID,Evil Geniuses,2022-02-12T20:53:38+00:00,9.086,1.6,3.2,4.6,275.6,5,15.39,2,2022-02-06T22:19:59+00:00,False,False
2022-02-07 00:00:00+00:00,Josedeodo,JGL,FlyQuest,2022-02-13T01:44:02+00:00,10.808,1.4,2.2,6,204.4,5,36.42,2,2022-02-06T23:28:15+00:00,False,False
2022-02-07 00:00:00+00:00,Keaiduo,MID,TSM,2022-02-13T01:44:02+00:00,11.92,3,2,1,346.5,2,31.13,2,2022-02-06T21:12:45+00:00,False,False
2022-02-07 00:00:00+00:00,Kumo,TOP,FlyQuest,2022-02-13T01:44:02+00:00,11.454,0.6,2,7,171.4,5,31.21,2,2022-02-06T23:28:15+00:00,False,False
2022-02-07 00:00:00+00:00,Licorice,TOP,Golden Guardians,2022-02-13T00:45:41+00:00,6.456,1,3.2,2.2,228,5,32.71,2,2022-02-06T23:28:15+00:00,False,False
2022-02-07 00:00:00+00:00,Lost,BOT,Golden Guardians,2022-02-13T00:45:41+00:00,7.666,2,2.8,3.8,261.4,5,53.68,2,2022-02-06T23:28:15+00:00,False,False
2022-02-07 00:00:00+00:00,Luger,BOT,Counter Logic Gaming,2022-02-13T00:45:41+00:00,13.058,3.2,2.2,3.2,337.2,5,12.31,1,2022-02-06T18:24:54+00:00,False,False
2022-02-07 00:00:00+00:00,Neo,BOT,Dignitas,2022-02-12T20:53:38+00:00,14.412,5,2.2,3,324.6,5,8.07,1,2022-02-06T21:12:45+00:00,False,False
2022-02-07 00:00:00+00:00,Olleh,SUP,Golden Guardians,2022-02-13T00:45:41+00:00,9.56,0,2.5,4.5,29.5,2,29.18,2,2022-02-06T23:28:15+00:00,False,False
2022-02-07 00:00:00+00:00,Palafox,MID,Counter Logic Gaming,2022-02-13T00:45:41+00:00,8.172,2.4,3.4,4,303.6,5,9.83,1,2022-02-06T18:24:54+00:00,False,False
2022-02-07 00:00:00+00:00,Poome,SUP,Counter Logic Gaming,2022-02-13T00:45:41+00:00,11.366,0.4,3.2,7.8,33.6,5,5.09,1,2022-02-06T18:24:54+00:00,False,False
2022-02-07 00:00:00+00:00,PowerOfEvil,MID,Immortals,2022-02-07T00:30:16+00:00,9.18,2.2,3,3.4,258,5,28.73,3,2022-02-06T01:52:58+00:00,False,False
2022-02-07 00:00:00+00:00,Pridestalkr,JGL,Golden Guardians,2022-02-13T00:45:41+00:00,6.64,2.5,2,1,227.5,2,42.5,2,2022-02-06T23:28:15+00:00,False,False
2022-02-07 00:00:00+00:00,Revenge,TOP,Immortals,2022-02-07T00:30:16+00:00,7.18,1.2,4.4,3.6,226.8,5,38.43,3,2022-02-06T01:52:58+00:00,False,False
2022-02-07 00:00:00+00:00,River,JGL,Dignitas,2022-02-12T20:53:38+00:00,13.394,1.6,2.6,8.8,187.2,5,5,1,2022-02-06T21:12:45+00:00,False,False
2022-02-07 00:00:00+00:00,Santorin,JGL,Team Liquid,2022-02-07T00:30:16+00:00,13.684,1.6,1.8,8.8,176.2,5,58,3,2022-02-05T23:40:17+00:00,False,False
2022-02-07 00:00:00+00:00,Shenyi,SUP,TSM,2022-02-13T01:44:02+00:00,7.65,0.5,2,3.5,24.5,2,18.24,2,2022-02-06T21:12:45+00:00,False,False
2022-02-07 00:00:00+00:00,Spica,JGL,TSM,2022-02-13T01:44:02+00:00,9.414,1.2,2.6,5.6,186,5,24.06,2,2022-02-06T21:12:45+00:00,False,False
2022-02-07 00:00:00+00:00,Ssumday,TOP,100 Thieves,2022-02-12T22:32:29+00:00,15.15,2.2,1.2,5.2,273.2,5,41.84,2,2022-02-06T18:24:54+00:00,False,False
2022-02-07 00:00:00+00:00,Summit,TOP,Cloud9,2022-02-12T23:29:28+00:00,16.235,3,3.5,3,294.5,2,20.24,2,2022-02-06T22:19:59+00:00,False,False
2022-02-07 00:00:00+00:00,Tactical,BOT,TSM,2022-02-13T01:44:02+00:00,4.006,0.6,3.2,2.2,270.2,5,30.55,2,2022-02-06T21:12:45+00:00,False,False
2022-02-07 00:00:00+00:00,Toucouille,MID,FlyQuest,2022-02-13T01:44:02+00:00,11.402,2.4,2.4,3.4,285.4,5,50.92,2,2022-02-06T23:28:15+00:00,False,False
2022-02-07 00:00:00+00:00,Vulcan,SUP,Evil Geniuses,2022-02-12T20:53:38+00:00,9.186,0.6,2.2,5.4,38.4,5,13.15,2,2022-02-06T22:19:59+00:00,False,False
2022-02-07 00:00:00+00:00,WildTurtle,BOT,Immortals,2022-02-07T00:30:16+00:00,6.164,2.6,2.4,1.4,266.4,5,31.24,3,2022-02-06T01:52:58+00:00,False,False
2022-02-07 00:00:00+00:00,Winsome,SUP,Cloud9,2022-02-12T23:29:28+00:00,18.645,0.5,1,10,22.5,2,27.26,2,2022-02-06T22:19:59+00:00,False,False
2022-02-07 00:00:00+00:00,Xerxe,JGL,Immortals,2022-02-07T00:30:16+00:00,6.82,1.6,3.4,4.6,166,5,20.74,3,2022-02-06T01:52:58+00:00,False,False
2022-02-07 00:00:00+00:00,aphromoo,SUP,FlyQuest,2022-02-13T01:44:02+00:00,13.976,1,2.6,7.4,29.4,5,30.28,2,2022-02-06T23:28:15+00:00,False,False
2022-02-07 00:00:00+00:00,destiny,SUP,Immortals,2022-02-07T00:30:16+00:00,5.368,0.4,3,4,30.4,5,25.23,3,2022-02-06T01:52:58+00:00,False,False
2022-02-07 00:00:00+00:00,huhi,SUP,100 Thieves,2022-02-12T22:32:29+00:00,15.402,1.4,1.8,8.4,35,5,19.21,2,2022-02-06T18:24:54+00:00,False,False
2022-02-14 00:00:00+00:00,Abbedagge,MID,100 Thieves,2022-02-19T20:54:27+00:00,14.294,2.6,2.4,5.8,299.6,5,36.78,2,2022-02-13T22:22:50+00:00,False,False
2022-02-14 00:00:00+00:00,Ablazeolive,MID,Golden Guardians,2022-02-19T20:54:27+00:00,13.618,1.8,3.2,5.8,269,5,22.96,2,2022-02-13T21:09:56+00:00,False,False
2022-02-14 00:00:00+00:00,Berserker,BOT,Cloud9,2022-02-20T01:05:49+00:00,22.7625,4.5,1,4.5,333.25,4,14.8,2,2022-02-13T19:57:16+00:00,False,False
2022-02-14 00:00:00+00:00,Biofrost,SUP,Dignitas,2022-02-14T00:28:02+00:00,15.744,0.4,1.8,8.6,28.4,5,36.49,3,2022-02-12T20:53:38+00:00,False,False
2022-02-14 00:00:00+00:00,Bjergsen,MID,Team Liquid,2022-02-19T23:05:09+00:00,18.682,1.8,1,7.4,322,5,24.47,1,2022-02-13T23:25:01+00:00,False,False
2022-02-14 00:00:00+00:00,Blaber,JGL,Cloud9,2022-02-20T01:05:49+00:00,12.92,2.8,2.2,4.8,259,5,8.81,2,2022-02-13T19:57:16+00:00,False,False
2022-02-14 00:00:00+00:00,Blue,MID,Dignitas,2022-02-14T00:28:02+00:00,13.548,3,1.8,4,352.2,5,49.16,3,2022-02-12T20:53:38+00:00,False,False
2022-02-14 00:00:00+00:00,Bwipo,TOP,Team Liquid,2022-02-19T23:05:09+00:00,16.536,3.2,2,4,335.6,5,15.02,1,2022-02-13T23:25:01+00:00,False,False
2022-02-14 00:00:00+00:00,Closer,JGL,100 Thieves,2022-02-19T20:54:27+00:00,15.126,3.4,1.8,7,199.8,5,27.75,2,2022-02-13T22:22:50+00:00,False,False
2022-02-14 00:00:00+00:00,Contractz,JGL,Counter Logic Gaming,2022-02-14T00:28:02+00:00,6.248,2,5.6,5.6,183.4,5,23.39,2,2022-02-13T00:45:41+00:00,False,False
2022-02-14 00:00:00+00:00,CoreJJ,SUP,Team Liquid,2022-02-19T23:05:09+00:00,11.466,0.4,2.8,7.2,34.2,5,18.85,1,2022-01-22T23:12:36+00:00,False,False
2022-02-14 00:00:00+00:00,Danny,BOT,Evil Geniuses,2022-02-19T23:05:09+00:00,17.716,3.4,1.6,2.6,403,5,24.99,2,2022-02-13T22:22:50+00:00,False,False
2022-02-14 00:00:00+00:00,FBI,BOT,100 Thieves,2022-02-19T20:54:27+00:00,19.19,3.8,1.6,7.6,272.6,5,41.21,2,2022-02-13T22:22:50+00:00,False,False
2022-02-14 00:00:00+00:00,FakeGod,TOP,Dignitas,2022-02-14T00:28:02+00:00,12.958,1.8,2.4,4.2,280.6,5,35.54,3,2022-02-12T20:53:38+00:00,False,False
2022-02-14 00:00:00+00:00,Fudge,MID,Cloud9,2022-02-20T01:05:49+00:00,12,1.8,1.8,6,271.6,5,34.53,2,2022-02-13T19:57:16+00:00,False,False
2022-02-14 00:00:00+00:00,Hans Sama,BOT,Team Liquid,2022-02-19T23:05:09+00:00,18.202,4.6,1.8,5.2,365,5,23.39,1,2022-02-13T23:25:01+00:00,False,False
2022-02-14 00:00:00+00:00,Huni,TOP,TSM,2022-02-19T22:06:16+00:00,9.718,1.4,4,4.8,230.2,5,27.57,2,2022-02-13T21:09:56+00:00,False,False
2022-02-14 00:00:00+00:00,Impact,TOP,Evil Geniuses,2022-02-19T23:05:09+00:00,11.872,2.4,2.4,3.6,254,5,11.61,2,2022-02-13T22:22:50+00:00,False,False
2022-02-14 00:00:00+00:00,Inspired,JGL,Evil Geniuses,2022-02-19T23:05:09+00:00,10.764,1.4,2,5.2,233.2,5,19.11,2,2022-02-13T22:22:50+00:00,False,False
2022-02-14 00:00:00+00:00,Jenkins,TOP,Counter Logic Gaming,2022-02-14T00:28:02+00:00,10.546,2.8,4,3.2,305.4,5,26.08,2,2022-02-13T00:45:41+00:00,False,False
2022-02-14 00:00:00+00:00,Johnsun,BOT,FlyQuest,2022-02-20T00:03:36+00:00,23.746,6,2,6,356,5,31.5,2,2022-02-13T23:25:01+00:00,False,False
2022-02-14 00:00:00+00:00,Jojopyun,MID,Evil Geniuses,2022-02-19T23:05:09+00:00,8.488,2,2.6,3,327.6,5,25.26,2,2022-02-13T22:22:50+00:00,False,False
2022-02-14 00:00:00+00:00,Josedeodo,JGL,FlyQuest,2022-02-20T00:03:36+00:00,15.884,2,2.6,9.6,205.8,5,34.24,2,2022-02-13T23:25:01+00:00,False,False
2022-02-14 00:00:00+00:00,Keaiduo,MID,TSM,2022-02-19T22:06:16+00:00,13.7425,2.25,2,4.25,326.5,4,17.68,2,2022-02-13T21:09:56+00:00,False,False
2022-02-14 00:00:00+00:00,Kumo,TOP,FlyQuest,2022-02-20T00:03:36+00:00,15.658,1.4,2,9.6,175.8,5,35.41,2,2022-02-13T23:25:01+00:00,False,False
2022-02-14 00:00:00+00:00,Licorice,TOP,Golden Guardians,2022-02-19T20:54:27+00:00,11.72,2.2,3.4,4,283.6,5,16.45,2,2022-02-13T21:09:56+00:00,False,False
2022-02-14 00:00:00+00:00,Lost,BOT,Golden Guardians,2022-02-19T20:54:27+00:00,14.154,4.4,2.6,4.8,270.8,5,19.29,2,2022-02-13T21:09:56+00:00,False,False
2022-02-14 00:00:00+00:00,Luger,BOT,Counter Logic Gaming,2022-02-14T00:28:02+00:00,13.09,3.4,2,3.2,354.2,5,19.99,2,2022-02-13T00:45:41+00:00,False,False
2022-02-14 00:00:00+00:00,Neo,BOT,Dignitas,2022-02-14T00:28:02+00:00,14.966,4.8,2,2.8,359.6,5,47.88,3,2022-02-12T20:53:38+00:00,False,False
2022-02-14 00:00:00+00:00,Olleh,SUP,Golden Guardians,2022-02-19T20:54:27+00:00,12.075,0.75,3,7.25,37.75,4,22.02,2,2022-02-13T21:09:56+00:00,False,False
2022-02-14 00:00:00+00:00,Palafox,MID,Counter Logic Gaming,2022-02-14T00:28:02+00:00,9.206,2.8,3.4,4.4,301.4,5,39.85,2,2022-02-13T00:45:41+00:00,False,False
2022-02-14 00:00:00+00:00,Poome,SUP,Counter Logic Gaming,2022-02-14T00:28:02+00:00,9.37,0.6,3.8,7.6,39.4,5,29.35,2,2022-02-13T00:45:41+00:00,False,False
2022-02-14 00:00:00+00:00,PowerOfEvil,MID,Immortals,2022-02-19T22:06:16+00:00,7.118,1.2,2.6,2.6,276.8,5,33.6,2,2022-02-13T19:57:16+00:00,False,False
2022-02-14 00:00:00+00:00,Pridestalkr,JGL,Golden Guardians,2022-02-19T20:54:27+00:00,13.945,5,2.5,3.75,256.25,4,25.01,2,2022-02-13T21:09:56+00:00,False,False
2022-02-14 00:00:00+00:00,Revenge,TOP,Immortals,2022-02-19T22:06:16+00:00,8.322,1.6,4,2.2,255.2,5,35.98,2,2022-02-13T19:57:16+00:00,False,False
2022-02-14 00:00:00+00:00,River,JGL,Dignitas,2022-02-14T00:28:02+00:00,12.046,1.4,2.4,8,189.8,5,8.07,3,2022-02-12T20:53:38+00:00,False,False
2022-02-14 00:00:00+00:00,Santorin,JGL,Team Liquid,2022-02-19T23:05:09+00:00,13.922,2.4,1.8,6.8,189.4,5,21.9,1,2022-02-13T23:25:01+00:00,False,False
2022-02-14 00:00:00+00:00,Spica,JGL,TSM,2022-02-19T22:06:16+00:00,7.408,2.2,4,4.2,185.6,5,34.45,2,2022-02-13T21:09:56+00:00,False,False
2022-02-14 00:00:00+00:00,Ssumday,TOP,100 Thieves,2022-02-19T20:54:27+00:00,16.73,3,0.8,5.4,303,5,38.16,2,2022-02-13T22:22:50+00:00,False,False
2022-02-14 00:00:00+00:00,Summit,TOP,Cloud9,2022-02-20T01:05:49+00:00,13.1775,2.5,3,3.5,282.25,4,35.21,2,2022-02-13T19:57:16+00:00,False,False
2022-02-14 00:00:00+00:00,Tactical,BOT,TSM,2022-02-19T22:06:16+00:00,9.34,2.6,4.4,3.6,311.6,5,53.11,2,2022-02-13T21:09:56+00:00,False,False
2022-02-14 00:00:00+00:00,Toucouille,MID,FlyQuest,2022-02-20T00:03:36+00:00,16.486,4.4,2,4.8,286.2,5,51.68,2,2022-02-13T23:25:01+00:00,False,False
2022-02-14 00:00:00+00:00,Vulcan,SUP,Evil Geniuses,2022-02-19T23:05:09+00:00,9.18,0.2,2.6,5.8,39.2,5,10.01,2,2022-02-13T22:22:50+00:00,False,False
2022-02-14 00:00:00+00:00,WildTurtle,BOT,Immortals,2022-02-19T22:06:16+00:00,7.688,2.6,2.8,2.4,271,5,24.23,2,2022-02-13T19:57:16+00:00,False,False
2022-02-14 00:00:00+00:00,Winsome,SUP,Cloud9,2022-02-20T01:05:49+00:00,16.1375,0.5,1.75,9.25,25.5,4,25.37,2,2022-02-13T19:57:16+00:00,False,False
2022-02-14 00:00:00+00:00,Xerxe,JGL,Immortals,2022-02-19T22:06:16+00:00,5.29,1,3,3.6,173.8,5,28.02,2,2022-02-13T19:57:16+00:00,False,False
2022-02-14 00:00:00+00:00,Yursan,SUP,TSM,2022-02-19T22:06:16+00:00,5.16,0,4,4,32.75,4,27.31,2,2022-01-22T01:00:16+00:00,False,False
2022-02-14 00:00:00+00:00,aphromoo,SUP,FlyQuest,2022-02-20T00:03:36+00:00,15.538,1,2.2,10,29.8,5,32.88,2,2022-02-13T23:25:01+00:00,False,False
2022-02-14 00:00:00+00:00,destiny,SUP,Immortals,2022-02-19T22:06:16+00:00,7.676,0.2,2.8,4.6,33,5,21.03,2,2022-02-13T19:57:16+00:00,False,False
2022-02-14 00:00:00+00:00,huhi,SUP,100 Thieves,2022-02-19T20:54:27+00:00,12.038,1.6,2.4,6.4,75,5,38.32,2,2022-02-13T22:22:50+00:00,False,False
2022-02-21 00:00:00+00:00,Abbedagge,MID,100 Thieves,2022-02-26T00:27:00+00:00,16.842,3.4,2.8,6,318.8,5,41.01,2,2022-02-20T21:46:32+00:00,False,False
2022-02-21 00:00:00+00:00,Ablazeolive,MID,Golden Guardians,2022-02-25T23:32:00+00:00,14.364,2.6,3.4,6,277.8,5,34.59,3,2022-02-20T23:53:29+00:00,False,False
2022-02-21 00:00:00+00:00,Arrow,BOT,Immortals,2022-02-27T01:38:00+00:00,15.3297,3.73,2.12,4.33,321.18,0,19.21,2,,False,False
2022-02-21 00:00:00+00:00,Berserker,BOT,Cloud9,2022-02-25T22:37:00+00:00,18.098,4,2.2,4.4,334.4,5,62.72,3,2022-02-20T22:57:20+00:00,False,False
2022-02-21 00:00:00+00:00,Biofrost,SUP,Dignitas,2022-02-25T22:37:00+00:00,12.824,0.8,2.2,5.8,26.6,5,23.72,2,2022-02-20T23:53:29+00:00,False,False
2022-02-21 00:00:00+00:00,Bjergsen,MID,Team Liquid,2022-02-21T00:57:57+00:00,21.346,3.4,0.8,6.4,338.4,5,54.55,4,2022-02-19T23:05:09+00:00,False,False
2022-02-21 00:00:00+00:00,Blaber,JGL,Cloud9,2022-02-25T22:37:00+00:00,9.992,2.2,3.4,5.4,244.2,5,57.42,3,2022-02-20T22:57:20+00:00,False,False
2022-02-21 00:00:00+00:00,Blue,MID,Dignitas,2022-02-25T22:37:00+00:00,16.278,2,1.2,4.4,403.4,5,11.26,2,2022-02-20T23:53:29+00:00,False,False
2022-02-21 00:00:00+00:00,Bwipo,TOP,Team Liquid,2022-02-21T00:57:57+00:00,17.426,3,1.6,4,348.4,5,62.09,4,2022-02-19T23:05:09+00:00,False,False
2022-02-21 00:00:00+00:00,Closer,JGL,100 Thieves,2022-02-26T00:27:00+00:00,18.154,3.8,1.6,9,196.6,5,22.61,2,2022-02-20T21:46:32+00:00,False,False
2022-02-21 00:00:00+00:00,Contractz,JGL,Counter Logic Gaming,2022-02-21T00:57:57+00:00,5.118,1.2,5.8,6,209.2,5,41.15,4,2022-02-20T01:05:49+00:00,False,False
2022-02-21 00:00:00+00:00,CoreJJ,SUP,Team Liquid,2022-02-21T00:57:57+00:00,13.274,0.4,3,8.6,36.2,5,23.62,1,2022-02-19T23:05:09+00:00,False,False
2022-02-21 00:00:00+00:00,Danny,BOT,Evil Geniuses,2022-02-27T00:40:00+00:00,13.156,2.8,2.4,3,393,5,74.8,3,2022-02-20T19:39:45+00:00,False,False
2022-02-21 00:00:00+00:00,Eyla,SUP,Team Liquid,2022-02-25T23:32:00+00:00,12.56,0.8,3.2,8,34.8,5,40.85,3,2022-02-13T23:25:01+00:00,False,False
2022-02-21 00:00:00+00:00,FBI,BOT,100 Thieves,2022-02-26T00:27:00+00:00,19.804,3.6,1.8,8.8,278.4,5,20.73,2,2022-02-20T21:46:32+00:00,False,False
2022-02-21 00:00:00+00:00,FakeGod,TOP,Dignitas,2022-02-25T22:37:00+00:00,12.81,1.2,1.6,3,343.6,5,6.61,2,2022-02-20T23:53:29+00:00,False,False
2022-02-21 00:00:00+00:00,Fudge,MID,Cloud9,2022-02-25T22:37:00+00:00,14.638,2.6,2.2,5.6,313,5,73.99,3,2022-02-20T22:57:20+00:00,False,False
2022-02-21 00:00:00+00:00,Hans Sama,BOT,Team Liquid,2022-02-21T00:57:57+00:00,18.312,3.8,1.8,6.4,353.2,5,65.18,4,2022-02-19T23:05:09+00:00,False,False
2022-02-21 00:00:00+00:00,Huni,TOP,TSM,2022-02-26T00:27:00+00:00,12.656,1.4,3.6,8.8,129.4,5,22.41,3,2022-02-20T22:57:20+00:00,False,False
2022-02-21 00:00:00+00:00,Impact,TOP,Evil Geniuses,2022-02-27T00:40:00+00:00,10.234,2.6,2.8,2.8,254.4,5,53.17,3,2022-02-20T19:39:45+00:00,False,False
2022-02-21 00:00:00+00:00,Inspired,JGL,Evil Geniuses,2022-02-27T00:40:00+00:00,8.808,2,3,4.2,229,5,37.98,3,2022-02-20T19:39:45+00:00,False,False
2022-02-21 00:00:00+00:00,Jenkins,TOP,Counter Logic Gaming,2022-02-21T00:57:57+00:00,12.304,2.4,3,3.4,321.2,5,55.57,4,2022-02-20T01:05:49+00:00,False,False
2022-02-21 00:00:00+00:00,Johnsun,BOT,FlyQuest,2022-02-27T00:40:00+00:00,20.716,4.6,1.6,7,304.4,5,18.26,3,2022-02-20T21:46:32+00:00,False,False
2022-02-21 00:00:00+00:00,Jojopyun,MID,Evil Geniuses,2022-02-27T00:40:00+00:00,8.554,1.4,2.6,2,331.6,5,58.72,3,2022-02-20T19:39:45+00:00,False,False
2022-02-21 00:00:00+00:00,Josedeodo,JGL,FlyQuest,2022-02-27T00:40:00+00:00,17.158,2.8,2,9.6,196.4,5,7.76,3,2022-02-20T21:46:32+00:00,False,False
2022-02-21 00:00:00+00:00,Keaiduo,MID,TSM,2022-02-26T00:27:00+00:00,11.406,1.8,2.4,5.2,332.4,5,18.15,3,2022-02-20T22:57:20+00:00,False,False
2022-02-21 00:00:00+00:00,Kumo,TOP,FlyQuest,2022-02-27T00:40:00+00:00,17.044,2.4,2.2,8.6,273.4,5,8.61,3,2022-02-20T21:46:32+00:00,False,False
2022-02-21 00:00:00+00:00,Licorice,TOP,Golden Guardians,2022-02-25T23:32:00+00:00,13.398,2.2,3,4.2,304.6,5,36.19,3,2022-02-20T23:53:29+00:00,False,False
2022-02-21 00:00:00+00:00,Lost,BOT,Golden Guardians,2022-02-25T23:32:00+00:00,16.148,4.2,2.4,5.6,315.8,5,53.97,3,2022-02-20T23:53:29+00:00,False,False
2022-02-21 00:00:00+00:00,Luger,BOT,Counter Logic Gaming,2022-02-21T00:57:57+00:00,9.452,2.2,1.8,3.2,368.8,5,69.71,4,2022-02-20T01:05:49+00:00,False,False
2022-02-21 00:00:00+00:00,Neo,BOT,Dignitas,2022-02-25T22:37:00+00:00,15.902,3.8,1.2,2.2,399.4,5,5.14,2,2022-02-20T23:53:29+00:00,False,False
2022-02-21 00:00:00+00:00,Olleh,SUP,Golden Guardians,2022-02-25T23:32:00+00:00,12.542,0.8,3,7.4,46.2,5,36.35,3,2022-02-20T23:53:29+00:00,False,False
2022-02-21 00:00:00+00:00,Palafox,MID,Counter Logic Gaming,2022-02-21T00:57:57+00:00,12.832,3.6,3,3.6,347.6,5,36.25,4,2022-02-20T01:05:49+00:00,False,False
2022-02-21 00:00:00+00:00,Poome,SUP,Counter Logic Gaming,2022-02-21T00:57:57+00:00,9.096,1.2,2.8,5.6,32,5,70.83,4,2022-02-20T01:05:49+00:00,False,False
2022-02-21 00:00:00+00:00,PowerOfEvil,MID,Immortals,2022-02-26T01:27:00+00:00,12.466,2.2,2.6,4.4,292,5,62.83,3,2022-02-20T19:39:45+00:00,False,False
2022-02-21 00:00:00+00:00,Pridestalkr,JGL,Golden Guardians,2022-02-25T23:32:00+00:00,14.424,4,2,4.6,245.4,5,29.26,3,2022-02-20T23:53:29+00:00,False,False
2022-02-21 00:00:00+00:00,Revenge,TOP,Immortals,2022-02-26T01:27:00+00:00,14.882,2.6,2.6,3.2,301,5,52.14,3,2022-02-20T19:39:45+00:00,False,False
2022-02-21 00:00:00+00:00,River,JGL,Dignitas,2022-02-25T22:37:00+00:00,5.65,0.2,3,5,203.8,5,6.38,2,2022-02-20T23:53:29+00:00,False,False
2022-02-21 00:00:00+00:00,Santorin,JGL,Team Liquid,2022-02-21T00:57:57+00:00,16.162,2.8,1.6,7.6,187.8,5,50.62,4,2022-02-19T23:05:09+00:00,False,False
2022-02-21 00:00:00+00:00,Spica,JGL,TSM,2022-02-26T00:27:00+00:00,12.77,3.8,3.6,6,190.8,5,12.28,3,2022-02-20T22:57:20+00:00,False,False
2022-02-21 00:00:00+00:00,Ssumday,TOP,100 Thieves,2022-02-26T00:27:00+00:00,20.978,4.2,1,5.6,312.6,5,36.19,2,2022-02-20T21:46:32+00:00,False,False
2022-02-21 00:00:00+00:00,Summit,TOP,Cloud9,2022-02-25T22:37:00+00:00,14.796,3,3.4,4.6,300.4,5,77.77,3,2022-02-20T22:57:20+00:00,False,False
2022-02-21 00:00:00+00:00,Tactical,BOT,TSM,2022-02-26T00:27:00+00:00,18.164,5.2,3.6,4.4,361,5,16.93,3,2022-02-20T22:57:20+00:00,False,False
2022-02-21 00:00:00+00:00,Toucouille,MID,FlyQuest,2022-02-27T00:40:00+00:00,23.08,4.6,1,6.4,316.8,5,25.2,3,2022-02-20T21:46:32+00:00,False,False
2022-02-21 00:00:00+00:00,Vulcan,SUP,Evil Geniuses,2022-02-27T00:40:00+00:00,5.706,0,3.8,5.2,37.4,5,59.13,3,2022-02-20T19:39:45+00:00,False,False
2022-02-21 00:00:00+00:00,WildTurtle,BOT,Immortals,2022-02-26T01:27:00+00:00,11.094,3,3,4.6,291.6,5,31.87,1,2022-02-20T19:39:45+00:00,False,False
2022-02-21 00:00:00+00:00,Winsome,SUP,Cloud9,2022-02-25T22:37:00+00:00,15.254,0.2,2.4,9.2,33.4,5,61.04,3,2022-02-20T22:57:20+00:00,False,False
2022-02-21 00:00:00+00:00,Xerxe,JGL,Immortals,2022-02-26T01:27:00+00:00,9.752,2,2.2,5,197,5,39.8,3,2022-02-20T19:39:45+00:00,False,False
2022-02-21 00:00:00+00:00,Yursan,SUP,TSM,2022-02-26T00:27:00+00:00,8.654,0.2,3.8,7,32.8,5,14.02,3,2022-02-20T22:57:20+00:00,False,False
2022-02-21 00:00:00+00:00,aphromoo,SUP,FlyQuest,2022-02-27T00:40:00+00:00,17.17,0.8,1.8,10.4,73.4,5,15.07,3,2022-02-20T21:46:32+00:00,False,False
2022-02-21 00:00:00+00:00,destiny,SUP,Immortals,2022-02-26T01:27:00+00:00,9.252,0.4,3.2,6,34,5,56.33,3,2022-02-20T19:39:45+00:00,False,False
2022-02-21 00:00:00+00:00,huhi,SUP,100 Thieves,2022-02-26T00:27:00+00:00,16.304,1.8,2,8.2,77.6,5,16.13,2,2022-02-20T21:46:32+00:00,False,False
2022-02-28 00:00:00+00:00,Abbedagge,MID,100 Thieves,2022-02-28T00:07:27+00:00,22.058,5,2.2,5.4,329,5,27.48,3,2022-02-26T23:44:00+00:00,False,False
2022-02-28 00:00:00+00:00,Ablazeolive,MID,Golden Guardians,2022-03-06T00:13:12+00:00,11.51,2.6,2,3,286.4,5,7.33,1,2022-02-27T23:06:36+00:00,False,False
2022-02-28 00:00:00+00:00,Arrow,BOT,Immortals,2022-03-05T21:01:58+00:00,9.605,4,2,2.5,260.5,2,13.65,2,2022-02-27T23:06:36+00:00,False,False
2022-02-28 00:00:00+00:00,Berserker,BOT,Cloud9,2022-03-06T00:13:12+00:00,15.504,3.8,2,5.4,290.4,5,31.79,2,2022-02-27T22:11:11+00:00,False,False
2022-02-28 00:00:00+00:00,Biofrost,SUP,Dignitas,2022-02-28T00:07:27+00:00,12.042,1,1.8,4.4,29.4,5,45.59,3,2022-02-26T21:44:00+00:00,False,False
2022-02-28 00:00:00+00:00,Bjergsen,MID,Team Liquid,2022-03-05T23:16:36+00:00,15.804,3.2,0.6,4,267.6,5,63.41,2,2022-02-27T20:01:06+00:00,False,False
2022-02-28 00:00:00+00:00,Blaber,JGL,Cloud9,2022-03-06T00:13:12+00:00,13.246,1.6,2.8,9,207.2,5,49.85,2,2022-02-27T22:11:11+00:00,False,False
2022-02-28 00:00:00+00:00,Blue,MID,Dignitas,2022-02-28T00:07:27+00:00,12.084,1.4,2,3.6,344,5,54.04,3,2022-02-26T21:44:00+00:00,False,False
2022-02-28 00:00:00+00:00,Bwipo,TOP,Team Liquid,2022-03-05T23:16:36+00:00,15.422,2,2.4,5.2,280.4,5,36.49,2,2022-02-27T20:01:06+00:00,False,False
2022-02-28 00:00:00+00:00,Closer,JGL,100 Thieves,2022-02-28T00:07:27+00:00,14.254,1.8,2,8.8,181.2,5,31.65,3,2022-02-26T23:44:00+00:00,False,False
2022-02-28 00:00:00+00:00,Contractz,JGL,Counter Logic Gaming,2022-03-06T01:07:00+00:00,11.286,3.4,3.8,6.2,202,5,7.31,2,2022-02-27T21:05:38+00:00,False,False
2022-02-28 00:00:00+00:00,CoreJJ,SUP,Team Liquid,2022-03-05T23:16:36+00:00,17.894,1.2,2.6,10.2,34.2,5,52.61,2,2022-02-21T00:57:57+00:00,False,False
2022-02-28 00:00:00+00:00,Danny,BOT,Evil Geniuses,2022-03-05T21:01:58+00:00,19.958,5.6,2.6,4.2,332.6,5,30.73,2,2022-02-27T21:05:38+00:00,False,False
2022-02-28 00:00:00+00:00,FBI,BOT,100 Thieves,2022-02-28T00:07:27+00:00,16.148,2.8,2,7.4,268.4,5,22.53,3,2022-02-26T23:44:00+00:00,False,False
2022-02-28 00:00:00+00:00,FakeGod,TOP,Dignitas,2022-02-28T00:07:27+00:00,8.43,0.8,2.6,2.4,289.8,5,42.86,3,2022-02-26T21:44:00+00:00,False,False
2022-02-28 00:00:00+00:00,Fudge,MID,Cloud9,2022-03-06T00:13:12+00:00,21.704,4.8,1.2,6.4,314.4,5,38.13,2,2022-02-27T22:11:11+00:00,False,False
2022-02-28 00:00:00+00:00,Hans Sama,BOT,Team Liquid,2022-03-05T23:16:36+00:00,17.714,3.6,1.8,5.6,294.8,5,58.89,2,2022-02-27T20:01:06+00:00,False,False
2022-02-28 00:00:00+00:00,Huni,TOP,TSM,2022-03-05T22:16:41+00:00,9.996,0.8,3,5.4,185.6,5,13.7,1,2022-02-27T20:01:06+00:00,False,False
2022-02-28 00:00:00+00:00,Impact,TOP,Evil Geniuses,2022-03-05T21:01:58+00:00,12.956,3.2,2.4,4,278.2,5,25.69,2,2022-02-27T21:05:38+00:00,False,False
2022-02-28 00:00:00+00:00,Inspired,JGL,Evil Geniuses,2022-03-05T21:01:58+00:00,11.418,1.6,2.6,8,179.6,5,25.58,2,2022-02-27T21:05:38+00:00,False,False
2022-02-28 00:00:00+00:00,Jenkins,TOP,Counter Logic Gaming,2022-03-06T01:07:00+00:00,13.618,2.4,2.2,4.8,277.2,5,6.98,2,2022-02-27T21:05:38+00:00,False,False
2022-02-28 00:00:00+00:00,Johnsun,BOT,FlyQuest,2022-03-05T22:16:41+00:00,9.952,1.8,2.4,3.8,297.8,5,38.94,2,2022-02-27T22:11:11+00:00,False,False
2022-02-28 00:00:00+00:00,Jojopyun,MID,Evil Geniuses,2022-03-05T21:01:58+00:00,16.796,3.4,1.8,4.8,301,5,11.34,2,2022-02-27T21:05:38+00:00,False,False
2022-02-28 00:00:00+00:00,Josedeodo,JGL,FlyQuest,2022-03-05T22:16:41+00:00,8.4,2.2,2.4,4,194,5,44.17,2,2022-02-27T22:11:11+00:00,False,False
2022-02-28 00:00:00+00:00,Kumo,TOP,FlyQuest,2022-03-05T22:16:41+00:00,8.804,1.6,3.6,3.8,309.4,5,35.44,2,2022-02-27T22:11:11+00:00,False,False
2022-02-28 00:00:00+00:00,Licorice,TOP,Golden Guardians,2022-03-06T00:13:12+00:00,10.528,1.6,2.8,3,276.2,5,3.48,1,2022-02-27T23:06:36+00:00,False,False
2022-02-28 00:00:00+00:00,Lost,BOT,Golden Guardians,2022-03-06T00:13:12+00:00,14.652,4.2,2.4,2.2,302.6,5,7.22,1,2022-02-27T23:06:36+00:00,False,False
2022-02-28 00:00:00+00:00,Luger,BOT,Counter Logic Gaming,2022-03-06T01:07:00+00:00,16.668,3.8,2.6,6.2,323.8,5,12.64,2,2022-02-27T21:05:38+00:00,False,False
2022-02-28 00:00:00+00:00,Neo,BOT,Dignitas,2022-02-28T00:07:27+00:00,10.604,2.6,2,1.8,335.6,5,39.92,3,2022-02-26T21:44:00+00:00,False,False
2022-02-28 00:00:00+00:00,Olleh,SUP,Golden Guardians,2022-03-06T00:13:12+00:00,11.674,0.2,3.2,7.6,38.4,5,7.01,1,2022-02-27T23:06:36+00:00,False,False
2022-02-28 00:00:00+00:00,Palafox,MID,Counter Logic Gaming,2022-03-06T01:07:00+00:00,13.096,3,2.8,5.8,283.4,5,15.92,2,2022-02-27T21:05:38+00:00,False,False
2022-02-28 00:00:00+00:00,Poome,SUP,Counter Logic Gaming,2022-03-06T01:07:00+00:00,17.772,2.4,2.4,9,24.8,5,10.59,2,2022-02-27T21:05:38+00:00,False,False
2022-02-28 00:00:00+00:00,PowerOfEvil,MID,Immortals,2022-03-05T21:01:58+00:00,19.286,4.4,2.2,8.2,295.8,5,29.84,2,2022-02-27T23:06:36+00:00,False,False
2022-02-28 00:00:00+00:00,Pridestalkr,JGL,Golden Guardians,2022-03-06T00:13:12+00:00,10.854,1.4,1.6,5.4,210,5,6.77,1,2022-02-27T23:06:36+00:00,False,False
2022-02-28 00:00:00+00:00,Revenge,TOP,Immortals,2022-03-05T21:01:58+00:00,17.624,3.4,1.8,4.6,294.8,5,28.08,2,2022-02-27T23:06:36+00:00,False,False
2022-02-28 00:00:00+00:00,River,JGL,Dignitas,2022-02-28T00:07:27+00:00,2.89,0.6,3.4,2.8,178.8,5,51.57,3,2022-02-26T21:44:00+00:00,False,False
2022-02-28 00:00:00+00:00,Santorin,JGL,Team Liquid,2022-03-05T23:16:36+00:00,14.504,2.8,1.4,6.8,165.4,5,39.66,2,2022-02-27T20:01:06+00:00,False,False
2022-02-28 00:00:00+00:00,Shenyi,SUP,TSM,2022-03-05T22:16:41+00:00,8.385,0.75,5,6.5,30.25,4,0.66,1,2022-02-13T21:09:56+00:00,False,False
2022-02-28 00:00:00+00:00,Spica,JGL,TSM,2022-03-05T22:16:41+00:00,9.346,2.4,2.8,4.6,181.2,5,3.74,1,2022-02-27T20:01:06+00:00,False,False
2022-02-28 00:00:00+00:00,Ssumday,TOP,100 Thieves,2022-02-28T00:07:27+00:00,19.878,4.2,1.6,4.6,328.4,5,47.42,3,2022-02-26T23:44:00+00:00,False,False
2022-02-28 00:00:00+00:00,Summit,TOP,Cloud9,2022-03-06T00:13:12+00:00,22.596,4.4,3,5.4,296.6,5,37.52,2,2022-02-27T22:11:11+00:00,False,False
2022-02-28 00:00:00+00:00,Tactical,BOT,TSM,2022-03-05T22:16:41+00:00,14.008,4,2,2.2,321.2,5,3.76,1,2022-02-27T20:01:06+00:00,False,False
2022-02-28 00:00:00+00:00,Takeover,MID,TSM,2022-03-05T22:16:41+00:00,9.615,1.25,2.5,2.75,298.75,4,13.4,1,2022-01-22T01:00:16+00:00,False,False
2022-02-28 00:00:00+00:00,Toucouille,MID,FlyQuest,2022-03-05T22:16:41+00:00,15.376,2.2,2,4.2,329.8,5,48.77,2,2022-02-27T22:11:11+00:00,False,False
2022-02-28 00:00:00+00:00,Vulcan,SUP,Evil Geniuses,2022-03-05T21:01:58+00:00,13.828,0.2,2.8,9.4,33.6,5,27.2,2,2022-02-27T21:05:38+00:00,False,False
2022-02-28 00:00:00+00:00,Winsome,SUP,Cloud9,2022-03-06T00:13:12+00:00,17.282,0.4,2,9.6,35.6,5,30.01,2,2022-02-27T22:11:11+00:00,False,False
2022-02-28 00:00:00+00:00,Xerxe,JGL,Immortals,2022-03-05T21:01:58+00:00,13.564,3.2,2.4,7.2,202.2,5,6.11,2,2022-02-27T23:06:36+00:00,False,False
2022-02-28 00:00:00+00:00,aphromoo,SUP,FlyQuest,2022-03-05T22:16:41+00:00,9.59,0.6,3,5.4,74,5,31.77,2,2022-02-27T22:11:11+00:00,False,False
2022-02-28 00:00:00+00:00,destiny,SUP,Immortals,2022-03-05T21:01:58+00:00,15.472,0.6,2.2,9.4,32.4,5,6.12,2,2022-02-27T23:06:36+00:00,False,False
2022-02-28 00:00:00+00:00,huhi,SUP,100 Thieves,2022-02-28T00:07:27+00:00,13.978,0.8,3,8.8,72.2,5,23.67,3,2022-02-26T23:44:00+00:00,False,False
2022-03-07 00:00:00+00:00,Abbedagge,MID,100 Thieves,2022-03-12T21:07:29+00:00,13.698,3,3.4,5,284.4,5,41.41,2,2022-03-06T21:19:47+00:00,False,False
2022-03-07 00:00:00+00:00,Ablazeolive,MID,Golden Guardians,2022-03-07T00:03:08+00:00,12.302,2.8,2,3.2,291.4,5,48.98,3,2022-03-06T00:13:12+00:00,False,False
2022-03-07 00:00:00+00:00,Arrow,BOT,Immortals,2022-03-13T00:38:37+00:00,8.215,3.25,3,2.75,280.5,4,13.7,2,2022-03-06T19:53:38+00:00,False,False
2022-03-07 00:00:00+00:00,Berserker,BOT,Cloud9,2022-03-13T00:38:37+00:00,18.902,4.2,0.8,6.4,279.2,5,26.33,2,2022-03-06T22:15:26+00:00,False,False
2022-03-07 00:00:00+00:00,Biofrost,SUP,Dignitas,2022-03-13T01:27:17+00:00,13.862,1,1.6,6.6,35.8,5,52.74,2,2022-03-06T23:04:21+00:00,False,False
2022-03-07 00:00:00+00:00,Bjergsen,MID,Team Liquid,2022-03-12T23:34:14+00:00,21.3,4,1.2,8.2,277.8,5,16.61,2,2022-03-06T19:53:38+00:00,False,False
2022-03-07 00:00:00+00:00,Blaber,JGL,Cloud9,2022-03-13T00:38:37+00:00,21.454,3.2,1,11.2,208.6,5,19.14,2,2022-03-06T22:15:26+00:00,False,False
2022-03-07 00:00:00+00:00,Blue,MID,Dignitas,2022-03-13T01:27:17+00:00,13.06,2.2,2,4.4,303.6,5,26.86,2,2022-03-06T23:04:21+00:00,False,False
2022-03-07 00:00:00+00:00,Bwipo,TOP,Team Liquid,2022-03-12T23:34:14+00:00,16.25,2.2,3,7,278.8,5,19.24,2,2022-03-06T19:53:38+00:00,False,False
2022-03-07 00:00:00+00:00,Closer,JGL,100 Thieves,2022-03-12T21:07:29+00:00,10.852,1.4,2.4,6.2,189.6,5,39.75,2,2022-03-06T21:19:47+00:00,False,False
2022-03-07 00:00:00+00:00,Contractz,JGL,Counter Logic Gaming,2022-03-12T22:28:52+00:00,9.612,3.4,3.4,4.2,194.6,5,28.52,2,2022-03-06T21:19:47+00:00,False,False
2022-03-07 00:00:00+00:00,CoreJJ,SUP,Team Liquid,2022-03-12T23:34:14+00:00,22.602,1,2.4,13.6,37.4,5,34.6,2,2022-03-06T19:53:38+00:00,False,False
2022-03-07 00:00:00+00:00,Danny,BOT,Evil Geniuses,2022-03-12T23:34:14+00:00,21.106,6.2,2.2,3.8,326.6,5,52.53,2,2022-03-06T22:15:26+00:00,False,False
2022-03-07 00:00:00+00:00,FBI,BOT,100 Thieves,2022-03-12T21:07:29+00:00,8.652,2.2,2.8,4.2,288.4,5,46.5,2,2022-03-06T21:19:47+00:00,False,False
2022-03-07 00:00:00+00:00,FakeGod,TOP,Dignitas,2022-03-13T01:27:17+00:00,9.894,2,2.6,3.8,246.8,5,31.08,2,2022-03-06T23:04:21+00:00,False,False
2022-03-07 00:00:00+00:00,Fudge,MID,Cloud9,2022-03-13T00:38:37+00:00,22.424,5.2,0.6,7.8,277.8,5,26.85,2,2022-03-06T22:15:26+00:00,False,False
2022-03-07 00:00:00+00:00,Hans Sama,BOT,Team Liquid,2022-03-12T23:34:14+00:00,21.328,5.4,2,6.6,322.2,5,29.1,2,2022-03-06T19:53:38+00:00,False,False
2022-03-07 00:00:00+00:00,Huni,TOP,TSM,2022-03-07T00:03:08+00:00,10.082,1.2,2.6,3.4,236.8,5,53.65,3,2022-03-05T22:16:41+00:00,False,False
2022-03-07 00:00:00+00:00,Impact,TOP,Evil Geniuses,2022-03-12T23:34:14+00:00,15.772,3.6,2.2,4.8,258.6,5,26.45,2,2022-03-06T22:15:26+00:00,False,False
2022-03-07 00:00:00+00:00,Inspired,JGL,Evil Geniuses,2022-03-12T23:34:14+00:00,12.712,1.4,1.8,8.6,179,5,40.24,2,2022-03-06T22:15:26+00:00,False,False
2022-03-07 00:00:00+00:00,Jenkins,TOP,Counter Logic Gaming,2022-03-12T22:28:52+00:00,10.286,1.2,2.4,3.8,279,5,30.3,2,2022-03-06T21:19:47+00:00,False,False
2022-03-07 00:00:00+00:00,Johnsun,BOT,FlyQuest,2022-03-12T22:28:52+00:00,11.44,2.2,2.4,4.2,306.6,5,17.3,2,2022-03-06T23:04:21+00:00,False,False
2022-03-07 00:00:00+00:00,Jojopyun,MID,Evil Geniuses,2022-03-12T23:34:14+00:00,14.012,3.6,2.6,5.2,300,5,33.97,2,2022-03-06T22:15:26+00:00,False,False
2022-03-07 00:00:00+00:00,Josedeodo,JGL,FlyQuest,2022-03-12T22:28:52+00:00,10.386,2,2.4,5,185.2,5,9.43,2,2022-03-06T23:04:21+00:00,False,False
2022-03-07 00:00:00+00:00,Kumo,TOP,FlyQuest,2022-03-12T22:28:52+00:00,8.81,1.8,2.8,2.4,271,5,18.22,2,2022-03-06T23:04:21+00:00,False,False
2022-03-07 00:00:00+00:00,Licorice,TOP,Golden Guardians,2022-03-07T00:03:08+00:00,10.998,1.6,2.8,3,283.2,5,33.96,3,2022-03-06T00:13:12+00:00,False,False
2022-03-07 00:00:00+00:00,Lost,BOT,Golden Guardians,2022-03-07T00:03:08+00:00,16.11,4.2,2,2.8,303.2,5,36.18,3,2022-03-06T00:13:12+00:00,False,False
2022-03-07 00:00:00+00:00,Luger,BOT,Counter Logic Gaming,2022-03-12T22:28:52+00:00,15.31,3.8,2.6,4.4,314.4,5,41.02,2,2022-03-06T21:19:47+00:00,False,False
2022-03-07 00:00:00+00:00,Neo,BOT,Dignitas,2022-03-13T01:27:17+00:00,9.012,1.6,2.2,4.6,291.8,5,47.21,2,2022-03-06T23:04:21+00:00,False,False
2022-03-07 00:00:00+00:00,Olleh,SUP,Golden Guardians,2022-03-07T00:03:08+00:00,12.748,0,3.2,8.2,37.6,5,36.53,3,2022-03-06T00:13:12+00:00,False,False
2022-03-07 00:00:00+00:00,Palafox,MID,Counter Logic Gaming,2022-03-12T22:28:52+00:00,8.124,1.2,3,4.4,265.6,5,32.48,2,2022-03-06T21:19:47+00:00,False,False
2022-03-07 00:00:00+00:00,Poome,SUP,Counter Logic Gaming,2022-03-12T22:28:52+00:00,13.896,1.6,2.6,7.4,27.4,5,20.66,2,2022-03-06T21:19:47+00:00,False,False
2022-03-07 00:00:00+00:00,PowerOfEvil,MID,Immortals,2022-03-13T00:38:37+00:00,18.534,4,2.6,8,310.2,5,21.68,2,2022-03-06T19:53:38+00:00,False,False
2022-03-07 00:00:00+00:00,Pridestalkr,JGL,Golden Guardians,2022-03-07T00:03:08+00:00,11.276,1.8,1.6,5.2,212.2,5,29.13,3,2022-03-06T00:13:12+00:00,False,False
2022-03-07 00:00:00+00:00,Revenge,TOP,Immortals,2022-03-13T00:38:37+00:00,16.044,3,1.8,4.6,297,5,24.19,2,2022-03-06T19:53:38+00:00,False,False
2022-03-07 00:00:00+00:00,River,JGL,Dignitas,2022-03-13T01:27:17+00:00,11.59,3.6,2.2,3.8,161.6,5,28.1,2,2022-03-06T23:04:21+00:00,False,False
2022-03-07 00:00:00+00:00,Santorin,JGL,Team Liquid,2022-03-12T23:34:14+00:00,14.802,4.2,2.2,6.6,183,5,15.41,2,2022-03-06T19:53:38+00:00,False,False
2022-03-07 00:00:00+00:00,Shenyi,SUP,TSM,2022-03-07T00:03:08+00:00,6.84,0.8,5.4,5.8,31.6,5,33.47,3,2022-03-05T22:16:41+00:00,False,False
2022-03-07 00:00:00+00:00,Spica,JGL,TSM,2022-03-07T00:03:08+00:00,7.574,2.4,3.2,3.8,173.2,5,28.81,3,2022-03-05T22:16:41+00:00,False,False
2022-03-07 00:00:00+00:00,Ssumday,TOP,100 Thieves,2022-03-12T21:07:29+00:00,16.722,4,1.8,2.8,316,5,43.5,2,2022-03-06T21:19:47+00:00,False,False
2022-03-07 00:00:00+00:00,Summit,TOP,Cloud9,2022-03-13T00:38:37+00:00,23.058,4.2,2.8,6.2,270.2,5,46.89,2,2022-03-06T22:15:26+00:00,False,False
2022-03-07 00:00:00+00:00,Tactical,BOT,TSM,2022-03-07T00:03:08+00:00,8.53,2.4,2.8,2.6,296.6,5,39.27,3,2022-03-05T22:16:41+00:00,False,False
2022-03-07 00:00:00+00:00,Takeover,MID,TSM,2022-03-07T00:03:08+00:00,10.372,1.6,2.4,3.2,297,5,34.69,3,2022-03-05T22:16:41+00:00,False,False
2022-03-07 00:00:00+00:00,Toucouille,MID,FlyQuest,2022-03-12T22:28:52+00:00,14.794,2,2.4,5.8,288.2,5,15.91,2,2022-03-06T23:04:21+00:00,False,False
2022-03-07 00:00:00+00:00,Vulcan,SUP,Evil Geniuses,2022-03-12T23:34:14+00:00,17.266,0.4,1.8,9.6,30,5,30.48,2,2022-03-06T22:15:26+00:00,False,False
2022-03-07 00:00:00+00:00,Winsome,SUP,Cloud9,2022-03-13T00:38:37+00:00,18.21,1.2,1.4,10,30.4,5,27.56,2,2022-03-06T22:15:26+00:00,False,False
2022-03-07 00:00:00+00:00,Xerxe,JGL,Immortals,2022-03-13T00:38:37+00:00,9.182,2.2,3.8,6.8,187.6,5,10.76,2,2022-03-06T19:53:38+00:00,False,False
2022-03-07 00:00:00+00:00,aphromoo,SUP,FlyQuest,2022-03-12T22:28:52+00:00,9.368,1,3.8,5.6,32.6,5,1.62,2,2022-03-06T23:04:21+00:00,False,False
2022-03-07 00:00:00+00:00,destiny,SUP,Immortals,2022-03-13T00:38:37+00:00,12.49,0.4,3.2,8.6,31.6,5,6.51,2,2022-03-06T19:53:38+00:00,False,False
2022-03-07 00:00:00+00:00,huhi,SUP,100 Thieves,2022-03-12T21:07:29+00:00,7.96,0.8,4.6,6.8,38,5,42.21,2,2022-03-06T21:19:47+00:00,False,False
2022-03-14 00:00:00+00:00,Abbedagge,MID,100 Thieves,2022-03-19T19:32:42+00:00,13.778,1.8,3.6,7.2,292.4,5,39.95,2,2022-03-13T20:16:37+00:00,False,False
2022-03-14 00:00:00+00:00,Ablazeolive,MID,Golden Guardians,2022-03-20T00:18:02+00:00,14.756,3,3.4,4.6,321.4,5,44.73,2,2022-03-13T23:02:48+00:00,False,False
2022-03-14 00:00:00+00:00,Arrow,BOT,Immortals,2022-03-19T19:32:42+00:00,6.518,1.8,2.8,3,279,5,16.21,2,2022-03-13T22:11:02+00:00,False,False
2022-03-14 00:00:00+00:00,Berserker,BOT,Cloud9,2022-03-19T22:18:48+00:00,14.96,2.4,0.8,5.6,293,5,34.56,2,2022-03-13T18:59:56+00:00,False,False
2022-03-14 00:00:00+00:00,Biofrost,SUP,Dignitas,2022-03-19T23:15:16+00:00,19.666,1,1.8,10.6,33.6,5,14.14,2,2022-03-13T22:11:02+00:00,False,False
2022-03-14 00:00:00+00:00,Bjergsen,MID,Team Liquid,2022-03-19T21:15:17+00:00,18.816,2.8,1.2,8.8,290.8,5,34.65,2,2022-03-13T18:59:56+00:00,False,False
2022-03-14 00:00:00+00:00,Blaber,JGL,Cloud9,2022-03-19T22:18:48+00:00,18.068,3.4,1.2,8.2,206,5,40.12,2,2022-03-13T18:59:56+00:00,False,False
2022-03-14 00:00:00+00:00,Blue,MID,Dignitas,2022-03-19T23:15:16+00:00,16.18,2.8,2.2,5.8,304.8,5,11.66,2,2022-03-13T22:11:02+00:00,False,False
2022-03-14 00:00:00+00:00,Bwipo,TOP,Team Liquid,2022-03-19T21:15:17+00:00,12.36,2.2,3,4.6,297.2,5,41.12,2,2022-03-13T18:59:56+00:00,False,False
2022-03-14 00:00:00+00:00,Closer,JGL,100 Thieves,2022-03-19T19:32:42+00:00,14.28,2.4,2,7,190.6,5,23.96,2,2022-03-13T20:16:37+00:00,False,False
2022-03-14 00:00:00+00:00,Contractz,JGL,Counter Logic Gaming,2022-03-19T21:15:17+00:00,10.002,3.4,2.6,3.6,193.6,5,7.15,2,2022-03-13T23:02:48+00:00,False,False
2022-03-14 00:00:00+00:00,CoreJJ,SUP,Team Liquid,2022-03-19T21:15:17+00:00,22.166,1.2,2.2,12,37.8,5,28.27,2,2022-03-13T18:59:56+00:00,False,False
2022-03-14 00:00:00+00:00,Danny,BOT,Evil Geniuses,2022-03-19T23:15:16+00:00,21.07,6,2.8,4.4,311,5,33.39,2,2022-03-13T21:16:11+00:00,False,False
2022-03-14 00:00:00+00:00,FBI,BOT,100 Thieves,2022-03-19T19:32:42+00:00,13.806,3.6,2.6,5,322.6,5,41.82,2,2022-03-13T20:16:37+00:00,False,False
2022-03-14 00:00:00+00:00,FakeGod,TOP,Dignitas,2022-03-19T23:15:16+00:00,14.788,3.2,1.4,4.8,296.2,5,11.71,2,2022-03-13T22:11:02+00:00,False,False
2022-03-14 00:00:00+00:00,Fudge,MID,Cloud9,2022-03-19T22:18:48+00:00,17.524,3.2,1.2,7.2,272.4,5,25.24,2,2022-03-13T18:59:56+00:00,False,False
2022-03-14 00:00:00+00:00,Hans Sama,BOT,Team Liquid,2022-03-19T21:15:17+00:00,22.59,5.2,1.8,5.8,338.6,5,26.28,2,2022-03-13T18:59:56+00:00,False,False
2022-03-14 00:00:00+00:00,Huni,TOP,TSM,2022-03-19T22:18:48+00:00,15.698,2.4,2.4,3.2,302.4,5,58.32,2,2022-03-13T21:16:11+00:00,False,False
2022-03-14 00:00:00+00:00,Impact,TOP,Evil Geniuses,2022-03-19T23:15:16+00:00,14.046,2.8,2.4,5.2,234.2,5,16.73,2,2022-03-13T21:16:11+00:00,False,False
2022-03-14 00:00:00+00:00,Inspired,JGL,Evil Geniuses,2022-03-19T23:15:16+00:00,15.758,2.2,2,8.8,184.6,5,29.64,2,2022-03-13T21:16:11+00:00,False,False
2022-03-14 00:00:00+00:00,Jenkins,TOP,Counter Logic Gaming,2022-03-19T21:15:17+00:00,10.31,1.4,1.8,3,284.4,5,13.82,2,2022-03-13T23:02:48+00:00,False,False
2022-03-14 00:00:00+00:00,Johnsun,BOT,FlyQuest,2022-03-20T00:18:02+00:00,13.122,2.4,2.2,4.4,321.6,5,28.94,2,2022-03-13T20:16:37+00:00,False,False
2022-03-14 00:00:00+00:00,Jojopyun,MID,Evil Geniuses,2022-03-19T23:15:16+00:00,12.184,2.6,3.2,6.2,281.4,5,23.59,2,2022-03-13T21:16:11+00:00,False,False
2022-03-14 00:00:00+00:00,Josedeodo,JGL,FlyQuest,2022-03-20T00:18:02+00:00,11.018,2.6,2.2,4.8,198.8,5,8.16,2,2022-03-13T20:16:37+00:00,False,False
2022-03-14 00:00:00+00:00,Kumo,TOP,FlyQuest,2022-03-20T00:18:02+00:00,11.742,2,2,3,283.6,5,21.6,2,2022-03-13T20:16:37+00:00,False,False
2022-03-14 00:00:00+00:00,Licorice,TOP,Golden Guardians,2022-03-20T00:18:02+00:00,10.378,1.6,3,4.4,284.4,5,35.8,2,2022-03-13T23:02:48+00:00,False,False
2022-03-14 00:00:00+00:00,Lost,BOT,Golden Guardians,2022-03-20T00:18:02+00:00,12.6,4,2,3,306.8,5,31.35,2,2022-03-13T23:02:48+00:00,False,False
2022-03-14 00:00:00+00:00,Luger,BOT,Counter Logic Gaming,2022-03-19T21:15:17+00:00,15.73,4,2,3.6,337.2,5,13.95,2,2022-03-13T23:02:48+00:00,False,False
2022-03-14 00:00:00+00:00,Neo,BOT,Dignitas,2022-03-19T23:15:16+00:00,17.426,4.2,1.6,6.4,320,5,12.59,2,2022-03-13T22:11:02+00:00,False,False
2022-03-14 00:00:00+00:00,Olleh,SUP,Golden Guardians,2022-03-20T00:18:02+00:00,13.326,0.8,4,8.4,42.4,5,24.07,2,2022-03-13T23:02:48+00:00,False,False
2022-03-14 00:00:00+00:00,Palafox,MID,Counter Logic Gaming,2022-03-19T21:15:17+00:00,11.06,1.2,2,5,271.4,5,8.14,2,2022-03-13T23:02:48+00:00,False,False
2022-03-14 00:00:00+00:00,Poome,SUP,Counter Logic Gaming,2022-03-19T21:15:17+00:00,12.438,0.8,2,7.6,29.6,5,9.14,2,2022-03-13T23:02:48+00:00,False,False
2022-03-14 00:00:00+00:00,PowerOfEvil,MID,Immortals,2022-03-19T19:32:42+00:00,12.884,2,3,5.2,304.8,5,35.8,2,2022-03-13T22:11:02+00:00,False,False
2022-03-14 00:00:00+00:00,Pridestalkr,JGL,Golden Guardians,2022-03-20T00:18:02+00:00,10.564,1.6,2.8,6.8,216.8,5,41.82,2,2022-03-13T23:02:48+00:00,False,False
2022-03-14 00:00:00+00:00,Revenge,TOP,Immortals,2022-03-19T19:32:42+00:00,13.536,2.6,2.4,3.2,294.6,5,12.37,2,2022-03-13T22:11:02+00:00,False,False
2022-03-14 00:00:00+00:00,River,JGL,Dignitas,2022-03-19T23:15:16+00:00,15.934,3.8,1.6,6.8,169,5,20.51,2,2022-03-13T22:11:02+00:00,False,False
2022-03-14 00:00:00+00:00,Santorin,JGL,Team Liquid,2022-03-19T21:15:17+00:00,12.522,4,2.2,5.2,198.8,5,25.86,2,2022-03-13T18:59:56+00:00,False,False
2022-03-14 00:00:00+00:00,Shenyi,SUP,TSM,2022-03-19T22:18:48+00:00,10.762,0.6,5.6,8.8,36.4,5,38.04,2,2022-03-13T21:16:11+00:00,False,False
2022-03-14 00:00:00+00:00,Spica,JGL,TSM,2022-03-19T22:18:48+00:00,8.05,2.6,3.2,4,171,5,43.15,2,2022-03-13T21:16:11+00:00,False,False
2022-03-14 00:00:00+00:00,Ssumday,TOP,100 Thieves,2022-03-19T19:32:42+00:00,18.184,3.6,2,4.6,298.4,5,34.68,2,2022-03-13T20:16:37+00:00,False,False
2022-03-14 00:00:00+00:00,Summit,TOP,Cloud9,2022-03-19T22:18:48+00:00,23.97,4.6,2,4.6,276.8,5,36.92,2,2022-03-13T18:59:56+00:00,False,False
2022-03-14 00:00:00+00:00,Tactical,BOT,TSM,2022-03-19T22:18:48+00:00,9.792,2.8,3.2,3.4,284.4,5,49,2,2022-03-13T21:16:11+00:00,False,False
2022-03-14 00:00:00+00:00,Takeover,MID,TSM,2022-03-19T22:18:48+00:00,11.742,1.8,1.8,4.6,291,5,25.95,2,2022-03-13T21:16:11+00:00,False,False
2022-03-14 00:00:00+00:00,Toucouille,MID,FlyQuest,2022-03-20T00:18:02+00:00,14.46,2.2,2,5.6,282,5,26.42,2,2022-03-13T20:16:37+00:00,False,False
2022-03-14 00:00:00+00:00,Vulcan,SUP,Evil Geniuses,2022-03-19T23:15:16+00:00,16.112,0.6,2.6,9.4,34,5,16.72,2,2022-03-13T21:16:11+00:00,False,False
2022-03-14 00:00:00+00:00,Winsome,SUP,Cloud9,2022-03-19T22:18:48+00:00,14.892,1.8,1.2,7.2,30.6,5,29.59,2,2022-03-13T18:59:56+00:00,False,False
2022-03-14 00:00:00+00:00,Xerxe,JGL,Immortals,2022-03-19T19:32:42+00:00,5.456,1.8,4.4,4.4,171,5,9.39,2,2022-03-13T22:11:02+00:00,False,False
2022-03-14 00:00:00+00:00,aphromoo,SUP,FlyQuest,2022-03-20T00:18:02+00:00,7.946,0.8,3.8,5.6,29.4,5,4.59,2,2022-03-13T20:16:37+00:00,False,False
2022-03-14 00:00:00+00:00,destiny,SUP,Immortals,2022-03-19T19:32:42+00:00,4.886,0.4,4.6,4.8,33.2,5,13.56,2,2022-03-13T22:11:02+00:00,False,False
2022-03-14 00:00:00+00:00,huhi,SUP,100 Thieves,2022-03-19T19:32:42+00:00,13.176,0.8,3.6,8.6,40,5,26.35,2,2022-03-13T20:16:37+00:00,False,False
2022-03-21 00:00:00+00:00,Abbedagge,MID,100 Thieves,2022-03-26T00:57:43+00:00,19.07,3.2,1.6,6.6,301.6,5,73.87,3,2022-03-20T18:54:22+00:00,False,False
2022-03-21 00:00:00+00:00,Ablazeolive,MID,Golden Guardians,2022-03-25T20:43:57+00:00,18.742,3.4,2.8,6.2,304.2,5,37.58,3,2022-03-20T20:29:23+00:00,False,False
2022-03-21 00:00:00+00:00,Arrow,BOT,Immortals,2022-03-27T00:11:56+00:00,8.706,3,2.2,3,257.8,5,24.8,2,2022-03-20T23:33:01+00:00,False,False
2022-03-21 00:00:00+00:00,Berserker,BOT,Cloud9,2022-03-25T23:04:09+00:00,14.992,3,1,4.8,306.2,5,35.98,3,2022-03-20T22:32:35+00:00,False,False
2022-03-21 00:00:00+00:00,Biofrost,SUP,Dignitas,2022-03-25T23:04:09+00:00,15.104,0.6,2.4,8.2,35.4,5,26.27,3,2022-03-20T20:29:23+00:00,False,False
2022-03-21 00:00:00+00:00,Bjergsen,MID,Team Liquid,2022-03-25T20:43:57+00:00,17.354,2.2,1.4,8.6,300.2,5,72.14,3,2022-03-20T21:20:35+00:00,False,False
2022-03-21 00:00:00+00:00,Blaber,JGL,Cloud9,2022-03-25T23:04:09+00:00,17.656,3.8,1.8,7.2,213.2,5,28.7,3,2022-03-20T22:32:35+00:00,False,False
2022-03-21 00:00:00+00:00,Blue,MID,Dignitas,2022-03-25T23:04:09+00:00,11.792,2.6,2.6,4,289,5,55.75,3,2022-03-20T20:29:23+00:00,False,False
2022-03-21 00:00:00+00:00,Breezy,SUP,Counter Logic Gaming,2022-03-27T20:08:54+00:00,12.193,0.65,2.97,7.67,34.53,0,1.17,1,,False,False
2022-03-21 00:00:00+00:00,Bwipo,TOP,Team Liquid,2022-03-25T20:43:57+00:00,15.188,4,3.2,3.6,331.8,5,65,3,2022-03-20T21:20:35+00:00,False,False
2022-03-21 00:00:00+00:00,Chad,JGL,Immortals,2022-03-27T21:59:54+00:00,12.2806,2.71,2.3,6.05,187.5,0,2.23,1,,False,False
2022-03-21 00:00:00+00:00,Closer,JGL,100 Thieves,2022-03-26T00:57:43+00:00,16.506,3.2,1.4,7,199.6,5,60.35,3,2022-03-20T18:54:22+00:00,False,False
2022-03-21 00:00:00+00:00,Contractz,JGL,Counter Logic Gaming,2022-03-25T23:58:38+00:00,7.674,2.4,2.8,3.4,184.4,5,18.08,2,2022-03-20T22:32:35+00:00,False,False
2022-03-21 00:00:00+00:00,CoreJJ,SUP,Team Liquid,2022-03-25T20:43:57+00:00,18.12,0.6,1.6,10,40.4,5,65.66,3,2022-03-20T21:20:35+00:00,False,False
2022-03-21 00:00:00+00:00,Danny,BOT,Evil Geniuses,2022-03-25T22:06:13+00:00,17.558,4.6,2.2,3.2,354.2,5,61.43,3,2022-03-20T18:54:22+00:00,False,False
2022-03-21 00:00:00+00:00,Dhokla,TOP,Counter Logic Gaming,2022-03-27T20:08:54+00:00,14.1516,2.58,2.62,4.16,276.38,0,-0.28,1,,False,False
2022-03-21 00:00:00+00:00,FBI,BOT,100 Thieves,2022-03-26T00:57:43+00:00,20.2,4.6,1.4,6.2,362.6,5,77.76,3,2022-03-20T18:54:22+00:00,False,False
2022-03-21 00:00:00+00:00,FakeGod,TOP,Dignitas,2022-03-25T23:04:09+00:00,10.602,1.8,1.6,2.6,270.2,5,31.57,3,2022-03-20T20:29:23+00:00,False,False
2022-03-21 00:00:00+00:00,Fudge,MID,Cloud9,2022-03-25T23:04:09+00:00,15.932,2.6,1.8,7.4,273.8,5,37.93,3,2022-03-20T22:32:35+00:00,False,False
2022-03-21 00:00:00+00:00,Hans Sama,BOT,Team Liquid,2022-03-25T20:43:57+00:00,16.71,3.6,2.2,5.6,339.4,5,62.53,3,2022-03-20T21:20:35+00:00,False,False
2022-03-21 00:00:00+00:00,Huni,TOP,TSM,2022-03-26T00:57:43+00:00,22.394,3.8,2.8,6.4,308.8,5,47.66,3,2022-03-20T23:33:01+00:00,False,False
2022-03-21 00:00:00+00:00,Impact,TOP,Evil Geniuses,2022-03-25T22:06:13+00:00,11.052,1.2,2.2,4.2,275.4,5,50.66,3,2022-03-20T18:54:22+00:00,False,False
2022-03-21 00:00:00+00:00,Inspired,JGL,Evil Geniuses,2022-03-25T22:06:13+00:00,15.778,3.2,1.4,6,215.6,5,41.79,3,2022-03-20T18:54:22+00:00,False,False
2022-03-21 00:00:00+00:00,Jenkins,TOP,Counter Logic Gaming,2022-03-25T23:58:38+00:00,9.092,2.4,3.2,1.2,272.6,5,13.37,2,2022-03-20T22:32:35+00:00,False,False
2022-03-21 00:00:00+00:00,Joey,SUP,Immortals,2022-03-25T23:58:38+00:00,9.082,0.6,3.8,7,44.2,5,2.88,1,2021-01-23T21:33:14+00:00,False,False
2022-03-21 00:00:00+00:00,Johnsun,BOT,FlyQuest,2022-03-25T22:06:13+00:00,13.754,3,1.8,2.4,336,5,49.12,3,2022-03-20T21:20:35+00:00,False,False
2022-03-21 00:00:00+00:00,Jojopyun,MID,Evil Geniuses,2022-03-25T22:06:13+00:00,11.758,2,3,5.2,283.6,5,48.97,3,2022-03-20T18:54:22+00:00,False,False
2022-03-21 00:00:00+00:00,Josedeodo,JGL,FlyQuest,2022-03-25T22:06:13+00:00,7.168,1.4,1.6,3.6,193.8,5,31.42,3,2022-03-20T21:20:35+00:00,False,False
2022-03-21 00:00:00+00:00,Kumo,TOP,FlyQuest,2022-03-25T22:06:13+00:00,12.512,2.2,2.2,3,277,5,21.69,3,2022-03-20T21:20:35+00:00,False,False
2022-03-21 00:00:00+00:00,Licorice,TOP,Golden Guardians,2022-03-25T20:43:57+00:00,13.952,1.8,1.8,5,249.6,5,54.18,3,2022-03-20T20:29:23+00:00,False,False
2022-03-21 00:00:00+00:00,Lost,BOT,Golden Guardians,2022-03-25T20:43:57+00:00,13.506,3.8,2,4.2,290.6,5,45.72,3,2022-03-20T20:29:23+00:00,False,False
2022-03-21 00:00:00+00:00,Luger,BOT,Counter Logic Gaming,2022-03-25T23:58:38+00:00,11.672,2.8,1.8,2.2,327.6,5,32.2,2,2022-03-20T22:32:35+00:00,False,False
2022-03-21 00:00:00+00:00,Neo,BOT,Dignitas,2022-03-25T23:04:09+00:00,14.49,4,2.6,4.6,321,5,40.76,3,2022-03-20T20:29:23+00:00,False,False
2022-03-21 00:00:00+00:00,Olleh,SUP,Golden Guardians,2022-03-25T20:43:57+00:00,12.12,1,4,8,42.2,5,48.71,3,2022-03-20T20:29:23+00:00,False,False
2022-03-21 00:00:00+00:00,Palafox,MID,Counter Logic Gaming,2022-03-25T23:58:38+00:00,9.704,1,1.8,4.2,275.8,5,28.31,2,2022-03-20T22:32:35+00:00,False,False
2022-03-21 00:00:00+00:00,Poome,SUP,Counter Logic Gaming,2022-03-25T23:58:38+00:00,6.5,0,3,5.2,37.6,5,32.75,2,2022-03-20T22:32:35+00:00,False,False
2022-03-21 00:00:00+00:00,PowerOfEvil,MID,Immortals,2022-03-25T23:58:38+00:00,13.81,2.2,3.2,5.8,294.8,5,41.85,3,2022-03-20T23:33:01+00:00,False,False
2022-03-21 00:00:00+00:00,Pridestalkr,JGL,Golden Guardians,2022-03-25T20:43:57+00:00,14.19,2.6,2.4,7.2,203.8,5,48.46,3,2022-03-20T20:29:23+00:00,False,False
2022-03-21 00:00:00+00:00,Prismal,BOT,Counter Logic Gaming,2022-03-27T20:08:54+00:00,14.9223,3.73,2.04,4.3,310.96,0,4.22,1,,False,False
2022-03-21 00:00:00+00:00,Revenge,TOP,Immortals,2022-03-25T23:58:38+00:00,10.056,2,3.8,3,256.6,5,25.21,3,2022-03-20T23:33:01+00:00,False,False
2022-03-21 00:00:00+00:00,River,JGL,Dignitas,2022-03-25T23:04:09+00:00,12.02,2.4,2,6.4,171.2,5,35.73,3,2022-03-20T20:29:23+00:00,False,False
2022-03-21 00:00:00+00:00,RoseThorn,JGL,Counter Logic Gaming,2022-03-27T20:08:54+00:00,12.2153,2.7,2.3,6.04,188,0,4.94,1,,False,False
2022-03-21 00:00:00+00:00,Santorin,JGL,Team Liquid,2022-03-25T20:43:57+00:00,11.614,3.8,2,4.6,204.2,5,67.04,3,2022-03-20T21:20:35+00:00,False,False
2022-03-21 00:00:00+00:00,Shenyi,SUP,TSM,2022-03-26T00:57:43+00:00,14.302,0.6,3.8,9.8,35.6,5,25.13,3,2022-03-20T23:33:01+00:00,False,False
2022-03-21 00:00:00+00:00,Spica,JGL,TSM,2022-03-26T00:57:43+00:00,14.392,3.2,3.4,9,176.4,5,38.35,3,2022-03-20T23:33:01+00:00,False,False
2022-03-21 00:00:00+00:00,Ssumday,TOP,100 Thieves,2022-03-26T00:57:43+00:00,17.954,2.8,1.4,5.8,320,5,43.75,3,2022-03-20T18:54:22+00:00,False,False
2022-03-21 00:00:00+00:00,Summit,TOP,Cloud9,2022-03-25T23:04:09+00:00,19.634,4.4,3.4,5,265.4,5,31.93,3,2022-03-20T22:32:35+00:00,False,False
2022-03-21 00:00:00+00:00,Tactical,BOT,TSM,2022-03-26T00:57:43+00:00,17.654,5.2,2.8,5,313.8,5,58.22,3,2022-03-20T23:33:01+00:00,False,False
2022-03-21 00:00:00+00:00,Takeover,MID,TSM,2022-03-26T00:57:43+00:00,12.128,1.8,1.6,6.2,313.8,5,36.71,3,2022-03-20T23:33:01+00:00,False,False
2022-03-21 00:00:00+00:00,Toucouille,MID,FlyQuest,2022-03-25T22:06:13+00:00,12.026,1.2,1.8,3.6,292.4,5,39.08,3,2022-03-20T21:20:35+00:00,False,False
2022-03-21 00:00:00+00:00,Triple,MID,Counter Logic Gaming,2022-03-27T20:08:54+00:00,6.856,1.4,4,3.2,235.6,5,5.77,1,2021-07-25T23:42:16+00:00,False,False
2022-03-21 00:00:00+00:00,Vulcan,SUP,Evil Geniuses,2022-03-25T22:06:13+00:00,9.394,0.2,3,6.4,35.6,5,43.4,3,2022-03-20T18:54:22+00:00,False,False
2022-03-21 00:00:00+00:00,WildTurtle,BOT,Immortals,2022-03-25T23:58:38+00:00,16.516,4.4,1.8,5,300,5,7.33,1,2022-02-26T01:27:00+00:00,False,False
2022-03-21 00:00:00+00:00,Winsome,SUP,Cloud9,2022-03-25T23:04:09+00:00,15.092,1.2,1.6,7.8,32,5,21.64,3,2022-03-20T22:32:35+00:00,False,False
2022-03-21 00:00:00+00:00,Xerxe,JGL,Immortals,2022-03-25T23:58:38+00:00,5.028,2.2,4.4,3.8,164.8,5,30.6,2,2022-03-20T23:33:01+00:00,False,False
2022-03-21 00:00:00+00:00,aphromoo,SUP,FlyQuest,2022-03-25T22:06:13+00:00,4.218,0.2,3.8,3.6,29.8,5,26.22,3,2022-03-20T21:20:35+00:00,False,False
2022-03-21 00:00:00+00:00,destiny,SUP,Immortals,2022-03-27T00:11:56+00:00,4.982,0.2,4,5.8,33.2,5,25.09,2,2022-03-20T23:33:01+00:00,False,False
2022-03-21 00:00:00+00:00,huhi,SUP,100 Thieves,2022-03-26T00:57:43+00:00,16.326,0.8,2.4,10,35.6,5,70.94,3,2022-03-20T18:54:22+00:00,False,False
2022-03-28 00:00:00+00:00,Abbedagge,MID,100 Thieves,2022-04-02T20:00:26+00:00,22.764,6.6,1.8,5.8,252.2,5,71.77,3,2022-03-27T18:58:39+00:00,False,False
2022-03-28 00:00:00+00:00,Ablazeolive,MID,Golden Guardians,2022-03-28T00:06:57+00:00,16.462,2.8,2.2,6.2,238.2,5,13.41,1,2022-03-27T21:59:54+00:00,False,False
2022-03-28 00:00:00+00:00,Berserker,BOT,Cloud9,2022-04-02T20:00:26+00:00,14.108,3.2,1.8,3.6,322.2,5,36.19,3,2022-03-27T21:00:14+00:00,False,False
2022-03-28 00:00:00+00:00,Bjergsen,MID,Team Liquid,2022-04-03T19:01:22+00:00,21.358,4.2,1.6,7.8,290,5,92.04,5,2022-03-27T23:01:25+00:00,False,False
2022-03-28 00:00:00+00:00,Blaber,JGL,Cloud9,2022-04-02T20:00:26+00:00,13.764,3,3.2,6.6,220.6,5,23.19,3,2022-03-27T21:00:14+00:00,False,False
2022-03-28 00:00:00+00:00,Bwipo,TOP,Team Liquid,2022-04-03T19:01:22+00:00,21.224,4,2.6,7,310.6,5,59.21,5,2022-03-27T23:01:25+00:00,False,False
2022-03-28 00:00:00+00:00,Closer,JGL,100 Thieves,2022-04-02T20:00:26+00:00,16.862,4.4,2.6,8.8,177.6,5,53.64,3,2022-03-27T18:58:39+00:00,False,False
2022-03-28 00:00:00+00:00,CoreJJ,SUP,Team Liquid,2022-04-03T19:01:22+00:00,18.786,1.2,1.8,10.6,40,5,86.69,5,2022-03-27T23:01:25+00:00,False,False
2022-03-28 00:00:00+00:00,Danny,BOT,Evil Geniuses,2022-03-28T01:05:19+00:00,18.964,4.8,1.6,3.2,366,5,115.95,6,2022-03-27T20:08:54+00:00,False,False
2022-03-28 00:00:00+00:00,FBI,BOT,100 Thieves,2022-04-02T20:00:26+00:00,23.916,5,1.6,9,308.4,5,67.93,3,2022-03-27T18:58:39+00:00,False,False
2022-03-28 00:00:00+00:00,Fudge,MID,Cloud9,2022-04-02T20:00:26+00:00,12.634,2.2,2,5.4,281.2,5,39.56,3,2022-03-27T21:00:14+00:00,False,False
2022-03-28 00:00:00+00:00,Hans Sama,BOT,Team Liquid,2022-04-03T19:01:22+00:00,17.762,3.2,1.8,7.8,322.4,5,77.77,5,2022-03-27T23:01:25+00:00,False,False
2022-03-28 00:00:00+00:00,Impact,TOP,Evil Geniuses,2022-03-28T01:05:19+00:00,13.478,2.2,2.2,3.6,311.4,5,97.61,6,2022-03-27T20:08:54+00:00,False,False
2022-03-28 00:00:00+00:00,Inspired,JGL,Evil Geniuses,2022-03-28T01:05:19+00:00,14.286,2.6,1,6,186.8,5,82.3,6,2022-03-27T20:08:54+00:00,False,False
2022-03-28 00:00:00+00:00,Johnsun,BOT,FlyQuest,2022-03-28T00:06:57+00:00,15.612,4.4,1.8,2.2,325.8,5,25.05,2,2022-03-27T21:00:14+00:00,False,False
2022-03-28 00:00:00+00:00,Jojopyun,MID,Evil Geniuses,2022-03-28T01:05:19+00:00,14.512,2.2,2.6,5.6,266.2,5,77.96,6,2022-03-27T20:08:54+00:00,False,False
2022-03-28 00:00:00+00:00,Josedeodo,JGL,FlyQuest,2022-03-28T00:06:57+00:00,7.916,1.6,1.6,3.8,191.6,5,15.51,2,2022-03-27T21:00:14+00:00,False,False
2022-03-28 00:00:00+00:00,Kumo,TOP,FlyQuest,2022-03-28T00:06:57+00:00,8.658,2,2.8,2.4,252.2,5,14.87,2,2022-03-27T21:00:14+00:00,False,False
2022-03-28 00:00:00+00:00,Licorice,TOP,Golden Guardians,2022-03-28T00:06:57+00:00,17.996,3,1.6,5,214,5,7.94,1,2022-03-27T21:59:54+00:00,False,False
2022-03-28 00:00:00+00:00,Lost,BOT,Golden Guardians,2022-03-28T00:06:57+00:00,15.414,3.6,1.4,5.2,265.6,5,18.31,1,2022-03-27T21:59:54+00:00,False,False
2022-03-28 00:00:00+00:00,Olleh,SUP,Golden Guardians,2022-03-28T00:06:57+00:00,14.556,0.4,2.2,8.4,34.2,5,3.34,1,2022-03-27T21:59:54+00:00,False,False
2022-03-28 00:00:00+00:00,Pridestalkr,JGL,Golden Guardians,2022-03-28T00:06:57+00:00,18.056,3.2,1,7.6,181.8,5,8.08,1,2022-03-27T21:59:54+00:00,False,False
2022-03-28 00:00:00+00:00,Santorin,JGL,Team Liquid,2022-04-03T19:01:22+00:00,18.58,4.4,1.2,8,188.6,5,89.05,5,2022-03-27T23:01:25+00:00,False,False
2022-03-28 00:00:00+00:00,Ssumday,TOP,100 Thieves,2022-04-02T20:00:26+00:00,15.686,2.6,2,6.6,285.8,5,48.54,3,2022-03-27T18:58:39+00:00,False,False
2022-03-28 00:00:00+00:00,Summit,TOP,Cloud9,2022-04-02T20:00:26+00:00,13.77,3,4.6,4.4,303.4,5,8.66,3,2022-03-27T21:00:14+00:00,False,False
2022-03-28 00:00:00+00:00,Toucouille,MID,FlyQuest,2022-03-28T00:06:57+00:00,13.1,0.8,2.6,5,273.8,5,33.64,2,2022-03-27T21:00:14+00:00,False,False
2022-03-28 00:00:00+00:00,Vulcan,SUP,Evil Geniuses,2022-03-28T01:05:19+00:00,12.024,0.6,2.8,7.2,33.4,5,60.81,6,2022-03-27T20:08:54+00:00,False,False
2022-03-28 00:00:00+00:00,Winsome,SUP,Cloud9,2022-04-02T20:00:26+00:00,10.246,0.6,4.6,7.4,35.2,5,23.02,3,2022-03-27T21:00:14+00:00,False,False
2022-03-28 00:00:00+00:00,aphromoo,SUP,FlyQuest,2022-03-28T00:06:57+00:00,6.162,0.2,3.4,4.6,35.4,5,18.76,2,2022-03-27T21:00:14+00:00,False,False
2022-03-28 00:00:00+00:00,huhi,SUP,100 Thieves,2022-04-02T20:00:26+00:00,19.458,1,2.2,13,29.8,5,53.41,3,2022-03-27T18:58:39+00:00,False,False
2022-04-04 00:00:00+00:00,Ablazeolive,MID,Golden Guardians,2022-04-09T20:43:33+00:00,14.54,2,2.2,6,246,5,38.15,3,2022-03-28T00:06:57+00:00,False,False
2022-04-04 00:00:00+00:00,Berserker,BOT,Cloud9,2022-04-09T20:43:33+00:00,10.432,2.4,2.6,3.4,303.2,5,47.74,3,2022-04-02T22:09:06+00:00,False,False
2022-04-04 00:00:00+00:00,Blaber,JGL,Cloud9,2022-04-09T20:43:33+00:00,8.002,2,4.2,4.8,197,5,66.92,3,2022-04-02T22:09:06+00:00,False,False
2022-04-04 00:00:00+00:00,Danny,BOT,Evil Geniuses,2022-04-10T18:45:41+00:00,19.928,5,2.2,5.6,270.8,5,85.19,4,2022-04-03T23:08:52+00:00,False,False
2022-04-04 00:00:00+00:00,Fudge,MID,Cloud9,2022-04-09T20:43:33+00:00,13.828,3,2.4,4.4,286.4,5,112.39,3,2022-04-02T22:09:06+00:00,False,False
2022-04-04 00:00:00+00:00,Impact,TOP,Evil Geniuses,2022-04-10T18:45:41+00:00,15.36,3.2,2.6,4.8,254.2,5,80.88,4,2022-04-03T23:08:52+00:00,False,False
2022-04-04 00:00:00+00:00,Inspired,JGL,Evil Geniuses,2022-04-10T18:45:41+00:00,11.612,2.6,1.8,6.2,205,5,60.67,4,2022-04-03T23:08:52+00:00,False,False
2022-04-04 00:00:00+00:00,Isles,SUP,Cloud9,2022-04-09T20:43:33+00:00,6.492,0.2,3.2,5.4,34,5,42.27,3,2022-01-29T22:52:36+00:00,False,False
2022-04-04 00:00:00+00:00,Johnsun,BOT,FlyQuest,2022-04-10T18:45:41+00:00,14.834,5,1.8,2.4,309.2,5,49.72,4,2022-03-28T01:05:19+00:00,False,False
2022-04-04 00:00:00+00:00,Jojopyun,MID,Evil Geniuses,2022-04-10T18:45:41+00:00,11.04,2.2,3.4,6.8,251.2,5,53.98,4,2022-04-03T23:08:52+00:00,False,False
2022-04-04 00:00:00+00:00,Josedeodo,JGL,FlyQuest,2022-04-10T18:45:41+00:00,9.386,2,2.6,5.2,198.6,5,36.52,4,2022-03-28T01:05:19+00:00,False,False
2022-04-04 00:00:00+00:00,Kumo,TOP,FlyQuest,2022-04-10T18:45:41+00:00,7.312,1.6,2.8,2.4,251.2,5,37.18,4,2022-03-28T01:05:19+00:00,False,False
2022-04-04 00:00:00+00:00,Licorice,TOP,Golden Guardians,2022-04-09T20:43:33+00:00,17.296,3,2.2,4.2,231,5,31.3,3,2022-03-28T00:06:57+00:00,False,False
2022-04-04 00:00:00+00:00,Lost,BOT,Golden Guardians,2022-04-09T20:43:33+00:00,16.05,4.6,1.8,4.4,277.2,5,16.2,3,2022-03-28T00:06:57+00:00,False,False
2022-04-04 00:00:00+00:00,Olleh,SUP,Golden Guardians,2022-04-09T20:43:33+00:00,12.994,0.2,3.2,8.4,34.8,5,13.57,3,2022-03-28T00:06:57+00:00,False,False
2022-04-04 00:00:00+00:00,Pridestalkr,JGL,Golden Guardians,2022-04-09T20:43:33+00:00,15.464,2.6,1.4,7.4,195,5,21.14,3,2022-03-28T00:06:57+00:00,False,False
2022-04-04 00:00:00+00:00,Summit,TOP,Cloud9,2022-04-09T20:43:33+00:00,4.562,1,5.2,2,292,5,68.72,3,2022-04-02T22:09:06+00:00,False,False
2022-04-04 00:00:00+00:00,Toucouille,MID,FlyQuest,2022-04-10T18:45:41+00:00,14.544,1.2,2.6,6.4,269.2,5,48.1,4,2022-03-28T01:05:19+00:00,False,False
2022-04-04 00:00:00+00:00,Vulcan,SUP,Evil Geniuses,2022-04-10T18:45:41+00:00,9.668,1,4.6,8.2,28.6,5,47.6,4,2022-04-03T23:08:52+00:00,False,False
2022-04-04 00:00:00+00:00,aphromoo,SUP,FlyQuest,2022-04-10T18:45:41+00:00,8.996,0.2,3.6,6.6,32.8,5,37.82,4,2022-03-28T01:05:19+00:00,False,False
2022-04-11 00:00:00+00:00,Abbedagge,MID,100 Thieves,2022-04-16T20:06:15+00:00,19.708,4,2.4,6.6,272,5,62.75,5,2022-04-02T22:09:06+00:00,False,False
2022-04-11 00:00:00+00:00,Berserker,BOT,Cloud9,2022-04-17T18:53:22+00:00,16.198,4.2,3.2,6.6,281,5,27.93,3,2022-04-09T22:10:41+00:00,False,False
2022-04-11 00:00:00+00:00,Bjergsen,MID,Team Liquid,2022-04-16T20:06:15+00:00,18.408,4.2,2.4,5.8,259.8,5,63.19,5,2022-04-03T23:08:52+00:00,False,False
2022-04-11 00:00:00+00:00,Blaber,JGL,Cloud9,2022-04-17T18:53:22+00:00,17.36,4.2,2.2,8.6,201.6,5,23.49,3,2022-04-09T22:10:41+00:00,False,False
2022-04-11 00:00:00+00:00,Bwipo,TOP,Team Liquid,2022-04-16T20:06:15+00:00,11.842,2.2,3.4,4.8,247.2,5,60.2,5,2022-04-03T23:08:52+00:00,False,False
2022-04-11 00:00:00+00:00,Closer,JGL,100 Thieves,2022-04-16T20:06:15+00:00,17.938,4.6,2.2,8.4,170,5,54.34,5,2022-04-02T22:09:06+00:00,False,False
2022-04-11 00:00:00+00:00,CoreJJ,SUP,Team Liquid,2022-04-16T20:06:15+00:00,17.338,0.8,3.8,10.6,35.8,5,63.4,5,2022-04-03T23:08:52+00:00,False,False
2022-04-11 00:00:00+00:00,Danny,BOT,Evil Geniuses,2022-04-17T18:53:22+00:00,19.622,4,1.6,7.2,357.6,5,87.86,3,2022-04-10T22:35:22+00:00,False,False
2022-04-11 00:00:00+00:00,FBI,BOT,100 Thieves,2022-04-16T20:06:15+00:00,24.27,6.2,1.8,7.2,273,5,77.58,5,2022-04-02T22:09:06+00:00,False,False
2022-04-11 00:00:00+00:00,Fudge,MID,Cloud9,2022-04-17T18:53:22+00:00,29.542,6.4,1.6,7.2,291,5,17.57,3,2022-04-09T22:10:41+00:00,False,False
2022-04-11 00:00:00+00:00,Hans Sama,BOT,Team Liquid,2022-04-16T20:06:15+00:00,15.554,3.8,2.2,6,287.6,5,102.1,5,2022-04-03T23:08:52+00:00,False,False
2022-04-11 00:00:00+00:00,Impact,TOP,Evil Geniuses,2022-04-17T18:53:22+00:00,19.262,3.6,2.8,6.2,298.4,5,58.23,3,2022-04-10T22:35:22+00:00,False,False
2022-04-11 00:00:00+00:00,Inspired,JGL,Evil Geniuses,2022-04-17T18:53:22+00:00,14.588,3.2,1.6,6.6,240.6,5,65.83,3,2022-04-10T22:35:22+00:00,False,False
2022-04-11 00:00:00+00:00,Isles,SUP,Cloud9,2022-04-17T18:53:22+00:00,9.494,0.2,3.4,8,31.4,5,24.46,3,2022-04-09T22:10:41+00:00,False,False
2022-04-11 00:00:00+00:00,Jojopyun,MID,Evil Geniuses,2022-04-17T18:53:22+00:00,12.046,3,3.2,5.8,298,5,79.92,3,2022-04-10T22:35:22+00:00,False,False
2022-04-11 00:00:00+00:00,Santorin,JGL,Team Liquid,2022-04-16T20:06:15+00:00,17.81,3.6,2.2,8.6,159.6,5,65.03,5,2022-04-03T23:08:52+00:00,False,False
2022-04-11 00:00:00+00:00,Ssumday,TOP,100 Thieves,2022-04-16T20:06:15+00:00,16.146,2.4,2,7.4,222.2,5,72.43,5,2022-04-02T22:09:06+00:00,False,False
2022-04-11 00:00:00+00:00,Summit,TOP,Cloud9,2022-04-17T18:53:22+00:00,15.612,2,2.2,6.2,283.6,5,17.5,3,2022-04-09T22:10:41+00:00,False,False
2022-04-11 00:00:00+00:00,Vulcan,SUP,Evil Geniuses,2022-04-17T18:53:22+00:00,10.194,0.8,3.4,7.2,33.8,5,80.4,3,2022-04-10T22:35:22+00:00,False,False
2022-04-11 00:00:00+00:00,huhi,SUP,100 Thieves,2022-04-16T20:06:15+00:00,18.836,1.6,2.6,11.6,30.8,5,55.58,5,2022-04-02T22:09:06+00:00,False,False
2022-04-18 00:00:00+00:00,Abbedagge,MID,100 Thieves,2022-04-24T18:43:57+00:00,12.55,2.2,3,5.2,241.2,5,15.83,3,2022-04-16T23:54:44+00:00,False,False
2022-04-18 00:00:00+00:00,Bjergsen,MID,Team Liquid,2022-04-23T18:36:24+00:00,12.638,1.6,1.4,6,284,5,35.13,3,2022-04-16T23:54:44+00:00,False,False
2022-04-18 00:00:00+00:00,Bwipo,TOP,Team Liquid,2022-04-23T18:36:24+00:00,12.04,1.6,2.4,4.4,249,5,33.72,3,2022-04-16T23:54:44+00:00,False,False
2022-04-18 00:00:00+00:00,Closer,JGL,100 Thieves,2022-04-24T18:43:57+00:00,10.868,1.6,1.8,6,168.6,5,10.05,3,2022-04-16T23:54:44+00:00,False,False
2022-04-18 00:00:00+00:00,CoreJJ,SUP,Team Liquid,2022-04-23T18:36:24+00:00,12.68,0.2,2.6,7.8,29.6,5,23.16,3,2022-04-16T23:54:44+00:00,False,False
2022-04-18 00:00:00+00:00,Danny,BOT,Evil Geniuses,2022-04-23T18:36:24+00:00,27.074,6.4,1.6,9,336,5,163.27,6,2022-04-17T21:05:29+00:00,False,False
2022-04-18 00:00:00+00:00,FBI,BOT,100 Thieves,2022-04-24T18:43:57+00:00,15.516,3,1.4,4.4,284.4,5,12.06,3,2022-04-16T23:54:44+00:00,False,False
2022-04-18 00:00:00+00:00,Hans Sama,BOT,Team Liquid,2022-04-23T18:36:24+00:00,20.42,4.4,1.6,3.2,311.2,5,34.11,3,2022-04-16T23:54:44+00:00,False,False
2022-04-18 00:00:00+00:00,Impact,TOP,Evil Geniuses,2022-04-23T18:36:24+00:00,21.426,4,1.6,8.2,245.8,5,94.44,6,2022-04-17T21:05:29+00:00,False,False
2022-04-18 00:00:00+00:00,Inspired,JGL,Evil Geniuses,2022-04-23T18:36:24+00:00,19.164,3.2,1.2,11,177,5,114.51,6,2022-04-17T21:05:29+00:00,False,False
2022-04-18 00:00:00+00:00,Jojopyun,MID,Evil Geniuses,2022-04-23T18:36:24+00:00,21.492,6,2.8,7,282.8,5,100.5,6,2022-04-17T21:05:29+00:00,False,False
2022-04-18 00:00:00+00:00,Santorin,JGL,Team Liquid,2022-04-23T18:36:24+00:00,13.006,2.4,1.8,6.4,162.4,5,29.94,3,2022-04-16T23:54:44+00:00,False,False
2022-04-18 00:00:00+00:00,Ssumday,TOP,100 Thieves,2022-04-24T18:43:57+00:00,14.486,2.8,0.8,4.2,224.2,5,18.63,3,2022-04-16T23:54:44+00:00,False,False
2022-04-18 00:00:00+00:00,Vulcan,SUP,Evil Geniuses,2022-04-23T18:36:24+00:00,21.972,0.6,1,13.4,21.4,5,106.46,6,2022-04-17T21:05:29+00:00,False,False
2022-04-18 00:00:00+00:00,huhi,SUP,100 Thieves,2022-04-24T18:43:57+00:00,11.116,0.2,3.2,7,32.6,5,18.51,3,2022-04-16T23:54:44+00:00,False,False
2022-06-13 00:00:00+00:00,Abbedagge,MID,100 Thieves,2022-06-17T23:51:00+00:00,9.096,1.2,1.8,3,227.4,5,46.59,3,2022-04-24T21:14:20+00:00,False,False
2022-06-13 00:00:00+00:00,Ablazeolive,MID,Golden Guardians,2022-06-17T22:54:00+00:00,15.24,3,3.2,4.6,262,5,23.94,3,2022-04-09T22:10:41+00:00,False,False
2022-06-13 00:00:00+00:00,Biofrost,SUP,Dignitas,2022-06-18T01:44:00+00:00,8.082,0,3.4,6.2,33.4,5,18.46,3,2022-03-27T18:58:39+00:00,False,False
2022-06-13 00:00:00+00:00,Bjergsen,MID,Team Liquid,2022-06-18T00:53:00+00:00,10.19,1.2,2.4,4.6,303.2,5,70.58,3,2022-04-23T21:38:06+00:00,False,False
2022-06-13 00:00:00+00:00,Blaber,JGL,Cloud9,2022-06-17T21:46:00+00:00,14.024,3.4,3.2,7.6,187.6,5,18.19,3,2022-04-17T21:05:29+00:00,False,False
2022-06-13 00:00:00+00:00,Blue,MID,Dignitas,2022-06-18T01:44:00+00:00,13.482,3.6,2.4,3,295.2,5,23.29,3,2022-03-27T18:58:39+00:00,False,False
2022-06-13 00:00:00+00:00,Bwipo,TOP,Team Liquid,2022-06-18T00:53:00+00:00,10.142,2,3.6,4,236.2,5,68.76,3,2022-04-23T21:38:06+00:00,False,False
2022-06-13 00:00:00+00:00,Closer,JGL,100 Thieves,2022-06-17T23:51:00+00:00,6.18,1.2,2.6,3.6,168,5,35.19,3,2022-04-24T21:14:20+00:00,False,False
2022-06-13 00:00:00+00:00,Contractz,JGL,Counter Logic Gaming,2022-06-18T01:44:00+00:00,8.636,3,4,4.4,170.6,5,50.12,3,2022-03-26T23:16:49+00:00,False,False
2022-06-13 00:00:00+00:00,CoreJJ,SUP,Team Liquid,2022-06-18T00:53:00+00:00,7.81,0.6,3.4,5.6,36.4,5,64.98,3,2022-04-23T21:38:06+00:00,False,False
2022-06-13 00:00:00+00:00,Danny,BOT,Evil Geniuses,2022-06-17T21:46:00+00:00,27.186,7.2,0.6,4.6,301,5,69.71,3,2022-04-24T21:14:20+00:00,False,False
2022-06-13 00:00:00+00:00,Dhokla,TOP,Counter Logic Gaming,2022-06-18T01:44:00+00:00,-0.28,0,5,1,172,1,56.66,3,2022-03-27T20:08:54+00:00,False,False
2022-06-13 00:00:00+00:00,FBI,BOT,100 Thieves,2022-06-17T23:51:00+00:00,10.34,2.2,2.8,2.6,266.8,5,55.26,3,2022-04-24T21:14:20+00:00,False,False
2022-06-13 00:00:00+00:00,Fudge,TOP,Cloud9,2022-06-17T21:46:00+00:00,17.796,4.8,2.2,4.6,259,5,33.94,3,2022-04-17T21:05:29+00:00,False,False
2022-06-13 00:00:00+00:00,Gamsu,TOP,Dignitas,2022-06-18T01:44:00+00:00,13.0214,2.32,2.86,4.72,250.95,0,15.89,3,,False,False
2022-06-13 00:00:00+00:00,Hans Sama,BOT,Team Liquid,2022-06-18T00:53:00+00:00,11.91,2.8,2.8,3.4,323,5,66.89,3,2022-04-23T21:38:06+00:00,False,False
2022-06-13 00:00:00+00:00,Huni,TOP,TSM,2022-06-17T23:51:00+00:00,21.196,3.6,3.2,7.8,250.6,5,34.82,3,2022-03-27T23:01:25+00:00,False,False
2022-06-13 00:00:00+00:00,Ignar,SUP,Immortals,2022-06-18T00:53:00+00:00,7.53,0.4,3.6,4.8,41.2,5,15.6,3,2021-08-19T23:53:13+00:00,False,False
2022-06-13 00:00:00+00:00,Impact,TOP,Evil Geniuses,2022-06-17T21:46:00+00:00,15.982,2.8,1.8,6.2,214.4,5,44.99,3,2022-04-24T21:14:20+00:00,False,False
2022-06-13 00:00:00+00:00,Inspired,JGL,Evil Geniuses,2022-06-17T21:46:00+00:00,21.404,3.4,0.8,10.4,175.8,5,61.45,3,2022-04-24T21:14:20+00:00,False,False
2022-06-13 00:00:00+00:00,Jensen,MID,Cloud9,2022-06-17T21:46:00+00:00,7.262,1,2.6,4.4,241,5,26.29,3,2021-08-29T21:42:24+00:00,False,False
2022-06-13 00:00:00+00:00,Johnsun,BOT,FlyQuest,2022-06-17T22:54:00+00:00,11.338,3.2,2.8,2.4,396.8,5,34.42,3,2022-04-10T22:35:22+00:00,False,False
2022-06-13 00:00:00+00:00,Jojopyun,MID,Evil Geniuses,2022-06-17T21:46:00+00:00,19.338,2.6,1.6,9.4,257,5,61.96,3,2022-04-24T21:14:20+00:00,False,False
2022-06-13 00:00:00+00:00,Josedeodo,JGL,FlyQuest,2022-06-17T22:54:00+00:00,8.042,1.4,3.6,6.2,188.2,5,29.41,3,2022-04-10T22:35:22+00:00,False,False
2022-06-13 00:00:00+00:00,Kenvi,JGL,Immortals,2022-06-18T00:53:00+00:00,12.65,2,2,8,165,1,11.13,3,2021-08-01T22:41:19+00:00,False,False
2022-06-13 00:00:00+00:00,Licorice,TOP,Golden Guardians,2022-06-17T22:54:00+00:00,12.498,3.6,4.4,4,216.4,5,26.45,3,2022-04-09T22:10:41+00:00,False,False
2022-06-13 00:00:00+00:00,Lost,BOT,Immortals,2022-06-18T00:53:00+00:00,10.852,2,2.2,5.2,233.2,5,16.18,3,2022-04-09T22:10:41+00:00,False,False
2022-06-13 00:00:00+00:00,Luger,BOT,Counter Logic Gaming,2022-06-18T01:44:00+00:00,12.846,2.8,1.8,3.6,326,5,51.53,3,2022-03-26T23:16:49+00:00,False,False
2022-06-13 00:00:00+00:00,Maple,MID,TSM,2022-06-17T23:51:00+00:00,15.7076,3.25,2.5,5.56,269.59,0,43.05,3,,False,False
2022-06-13 00:00:00+00:00,Mia,SUP,TSM,2022-06-17T23:51:00+00:00,12.5008,0.61,3.16,8.23,34.49,0,24.16,3,,False,False
2022-06-13 00:00:00+00:00,Neo,BOT,Dignitas,2022-06-18T01:44:00+00:00,10.67,3,3,3.4,319,5,5.28,3,2022-03-27T18:58:39+00:00,False,False
2022-06-13 00:00:00+00:00,Olleh,SUP,Golden Guardians,2022-06-17T22:54:00+00:00,6.696,0.4,3.8,6,67.2,5,31.63,3,2022-04-09T22:10:41+00:00,False,False
2022-06-13 00:00:00+00:00,Palafox,MID,Counter Logic Gaming,2022-06-18T01:44:00+00:00,11.622,2,2.4,5.8,257.6,5,61.91,3,2022-03-26T23:16:49+00:00,False,False
2022-06-13 00:00:00+00:00,Philip,TOP,FlyQuest,2022-06-17T22:54:00+00:00,13.3912,2.45,2.96,4.79,254.18,0,36.18,3,,False,False
2022-06-13 00:00:00+00:00,Poome,SUP,Counter Logic Gaming,2022-06-18T01:44:00+00:00,10.374,0.4,2.8,6.6,34,5,53.13,3,2022-03-26T23:16:49+00:00,False,False
2022-06-13 00:00:00+00:00,PowerOfEvil,MID,Immortals,2022-06-18T00:53:00+00:00,15.53,2.2,2,5.6,280.8,5,34.73,3,2022-03-27T21:59:54+00:00,False,False
2022-06-13 00:00:00+00:00,Pridestalkr,JGL,Golden Guardians,2022-06-17T22:54:00+00:00,10.318,2.2,3,6.2,202.2,5,19.02,3,2022-04-09T22:10:41+00:00,False,False
2022-06-13 00:00:00+00:00,Revenge,TOP,Immortals,2022-06-18T00:53:00+00:00,7.516,0.8,4.2,3.2,246.2,5,28.01,3,2022-03-27T21:59:54+00:00,False,False
2022-06-13 00:00:00+00:00,River,JGL,Dignitas,2022-06-18T01:44:00+00:00,11.248,1.2,1.4,7,181.2,5,9.27,3,2022-03-27T18:58:39+00:00,False,False
2022-06-13 00:00:00+00:00,Santorin,JGL,Team Liquid,2022-06-18T00:53:00+00:00,8.688,2,2.8,4.6,172.6,5,46.94,3,2022-04-23T21:38:06+00:00,False,False
2022-06-13 00:00:00+00:00,Spica,JGL,TSM,2022-06-17T23:51:00+00:00,16.3,2.8,3,10.6,159.4,5,40.64,3,2022-03-27T23:01:25+00:00,False,False
2022-06-13 00:00:00+00:00,Ssumday,TOP,100 Thieves,2022-06-17T23:51:00+00:00,10.264,2,1.6,2.6,227.8,5,49.34,3,2022-04-24T21:14:20+00:00,False,False
2022-06-13 00:00:00+00:00,Stixxay,BOT,Golden Guardians,2022-06-17T22:54:00+00:00,8.668,2.6,2.4,1.8,301.8,5,29.47,3,2022-01-23T21:13:50+00:00,False,False
2022-06-13 00:00:00+00:00,Tactical,BOT,TSM,2022-06-17T23:51:00+00:00,21.444,6.4,2.4,5.2,286,5,29.36,3,2022-03-27T23:01:25+00:00,False,False
2022-06-13 00:00:00+00:00,Toucouille,MID,FlyQuest,2022-06-17T22:54:00+00:00,10.526,2.4,3.6,4,298.2,5,45.88,3,2022-04-10T22:35:22+00:00,False,False
2022-06-13 00:00:00+00:00,Vulcan,SUP,Evil Geniuses,2022-06-17T21:46:00+00:00,18.322,0.8,2,10.6,30,5,71.13,3,2022-04-24T21:14:20+00:00,False,False
2022-06-13 00:00:00+00:00,aphromoo,SUP,FlyQuest,2022-06-17T22:54:00+00:00,9.042,0.2,3.4,6.4,25.6,5,41.14,3,2022-04-10T22:35:22+00:00,False,False
2022-06-13 00:00:00+00:00,destiny,SUP,Cloud9,2022-06-17T21:46:00+00:00,8.298,0.4,2.8,6.2,34,5,16.38,3,2022-03-27T21:59:54+00:00,False,False
2022-06-13 00:00:00+00:00,huhi,SUP,100 Thieves,2022-06-17T23:51:00+00:00,9.032,0.4,2.6,4.6,30,5,48.32,3,2022-04-24T21:14:20+00:00,False,False
2022-06-13 00:00:00+00:00,k1ng,BOT,Cloud9,2022-06-17T21:46:00+00:00,12.764,2.2,1.2,4.4,301.4,5,14.82,3,2021-06-20T21:49:16+00:00,False,False
2022-06-20 00:00:00+00:00,Abbedagge,MID,100 Thieves,2022-06-25T21:15:01+00:00,11.292,2,3,5.8,248.4,5,27.42,2,2022-06-19T18:56:11+00:00,False,False
2022-06-20 00:00:00+00:00,Ablazeolive,MID,Golden Guardians,2022-06-25T21:15:01+00:00,11.158,2,3.2,3.4,255.8,5,33.97,2,2022-06-19T22:14:18+00:00,False,False
2022-06-20 00:00:00+00:00,Berserker,BOT,Cloud9,2022-06-25T20:09:54+00:00,11.138,3,4.2,5.4,258.6,5,24.12,2,2022-04-17T21:05:29+00:00,False,False
2022-06-20 00:00:00+00:00,Biofrost,SUP,Dignitas,2022-06-25T20:09:54+00:00,6.858,0,3,4.4,69.6,5,33.73,2,2022-06-19T18:56:11+00:00,False,False
2022-06-20 00:00:00+00:00,Bjergsen,MID,Team Liquid,2022-06-25T22:23:17+00:00,17.652,3,1.2,5.8,262.6,5,30.49,2,2022-06-19T21:19:13+00:00,False,False
2022-06-20 00:00:00+00:00,Blaber,JGL,Cloud9,2022-06-25T20:09:54+00:00,6.79,1,3.6,4.2,200.4,5,33.14,2,2022-06-19T21:19:13+00:00,False,False
2022-06-20 00:00:00+00:00,Blue,MID,Dignitas,2022-06-25T20:09:54+00:00,12.476,2.2,2.4,3.2,314.6,5,44.89,2,2022-06-19T18:56:11+00:00,False,False
2022-06-20 00:00:00+00:00,Bwipo,TOP,Team Liquid,2022-06-25T22:23:17+00:00,18.136,3,2,5.4,265,5,25.27,2,2022-06-19T21:19:13+00:00,False,False
2022-06-20 00:00:00+00:00,Closer,JGL,100 Thieves,2022-06-25T21:15:01+00:00,8.862,2.4,2.6,4.2,178,5,19.86,2,2022-06-19T18:56:11+00:00,False,False
2022-06-20 00:00:00+00:00,Contractz,JGL,Counter Logic Gaming,2022-06-26T00:27:52+00:00,13.64,2.8,2.4,7.2,177.4,5,31.41,2,2022-06-19T22:14:18+00:00,False,False
2022-06-20 00:00:00+00:00,CoreJJ,SUP,Team Liquid,2022-06-25T22:23:17+00:00,16.264,0.8,2.6,8.8,29.2,5,32.91,2,2022-06-19T21:19:13+00:00,False,False
2022-06-20 00:00:00+00:00,Danny,BOT,Evil Geniuses,2022-06-25T23:19:22+00:00,24.718,6.6,1,4.6,314,5,43.57,2,2022-06-19T20:18:19+00:00,False,False
2022-06-20 00:00:00+00:00,Dhokla,TOP,Counter Logic Gaming,2022-06-26T00:27:52+00:00,14.095,2.5,2.5,4.75,273.25,4,24.95,2,2022-06-19T22:14:18+00:00,False,False
2022-06-20 00:00:00+00:00,FBI,BOT,100 Thieves,2022-06-25T21:15:01+00:00,12.36,2.8,1.8,3,287,5,22.07,2,2022-06-19T18:56:11+00:00,False,False
2022-06-20 00:00:00+00:00,Fudge,TOP,Cloud9,2022-06-25T20:09:54+00:00,10.084,2.2,2.2,2.4,286.8,5,35.94,2,2022-06-19T21:19:13+00:00,False,False
2022-06-20 00:00:00+00:00,Gamsu,TOP,Dignitas,2022-06-25T20:09:54+00:00,5.29666666667,0.333333333333,3,1,246.333333333,3,30.35,2,2022-06-19T18:56:11+00:00,False,False
2022-06-20 00:00:00+00:00,Hans Sama,BOT,Team Liquid,2022-06-25T22:23:17+00:00,17.296,3.6,2,5.2,274,5,13.33,2,2022-06-19T21:19:13+00:00,False,False
2022-06-20 00:00:00+00:00,Huni,TOP,TSM,2022-06-25T22:23:17+00:00,15.118,2.8,3.2,5.6,249.4,5,21.51,2,2022-06-19T23:18:46+00:00,False,False
2022-06-20 00:00:00+00:00,Ignar,SUP,Immortals,2022-06-25T23:19:22+00:00,5.366,0.2,2.4,3.2,63.4,5,3.57,2,2022-06-19T23:18:46+00:00,False,False
2022-06-20 00:00:00+00:00,Impact,TOP,Evil Geniuses,2022-06-25T23:19:22+00:00,14.112,1.8,2.6,6.8,246,5,36.13,2,2022-06-19T20:18:19+00:00,False,False
2022-06-20 00:00:00+00:00,Inspired,JGL,Evil Geniuses,2022-06-25T23:19:22+00:00,21.256,3.6,0.8,9.8,194,5,35.6,2,2022-06-19T20:18:19+00:00,False,False
2022-06-20 00:00:00+00:00,Jensen,MID,Cloud9,2022-06-25T20:09:54+00:00,5.936,1.4,3,2,278.4,5,33.42,2,2022-06-19T21:19:13+00:00,False,False
2022-06-20 00:00:00+00:00,Johnsun,BOT,FlyQuest,2022-06-26T00:27:52+00:00,10.416,2.4,3,2.8,341,5,42.17,2,2022-06-19T20:18:19+00:00,False,False
2022-06-20 00:00:00+00:00,Jojopyun,MID,Evil Geniuses,2022-06-25T23:19:22+00:00,21.974,3.8,1.4,8,295.8,5,36.4,2,2022-06-19T20:18:19+00:00,False,False
2022-06-20 00:00:00+00:00,Josedeodo,JGL,FlyQuest,2022-06-26T00:27:52+00:00,7.27,1,3.2,4.8,180.6,5,23.12,2,2022-06-19T20:18:19+00:00,False,False
2022-06-20 00:00:00+00:00,Kenvi,JGL,Immortals,2022-06-25T23:19:22+00:00,5.945,2.25,3.5,3.25,171.75,4,-1.93,2,2022-06-19T23:18:46+00:00,False,False
2022-06-20 00:00:00+00:00,Licorice,TOP,Golden Guardians,2022-06-25T21:15:01+00:00,9.242,1.8,3.2,2.6,241.4,5,37.76,2,2022-06-19T22:14:18+00:00,False,False
2022-06-20 00:00:00+00:00,Lost,BOT,Immortals,2022-06-25T23:19:22+00:00,5.982,0.8,2.8,4.8,173.4,5,15.38,2,2022-06-19T23:18:46+00:00,False,False
2022-06-20 00:00:00+00:00,Luger,BOT,Counter Logic Gaming,2022-06-26T00:27:52+00:00,16.746,2.8,1.4,8,246.2,5,39.5,2,2022-06-19T22:14:18+00:00,False,False
2022-06-20 00:00:00+00:00,Maple,MID,TSM,2022-06-25T22:23:17+00:00,14.35,2.33333333333,2.33333333333,4.66666666667,286,3,26.55,2,2022-06-19T23:18:46+00:00,False,False
2022-06-20 00:00:00+00:00,Mia,SUP,TSM,2022-06-25T22:23:17+00:00,8.05333333333,0.666666666667,4.66666666667,5.66666666667,27.6666666667,3,29.27,2,2022-06-19T23:18:46+00:00,False,False
2022-06-20 00:00:00+00:00,Neo,BOT,Dignitas,2022-06-25T20:09:54+00:00,7.88,2.4,3,2.6,261.6,5,26.04,2,2022-06-19T18:56:11+00:00,False,False
2022-06-20 00:00:00+00:00,Olleh,SUP,Golden Guardians,2022-06-25T21:15:01+00:00,8.506,0.6,2.2,4.2,54.2,5,32.49,2,2022-06-19T22:14:18+00:00,False,False
2022-06-20 00:00:00+00:00,Palafox,MID,Counter Logic Gaming,2022-06-26T00:27:52+00:00,18.044,3.8,2,6.2,256.4,5,28.7,2,2022-06-19T22:14:18+00:00,False,False
2022-06-20 00:00:00+00:00,Philip,TOP,FlyQuest,2022-06-26T00:27:52+00:00,12.06,1.33333333333,2.66666666667,4.33333333333,268.333333333,3,21.53,2,2022-06-19T20:18:19+00:00,False,False
2022-06-20 00:00:00+00:00,Poome,SUP,Counter Logic Gaming,2022-06-26T00:27:52+00:00,17.176,1.4,1.6,8.6,74.2,5,27.82,2,2022-06-19T22:14:18+00:00,False,False
2022-06-20 00:00:00+00:00,PowerOfEvil,MID,Immortals,2022-06-25T23:19:22+00:00,12.832,1.6,1.4,3.2,265.4,5,13.8,2,2022-06-19T23:18:46+00:00,False,False
2022-06-20 00:00:00+00:00,Pridestalkr,JGL,Golden Guardians,2022-06-25T21:15:01+00:00,6.404,2.4,2.6,2.6,202.2,5,9.43,2,2022-06-19T22:14:18+00:00,False,False
2022-06-20 00:00:00+00:00,Revenge,TOP,Immortals,2022-06-25T23:19:22+00:00,9.44,1.6,3.2,2.4,241.2,5,12.81,2,2022-06-19T23:18:46+00:00,False,False
2022-06-20 00:00:00+00:00,River,JGL,Dignitas,2022-06-25T20:09:54+00:00,8.184,1,2.6,5.6,184.8,5,29.87,2,2022-06-19T18:56:11+00:00,False,False
2022-06-20 00:00:00+00:00,Santorin,JGL,Team Liquid,2022-06-25T22:23:17+00:00,13.846,2.4,1.6,5.8,165,5,28.9,2,2022-06-19T21:19:13+00:00,False,False
2022-06-20 00:00:00+00:00,Spica,JGL,TSM,2022-06-25T22:23:17+00:00,14.932,3.4,2.2,6.8,184.4,5,27.16,2,2022-06-19T23:18:46+00:00,False,False
2022-06-20 00:00:00+00:00,Ssumday,TOP,100 Thieves,2022-06-25T21:15:01+00:00,11.784,2,2,3.2,265.2,5,26.71,2,2022-06-19T18:56:11+00:00,False,False
2022-06-20 00:00:00+00:00,Stixxay,BOT,Golden Guardians,2022-06-25T21:15:01+00:00,7.83,1.4,1.8,2.4,275.2,5,15.61,2,2022-06-19T22:14:18+00:00,False,False
2022-06-20 00:00:00+00:00,Tactical,BOT,TSM,2022-06-25T22:23:17+00:00,15.262,4.4,2.4,3.6,276.6,5,22.8,2,2022-06-19T23:18:46+00:00,False,False
2022-06-20 00:00:00+00:00,Toucouille,MID,FlyQuest,2022-06-26T00:27:52+00:00,10.82,3,2.2,1.8,305.8,5,29.06,2,2022-06-19T20:18:19+00:00,False,False
2022-06-20 00:00:00+00:00,Vulcan,SUP,Evil Geniuses,2022-06-25T23:19:22+00:00,21.472,0.6,2.2,12.8,26.4,5,42.37,2,2022-06-19T20:18:19+00:00,False,False
2022-06-20 00:00:00+00:00,Zven,SUP,Cloud9,2022-06-25T20:09:54+00:00,10.55,2.8,2.8,3.4,279.2,5,32.77,2,2022-01-29T22:52:36+00:00,False,False
2022-06-20 00:00:00+00:00,aphromoo,SUP,FlyQuest,2022-06-26T00:27:52+00:00,10.158,0.6,2.8,6.2,20.6,5,31.22,2,2022-06-19T20:18:19+00:00,False,False
2022-06-20 00:00:00+00:00,huhi,SUP,100 Thieves,2022-06-25T21:15:01+00:00,11.348,1,2.4,5.8,28.4,5,36.06,2,2022-06-19T18:56:11+00:00,False,False
2022-06-27 00:00:00+00:00,Abbedagge,MID,100 Thieves,2022-07-02T21:57:22+00:00,14.802,2.4,3,7.6,302.6,5,54.57,2,2022-06-26T21:12:40+00:00,False,False
2022-06-27 00:00:00+00:00,Ablazeolive,MID,Golden Guardians,2022-07-02T22:56:33+00:00,11.582,1.6,2.8,3.2,291.6,5,34.41,2,2022-06-26T18:34:13+00:00,False,False
2022-06-27 00:00:00+00:00,Berserker,BOT,Cloud9,2022-07-02T23:56:58+00:00,10.41,2,3,5.2,239.2,5,21.99,2,2022-06-26T21:12:40+00:00,False,False
2022-06-27 00:00:00+00:00,Biofrost,SUP,Dignitas,2022-07-02T21:01:15+00:00,10.438,0.2,1.4,4.2,98.8,5,36.35,2,2022-06-26T23:38:06+00:00,False,False
2022-06-27 00:00:00+00:00,Bjergsen,MID,Team Liquid,2022-07-02T21:57:22+00:00,20.214,3.8,1,5.6,260.8,5,37.62,2,2022-06-26T20:08:27+00:00,False,False
2022-06-27 00:00:00+00:00,Blaber,JGL,Cloud9,2022-07-02T23:56:58+00:00,10.266,2.2,2.2,3.6,223.2,5,16.83,2,2022-06-26T21:12:40+00:00,False,False
2022-06-27 00:00:00+00:00,Blue,MID,Dignitas,2022-07-02T21:01:15+00:00,13.636,1.6,1.8,3,321.4,5,49.58,2,2022-06-26T23:38:06+00:00,False,False
2022-06-27 00:00:00+00:00,Bwipo,TOP,Team Liquid,2022-07-02T21:57:22+00:00,18.806,3.2,1.4,4.8,283.4,5,35.55,2,2022-06-26T20:08:27+00:00,False,False
2022-06-27 00:00:00+00:00,Closer,JGL,100 Thieves,2022-07-02T21:57:22+00:00,11.01,3.6,2.2,4.6,192,5,23,2,2022-06-26T21:12:40+00:00,False,False
2022-06-27 00:00:00+00:00,Contractz,JGL,Counter Logic Gaming,2022-07-02T23:56:58+00:00,16.306,3.4,2,7.6,209.8,5,6.66,2,2022-06-26T22:21:02+00:00,False,False
2022-06-27 00:00:00+00:00,CoreJJ,SUP,Team Liquid,2022-07-02T21:57:22+00:00,19.578,0.6,1.6,10,22.2,5,25.53,2,2022-06-26T20:08:27+00:00,False,False
2022-06-27 00:00:00+00:00,Danny,BOT,Evil Geniuses,2022-07-02T20:14:47+00:00,22.656,6.2,1.8,6,368.2,5,39.51,2,2022-06-26T22:21:02+00:00,False,False
2022-06-27 00:00:00+00:00,Dhokla,TOP,Counter Logic Gaming,2022-07-02T23:56:58+00:00,16.322,2.6,2.2,5.8,332.2,5,6.97,2,2022-06-26T22:21:02+00:00,False,False
2022-06-27 00:00:00+00:00,FBI,BOT,100 Thieves,2022-07-02T21:57:22+00:00,15.466,4.2,1.8,4,284.8,5,41.42,2,2022-06-26T21:12:40+00:00,False,False
2022-06-27 00:00:00+00:00,Fudge,TOP,Cloud9,2022-07-02T23:56:58+00:00,13.976,2.2,1.8,4,324,5,17.23,2,2022-06-26T21:12:40+00:00,False,False
2022-06-27 00:00:00+00:00,Gamsu,TOP,Dignitas,2022-07-02T21:01:15+00:00,9.248,1.2,2.4,2.2,255.2,5,30.75,2,2022-06-26T23:38:06+00:00,False,False
2022-06-27 00:00:00+00:00,Hans Sama,BOT,Team Liquid,2022-07-02T21:57:22+00:00,16.044,3.8,2.2,4.8,268.4,5,27.32,2,2022-06-26T20:08:27+00:00,False,False
2022-06-27 00:00:00+00:00,Huni,TOP,TSM,2022-07-02T20:14:47+00:00,11.266,1.8,2.8,3.8,266.8,5,13.56,2,2022-06-26T18:34:13+00:00,False,False
2022-06-27 00:00:00+00:00,Ignar,SUP,Immortals,2022-07-02T22:56:33+00:00,3.834,0.2,2,2.4,54.6,5,13.61,2,2022-06-26T23:38:06+00:00,False,False
2022-06-27 00:00:00+00:00,Impact,TOP,Evil Geniuses,2022-07-02T20:14:47+00:00,16.224,3,3.4,8,290.4,5,49,2,2022-06-26T22:21:02+00:00,False,False
2022-06-27 00:00:00+00:00,Inspired,JGL,Evil Geniuses,2022-07-02T20:14:47+00:00,19.41,4.6,1.8,8.2,241,5,39.02,2,2022-06-26T22:21:02+00:00,False,False
2022-06-27 00:00:00+00:00,Jensen,MID,Cloud9,2022-07-02T23:56:58+00:00,11.942,3,2,2.6,302.2,5,23.51,2,2022-06-26T21:12:40+00:00,False,False
2022-06-27 00:00:00+00:00,Johnsun,BOT,FlyQuest,2022-07-02T21:01:15+00:00,15.318,4.4,3,3.8,319.8,5,42.45,2,2022-06-26T20:08:27+00:00,False,False
2022-06-27 00:00:00+00:00,Jojopyun,MID,Evil Geniuses,2022-07-02T20:14:47+00:00,19.672,3.6,2.2,8.4,332.4,5,37.26,2,2022-06-26T22:21:02+00:00,False,False
2022-06-27 00:00:00+00:00,Josedeodo,JGL,FlyQuest,2022-07-02T21:01:15+00:00,10.506,2,3.4,6.2,200.4,5,23.17,2,2022-06-26T20:08:27+00:00,False,False
2022-06-27 00:00:00+00:00,Kenvi,JGL,Immortals,2022-07-02T22:56:33+00:00,1.84,1.6,4.2,1.4,175.8,5,4.76,2,2022-06-26T23:38:06+00:00,False,False
2022-06-27 00:00:00+00:00,Licorice,TOP,Golden Guardians,2022-07-02T22:56:33+00:00,12.842,2.4,2.4,3.2,278.4,5,28.54,2,2022-06-26T18:34:13+00:00,False,False
2022-06-27 00:00:00+00:00,Lost,BOT,Immortals,2022-07-02T22:56:33+00:00,6.312,1.2,2.8,3,241.2,5,4.39,2,2022-06-26T23:38:06+00:00,False,False
2022-06-27 00:00:00+00:00,Luger,BOT,Counter Logic Gaming,2022-07-02T23:56:58+00:00,18.206,3.6,2.2,8.4,269.4,5,13.76,2,2022-06-26T22:21:02+00:00,False,False
2022-06-27 00:00:00+00:00,Maple,MID,TSM,2022-07-02T20:14:47+00:00,13.92,2.4,2,4.8,292.6,5,23.75,2,2022-06-26T18:34:13+00:00,False,False
2022-06-27 00:00:00+00:00,Mia,SUP,TSM,2022-07-02T20:14:47+00:00,10.686,0.6,3.8,7,27.6,5,1.02,2,2022-06-26T18:34:13+00:00,False,False
2022-06-27 00:00:00+00:00,Neo,BOT,Dignitas,2022-07-02T21:01:15+00:00,6.264,1,2.2,2.8,201.4,5,22.84,2,2022-06-26T23:38:06+00:00,False,False
2022-06-27 00:00:00+00:00,Olleh,SUP,Golden Guardians,2022-07-02T22:56:33+00:00,12.824,1.2,1.6,4.8,67.2,5,32.14,2,2022-06-26T18:34:13+00:00,False,False
2022-06-27 00:00:00+00:00,Palafox,MID,Counter Logic Gaming,2022-07-02T23:56:58+00:00,18.122,3.6,2,6.4,285.6,5,16.81,2,2022-06-26T22:21:02+00:00,False,False
2022-06-27 00:00:00+00:00,Philip,TOP,FlyQuest,2022-07-02T21:01:15+00:00,11.542,1.6,2.6,4,291.6,5,30.18,2,2022-06-26T20:08:27+00:00,False,False
2022-06-27 00:00:00+00:00,Poome,SUP,Counter Logic Gaming,2022-07-02T23:56:58+00:00,16.19,1.6,2.6,8.8,74.8,5,10.03,2,2022-06-26T22:21:02+00:00,False,False
2022-06-27 00:00:00+00:00,PowerOfEvil,MID,Immortals,2022-07-02T22:56:33+00:00,9.706,0.8,1.8,2.4,287.4,5,23.22,2,2022-06-26T23:38:06+00:00,False,False
2022-06-27 00:00:00+00:00,Pridestalkr,JGL,Golden Guardians,2022-07-02T22:56:33+00:00,5.69,1.6,2.2,2.4,213.2,5,21.75,2,2022-06-26T18:34:13+00:00,False,False
2022-06-27 00:00:00+00:00,Revenge,TOP,Immortals,2022-07-02T22:56:33+00:00,8.164,1.6,3.2,1.6,265.6,5,10.01,2,2022-06-26T23:38:06+00:00,False,False
2022-06-27 00:00:00+00:00,River,JGL,Dignitas,2022-07-02T21:01:15+00:00,7.828,1.8,2.4,3,177.8,5,29.52,2,2022-06-26T23:38:06+00:00,False,False
2022-06-27 00:00:00+00:00,Santorin,JGL,Team Liquid,2022-07-02T21:57:22+00:00,15.168,2.2,0.8,7,163.4,5,11.67,2,2022-06-26T20:08:27+00:00,False,False
2022-06-27 00:00:00+00:00,Spica,JGL,TSM,2022-07-02T20:14:47+00:00,13.56,3.4,2.4,5.2,199.4,5,7.63,2,2022-06-26T18:34:13+00:00,False,False
2022-06-27 00:00:00+00:00,Ssumday,TOP,100 Thieves,2022-07-02T21:57:22+00:00,15.21,3,2.2,5.2,297.8,5,52.5,2,2022-06-26T21:12:40+00:00,False,False
2022-06-27 00:00:00+00:00,Stixxay,BOT,Golden Guardians,2022-07-02T22:56:33+00:00,9.016,1.8,2.2,4,247,5,27.22,2,2022-06-26T18:34:13+00:00,False,False
2022-06-27 00:00:00+00:00,Tactical,BOT,TSM,2022-07-02T20:14:47+00:00,10.432,2.6,2.6,3.4,294.2,5,1.28,2,2022-06-26T18:34:13+00:00,False,False
2022-06-27 00:00:00+00:00,Toucouille,MID,FlyQuest,2022-07-02T21:01:15+00:00,14.988,3.2,0.8,3,327.4,5,38.27,2,2022-06-26T20:08:27+00:00,False,False
2022-06-27 00:00:00+00:00,Vulcan,SUP,Evil Geniuses,2022-07-02T20:14:47+00:00,22.7,0.2,2.2,14.6,28.2,5,42.17,2,2022-06-26T22:21:02+00:00,False,False
2022-06-27 00:00:00+00:00,Zven,SUP,Cloud9,2022-07-02T23:56:58+00:00,11.248,1,2,5,211.4,5,24.89,2,2022-06-26T21:12:40+00:00,False,False
2022-06-27 00:00:00+00:00,aphromoo,SUP,FlyQuest,2022-07-02T21:01:15+00:00,14.472,0.8,2,8.4,23.4,5,39.49,2,2022-06-26T20:08:27+00:00,False,False
2022-06-27 00:00:00+00:00,huhi,SUP,100 Thieves,2022-07-02T21:57:22+00:00,16.876,1.2,1.8,9.2,67.4,5,42.13,2,2022-06-26T21:12:40+00:00,False,False
2022-07-11 00:00:00+00:00,Abbedagge,MID,100 Thieves,2022-07-16T20:31:00+00:00,19.986,2,1.4,7.2,331.2,5,29.01,2,2022-07-03T22:51:23+00:00,False,False
2022-07-11 00:00:00+00:00,Ablazeolive,MID,Golden Guardians,2022-07-17T00:12:56+00:00,14.248,2.8,2.6,3.2,303.4,5,29.26,2,2022-07-03T20:04:57+00:00,False,False
2022-07-11 00:00:00+00:00,Berserker,BOT,Cloud9,2022-07-16T22:38:00+00:00,12.23,2.4,2.6,5.4,235.8,5,25.14,2,2022-07-03T21:01:12+00:00,False,False
2022-07-11 00:00:00+00:00,Biofrost,SUP,Dignitas,2022-07-16T21:27:00+00:00,15.716,0.4,1,8.2,54.4,5,13.34,2,2022-07-03T18:50:40+00:00,False,False
2022-07-11 00:00:00+00:00,Bjergsen,MID,Team Liquid,2022-07-17T00:12:56+00:00,19.83,4.4,1.2,4.8,287.8,5,47.79,2,2022-07-03T21:59:53+00:00,False,False
2022-07-11 00:00:00+00:00,Blaber,JGL,Cloud9,2022-07-16T22:38:00+00:00,10.872,2.8,2.2,4,207.6,5,34.82,2,2022-07-03T21:01:12+00:00,False,False
2022-07-11 00:00:00+00:00,Blue,MID,Dignitas,2022-07-16T21:27:00+00:00,20.342,3.4,1.2,4.6,327,5,5.69,2,2022-07-03T18:50:40+00:00,False,False
2022-07-11 00:00:00+00:00,Bwipo,TOP,Team Liquid,2022-07-17T00:12:56+00:00,16.144,2.8,2,4,290.6,5,28.3,2,2022-07-03T21:59:53+00:00,False,False
2022-07-11 00:00:00+00:00,Chime,SUP,TSM,2022-07-16T22:38:00+00:00,7.956,0.6,3.6,5.4,28.4,5,30.99,2,2022-01-23T21:13:50+00:00,False,False
2022-07-11 00:00:00+00:00,Closer,JGL,100 Thieves,2022-07-16T20:31:00+00:00,11.156,2.8,1.6,5.2,192.6,5,21.59,2,2022-07-03T22:51:23+00:00,False,False
2022-07-11 00:00:00+00:00,Contractz,JGL,Counter Logic Gaming,2022-07-16T23:13:59+00:00,10.338,2.8,3.2,4.6,202.4,5,14.31,2,2022-07-03T21:59:53+00:00,False,False
2022-07-11 00:00:00+00:00,CoreJJ,SUP,Team Liquid,2022-07-17T00:12:56+00:00,16.2,0.8,2,8.4,24,5,35.19,2,2022-07-03T21:59:53+00:00,False,False
2022-07-11 00:00:00+00:00,Danny,BOT,Evil Geniuses,2022-07-16T21:27:00+00:00,22.522,4.8,1.4,7.4,323.8,5,58.98,2,2022-07-03T20:04:57+00:00,False,False
2022-07-11 00:00:00+00:00,Dhokla,TOP,Counter Logic Gaming,2022-07-16T23:13:59+00:00,10.432,0.8,2.6,4.2,303.8,5,19.98,2,2022-07-03T21:59:53+00:00,False,False
2022-07-11 00:00:00+00:00,FBI,BOT,100 Thieves,2022-07-16T20:31:00+00:00,16.764,4.4,1.6,4.4,279.4,5,23.93,2,2022-07-03T22:51:23+00:00,False,False
2022-07-11 00:00:00+00:00,Fudge,TOP,Cloud9,2022-07-16T22:38:00+00:00,13.678,2,1.6,3.8,318,5,49.97,2,2022-07-03T21:01:12+00:00,False,False
2022-07-11 00:00:00+00:00,Gamsu,TOP,Dignitas,2022-07-16T21:27:00+00:00,12.912,2.6,2.4,4,255,5,29.59,2,2022-07-03T18:50:40+00:00,False,False
2022-07-11 00:00:00+00:00,Hans Sama,BOT,Team Liquid,2022-07-17T00:12:56+00:00,12.902,2.6,2.6,5.6,288.4,5,19.06,2,2022-07-03T21:59:53+00:00,False,False
2022-07-11 00:00:00+00:00,Ignar,SUP,Immortals,2022-07-16T23:13:59+00:00,4.604,0.2,2.2,2,50.6,5,38.79,2,2022-07-03T22:51:23+00:00,False,False
2022-07-11 00:00:00+00:00,Impact,TOP,Evil Geniuses,2022-07-16T21:27:00+00:00,19.804,4.2,2.6,6.2,269.8,5,37.61,2,2022-07-03T20:04:57+00:00,False,False
2022-07-11 00:00:00+00:00,Inspired,JGL,Evil Geniuses,2022-07-16T21:27:00+00:00,19.094,4.8,1.6,6.8,235.6,5,28.8,2,2022-07-03T20:04:57+00:00,False,False
2022-07-11 00:00:00+00:00,Instinct,BOT,TSM,2022-07-16T22:38:00+00:00,9.1875,2.5,2.25,2.75,293.75,4,48.95,2,2022-01-22T01:00:16+00:00,False,False
2022-07-11 00:00:00+00:00,Jensen,MID,Cloud9,2022-07-16T22:38:00+00:00,11.55,2.4,1.8,3.6,285.2,5,21.1,2,2022-07-03T21:01:12+00:00,False,False
2022-07-11 00:00:00+00:00,Johnsun,BOT,FlyQuest,2022-07-16T20:31:00+00:00,18.244,4.6,2.8,5.2,286.2,5,37.13,2,2022-07-03T21:01:12+00:00,False,False
2022-07-11 00:00:00+00:00,Jojopyun,MID,Evil Geniuses,2022-07-16T21:27:00+00:00,19.316,2.4,1.8,9.4,291.6,5,41.88,2,2022-07-03T20:04:57+00:00,False,False
2022-07-11 00:00:00+00:00,Josedeodo,JGL,FlyQuest,2022-07-16T20:31:00+00:00,10.602,2.2,3,6.2,204.6,5,24.86,2,2022-07-03T21:01:12+00:00,False,False
2022-07-11 00:00:00+00:00,Kenvi,JGL,Immortals,2022-07-16T23:13:59+00:00,1.054,1,4.2,1.2,170.6,5,22.51,2,2022-07-03T22:51:23+00:00,False,False
2022-07-11 00:00:00+00:00,Licorice,TOP,Golden Guardians,2022-07-17T00:12:56+00:00,13.786,2.2,3.2,5.2,267,5,29.29,2,2022-07-03T20:04:57+00:00,False,False
2022-07-11 00:00:00+00:00,Lost,BOT,Immortals,2022-07-16T23:13:59+00:00,4.234,0.6,2.6,1.8,248.2,5,29.54,2,2022-07-03T22:51:23+00:00,False,False
2022-07-11 00:00:00+00:00,Luger,BOT,Counter Logic Gaming,2022-07-16T23:13:59+00:00,12.07,3,3.2,4.8,268.4,5,19.49,2,2022-07-03T21:59:53+00:00,False,False
2022-07-11 00:00:00+00:00,Maple,MID,TSM,2022-07-16T22:38:00+00:00,15.572,2.2,1.8,4.2,278.8,5,27.32,2,2022-07-03T18:50:40+00:00,False,False
2022-07-11 00:00:00+00:00,Neo,BOT,Dignitas,2022-07-16T21:27:00+00:00,10.168,1.8,1.6,4.4,249.2,5,22.41,2,2022-07-03T18:50:40+00:00,False,False
2022-07-11 00:00:00+00:00,Olleh,SUP,Golden Guardians,2022-07-17T00:12:56+00:00,14.256,1.4,1.8,6.2,107.8,5,23.5,2,2022-07-03T20:04:57+00:00,False,False
2022-07-11 00:00:00+00:00,Palafox,MID,Counter Logic Gaming,2022-07-16T23:13:59+00:00,12.044,2.4,2.4,4.6,272.8,5,10.83,2,2022-07-03T21:59:53+00:00,False,False
2022-07-11 00:00:00+00:00,Philip,TOP,FlyQuest,2022-07-16T20:31:00+00:00,13.542,2.4,2.6,4.2,291.6,5,24.8,2,2022-07-03T21:01:12+00:00,False,False
2022-07-11 00:00:00+00:00,Poome,SUP,Counter Logic Gaming,2022-07-16T23:13:59+00:00,10.188,1,3.4,5.8,57.6,5,20.68,2,2022-07-03T21:59:53+00:00,False,False
2022-07-11 00:00:00+00:00,PowerOfEvil,MID,Immortals,2022-07-16T23:13:59+00:00,9.582,0.8,2.2,1.4,304.2,5,45.01,2,2022-07-03T22:51:23+00:00,False,False
2022-07-11 00:00:00+00:00,Pridestalkr,JGL,Golden Guardians,2022-07-17T00:12:56+00:00,8.532,1.8,2,4.4,209.2,5,20.36,2,2022-07-03T20:04:57+00:00,False,False
2022-07-11 00:00:00+00:00,Revenge,TOP,Immortals,2022-07-16T23:13:59+00:00,5.75,1,3.2,1,254.8,5,27.92,2,2022-07-03T22:51:23+00:00,False,False
2022-07-11 00:00:00+00:00,River,JGL,Dignitas,2022-07-16T21:27:00+00:00,13.31,2.8,2.4,6.2,176,5,9.17,2,2022-07-03T18:50:40+00:00,False,False
2022-07-11 00:00:00+00:00,Santorin,JGL,Team Liquid,2022-07-17T00:12:56+00:00,10.05,1.2,1.6,6.8,165,5,30.18,2,2022-07-03T21:59:53+00:00,False,False
2022-07-11 00:00:00+00:00,Spica,JGL,TSM,2022-07-16T22:38:00+00:00,10.062,2.2,2.6,4.4,188.4,5,30.74,2,2022-07-03T18:50:40+00:00,False,False
2022-07-11 00:00:00+00:00,Ssumday,TOP,100 Thieves,2022-07-16T20:31:00+00:00,21.332,4.2,1.2,5.8,299,5,25.94,2,2022-07-03T22:51:23+00:00,False,False
2022-07-11 00:00:00+00:00,Stixxay,BOT,Golden Guardians,2022-07-17T00:12:56+00:00,10.732,2.6,2.2,4.8,219,5,32.13,2,2022-07-03T20:04:57+00:00,False,False
2022-07-11 00:00:00+00:00,Toucouille,MID,FlyQuest,2022-07-16T20:31:00+00:00,14.482,2,0.8,4.6,317,5,32.68,2,2022-07-03T21:01:12+00:00,False,False
2022-07-11 00:00:00+00:00,Vulcan,SUP,Evil Geniuses,2022-07-16T21:27:00+00:00,21.912,0.2,1.4,13,26.8,5,46.2,2,2022-07-03T20:04:57+00:00,False,False
2022-07-11 00:00:00+00:00,Zven,SUP,Cloud9,2022-07-16T22:38:00+00:00,13.422,0.6,1.8,6.4,117.8,5,32.38,2,2022-07-03T21:01:12+00:00,False,False
2022-07-11 00:00:00+00:00,aphromoo,SUP,FlyQuest,2022-07-16T20:31:00+00:00,15.396,1.8,1.8,7.6,53.4,5,14.08,2,2022-07-03T21:01:12+00:00,False,False
2022-07-11 00:00:00+00:00,huhi,SUP,100 Thieves,2022-07-16T20:31:00+00:00,18.094,0.6,1.2,10,73.8,5,31.48,2,2022-07-03T22:51:23+00:00,False,False
2022-07-11 00:00:00+00:00,s0ul,TOP,TSM,2022-07-16T22:38:00+00:00,13.3921,2.31,2.41,4.3,265.26,0,22.15,2,,False,False
2022-07-18 00:00:00+00:00,Abbedagge,MID,100 Thieves,2022-07-23T22:22:30+00:00,16.486,2.2,1.2,4.6,300.2,5,47.78,2,2022-07-17T20:09:20+00:00,False,False
2022-07-18 00:00:00+00:00,Ablazeolive,MID,Golden Guardians,2022-07-24T00:21:43+00:00,17.276,3.4,2.4,5.4,292.4,5,14.48,2,2022-07-17T23:17:22+00:00,False,False
2022-07-18 00:00:00+00:00,Berserker,BOT,Cloud9,2022-07-23T23:20:40+00:00,13.038,2.8,1.6,5,307.8,5,29.22,2,2022-07-17T22:08:24+00:00,False,False
2022-07-18 00:00:00+00:00,Biofrost,SUP,Dignitas,2022-07-23T23:20:40+00:00,13.826,0.8,1.4,7.4,44.8,5,14.38,2,2022-07-17T23:17:22+00:00,False,False
2022-07-18 00:00:00+00:00,Bjergsen,MID,Team Liquid,2022-07-23T21:10:04+00:00,21.996,3.6,1.2,7,306.2,5,31.06,2,2022-07-17T21:05:06+00:00,False,False
2022-07-18 00:00:00+00:00,Blaber,JGL,Cloud9,2022-07-23T23:20:40+00:00,14.148,2.6,2,6.6,228.6,5,27.37,2,2022-07-17T22:08:24+00:00,False,False
2022-07-18 00:00:00+00:00,Blue,MID,Dignitas,2022-07-23T23:20:40+00:00,15.724,3,1.4,3.8,300,5,20.31,2,2022-07-17T23:17:22+00:00,False,False
2022-07-18 00:00:00+00:00,Bwipo,TOP,Team Liquid,2022-07-23T21:10:04+00:00,17.098,3.8,3.2,4.2,278,5,52.39,2,2022-07-17T21:05:06+00:00,False,False
2022-07-18 00:00:00+00:00,Chime,SUP,TSM,2022-07-23T22:22:30+00:00,13.112,0.6,2.6,7.4,31,5,12.69,2,2022-07-17T18:45:20+00:00,False,False
2022-07-18 00:00:00+00:00,Closer,JGL,100 Thieves,2022-07-23T22:22:30+00:00,9.164,1.6,2,5.4,155.4,5,23.12,2,2022-07-17T20:09:20+00:00,False,False
2022-07-18 00:00:00+00:00,Contractz,JGL,Counter Logic Gaming,2022-07-23T20:43:00+00:00,8.152,2,3.4,4.8,181.4,5,27.67,2,2022-07-17T20:09:20+00:00,False,False
2022-07-18 00:00:00+00:00,CoreJJ,SUP,Team Liquid,2022-07-23T21:10:04+00:00,16.448,0.8,2,8.8,22.4,5,24.18,2,2022-07-17T21:05:06+00:00,False,False
2022-07-18 00:00:00+00:00,Danny,BOT,Evil Geniuses,2022-07-23T20:43:00+00:00,22.808,4.6,1.6,7.4,323.8,5,29.47,2,2022-07-17T21:05:06+00:00,False,False
2022-07-18 00:00:00+00:00,Dhokla,TOP,Counter Logic Gaming,2022-07-23T20:43:00+00:00,8.728,1.8,3.4,2.8,282.8,5,7.12,2,2022-07-17T20:09:20+00:00,False,False
2022-07-18 00:00:00+00:00,FBI,BOT,100 Thieves,2022-07-23T22:22:30+00:00,13.906,3.4,1.6,4,199.2,5,43.07,2,2022-07-17T20:09:20+00:00,False,False
2022-07-18 00:00:00+00:00,Fudge,TOP,Cloud9,2022-07-23T23:20:40+00:00,18.064,3.2,1.4,5,308.4,5,30.49,2,2022-07-17T22:08:24+00:00,False,False
2022-07-18 00:00:00+00:00,Gamsu,TOP,Dignitas,2022-07-23T23:20:40+00:00,16.646,3.2,2.2,4.4,265.4,5,19.95,2,2022-07-17T23:17:22+00:00,False,False
2022-07-18 00:00:00+00:00,Hans Sama,BOT,Team Liquid,2022-07-23T21:10:04+00:00,11.07,2.6,3,4.8,296.6,5,34.47,2,2022-07-17T21:05:06+00:00,False,False
2022-07-18 00:00:00+00:00,Ignar,SUP,Immortals,2022-07-23T21:10:04+00:00,10.746,0.4,2,5,26.2,5,12.33,2,2022-07-17T22:08:24+00:00,False,False
2022-07-18 00:00:00+00:00,Impact,TOP,Evil Geniuses,2022-07-23T20:43:00+00:00,18.854,3.6,3,6.2,263.8,5,43.86,2,2022-07-17T21:05:06+00:00,False,False
2022-07-18 00:00:00+00:00,Inspired,JGL,Evil Geniuses,2022-07-23T20:43:00+00:00,15.288,4,1.8,5.8,199,5,27.37,2,2022-07-17T21:05:06+00:00,False,False
2022-07-18 00:00:00+00:00,Instinct,BOT,TSM,2022-07-23T22:22:30+00:00,16.112,4,1.6,3.8,307.6,5,6.23,2,2022-07-17T18:45:20+00:00,False,False
2022-07-18 00:00:00+00:00,Jensen,MID,Cloud9,2022-07-23T23:20:40+00:00,13.9,2.6,1.8,5.2,306.2,5,45.37,2,2022-07-17T22:08:24+00:00,False,False
2022-07-18 00:00:00+00:00,Johnsun,BOT,FlyQuest,2022-07-24T00:21:43+00:00,18.73,3.8,2,4.6,267,5,32.42,2,2022-07-17T18:45:20+00:00,False,False
2022-07-18 00:00:00+00:00,Jojopyun,MID,Evil Geniuses,2022-07-23T20:43:00+00:00,20.62,2.6,1.4,9,279.4,5,25.89,2,2022-07-17T21:05:06+00:00,False,False
2022-07-18 00:00:00+00:00,Josedeodo,JGL,FlyQuest,2022-07-24T00:21:43+00:00,11.904,1.8,1.6,5.2,192,5,29.24,2,2022-07-17T18:45:20+00:00,False,False
2022-07-18 00:00:00+00:00,Kenvi,JGL,Immortals,2022-07-23T21:10:04+00:00,4.968,1.2,3.4,3.4,172,5,24.22,2,2022-07-17T22:08:24+00:00,False,False
2022-07-18 00:00:00+00:00,Licorice,TOP,Golden Guardians,2022-07-24T00:21:43+00:00,16.834,3.4,3,5.8,243.6,5,23.98,2,2022-07-17T23:17:22+00:00,False,False
2022-07-18 00:00:00+00:00,Lost,BOT,Immortals,2022-07-23T21:10:04+00:00,6.928,1.6,2.6,2.8,304,5,27.15,2,2022-07-17T22:08:24+00:00,False,False
2022-07-18 00:00:00+00:00,Luger,BOT,Counter Logic Gaming,2022-07-23T20:43:00+00:00,11.318,2.8,3,4.8,243.2,5,22.59,2,2022-07-17T20:09:20+00:00,False,False
2022-07-18 00:00:00+00:00,Maple,MID,TSM,2022-07-23T22:22:30+00:00,12.196,1.6,3,4.4,288.2,5,10.75,2,2022-07-17T18:45:20+00:00,False,False
2022-07-18 00:00:00+00:00,Olleh,SUP,Golden Guardians,2022-07-24T00:21:43+00:00,15.164,1.2,1.4,7.2,113.2,5,13.11,2,2022-07-17T23:17:22+00:00,False,False
2022-07-18 00:00:00+00:00,Palafox,MID,Counter Logic Gaming,2022-07-23T20:43:00+00:00,8.852,2.2,3,3.4,254.2,5,26.33,2,2022-07-17T20:09:20+00:00,False,False
2022-07-18 00:00:00+00:00,Philip,TOP,FlyQuest,2022-07-24T00:21:43+00:00,12.614,2,2.2,3.6,241.4,5,33.62,2,2022-07-17T18:45:20+00:00,False,False
2022-07-18 00:00:00+00:00,Poome,SUP,Counter Logic Gaming,2022-07-23T20:43:00+00:00,8.89,1,3.6,5.2,61.8,5,17.62,2,2022-07-17T20:09:20+00:00,False,False
2022-07-18 00:00:00+00:00,PowerOfEvil,MID,Immortals,2022-07-23T21:10:04+00:00,15.558,2.2,1.2,3,311.4,5,27.46,2,2022-07-17T22:08:24+00:00,False,False
2022-07-18 00:00:00+00:00,Pridestalkr,JGL,Golden Guardians,2022-07-24T00:21:43+00:00,9.784,2,2.6,6,187.4,5,4.77,2,2022-07-17T23:17:22+00:00,False,False
2022-07-18 00:00:00+00:00,Revenge,TOP,Immortals,2022-07-23T21:10:04+00:00,8.106,1.2,2.8,2.4,262.2,5,38.45,2,2022-07-17T22:08:24+00:00,False,False
2022-07-18 00:00:00+00:00,River,JGL,Dignitas,2022-07-23T23:20:40+00:00,11.488,2.6,3.2,6,173.8,5,7.2,2,2022-07-17T23:17:22+00:00,False,False
2022-07-18 00:00:00+00:00,Santorin,JGL,Team Liquid,2022-07-23T21:10:04+00:00,12.26,1.8,2.2,8,160.8,5,15.34,2,2022-07-17T21:05:06+00:00,False,False
2022-07-18 00:00:00+00:00,Spawn,BOT,Dignitas,2022-07-23T23:20:40+00:00,13.4315,2.98,2.04,4.54,266.02,0,16.03,2,,False,False
2022-07-18 00:00:00+00:00,Spica,JGL,TSM,2022-07-23T22:22:30+00:00,9.106,2.2,2.6,3.8,185.4,5,2.74,2,2022-07-17T18:45:20+00:00,False,False
2022-07-18 00:00:00+00:00,Ssumday,TOP,100 Thieves,2022-07-23T22:22:30+00:00,16.352,2.4,1.6,4.8,262.8,5,44.74,2,2022-07-17T20:09:20+00:00,False,False
2022-07-18 00:00:00+00:00,Stixxay,BOT,Golden Guardians,2022-07-24T00:21:43+00:00,14.026,2.4,1.2,6.8,199,5,15.91,2,2022-07-17T23:17:22+00:00,False,False
2022-07-18 00:00:00+00:00,Toucouille,MID,FlyQuest,2022-07-24T00:21:43+00:00,15.364,1.4,1.2,4.6,293.6,5,39.19,2,2022-07-17T18:45:20+00:00,False,False
2022-07-18 00:00:00+00:00,Vulcan,SUP,Evil Geniuses,2022-07-23T20:43:00+00:00,21.728,0.2,1.4,12.8,23,5,25.96,2,2022-07-17T21:05:06+00:00,False,False
2022-07-18 00:00:00+00:00,Zven,SUP,Cloud9,2022-07-23T23:20:40+00:00,16.452,1,2.6,8.6,28,5,20.85,2,2022-07-17T22:08:24+00:00,False,False
2022-07-18 00:00:00+00:00,aphromoo,SUP,FlyQuest,2022-07-24T00:21:43+00:00,12.17,1.4,1.6,5.4,58.4,5,27.02,2,2022-07-17T18:45:20+00:00,False,False
2022-07-18 00:00:00+00:00,huhi,SUP,100 Thieves,2022-07-23T22:22:30+00:00,15.356,0.2,1.4,7.2,107.8,5,29.97,2,2022-07-17T20:09:20+00:00,False,False
2022-07-18 00:00:00+00:00,s0ul,TOP,TSM,2022-07-23T22:22:30+00:00,11.075,1,2.5,5.5,249.5,2,13.18,2,2022-07-17T18:45:20+00:00,False,False
2022-07-25 00:00:00+00:00,Abbedagge,MID,100 Thieves,2022-07-30T21:15:46+00:00,21.204,3.2,0.8,6.2,285.6,5,32.51,2,2022-07-24T21:20:37+00:00,False,False
2022-07-25 00:00:00+00:00,Ablazeolive,MID,Golden Guardians,2022-07-30T23:17:45+00:00,10.066,2.6,3.4,5.4,269,5,10.17,2,2022-07-24T20:14:21+00:00,False,False
2022-07-25 00:00:00+00:00,Berserker,BOT,Cloud9,2022-07-30T20:03:25+00:00,11.642,3,1.8,4.2,305.4,5,76.07,2,2022-07-24T20:14:21+00:00,False,False
2022-07-25 00:00:00+00:00,Biofrost,SUP,Dignitas,2022-07-30T21:15:46+00:00,10.698,0.6,2.2,6.4,20.4,5,21.61,2,2022-07-24T23:08:16+00:00,False,False
2022-07-25 00:00:00+00:00,Bjergsen,MID,Team Liquid,2022-07-30T22:20:23+00:00,22.278,3.8,1.2,7.6,296.2,5,40.27,2,2022-07-24T18:48:33+00:00,False,False
2022-07-25 00:00:00+00:00,Blaber,JGL,Cloud9,2022-07-30T20:03:25+00:00,12.306,2.4,2.6,6.4,222.6,5,35.76,2,2022-07-24T20:14:21+00:00,False,False
2022-07-25 00:00:00+00:00,Blue,MID,Dignitas,2022-07-30T21:15:46+00:00,11.716,2,2,3.2,303.6,5,19.84,2,2022-07-24T23:08:16+00:00,False,False
2022-07-25 00:00:00+00:00,Bwipo,TOP,Team Liquid,2022-07-30T22:20:23+00:00,20.606,4.8,3,4.2,292,5,15.95,2,2022-07-24T18:48:33+00:00,False,False
2022-07-25 00:00:00+00:00,Chime,SUP,TSM,2022-07-30T22:20:23+00:00,11.432,0.6,2,5.6,30.4,5,31.03,2,2022-07-24T22:09:59+00:00,False,False
2022-07-25 00:00:00+00:00,Closer,JGL,100 Thieves,2022-07-30T21:15:46+00:00,11.25,1.8,1.6,6.6,149.6,5,22.14,2,2022-07-24T21:20:37+00:00,False,False
2022-07-25 00:00:00+00:00,Contractz,JGL,Counter Logic Gaming,2022-07-30T23:17:45+00:00,8.938,1.2,2.4,4.4,172.2,5,31.44,2,2022-07-24T18:48:33+00:00,False,False
2022-07-25 00:00:00+00:00,CoreJJ,SUP,Team Liquid,2022-07-30T22:20:23+00:00,16.346,0.8,2.6,9.2,28.6,5,33.8,2,2022-07-24T18:48:33+00:00,False,False
2022-07-25 00:00:00+00:00,Danny,BOT,Evil Geniuses,2022-07-31T00:20:18+00:00,21.366,4,1.6,8,267.4,5,36.37,2,2022-07-24T21:20:37+00:00,False,False
2022-07-25 00:00:00+00:00,Dhokla,TOP,Counter Logic Gaming,2022-07-30T23:17:45+00:00,5.902,1.4,4,2,240.2,5,49.64,2,2022-07-24T18:48:33+00:00,False,False
2022-07-25 00:00:00+00:00,FBI,BOT,100 Thieves,2022-07-30T21:15:46+00:00,18.64,4.4,1.4,5.2,237.4,5,40.56,2,2022-07-24T21:20:37+00:00,False,False
2022-07-25 00:00:00+00:00,Fudge,TOP,Cloud9,2022-07-30T20:03:25+00:00,17,2.8,1.8,5,305.8,5,35.01,2,2022-07-24T20:14:21+00:00,False,False
2022-07-25 00:00:00+00:00,Hans Sama,BOT,Team Liquid,2022-07-30T22:20:23+00:00,15.364,2.4,2,7.4,282.4,5,36.49,2,2022-07-24T18:48:33+00:00,False,False
2022-07-25 00:00:00+00:00,Hoon,TOP,Dignitas,2022-07-30T21:15:46+00:00,14.2903,2.48,2.53,4.35,274.99,0,9.66,2,,False,False
2022-07-25 00:00:00+00:00,Ignar,SUP,Immortals,2022-07-31T00:20:18+00:00,11.62,0.4,2.8,6.8,35.2,5,21.49,2,2022-07-24T22:09:59+00:00,False,False
2022-07-25 00:00:00+00:00,Impact,TOP,Evil Geniuses,2022-07-31T00:20:18+00:00,22.192,3.6,2.6,8,265.4,5,15.39,2,2022-07-24T21:20:37+00:00,False,False
2022-07-25 00:00:00+00:00,Inspired,JGL,Evil Geniuses,2022-07-31T00:20:18+00:00,15.636,3.8,0.8,5.6,189.8,5,41.23,2,2022-07-24T21:20:37+00:00,False,False
2022-07-25 00:00:00+00:00,Instinct,BOT,TSM,2022-07-30T22:20:23+00:00,12.614,2.6,1.4,2.8,277.8,5,17.29,2,2022-07-24T22:09:59+00:00,False,False
2022-07-25 00:00:00+00:00,Jensen,MID,Cloud9,2022-07-30T20:03:25+00:00,14.172,2.8,2,6,313,5,46.05,2,2022-07-24T20:14:21+00:00,False,False
2022-07-25 00:00:00+00:00,Johnsun,BOT,FlyQuest,2022-07-30T20:03:25+00:00,20.272,4,0.8,3.8,330.2,5,11.96,2,2022-07-24T23:08:16+00:00,False,False
2022-07-25 00:00:00+00:00,Jojopyun,MID,Evil Geniuses,2022-07-31T00:20:18+00:00,16.63,2.8,2.2,8.2,255.8,5,31.06,2,2022-07-24T21:20:37+00:00,False,False
2022-07-25 00:00:00+00:00,Josedeodo,JGL,FlyQuest,2022-07-30T20:03:25+00:00,14.074,2.6,1,4.8,180.8,5,9.17,2,2022-07-24T23:08:16+00:00,False,False
2022-07-25 00:00:00+00:00,Kenvi,JGL,Immortals,2022-07-31T00:20:18+00:00,10.196,2.6,2.8,5.2,183.6,5,23.35,2,2022-07-24T22:09:59+00:00,False,False
2022-07-25 00:00:00+00:00,Licorice,TOP,Golden Guardians,2022-07-30T23:17:45+00:00,11.68,3,4.4,4,222,5,1.14,2,2022-07-24T20:14:21+00:00,False,False
2022-07-25 00:00:00+00:00,Lost,BOT,Immortals,2022-07-31T00:20:18+00:00,11.452,2.2,2.2,4.8,318.2,5,11.91,2,2022-07-24T22:09:59+00:00,False,False
2022-07-25 00:00:00+00:00,Luger,BOT,Counter Logic Gaming,2022-07-30T23:17:45+00:00,9.372,2.2,2.8,3.6,246.6,5,34.15,2,2022-07-24T18:48:33+00:00,False,False
2022-07-25 00:00:00+00:00,Maple,MID,TSM,2022-07-30T22:20:23+00:00,10.952,1.6,3,4.4,262.6,5,20.41,2,2022-07-24T22:09:59+00:00,False,False
2022-07-25 00:00:00+00:00,Olleh,SUP,Golden Guardians,2022-07-30T23:17:45+00:00,8.658,1,2.6,5.8,64.4,5,22.89,2,2022-07-24T20:14:21+00:00,False,False
2022-07-25 00:00:00+00:00,Palafox,MID,Counter Logic Gaming,2022-07-30T23:17:45+00:00,10.144,2.4,2.6,2.6,244.8,5,41.42,2,2022-07-24T18:48:33+00:00,False,False
2022-07-25 00:00:00+00:00,Philip,TOP,FlyQuest,2022-07-30T20:03:25+00:00,15.774,1.4,1.4,5.2,264.8,5,27.07,2,2022-07-24T23:08:16+00:00,False,False
2022-07-25 00:00:00+00:00,Poome,SUP,Counter Logic Gaming,2022-07-30T23:17:45+00:00,9.488,1,3.8,5.2,33.8,5,41.79,2,2022-07-24T18:48:33+00:00,False,False
2022-07-25 00:00:00+00:00,PowerOfEvil,MID,Immortals,2022-07-31T00:20:18+00:00,16.494,2.8,1.6,4.8,305.8,5,26.33,2,2022-07-24T22:09:59+00:00,False,False
2022-07-25 00:00:00+00:00,Revenge,TOP,Immortals,2022-07-31T00:20:18+00:00,14.606,2.4,2.4,4.4,282,5,32.61,2,2022-07-24T22:09:59+00:00,False,False
2022-07-25 00:00:00+00:00,River,JGL,Golden Guardians,2022-07-30T23:17:45+00:00,7.586,2.2,3.4,4.4,178.6,5,7.85,2,2022-07-24T23:08:16+00:00,False,False
2022-07-25 00:00:00+00:00,Santorin,JGL,Team Liquid,2022-07-30T22:20:23+00:00,11.274,1.8,2.8,7.8,157.8,5,22.2,2,2022-07-24T18:48:33+00:00,False,False
2022-07-25 00:00:00+00:00,Solo,TOP,TSM,2022-07-30T22:20:23+00:00,10.588,1.8,4.4,5.6,249.2,5,21.72,2,2021-07-04T19:26:20+00:00,False,False
2022-07-25 00:00:00+00:00,Spawn,BOT,Dignitas,2022-07-30T21:15:46+00:00,8.015,2,1.5,1,368,2,16.58,2,2022-07-24T23:08:16+00:00,False,False
2022-07-25 00:00:00+00:00,Spica,JGL,TSM,2022-07-30T22:20:23+00:00,8.156,2,2.6,3.8,176.4,5,29.44,2,2022-07-24T22:09:59+00:00,False,False
2022-07-25 00:00:00+00:00,Ssumday,TOP,100 Thieves,2022-07-30T21:15:46+00:00,20.614,3.2,1.4,6.2,266.2,5,38.46,2,2022-07-24T21:20:37+00:00,False,False
2022-07-25 00:00:00+00:00,Stixxay,BOT,Golden Guardians,2022-07-30T23:17:45+00:00,10.402,2.8,2.2,4.2,227.2,5,25.4,2,2022-07-24T20:14:21+00:00,False,False
2022-07-25 00:00:00+00:00,Toucouille,MID,FlyQuest,2022-07-30T20:03:25+00:00,16.514,1.2,1.2,6,292.8,5,6.34,2,2022-07-24T23:08:16+00:00,False,False
2022-07-25 00:00:00+00:00,Vulcan,SUP,Evil Geniuses,2022-07-31T00:20:18+00:00,17.798,1,1.8,10.2,55.6,5,31.15,2,2022-07-24T21:20:37+00:00,False,False
2022-07-25 00:00:00+00:00,Zven,SUP,Cloud9,2022-07-30T20:03:25+00:00,10.542,1,3.8,6.8,29.8,5,39.09,2,2022-07-24T20:14:21+00:00,False,False
2022-07-25 00:00:00+00:00,aphromoo,SUP,FlyQuest,2022-07-30T20:03:25+00:00,14.172,2,1,5.8,26.8,5,8.66,2,2022-07-24T23:08:16+00:00,False,False
2022-07-25 00:00:00+00:00,eXyu,JGL,Dignitas,2022-07-30T21:15:46+00:00,11.265,2.5,3,6.5,146,2,3.22,2,2022-01-16T00:14:51+00:00,False,False
2022-07-25 00:00:00+00:00,huhi,SUP,100 Thieves,2022-07-30T21:15:46+00:00,16.568,0.2,1.2,8.8,69.4,5,19.93,2,2022-07-24T21:20:37+00:00,False,False
2022-08-01 00:00:00+00:00,Abbedagge,MID,100 Thieves,2022-08-06T20:08:43+00:00,21.088,2.8,1,7,289.2,5,45.32,2,2022-07-31T22:07:41+00:00,False,False
2022-08-01 00:00:00+00:00,Berserker,BOT,Cloud9,2022-08-06T23:11:46+00:00,23.002,5,1.2,5.8,303,5,13.01,2,2022-07-31T20:58:06+00:00,False,False
2022-08-01 00:00:00+00:00,Biofrost,SUP,Dignitas,2022-08-07T00:14:25+00:00,9.58,1.4,1.8,3.6,32.4,5,19.25,2,2022-07-31T23:04:53+00:00,False,False
2022-08-01 00:00:00+00:00,Bjergsen,MID,Team Liquid,2022-08-06T22:08:36+00:00,16.586,2.6,1,5.4,306.8,5,41.36,2,2022-07-31T20:58:06+00:00,False,False
2022-08-01 00:00:00+00:00,Blaber,JGL,Cloud9,2022-08-06T23:11:46+00:00,14.666,2.6,3,8.4,237,5,5.73,2,2022-07-31T20:58:06+00:00,False,False
2022-08-01 00:00:00+00:00,Blue,MID,Dignitas,2022-08-07T00:14:25+00:00,8.686,1.4,2.2,2.4,315.6,5,27.98,2,2022-07-31T23:04:53+00:00,False,False
2022-08-01 00:00:00+00:00,Bwipo,TOP,Team Liquid,2022-08-06T22:08:36+00:00,14.244,3.2,4.2,2.8,297,5,56.7,2,2022-07-31T20:58:06+00:00,False,False
2022-08-01 00:00:00+00:00,Chime,SUP,TSM,2022-08-06T21:10:24+00:00,14.052,1.2,1.4,6,31.2,5,29.37,2,2022-07-31T19:14:01+00:00,False,False
2022-08-01 00:00:00+00:00,Closer,JGL,100 Thieves,2022-08-06T20:08:43+00:00,12.81,1.6,1,6.8,171.4,5,46.18,2,2022-07-31T22:07:41+00:00,False,False
2022-08-01 00:00:00+00:00,Contractz,JGL,Counter Logic Gaming,2022-08-06T23:11:46+00:00,12.728,2.6,2.2,5.8,176.8,5,31.83,2,2022-07-31T23:04:53+00:00,False,False
2022-08-01 00:00:00+00:00,CoreJJ,SUP,Team Liquid,2022-08-06T22:08:36+00:00,13.798,0.8,2.8,7.2,31.6,5,46.13,2,2022-07-31T20:58:06+00:00,False,False
2022-08-01 00:00:00+00:00,Danny,BOT,Evil Geniuses,2022-08-06T21:10:24+00:00,21.134,5,1.4,5.4,298.6,5,30.36,2,2022-07-31T20:05:47+00:00,False,False
2022-08-01 00:00:00+00:00,Dhokla,TOP,Counter Logic Gaming,2022-08-06T23:11:46+00:00,12.26,2.6,3,3.8,265,5,33.13,2,2022-07-31T23:04:53+00:00,False,False
2022-08-01 00:00:00+00:00,FBI,BOT,100 Thieves,2022-08-06T20:08:43+00:00,21.466,4.8,1,5.2,322.4,5,65.82,2,2022-07-31T22:07:41+00:00,False,False
2022-08-01 00:00:00+00:00,Fudge,TOP,Cloud9,2022-08-06T23:11:46+00:00,14.886,2.4,2.4,6.4,281.2,5,22.85,2,2022-07-31T20:58:06+00:00,False,False
2022-08-01 00:00:00+00:00,Hans Sama,BOT,Team Liquid,2022-08-06T22:08:36+00:00,14.698,1.8,2,6.4,305.2,5,27.66,2,2022-07-31T20:58:06+00:00,False,False
2022-08-01 00:00:00+00:00,Hoon,TOP,Dignitas,2022-08-07T00:14:25+00:00,4.83,0,4.5,3.5,280,2,17.52,2,2022-07-31T23:04:53+00:00,False,False
2022-08-01 00:00:00+00:00,Ignar,SUP,Immortals,2022-08-07T00:14:25+00:00,10.776,0.2,2.6,7,32.8,5,20.65,2,2022-07-31T22:07:41+00:00,False,False
2022-08-01 00:00:00+00:00,Impact,TOP,Evil Geniuses,2022-08-06T21:10:24+00:00,15.342,1.6,3.2,8,251.6,5,28.09,2,2022-07-31T20:05:47+00:00,False,False
2022-08-01 00:00:00+00:00,Inspired,JGL,Evil Geniuses,2022-08-06T21:10:24+00:00,16.508,4.6,1,5.4,198.6,5,15.08,2,2022-07-31T20:05:47+00:00,False,False
2022-08-01 00:00:00+00:00,Instinct,BOT,TSM,2022-08-06T21:10:24+00:00,12.824,2.8,2.2,3.4,268.8,5,37.21,2,2022-07-31T19:14:01+00:00,False,False
2022-08-01 00:00:00+00:00,Jensen,MID,Cloud9,2022-08-06T23:11:46+00:00,19.772,3.4,1.6,7.6,322.8,5,10.91,2,2022-07-31T20:58:06+00:00,False,False
2022-08-01 00:00:00+00:00,Johnsun,BOT,FlyQuest,2022-08-06T22:08:36+00:00,10.458,2,1.8,2.6,315.2,5,27.34,2,2022-07-31T20:05:47+00:00,False,False
2022-08-01 00:00:00+00:00,Jojopyun,MID,Evil Geniuses,2022-08-06T21:10:24+00:00,15.484,3.8,2.8,7,269.4,5,11.61,2,2022-07-31T20:05:47+00:00,False,False
2022-08-01 00:00:00+00:00,Josedeodo,JGL,FlyQuest,2022-08-06T22:08:36+00:00,7.81,1.8,2.2,3.6,162.8,5,16.14,2,2022-07-31T20:05:47+00:00,False,False
2022-08-01 00:00:00+00:00,Kenvi,JGL,Immortals,2022-08-07T00:14:25+00:00,12.47,2.8,2.2,6,200.8,5,21.68,2,2022-07-31T22:07:41+00:00,False,False
2022-08-01 00:00:00+00:00,LIDER,MID,Golden Guardians,2022-08-06T20:08:43+00:00,14.9729,2.57,1.95,5,290.29,0,11.59,2,,False,False
2022-08-01 00:00:00+00:00,Licorice,TOP,Golden Guardians,2022-08-06T20:08:43+00:00,8.284,2.2,4,2,242.4,5,23.42,2,2022-07-31T19:14:01+00:00,False,False
2022-08-01 00:00:00+00:00,Lost,BOT,Immortals,2022-08-07T00:14:25+00:00,11.62,2.2,1.8,4.4,341.4,5,24.4,2,2022-07-31T22:07:41+00:00,False,False
2022-08-01 00:00:00+00:00,Luger,BOT,Counter Logic Gaming,2022-08-06T23:11:46+00:00,11.846,2.8,2.2,4.4,266.8,5,36.92,2,2022-07-31T23:04:53+00:00,False,False
2022-08-01 00:00:00+00:00,Maple,MID,TSM,2022-08-06T21:10:24+00:00,10.852,1.8,1.6,4,252.6,5,27.56,2,2022-07-31T19:14:01+00:00,False,False
2022-08-01 00:00:00+00:00,Palafox,MID,Counter Logic Gaming,2022-08-06T23:11:46+00:00,14.142,3.8,3,4.6,241,5,40.22,2,2022-07-31T23:04:53+00:00,False,False
2022-08-01 00:00:00+00:00,Philip,TOP,FlyQuest,2022-08-06T22:08:36+00:00,13.002,1.6,3.2,3.8,252,5,16.64,2,2022-07-31T20:05:47+00:00,False,False
2022-08-01 00:00:00+00:00,Poome,SUP,Counter Logic Gaming,2022-08-06T23:11:46+00:00,12.616,1,3.6,8,26,5,38.17,2,2022-07-31T23:04:53+00:00,False,False
2022-08-01 00:00:00+00:00,PowerOfEvil,MID,Immortals,2022-08-07T00:14:25+00:00,17.484,3,2,5.6,318.2,5,40.75,2,2022-07-31T22:07:41+00:00,False,False
2022-08-01 00:00:00+00:00,Prismal,SUP,Golden Guardians,2022-08-06T20:08:43+00:00,4.22,1,2,3,172,1,16.6,2,2022-03-27T20:08:54+00:00,False,False
2022-08-01 00:00:00+00:00,Revenge,TOP,Immortals,2022-08-07T00:14:25+00:00,16.162,3,2.8,4.4,325,5,12.42,2,2022-07-31T22:07:41+00:00,False,False
2022-08-01 00:00:00+00:00,River,JGL,Golden Guardians,2022-08-06T20:08:43+00:00,4.11,1.2,4.2,3.6,171,5,19.43,2,2022-07-31T19:14:01+00:00,False,False
2022-08-01 00:00:00+00:00,Santorin,JGL,Team Liquid,2022-08-06T22:08:36+00:00,9.034,1.8,2.6,4.8,177.6,5,40.21,2,2022-07-31T20:58:06+00:00,False,False
2022-08-01 00:00:00+00:00,Solo,TOP,TSM,2022-08-06T21:10:24+00:00,11.588,1.8,2.6,5.4,249.4,5,20.49,2,2022-07-31T19:14:01+00:00,False,False
2022-08-01 00:00:00+00:00,Spawn,BOT,Dignitas,2022-08-07T00:14:25+00:00,8.1525,1.75,2.5,2.5,336,4,37.99,2,2022-07-31T23:04:53+00:00,False,False
2022-08-01 00:00:00+00:00,Spica,JGL,TSM,2022-08-06T21:10:24+00:00,11.438,2,1.2,4.8,171,5,23.01,2,2022-07-31T19:14:01+00:00,False,False
2022-08-01 00:00:00+00:00,Ssumday,TOP,100 Thieves,2022-08-06T20:08:43+00:00,20.516,3.8,1,5.6,278.4,5,35.47,2,2022-07-31T22:07:41+00:00,False,False
2022-08-01 00:00:00+00:00,Stixxay,BOT,Golden Guardians,2022-08-06T20:08:43+00:00,13.482,3.6,2,3.8,245,5,11.22,2,2022-07-31T19:14:01+00:00,False,False
2022-08-01 00:00:00+00:00,Toucouille,MID,FlyQuest,2022-08-06T22:08:36+00:00,11.098,1.4,2.2,3.6,271.2,5,40.08,2,2022-07-31T20:05:47+00:00,False,False
2022-08-01 00:00:00+00:00,Vulcan,SUP,Evil Geniuses,2022-08-06T21:10:24+00:00,16.864,0.8,1.2,9.4,53.6,5,36.53,2,2022-07-31T20:05:47+00:00,False,False
2022-08-01 00:00:00+00:00,Zven,SUP,Cloud9,2022-08-06T23:11:46+00:00,14.102,1.2,2.6,8,30.2,5,13.18,2,2022-07-31T20:58:06+00:00,False,False
2022-08-01 00:00:00+00:00,aphromoo,SUP,FlyQuest,2022-08-06T22:08:36+00:00,6.97,1.4,1.8,3.4,27.4,5,21.05,2,2022-07-31T20:05:47+00:00,False,False
2022-08-01 00:00:00+00:00,eXyu,JGL,Dignitas,2022-08-07T00:14:25+00:00,6.4375,2.25,3.75,4,148.75,4,16.28,2,2022-07-31T23:04:53+00:00,False,False
2022-08-01 00:00:00+00:00,huhi,SUP,100 Thieves,2022-08-06T20:08:43+00:00,15.056,0.6,0.8,7.8,34.6,5,59.49,2,2022-07-31T22:07:41+00:00,False,False
2022-08-08 00:00:00+00:00,Abbedagge,MID,100 Thieves,2022-08-12T23:02:43+00:00,22.218,3.4,1.6,8.4,303.8,5,35.98,3,2022-08-07T20:30:22+00:00,False,False
2022-08-08 00:00:00+00:00,Ablazeolive,MID,Golden Guardians,2022-08-12T22:11:09+00:00,8.454,1.6,3,5.2,253,5,32.09,3,2022-07-31T19:14:01+00:00,False,False
2022-08-08 00:00:00+00:00,Berserker,BOT,Cloud9,2022-08-13T01:21:45+00:00,20.836,4.2,1.8,5.6,300.8,5,65.46,3,2022-08-07T20:30:22+00:00,False,False
2022-08-08 00:00:00+00:00,Biofrost,SUP,Dignitas,2022-08-12T20:55:46+00:00,8.368,0.8,2,3.8,41.6,5,36.62,3,2022-08-07T23:21:33+00:00,False,False
2022-08-08 00:00:00+00:00,Bjergsen,MID,Team Liquid,2022-08-12T20:55:46+00:00,17.098,3.4,1,4,286,5,52.11,3,2022-08-07T21:33:52+00:00,False,False
2022-08-08 00:00:00+00:00,Blaber,JGL,Cloud9,2022-08-13T01:21:45+00:00,12.036,2.2,4,8,207.4,5,48.92,3,2022-08-07T20:30:22+00:00,False,False
2022-08-08 00:00:00+00:00,Blue,MID,Dignitas,2022-08-12T20:55:46+00:00,12.276,2.8,2,2,304.6,5,40.49,3,2022-08-07T23:21:33+00:00,False,False
2022-08-08 00:00:00+00:00,Bwipo,TOP,Team Liquid,2022-08-12T20:55:46+00:00,17.634,3.6,3,4.2,281.6,5,41.26,3,2022-08-07T21:33:52+00:00,False,False
2022-08-08 00:00:00+00:00,Chime,SUP,TSM,2022-08-13T00:09:24+00:00,12.704,1,2,6.4,29.8,5,50.91,3,2022-08-07T23:21:33+00:00,False,False
2022-08-08 00:00:00+00:00,Closer,JGL,100 Thieves,2022-08-12T23:02:43+00:00,15.872,3.6,1.4,6.8,181.4,5,35.89,3,2022-08-07T20:30:22+00:00,False,False
2022-08-08 00:00:00+00:00,Contractz,JGL,Counter Logic Gaming,2022-08-13T00:09:24+00:00,16.362,4,2.2,7.4,195.4,5,22.45,3,2022-08-07T19:11:45+00:00,False,False
2022-08-08 00:00:00+00:00,CoreJJ,SUP,Team Liquid,2022-08-12T20:55:46+00:00,16.662,0.6,1.6,8.6,30,5,55.81,3,2022-08-07T21:33:52+00:00,False,False
2022-08-08 00:00:00+00:00,Danny,BOT,Evil Geniuses,2022-08-12T22:11:09+00:00,14.738,3.2,1.6,3.6,329,5,79.53,3,2022-08-07T21:33:52+00:00,False,False
2022-08-08 00:00:00+00:00,Dhokla,TOP,Counter Logic Gaming,2022-08-13T00:09:24+00:00,18.672,3.2,2,6.2,348.4,5,21.68,3,2022-08-07T19:11:45+00:00,False,False
2022-08-08 00:00:00+00:00,FBI,BOT,100 Thieves,2022-08-12T23:02:43+00:00,24.396,6,1.4,6.6,342.2,5,48.32,3,2022-08-07T20:30:22+00:00,False,False
2022-08-08 00:00:00+00:00,Fudge,TOP,Cloud9,2022-08-13T01:21:45+00:00,15.174,3,3.2,5.8,275.2,5,59.24,3,2022-08-07T20:30:22+00:00,False,False
2022-08-08 00:00:00+00:00,Hans Sama,BOT,Team Liquid,2022-08-12T20:55:46+00:00,14.416,2,1.4,5.8,290.8,5,61.86,3,2022-08-07T21:33:52+00:00,False,False
2022-08-08 00:00:00+00:00,Hoon,TOP,Dignitas,2022-08-12T20:55:46+00:00,6.795,0.25,4,4.5,265.5,4,32.27,3,2022-08-07T23:21:33+00:00,False,False
2022-08-08 00:00:00+00:00,Ignar,SUP,Immortals,2022-08-13T01:21:45+00:00,10.13,0,2,6.6,27.2,5,13.72,3,2022-08-07T22:24:47+00:00,False,False
2022-08-08 00:00:00+00:00,Impact,TOP,Evil Geniuses,2022-08-12T22:11:09+00:00,10.888,1.6,4,5.4,234.2,5,44.48,3,2022-08-07T21:33:52+00:00,False,False
2022-08-08 00:00:00+00:00,Inspired,JGL,Evil Geniuses,2022-08-12T22:11:09+00:00,11.652,3,2,4.8,191,5,54.09,3,2022-08-07T21:33:52+00:00,False,False
2022-08-08 00:00:00+00:00,Instinct,BOT,TSM,2022-08-13T00:09:24+00:00,11.802,2.4,2.4,4.6,282.8,5,44.67,3,2022-08-07T23:21:33+00:00,False,False
2022-08-08 00:00:00+00:00,Jensen,MID,Cloud9,2022-08-13T01:21:45+00:00,17.444,3.2,2.2,7,296.6,5,81.8,3,2022-08-07T20:30:22+00:00,False,False
2022-08-08 00:00:00+00:00,Johnsun,BOT,FlyQuest,2022-08-12T23:02:43+00:00,12.256,2.8,2.4,3.8,344.8,5,91.4,3,2022-08-07T19:11:45+00:00,False,False
2022-08-08 00:00:00+00:00,Jojopyun,MID,Evil Geniuses,2022-08-12T22:11:09+00:00,9.944,4,3.6,3,267.4,5,53.72,3,2022-08-07T21:33:52+00:00,False,False
2022-08-08 00:00:00+00:00,Josedeodo,JGL,FlyQuest,2022-08-12T23:02:43+00:00,6.928,0.8,2.4,5.2,172.4,5,45.06,3,2022-08-07T19:11:45+00:00,False,False
2022-08-08 00:00:00+00:00,Kenvi,JGL,Immortals,2022-08-13T01:21:45+00:00,13.062,2.4,1.4,5.6,190.4,5,11.45,3,2022-08-07T22:24:47+00:00,False,False
2022-08-08 00:00:00+00:00,Licorice,TOP,Golden Guardians,2022-08-12T22:11:09+00:00,7.608,1,3.4,2.6,257,5,29.52,3,2022-08-07T22:24:47+00:00,False,False
2022-08-08 00:00:00+00:00,Lost,BOT,Immortals,2022-08-13T01:21:45+00:00,11.208,2.4,1.6,3.2,327.6,5,12.52,3,2022-08-07T22:24:47+00:00,False,False
2022-08-08 00:00:00+00:00,Luger,BOT,Counter Logic Gaming,2022-08-13T00:09:24+00:00,18.608,4.8,1.8,6,317.4,5,47.37,3,2022-08-07T19:11:45+00:00,False,False
2022-08-08 00:00:00+00:00,Maple,MID,TSM,2022-08-13T00:09:24+00:00,10.504,2.6,1.4,3.6,253.2,5,44.75,3,2022-08-07T23:21:33+00:00,False,False
2022-08-08 00:00:00+00:00,Olleh,SUP,Golden Guardians,2022-08-12T22:11:09+00:00,10.366,1.2,3.2,6.2,54.6,5,42.58,3,2022-07-31T19:14:01+00:00,False,False
2022-08-08 00:00:00+00:00,Palafox,MID,Counter Logic Gaming,2022-08-13T00:09:24+00:00,22.006,5.4,2.8,7,306.8,5,41.04,3,2022-08-07T19:11:45+00:00,False,False
2022-08-08 00:00:00+00:00,Philip,TOP,FlyQuest,2022-08-12T23:02:43+00:00,13.24,1.8,4,4.6,288.4,5,50.38,3,2022-08-07T19:11:45+00:00,False,False
2022-08-08 00:00:00+00:00,Poome,SUP,Counter Logic Gaming,2022-08-13T00:09:24+00:00,18.608,1.2,2.4,11.6,22.2,5,31.81,3,2022-08-07T19:11:45+00:00,False,False
2022-08-08 00:00:00+00:00,PowerOfEvil,MID,Immortals,2022-08-13T01:21:45+00:00,15.716,2.6,2,4.4,315.8,5,17.7,3,2022-08-07T22:24:47+00:00,False,False
2022-08-08 00:00:00+00:00,Revenge,TOP,Immortals,2022-08-13T01:21:45+00:00,14.224,2.6,3,3.8,329.8,5,16.8,3,2022-08-07T22:24:47+00:00,False,False
2022-08-08 00:00:00+00:00,River,JGL,Golden Guardians,2022-08-12T22:11:09+00:00,6.342,1.6,3.6,4.2,163.8,5,15.64,3,2022-08-07T22:24:47+00:00,False,False
2022-08-08 00:00:00+00:00,Santorin,JGL,Team Liquid,2022-08-12T20:55:46+00:00,12.966,2.8,2,5.6,162.6,5,46.28,3,2022-08-07T21:33:52+00:00,False,False
2022-08-08 00:00:00+00:00,Solo,TOP,TSM,2022-08-13T00:09:24+00:00,9.762,1.2,2.8,4.6,241.2,5,42.29,3,2022-08-07T23:21:33+00:00,False,False
2022-08-08 00:00:00+00:00,Spawn,BOT,Dignitas,2022-08-12T20:55:46+00:00,11.296,1.8,2,3.4,331.6,5,26.05,3,2022-08-07T23:21:33+00:00,False,False
2022-08-08 00:00:00+00:00,Spica,JGL,TSM,2022-08-13T00:09:24+00:00,10.936,2.2,2.2,5.2,164.4,5,39.98,3,2022-08-07T23:21:33+00:00,False,False
2022-08-08 00:00:00+00:00,Ssumday,TOP,100 Thieves,2022-08-12T23:02:43+00:00,19.198,3.4,1.4,6.8,304,5,41.8,3,2022-08-07T20:30:22+00:00,False,False
2022-08-08 00:00:00+00:00,Stixxay,BOT,Golden Guardians,2022-08-12T22:11:09+00:00,9.556,3.2,3.4,2.4,252.4,5,47.57,3,2022-08-07T22:24:47+00:00,False,False
2022-08-08 00:00:00+00:00,Toucouille,MID,FlyQuest,2022-08-12T23:02:43+00:00,11.826,3.4,2.4,3.6,268.2,5,58.39,3,2022-08-07T19:11:45+00:00,False,False
2022-08-08 00:00:00+00:00,Vulcan,SUP,Evil Geniuses,2022-08-12T22:11:09+00:00,15.55,0.6,1,7.8,35.2,5,65.16,3,2022-08-07T21:33:52+00:00,False,False
2022-08-08 00:00:00+00:00,Zven,SUP,Cloud9,2022-08-13T01:21:45+00:00,11.97,0.6,3.2,7.8,30.4,5,69.07,3,2022-08-07T20:30:22+00:00,False,False
2022-08-08 00:00:00+00:00,aphromoo,SUP,FlyQuest,2022-08-12T23:02:43+00:00,8.756,1,3,5.6,27.6,5,47.58,3,2022-08-07T19:11:45+00:00,False,False
2022-08-08 00:00:00+00:00,eXyu,JGL,Dignitas,2022-08-12T20:55:46+00:00,7.838,2.2,3.2,4.8,170,5,18.31,3,2022-08-07T23:21:33+00:00,False,False
2022-08-08 00:00:00+00:00,huhi,SUP,100 Thieves,2022-08-12T23:02:43+00:00,19.182,0.4,1.4,12.2,25.2,5,55.69,3,2022-08-07T20:30:22+00:00,False,False
2022-08-15 00:00:00+00:00,Berserker,BOT,Cloud9,2022-08-15T00:39:30+00:00,15.694,4,3.2,5.8,323.2,5,105.2,6,2022-08-14T20:14:20+00:00,False,False
2022-08-15 00:00:00+00:00,Bjergsen,MID,Team Liquid,2022-08-20T19:32:26+00:00,18.694,3.6,1.2,5.2,288.8,5,90.94,4,2022-08-14T22:26:09+00:00,False,False
2022-08-15 00:00:00+00:00,Blaber,JGL,Cloud9,2022-08-15T00:39:30+00:00,10.93,1.6,3.2,7.6,212.2,5,80.26,6,2022-08-14T20:14:20+00:00,False,False
2022-08-15 00:00:00+00:00,Bwipo,TOP,Team Liquid,2022-08-20T19:32:26+00:00,19.592,4.2,2.2,4.6,266.8,5,68.99,4,2022-08-14T22:26:09+00:00,False,False
2022-08-15 00:00:00+00:00,Contractz,JGL,Counter Logic Gaming,2022-08-21T19:33:00+00:00,10.856,2.6,3.4,6,188.6,5,58.2,5,2022-08-14T19:03:22+00:00,False,False
2022-08-15 00:00:00+00:00,CoreJJ,SUP,Team Liquid,2022-08-20T19:32:26+00:00,20.388,0.8,2.6,11.6,32,5,76.18,4,2022-08-14T22:26:09+00:00,False,False
2022-08-15 00:00:00+00:00,Dhokla,TOP,Counter Logic Gaming,2022-08-21T19:33:00+00:00,10.962,1.8,3.2,4.8,318.4,5,74.76,5,2022-08-14T19:03:22+00:00,False,False
2022-08-15 00:00:00+00:00,Fudge,TOP,Cloud9,2022-08-15T00:39:30+00:00,16.418,3,3,6.2,290.6,5,112.97,6,2022-08-14T20:14:20+00:00,False,False
2022-08-15 00:00:00+00:00,Hans Sama,BOT,Team Liquid,2022-08-20T19:32:26+00:00,17.904,3.8,1.4,5.8,321.6,5,99.56,4,2022-08-14T22:26:09+00:00,False,False
2022-08-15 00:00:00+00:00,Jensen,MID,Cloud9,2022-08-15T00:39:30+00:00,18.542,4.8,2.4,5.2,305.2,5,100.81,6,2022-08-14T20:14:20+00:00,False,False
2022-08-15 00:00:00+00:00,Johnsun,BOT,FlyQuest,2022-08-15T00:39:30+00:00,23.748,6.4,2.6,3.6,372,5,44.65,5,2022-08-14T21:24:08+00:00,False,False
2022-08-15 00:00:00+00:00,Josedeodo,JGL,FlyQuest,2022-08-15T00:39:30+00:00,12.24,1.4,2,7.2,196,5,20.81,5,2022-08-14T21:24:08+00:00,False,False
2022-08-15 00:00:00+00:00,Luger,BOT,Counter Logic Gaming,2022-08-21T19:33:00+00:00,16.858,4.4,1.4,3.6,347,5,84.67,5,2022-08-14T19:03:22+00:00,False,False
2022-08-15 00:00:00+00:00,Palafox,MID,Counter Logic Gaming,2022-08-21T19:33:00+00:00,16.252,3.6,2.4,4.8,319.2,5,51.32,5,2022-08-14T19:03:22+00:00,False,False
2022-08-15 00:00:00+00:00,Philip,TOP,FlyQuest,2022-08-15T00:39:30+00:00,13.404,1.8,3.6,6.8,298.2,5,30.53,5,2022-08-14T21:24:08+00:00,False,False
2022-08-15 00:00:00+00:00,Poome,SUP,Counter Logic Gaming,2022-08-21T19:33:00+00:00,13.996,1,2.4,8.2,19.4,5,84.99,5,2022-08-14T19:03:22+00:00,False,False
2022-08-15 00:00:00+00:00,Santorin,JGL,Team Liquid,2022-08-20T19:32:26+00:00,17.298,3.4,1.4,8.6,148.2,5,87.72,4,2022-08-14T22:26:09+00:00,False,False
2022-08-15 00:00:00+00:00,Toucouille,MID,FlyQuest,2022-08-15T00:39:30+00:00,19.694,3,1.2,6.4,298.4,5,53.97,5,2022-08-14T21:24:08+00:00,False,False
2022-08-15 00:00:00+00:00,Zven,SUP,Cloud9,2022-08-15T00:39:30+00:00,16.45,0.4,2.6,10.2,30.6,5,108.5,6,2022-08-14T20:14:20+00:00,False,False
2022-08-15 00:00:00+00:00,aphromoo,SUP,FlyQuest,2022-08-15T00:39:30+00:00,13.726,0.6,3,9,19.2,5,39.5,5,2022-08-14T21:24:08+00:00,False,False
2022-08-22 00:00:00+00:00,Abbedagge,MID,100 Thieves,2022-08-27T18:45:31+00:00,16.26,3.4,2.2,8.2,313.6,5,99.76,5,2022-08-14T22:26:09+00:00,False,False
2022-08-22 00:00:00+00:00,Ablazeolive,MID,Golden Guardians,2022-08-26T18:47:11+00:00,8.452,1.8,3.4,4.8,261.2,5,62.83,5,2022-08-14T23:36:01+00:00,False,False
2022-08-22 00:00:00+00:00,Berserker,BOT,Cloud9,2022-08-28T19:43:29+00:00,16.64,4.8,2,4.4,349,5,86.5,4,2022-08-21T23:47:14+00:00,False,False
2022-08-22 00:00:00+00:00,Bjergsen,MID,Team Liquid,2022-08-27T18:45:31+00:00,19.762,4,2,7.4,270.6,5,75.3,5,2022-08-20T22:33:29+00:00,False,False
2022-08-22 00:00:00+00:00,Blaber,JGL,Cloud9,2022-08-28T19:43:29+00:00,12.552,2,3.2,7.6,209.8,5,53.38,4,2022-08-21T23:47:14+00:00,False,False
2022-08-22 00:00:00+00:00,Bwipo,TOP,Team Liquid,2022-08-27T18:45:31+00:00,15.344,1.8,2.6,6,273,5,84.81,5,2022-08-20T22:33:29+00:00,False,False
2022-08-22 00:00:00+00:00,Chime,SUP,TSM,2022-08-25T19:37:29+00:00,16.056,0.8,3,9.6,29.4,5,90.7,5,2022-08-14T21:24:08+00:00,False,False
2022-08-22 00:00:00+00:00,Closer,JGL,100 Thieves,2022-08-27T18:45:31+00:00,16.414,4,2.2,8,165,5,61.33,5,2022-08-14T22:26:09+00:00,False,False
2022-08-22 00:00:00+00:00,Contractz,JGL,Counter Logic Gaming,2022-08-26T18:47:11+00:00,11.64,1.6,2.6,8.4,184,5,78.64,5,2022-08-21T23:47:14+00:00,False,False
2022-08-22 00:00:00+00:00,CoreJJ,SUP,Team Liquid,2022-08-27T18:45:31+00:00,17.926,1.2,3.4,10.2,35,5,56.94,5,2022-08-20T22:33:29+00:00,False,False
2022-08-22 00:00:00+00:00,Danny,BOT,Evil Geniuses,2022-08-28T19:43:29+00:00,21.978,4.8,1.4,5.8,319,5,47.65,4,2022-08-14T20:14:20+00:00,False,False
2022-08-22 00:00:00+00:00,Dhokla,TOP,Counter Logic Gaming,2022-08-26T18:47:11+00:00,14.952,4.4,3.8,4.2,288.6,5,63.18,5,2022-08-21T23:47:14+00:00,False,False
2022-08-22 00:00:00+00:00,FBI,BOT,100 Thieves,2022-08-27T18:45:31+00:00,22.828,6.4,1.6,7,281.4,5,85.27,5,2022-08-14T22:26:09+00:00,False,False
2022-08-22 00:00:00+00:00,Fudge,TOP,Cloud9,2022-08-28T19:43:29+00:00,17.808,4,3.2,5.4,300.8,5,65.12,4,2022-08-21T23:47:14+00:00,False,False
2022-08-22 00:00:00+00:00,Hans Sama,BOT,Team Liquid,2022-08-27T18:45:31+00:00,24.918,5.4,1,6.6,312,5,71.31,5,2022-08-20T22:33:29+00:00,False,False
2022-08-22 00:00:00+00:00,Impact,TOP,Evil Geniuses,2022-08-28T19:43:29+00:00,14.514,2.8,2.8,6.6,231.4,5,40.5,4,2022-08-14T20:14:20+00:00,False,False
2022-08-22 00:00:00+00:00,Inspired,JGL,Evil Geniuses,2022-08-28T19:43:29+00:00,13.834,2.6,2.2,7.4,189,5,32.05,4,2022-08-14T20:14:20+00:00,False,False
2022-08-22 00:00:00+00:00,Instinct,BOT,TSM,2022-08-25T19:37:29+00:00,16.376,3.6,2.6,6.8,310.2,5,27.67,2,2022-08-14T21:24:08+00:00,False,False
2022-08-22 00:00:00+00:00,Jensen,MID,Cloud9,2022-08-28T19:43:29+00:00,15.024,2,1.8,6.6,294.6,5,62.96,4,2022-08-21T23:47:14+00:00,False,False
2022-08-22 00:00:00+00:00,Johnsun,BOT,FlyQuest,2022-08-25T19:37:29+00:00,8.93,2.4,3,2.6,273,5,89.38,5,2022-08-20T22:33:29+00:00,False,False
2022-08-22 00:00:00+00:00,Jojopyun,MID,Evil Geniuses,2022-08-28T19:43:29+00:00,13.066,3.8,2.2,4.4,284.4,5,59.78,4,2022-08-14T20:14:20+00:00,False,False
2022-08-22 00:00:00+00:00,Josedeodo,JGL,FlyQuest,2022-08-25T19:37:29+00:00,4.162,1,4,4,166.2,5,81.53,5,2022-08-20T22:33:29+00:00,False,False
2022-08-22 00:00:00+00:00,Licorice,TOP,Golden Guardians,2022-08-26T18:47:11+00:00,10.588,1.2,2.6,4.2,266.4,5,63.03,5,2022-08-14T23:36:01+00:00,False,False
2022-08-22 00:00:00+00:00,Luger,BOT,Counter Logic Gaming,2022-08-26T18:47:11+00:00,16.934,4.2,2,4.6,335.2,5,112.64,5,2022-08-21T23:47:14+00:00,False,False
2022-08-22 00:00:00+00:00,Maple,MID,TSM,2022-08-25T19:37:29+00:00,14.462,3,2.4,5.6,287.8,5,75.52,5,2022-08-14T21:24:08+00:00,False,False
2022-08-22 00:00:00+00:00,Olleh,SUP,Golden Guardians,2022-08-26T18:47:11+00:00,13.094,1.2,4,7,58.2,5,73.66,5,2022-08-14T23:36:01+00:00,False,False
2022-08-22 00:00:00+00:00,Palafox,MID,Counter Logic Gaming,2022-08-26T18:47:11+00:00,10.264,3.2,3.4,4.8,299,5,74.12,5,2022-08-21T23:47:14+00:00,False,False
2022-08-22 00:00:00+00:00,Philip,TOP,FlyQuest,2022-08-25T19:37:29+00:00,6.106,1.2,4.4,2.4,234,5,38.19,5,2022-08-20T22:33:29+00:00,False,False
2022-08-22 00:00:00+00:00,Poome,SUP,Counter Logic Gaming,2022-08-26T18:47:11+00:00,16.998,0.4,2,10.4,29.4,5,106.56,5,2022-08-21T23:47:14+00:00,False,False
2022-08-22 00:00:00+00:00,River,JGL,Golden Guardians,2022-08-26T18:47:11+00:00,7.014,1.6,3.4,5.2,164.8,5,56.66,5,2022-08-14T23:36:01+00:00,False,False
2022-08-22 00:00:00+00:00,Santorin,JGL,Team Liquid,2022-08-27T18:45:31+00:00,19.944,2.8,1,9.2,167,5,59.46,5,2022-08-20T22:33:29+00:00,False,False
2022-08-22 00:00:00+00:00,Solo,TOP,TSM,2022-08-25T19:37:29+00:00,12.556,1.4,3,5.8,252.6,5,73.9,5,2022-08-14T21:24:08+00:00,False,False
2022-08-22 00:00:00+00:00,Spica,JGL,TSM,2022-08-25T19:37:29+00:00,12.598,3.8,4,6.2,168.8,5,67.29,5,2022-08-14T21:24:08+00:00,False,False
2022-08-22 00:00:00+00:00,Ssumday,TOP,100 Thieves,2022-08-27T18:45:31+00:00,15.454,1.8,2.2,7.4,308.2,5,82.98,5,2022-08-14T22:26:09+00:00,False,False
2022-08-22 00:00:00+00:00,Stixxay,BOT,Golden Guardians,2022-08-26T18:47:11+00:00,11.758,3.8,3.4,2.6,305.8,5,108.93,5,2022-08-14T23:36:01+00:00,False,False
2022-08-22 00:00:00+00:00,Tactical,BOT,TSM,2022-08-25T21:31:35+00:00,8.774,2.2,2.8,3,263,5,66.04,3,2022-07-03T18:50:40+00:00,False,False
2022-08-22 00:00:00+00:00,Toucouille,MID,FlyQuest,2022-08-25T19:37:29+00:00,10.794,2.2,3.2,3.4,265.2,5,81.78,5,2022-08-20T22:33:29+00:00,False,False
2022-08-22 00:00:00+00:00,Vulcan,SUP,Evil Geniuses,2022-08-28T19:43:29+00:00,20.338,0.6,1,11.4,24.2,5,53.03,4,2022-08-14T20:14:20+00:00,False,False
2022-08-22 00:00:00+00:00,Zven,SUP,Cloud9,2022-08-28T19:43:29+00:00,14.812,1,3.6,9,36,5,78.91,4,2022-08-21T23:47:14+00:00,False,False
2022-08-22 00:00:00+00:00,aphromoo,SUP,FlyQuest,2022-08-25T19:37:29+00:00,7.9,0.4,3.4,5,31.4,5,92.28,5,2022-08-20T22:33:29+00:00,False,False
2022-08-22 00:00:00+00:00,huhi,SUP,100 Thieves,2022-08-27T18:45:31+00:00,23.036,1,1.6,13.6,62.8,5,106.02,5,2022-08-14T22:26:09+00:00,False,False
2022-08-29 00:00:00+00:00,Abbedagge,MID,100 Thieves,2022-09-03T19:16:16+00:00,19.952,5.2,2.2,4.2,234.8,5,81.02,4,2022-08-27T23:11:47+00:00,False,False
2022-08-29 00:00:00+00:00,Berserker,BOT,Cloud9,2022-09-03T19:16:16+00:00,20.916,5.6,1.8,3.8,373.8,5,67.66,4,2022-08-28T22:40:24+00:00,False,False
2022-08-29 00:00:00+00:00,Bjergsen,MID,Team Liquid,2022-09-01T19:27:30+00:00,15.06,2.8,1.8,6.6,231.6,5,148.47,10,2022-08-27T23:11:47+00:00,False,False
2022-08-29 00:00:00+00:00,Blaber,JGL,Cloud9,2022-09-03T19:16:16+00:00,12.648,2.4,2,6.2,206,5,45.86,4,2022-08-28T22:40:24+00:00,False,False
2022-08-29 00:00:00+00:00,Bwipo,TOP,Team Liquid,2022-09-01T19:27:30+00:00,16.962,3.8,3.4,4.8,241.2,5,121.87,10,2022-08-27T23:11:47+00:00,False,False
2022-08-29 00:00:00+00:00,Chime,SUP,TSM,2022-09-02T20:28:02+00:00,18.14,0.8,2.4,10.2,27.6,5,80.83,5,2022-08-25T23:38:28+00:00,False,False
2022-08-29 00:00:00+00:00,Closer,JGL,100 Thieves,2022-09-03T19:16:16+00:00,12.266,1.4,3.6,8.2,152.2,5,37.12,4,2022-08-27T23:11:47+00:00,False,False
2022-08-29 00:00:00+00:00,Contractz,JGL,Counter Logic Gaming,2022-09-01T19:27:30+00:00,15.728,4.2,3.2,7,193.8,5,40.93,5,2022-08-26T23:45:36+00:00,False,False
2022-08-29 00:00:00+00:00,CoreJJ,SUP,Team Liquid,2022-09-01T19:27:30+00:00,11.388,0.2,2.4,8.2,26,5,149.73,10,2022-08-27T23:11:47+00:00,False,False
2022-08-29 00:00:00+00:00,Danny,BOT,Evil Geniuses,2022-09-02T20:28:02+00:00,12.64,3.2,3.2,5,344,5,152.22,10,2022-08-28T22:40:24+00:00,False,False
2022-08-29 00:00:00+00:00,Dhokla,TOP,Counter Logic Gaming,2022-09-01T19:27:30+00:00,12.636,2.4,2.6,5,299.8,5,61.79,5,2022-08-26T23:45:36+00:00,False,False
2022-08-29 00:00:00+00:00,FBI,BOT,100 Thieves,2022-09-03T19:16:16+00:00,17.054,2.2,2.6,8.8,172.2,5,61.37,4,2022-08-27T23:11:47+00:00,False,False
2022-08-29 00:00:00+00:00,Fudge,TOP,Cloud9,2022-09-03T19:16:16+00:00,16.034,2.6,1.8,5.4,299.6,5,64.1,4,2022-08-28T22:40:24+00:00,False,False
2022-08-29 00:00:00+00:00,Hans Sama,BOT,Team Liquid,2022-09-01T19:27:30+00:00,14.262,3,2.4,6.2,249.2,5,173.86,10,2022-08-27T23:11:47+00:00,False,False
2022-08-29 00:00:00+00:00,Impact,TOP,Evil Geniuses,2022-09-02T20:28:02+00:00,11.116,1.8,3.4,5.6,267.6,5,168.96,10,2022-08-28T22:40:24+00:00,False,False
2022-08-29 00:00:00+00:00,Inspired,JGL,Evil Geniuses,2022-09-02T20:28:02+00:00,12.97,2.6,2.2,6.2,207,5,158.39,10,2022-08-28T22:40:24+00:00,False,False
2022-08-29 00:00:00+00:00,Jensen,MID,Cloud9,2022-09-03T19:16:16+00:00,15.26,2.6,0.8,6.4,309.4,5,81.24,4,2022-08-28T22:40:24+00:00,False,False
2022-08-29 00:00:00+00:00,Jojopyun,MID,Evil Geniuses,2022-09-02T20:28:02+00:00,16.048,2.4,3.2,5.8,322.6,5,182.84,10,2022-08-28T22:40:24+00:00,False,False
2022-08-29 00:00:00+00:00,Luger,BOT,Counter Logic Gaming,2022-09-01T19:27:30+00:00,22.528,4.6,1.8,7.2,350,5,82.96,5,2022-08-26T23:45:36+00:00,False,False
2022-08-29 00:00:00+00:00,Maple,MID,TSM,2022-09-02T20:28:02+00:00,15.104,3.8,1.8,5.2,288.8,5,85.17,5,2022-08-25T23:38:28+00:00,False,False
2022-08-29 00:00:00+00:00,Palafox,MID,Counter Logic Gaming,2022-09-01T19:27:30+00:00,14.824,2.6,2.6,6.6,311.2,5,46.12,5,2022-08-26T23:45:36+00:00,False,False
2022-08-29 00:00:00+00:00,Poome,SUP,Counter Logic Gaming,2022-09-01T19:27:30+00:00,21.312,1,2.4,12.2,32.2,5,48.28,5,2022-08-26T23:45:36+00:00,False,False
2022-08-29 00:00:00+00:00,Santorin,JGL,Team Liquid,2022-09-01T19:27:30+00:00,11.892,1.8,2.2,7.6,148.8,5,140.08,10,2022-08-27T23:11:47+00:00,False,False
2022-08-29 00:00:00+00:00,Solo,TOP,TSM,2022-09-02T20:28:02+00:00,14.78,1,1.8,6.8,258.2,5,45.25,5,2022-08-25T23:38:28+00:00,False,False
2022-08-29 00:00:00+00:00,Spica,JGL,TSM,2022-09-02T20:28:02+00:00,13.458,2.4,4.2,8.6,177,5,58.73,5,2022-08-25T23:38:28+00:00,False,False
2022-08-29 00:00:00+00:00,Ssumday,TOP,100 Thieves,2022-09-03T19:16:16+00:00,16.596,2.6,1.8,6.6,232,5,54.92,4,2022-08-27T23:11:47+00:00,False,False
2022-08-29 00:00:00+00:00,Tactical,BOT,TSM,2022-09-02T20:28:02+00:00,13.464,3.8,3.2,3.8,287.6,5,58.38,5,2022-08-25T23:38:28+00:00,False,False
2022-08-29 00:00:00+00:00,Vulcan,SUP,Evil Geniuses,2022-09-02T20:28:02+00:00,13.974,1.2,2,7.8,23,5,163.37,10,2022-08-28T22:40:24+00:00,False,False
2022-08-29 00:00:00+00:00,Zven,SUP,Cloud9,2022-09-03T19:16:16+00:00,19.552,0.6,2.2,10.6,30.2,5,72.61,4,2022-08-28T22:40:24+00:00,False,False
2022-08-29 00:00:00+00:00,huhi,SUP,100 Thieves,2022-09-03T19:16:16+00:00,21.204,0.8,1.4,10.6,94,5,53.46,4,2022-08-27T23:11:47+00:00,False,False
2022-09-05 00:00:00+00:00,Abbedagge,MID,100 Thieves,2022-09-10T19:07:58+00:00,21.742,4.8,2,5.8,296.8,5,91.94,8,2022-09-03T22:49:38+00:00,False,False
2022-09-05 00:00:00+00:00,Berserker,BOT,Cloud9,2022-09-11T19:01:36+00:00,19.154,4.8,2,4,376.8,5,104.68,3,2022-09-03T22:49:38+00:00,False,False
2022-09-05 00:00:00+00:00,Blaber,JGL,Cloud9,2022-09-11T19:01:36+00:00,10.976,1.4,3,7.4,219.6,5,64.3,3,2022-09-03T22:49:38+00:00,False,False
2022-09-05 00:00:00+00:00,Closer,JGL,100 Thieves,2022-09-10T19:07:58+00:00,10.532,1,2.8,7.8,179.6,5,71.77,8,2022-09-03T22:49:38+00:00,False,False
2022-09-05 00:00:00+00:00,FBI,BOT,100 Thieves,2022-09-10T19:07:58+00:00,15.758,2.8,1.6,7.2,305.8,5,97.69,8,2022-09-03T22:49:38+00:00,False,False
2022-09-05 00:00:00+00:00,Fudge,TOP,Cloud9,2022-09-11T19:01:36+00:00,15.814,2.4,1.8,5.8,316.4,5,52.02,3,2022-09-03T22:49:38+00:00,False,False
2022-09-05 00:00:00+00:00,Impact,TOP,Evil Geniuses,2022-09-10T19:07:58+00:00,17.884,3,2.8,4.4,315.2,5,68.76,5,2022-09-04T23:38:13+00:00,False,False
2022-09-05 00:00:00+00:00,Inspired,JGL,Evil Geniuses,2022-09-10T19:07:58+00:00,13.318,1.6,0.8,6.6,167.4,5,52.27,5,2022-09-04T23:38:13+00:00,False,False
2022-09-05 00:00:00+00:00,Jensen,MID,Cloud9,2022-09-11T19:01:36+00:00,20.884,3.8,1.6,7.2,316.2,5,62.83,3,2022-09-03T22:49:38+00:00,False,False
2022-09-05 00:00:00+00:00,Jojopyun,MID,Evil Geniuses,2022-09-10T19:07:58+00:00,16.008,3.8,2.6,4.2,312.4,5,70.26,5,2022-09-04T23:38:13+00:00,False,False
2022-09-05 00:00:00+00:00,Kaori,BOT,Evil Geniuses,2022-09-10T19:07:58+00:00,17.1335,3.85,2.17,5.29,313.83,0,79.66,5,,False,False
2022-09-05 00:00:00+00:00,Ssumday,TOP,100 Thieves,2022-09-10T19:07:58+00:00,15.008,2,2.2,5.6,314,5,86.33,8,2022-09-03T22:49:38+00:00,False,False
2022-09-05 00:00:00+00:00,Vulcan,SUP,Evil Geniuses,2022-09-10T19:07:58+00:00,16.59,1,1.8,7.6,65.2,5,64.46,5,2022-09-04T23:38:13+00:00,False,False
2022-09-05 00:00:00+00:00,Zven,SUP,Cloud9,2022-09-11T19:01:36+00:00,19.15,0.8,2,10.4,34.6,5,91.52,3,2022-09-03T22:49:38+00:00,False,False
2022-09-05 00:00:00+00:00,huhi,SUP,100 Thieves,2022-09-10T19:07:58+00:00,15.772,1.4,3,8.8,65,5,81.76,8,2022-09-03T22:49:38+00:00,False,False
2023-01-23 00:00:00+00:00,Ablazeolive,MID,Immortals,2023-01-27T02:32:56+00:00,12.566,2.8,3.2,5.4,315.6,5,3.95,2,2022-08-26T23:45:36+00:00,False,False
2023-01-23 00:00:00+00:00,Armut,TOP,Dignitas,2023-01-27T01:35:11+00:00,13.6744,2.44,2.77,4.83,269.71,0,18.46,2,,False,False
2023-01-23 00:00:00+00:00,Berserker,BOT,Cloud9,2023-01-26T22:16:48+00:00,27.918,6.2,1.2,7,311.8,5,42.03,2,2022-09-11T21:34:49+00:00,False,False
2023-01-23 00:00:00+00:00,Biofrost,SUP,Dignitas,2023-01-27T01:35:11+00:00,11.174,0.2,2.8,6.6,32.2,5,3.55,2,2022-08-14T23:36:01+00:00,False,False
2023-01-23 00:00:00+00:00,Bjergsen,MID,100 Thieves,2023-01-26T22:16:48+00:00,13.67,1.4,1.8,6,286.6,5,34.97,2,2022-09-04T23:38:13+00:00,False,False
2023-01-23 00:00:00+00:00,Blaber,JGL,Cloud9,2023-01-26T22:16:48+00:00,17.724,2.8,2.4,10,181.8,5,56.71,2,2022-09-11T21:34:49+00:00,False,False
2023-01-23 00:00:00+00:00,Bugi,JGL,TSM,2023-01-27T02:32:56+00:00,12.7481,2.4,2.74,6.83,174.34,0,40.33,2,,False,False
2023-01-23 00:00:00+00:00,Busio,SUP,100 Thieves,2023-01-26T22:16:48+00:00,15.8789,0.65,2.12,8.92,36.48,0,25.53,2,,False,False
2023-01-23 00:00:00+00:00,Chime,SUP,TSM,2023-01-27T02:32:56+00:00,16.166,0.6,1.8,8.2,35.8,5,45.21,2,2022-09-03T02:36:08+00:00,False,False
2023-01-23 00:00:00+00:00,Closer,JGL,100 Thieves,2023-01-26T22:16:48+00:00,10.922,2,3,6.6,137.6,5,23.76,2,2022-09-11T21:34:49+00:00,False,False
2023-01-23 00:00:00+00:00,Contractz,JGL,Counter Logic Gaming,2023-01-27T01:35:11+00:00,8.186,1.6,3,5,158.6,5,27.93,2,2022-09-01T23:20:28+00:00,False,False
2023-01-23 00:00:00+00:00,CoreJJ,SUP,Team Liquid,2023-01-27T00:33:09+00:00,12.658,0.6,1.8,6.6,35.2,5,30.87,2,2022-09-04T23:38:13+00:00,False,False
2023-01-23 00:00:00+00:00,Dhokla,TOP,Counter Logic Gaming,2023-01-27T01:35:11+00:00,12.358,2.8,4.2,4.2,236.6,5,31.97,2,2022-09-01T23:20:28+00:00,False,False
2023-01-23 00:00:00+00:00,Diplex,MID,Cloud9,2023-01-26T22:16:48+00:00,15.4315,2.86,2.28,5.75,286.19,0,39.59,2,,False,False
2023-01-23 00:00:00+00:00,Doublelift,BOT,100 Thieves,2023-01-26T22:16:48+00:00,15.12,4,3.6,6.2,361.4,5,34.08,2,2020-09-07T01:13:41+00:00,False,False
2023-01-23 00:00:00+00:00,FBI,BOT,Evil Geniuses,2023-01-26T23:18:55+00:00,15.686,2.8,1.8,5.4,279,5,51.64,2,2022-09-11T21:34:49+00:00,False,False
2023-01-23 00:00:00+00:00,Fleshy,SUP,Immortals,2023-01-27T02:32:56+00:00,15.614,0.64,2.07,8.72,36.39,0,17.45,2,,False,False
2023-01-23 00:00:00+00:00,Fudge,TOP,Cloud9,2023-01-26T22:16:48+00:00,18.826,3.8,1.6,6.6,260.8,5,80.33,2,2022-09-11T21:34:49+00:00,False,False
2023-01-23 00:00:00+00:00,Haeri,MID,Team Liquid,2023-01-27T00:33:09+00:00,15.2031,2.87,2.36,5.69,286.16,0,19.19,2,,False,False
2023-01-23 00:00:00+00:00,Impact,TOP,FlyQuest,2023-01-27T00:33:09+00:00,13.752,2,2,4.4,260.2,5,31.7,2,2022-09-10T23:50:48+00:00,False,False
2023-01-23 00:00:00+00:00,Inspired,JGL,Evil Geniuses,2023-01-26T23:18:55+00:00,10.454,1.2,1.8,6.2,149.4,5,36.51,2,2022-09-10T23:50:48+00:00,False,False
2023-01-23 00:00:00+00:00,Jensen,MID,Dignitas,2023-01-27T01:35:11+00:00,24.054,3.8,1.6,10.8,255.8,5,6.3,2,2022-09-11T21:34:49+00:00,False,False
2023-01-23 00:00:00+00:00,Jojopyun,MID,Evil Geniuses,2023-01-26T23:18:55+00:00,14.052,3,2,4.4,274.2,5,16.5,2,2022-09-10T23:50:48+00:00,False,False
2023-01-23 00:00:00+00:00,Kenvi,JGL,Immortals,2023-01-27T02:32:56+00:00,6.626,1,2.8,3.2,173.6,5,8.07,2,2022-08-14T19:03:22+00:00,False,False
2023-01-23 00:00:00+00:00,Licorice,TOP,Golden Guardians,2023-01-26T23:18:55+00:00,12.606,2,3.4,5.4,265.8,5,13.91,2,2022-08-26T23:45:36+00:00,False,False
2023-01-23 00:00:00+00:00,Luger,BOT,Counter Logic Gaming,2023-01-27T01:35:11+00:00,16.592,2.6,1,4.2,280.4,5,34.95,2,2022-09-01T23:20:28+00:00,False,False
2023-01-23 00:00:00+00:00,Maple,MID,TSM,2023-01-27T02:32:56+00:00,17.034,3.4,2.8,4.8,326.2,5,55.08,2,2022-09-03T02:36:08+00:00,False,False
2023-01-23 00:00:00+00:00,Neo,BOT,TSM,2023-01-27T02:32:56+00:00,12.396,2.2,1,4.8,258.4,5,38.38,2,2022-07-17T23:17:22+00:00,False,False
2023-01-23 00:00:00+00:00,Palafox,MID,Counter Logic Gaming,2023-01-27T01:35:11+00:00,9.224,2.4,2.4,3,259.4,5,33.49,2,2022-09-01T23:20:28+00:00,False,False
2023-01-23 00:00:00+00:00,Poome,SUP,Counter Logic Gaming,2023-01-27T01:35:11+00:00,9.656,0.4,1.8,5.4,17.2,5,30.74,2,2022-09-01T23:20:28+00:00,False,False
2023-01-23 00:00:00+00:00,Prince,BOT,FlyQuest,2023-01-27T00:33:09+00:00,16.9388,3.71,2.15,5.13,310.93,0,59.86,2,,False,False
2023-01-23 00:00:00+00:00,Pyosik,JGL,Team Liquid,2023-01-27T00:33:09+00:00,12.7428,2.38,2.72,6.84,175.26,0,9.49,2,,False,False
2023-01-23 00:00:00+00:00,Revenge,TOP,Immortals,2023-01-27T02:32:56+00:00,5.844,0.6,3.4,2,271.4,5,12.61,2,2022-08-14T19:03:22+00:00,False,False
2023-01-23 00:00:00+00:00,River,JGL,Golden Guardians,2023-01-26T23:18:55+00:00,11.332,2,3.6,8,155.2,5,20.92,2,2022-08-26T23:45:36+00:00,False,False
2023-01-23 00:00:00+00:00,Santorin,JGL,Dignitas,2023-01-27T01:35:11+00:00,11.422,1.2,2.2,7,169.2,5,5.32,2,2022-09-04T23:38:13+00:00,False,False
2023-01-23 00:00:00+00:00,Solo,TOP,TSM,2023-01-27T02:32:56+00:00,9.05,1.2,3.2,4.4,256.4,5,30.73,2,2022-09-03T02:36:08+00:00,False,False
2023-01-23 00:00:00+00:00,Spawn,BOT,Dignitas,2023-01-27T01:35:11+00:00,12.808,3,1.2,3,320,5,0.1,2,2022-08-14T23:36:01+00:00,False,False
2023-01-23 00:00:00+00:00,Spica,JGL,FlyQuest,2023-01-27T00:33:09+00:00,11.746,3,3.8,5.4,201.2,5,34.67,2,2022-09-03T02:36:08+00:00,False,False
2023-01-23 00:00:00+00:00,Ssumday,TOP,Evil Geniuses,2023-01-26T23:18:55+00:00,12.608,2.6,2,3.2,239.6,5,21.33,2,2022-09-11T21:34:49+00:00,False,False
2023-01-23 00:00:00+00:00,Stixxay,BOT,Golden Guardians,2023-01-26T23:18:55+00:00,21.786,5,2.6,4.6,384.4,5,15.28,2,2022-08-26T23:45:36+00:00,False,False
2023-01-23 00:00:00+00:00,Summit,TOP,Team Liquid,2023-01-27T00:33:09+00:00,12.646,1.8,4,6,254.6,5,14.99,2,2022-04-17T21:05:29+00:00,False,False
2023-01-23 00:00:00+00:00,Tactical,BOT,Immortals,2023-01-27T02:32:56+00:00,11.676,2.4,3.2,4,352.2,5,9.44,2,2022-09-03T02:36:08+00:00,False,False
2023-01-23 00:00:00+00:00,Tenacity,TOP,100 Thieves,2023-01-26T22:16:48+00:00,8.38,2,5,3,270,2,22.43,2,2022-01-16T19:40:35+00:00,False,False
2023-01-23 00:00:00+00:00,VicLa,MID,FlyQuest,2023-01-27T00:33:09+00:00,15.2031,2.87,2.36,5.69,286.16,0,32.97,2,,False,False
2023-01-23 00:00:00+00:00,Vulcan,SUP,Evil Geniuses,2023-01-26T23:18:55+00:00,12.892,0,1.8,8.4,12,5,26.89,2,2022-09-10T23:50:48+00:00,False,False
2023-01-23 00:00:00+00:00,Winsome,SUP,FlyQuest,2023-01-27T00:33:09+00:00,7.352,0.6,5.6,6.4,34.2,5,32.67,2,2022-04-02T22:09:06+00:00,False,False
2023-01-23 00:00:00+00:00,Yeon,BOT,Team Liquid,2023-01-27T00:33:09+00:00,16.625,5,2,4.5,290,2,27.88,2,2022-01-22T00:06:11+00:00,False,False
2023-01-23 00:00:00+00:00,Young,MID,Golden Guardians,2023-01-26T23:18:55+00:00,15.2024,2.85,2.29,5.66,284.62,0,8.63,2,,False,False
2023-01-23 00:00:00+00:00,Zven,SUP,Cloud9,2023-01-26T22:16:48+00:00,27.828,1.2,0.4,14.4,28.6,5,55.17,2,2022-09-11T21:34:49+00:00,False,False
2023-01-23 00:00:00+00:00,huhi,SUP,Golden Guardians,2023-01-26T23:18:55+00:00,10.888,0.8,3.4,6.8,21.4,5,16.39,2,2022-09-11T21:34:49+00:00,False,False
2023-01-30 00:00:00+00:00,Ablazeolive,MID,Immortals,2023-02-03T01:03:52+00:00,8.412,1.4,3.8,3.6,292.4,5,30.54,2,2023-01-28T01:27:36+00:00,False,False
2023-01-30 00:00:00+00:00,Armut,TOP,Dignitas,2023-02-03T00:04:26+00:00,9.23,2,2.5,1,267.5,2,5.3,2,2023-01-28T02:21:45+00:00,False,False
2023-01-30 00:00:00+00:00,Berserker,BOT,Cloud9,2023-02-02T22:06:55+00:00,29.342,6,0.6,9.2,274,5,23.73,2,2023-01-27T23:19:27+00:00,False,False
2023-01-30 00:00:00+00:00,Biofrost,SUP,Dignitas,2023-02-03T00:04:26+00:00,8.034,0.2,2.8,4.6,25,5,8.43,2,2023-01-28T02:21:45+00:00,False,False
2023-01-30 00:00:00+00:00,Bjergsen,MID,100 Thieves,2023-02-03T00:04:26+00:00,14.816,1.8,2.2,6.4,275.2,5,57.97,2,2023-01-28T01:27:36+00:00,False,False
2023-01-30 00:00:00+00:00,Blaber,JGL,Cloud9,2023-02-02T22:06:55+00:00,24.202,5.6,1.8,9.6,173.2,5,18.59,2,2023-01-27T23:19:27+00:00,False,False
2023-01-30 00:00:00+00:00,Bugi,JGL,TSM,2023-02-03T01:56:52+00:00,20.165,5,2.5,8.5,216.5,2,6.13,2,2023-01-28T00:11:37+00:00,False,False
2023-01-30 00:00:00+00:00,Busio,SUP,100 Thieves,2023-02-03T00:04:26+00:00,12.765,1,3,8,12.5,2,45.73,2,2023-01-28T01:27:36+00:00,False,False
2023-01-30 00:00:00+00:00,Chime,SUP,TSM,2023-02-03T01:56:52+00:00,17.066,0.6,1.8,8.6,30,5,11.89,2,2023-01-28T00:11:37+00:00,False,False
2023-01-30 00:00:00+00:00,Closer,JGL,100 Thieves,2023-02-03T00:04:26+00:00,6.484,1.6,3.8,4.6,140.2,5,37.5,2,2023-01-28T01:27:36+00:00,False,False
2023-01-30 00:00:00+00:00,Contractz,JGL,Counter Logic Gaming,2023-02-02T22:06:55+00:00,6.608,1,3,4.2,163.4,5,-2.74,2,2023-01-27T22:10:06+00:00,False,False
2023-01-30 00:00:00+00:00,CoreJJ,SUP,Team Liquid,2023-02-03T01:03:52+00:00,14.516,0.8,2.2,7.2,31.6,5,39.76,2,2023-01-28T00:11:37+00:00,False,False
2023-01-30 00:00:00+00:00,Dhokla,TOP,Counter Logic Gaming,2023-02-02T22:06:55+00:00,9.206,2,4.6,2.4,265.2,5,13.01,2,2023-01-27T22:10:06+00:00,False,False
2023-01-30 00:00:00+00:00,Diplex,MID,Cloud9,2023-02-02T22:06:55+00:00,19.795,5.5,2,9,233.5,2,21.42,2,2023-01-27T23:19:27+00:00,False,False
2023-01-30 00:00:00+00:00,Doublelift,BOT,100 Thieves,2023-02-03T00:04:26+00:00,13.068,3,4.2,5.6,306.8,5,64.81,2,2023-01-28T01:27:36+00:00,False,False
2023-01-30 00:00:00+00:00,FBI,BOT,Evil Geniuses,2023-02-03T01:56:52+00:00,13.302,2.8,2,4.2,302.4,5,50.96,2,2023-01-27T22:10:06+00:00,False,False
2023-01-30 00:00:00+00:00,Fleshy,SUP,Immortals,2023-02-03T01:03:52+00:00,8.725,0.5,0.5,1.5,29.5,2,31.59,2,2023-01-28T01:27:36+00:00,False,False
2023-01-30 00:00:00+00:00,Fudge,TOP,Cloud9,2023-02-02T22:06:55+00:00,26.47,5.2,1.6,9,221.2,5,40.03,2,2023-01-27T23:19:27+00:00,False,False
2023-01-30 00:00:00+00:00,Gori,MID,Golden Guardians,2023-02-02T22:58:08+00:00,15.0148,2.81,2.42,5.56,280.93,0,31.18,2,,False,False
2023-01-30 00:00:00+00:00,Haeri,MID,Team Liquid,2023-02-03T01:03:52+00:00,9.595,4,4,1.5,303.5,2,23.78,2,2023-01-28T00:11:37+00:00,False,False
2023-01-30 00:00:00+00:00,Impact,TOP,FlyQuest,2023-02-02T22:58:08+00:00,13.626,1.6,1.8,4.4,265.2,5,27.95,2,2023-01-28T02:21:45+00:00,False,False
2023-01-30 00:00:00+00:00,Inspired,JGL,Evil Geniuses,2023-02-03T01:56:52+00:00,12.864,2.2,1.8,6,198.2,5,39.42,2,2023-01-27T22:10:06+00:00,False,False
2023-01-30 00:00:00+00:00,Jensen,MID,Dignitas,2023-02-03T00:04:26+00:00,13.826,2,2.4,8.6,219.6,5,21.14,2,2023-01-28T02:21:45+00:00,False,False
2023-01-30 00:00:00+00:00,Jojopyun,MID,Evil Geniuses,2023-02-03T01:56:52+00:00,10.21,2.2,3.8,4.4,317,5,46.06,2,2023-01-27T22:10:06+00:00,False,False
2023-01-30 00:00:00+00:00,Kenvi,JGL,Immortals,2023-02-03T01:03:52+00:00,3.904,1.2,3.6,1.6,166.4,5,19.06,2,2023-01-28T01:27:36+00:00,False,False
2023-01-30 00:00:00+00:00,Licorice,TOP,Golden Guardians,2023-02-02T22:58:08+00:00,10.104,2.2,4.2,3.2,276.2,5,8.94,2,2023-01-27T23:19:27+00:00,False,False
2023-01-30 00:00:00+00:00,Luger,BOT,Counter Logic Gaming,2023-02-02T22:06:55+00:00,11.65,1.8,1.2,2,309.6,5,10.94,2,2023-01-27T22:10:06+00:00,False,False
2023-01-30 00:00:00+00:00,Maple,MID,TSM,2023-02-03T01:56:52+00:00,20.428,3.4,1.2,5.2,307.8,5,6.83,2,2023-01-28T00:11:37+00:00,False,False
2023-01-30 00:00:00+00:00,Neo,BOT,TSM,2023-02-03T01:56:52+00:00,15.2,3.6,1.6,5.8,305.8,5,9.44,2,2023-01-28T00:11:37+00:00,False,False
2023-01-30 00:00:00+00:00,Palafox,MID,Counter Logic Gaming,2023-02-02T22:06:55+00:00,8.188,1.6,2.4,2.2,266.6,5,8.85,2,2023-01-27T22:10:06+00:00,False,False
2023-01-30 00:00:00+00:00,Poome,SUP,Counter Logic Gaming,2023-02-02T22:06:55+00:00,8.122,0,1.8,4.2,26.2,5,9.41,2,2023-01-27T22:10:06+00:00,False,False
2023-01-30 00:00:00+00:00,Prince,BOT,FlyQuest,2023-02-02T22:58:08+00:00,29.93,9.5,0.5,2,318.5,2,29.7,2,2023-01-28T02:21:45+00:00,False,False
2023-01-30 00:00:00+00:00,Pyosik,JGL,Team Liquid,2023-02-03T01:03:52+00:00,4.745,0.5,3.5,5.5,178,2,31.48,2,2023-01-28T00:11:37+00:00,False,False
2023-01-30 00:00:00+00:00,Revenge,TOP,Immortals,2023-02-03T01:03:52+00:00,5.882,0.6,2.6,1,251.4,5,30.88,2,2023-01-28T01:27:36+00:00,False,False
2023-01-30 00:00:00+00:00,River,JGL,Golden Guardians,2023-02-02T22:58:08+00:00,10.654,3,3.2,5.4,177.4,5,12.33,2,2023-01-27T23:19:27+00:00,False,False
2023-01-30 00:00:00+00:00,Santorin,JGL,Dignitas,2023-02-03T00:04:26+00:00,6.202,0.8,2.8,4.8,154.6,5,8.8,2,2023-01-28T02:21:45+00:00,False,False
2023-01-30 00:00:00+00:00,Solo,TOP,TSM,2023-02-03T01:56:52+00:00,12.366,1.2,2.2,6.2,253.4,5,11.67,2,2023-01-28T00:11:37+00:00,False,False
2023-01-30 00:00:00+00:00,Spawn,BOT,Dignitas,2023-02-03T00:04:26+00:00,5.23,1.8,2,1.2,284.8,5,7.09,2,2023-01-28T02:21:45+00:00,False,False
2023-01-30 00:00:00+00:00,Spica,JGL,FlyQuest,2023-02-02T22:58:08+00:00,14.424,3,2.4,6.2,188,5,25.6,2,2023-01-28T02:21:45+00:00,False,False
2023-01-30 00:00:00+00:00,Ssumday,TOP,Evil Geniuses,2023-02-03T01:56:52+00:00,8.23,2.4,3.6,2.6,255.2,5,41.88,2,2023-01-27T22:10:06+00:00,False,False
2023-01-30 00:00:00+00:00,Stixxay,BOT,Golden Guardians,2023-02-02T22:58:08+00:00,11.778,2.8,3.6,4,351.4,5,23.99,2,2023-01-27T23:19:27+00:00,False,False
2023-01-30 00:00:00+00:00,Summit,TOP,Team Liquid,2023-02-03T01:03:52+00:00,6.498,1.8,5.8,2.8,263,5,40.2,2,2023-01-28T00:11:37+00:00,False,False
2023-01-30 00:00:00+00:00,Tactical,BOT,Immortals,2023-02-03T01:03:52+00:00,7.342,0.6,2.8,3.2,291.6,5,25.24,2,2023-01-28T01:27:36+00:00,False,False
2023-01-30 00:00:00+00:00,Tenacity,TOP,100 Thieves,2023-02-03T00:04:26+00:00,9.7975,2,4.5,3.75,274.25,4,39.9,2,2023-01-28T01:27:36+00:00,False,False
2023-01-30 00:00:00+00:00,VicLa,MID,FlyQuest,2023-02-02T22:58:08+00:00,16.485,2.5,2.5,7.5,255,2,31.19,2,2023-01-28T02:21:45+00:00,False,False
2023-01-30 00:00:00+00:00,Vulcan,SUP,Evil Geniuses,2023-02-03T01:56:52+00:00,10.792,0.2,2.4,6.8,18.4,5,63.6,2,2023-01-27T22:10:06+00:00,False,False
2023-01-30 00:00:00+00:00,Winsome,SUP,FlyQuest,2023-02-02T22:58:08+00:00,11.138,0.2,2.8,8,28.4,5,30.96,2,2023-01-28T02:21:45+00:00,False,False
2023-01-30 00:00:00+00:00,Yeon,BOT,Team Liquid,2023-02-03T01:03:52+00:00,15.2825,4.5,2.25,3.75,314.75,4,40.21,2,2023-01-28T00:11:37+00:00,False,False
2023-01-30 00:00:00+00:00,Zven,SUP,Cloud9,2023-02-02T22:06:55+00:00,29.338,1,0.6,16.2,28.8,5,19.19,2,2023-01-27T23:19:27+00:00,False,False
2023-01-30 00:00:00+00:00,huhi,SUP,Golden Guardians,2023-02-02T22:58:08+00:00,8.046,0.6,3.4,5.2,24.4,5,34.38,2,2023-01-27T23:19:27+00:00,False,False
2023-02-06 00:00:00+00:00,Ablazeolive,MID,Immortals,2023-02-10T02:06:02+00:00,9.126,0.6,2.8,3,288.6,5,10.5,2,2023-02-04T02:34:45+00:00,False,False
2023-02-06 00:00:00+00:00,Armut,TOP,Dignitas,2023-02-10T02:06:02+00:00,5.94,1,2.5,1,238.75,4,24.24,2,2023-02-03T23:54:33+00:00,False,False
2023-02-06 00:00:00+00:00,Berserker,BOT,Cloud9,2023-02-09T22:07:17+00:00,22.234,4.6,0.6,7,269.2,5,59.63,2,2023-02-03T23:02:39+00:00,False,False
2023-02-06 00:00:00+00:00,Biofrost,SUP,Dignitas,2023-02-10T02:06:02+00:00,6.198,0,3,4,29.4,5,7.06,2,2023-02-03T23:54:33+00:00,False,False
2023-02-06 00:00:00+00:00,Bjergsen,MID,100 Thieves,2023-02-10T00:10:32+00:00,20.41,2.8,1.4,8,277.2,5,27.51,2,2023-02-04T00:45:39+00:00,False,False
2023-02-06 00:00:00+00:00,Blaber,JGL,Cloud9,2023-02-09T22:07:17+00:00,17.656,4.6,2.8,7.2,179.6,5,28.21,2,2023-02-03T23:02:39+00:00,False,False
2023-02-06 00:00:00+00:00,Bugi,JGL,TSM,2023-02-09T22:07:17+00:00,11.615,2.75,3.5,6,174,4,24.75,2,2023-02-04T00:45:39+00:00,False,False
2023-02-06 00:00:00+00:00,Busio,SUP,100 Thieves,2023-02-10T00:10:32+00:00,17.815,0.75,1.75,10.25,12.25,4,22.99,2,2023-02-04T00:45:39+00:00,False,False
2023-02-06 00:00:00+00:00,Chime,SUP,TSM,2023-02-09T22:07:17+00:00,13.396,0.4,2.2,6.8,24.4,5,37.55,2,2023-02-04T00:45:39+00:00,False,False
2023-02-06 00:00:00+00:00,Closer,JGL,100 Thieves,2023-02-10T00:10:32+00:00,12.778,2,2.8,7.6,163.8,5,15.2,2,2023-02-04T00:45:39+00:00,False,False
2023-02-06 00:00:00+00:00,Contractz,JGL,Counter Logic Gaming,2023-02-10T01:15:58+00:00,5.464,1,3.2,4,169,5,0.05,2,2023-02-04T02:34:45+00:00,False,False
2023-02-06 00:00:00+00:00,CoreJJ,SUP,Team Liquid,2023-02-10T00:10:32+00:00,15.194,1.4,2,7.8,25.6,5,36.13,2,2023-02-04T01:34:41+00:00,False,False
2023-02-06 00:00:00+00:00,Dhokla,TOP,Counter Logic Gaming,2023-02-10T01:15:58+00:00,11.348,2,3.6,3,279.4,5,7.34,2,2023-02-04T02:34:45+00:00,False,False
2023-02-06 00:00:00+00:00,Diplex,MID,Cloud9,2023-02-09T22:07:17+00:00,15.2525,3.75,1.75,6,227.25,4,35.5,2,2023-02-03T23:02:39+00:00,False,False
2023-02-06 00:00:00+00:00,Doublelift,BOT,100 Thieves,2023-02-10T00:10:32+00:00,23.874,6,2.6,6.2,299,5,51.32,2,2023-02-04T00:45:39+00:00,False,False
2023-02-06 00:00:00+00:00,FBI,BOT,Evil Geniuses,2023-02-09T23:11:39+00:00,22.86,5.2,1,5.8,303.4,5,24.69,2,2023-02-03T23:54:33+00:00,False,False
2023-02-06 00:00:00+00:00,Fleshy,SUP,Immortals,2023-02-10T02:06:02+00:00,12.26,0.75,1,4.75,21.25,4,32.89,2,2023-02-04T02:34:45+00:00,False,False
2023-02-06 00:00:00+00:00,Fudge,TOP,Cloud9,2023-02-09T22:07:17+00:00,27.592,4.4,1.4,8.4,240.6,5,35.26,2,2023-02-03T23:02:39+00:00,False,False
2023-02-06 00:00:00+00:00,Gori,MID,Golden Guardians,2023-02-10T01:15:58+00:00,15.59,2.5,3,6.5,304.5,2,47.39,2,2023-02-04T01:34:41+00:00,False,False
2023-02-06 00:00:00+00:00,Haeri,MID,Team Liquid,2023-02-10T00:10:32+00:00,10.7425,3.25,3.5,3.25,291.75,4,32.46,2,2023-02-04T01:34:41+00:00,False,False
2023-02-06 00:00:00+00:00,Impact,TOP,FlyQuest,2023-02-09T23:11:39+00:00,13.242,2.2,1.8,3.8,273.2,5,38.79,2,2023-02-03T23:02:39+00:00,False,False
2023-02-06 00:00:00+00:00,Inspired,JGL,Evil Geniuses,2023-02-09T23:11:39+00:00,15.184,2,1.4,7.8,192.8,5,18.86,2,2023-02-03T23:54:33+00:00,False,False
2023-02-06 00:00:00+00:00,Jensen,MID,Dignitas,2023-02-10T02:06:02+00:00,10.384,1.2,3.2,5.6,238.4,5,21.32,2,2023-02-03T23:54:33+00:00,False,False
2023-02-06 00:00:00+00:00,Jojopyun,MID,Evil Geniuses,2023-02-09T23:11:39+00:00,12.996,2.4,3.8,5.6,304.6,5,43.98,2,2023-02-03T23:54:33+00:00,False,False
2023-02-06 00:00:00+00:00,Kenvi,JGL,Immortals,2023-02-10T02:06:02+00:00,6.242,1.8,2.8,2.8,183.8,5,22.17,2,2023-02-04T02:34:45+00:00,False,False
2023-02-06 00:00:00+00:00,Licorice,TOP,Golden Guardians,2023-02-10T01:15:58+00:00,4.28,1.2,5.6,1.8,284.8,5,27.61,2,2023-02-04T01:34:41+00:00,False,False
2023-02-06 00:00:00+00:00,Luger,BOT,Counter Logic Gaming,2023-02-10T01:15:58+00:00,9.582,2,2,2.2,332.6,5,5.45,2,2023-02-04T02:34:45+00:00,False,False
2023-02-06 00:00:00+00:00,Maple,MID,TSM,2023-02-09T22:07:17+00:00,13.546,2.6,2.2,4,289.6,5,34.68,2,2023-02-04T00:45:39+00:00,False,False
2023-02-06 00:00:00+00:00,Neo,BOT,TSM,2023-02-09T22:07:17+00:00,11.832,3,2.8,4.8,266.4,5,23.77,2,2023-02-04T00:45:39+00:00,False,False
2023-02-06 00:00:00+00:00,Palafox,MID,Counter Logic Gaming,2023-02-10T01:15:58+00:00,8.608,2,2.4,2.6,290.8,5,22.72,2,2023-02-04T02:34:45+00:00,False,False
2023-02-06 00:00:00+00:00,Poome,SUP,Counter Logic Gaming,2023-02-10T01:15:58+00:00,8.236,0.2,2.8,4.6,34.2,5,3.53,2,2023-02-04T02:34:45+00:00,False,False
2023-02-06 00:00:00+00:00,Prince,BOT,FlyQuest,2023-02-09T23:11:39+00:00,22.39,6,0.5,2.5,325,4,79.36,2,2023-02-03T23:02:39+00:00,False,False
2023-02-06 00:00:00+00:00,Pyosik,JGL,Team Liquid,2023-02-10T00:10:32+00:00,10.2425,1.75,2.5,6.75,176,4,27.51,2,2023-02-04T01:34:41+00:00,False,False
2023-02-06 00:00:00+00:00,Revenge,TOP,Immortals,2023-02-10T02:06:02+00:00,9.802,2,1.8,2,267,5,22.75,2,2023-02-04T02:34:45+00:00,False,False
2023-02-06 00:00:00+00:00,River,JGL,Golden Guardians,2023-02-10T01:15:58+00:00,6.974,2.8,3.6,3.2,173,5,41.99,2,2023-02-04T01:34:41+00:00,False,False
2023-02-06 00:00:00+00:00,Santorin,JGL,Dignitas,2023-02-10T02:06:02+00:00,4.394,0.8,2.4,2.8,153.8,5,7.51,2,2023-02-03T23:54:33+00:00,False,False
2023-02-06 00:00:00+00:00,Solo,TOP,TSM,2023-02-09T22:07:17+00:00,10.23,1,2.6,4.6,253,5,36.24,2,2023-02-04T00:45:39+00:00,False,False
2023-02-06 00:00:00+00:00,Spawn,BOT,Dignitas,2023-02-10T02:06:02+00:00,4.196,1.6,2.6,0.6,271.4,5,6.62,2,2023-02-03T23:54:33+00:00,False,False
2023-02-06 00:00:00+00:00,Spica,JGL,FlyQuest,2023-02-09T23:11:39+00:00,12.908,1.8,1.4,6.6,195.8,5,45.91,2,2023-02-03T23:02:39+00:00,False,False
2023-02-06 00:00:00+00:00,Ssumday,TOP,Evil Geniuses,2023-02-09T23:11:39+00:00,14.442,3.2,2.8,4.6,266.4,5,29.81,2,2023-02-03T23:54:33+00:00,False,False
2023-02-06 00:00:00+00:00,Stixxay,BOT,Golden Guardians,2023-02-10T01:15:58+00:00,9.864,1.6,3.4,3.8,368.6,5,49.54,2,2023-02-04T01:34:41+00:00,False,False
2023-02-06 00:00:00+00:00,Summit,TOP,Team Liquid,2023-02-10T00:10:32+00:00,13.016,3,4.6,4.2,265,5,21.72,2,2023-02-04T01:34:41+00:00,False,False
2023-02-06 00:00:00+00:00,Tactical,BOT,Immortals,2023-02-10T02:06:02+00:00,8.362,1.6,3,2.8,296.2,5,35.05,2,2023-02-04T02:34:45+00:00,False,False
2023-02-06 00:00:00+00:00,Tenacity,TOP,100 Thieves,2023-02-10T00:10:32+00:00,14.878,2.4,2.2,4.8,270.2,5,31.98,2,2023-02-04T00:45:39+00:00,False,False
2023-02-06 00:00:00+00:00,VicLa,MID,FlyQuest,2023-02-09T23:11:39+00:00,16.04,3,1.75,5,281,4,33.16,2,2023-02-03T23:02:39+00:00,False,False
2023-02-06 00:00:00+00:00,Vulcan,SUP,Evil Geniuses,2023-02-09T23:11:39+00:00,18.434,1,1.4,8.6,24.8,5,28.02,2,2023-02-03T23:54:33+00:00,False,False
2023-02-06 00:00:00+00:00,Winsome,SUP,FlyQuest,2023-02-09T23:11:39+00:00,12.864,0,2,8.2,25.6,5,52.5,2,2023-02-03T23:02:39+00:00,False,False
2023-02-06 00:00:00+00:00,Yeon,BOT,Team Liquid,2023-02-10T00:10:32+00:00,18.322,4.6,1.6,5,324.6,5,28.03,2,2023-02-04T01:34:41+00:00,False,False
2023-02-06 00:00:00+00:00,Zven,SUP,Cloud9,2023-02-09T22:07:17+00:00,21.462,1.4,1.6,11.6,34.8,5,35.09,2,2023-02-03T23:02:39+00:00,False,False
2023-02-06 00:00:00+00:00,huhi,SUP,Golden Guardians,2023-02-10T01:15:58+00:00,12.402,1.4,3,6.4,36.6,5,50.96,2,2023-02-04T01:34:41+00:00,False,False
2023-02-13 00:00:00+00:00,Ablazeolive,MID,Immortals,2023-02-15T23:16:43+00:00,9.452,0.8,2.6,4.2,278,5,12.77,3,2023-02-11T02:03:27+00:00,False,False
2023-02-13 00:00:00+00:00,Armut,TOP,Dignitas,2023-02-16T01:09:25+00:00,8.15,1.6,2.6,0.6,237.6,5,25.04,3,2023-02-11T01:03:35+00:00,False,False
2023-02-13 00:00:00+00:00,Berserker,BOT,Cloud9,2023-02-16T01:09:25+00:00,20.904,3.8,0.8,5.2,311.8,5,76.71,3,2023-02-10T23:59:48+00:00,False,False
2023-02-13 00:00:00+00:00,Bjergsen,MID,100 Thieves,2023-02-15T22:07:50+00:00,23.278,3,1,9.8,274,5,22.55,3,2023-02-10T22:07:20+00:00,False,False
2023-02-13 00:00:00+00:00,Blaber,JGL,Cloud9,2023-02-16T01:09:25+00:00,13.582,2,2.4,7.2,188.6,5,41.43,3,2023-02-10T23:59:48+00:00,False,False
2023-02-13 00:00:00+00:00,Bugi,JGL,TSM,2023-02-16T01:59:22+00:00,10.46,2.6,4.4,7,175,5,43.48,3,2023-02-10T23:00:15+00:00,False,False
2023-02-13 00:00:00+00:00,Busio,SUP,100 Thieves,2023-02-15T22:07:50+00:00,18.648,1.2,2.8,11,20.8,5,30.46,3,2023-02-10T22:07:20+00:00,False,False
2023-02-13 00:00:00+00:00,Chime,SUP,TSM,2023-02-16T01:59:22+00:00,14.226,0.4,2.8,9.2,16.8,5,58.66,3,2023-02-10T23:00:15+00:00,False,False
2023-02-13 00:00:00+00:00,Closer,JGL,100 Thieves,2023-02-15T22:07:50+00:00,14.93,1.8,1.6,8.2,156,5,11.79,3,2023-02-10T22:07:20+00:00,False,False
2023-02-13 00:00:00+00:00,Contractz,JGL,Counter Logic Gaming,2023-02-16T00:13:19+00:00,2.27,1.2,4.6,2.6,182.6,5,49.61,3,2023-02-10T23:00:15+00:00,False,False
2023-02-13 00:00:00+00:00,CoreJJ,SUP,Team Liquid,2023-02-16T00:13:19+00:00,19.406,1.4,2.2,9.8,28,5,29.66,3,2023-02-11T01:03:35+00:00,False,False
2023-02-13 00:00:00+00:00,Dhokla,TOP,Counter Logic Gaming,2023-02-16T00:13:19+00:00,7.312,1.8,3.6,2.2,253.6,5,54.72,3,2023-02-10T23:00:15+00:00,False,False
2023-02-13 00:00:00+00:00,Diplex,MID,Cloud9,2023-02-16T01:09:25+00:00,15.292,2.6,1.6,5.8,245.6,5,43,3,2023-02-10T23:59:48+00:00,False,False
2023-02-13 00:00:00+00:00,Doublelift,BOT,100 Thieves,2023-02-15T22:07:50+00:00,29.408,7.2,1.4,6,327.8,5,26.55,3,2023-02-10T22:07:20+00:00,False,False
2023-02-13 00:00:00+00:00,FBI,BOT,Evil Geniuses,2023-02-15T22:07:50+00:00,19.346,4.4,1.6,5.4,295.8,5,76.52,3,2023-02-10T23:59:48+00:00,False,False
2023-02-13 00:00:00+00:00,Fleshy,SUP,Immortals,2023-02-15T23:16:43+00:00,14.874,0.6,0.8,7,13.2,5,4.12,3,2023-02-11T02:03:27+00:00,False,False
2023-02-13 00:00:00+00:00,Fudge,TOP,Cloud9,2023-02-16T01:09:25+00:00,24.484,4.2,1.6,6,249.6,5,51.91,3,2023-02-10T23:59:48+00:00,False,False
2023-02-13 00:00:00+00:00,Gori,MID,Golden Guardians,2023-02-16T01:59:22+00:00,19.6425,4.5,2,6.25,279.75,4,46.36,3,2023-02-11T02:03:27+00:00,False,False
2023-02-13 00:00:00+00:00,Haeri,MID,Team Liquid,2023-02-16T00:13:19+00:00,12.396,3.8,3.6,3.6,278.8,5,26.64,3,2023-02-11T01:03:35+00:00,False,False
2023-02-13 00:00:00+00:00,Ignar,SUP,Dignitas,2023-02-16T01:09:25+00:00,6.874,0.2,2.8,3.8,19.6,5,6.58,3,2022-08-14T19:03:22+00:00,False,False
2023-02-13 00:00:00+00:00,Impact,TOP,FlyQuest,2023-02-15T23:16:43+00:00,14.794,1.8,1.6,6.6,249.4,5,32.92,3,2023-02-10T22:07:20+00:00,False,False
2023-02-13 00:00:00+00:00,Inspired,JGL,Evil Geniuses,2023-02-15T22:07:50+00:00,14.592,1.2,1.6,8.6,190,5,48.7,3,2023-02-10T23:59:48+00:00,False,False
2023-02-13 00:00:00+00:00,Jensen,MID,Dignitas,2023-02-16T01:09:25+00:00,8.81,1.2,3.2,2.2,257.6,5,16.8,3,2023-02-11T01:03:35+00:00,False,False
2023-02-13 00:00:00+00:00,Jojopyun,MID,Evil Geniuses,2023-02-15T22:07:50+00:00,20.23,4.4,3,5.6,308.6,5,75.37,3,2023-02-10T23:59:48+00:00,False,False
2023-02-13 00:00:00+00:00,Kenvi,JGL,Immortals,2023-02-15T23:16:43+00:00,9.046,2.6,2.4,3.8,208.2,5,7.05,3,2023-02-11T02:03:27+00:00,False,False
2023-02-13 00:00:00+00:00,Licorice,TOP,Golden Guardians,2023-02-16T01:59:22+00:00,8.51,1.8,4,3,257.8,5,41.83,3,2023-02-11T02:03:27+00:00,False,False
2023-02-13 00:00:00+00:00,Luger,BOT,Counter Logic Gaming,2023-02-16T00:13:19+00:00,6.906,1.6,3,2.6,318.8,5,50.08,3,2023-02-10T23:00:15+00:00,False,False
2023-02-13 00:00:00+00:00,Maple,MID,TSM,2023-02-16T01:59:22+00:00,14.222,4,3,4.4,273.8,5,60.61,3,2023-02-10T23:00:15+00:00,False,False
2023-02-13 00:00:00+00:00,Neo,BOT,TSM,2023-02-16T01:59:22+00:00,10.712,3.2,3.4,4.6,276.8,5,55.13,3,2023-02-10T23:00:15+00:00,False,False
2023-02-13 00:00:00+00:00,Palafox,MID,Counter Logic Gaming,2023-02-16T00:13:19+00:00,8.918,1.6,3.2,2.8,290.8,5,24.35,3,2023-02-10T23:00:15+00:00,False,False
2023-02-13 00:00:00+00:00,Poome,SUP,Counter Logic Gaming,2023-02-16T00:13:19+00:00,6.006,0.4,3.8,4.4,25,5,46.56,3,2023-02-10T23:00:15+00:00,False,False
2023-02-13 00:00:00+00:00,Prince,BOT,FlyQuest,2023-02-15T23:16:43+00:00,28.988,7.2,0.6,4.8,319.2,5,54.42,3,2023-02-10T22:07:20+00:00,False,False
2023-02-13 00:00:00+00:00,Pyosik,JGL,Team Liquid,2023-02-16T00:13:19+00:00,13.304,2.4,1.6,6.8,174.6,5,28.74,3,2023-02-11T01:03:35+00:00,False,False
2023-02-13 00:00:00+00:00,Revenge,TOP,Immortals,2023-02-15T23:16:43+00:00,11.184,2.2,2.6,4.2,251.8,5,10.94,3,2023-02-11T02:03:27+00:00,False,False
2023-02-13 00:00:00+00:00,River,JGL,Golden Guardians,2023-02-16T01:59:22+00:00,11.622,2.2,2.6,6.6,154.4,5,47.8,3,2023-02-11T02:03:27+00:00,False,False
2023-02-13 00:00:00+00:00,Santorin,JGL,Dignitas,2023-02-16T01:09:25+00:00,3.486,0.8,3.2,2.6,139.2,5,9.18,3,2023-02-11T01:03:35+00:00,False,False
2023-02-13 00:00:00+00:00,Solo,TOP,TSM,2023-02-16T01:59:22+00:00,12.532,1.4,2.8,6.4,255.2,5,37.21,3,2023-02-10T23:00:15+00:00,False,False
2023-02-13 00:00:00+00:00,Spawn,BOT,Dignitas,2023-02-16T01:09:25+00:00,2.406,0.6,3.2,1.2,250.6,5,7.76,3,2023-02-11T01:03:35+00:00,False,False
2023-02-13 00:00:00+00:00,Spica,JGL,FlyQuest,2023-02-15T23:16:43+00:00,17.516,2.4,1.2,10.2,183.4,5,36.14,3,2023-02-10T22:07:20+00:00,False,False
2023-02-13 00:00:00+00:00,Ssumday,TOP,Evil Geniuses,2023-02-15T22:07:50+00:00,16.51,1.8,1.2,5.2,278,5,62.56,3,2023-02-10T23:59:48+00:00,False,False
2023-02-13 00:00:00+00:00,Stixxay,BOT,Golden Guardians,2023-02-16T01:59:22+00:00,15.684,3.6,1.8,4.2,297.8,5,82.09,3,2023-02-11T02:03:27+00:00,False,False
2023-02-13 00:00:00+00:00,Summit,TOP,Team Liquid,2023-02-16T00:13:19+00:00,13.764,2.8,4,4.6,271.8,5,35.29,3,2023-02-11T01:03:35+00:00,False,False
2023-02-13 00:00:00+00:00,Tactical,BOT,Immortals,2023-02-15T23:16:43+00:00,13.866,3.2,2.2,3.6,298.4,5,15.86,3,2023-02-11T02:03:27+00:00,False,False
2023-02-13 00:00:00+00:00,Tenacity,TOP,100 Thieves,2023-02-15T22:07:50+00:00,16.416,3.6,1.8,4.6,276.8,5,19.5,3,2023-02-10T22:07:20+00:00,False,False
2023-02-13 00:00:00+00:00,VicLa,MID,FlyQuest,2023-02-15T23:16:43+00:00,18.112,4.2,1.8,6,279.4,5,56.34,3,2023-02-10T22:07:20+00:00,False,False
2023-02-13 00:00:00+00:00,Vulcan,SUP,Evil Geniuses,2023-02-15T22:07:50+00:00,19.32,1,1.2,9,23.4,5,76.18,3,2023-02-10T23:59:48+00:00,False,False
2023-02-13 00:00:00+00:00,Winsome,SUP,FlyQuest,2023-02-15T23:16:43+00:00,19.19,0.8,1.4,11,27.6,5,34.82,3,2023-02-10T22:07:20+00:00,False,False
2023-02-13 00:00:00+00:00,Yeon,BOT,Team Liquid,2023-02-16T00:13:19+00:00,18.438,4.2,2.4,6,323,5,27.52,3,2023-02-11T01:03:35+00:00,False,False
2023-02-13 00:00:00+00:00,Zven,SUP,Cloud9,2023-02-16T01:09:25+00:00,18.03,0.8,2,9.8,25.4,5,71.77,3,2023-02-10T23:59:48+00:00,False,False
2023-02-13 00:00:00+00:00,huhi,SUP,Golden Guardians,2023-02-16T01:59:22+00:00,18.496,1.4,1.8,8.4,31,5,59.14,3,2023-02-11T02:03:27+00:00,False,False
2023-02-20 00:00:00+00:00,Ablazeolive,MID,Immortals,2023-02-23T23:02:57+00:00,4.654,1.2,4.2,1.8,279,5,10.94,2,2023-02-17T23:04:00+00:00,False,False
2023-02-20 00:00:00+00:00,Armut,TOP,Dignitas,2023-02-24T01:53:29+00:00,9.856,1.8,3,0.8,258.2,5,27.52,2,2023-02-18T01:03:30+00:00,False,False
2023-02-20 00:00:00+00:00,Berserker,BOT,Cloud9,2023-02-23T23:52:26+00:00,27.268,6.6,1,4.8,358,5,41.8,2,2023-02-17T23:59:32+00:00,False,False
2023-02-20 00:00:00+00:00,Bjergsen,MID,100 Thieves,2023-02-23T22:06:52+00:00,10.012,1.6,2.6,4.2,327,5,41.2,2,2023-02-18T02:00:56+00:00,False,False
2023-02-20 00:00:00+00:00,Blaber,JGL,Cloud9,2023-02-23T23:52:26+00:00,13.928,1.2,2.2,8.8,196,5,19.52,2,2023-02-17T23:59:32+00:00,False,False
2023-02-20 00:00:00+00:00,Bugi,JGL,TSM,2023-02-24T00:51:53+00:00,13.646,1.8,3,8.4,190,5,9.63,2,2023-02-18T01:03:30+00:00,False,False
2023-02-20 00:00:00+00:00,Busio,SUP,100 Thieves,2023-02-23T22:06:52+00:00,10.69,1,3.4,5.6,30.8,5,23.74,2,2023-02-18T02:00:56+00:00,False,False
2023-02-20 00:00:00+00:00,Chime,SUP,TSM,2023-02-24T00:51:53+00:00,19.242,0.4,1.8,10.6,21.2,5,17.16,2,2023-02-18T01:03:30+00:00,False,False
2023-02-20 00:00:00+00:00,Closer,JGL,100 Thieves,2023-02-23T22:06:52+00:00,5.398,0.2,3.6,5.2,149.8,5,21.23,2,2023-02-18T02:00:56+00:00,False,False
2023-02-20 00:00:00+00:00,Contractz,JGL,Counter Logic Gaming,2023-02-24T00:51:53+00:00,9.932,2.2,2.8,4.4,191.8,5,43.51,2,2023-02-17T22:07:55+00:00,False,False
2023-02-20 00:00:00+00:00,CoreJJ,SUP,Team Liquid,2023-02-23T23:02:57+00:00,13.158,0,3.2,8.4,29.2,5,40.47,2,2023-02-17T23:59:32+00:00,False,False
2023-02-20 00:00:00+00:00,Dhokla,TOP,Counter Logic Gaming,2023-02-24T00:51:53+00:00,12.412,2.8,3.6,3.2,274.6,5,34.82,2,2023-02-17T22:07:55+00:00,False,False
2023-02-20 00:00:00+00:00,Doublelift,BOT,100 Thieves,2023-02-23T22:06:52+00:00,15.574,4.2,2.8,2.8,357.2,5,24.02,2,2023-02-18T02:00:56+00:00,False,False
2023-02-20 00:00:00+00:00,EMENES,MID,Cloud9,2023-02-23T23:52:26+00:00,13.5772,2.7,2.64,4.85,281.67,0,32.13,2,,False,False
2023-02-20 00:00:00+00:00,Eyla,SUP,FlyQuest,2023-02-23T22:06:52+00:00,13.692,1,2.6,8,35.6,5,43.92,2,2022-02-27T20:01:06+00:00,False,False
2023-02-20 00:00:00+00:00,FBI,BOT,Evil Geniuses,2023-02-24T01:53:29+00:00,20.242,4.4,1.6,6.4,363.8,5,21.58,2,2023-02-17T23:04:00+00:00,False,False
2023-02-20 00:00:00+00:00,Fleshy,SUP,Immortals,2023-02-23T23:02:57+00:00,7.402,0.2,2.4,4.2,25.8,5,-2.34,2,2023-02-17T23:04:00+00:00,False,False
2023-02-20 00:00:00+00:00,Fudge,TOP,Cloud9,2023-02-23T23:52:26+00:00,17.434,3.8,2,5.8,272,5,27.04,2,2023-02-17T23:59:32+00:00,False,False
2023-02-20 00:00:00+00:00,Gori,MID,Golden Guardians,2023-02-23T23:52:26+00:00,18.75,4.8,1.2,5,279.2,5,34.29,2,2023-02-18T02:00:56+00:00,False,False
2023-02-20 00:00:00+00:00,Haeri,MID,Team Liquid,2023-02-23T23:02:57+00:00,11.82,2.8,3,3.6,314.6,5,34.99,2,2023-02-17T23:59:32+00:00,False,False
2023-02-20 00:00:00+00:00,Ignar,SUP,Dignitas,2023-02-24T01:53:29+00:00,4.504,0.4,2.2,1.8,15.8,5,27.28,2,2023-02-18T01:03:30+00:00,False,False
2023-02-20 00:00:00+00:00,Impact,TOP,FlyQuest,2023-02-23T22:06:52+00:00,14.342,1,2.2,8.8,232.2,5,37.37,2,2023-02-17T22:07:55+00:00,False,False
2023-02-20 00:00:00+00:00,Inspired,JGL,Evil Geniuses,2023-02-24T01:53:29+00:00,13.512,1,2,9.2,191.4,5,13.56,2,2023-02-17T23:04:00+00:00,False,False
2023-02-20 00:00:00+00:00,Jensen,MID,Dignitas,2023-02-24T01:53:29+00:00,7.624,1,2.6,1.4,282.6,5,32.96,2,2023-02-18T01:03:30+00:00,False,False
2023-02-20 00:00:00+00:00,Jojopyun,MID,Evil Geniuses,2023-02-24T01:53:29+00:00,23.87,5.4,2.6,6,358.4,5,6.54,2,2023-02-17T23:04:00+00:00,False,False
2023-02-20 00:00:00+00:00,Kenvi,JGL,Immortals,2023-02-23T23:02:57+00:00,5.844,1.6,2.6,2.8,180.6,5,5.39,2,2023-02-17T23:04:00+00:00,False,False
2023-02-20 00:00:00+00:00,Licorice,TOP,Golden Guardians,2023-02-23T23:52:26+00:00,13.888,1.6,1.4,6,245.8,5,23.78,2,2023-02-18T02:00:56+00:00,False,False
2023-02-20 00:00:00+00:00,Luger,BOT,Counter Logic Gaming,2023-02-24T00:51:53+00:00,11.106,2.6,1.8,3.4,291.2,5,57.22,2,2023-02-17T22:07:55+00:00,False,False
2023-02-20 00:00:00+00:00,Maple,MID,TSM,2023-02-24T00:51:53+00:00,19.058,4.2,2,5.6,286.8,5,13.24,2,2023-02-18T01:03:30+00:00,False,False
2023-02-20 00:00:00+00:00,Neo,BOT,TSM,2023-02-24T00:51:53+00:00,15.78,4.6,1.6,4,313.6,5,17.87,2,2023-02-18T01:03:30+00:00,False,False
2023-02-20 00:00:00+00:00,Palafox,MID,Counter Logic Gaming,2023-02-24T00:51:53+00:00,9.414,2,2.8,3.2,259.6,5,37.96,2,2023-02-17T22:07:55+00:00,False,False
2023-02-20 00:00:00+00:00,Poome,SUP,Counter Logic Gaming,2023-02-24T00:51:53+00:00,10.018,0.4,2.6,6.4,32.8,5,50.21,2,2023-02-17T22:07:55+00:00,False,False
2023-02-20 00:00:00+00:00,Prince,BOT,FlyQuest,2023-02-23T22:06:52+00:00,26.756,6.8,1.2,5.8,334.2,5,55.26,2,2023-02-17T22:07:55+00:00,False,False
2023-02-20 00:00:00+00:00,Pyosik,JGL,Team Liquid,2023-02-23T23:02:57+00:00,11.25,2.6,2.8,5.6,181.6,5,35.92,2,2023-02-17T23:59:32+00:00,False,False
2023-02-20 00:00:00+00:00,Revenge,TOP,Immortals,2023-02-23T23:02:57+00:00,6.738,0.8,3.2,3,255.8,5,11.2,2,2023-02-17T23:04:00+00:00,False,False
2023-02-20 00:00:00+00:00,River,JGL,Golden Guardians,2023-02-23T23:52:26+00:00,17.958,1.6,1,10,165,5,35.94,2,2023-02-18T02:00:56+00:00,False,False
2023-02-20 00:00:00+00:00,Santorin,JGL,Dignitas,2023-02-24T01:53:29+00:00,3.338,0.6,3,2.6,152.8,5,23.3,2,2023-02-18T01:03:30+00:00,False,False
2023-02-20 00:00:00+00:00,Solo,TOP,TSM,2023-02-24T00:51:53+00:00,14.69,2.2,2.4,6.8,268,5,5.45,2,2023-02-18T01:03:30+00:00,False,False
2023-02-20 00:00:00+00:00,Spica,JGL,FlyQuest,2023-02-23T22:06:52+00:00,16.41,2.6,2.2,9.6,174.8,5,30.96,2,2023-02-17T22:07:55+00:00,False,False
2023-02-20 00:00:00+00:00,Ssumday,TOP,Evil Geniuses,2023-02-24T01:53:29+00:00,18.474,2.8,1,5.8,317.4,5,15.03,2,2023-02-17T23:04:00+00:00,False,False
2023-02-20 00:00:00+00:00,Stixxay,BOT,Golden Guardians,2023-02-23T23:52:26+00:00,26.326,7.4,0,3.4,284.8,5,45.82,2,2023-02-18T02:00:56+00:00,False,False
2023-02-20 00:00:00+00:00,Summit,TOP,Team Liquid,2023-02-23T23:02:57+00:00,11.402,2.6,3.6,3.4,313.4,5,28.96,2,2023-02-17T23:59:32+00:00,False,False
2023-02-20 00:00:00+00:00,Tactical,BOT,Immortals,2023-02-23T23:02:57+00:00,10.182,2.2,1.8,2,310,5,15.56,2,2023-02-17T23:04:00+00:00,False,False
2023-02-20 00:00:00+00:00,Tenacity,TOP,100 Thieves,2023-02-23T22:06:52+00:00,10.296,2.6,2.2,2,285.2,5,22.6,2,2023-02-18T02:00:56+00:00,False,False
2023-02-20 00:00:00+00:00,Tomo,BOT,Dignitas,2023-02-24T01:53:29+00:00,9.994,2,3.2,4.2,270,5,31.66,2,2021-08-01T23:43:37+00:00,False,False
2023-02-20 00:00:00+00:00,VicLa,MID,FlyQuest,2023-02-23T22:06:52+00:00,17.9,4,2.4,6.4,287,5,32.67,2,2023-02-17T22:07:55+00:00,False,False
2023-02-20 00:00:00+00:00,Vulcan,SUP,Evil Geniuses,2023-02-24T01:53:29+00:00,20.84,1,1.4,10.8,32.4,5,16.46,2,2023-02-17T23:04:00+00:00,False,False
2023-02-20 00:00:00+00:00,Yeon,BOT,Team Liquid,2023-02-23T23:02:57+00:00,11.11,2.8,3.2,4,329.2,5,28.91,2,2023-02-17T23:59:32+00:00,False,False
2023-02-20 00:00:00+00:00,Zven,SUP,Cloud9,2023-02-23T23:52:26+00:00,21.372,0.4,1.8,12,40.4,5,39.48,2,2023-02-17T23:59:32+00:00,False,False
2023-02-20 00:00:00+00:00,huhi,SUP,Golden Guardians,2023-02-23T23:52:26+00:00,22.02,0.4,1.2,11.8,23.4,5,44.63,2,2023-02-18T02:00:56+00:00,False,False
2023-02-27 00:00:00+00:00,Armut,TOP,Dignitas,2023-03-03T02:11:32+00:00,10.512,1.2,3,2.8,266,5,15.38,2,2023-02-25T02:05:51+00:00,False,False
2023-02-27 00:00:00+00:00,Berserker,BOT,Cloud9,2023-03-03T00:19:28+00:00,23.702,5.8,0.8,5,339.8,5,40.17,2,2023-02-24T22:07:24+00:00,False,False
2023-02-27 00:00:00+00:00,Bjergsen,MID,100 Thieves,2023-03-03T00:19:28+00:00,12.75,3,2.6,2.2,339.8,5,0.21,2,2023-02-25T01:00:01+00:00,False,False
2023-02-27 00:00:00+00:00,Blaber,JGL,Cloud9,2023-03-03T00:19:28+00:00,12.19,1.8,2.8,7.4,190.6,5,33.17,2,2023-02-24T22:07:24+00:00,False,False
2023-02-27 00:00:00+00:00,Bolulu,MID,Immortals,2023-03-03T02:11:32+00:00,14.0599,2.82,2.42,4.65,287.27,0,44.77,2,,False,False
2023-02-27 00:00:00+00:00,Bugi,JGL,TSM,2023-03-02T23:09:01+00:00,10.622,0.8,3,6.8,178.6,5,27.42,2,2023-02-24T22:07:24+00:00,False,False
2023-02-27 00:00:00+00:00,Busio,SUP,100 Thieves,2023-03-03T00:19:28+00:00,10.84,0.8,2,5.2,24,5,6.69,2,2023-02-25T01:00:01+00:00,False,False
2023-02-27 00:00:00+00:00,Chime,SUP,TSM,2023-03-02T23:09:01+00:00,15.164,0.6,2.6,7.6,27,5,34.68,2,2023-02-24T22:07:24+00:00,False,False
2023-02-27 00:00:00+00:00,Closer,JGL,100 Thieves,2023-03-03T00:19:28+00:00,6.604,0.6,3.6,5.8,170.4,5,0.66,2,2023-02-25T01:00:01+00:00,False,False
2023-02-27 00:00:00+00:00,Contractz,JGL,Counter Logic Gaming,2023-03-02T22:08:20+00:00,18.624,3.6,1.2,7.6,190,5,16.58,2,2023-02-24T22:57:27+00:00,False,False
2023-02-27 00:00:00+00:00,CoreJJ,SUP,Team Liquid,2023-03-03T01:16:35+00:00,14.026,0.2,2.4,9,26.6,5,32.08,2,2023-02-25T01:00:01+00:00,False,False
2023-02-27 00:00:00+00:00,Dhokla,TOP,Counter Logic Gaming,2023-03-02T22:08:20+00:00,17.908,3.6,2.2,5.4,295.6,5,25.31,2,2023-02-24T22:57:27+00:00,False,False
2023-02-27 00:00:00+00:00,Doublelift,BOT,100 Thieves,2023-03-03T00:19:28+00:00,10.114,2.8,3.4,2.8,381.2,5,9.25,2,2023-02-25T01:00:01+00:00,False,False
2023-02-27 00:00:00+00:00,EMENES,MID,Cloud9,2023-03-03T00:19:28+00:00,16.065,4.5,4,4,239.5,2,29.71,2,2023-02-24T22:07:24+00:00,False,False
2023-02-27 00:00:00+00:00,Eyla,SUP,FlyQuest,2023-03-02T22:08:20+00:00,16.954,1,1.4,9.2,27.6,5,34.35,2,2023-02-25T02:05:51+00:00,False,False
2023-02-27 00:00:00+00:00,FBI,BOT,Evil Geniuses,2023-03-02T23:09:01+00:00,19.62,4.6,1.6,5.2,372.8,5,45.77,2,2023-02-25T00:02:31+00:00,False,False
2023-02-27 00:00:00+00:00,Fleshy,SUP,Immortals,2023-03-03T02:11:32+00:00,0.356,0,4.6,1.8,33.8,5,46.63,2,2023-02-24T22:57:27+00:00,False,False
2023-02-27 00:00:00+00:00,Fudge,TOP,Cloud9,2023-03-03T00:19:28+00:00,15.79,3.2,2,5.2,258,5,37.65,2,2023-02-24T22:07:24+00:00,False,False
2023-02-27 00:00:00+00:00,Gori,MID,Golden Guardians,2023-03-03T01:16:35+00:00,16.13,3.2,1.4,5.4,304.2,5,34.84,2,2023-02-25T00:02:31+00:00,False,False
2023-02-27 00:00:00+00:00,Haeri,MID,Team Liquid,2023-03-03T01:16:35+00:00,12.326,3,2.6,4,331,5,25.19,2,2023-02-25T01:00:01+00:00,False,False
2023-02-27 00:00:00+00:00,Ignar,SUP,Dignitas,2023-03-03T02:11:32+00:00,6.772,0.2,2.4,4.4,17,5,35.01,2,2023-02-25T02:05:51+00:00,False,False
2023-02-27 00:00:00+00:00,Impact,TOP,FlyQuest,2023-03-02T22:08:20+00:00,14.058,2.4,2.2,6,253.4,5,21.94,2,2023-02-25T02:05:51+00:00,False,False
2023-02-27 00:00:00+00:00,Inspired,JGL,Evil Geniuses,2023-03-02T23:09:01+00:00,12.452,0.8,2,8.8,183.2,5,32.96,2,2023-02-25T00:02:31+00:00,False,False
2023-02-27 00:00:00+00:00,Jensen,MID,Dignitas,2023-03-03T02:11:32+00:00,9.952,1.4,2.4,3,293,5,27.52,2,2023-02-25T02:05:51+00:00,False,False
2023-02-27 00:00:00+00:00,Jojopyun,MID,Evil Geniuses,2023-03-02T23:09:01+00:00,16.382,3.6,3.4,5.8,329,5,54.77,2,2023-02-25T00:02:31+00:00,False,False
2023-02-27 00:00:00+00:00,Kenvi,JGL,Immortals,2023-03-03T02:11:32+00:00,2.488,1.2,3.4,1.6,145,5,10.41,2,2023-02-24T22:57:27+00:00,False,False
2023-02-27 00:00:00+00:00,Licorice,TOP,Golden Guardians,2023-03-03T01:16:35+00:00,13.122,1.2,1.2,5.2,269.2,5,15.65,2,2023-02-25T00:02:31+00:00,False,False
2023-02-27 00:00:00+00:00,Luger,BOT,Counter Logic Gaming,2023-03-02T22:08:20+00:00,21.46,4.6,0.8,6.4,325,5,29.1,2,2023-02-24T22:57:27+00:00,False,False
2023-02-27 00:00:00+00:00,Maple,MID,TSM,2023-03-02T23:09:01+00:00,14.77,2.4,1.8,5.4,276.4,5,26.97,2,2023-02-24T22:07:24+00:00,False,False
2023-02-27 00:00:00+00:00,Palafox,MID,Counter Logic Gaming,2023-03-02T22:08:20+00:00,12.462,3,1.6,5.2,281.4,5,46.32,2,2023-02-24T22:57:27+00:00,False,False
2023-02-27 00:00:00+00:00,Poome,SUP,Counter Logic Gaming,2023-03-02T22:08:20+00:00,19.354,0.2,1.2,11.8,29.2,5,30.3,2,2023-02-24T22:57:27+00:00,False,False
2023-02-27 00:00:00+00:00,Prince,BOT,FlyQuest,2023-03-02T22:08:20+00:00,21.936,6.2,1.2,3.8,356.2,5,31.37,2,2023-02-25T02:05:51+00:00,False,False
2023-02-27 00:00:00+00:00,Pyosik,JGL,Team Liquid,2023-03-03T01:16:35+00:00,12.932,3.6,3,6,199,5,19.72,2,2023-02-25T01:00:01+00:00,False,False
2023-02-27 00:00:00+00:00,Revenge,TOP,Immortals,2023-03-03T02:11:32+00:00,4.428,0.4,3.6,2,249.2,5,24.79,2,2023-02-24T22:57:27+00:00,False,False
2023-02-27 00:00:00+00:00,River,JGL,Golden Guardians,2023-03-03T01:16:35+00:00,16.748,2.2,1.2,8.6,170.2,5,23.05,2,2023-02-25T00:02:31+00:00,False,False
2023-02-27 00:00:00+00:00,Santorin,JGL,Dignitas,2023-03-03T02:11:32+00:00,6.496,1.6,2.4,3.6,158.6,5,19.09,2,2023-02-25T02:05:51+00:00,False,False
2023-02-27 00:00:00+00:00,Solo,TOP,TSM,2023-03-02T23:09:01+00:00,8.532,1.8,3.6,3.4,261.8,5,30.7,2,2023-02-24T22:07:24+00:00,False,False
2023-02-27 00:00:00+00:00,Spica,JGL,FlyQuest,2023-03-02T22:08:20+00:00,13.42,1.6,2.4,8.4,189,5,47.62,2,2023-02-25T02:05:51+00:00,False,False
2023-02-27 00:00:00+00:00,Ssumday,TOP,Evil Geniuses,2023-03-02T23:09:01+00:00,15.518,3.2,1.8,4.8,310,5,35.84,2,2023-02-25T00:02:31+00:00,False,False
2023-02-27 00:00:00+00:00,Stixxay,BOT,Golden Guardians,2023-03-03T01:16:35+00:00,25.582,7.2,0.4,3.8,318,5,19.53,2,2023-02-25T00:02:31+00:00,False,False
2023-02-27 00:00:00+00:00,Summit,TOP,Team Liquid,2023-03-03T01:16:35+00:00,12.85,2.2,3,4.8,322.2,5,32.96,2,2023-02-25T01:00:01+00:00,False,False
2023-02-27 00:00:00+00:00,Tactical,BOT,Immortals,2023-03-03T02:11:32+00:00,6.284,1.4,2.6,1.4,293,5,44.63,2,2023-02-24T22:57:27+00:00,False,False
2023-02-27 00:00:00+00:00,Tenacity,TOP,100 Thieves,2023-03-03T00:19:28+00:00,8.42,1,2.2,3.4,272,5,16.55,2,2023-02-25T01:00:01+00:00,False,False
2023-02-27 00:00:00+00:00,Tomo,BOT,Dignitas,2023-03-03T02:11:32+00:00,14.362,3.6,2.8,5.2,324.6,5,41.15,2,2023-02-25T02:05:51+00:00,False,False
2023-02-27 00:00:00+00:00,VicLa,MID,FlyQuest,2023-03-02T22:08:20+00:00,17.802,3.6,2.6,6.8,286.6,5,29.43,2,2023-02-25T02:05:51+00:00,False,False
2023-02-27 00:00:00+00:00,Vulcan,SUP,Evil Geniuses,2023-03-02T23:09:01+00:00,18.528,0.8,1.8,9.6,30,5,43.95,2,2023-02-25T00:02:31+00:00,False,False
2023-02-27 00:00:00+00:00,WildTurtle,BOT,TSM,2023-03-02T23:09:01+00:00,14.028,3.6,1.8,4.4,299,5,41.43,2,2022-03-25T23:58:38+00:00,False,False
2023-02-27 00:00:00+00:00,Yeon,BOT,Team Liquid,2023-03-03T01:16:35+00:00,11.286,3.4,2.6,3.4,338.6,5,25.46,2,2023-02-25T01:00:01+00:00,False,False
2023-02-27 00:00:00+00:00,Zven,SUP,Cloud9,2023-03-03T00:19:28+00:00,22.25,0.8,1.4,11.2,40.4,5,20.52,2,2023-02-24T22:07:24+00:00,False,False
2023-02-27 00:00:00+00:00,huhi,SUP,Golden Guardians,2023-03-03T01:16:35+00:00,20.754,0.6,1,11,20.8,5,35.23,2,2023-02-25T00:02:31+00:00,False,False
2023-03-06 00:00:00+00:00,Armut,TOP,Dignitas,2023-03-10T03:17:02+00:00,9.334,1.4,3.6,4.6,262.4,5,29.94,2,2023-03-03T23:02:44+00:00,False,False
2023-03-06 00:00:00+00:00,Berserker,BOT,Cloud9,2023-03-10T01:07:34+00:00,21.258,4,0.8,5.8,320.6,5,39.63,2,2023-03-03T23:02:44+00:00,False,False
2023-03-06 00:00:00+00:00,Bjergsen,MID,100 Thieves,2023-03-10T02:21:35+00:00,8.996,2.6,2.8,1.8,276.4,5,47.06,2,2023-03-03T22:07:46+00:00,False,False
2023-03-06 00:00:00+00:00,Blaber,JGL,Cloud9,2023-03-10T01:07:34+00:00,11.87,2.4,2.8,5.4,177.8,5,24.13,2,2023-03-03T23:02:44+00:00,False,False
2023-03-06 00:00:00+00:00,Bolulu,MID,Immortals,2023-03-09T23:22:19+00:00,22.385,4.5,1,8,302,2,39.27,2,2023-03-04T02:03:22+00:00,False,False
2023-03-06 00:00:00+00:00,Bugi,JGL,TSM,2023-03-09T23:22:19+00:00,11.378,1.2,2.6,6.4,179.6,5,15.35,2,2023-03-04T01:01:51+00:00,False,False
2023-03-06 00:00:00+00:00,Busio,SUP,100 Thieves,2023-03-10T02:21:35+00:00,8.294,1.2,3.2,4.2,20.2,5,49.59,2,2023-03-03T22:07:46+00:00,False,False
2023-03-06 00:00:00+00:00,Chime,SUP,TSM,2023-03-09T23:22:19+00:00,13.948,0.4,2.2,7,23.6,5,35.36,2,2023-03-04T01:01:51+00:00,False,False
2023-03-06 00:00:00+00:00,Closer,JGL,100 Thieves,2023-03-10T02:21:35+00:00,5.662,0.6,3,4.8,156.2,5,51.39,2,2023-03-03T22:07:46+00:00,False,False
2023-03-06 00:00:00+00:00,Contractz,JGL,Counter Logic Gaming,2023-03-10T03:17:02+00:00,13.838,2.8,2.6,7.6,170,5,7.41,2,2023-03-03T22:07:46+00:00,False,False
2023-03-06 00:00:00+00:00,CoreJJ,SUP,Team Liquid,2023-03-09T22:22:41+00:00,16.914,0.6,1.8,9,25.8,5,31.45,2,2023-03-04T01:01:51+00:00,False,False
2023-03-06 00:00:00+00:00,Dhokla,TOP,Counter Logic Gaming,2023-03-10T03:17:02+00:00,14.828,3,2.6,5.4,259,5,15.29,2,2023-03-03T22:07:46+00:00,False,False
2023-03-06 00:00:00+00:00,Doublelift,BOT,100 Thieves,2023-03-10T02:21:35+00:00,8.766,2.4,3.4,3,318,5,39.08,2,2023-03-03T22:07:46+00:00,False,False
2023-03-06 00:00:00+00:00,EMENES,MID,Cloud9,2023-03-10T01:07:34+00:00,15.46,3.5,2.5,4.25,236.25,4,39.5,2,2023-03-03T23:02:44+00:00,False,False
2023-03-06 00:00:00+00:00,Eyla,SUP,FlyQuest,2023-03-09T22:22:41+00:00,18.266,1,2,10.6,29,5,23.32,2,2023-03-03T23:58:21+00:00,False,False
2023-03-06 00:00:00+00:00,FBI,BOT,Evil Geniuses,2023-03-10T01:07:34+00:00,20.472,4.6,1.4,4.6,368,5,45.16,2,2023-03-03T23:58:21+00:00,False,False
2023-03-06 00:00:00+00:00,Fleshy,SUP,Immortals,2023-03-09T23:22:19+00:00,8.944,0.4,4.4,6.4,43.4,5,29.56,2,2023-03-04T02:03:22+00:00,False,False
2023-03-06 00:00:00+00:00,Fudge,TOP,Cloud9,2023-03-10T01:07:34+00:00,15.968,2.4,1.2,5,262.8,5,30.35,2,2023-03-03T23:02:44+00:00,False,False
2023-03-06 00:00:00+00:00,Gori,MID,Golden Guardians,2023-03-10T02:21:35+00:00,17.43,2.6,2,5.6,295.2,5,26.07,2,2023-03-04T02:03:22+00:00,False,False
2023-03-06 00:00:00+00:00,Haeri,MID,Team Liquid,2023-03-09T22:22:41+00:00,14.388,3.2,2.2,4.6,324.8,5,38.04,2,2023-03-04T01:01:51+00:00,False,False
2023-03-06 00:00:00+00:00,Ignar,SUP,Dignitas,2023-03-10T03:17:02+00:00,12.548,0.2,2.2,8.2,18.4,5,26.89,2,2023-03-03T23:02:44+00:00,False,False
2023-03-06 00:00:00+00:00,Impact,TOP,FlyQuest,2023-03-09T22:22:41+00:00,13.642,3,2.4,4.6,280,5,30.91,2,2023-03-03T23:58:21+00:00,False,False
2023-03-06 00:00:00+00:00,Inspired,JGL,Evil Geniuses,2023-03-10T01:07:34+00:00,11.726,0.8,1.8,8.4,201,5,29.91,2,2023-03-03T23:58:21+00:00,False,False
2023-03-06 00:00:00+00:00,Jensen,MID,Dignitas,2023-03-10T03:17:02+00:00,14.226,3.6,2.4,4,324.4,5,32.38,2,2023-03-03T23:02:44+00:00,False,False
2023-03-06 00:00:00+00:00,Jojopyun,MID,Evil Geniuses,2023-03-10T01:07:34+00:00,17.808,4.6,2.6,4.4,314.2,5,8.18,1,2023-03-03T23:58:21+00:00,False,False
2023-03-06 00:00:00+00:00,Kenvi,JGL,Immortals,2023-03-09T23:22:19+00:00,4.114,1.2,4.6,4,163,5,24.1,2,2023-03-04T02:03:22+00:00,False,False
2023-03-06 00:00:00+00:00,Licorice,TOP,Golden Guardians,2023-03-10T02:21:35+00:00,11.666,1.6,1.8,3.6,276.2,5,25.2,2,2023-03-04T02:03:22+00:00,False,False
2023-03-06 00:00:00+00:00,Luger,BOT,Counter Logic Gaming,2023-03-10T03:17:02+00:00,18.684,4.2,1,5.4,319.8,5,29.15,2,2023-03-03T22:07:46+00:00,False,False
2023-03-06 00:00:00+00:00,Maple,MID,TSM,2023-03-09T23:22:19+00:00,10.824,2.2,2,4.2,298.6,5,22.1,2,2023-03-04T01:01:51+00:00,False,False
2023-03-06 00:00:00+00:00,Palafox,MID,Counter Logic Gaming,2023-03-10T03:17:02+00:00,17.692,4,1.6,5.4,305.2,5,38.87,2,2023-03-03T22:07:46+00:00,False,False
2023-03-06 00:00:00+00:00,Poome,SUP,Counter Logic Gaming,2023-03-10T03:17:02+00:00,17.184,0.4,2.2,11,30.2,5,19.3,2,2023-03-03T22:07:46+00:00,False,False
2023-03-06 00:00:00+00:00,Prince,BOT,FlyQuest,2023-03-09T22:22:41+00:00,20.698,5.8,1.4,3.8,382.6,5,14.7,2,2023-03-03T23:58:21+00:00,False,False
2023-03-06 00:00:00+00:00,Pyosik,JGL,Team Liquid,2023-03-09T22:22:41+00:00,12.824,3.4,2.2,5.2,211,5,30.55,2,2023-03-04T01:01:51+00:00,False,False
2023-03-06 00:00:00+00:00,Revenge,TOP,Immortals,2023-03-09T23:22:19+00:00,7.624,1.6,4.4,3.8,270.8,5,25.82,2,2023-03-04T02:03:22+00:00,False,False
2023-03-06 00:00:00+00:00,River,JGL,Golden Guardians,2023-03-10T02:21:35+00:00,13.342,2.2,2.2,7.4,166.8,5,23.59,2,2023-03-04T02:03:22+00:00,False,False
2023-03-06 00:00:00+00:00,Ryoma,MID,Evil Geniuses,2023-03-11T00:06:30+00:00,14.96,2.4,2.2,3.2,247.6,5,17.21,1,2022-01-23T21:13:50+00:00,False,False
2023-03-06 00:00:00+00:00,Santorin,JGL,Dignitas,2023-03-10T03:17:02+00:00,8.368,1.8,3,6,163,5,12.3,2,2023-03-03T23:02:44+00:00,False,False
2023-03-06 00:00:00+00:00,Solo,TOP,TSM,2023-03-09T23:22:19+00:00,10.248,1.2,2.6,3.4,280.6,5,18.62,2,2023-03-04T01:01:51+00:00,False,False
2023-03-06 00:00:00+00:00,Spica,JGL,FlyQuest,2023-03-09T22:22:41+00:00,18.36,3,1.6,8.8,208.8,5,14.9,2,2023-03-03T23:58:21+00:00,False,False
2023-03-06 00:00:00+00:00,Ssumday,TOP,Evil Geniuses,2023-03-10T01:07:34+00:00,14.658,2.4,2.2,6,307.8,5,39.04,2,2023-03-03T23:58:21+00:00,False,False
2023-03-06 00:00:00+00:00,Stixxay,BOT,Golden Guardians,2023-03-10T02:21:35+00:00,17.25,5,1.6,3.8,317.6,5,33.37,2,2023-03-04T02:03:22+00:00,False,False
2023-03-06 00:00:00+00:00,Summit,TOP,Team Liquid,2023-03-09T22:22:41+00:00,14.518,1.8,1.8,5.2,307,5,22.71,2,2023-03-04T01:01:51+00:00,False,False
2023-03-06 00:00:00+00:00,Tactical,BOT,Immortals,2023-03-09T23:22:19+00:00,13.164,3.6,2.4,3.2,341,5,27.45,2,2023-03-04T02:03:22+00:00,False,False
2023-03-06 00:00:00+00:00,Tenacity,TOP,100 Thieves,2023-03-10T02:21:35+00:00,8.944,1,2,3,236.2,5,35.4,2,2023-03-03T22:07:46+00:00,False,False
2023-03-06 00:00:00+00:00,Tomo,BOT,Dignitas,2023-03-10T03:17:02+00:00,17.506,5,2.6,4.4,354.2,5,26.48,2,2023-03-03T23:02:44+00:00,False,False
2023-03-06 00:00:00+00:00,VicLa,MID,FlyQuest,2023-03-09T22:22:41+00:00,17.482,3.4,3.6,7.8,276.6,5,35.23,2,2023-03-03T23:58:21+00:00,False,False
2023-03-06 00:00:00+00:00,Vulcan,SUP,Evil Geniuses,2023-03-10T01:07:34+00:00,17.696,0.2,2.4,10.2,28.8,5,38.43,2,2023-03-03T23:58:21+00:00,False,False
2023-03-06 00:00:00+00:00,WildTurtle,BOT,TSM,2023-03-09T23:22:19+00:00,19.968,5,1.6,4.8,343.2,5,44.09,2,2023-03-04T01:01:51+00:00,False,False
2023-03-06 00:00:00+00:00,Yeon,BOT,Team Liquid,2023-03-09T22:22:41+00:00,12.626,3.2,1.6,3.4,321,5,28.08,2,2023-03-04T01:01:51+00:00,False,False
2023-03-06 00:00:00+00:00,Zven,SUP,Cloud9,2023-03-10T01:07:34+00:00,16.558,0.8,2.4,8.4,35.6,5,32.71,2,2023-03-03T23:02:44+00:00,False,False
2023-03-06 00:00:00+00:00,huhi,SUP,Golden Guardians,2023-03-10T02:21:35+00:00,18.016,1.2,1.8,9,29.4,5,35.17,2,2023-03-04T02:03:22+00:00,False,False
2023-03-13 00:00:00+00:00,Armut,TOP,Dignitas,2023-03-16T01:04:16+00:00,10.096,2,4.2,5.2,260.6,5,33.75,3,2023-03-11T01:15:34+00:00,False,False
2023-03-13 00:00:00+00:00,Berserker,BOT,Cloud9,2023-03-15T21:07:53+00:00,22.188,3.6,0.4,7,287.4,5,79.8,4,2023-03-10T22:07:50+00:00,False,False
2023-03-13 00:00:00+00:00,Bjergsen,MID,100 Thieves,2023-03-15T23:02:22+00:00,14.468,3,1.4,4.2,257.2,5,119.62,5,2023-03-11T01:15:34+00:00,False,False
2023-03-13 00:00:00+00:00,Blaber,JGL,Cloud9,2023-03-15T21:07:53+00:00,14.804,2.8,1.8,6.4,177.8,5,48.53,4,2023-03-10T22:07:50+00:00,False,False
2023-03-13 00:00:00+00:00,Bolulu,MID,Immortals,2023-03-16T00:12:42+00:00,21.01,4.25,1.5,7.75,295.5,4,27.72,3,2023-03-10T23:04:09+00:00,False,False
2023-03-13 00:00:00+00:00,Bugi,JGL,TSM,2023-03-15T23:02:22+00:00,8.89,2,3.8,5.8,183.4,5,31.97,3,2023-03-11T02:07:28+00:00,False,False
2023-03-13 00:00:00+00:00,Busio,SUP,100 Thieves,2023-03-15T23:02:22+00:00,14.322,0.6,2.4,7.2,24.6,5,123.95,5,2023-03-11T01:15:34+00:00,False,False
2023-03-13 00:00:00+00:00,Chime,SUP,TSM,2023-03-15T23:02:22+00:00,15.522,0.4,3.2,9.4,31,5,44.57,3,2023-03-11T02:07:28+00:00,False,False
2023-03-13 00:00:00+00:00,Closer,JGL,100 Thieves,2023-03-15T23:02:22+00:00,13.192,3,2.4,5,156.6,5,125.62,5,2023-03-11T01:15:34+00:00,False,False
2023-03-13 00:00:00+00:00,Contractz,JGL,Counter Logic Gaming,2023-03-15T21:57:47+00:00,9.838,1.6,3.6,7.4,190.4,5,72.99,4,2023-03-11T00:06:30+00:00,False,False
2023-03-13 00:00:00+00:00,CoreJJ,SUP,Team Liquid,2023-03-16T01:04:16+00:00,15.056,1.2,2.2,7.2,32,5,38.41,3,2023-03-10T22:07:50+00:00,False,False
2023-03-13 00:00:00+00:00,Dhokla,TOP,Counter Logic Gaming,2023-03-15T21:57:47+00:00,11.964,2.8,3.8,5.2,260.2,5,50.76,4,2023-03-11T00:06:30+00:00,False,False
2023-03-13 00:00:00+00:00,Doublelift,BOT,100 Thieves,2023-03-15T23:02:22+00:00,12.858,2,2,4.6,299.2,5,163.99,5,2023-03-11T01:15:34+00:00,False,False
2023-03-13 00:00:00+00:00,EMENES,MID,Cloud9,2023-03-15T21:07:53+00:00,18.576,4.2,1.4,5.4,246,5,46.29,4,2023-03-10T22:07:50+00:00,False,False
2023-03-13 00:00:00+00:00,Eyla,SUP,FlyQuest,2023-03-15T21:07:53+00:00,15.696,0.6,2.4,9.2,32.4,5,43.85,4,2023-03-10T23:04:09+00:00,False,False
2023-03-13 00:00:00+00:00,FBI,BOT,Evil Geniuses,2023-03-16T00:12:42+00:00,20.504,5.6,2.2,4.4,370,5,59.15,4,2023-03-11T00:06:30+00:00,False,False
2023-03-13 00:00:00+00:00,Fleshy,SUP,Immortals,2023-03-16T00:12:42+00:00,14.556,1,4.4,9.6,48,5,33.65,3,2023-03-10T23:04:09+00:00,False,False
2023-03-13 00:00:00+00:00,Fudge,TOP,Cloud9,2023-03-15T21:07:53+00:00,17,3,1,4.8,237,5,57.89,4,2023-03-10T22:07:50+00:00,False,False
2023-03-13 00:00:00+00:00,Gori,MID,Golden Guardians,2023-03-15T21:57:47+00:00,14.888,3,2.6,5.8,264.6,5,51.71,3,2023-03-11T02:07:28+00:00,False,False
2023-03-13 00:00:00+00:00,Haeri,MID,Team Liquid,2023-03-16T01:04:16+00:00,16.274,3.4,1.6,4.4,287.8,5,39.08,3,2023-03-10T22:07:50+00:00,False,False
2023-03-13 00:00:00+00:00,Hauntzer,TOP,TSM,2023-03-16T22:13:22+00:00,6.67,0.4,2.4,3.2,245.8,5,26.85,2,2020-08-23T23:21:02+00:00,False,False
2023-03-13 00:00:00+00:00,Ignar,SUP,Dignitas,2023-03-16T01:04:16+00:00,13.298,0.8,3.2,8.4,31.6,5,19.68,3,2023-03-11T01:15:34+00:00,False,False
2023-03-13 00:00:00+00:00,Impact,TOP,FlyQuest,2023-03-15T21:07:53+00:00,14.444,3.6,2.6,3.8,274.2,5,35.05,4,2023-03-10T23:04:09+00:00,False,False
2023-03-13 00:00:00+00:00,Inspired,JGL,Evil Geniuses,2023-03-16T00:12:42+00:00,14.134,1,1.4,9.4,211.8,5,27.16,4,2023-03-11T00:06:30+00:00,False,False
2023-03-13 00:00:00+00:00,Jensen,MID,Dignitas,2023-03-16T01:04:16+00:00,13.262,4.2,3,3.8,328.6,5,26.34,3,2023-03-11T01:15:34+00:00,False,False
2023-03-13 00:00:00+00:00,Jojopyun,MID,Evil Geniuses,2023-03-16T00:12:42+00:00,13.898,3.8,3.8,4.4,305.6,5,35.52,4,2023-03-10T01:07:34+00:00,False,False
2023-03-13 00:00:00+00:00,Kenvi,JGL,Immortals,2023-03-16T00:12:42+00:00,7.896,2,4.8,6.4,181.6,5,33.56,3,2023-03-10T23:04:09+00:00,False,False
2023-03-13 00:00:00+00:00,Licorice,TOP,Golden Guardians,2023-03-15T21:57:47+00:00,9.806,1.2,2.4,4,243.2,5,18.55,3,2023-03-11T02:07:28+00:00,False,False
2023-03-13 00:00:00+00:00,Luger,BOT,Counter Logic Gaming,2023-03-15T21:57:47+00:00,16.274,3.2,1.8,6,341.6,5,84.12,4,2023-03-11T00:06:30+00:00,False,False
2023-03-13 00:00:00+00:00,Maple,MID,TSM,2023-03-15T23:02:22+00:00,10.832,2.4,3,5.6,289.4,5,65.35,3,2023-03-11T02:07:28+00:00,False,False
2023-03-13 00:00:00+00:00,Palafox,MID,Counter Logic Gaming,2023-03-15T21:57:47+00:00,21.068,5,1.4,4.6,354.4,5,90.3,4,2023-03-11T00:06:30+00:00,False,False
2023-03-13 00:00:00+00:00,Poome,SUP,Counter Logic Gaming,2023-03-15T21:57:47+00:00,15.414,1,3.8,9.8,38.8,5,68.55,4,2023-03-11T00:06:30+00:00,False,False
2023-03-13 00:00:00+00:00,Prince,BOT,FlyQuest,2023-03-15T21:07:53+00:00,12.154,3.2,3,4.2,347.4,5,65.31,4,2023-03-10T23:04:09+00:00,False,False
2023-03-13 00:00:00+00:00,Pyosik,JGL,Team Liquid,2023-03-16T01:04:16+00:00,11.224,2.6,2.2,5,194,5,28.38,3,2023-03-10T22:07:50+00:00,False,False
2023-03-13 00:00:00+00:00,Revenge,TOP,Immortals,2023-03-16T00:12:42+00:00,12.304,2.4,3.8,6,294.4,5,33.59,3,2023-03-10T23:04:09+00:00,False,False
2023-03-13 00:00:00+00:00,River,JGL,Golden Guardians,2023-03-15T21:57:47+00:00,12.86,2,2,7.4,153.8,5,16.06,3,2023-03-11T02:07:28+00:00,False,False
2023-03-13 00:00:00+00:00,Santorin,JGL,Dignitas,2023-03-16T01:04:16+00:00,7.386,1.2,3.6,6.8,171,5,33.28,3,2023-03-11T01:15:34+00:00,False,False
2023-03-13 00:00:00+00:00,Solo,TOP,TSM,2023-03-15T23:02:22+00:00,10.746,1.2,3.2,5.2,263.2,5,6.91,1,2023-03-11T02:07:28+00:00,False,False
2023-03-13 00:00:00+00:00,Spica,JGL,FlyQuest,2023-03-15T21:07:53+00:00,16.636,3.4,2.8,8,207.4,5,42.3,4,2023-03-10T23:04:09+00:00,False,False
2023-03-13 00:00:00+00:00,Ssumday,TOP,Evil Geniuses,2023-03-16T00:12:42+00:00,17.614,2.8,1,6,333,5,41.56,4,2023-03-11T00:06:30+00:00,False,False
2023-03-13 00:00:00+00:00,Stixxay,BOT,Golden Guardians,2023-03-15T21:57:47+00:00,17.02,5,2,4,296.2,5,16.84,3,2023-03-11T02:07:28+00:00,False,False
2023-03-13 00:00:00+00:00,Summit,TOP,Team Liquid,2023-03-16T01:04:16+00:00,13.446,1.6,2.6,4.2,264.4,5,37.59,3,2023-03-10T22:07:50+00:00,False,False
2023-03-13 00:00:00+00:00,Tactical,BOT,Immortals,2023-03-16T00:12:42+00:00,17.166,5,3.2,4.8,358,5,28.93,3,2023-03-10T23:04:09+00:00,False,False
2023-03-13 00:00:00+00:00,Tenacity,TOP,100 Thieves,2023-03-15T23:02:22+00:00,13.584,1.6,1.6,5,227.8,5,101.98,5,2023-03-11T01:15:34+00:00,False,False
2023-03-13 00:00:00+00:00,Tomo,BOT,Dignitas,2023-03-16T01:04:16+00:00,16.384,4,3.4,4.8,350.2,5,26.89,3,2023-03-11T01:15:34+00:00,False,False
2023-03-13 00:00:00+00:00,VicLa,MID,FlyQuest,2023-03-15T21:07:53+00:00,16.26,3.2,3,6,275.2,5,55.77,4,2023-03-10T23:04:09+00:00,False,False
2023-03-13 00:00:00+00:00,Vulcan,SUP,Evil Geniuses,2023-03-16T00:12:42+00:00,17.792,0.2,2.6,11.2,29,5,49.94,4,2023-03-11T00:06:30+00:00,False,False
2023-03-13 00:00:00+00:00,WildTurtle,BOT,TSM,2023-03-15T23:02:22+00:00,18.57,4.8,2,3.6,376.2,5,45.43,3,2023-03-11T02:07:28+00:00,False,False
2023-03-13 00:00:00+00:00,Yeon,BOT,Team Liquid,2023-03-16T01:04:16+00:00,11.632,2,1.8,4.6,266,5,40.39,3,2023-03-10T22:07:50+00:00,False,False
2023-03-13 00:00:00+00:00,Zven,SUP,Cloud9,2023-03-15T21:07:53+00:00,16.802,1.2,2.4,9.2,22.6,5,64.55,4,2023-03-10T22:07:50+00:00,False,False
2023-03-13 00:00:00+00:00,huhi,SUP,Golden Guardians,2023-03-15T21:57:47+00:00,19.508,1.2,2.2,10,23.6,5,34.54,3,2023-03-11T02:07:28+00:00,False,False
2023-03-20 00:00:00+00:00,Berserker,BOT,Cloud9,2023-03-24T21:09:05+00:00,20.966,5.6,1.4,3.6,305,5,63.83,4,2023-03-18T02:12:46+00:00,False,False
2023-03-20 00:00:00+00:00,Bjergsen,MID,100 Thieves,2023-03-23T21:10:53+00:00,23.924,3.2,1.4,13.4,306.6,5,112.66,8,2023-03-18T04:18:13+00:00,False,False
2023-03-20 00:00:00+00:00,Blaber,JGL,Cloud9,2023-03-24T21:09:05+00:00,12.716,3,2.8,5.6,180,5,42.19,4,2023-03-18T02:12:46+00:00,False,False
2023-03-20 00:00:00+00:00,Busio,SUP,100 Thieves,2023-03-23T21:10:53+00:00,24.79,0.6,3,17,38.6,5,111.43,8,2023-03-18T04:18:13+00:00,False,False
2023-03-20 00:00:00+00:00,Closer,JGL,100 Thieves,2023-03-23T21:10:53+00:00,25.124,6.2,2,10.8,230.6,5,76.11,8,2023-03-18T04:18:13+00:00,False,False
2023-03-20 00:00:00+00:00,Contractz,JGL,Counter Logic Gaming,2023-03-24T21:09:05+00:00,14.602,3.4,3.2,8,207.4,5,56.77,7,2023-03-18T04:18:13+00:00,False,False
2023-03-20 00:00:00+00:00,Dhokla,TOP,Counter Logic Gaming,2023-03-24T21:09:05+00:00,11.672,2.8,3.8,3.8,324,5,57.55,7,2023-03-18T04:18:13+00:00,False,False
2023-03-20 00:00:00+00:00,Doublelift,BOT,100 Thieves,2023-03-23T21:10:53+00:00,32.798,9.2,2.2,8.6,398.8,5,145.68,8,2023-03-18T04:18:13+00:00,False,False
2023-03-20 00:00:00+00:00,EMENES,MID,Cloud9,2023-03-24T21:09:05+00:00,13.996,1.4,3.2,6.4,255.4,5,39.52,4,2023-03-18T02:12:46+00:00,False,False
2023-03-20 00:00:00+00:00,Eyla,SUP,FlyQuest,2023-03-23T21:10:53+00:00,13.142,0.4,2.6,7.8,38.4,5,71.49,3,2023-03-18T02:12:46+00:00,False,False
2023-03-20 00:00:00+00:00,FBI,BOT,Evil Geniuses,2023-03-26T21:07:09+00:00,17.714,5.6,3.2,4.4,364.8,5,68.85,3,2023-03-18T03:06:32+00:00,False,False
2023-03-20 00:00:00+00:00,Fudge,TOP,Cloud9,2023-03-24T21:09:05+00:00,15.3,2.6,1.6,4.4,236.8,5,46.39,4,2023-03-18T02:12:46+00:00,False,False
2023-03-20 00:00:00+00:00,Gori,MID,Golden Guardians,2023-03-25T21:07:11+00:00,15.556,4,2.8,4.4,269,5,46.88,5,2023-03-18T00:15:04+00:00,False,False
2023-03-20 00:00:00+00:00,Impact,TOP,FlyQuest,2023-03-23T21:10:53+00:00,10.276,2,2.2,3.4,212.6,5,40.19,3,2023-03-18T02:12:46+00:00,False,False
2023-03-20 00:00:00+00:00,Inspired,JGL,Evil Geniuses,2023-03-26T21:07:09+00:00,10.1,0.8,2.4,8,210,5,51.8,3,2023-03-18T03:06:32+00:00,False,False
2023-03-20 00:00:00+00:00,Jojopyun,MID,Evil Geniuses,2023-03-26T21:07:09+00:00,8.74,2.4,5.2,5.2,291.4,5,57.34,3,2023-03-18T03:06:32+00:00,False,False
2023-03-20 00:00:00+00:00,Licorice,TOP,Golden Guardians,2023-03-25T21:07:11+00:00,8.75,0.8,2.4,4.4,228.6,5,61.17,5,2023-03-18T00:15:04+00:00,False,False
2023-03-20 00:00:00+00:00,Luger,BOT,Counter Logic Gaming,2023-03-24T21:09:05+00:00,18.03,4.8,1.4,4.8,386.8,5,80.9,7,2023-03-18T04:18:13+00:00,False,False
2023-03-20 00:00:00+00:00,Palafox,MID,Counter Logic Gaming,2023-03-24T21:09:05+00:00,20.354,3.8,1.8,7,350.8,5,85.03,7,2023-03-18T04:18:13+00:00,False,False
2023-03-20 00:00:00+00:00,Poome,SUP,Counter Logic Gaming,2023-03-24T21:09:05+00:00,14.374,1,3.8,10,45.8,5,91.92,7,2023-03-18T04:18:13+00:00,False,False
2023-03-20 00:00:00+00:00,Prince,BOT,FlyQuest,2023-03-23T21:10:53+00:00,15.294,3.4,2.2,4.6,276.6,5,62.52,3,2023-03-18T02:12:46+00:00,False,False
2023-03-20 00:00:00+00:00,River,JGL,Golden Guardians,2023-03-25T21:07:11+00:00,7.93,2.4,4.2,5.2,158.6,5,48.92,5,2023-03-18T00:15:04+00:00,False,False
2023-03-20 00:00:00+00:00,Spica,JGL,FlyQuest,2023-03-23T21:10:53+00:00,11.152,2.4,3.2,6.2,174.2,5,56.2,3,2023-03-18T02:12:46+00:00,False,False
2023-03-20 00:00:00+00:00,Ssumday,TOP,Evil Geniuses,2023-03-26T21:07:09+00:00,12.956,2.4,2,5,278.8,5,47.99,3,2023-03-18T03:06:32+00:00,False,False
2023-03-20 00:00:00+00:00,Stixxay,BOT,Golden Guardians,2023-03-25T21:07:11+00:00,10.042,3.2,3,3.6,305.8,5,80.27,5,2023-03-18T00:15:04+00:00,False,False
2023-03-20 00:00:00+00:00,Tenacity,TOP,100 Thieves,2023-03-23T21:10:53+00:00,20.396,2.2,2,12.4,264.6,5,73.32,8,2023-03-18T04:18:13+00:00,False,False
2023-03-20 00:00:00+00:00,VicLa,MID,FlyQuest,2023-03-23T21:10:53+00:00,18.182,4,2.8,6,247.8,5,91.26,3,2023-03-18T02:12:46+00:00,False,False
2023-03-20 00:00:00+00:00,Vulcan,SUP,Evil Geniuses,2023-03-26T21:07:09+00:00,14.62,1,3.2,8.8,22.4,5,77.04,3,2023-03-18T03:06:32+00:00,False,False
2023-03-20 00:00:00+00:00,Zven,SUP,Cloud9,2023-03-24T21:09:05+00:00,17.17,0.8,2.2,9.4,29.8,5,69.08,4,2023-03-18T02:12:46+00:00,False,False
2023-03-20 00:00:00+00:00,huhi,SUP,Golden Guardians,2023-03-25T21:07:11+00:00,13.942,1.4,2.4,7.4,29.6,5,78.4,5,2023-03-18T00:15:04+00:00,False,False
2023-03-27 00:00:00+00:00,Berserker,BOT,Cloud9,2023-03-30T21:09:21+00:00,20.492,5.6,1.6,4,334,5,102.05,3,2023-03-24T23:57:14+00:00,False,False
2023-03-27 00:00:00+00:00,Blaber,JGL,Cloud9,2023-03-30T21:09:21+00:00,12.056,2.2,3.6,7.6,183,5,64.03,3,2023-03-24T23:57:14+00:00,False,False
2023-03-27 00:00:00+00:00,EMENES,MID,Cloud9,2023-03-30T21:09:21+00:00,9.338,2.2,2.4,4.8,277.6,5,81.72,3,2023-03-24T23:57:14+00:00,False,False
2023-03-27 00:00:00+00:00,Eyla,SUP,FlyQuest,2023-03-30T21:09:21+00:00,17.692,0.4,2,10.6,30,5,29.4,3,2023-03-23T23:04:29+00:00,False,False
2023-03-27 00:00:00+00:00,FBI,BOT,Evil Geniuses,2023-03-31T21:10:17+00:00,22.886,7.6,3.4,5.4,349.6,5,8.86,3,2023-03-26T22:57:23+00:00,False,False
2023-03-27 00:00:00+00:00,Fudge,TOP,Cloud9,2023-03-30T21:09:21+00:00,12.168,1.8,2,5,279,5,51.49,3,2023-03-24T23:57:14+00:00,False,False
2023-03-27 00:00:00+00:00,Gori,MID,Golden Guardians,2023-03-31T21:10:17+00:00,9.376,2.2,2.4,3,261.6,5,47.1,3,2023-03-26T00:23:26+00:00,False,False
2023-03-27 00:00:00+00:00,Impact,TOP,FlyQuest,2023-03-30T21:09:21+00:00,11.548,1.6,2.2,4.6,237,5,27.93,3,2023-03-23T23:04:29+00:00,False,False
2023-03-27 00:00:00+00:00,Inspired,JGL,Evil Geniuses,2023-03-31T21:10:17+00:00,15.224,3.2,2.2,8.8,215,5,19.14,3,2023-03-26T22:57:23+00:00,False,False
2023-03-27 00:00:00+00:00,Jojopyun,MID,Evil Geniuses,2023-03-31T21:10:17+00:00,16.676,3.6,3.2,8.2,340.4,5,14.57,3,2023-03-26T22:57:23+00:00,False,False
2023-03-27 00:00:00+00:00,Licorice,TOP,Golden Guardians,2023-03-31T21:10:17+00:00,12.234,2,2,3.4,253.2,5,55.51,3,2023-03-26T00:23:26+00:00,False,False
2023-03-27 00:00:00+00:00,Prince,BOT,FlyQuest,2023-03-30T21:09:21+00:00,20.96,3.2,1.4,7.4,292,5,36.85,3,2023-03-23T23:04:29+00:00,False,False
2023-03-27 00:00:00+00:00,River,JGL,Golden Guardians,2023-03-31T21:10:17+00:00,9.784,1.8,4,6.2,149,5,63.78,3,2023-03-26T00:23:26+00:00,False,False
2023-03-27 00:00:00+00:00,Spica,JGL,FlyQuest,2023-03-30T21:09:21+00:00,15.172,3,1.8,7.8,165.4,5,20.11,3,2023-03-23T23:04:29+00:00,False,False
2023-03-27 00:00:00+00:00,Ssumday,TOP,Evil Geniuses,2023-03-31T21:10:17+00:00,15.32,2.6,1.8,7.6,283.2,5,15.02,3,2023-03-26T22:57:23+00:00,False,False
2023-03-27 00:00:00+00:00,Stixxay,BOT,Golden Guardians,2023-03-31T21:10:17+00:00,16.054,3.8,2.2,4.2,293.2,5,73,3,2023-03-26T00:23:26+00:00,False,False
2023-03-27 00:00:00+00:00,VicLa,MID,FlyQuest,2023-03-30T21:09:21+00:00,23.472,6.2,2.2,6,265.4,5,15.44,3,2023-03-23T23:04:29+00:00,False,False
2023-03-27 00:00:00+00:00,Vulcan,SUP,Evil Geniuses,2023-03-31T21:10:17+00:00,22.582,1.2,3,13.4,29.6,5,19.38,3,2023-03-26T22:57:23+00:00,False,False
2023-03-27 00:00:00+00:00,Zven,SUP,Cloud9,2023-03-30T21:09:21+00:00,17.968,1.4,1.8,9,24,5,78.87,3,2023-03-24T23:57:14+00:00,False,False
2023-03-27 00:00:00+00:00,huhi,SUP,Golden Guardians,2023-03-31T21:10:17+00:00,15.68,0.6,2.2,8.2,24,5,49.09,3,2023-03-26T00:23:26+00:00,False,False
2023-04-03 00:00:00+00:00,Berserker,BOT,Cloud9,2023-04-09T20:52:10+00:00,28.78,8,1.6,7,325.4,5,84.45,4,2023-03-30T22:57:18+00:00,False,False
2023-04-03 00:00:00+00:00,Blaber,JGL,Cloud9,2023-04-09T20:52:10+00:00,17.714,1.4,2.6,13.4,181.4,5,40.14,4,2023-03-30T22:57:18+00:00,False,False
2023-04-03 00:00:00+00:00,EMENES,MID,Cloud9,2023-04-09T20:52:10+00:00,21.508,5.6,1.2,7.6,282.6,5,65.03,4,2023-03-30T22:57:18+00:00,False,False
2023-04-03 00:00:00+00:00,Fudge,TOP,Cloud9,2023-04-09T20:52:10+00:00,15.028,2.2,2,7.4,265.8,5,62.94,4,2023-03-30T22:57:18+00:00,False,False
2023-04-03 00:00:00+00:00,Gori,MID,Golden Guardians,2023-04-08T20:17:16+00:00,14.426,2.4,1.2,5.4,254.2,5,153.87,9,2023-03-31T22:45:31+00:00,False,False
2023-04-03 00:00:00+00:00,Impact,TOP,FlyQuest,2023-04-08T20:17:16+00:00,11.504,2.4,3.4,4.8,249.2,5,46.31,5,2023-03-30T22:57:18+00:00,False,False
2023-04-03 00:00:00+00:00,Licorice,TOP,Golden Guardians,2023-04-08T20:17:16+00:00,18.588,3,1.4,4.4,273,5,118.94,9,2023-03-31T22:45:31+00:00,False,False
2023-04-03 00:00:00+00:00,Prince,BOT,FlyQuest,2023-04-08T20:17:16+00:00,15.6,3.2,3,6.4,319.2,5,63.33,5,2023-03-30T22:57:18+00:00,False,False
2023-04-03 00:00:00+00:00,River,JGL,Golden Guardians,2023-04-08T20:17:16+00:00,18.178,1.6,1.2,9.4,154.2,5,128.49,9,2023-03-31T22:45:31+00:00,False,False
2023-04-03 00:00:00+00:00,Spica,JGL,FlyQuest,2023-04-08T20:17:16+00:00,11.534,2.2,3.2,7.6,168.6,5,44.14,5,2023-03-30T22:57:18+00:00,False,False
2023-04-03 00:00:00+00:00,Stixxay,BOT,Golden Guardians,2023-04-08T20:17:16+00:00,19.482,4.8,1,3.8,297.4,5,155.4,9,2023-03-31T22:45:31+00:00,False,False
2023-04-03 00:00:00+00:00,VicLa,MID,FlyQuest,2023-04-08T20:17:16+00:00,14.916,3.6,3.4,5.2,282.8,5,79.36,5,2023-03-30T22:57:18+00:00,False,False
2023-04-03 00:00:00+00:00,Winsome,SUP,FlyQuest,2023-04-08T20:17:16+00:00,17.464,1.8,3,9.8,35.4,5,68.73,5,2023-02-17T22:07:55+00:00,False,False
2023-04-03 00:00:00+00:00,Zven,SUP,Cloud9,2023-04-09T20:52:10+00:00,26.468,1.6,1.6,14.2,36.2,5,69.95,4,2023-03-30T22:57:18+00:00,False,False
2023-04-03 00:00:00+00:00,huhi,SUP,Golden Guardians,2023-04-08T20:17:16+00:00,16.246,0.6,1.4,8.2,26.8,5,147.96,9,2023-03-31T22:45:31+00:00,False,False
2023-06-12 00:00:00+00:00,Armao,JGL,Evil Geniuses,2023-06-15T00:03:10+00:00,9.092,2,3.8,5.8,177.8,5,45.85,3,2021-07-25T19:14:38+00:00,False,False
2023-06-12 00:00:00+00:00,Berserker,BOT,Cloud9,2023-06-14T21:13:03+00:00,23.556,6.8,2,4.2,335,5,58.38,3,2023-04-09T23:35:52+00:00,False,False
2023-06-12 00:00:00+00:00,Blaber,JGL,Cloud9,2023-06-14T21:13:03+00:00,12.398,1.4,2.4,9.4,169.8,5,61.56,3,2023-04-09T23:35:52+00:00,False,False
2023-06-12 00:00:00+00:00,Bolulu,MID,Immortals,2023-06-14T23:03:07+00:00,13.398,2.6,1.8,5,250,5,48.41,3,2023-03-18T01:18:42+00:00,False,False
2023-06-12 00:00:00+00:00,Bugi,JGL,TSM,2023-06-14T22:05:21+00:00,9.464,2.8,3.6,5.6,192.8,5,37.94,3,2023-03-17T22:08:43+00:00,False,False
2023-06-12 00:00:00+00:00,Busio,SUP,100 Thieves,2023-06-15T00:51:45+00:00,15.616,0.4,2.4,10.2,24.6,5,34.15,3,2023-03-26T00:23:26+00:00,False,False
2023-06-12 00:00:00+00:00,Chime,SUP,TSM,2023-06-14T22:05:21+00:00,15.986,0.2,2.4,10.4,35.8,5,36.56,3,2023-03-17T22:08:43+00:00,False,False
2023-06-12 00:00:00+00:00,Closer,JGL,100 Thieves,2023-06-15T00:51:45+00:00,13.192,3.2,2.4,6.2,161.4,5,19.2,3,2023-03-26T00:23:26+00:00,False,False
2023-06-12 00:00:00+00:00,Contractz,JGL,NRG,2023-06-15T00:03:10+00:00,8.872,2.8,3.4,4.2,198.2,5,46.32,3,2023-03-26T22:57:23+00:00,False,False
2023-06-12 00:00:00+00:00,CoreJJ,SUP,Team Liquid,2023-06-14T22:05:21+00:00,13.972,0.6,2.2,7.8,36.6,5,56.86,3,2023-03-17T23:09:10+00:00,False,False
2023-06-12 00:00:00+00:00,Dhokla,TOP,NRG,2023-06-15T00:03:10+00:00,7.312,1,3.4,3.4,255.6,5,34.05,3,2023-03-26T22:57:23+00:00,False,False
2023-06-12 00:00:00+00:00,Diamond,SUP,Dignitas,2023-06-14T23:03:07+00:00,6.976,0.4,3.8,5.4,34.2,5,37.12,3,2021-08-01T23:43:37+00:00,False,False
2023-06-12 00:00:00+00:00,Doublelift,BOT,100 Thieves,2023-06-15T00:51:45+00:00,20.212,5.8,2,4.2,297.6,5,46.43,3,2023-03-26T00:23:26+00:00,False,False
2023-06-12 00:00:00+00:00,EMENES,MID,Cloud9,2023-06-14T21:13:03+00:00,18.628,4.6,3,6.6,237.4,5,47.94,3,2023-04-09T23:35:52+00:00,False,False
2023-06-12 00:00:00+00:00,Eyla,SUP,Evil Geniuses,2023-06-15T00:03:10+00:00,14.952,0.2,4.2,10,35.2,5,56.32,3,2023-03-30T22:57:18+00:00,False,False
2023-06-12 00:00:00+00:00,FBI,BOT,NRG,2023-06-15T00:03:10+00:00,13.498,4.6,3.4,2,293.6,5,63.9,3,2023-03-31T22:45:31+00:00,False,False
2023-06-12 00:00:00+00:00,Fudge,TOP,Cloud9,2023-06-14T21:13:03+00:00,16.31,2.8,1.2,5.2,270.2,5,40.84,3,2023-04-09T23:35:52+00:00,False,False
2023-06-12 00:00:00+00:00,Gori,MID,Golden Guardians,2023-06-14T21:13:03+00:00,15.216,2.8,3,6,250.2,5,29.89,3,2023-04-09T23:35:52+00:00,False,False
2023-06-12 00:00:00+00:00,Haeri,MID,Team Liquid,2023-06-14T22:05:21+00:00,15.424,4.2,3,4.2,296.2,5,53.35,3,2023-03-17T23:09:10+00:00,False,False
2023-06-12 00:00:00+00:00,Hauntzer,TOP,TSM,2023-06-14T22:05:21+00:00,8.594,1,2,3.8,229.4,5,32.97,3,2023-03-17T22:08:43+00:00,False,False
2023-06-12 00:00:00+00:00,Ignar,SUP,NRG,2023-06-15T00:03:10+00:00,9.314,0.6,3.2,6,28.4,5,64.01,3,2023-03-18T00:15:04+00:00,False,False
2023-06-12 00:00:00+00:00,Impact,TOP,FlyQuest,2023-06-15T00:51:45+00:00,9.262,0.8,3.6,6.2,224.4,5,19.61,3,2023-04-09T00:07:01+00:00,False,False
2023-06-12 00:00:00+00:00,Insanity,MID,TSM,2023-06-14T22:05:21+00:00,9.34,2,3.6,5.4,246,5,46.89,3,2021-08-21T00:47:03+00:00,False,False
2023-06-12 00:00:00+00:00,Jensen,MID,Dignitas,2023-06-14T23:03:07+00:00,11.744,3.4,3.2,3.6,294.6,5,27.98,3,2023-03-18T00:15:04+00:00,False,False
2023-06-12 00:00:00+00:00,Jojopyun,MID,Evil Geniuses,2023-06-15T00:03:10+00:00,8.936,2,2.6,3.2,303.6,5,84.39,3,2023-03-31T22:45:31+00:00,False,False
2023-06-12 00:00:00+00:00,Kenvi,JGL,Immortals,2023-06-14T23:03:07+00:00,11.532,2.6,2.8,5.4,183.8,5,24.27,3,2023-03-18T01:18:42+00:00,False,False
2023-06-12 00:00:00+00:00,Licorice,TOP,Golden Guardians,2023-06-14T21:13:03+00:00,13.278,2.4,3.8,5.2,248.6,5,42.01,3,2023-04-09T23:35:52+00:00,False,False
2023-06-12 00:00:00+00:00,Nukeduck,MID,100 Thieves,2023-06-15T00:51:45+00:00,14.9787,3.21,2.62,5.58,272.01,0,20.7,3,,False,False
2023-06-12 00:00:00+00:00,Palafox,MID,NRG,2023-06-15T00:03:10+00:00,12.222,3.2,2.8,3.6,282.4,5,33.47,3,2023-03-26T22:57:23+00:00,False,False
2023-06-12 00:00:00+00:00,Prince,BOT,FlyQuest,2023-06-15T00:51:45+00:00,12.666,3.6,3.6,4.4,311.4,5,26.56,3,2023-04-09T00:07:01+00:00,False,False
2023-06-12 00:00:00+00:00,Pyosik,JGL,Team Liquid,2023-06-14T22:05:21+00:00,11.786,3,2.4,5,194,5,60.14,3,2023-03-17T23:09:10+00:00,False,False
2023-06-12 00:00:00+00:00,Revenge,TOP,Evil Geniuses,2023-06-15T00:03:10+00:00,11.882,2,2.8,4,271.6,5,50.36,3,2023-03-18T01:18:42+00:00,False,False
2023-06-12 00:00:00+00:00,Rich,TOP,Dignitas,2023-06-14T23:03:07+00:00,12.1985,1.94,2.51,4.93,255.26,0,44.05,3,,False,False
2023-06-12 00:00:00+00:00,River,JGL,Golden Guardians,2023-06-14T21:13:03+00:00,14.172,2.8,2,8.2,166.4,5,28.77,3,2023-04-09T23:35:52+00:00,False,False
2023-06-12 00:00:00+00:00,Santorin,JGL,Dignitas,2023-06-14T23:03:07+00:00,9.116,1.6,2.4,6,169.8,5,23.62,3,2023-03-18T00:15:04+00:00,False,False
2023-06-12 00:00:00+00:00,Solo,TOP,Immortals,2023-06-14T23:03:07+00:00,11.246,0.8,3.8,6.8,275,5,32.96,3,2023-03-15T23:02:22+00:00,False,False
2023-06-12 00:00:00+00:00,Spica,JGL,FlyQuest,2023-06-15T00:51:45+00:00,8.828,2.2,3.2,5.2,164.8,5,18.56,3,2023-04-09T00:07:01+00:00,False,False
2023-06-12 00:00:00+00:00,Ssumday,TOP,100 Thieves,2023-06-15T00:51:45+00:00,9.432,1,1.6,3.4,257,5,30.25,3,2023-03-31T22:45:31+00:00,False,False
2023-06-12 00:00:00+00:00,Stixxay,BOT,Golden Guardians,2023-06-14T21:13:03+00:00,14.452,4.2,2.2,4.4,289,5,40.04,3,2023-04-09T23:35:52+00:00,False,False
2023-06-12 00:00:00+00:00,Summit,TOP,Team Liquid,2023-06-14T22:05:21+00:00,12.06,1.6,3,5,270.2,5,72.35,3,2023-03-17T23:09:10+00:00,False,False
2023-06-12 00:00:00+00:00,Tactical,BOT,Immortals,2023-06-14T23:03:07+00:00,11.276,2.8,3,4.6,280.8,5,49.59,3,2023-03-18T01:18:42+00:00,False,False
2023-06-12 00:00:00+00:00,Tomo,BOT,Dignitas,2023-06-14T23:03:07+00:00,10.674,2,3.6,4.8,313.6,5,28.66,3,2023-03-18T00:15:04+00:00,False,False
2023-06-12 00:00:00+00:00,Treatz,SUP,Immortals,2023-06-14T23:03:07+00:00,11.062,0.4,1.8,7.8,27.4,5,29.16,3,2020-08-15T21:37:52+00:00,False,False
2023-06-12 00:00:00+00:00,UNF0RGIVEN,BOT,Evil Geniuses,2023-06-15T00:03:10+00:00,16.9535,4.46,2.41,4.61,319.76,0,45.29,3,,False,False
2023-06-12 00:00:00+00:00,VicLa,MID,FlyQuest,2023-06-15T00:51:45+00:00,15.872,4.2,3.8,4.4,279.2,5,17.02,3,2023-04-09T00:07:01+00:00,False,False
2023-06-12 00:00:00+00:00,Vulcan,SUP,FlyQuest,2023-06-15T00:51:45+00:00,13.286,0.6,2.6,6.2,30.4,5,24.65,3,2023-03-31T22:45:31+00:00,False,False
2023-06-12 00:00:00+00:00,WildTurtle,BOT,TSM,2023-06-14T22:05:21+00:00,17.904,5,2.8,5.4,341.4,5,29.43,3,2023-03-17T22:08:43+00:00,False,False
2023-06-12 00:00:00+00:00,Yeon,BOT,Team Liquid,2023-06-14T22:05:21+00:00,13.694,2.2,1.8,5,330.8,5,49.68,3,2023-03-17T23:09:10+00:00,False,False
2023-06-12 00:00:00+00:00,Zven,SUP,Cloud9,2023-06-14T21:13:03+00:00,18.172,0.4,2,11,35.2,5,56.27,3,2023-04-09T23:35:52+00:00,False,False
2023-06-12 00:00:00+00:00,huhi,SUP,Golden Guardians,2023-06-14T21:13:03+00:00,17.594,0.8,1.2,9.4,26.8,5,34.12,3,2023-04-09T23:35:52+00:00,False,False
2023-06-19 00:00:00+00:00,Armao,JGL,Evil Geniuses,2023-06-22T00:52:00+00:00,11.976,2.6,3.2,6.6,162,5,76.98,3,2023-06-16T22:52:38+00:00,False,False
2023-06-19 00:00:00+00:00,Berserker,BOT,Cloud9,2023-06-21T23:03:18+00:00,20.578,5.2,0.2,4.2,291.4,5,53.46,3,2023-06-17T00:49:29+00:00,False,False
2023-06-19 00:00:00+00:00,Blaber,JGL,Cloud9,2023-06-21T23:03:18+00:00,17.672,4.4,2,6.2,212,5,37.35,3,2023-06-17T00:49:29+00:00,False,False
2023-06-19 00:00:00+00:00,Bolulu,MID,Immortals,2023-06-21T23:56:26+00:00,13.126,2.2,2.2,4.4,236.4,5,33.92,3,2023-06-16T21:08:06+00:00,False,False
2023-06-19 00:00:00+00:00,Bugi,JGL,TSM,2023-06-21T23:56:26+00:00,12.278,3.6,2.4,5.6,157.4,5,45.39,3,2023-06-17T00:49:29+00:00,False,False
2023-06-19 00:00:00+00:00,Busio,SUP,100 Thieves,2023-06-22T00:52:00+00:00,11.834,0.2,1.8,6.4,12.2,5,32.96,3,2023-06-16T23:52:26+00:00,False,False
2023-06-19 00:00:00+00:00,Chime,SUP,TSM,2023-06-21T23:56:26+00:00,11.692,0.2,2,7.6,26,5,72.44,3,2023-06-17T00:49:29+00:00,False,False
2023-06-19 00:00:00+00:00,Closer,JGL,100 Thieves,2023-06-22T00:52:00+00:00,7.58,1.8,2.2,3.2,173.4,5,11.71,3,2023-06-16T23:52:26+00:00,False,False
2023-06-19 00:00:00+00:00,Contractz,JGL,NRG,2023-06-21T22:08:10+00:00,11.826,2,2.8,7.2,206.6,5,22.78,3,2023-06-16T23:52:26+00:00,False,False
2023-06-19 00:00:00+00:00,CoreJJ,SUP,Team Liquid,2023-06-21T22:08:10+00:00,15.538,0.4,1.8,9.6,22.6,5,66.94,3,2023-06-16T21:08:06+00:00,False,False
2023-06-19 00:00:00+00:00,Dhokla,TOP,NRG,2023-06-21T22:08:10+00:00,8.856,2.6,3.4,2.6,267,5,23.3,3,2023-06-16T23:52:26+00:00,False,False
2023-06-19 00:00:00+00:00,Diamond,SUP,Dignitas,2023-06-21T21:07:31+00:00,12.14,1.2,4,7,32.4,5,44.58,3,2023-06-16T22:52:38+00:00,False,False
2023-06-19 00:00:00+00:00,Doublelift,BOT,100 Thieves,2023-06-22T00:52:00+00:00,13.458,3.2,2.2,2.4,323.4,5,34.23,3,2023-06-16T23:52:26+00:00,False,False
2023-06-19 00:00:00+00:00,EMENES,MID,Cloud9,2023-06-21T23:03:18+00:00,17.5,3.6,2,6.6,216.8,5,49.32,3,2023-06-17T00:49:29+00:00,False,False
2023-06-19 00:00:00+00:00,Eyla,SUP,Evil Geniuses,2023-06-22T00:52:00+00:00,15.98,0.4,2.6,9,20,5,75.26,3,2023-06-16T22:52:38+00:00,False,False
2023-06-19 00:00:00+00:00,FBI,BOT,NRG,2023-06-21T22:08:10+00:00,13.524,4.2,3.6,3.6,302.4,5,25.51,3,2023-06-16T23:52:26+00:00,False,False
2023-06-19 00:00:00+00:00,Fudge,TOP,Cloud9,2023-06-21T23:03:18+00:00,13.432,1.6,1.6,5,234.8,5,54.65,3,2023-06-17T00:49:29+00:00,False,False
2023-06-19 00:00:00+00:00,Gori,MID,Golden Guardians,2023-06-21T21:07:31+00:00,8.956,2,3.4,3.6,238.6,5,75.21,3,2023-06-16T21:50:24+00:00,False,False
2023-06-19 00:00:00+00:00,Haeri,MID,Team Liquid,2023-06-21T22:08:10+00:00,15.988,2.6,2.8,7.2,282.6,5,41.28,3,2023-06-16T21:08:06+00:00,False,False
2023-06-19 00:00:00+00:00,Hauntzer,TOP,TSM,2023-06-21T23:56:26+00:00,11.964,1.8,2.2,5.6,219.4,5,39.39,3,2023-06-17T00:49:29+00:00,False,False
2023-06-19 00:00:00+00:00,Ignar,SUP,NRG,2023-06-21T22:08:10+00:00,15.958,0.4,1.8,10.2,12,5,32.34,3,2023-06-16T23:52:26+00:00,False,False
2023-06-19 00:00:00+00:00,Impact,TOP,FlyQuest,2023-06-21T23:03:18+00:00,5.544,0.4,3.2,3.6,234.4,5,28.31,3,2023-06-16T21:50:24+00:00,False,False
2023-06-19 00:00:00+00:00,Insanity,MID,TSM,2023-06-21T23:56:26+00:00,11.768,2.2,2.4,3.6,240.4,5,40.59,3,2023-06-17T00:49:29+00:00,False,False
2023-06-19 00:00:00+00:00,Jensen,MID,Dignitas,2023-06-21T21:07:31+00:00,9.378,2.6,3.4,3.8,263,5,62.05,3,2023-06-16T22:52:38+00:00,False,False
2023-06-19 00:00:00+00:00,Jojopyun,MID,Evil Geniuses,2023-06-22T00:52:00+00:00,18.018,3.4,2.8,4.2,256.8,5,88.16,3,2023-06-16T22:52:38+00:00,False,False
2023-06-19 00:00:00+00:00,Kenvi,JGL,Immortals,2023-06-21T23:56:26+00:00,7.662,1.8,3.4,4.8,144.8,5,5.83,3,2023-06-16T21:08:06+00:00,False,False
2023-06-19 00:00:00+00:00,Licorice,TOP,Golden Guardians,2023-06-21T21:07:31+00:00,10.638,2,4,3.2,252.6,5,49.62,3,2023-06-16T21:50:24+00:00,False,False
2023-06-19 00:00:00+00:00,Palafox,MID,NRG,2023-06-21T22:08:10+00:00,12.366,2.6,2.6,4.4,278.8,5,49.08,3,2023-06-16T23:52:26+00:00,False,False
2023-06-19 00:00:00+00:00,Prince,BOT,FlyQuest,2023-06-21T23:03:18+00:00,9.462,2.4,3.8,3.2,313.8,5,17.36,3,2023-06-16T21:50:24+00:00,False,False
2023-06-19 00:00:00+00:00,Pyosik,JGL,Team Liquid,2023-06-21T22:08:10+00:00,15.102,3.2,1.8,6.2,199.6,5,48.6,3,2023-06-16T21:08:06+00:00,False,False
2023-06-19 00:00:00+00:00,Quid,MID,100 Thieves,2023-06-22T00:52:00+00:00,14.7154,3.08,2.45,5.23,265.83,0,37.37,3,,False,False
2023-06-19 00:00:00+00:00,Revenge,TOP,Evil Geniuses,2023-06-22T00:52:00+00:00,12.092,0.8,2.8,5.4,233,5,63,3,2023-06-16T22:52:38+00:00,False,False
2023-06-19 00:00:00+00:00,Rich,TOP,Dignitas,2023-06-21T21:07:31+00:00,14.6833333333,2,2.33333333333,4.66666666667,230.666666667,3,60.21,3,2023-06-16T22:52:38+00:00,False,False
2023-06-19 00:00:00+00:00,River,JGL,Golden Guardians,2023-06-21T21:07:31+00:00,7.164,1.6,2.4,4.8,168.8,5,58.13,3,2023-06-16T21:50:24+00:00,False,False
2023-06-19 00:00:00+00:00,Santorin,JGL,Dignitas,2023-06-21T21:07:31+00:00,10.438,2.2,2,5.8,159,5,39.85,3,2023-06-16T22:52:38+00:00,False,False
2023-06-19 00:00:00+00:00,Solo,TOP,Immortals,2023-06-21T23:56:26+00:00,9.042,1.2,3.6,5,233.4,5,24.68,3,2023-06-16T21:08:06+00:00,False,False
2023-06-19 00:00:00+00:00,Spica,JGL,FlyQuest,2023-06-21T23:03:18+00:00,5.01,2.2,3.2,2.4,168.8,5,22.18,3,2023-06-16T21:50:24+00:00,False,False
2023-06-19 00:00:00+00:00,Ssumday,TOP,100 Thieves,2023-06-22T00:52:00+00:00,8.52,1.4,2.4,0.6,268.8,5,29.11,3,2023-06-16T23:52:26+00:00,False,False
2023-06-19 00:00:00+00:00,Stixxay,BOT,Golden Guardians,2023-06-21T21:07:31+00:00,8.312,2.4,3,2.8,288.2,5,75.66,3,2023-06-16T21:50:24+00:00,False,False
2023-06-19 00:00:00+00:00,Summit,TOP,Team Liquid,2023-06-21T22:08:10+00:00,20.372,3.8,1.8,5.6,276.8,5,51.34,3,2023-06-16T21:08:06+00:00,False,False
2023-06-19 00:00:00+00:00,Tactical,BOT,Immortals,2023-06-21T23:56:26+00:00,11.992,2.8,3,3.6,276.8,5,35.05,3,2023-06-16T21:08:06+00:00,False,False
2023-06-19 00:00:00+00:00,Tomo,BOT,Dignitas,2023-06-21T21:07:31+00:00,10.264,2.2,3.4,4.6,303,5,46.76,3,2023-06-16T22:52:38+00:00,False,False
2023-06-19 00:00:00+00:00,Treatz,SUP,Immortals,2023-06-21T23:56:26+00:00,12.676,0.4,2.2,7.6,17.6,5,14.9,3,2023-06-16T21:08:06+00:00,False,False
2023-06-19 00:00:00+00:00,UNF0RGIVEN,BOT,Evil Geniuses,2023-06-22T00:52:00+00:00,15.0966666667,3.33333333333,1.66666666667,4.66666666667,309.333333333,3,69.39,3,2023-06-16T22:52:38+00:00,False,False
2023-06-19 00:00:00+00:00,VicLa,MID,FlyQuest,2023-06-21T23:03:18+00:00,6.976,1.8,3.6,3.2,246.6,5,28.25,3,2023-06-16T21:50:24+00:00,False,False
2023-06-19 00:00:00+00:00,Vulcan,SUP,FlyQuest,2023-06-21T23:03:18+00:00,6.746,0.6,2.4,3.4,24.2,5,23.45,3,2023-06-16T21:50:24+00:00,False,False
2023-06-19 00:00:00+00:00,WildTurtle,BOT,TSM,2023-06-21T23:56:26+00:00,10.152,2.2,2.4,4.6,286.6,5,80.08,3,2023-06-17T00:49:29+00:00,False,False
2023-06-19 00:00:00+00:00,Yeon,BOT,Team Liquid,2023-06-21T22:08:10+00:00,15.878,4.6,2,3.6,328.2,5,62.95,3,2023-06-16T21:08:06+00:00,False,False
2023-06-19 00:00:00+00:00,Zven,SUP,Cloud9,2023-06-21T23:03:18+00:00,18.56,0.8,0.8,10,20.2,5,56,3,2023-06-17T00:49:29+00:00,False,False
2023-06-19 00:00:00+00:00,huhi,SUP,Golden Guardians,2023-06-21T21:07:31+00:00,9.662,0.8,2.2,4.8,20,5,67.45,3,2023-06-16T21:50:24+00:00,False,False
2023-06-26 00:00:00+00:00,Armao,JGL,Evil Geniuses,2023-06-28T21:06:50+00:00,20.03,4.6,1.8,8.4,180.2,5,41.02,3,2023-06-23T23:03:58+00:00,False,False
2023-06-26 00:00:00+00:00,Berserker,BOT,Cloud9,2023-06-29T01:22:34+00:00,17.722,3.4,0.8,6,290.8,5,65.79,3,2023-06-24T00:55:55+00:00,False,False
2023-06-26 00:00:00+00:00,Blaber,JGL,Cloud9,2023-06-29T01:22:34+00:00,16.448,3.2,2.8,8,218.4,5,61.23,3,2023-06-24T00:55:55+00:00,False,False
2023-06-26 00:00:00+00:00,Bolulu,MID,Immortals,2023-06-29T01:22:34+00:00,12.292,2.2,3.6,4.6,239.2,5,12.2,3,2023-06-23T22:02:35+00:00,False,False
2023-06-26 00:00:00+00:00,Bugi,JGL,TSM,2023-06-28T21:06:50+00:00,14.69,2.4,2.4,9.2,160,5,18.29,3,2023-06-23T21:08:04+00:00,False,False
2023-06-26 00:00:00+00:00,Busio,SUP,100 Thieves,2023-06-29T00:26:58+00:00,9.382,0,2,4.2,21.8,5,41.59,3,2023-06-23T22:02:35+00:00,False,False
2023-06-26 00:00:00+00:00,Chime,SUP,TSM,2023-06-28T21:06:50+00:00,18.834,0.8,1.2,9.8,27.2,5,20.43,3,2023-06-23T21:08:04+00:00,False,False
2023-06-26 00:00:00+00:00,Closer,JGL,100 Thieves,2023-06-29T00:26:58+00:00,3.382,0.6,2.6,2.2,177.8,5,42.21,3,2023-06-23T22:02:35+00:00,False,False
2023-06-26 00:00:00+00:00,Contractz,JGL,NRG,2023-06-28T23:08:46+00:00,14.352,2.2,2.4,8.8,187.8,5,48.23,3,2023-06-24T00:55:55+00:00,False,False
2023-06-26 00:00:00+00:00,CoreJJ,SUP,Team Liquid,2023-06-28T22:00:07+00:00,19.486,0.6,1.6,11.8,26.4,5,54.77,3,2023-06-23T23:03:58+00:00,False,False
2023-06-26 00:00:00+00:00,Dhokla,TOP,NRG,2023-06-28T23:08:46+00:00,11.072,3,3.8,4.2,251.2,5,36.49,3,2023-06-24T00:55:55+00:00,False,False
2023-06-26 00:00:00+00:00,Diamond,SUP,Dignitas,2023-06-29T00:26:58+00:00,15.096,1.4,4.6,9.2,36.8,5,38.07,3,2023-06-24T00:06:56+00:00,False,False
2023-06-26 00:00:00+00:00,Doublelift,BOT,100 Thieves,2023-06-29T00:26:58+00:00,10.402,2,2.2,2,338.6,5,64.49,3,2023-06-23T22:02:35+00:00,False,False
2023-06-26 00:00:00+00:00,EMENES,MID,Cloud9,2023-06-29T01:22:34+00:00,17.874,4.4,1.6,6,246.2,5,66.17,3,2023-06-24T00:55:55+00:00,False,False
2023-06-26 00:00:00+00:00,Eyla,SUP,Evil Geniuses,2023-06-28T21:06:50+00:00,22.326,0.6,1.8,12.8,29,5,60.97,3,2023-06-23T23:03:58+00:00,False,False
2023-06-26 00:00:00+00:00,FBI,BOT,NRG,2023-06-28T23:08:46+00:00,17.902,5.6,3.4,5.4,294.4,5,45.59,3,2023-06-24T00:55:55+00:00,False,False
2023-06-26 00:00:00+00:00,Fudge,TOP,Cloud9,2023-06-29T01:22:34+00:00,15.004,3.2,2.6,4.2,239.6,5,48.26,3,2023-06-24T00:55:55+00:00,False,False
2023-06-26 00:00:00+00:00,Gori,MID,Golden Guardians,2023-06-28T23:08:46+00:00,18.674,5,3.6,5.8,266.8,5,55.07,3,2023-06-23T21:08:04+00:00,False,False
2023-06-26 00:00:00+00:00,Haeri,MID,Team Liquid,2023-06-28T22:00:07+00:00,14.918,2.6,1.6,6.8,275.4,5,49.69,3,2023-06-23T23:03:58+00:00,False,False
2023-06-26 00:00:00+00:00,Hauntzer,TOP,TSM,2023-06-28T21:06:50+00:00,11.954,2.2,2.2,4.6,238.4,5,14.72,3,2023-06-23T21:08:04+00:00,False,False
2023-06-26 00:00:00+00:00,Ignar,SUP,NRG,2023-06-28T23:08:46+00:00,18.84,0.4,1.6,11.4,18.4,5,47.31,3,2023-06-24T00:55:55+00:00,False,False
2023-06-26 00:00:00+00:00,Impact,TOP,FlyQuest,2023-06-28T22:00:07+00:00,9.106,1.2,2.6,4.4,238.6,5,64.92,3,2023-06-24T00:06:56+00:00,False,False
2023-06-26 00:00:00+00:00,Jensen,MID,Dignitas,2023-06-29T00:26:58+00:00,16.47,3.2,2.8,7.4,272.8,5,64.71,3,2023-06-24T00:06:56+00:00,False,False
2023-06-26 00:00:00+00:00,Jojopyun,MID,Evil Geniuses,2023-06-28T21:06:50+00:00,27.51,4,2,9.8,287.2,5,38.93,3,2023-06-23T23:03:58+00:00,False,False
2023-06-26 00:00:00+00:00,Kenvi,JGL,Immortals,2023-06-29T01:22:34+00:00,3.206,1,4.2,3.6,138,5,11.46,3,2023-06-23T22:02:35+00:00,False,False
2023-06-26 00:00:00+00:00,Licorice,TOP,Golden Guardians,2023-06-28T23:08:46+00:00,17.564,3.6,2.2,5.6,277,5,54.62,3,2023-06-23T21:08:04+00:00,False,False
2023-06-26 00:00:00+00:00,Palafox,MID,NRG,2023-06-28T23:08:46+00:00,15.718,3.2,2.6,6.2,268.6,5,49.93,3,2023-06-24T00:55:55+00:00,False,False
2023-06-26 00:00:00+00:00,Prince,BOT,FlyQuest,2023-06-28T22:00:07+00:00,9.18,2.4,3.2,3.4,315.4,5,60.57,3,2023-06-24T00:06:56+00:00,False,False
2023-06-26 00:00:00+00:00,Pyosik,JGL,Team Liquid,2023-06-28T22:00:07+00:00,17.518,4.4,2,6.6,205.6,5,26.72,3,2023-06-23T23:03:58+00:00,False,False
2023-06-26 00:00:00+00:00,Quid,MID,100 Thieves,2023-06-29T00:26:58+00:00,12.4566666667,2.66666666667,5,2.66666666667,240,3,66.22,3,2023-06-23T22:02:35+00:00,False,False
2023-06-26 00:00:00+00:00,Revenge,TOP,Evil Geniuses,2023-06-28T21:06:50+00:00,18.942,2.8,2.6,9.4,258,5,42.73,3,2023-06-23T23:03:58+00:00,False,False
2023-06-26 00:00:00+00:00,Rich,TOP,Dignitas,2023-06-29T00:26:58+00:00,19.21,3.2,2.8,7.2,241.4,5,30.82,3,2023-06-24T00:06:56+00:00,False,False
2023-06-26 00:00:00+00:00,River,JGL,Golden Guardians,2023-06-28T23:08:46+00:00,16.672,2.2,2.8,11.4,200.4,5,53.7,3,2023-06-23T21:08:04+00:00,False,False
2023-06-26 00:00:00+00:00,Ruby,MID,TSM,2023-06-28T21:06:50+00:00,15.2725,3.09,2.65,5.52,261.61,0,23.65,3,,False,False
2023-06-26 00:00:00+00:00,Santorin,JGL,Dignitas,2023-06-29T00:26:58+00:00,12.978,2.6,3.2,8.2,162.2,5,44.78,3,2023-06-24T00:06:56+00:00,False,False
2023-06-26 00:00:00+00:00,Solo,TOP,Immortals,2023-06-29T01:22:34+00:00,8.74,2,3,3,250,5,22.55,3,2023-06-23T22:02:35+00:00,False,False
2023-06-26 00:00:00+00:00,Spica,JGL,FlyQuest,2023-06-28T22:00:07+00:00,8.676,2.6,2.8,4.2,177.6,5,50.41,3,2023-06-24T00:06:56+00:00,False,False
2023-06-26 00:00:00+00:00,Ssumday,TOP,100 Thieves,2023-06-29T00:26:58+00:00,6.272,0.2,2.6,2.2,273,5,47.48,3,2023-06-23T22:02:35+00:00,False,False
2023-06-26 00:00:00+00:00,Stixxay,BOT,Golden Guardians,2023-06-28T23:08:46+00:00,22.502,6,2.6,6.6,307.4,5,51.74,3,2023-06-23T21:08:04+00:00,False,False
2023-06-26 00:00:00+00:00,Summit,TOP,Team Liquid,2023-06-28T22:00:07+00:00,17.988,2.6,3,6.2,292.4,5,39.06,3,2023-06-23T23:03:58+00:00,False,False
2023-06-26 00:00:00+00:00,Tactical,BOT,Immortals,2023-06-29T01:22:34+00:00,12.504,3.2,3,3.2,298.4,5,14.64,3,2023-06-23T22:02:35+00:00,False,False
2023-06-26 00:00:00+00:00,Tomo,BOT,Dignitas,2023-06-29T00:26:58+00:00,14.114,4.2,4.6,5.8,306,5,52.92,3,2023-06-24T00:06:56+00:00,False,False
2023-06-26 00:00:00+00:00,Treatz,SUP,Immortals,2023-06-29T01:22:34+00:00,4.946,0.2,4.2,4.2,21.2,5,26.8,3,2023-06-23T22:02:35+00:00,False,False
2023-06-26 00:00:00+00:00,UNF0RGIVEN,BOT,Evil Geniuses,2023-06-28T21:06:50+00:00,18.612,4,1,4.8,360.4,5,46.17,3,2023-06-23T23:03:58+00:00,False,False
2023-06-26 00:00:00+00:00,VicLa,MID,FlyQuest,2023-06-28T22:00:07+00:00,9.13,2.2,4.2,4.6,249.2,5,51.91,3,2023-06-24T00:06:56+00:00,False,False
2023-06-26 00:00:00+00:00,Vulcan,SUP,FlyQuest,2023-06-28T22:00:07+00:00,9.826,1,3.2,5.6,29.8,5,44.09,3,2023-06-24T00:06:56+00:00,False,False
2023-06-26 00:00:00+00:00,WildTurtle,BOT,TSM,2023-06-28T21:06:50+00:00,18.648,4.2,1.2,4.6,314.4,5,25.07,3,2023-06-23T21:08:04+00:00,False,False
2023-06-26 00:00:00+00:00,Yeon,BOT,Team Liquid,2023-06-28T22:00:07+00:00,19.708,6,1.8,4.2,311.8,5,46.64,3,2023-06-23T23:03:58+00:00,False,False
2023-06-26 00:00:00+00:00,Zven,SUP,Cloud9,2023-06-29T01:22:34+00:00,19.258,1.4,1.2,10.2,18.8,5,60.62,3,2023-06-24T00:55:55+00:00,False,False
2023-06-26 00:00:00+00:00,huhi,SUP,Golden Guardians,2023-06-28T23:08:46+00:00,17.926,0.8,2.6,10.8,30.6,5,42.85,3,2023-06-23T21:08:04+00:00,False,False
2023-07-03 00:00:00+00:00,APA,MID,Team Liquid,2023-07-07T00:50:49+00:00,15.8263,3.16,2.47,5.32,278.14,0,56.27,2,,False,False
2023-07-03 00:00:00+00:00,Armao,JGL,Evil Geniuses,2023-07-05T23:02:43+00:00,16.356,2.6,2.2,9.2,154.4,5,49.51,3,2023-06-30T21:08:05+00:00,False,False
2023-07-03 00:00:00+00:00,Berserker,BOT,Cloud9,2023-07-05T23:57:57+00:00,18.724,4,1,4.6,257.2,5,26.14,3,2023-06-30T21:08:05+00:00,False,False
2023-07-03 00:00:00+00:00,Blaber,JGL,Cloud9,2023-07-05T23:57:57+00:00,16.472,3,2.8,7,185.8,5,52.86,3,2023-06-30T21:08:05+00:00,False,False
2023-07-03 00:00:00+00:00,Bolulu,MID,Immortals,2023-07-05T21:05:49+00:00,6.864,1,2.6,3.4,236.4,5,27.7,3,2023-07-01T00:43:54+00:00,False,False
2023-07-03 00:00:00+00:00,Bugi,JGL,TSM,2023-07-05T21:05:49+00:00,9.214,1.4,3,5.8,157.8,5,53.99,3,2023-06-30T23:47:42+00:00,False,False
2023-07-03 00:00:00+00:00,Busio,SUP,100 Thieves,2023-07-05T22:08:28+00:00,13.344,0,2.2,7.6,30.8,5,18.87,3,2023-06-30T23:47:42+00:00,False,False
2023-07-03 00:00:00+00:00,Chime,SUP,TSM,2023-07-05T21:05:49+00:00,14.266,0.6,2.2,7,30.2,5,61.01,3,2023-06-30T23:47:42+00:00,False,False
2023-07-03 00:00:00+00:00,Closer,JGL,100 Thieves,2023-07-05T22:08:28+00:00,11.122,1.4,1.8,6.4,157.2,5,16.35,3,2023-06-30T23:47:42+00:00,False,False
2023-07-03 00:00:00+00:00,Contractz,JGL,NRG,2023-07-06T00:48:57+00:00,13.814,2,1.8,7.6,186.2,5,34.11,3,2023-06-30T22:50:31+00:00,False,False
2023-07-03 00:00:00+00:00,CoreJJ,SUP,Team Liquid,2023-07-06T00:48:57+00:00,17.864,0.8,2.2,10.6,32.4,5,50.39,3,2023-06-30T21:54:49+00:00,False,False
2023-07-03 00:00:00+00:00,Dhokla,TOP,NRG,2023-07-06T00:48:57+00:00,11.306,2.4,3.8,4.8,280.6,5,40.53,3,2023-06-30T22:50:31+00:00,False,False
2023-07-03 00:00:00+00:00,Diamond,SUP,Dignitas,2023-07-05T23:02:43+00:00,13.488,0.2,4.2,9.6,38.4,5,20.18,3,2023-06-30T22:50:31+00:00,False,False
2023-07-03 00:00:00+00:00,Doublelift,BOT,100 Thieves,2023-07-05T22:08:28+00:00,18.816,3.8,1.2,4.4,369.6,5,29.68,3,2023-06-30T23:47:42+00:00,False,False
2023-07-03 00:00:00+00:00,EMENES,MID,Cloud9,2023-07-05T23:57:57+00:00,18.188,2.8,1,6.2,251.6,5,64.18,3,2023-06-30T21:08:05+00:00,False,False
2023-07-03 00:00:00+00:00,Eyla,SUP,Evil Geniuses,2023-07-05T23:02:43+00:00,21.784,0.6,1.4,11.6,36.2,5,55.4,3,2023-06-30T21:08:05+00:00,False,False
2023-07-03 00:00:00+00:00,FBI,BOT,NRG,2023-07-06T00:48:57+00:00,14.002,3.8,2.2,4.2,334.4,5,72.29,3,2023-06-30T22:50:31+00:00,False,False
2023-07-03 00:00:00+00:00,Fudge,TOP,Cloud9,2023-07-05T23:57:57+00:00,15.646,3,2.2,4.2,227.2,5,41.58,3,2023-06-30T21:08:05+00:00,False,False
2023-07-03 00:00:00+00:00,Gori,MID,Golden Guardians,2023-07-05T23:57:57+00:00,22.922,4.4,2.4,7.2,331.6,5,58.81,3,2023-06-30T21:54:49+00:00,False,False
2023-07-03 00:00:00+00:00,Haeri,MID,Team Liquid,2023-07-06T00:48:57+00:00,14.402,3.6,2.8,4.8,295.2,5,1.71,1,2023-06-30T21:54:49+00:00,False,False
2023-07-03 00:00:00+00:00,Hauntzer,TOP,TSM,2023-07-05T21:05:49+00:00,8.474,1.8,2.6,2.4,266.4,5,51.52,3,2023-06-30T23:47:42+00:00,False,False
2023-07-03 00:00:00+00:00,Ignar,SUP,NRG,2023-07-06T00:48:57+00:00,15.192,0.6,2,8.2,31.6,5,46.62,3,2023-06-30T22:50:31+00:00,False,False
2023-07-03 00:00:00+00:00,Impact,TOP,FlyQuest,2023-07-05T22:08:28+00:00,16.262,2.6,1.8,5.6,239,5,24.41,3,2023-07-01T00:43:54+00:00,False,False
2023-07-03 00:00:00+00:00,Insanity,MID,TSM,2023-07-05T21:05:49+00:00,16.578,4.2,2.4,4,253.8,5,64.63,3,2023-06-23T21:08:04+00:00,False,False
2023-07-03 00:00:00+00:00,Jensen,MID,Dignitas,2023-07-05T23:02:43+00:00,21.768,4.2,1.4,7.8,306.8,5,68.11,3,2023-06-30T22:50:31+00:00,False,False
2023-07-03 00:00:00+00:00,Jojopyun,MID,Evil Geniuses,2023-07-05T23:02:43+00:00,17.928,2.8,2,7.4,280.8,5,57.86,3,2023-06-30T21:08:05+00:00,False,False
2023-07-03 00:00:00+00:00,Kenvi,JGL,Immortals,2023-07-05T21:05:49+00:00,2.592,0.4,4,3.4,131.8,5,17.05,3,2023-07-01T00:43:54+00:00,False,False
2023-07-03 00:00:00+00:00,Licorice,TOP,Golden Guardians,2023-07-05T23:57:57+00:00,17.744,3.4,2.8,6,310.2,5,41.29,3,2023-06-30T21:54:49+00:00,False,False
2023-07-03 00:00:00+00:00,Palafox,MID,NRG,2023-07-06T00:48:57+00:00,16.932,3.6,2,5.6,321.2,5,72.16,3,2023-06-30T22:50:31+00:00,False,False
2023-07-03 00:00:00+00:00,Prince,BOT,FlyQuest,2023-07-05T22:08:28+00:00,15.692,3.2,1,3.4,336,5,40.14,3,2023-07-01T00:43:54+00:00,False,False
2023-07-03 00:00:00+00:00,Pyosik,JGL,Team Liquid,2023-07-06T00:48:57+00:00,10.058,3,4.2,5.8,209.4,5,39.37,3,2023-06-30T21:54:49+00:00,False,False
2023-07-03 00:00:00+00:00,Quid,MID,100 Thieves,2023-07-05T22:08:28+00:00,19.43,4.2,2.6,4.4,313.6,5,31.84,3,2023-06-30T23:47:42+00:00,False,False
2023-07-03 00:00:00+00:00,Revenge,TOP,Evil Geniuses,2023-07-05T23:02:43+00:00,18.034,3.4,2.8,6,261,5,34.84,3,2023-06-30T21:08:05+00:00,False,False
2023-07-03 00:00:00+00:00,Rich,TOP,Dignitas,2023-07-05T23:02:43+00:00,15.224,2,3,6.6,258,5,33.88,3,2023-06-30T22:50:31+00:00,False,False
2023-07-03 00:00:00+00:00,River,JGL,Golden Guardians,2023-07-05T23:57:57+00:00,17.368,2.8,2.4,10,191.6,5,71.7,3,2023-06-30T21:54:49+00:00,False,False
2023-07-03 00:00:00+00:00,Santorin,JGL,Dignitas,2023-07-05T23:02:43+00:00,15.264,2.6,2,8.4,167.4,5,36.09,3,2023-06-30T22:50:31+00:00,False,False
2023-07-03 00:00:00+00:00,Solo,TOP,Immortals,2023-07-05T21:05:49+00:00,8.372,1.8,3.6,2.2,227.2,5,9.67,3,2023-07-01T00:43:54+00:00,False,False
2023-07-03 00:00:00+00:00,Spica,JGL,FlyQuest,2023-07-05T22:08:28+00:00,13.404,1.4,1.2,6.4,172,5,26.1,3,2023-07-01T00:43:54+00:00,False,False
2023-07-03 00:00:00+00:00,Ssumday,TOP,100 Thieves,2023-07-05T22:08:28+00:00,13.338,1.4,1.6,5.4,271,5,33.96,3,2023-06-30T23:47:42+00:00,False,False
2023-07-03 00:00:00+00:00,Stixxay,BOT,Golden Guardians,2023-07-05T23:57:57+00:00,21.032,6.2,2,4.8,355,5,47.62,3,2023-06-30T21:54:49+00:00,False,False
2023-07-03 00:00:00+00:00,Summit,TOP,Team Liquid,2023-07-06T00:48:57+00:00,12.294,2,3.6,5.4,311.2,5,59.57,3,2023-06-30T21:54:49+00:00,False,False
2023-07-03 00:00:00+00:00,Tactical,BOT,Immortals,2023-07-05T21:05:49+00:00,8.168,2.4,3,2.2,266.2,5,34.37,3,2023-07-01T00:43:54+00:00,False,False
2023-07-03 00:00:00+00:00,Tomo,BOT,Dignitas,2023-07-05T23:02:43+00:00,17.784,6,3.2,4.2,322.6,5,35.41,3,2023-06-30T22:50:31+00:00,False,False
2023-07-03 00:00:00+00:00,Treatz,SUP,Immortals,2023-07-05T21:05:49+00:00,7.83,0.6,3.6,4.4,23.6,5,25.01,3,2023-07-01T00:43:54+00:00,False,False
2023-07-03 00:00:00+00:00,UNF0RGIVEN,BOT,Evil Geniuses,2023-07-05T23:02:43+00:00,19.474,4.2,1.2,4,324.4,5,82.61,3,2023-06-30T21:08:05+00:00,False,False
2023-07-03 00:00:00+00:00,VicLa,MID,FlyQuest,2023-07-05T22:08:28+00:00,15.96,3.2,3.2,4.6,287.2,5,10.14,3,2023-07-01T00:43:54+00:00,False,False
2023-07-03 00:00:00+00:00,Vulcan,SUP,FlyQuest,2023-07-05T22:08:28+00:00,13.47,0.6,2.8,7.6,32.8,5,37.21,3,2023-07-01T00:43:54+00:00,False,False
2023-07-03 00:00:00+00:00,WildTurtle,BOT,TSM,2023-07-05T21:05:49+00:00,16.194,4,2.6,3.6,315,5,61.19,3,2023-06-30T23:47:42+00:00,False,False
2023-07-03 00:00:00+00:00,Yeon,BOT,Team Liquid,2023-07-06T00:48:57+00:00,17.89,4,2,5.2,351.8,5,52.44,3,2023-06-30T21:54:49+00:00,False,False
2023-07-03 00:00:00+00:00,Zven,SUP,Cloud9,2023-07-05T23:57:57+00:00,18.018,0.4,2.8,10.8,16.6,5,34.79,3,2023-06-30T21:08:05+00:00,False,False
2023-07-03 00:00:00+00:00,huhi,SUP,Golden Guardians,2023-07-05T23:57:57+00:00,17.478,0.6,3.2,11,40.6,5,43.55,3,2023-06-30T21:54:49+00:00,False,False
2023-07-10 00:00:00+00:00,APA,MID,Team Liquid,2023-07-12T23:37:31+00:00,28.135,5.5,0,7,225,2,51.81,3,2023-07-08T00:14:00+00:00,False,False
2023-07-10 00:00:00+00:00,Armao,JGL,Evil Geniuses,2023-07-12T22:00:31+00:00,15.36,1.6,2.8,9.8,124.6,5,13.54,3,2023-07-07T22:29:49+00:00,False,False
2023-07-10 00:00:00+00:00,Berserker,BOT,Cloud9,2023-07-12T23:37:31+00:00,11.858,2.2,2,4.8,227,5,56.12,3,2023-07-07T23:21:57+00:00,False,False
2023-07-10 00:00:00+00:00,Blaber,JGL,Cloud9,2023-07-12T23:37:31+00:00,18.884,4.8,2,6.4,190,5,44.54,3,2023-07-07T23:21:57+00:00,False,False
2023-07-10 00:00:00+00:00,Bolulu,MID,Immortals,2023-07-13T00:40:23+00:00,6.826,1.2,2.8,3.8,242.6,5,71.63,3,2023-07-07T23:21:57+00:00,False,False
2023-07-10 00:00:00+00:00,Bugi,JGL,TSM,2023-07-12T21:06:58+00:00,13.568,2,2.2,7.8,166.6,5,43.13,3,2023-07-08T01:09:51+00:00,False,False
2023-07-10 00:00:00+00:00,Busio,SUP,100 Thieves,2023-07-13T00:40:23+00:00,10.58,0.2,3.2,6.4,27.6,5,39.77,3,2023-07-08T00:14:00+00:00,False,False
2023-07-10 00:00:00+00:00,Chime,SUP,TSM,2023-07-12T21:06:58+00:00,14.428,0.2,2,8.6,25.8,5,54.99,3,2023-07-08T01:09:51+00:00,False,False
2023-07-10 00:00:00+00:00,Closer,JGL,100 Thieves,2023-07-13T00:40:23+00:00,7.62,1.2,2.4,4.8,136.2,5,24.04,3,2023-07-08T00:14:00+00:00,False,False
2023-07-10 00:00:00+00:00,Contractz,JGL,NRG,2023-07-12T22:45:24+00:00,10.284,1.4,3.6,7.6,163.8,5,56.09,3,2023-07-07T22:29:49+00:00,False,False
2023-07-10 00:00:00+00:00,CoreJJ,SUP,Team Liquid,2023-07-12T23:37:31+00:00,17.288,1,1.6,9.2,31.2,5,50.94,3,2023-07-08T00:14:00+00:00,False,False
2023-07-10 00:00:00+00:00,Dhokla,TOP,NRG,2023-07-12T22:45:24+00:00,11.704,1.4,2.2,5.8,261.8,5,76.21,3,2023-07-07T22:29:49+00:00,False,False
2023-07-10 00:00:00+00:00,Doublelift,BOT,100 Thieves,2023-07-13T00:40:23+00:00,12.414,3.8,2.6,2.6,318.6,5,45.81,3,2023-07-08T00:14:00+00:00,False,False
2023-07-10 00:00:00+00:00,EMENES,MID,Cloud9,2023-07-12T23:37:31+00:00,21.056,4.4,1.6,5.8,265,5,52.6,3,2023-07-07T23:21:57+00:00,False,False
2023-07-10 00:00:00+00:00,Eyla,SUP,Evil Geniuses,2023-07-12T22:00:31+00:00,18.238,0.8,3.4,10.6,37.6,5,18.99,3,2023-07-07T22:29:49+00:00,False,False
2023-07-10 00:00:00+00:00,FBI,BOT,NRG,2023-07-12T22:45:24+00:00,18.986,5,2.2,4.6,316.8,5,84.41,3,2023-07-07T22:29:49+00:00,False,False
2023-07-10 00:00:00+00:00,Fudge,TOP,Cloud9,2023-07-12T23:37:31+00:00,13.69,2.6,2.6,5.4,221.6,5,48.18,3,2023-07-07T23:21:57+00:00,False,False
2023-07-10 00:00:00+00:00,Gori,MID,Golden Guardians,2023-07-12T22:00:31+00:00,18.5,3.4,1.6,6.4,304.2,5,65.79,3,2023-07-08T01:09:51+00:00,False,False
2023-07-10 00:00:00+00:00,Hauntzer,TOP,TSM,2023-07-12T21:06:58+00:00,12.33,2,2.2,3.6,316.8,5,27.55,3,2023-07-08T01:09:51+00:00,False,False
2023-07-10 00:00:00+00:00,Ignar,SUP,NRG,2023-07-12T22:45:24+00:00,13.284,0.2,3,8.4,32,5,76.84,3,2023-07-07T22:29:49+00:00,False,False
2023-07-10 00:00:00+00:00,Impact,TOP,FlyQuest,2023-07-12T22:45:24+00:00,13.892,2.8,2.8,3.8,250.4,5,51.09,3,2023-07-07T21:07:36+00:00,False,False
2023-07-10 00:00:00+00:00,Insanity,MID,TSM,2023-07-12T21:06:58+00:00,15.904,4,2.4,5,281.8,5,79.24,3,2023-07-08T01:09:51+00:00,False,False
2023-07-10 00:00:00+00:00,Jensen,MID,Dignitas,2023-07-12T21:06:58+00:00,23.14,6,2,5.8,309.6,5,38.29,3,2023-07-07T21:07:36+00:00,False,False
2023-07-10 00:00:00+00:00,Jojopyun,MID,Evil Geniuses,2023-07-12T22:00:31+00:00,16.638,4,2.4,4.6,256.2,5,16.37,3,2023-07-07T22:29:49+00:00,False,False
2023-07-10 00:00:00+00:00,Kenvi,JGL,Immortals,2023-07-13T00:40:23+00:00,4.83,0.8,3.8,4.4,143,5,53.26,3,2023-07-07T23:21:57+00:00,False,False
2023-07-10 00:00:00+00:00,Licorice,TOP,Golden Guardians,2023-07-12T22:00:31+00:00,17.814,2.8,2,6.8,251.6,5,43.04,3,2023-07-08T01:09:51+00:00,False,False
2023-07-10 00:00:00+00:00,Palafox,MID,NRG,2023-07-12T22:45:24+00:00,19.476,3.6,1.4,4.2,333.8,5,82.01,3,2023-07-07T22:29:49+00:00,False,False
2023-07-10 00:00:00+00:00,Poome,SUP,Dignitas,2023-07-12T21:06:58+00:00,13.756,1,3.4,7,36.6,5,10.92,3,2023-03-26T22:57:23+00:00,False,False
2023-07-10 00:00:00+00:00,Prince,BOT,FlyQuest,2023-07-12T22:45:24+00:00,15.464,3.8,1.6,3,315.4,5,60.37,3,2023-07-07T21:07:36+00:00,False,False
2023-07-10 00:00:00+00:00,Pyosik,JGL,Team Liquid,2023-07-12T23:37:31+00:00,12.23,2.4,2.8,7,160,5,46.25,3,2023-07-08T00:14:00+00:00,False,False
2023-07-10 00:00:00+00:00,Quid,MID,100 Thieves,2023-07-13T00:40:23+00:00,15.48,2.8,2.4,4.2,278.2,5,49.68,3,2023-07-08T00:14:00+00:00,False,False
2023-07-10 00:00:00+00:00,Revenge,TOP,Evil Geniuses,2023-07-12T22:00:31+00:00,11.99,2,4.2,5.4,214.4,5,15.95,3,2023-07-07T22:29:49+00:00,False,False
2023-07-10 00:00:00+00:00,Rich,TOP,Dignitas,2023-07-12T21:06:58+00:00,12.31,1.8,2.6,4.8,231.2,5,26.54,3,2023-07-07T21:07:36+00:00,False,False
2023-07-10 00:00:00+00:00,River,JGL,Golden Guardians,2023-07-12T22:00:31+00:00,22.71,4.8,0.8,8.6,190.4,5,35.16,3,2023-07-08T01:09:51+00:00,False,False
2023-07-10 00:00:00+00:00,Santorin,JGL,Dignitas,2023-07-12T21:06:58+00:00,15.486,3,2,8.2,161,5,24.68,3,2023-07-07T21:07:36+00:00,False,False
2023-07-10 00:00:00+00:00,Solo,TOP,Immortals,2023-07-13T00:40:23+00:00,5.618,1,3.6,1.6,231.8,5,45.35,3,2023-07-07T23:21:57+00:00,False,False
2023-07-10 00:00:00+00:00,Spica,JGL,FlyQuest,2023-07-12T22:45:24+00:00,12.154,2,2,6,167.6,5,54.62,3,2023-07-07T21:07:36+00:00,False,False
2023-07-10 00:00:00+00:00,Spirax,MID,FlyQuest,2023-07-12T22:45:24+00:00,16.7418,3.5,2.4,5.17,276.38,0,15.75,1,,False,False
2023-07-10 00:00:00+00:00,Ssumday,TOP,100 Thieves,2023-07-13T00:40:23+00:00,11.492,1.2,1.8,4.8,249.2,5,41.44,3,2023-07-08T00:14:00+00:00,False,False
2023-07-10 00:00:00+00:00,Stixxay,BOT,Golden Guardians,2023-07-12T22:00:31+00:00,15.586,4.6,1.6,4.4,312.6,5,49.62,3,2023-07-08T01:09:51+00:00,False,False
2023-07-10 00:00:00+00:00,Summit,TOP,Team Liquid,2023-07-12T23:37:31+00:00,16.688,3.6,1.6,4,247,5,47.56,3,2023-07-08T00:14:00+00:00,False,False
2023-07-10 00:00:00+00:00,Tactical,BOT,Immortals,2023-07-13T00:40:23+00:00,9.004,3.2,3.6,2.4,265.8,5,93.63,3,2023-07-07T23:21:57+00:00,False,False
2023-07-10 00:00:00+00:00,Tomo,BOT,Dignitas,2023-07-12T21:06:58+00:00,14.928,3.4,2.8,6.2,302.8,5,35.01,3,2023-07-07T21:07:36+00:00,False,False
2023-07-10 00:00:00+00:00,Treatz,SUP,Immortals,2023-07-13T00:40:23+00:00,8.386,0.4,3.2,5,24.6,5,77.04,3,2023-07-07T23:21:57+00:00,False,False
2023-07-10 00:00:00+00:00,UNF0RGIVEN,BOT,Evil Geniuses,2023-07-12T22:00:31+00:00,19.7,4.8,1.8,3.8,277,5,27.01,3,2023-07-07T22:29:49+00:00,False,False
2023-07-10 00:00:00+00:00,VicLa,MID,FlyQuest,2023-07-13T22:16:01+00:00,10.118,1.4,3.2,4.4,266.8,5,64.35,2,2023-07-07T21:07:36+00:00,False,False
2023-07-10 00:00:00+00:00,Vulcan,SUP,FlyQuest,2023-07-12T22:45:24+00:00,12.808,0.8,2.2,7.2,31.4,5,55.18,3,2023-07-07T21:07:36+00:00,False,False
2023-07-10 00:00:00+00:00,WildTurtle,BOT,TSM,2023-07-12T21:06:58+00:00,16.052,3.8,2.4,5,321.6,5,48.32,3,2023-07-08T01:09:51+00:00,False,False
2023-07-10 00:00:00+00:00,Yeon,BOT,Team Liquid,2023-07-12T23:37:31+00:00,16.03,3.2,1,5.6,271.2,5,42.71,3,2023-07-08T00:14:00+00:00,False,False
2023-07-10 00:00:00+00:00,Zven,SUP,Cloud9,2023-07-12T23:37:31+00:00,14.206,0.4,3.4,9.8,20.4,5,63.61,3,2023-07-07T23:21:57+00:00,False,False
2023-07-10 00:00:00+00:00,huhi,SUP,Golden Guardians,2023-07-12T22:00:31+00:00,15.802,0.8,3.6,9.8,39.4,5,44.16,3,2023-07-08T01:09:51+00:00,False,False
2023-07-17 00:00:00+00:00,APA,MID,Team Liquid,2023-07-19T22:00:42+00:00,21.616,5,2.2,6.6,258.6,5,49.81,3,2023-07-14T21:06:47+00:00,False,False
2023-07-17 00:00:00+00:00,Berserker,BOT,Cloud9,2023-07-19T23:43:42+00:00,14.752,2.6,2.2,6.8,264,5,77.93,4,2023-07-14T23:54:13+00:00,False,False
2023-07-17 00:00:00+00:00,Blaber,JGL,Cloud9,2023-07-19T23:43:42+00:00,18.89,3.8,2,8.4,197.4,5,74.56,4,2023-07-14T23:54:13+00:00,False,False
2023-07-17 00:00:00+00:00,Bolulu,MID,Immortals,2023-07-19T21:07:18+00:00,17.686,3,1.6,7.4,248,5,34.86,3,2023-07-15T00:41:42+00:00,False,False
2023-07-17 00:00:00+00:00,Bugi,JGL,TSM,2023-07-19T22:52:50+00:00,16.132,2.4,2.2,10.2,154.4,5,18.81,3,2023-07-14T21:59:44+00:00,False,False
2023-07-17 00:00:00+00:00,Busio,SUP,100 Thieves,2023-07-20T00:43:43+00:00,9.208,0.6,3.8,5.8,29.2,5,57.75,4,2023-07-14T21:59:44+00:00,False,False
2023-07-17 00:00:00+00:00,Chime,SUP,TSM,2023-07-19T22:52:50+00:00,17.716,0.8,2,10.6,34.2,5,19.36,3,2023-07-14T21:59:44+00:00,False,False
2023-07-17 00:00:00+00:00,Closer,JGL,100 Thieves,2023-07-20T00:43:43+00:00,5.642,0.8,2.4,3.6,148.4,5,42.06,4,2023-07-14T21:59:44+00:00,False,False
2023-07-17 00:00:00+00:00,Contractz,JGL,NRG,2023-07-19T23:43:42+00:00,16.444,1.8,3.8,12.8,161,5,26.33,3,2023-07-14T22:51:22+00:00,False,False
2023-07-17 00:00:00+00:00,CoreJJ,SUP,Team Liquid,2023-07-19T22:00:42+00:00,18.684,0.4,2.4,11.4,38.8,5,21.29,3,2023-07-14T21:06:47+00:00,False,False
2023-07-17 00:00:00+00:00,Dhokla,TOP,NRG,2023-07-19T23:43:42+00:00,21.926,3.8,1.4,9.2,264,5,20.96,3,2023-07-14T22:51:22+00:00,False,False
2023-07-17 00:00:00+00:00,Doublelift,BOT,100 Thieves,2023-07-20T00:43:43+00:00,11.746,2.8,3.4,3.8,242.8,5,56.99,4,2023-07-14T21:59:44+00:00,False,False
2023-07-17 00:00:00+00:00,EMENES,MID,Cloud9,2023-07-19T23:43:42+00:00,20.928,4.6,2,6.4,287.2,5,88.25,4,2023-07-14T23:54:13+00:00,False,False
2023-07-17 00:00:00+00:00,Eyla,SUP,Evil Geniuses,2023-07-19T21:07:18+00:00,10.426,0.2,3.8,6.8,27.2,5,59.85,3,2023-07-14T23:54:13+00:00,False,False
2023-07-17 00:00:00+00:00,FBI,BOT,NRG,2023-07-19T23:43:42+00:00,26.194,6.4,2.4,7.8,317.6,5,32.2,3,2023-07-14T22:51:22+00:00,False,False
2023-07-17 00:00:00+00:00,Fudge,TOP,Cloud9,2023-07-19T23:43:42+00:00,16.334,4,2,5.2,237.4,5,82.84,4,2023-07-14T23:54:13+00:00,False,False
2023-07-17 00:00:00+00:00,Gori,MID,Golden Guardians,2023-07-19T22:00:42+00:00,19.964,4.8,2,5.4,277.8,5,78.86,4,2023-07-14T22:51:22+00:00,False,False
2023-07-17 00:00:00+00:00,Hauntzer,TOP,TSM,2023-07-19T22:52:50+00:00,13.528,2.4,3,5.4,253.8,5,24.39,3,2023-07-14T21:59:44+00:00,False,False
2023-07-17 00:00:00+00:00,Ignar,SUP,NRG,2023-07-19T23:43:42+00:00,20.516,0.6,3.6,14,31.4,5,33.17,3,2023-07-14T22:51:22+00:00,False,False
2023-07-17 00:00:00+00:00,Impact,TOP,FlyQuest,2023-07-19T22:52:50+00:00,13.768,2.6,3.4,5.8,234,5,40.93,3,2023-07-14T21:06:47+00:00,False,False
2023-07-17 00:00:00+00:00,Insanity,MID,TSM,2023-07-19T22:52:50+00:00,24.206,6.6,2.2,4.2,280.8,5,22.16,3,2023-07-14T21:59:44+00:00,False,False
2023-07-17 00:00:00+00:00,Jensen,MID,Dignitas,2023-07-20T00:43:43+00:00,19.478,4.2,3,4.4,310.2,5,91.18,4,2023-07-15T00:41:42+00:00,False,False
2023-07-17 00:00:00+00:00,Jojopyun,MID,Evil Geniuses,2023-07-19T21:07:18+00:00,10.88,3,3.8,2.4,219.8,5,80.19,3,2023-07-14T23:54:13+00:00,False,False
2023-07-17 00:00:00+00:00,Kenvi,JGL,Immortals,2023-07-19T21:07:18+00:00,12.584,1.8,3.4,9.4,148.4,5,33.2,3,2023-07-15T00:41:42+00:00,False,False
2023-07-17 00:00:00+00:00,Licorice,TOP,Golden Guardians,2023-07-19T22:00:42+00:00,14.326,3,1.8,4,253.2,5,49.39,4,2023-07-14T22:51:22+00:00,False,False
2023-07-17 00:00:00+00:00,Palafox,MID,NRG,2023-07-19T23:43:42+00:00,25.488,5.8,1.4,8.6,321.8,5,53.14,3,2023-07-14T22:51:22+00:00,False,False
2023-07-17 00:00:00+00:00,Poome,SUP,Dignitas,2023-07-20T00:43:43+00:00,8.428,1.4,5.6,5.6,45.2,5,27.69,4,2023-07-15T00:41:42+00:00,False,False
2023-07-17 00:00:00+00:00,Prince,BOT,FlyQuest,2023-07-19T22:52:50+00:00,18.214,5.4,2.6,5.6,279,5,46.48,3,2023-07-14T21:06:47+00:00,False,False
2023-07-17 00:00:00+00:00,Pyosik,JGL,Team Liquid,2023-07-19T22:00:42+00:00,14.62,2.4,2.6,8.8,169.6,5,23.25,3,2023-07-14T21:06:47+00:00,False,False
2023-07-17 00:00:00+00:00,Quid,MID,100 Thieves,2023-07-20T00:43:43+00:00,11.044,3.2,3.4,2.4,220.2,5,61.65,4,2023-07-14T21:59:44+00:00,False,False
2023-07-17 00:00:00+00:00,Revenge,TOP,Evil Geniuses,2023-07-19T21:07:18+00:00,7.252,1.6,3.6,2.6,187.6,5,66.55,3,2023-07-14T23:54:13+00:00,False,False
2023-07-17 00:00:00+00:00,Rich,TOP,Dignitas,2023-07-20T00:43:43+00:00,10.69,1.8,4.4,3.8,267.8,5,55.08,4,2023-07-15T00:41:42+00:00,False,False
2023-07-17 00:00:00+00:00,River,JGL,Golden Guardians,2023-07-19T22:00:42+00:00,15.686,2.4,2.6,9.2,157.8,5,54.2,4,2023-07-14T22:51:22+00:00,False,False
2023-07-17 00:00:00+00:00,Santorin,JGL,Dignitas,2023-07-20T00:43:43+00:00,8.89,1.6,4,6.8,173.4,5,45.15,4,2023-07-15T00:41:42+00:00,False,False
2023-07-17 00:00:00+00:00,Sheiden,JGL,Evil Geniuses,2023-07-19T21:07:18+00:00,12.9318,2.07,2.68,7.68,163.56,0,62.88,3,,False,False
2023-07-17 00:00:00+00:00,Solo,TOP,Immortals,2023-07-19T21:07:18+00:00,10.39,2.2,2.8,4.4,248.8,5,36.87,3,2023-07-15T00:41:42+00:00,False,False
2023-07-17 00:00:00+00:00,Spica,JGL,FlyQuest,2023-07-19T22:52:50+00:00,14.544,2.4,2.6,10,149.4,5,34.13,3,2023-07-14T21:06:47+00:00,False,False
2023-07-17 00:00:00+00:00,Ssumday,TOP,100 Thieves,2023-07-20T00:43:43+00:00,11.162,1.6,2,2.4,232,5,43.22,4,2023-07-14T21:59:44+00:00,False,False
2023-07-17 00:00:00+00:00,Stixxay,BOT,Golden Guardians,2023-07-19T22:00:42+00:00,16.634,4.4,2,5.4,302.6,5,70.05,4,2023-07-14T22:51:22+00:00,False,False
2023-07-17 00:00:00+00:00,Summit,TOP,Team Liquid,2023-07-19T22:00:42+00:00,19.684,5.2,4.6,5.2,260.4,5,33.24,3,2023-07-14T21:06:47+00:00,False,False
2023-07-17 00:00:00+00:00,Tactical,BOT,Immortals,2023-07-19T21:07:18+00:00,22.462,6.8,3,4.4,287,5,45.79,3,2023-07-15T00:41:42+00:00,False,False
2023-07-17 00:00:00+00:00,Tomo,BOT,Dignitas,2023-07-20T00:43:43+00:00,10.512,3,3.4,4.4,311.2,5,63.58,4,2023-07-15T00:41:42+00:00,False,False
2023-07-17 00:00:00+00:00,Treatz,SUP,Immortals,2023-07-19T21:07:18+00:00,17.83,1.2,2.8,10.4,26.2,5,41.5,3,2023-07-15T00:41:42+00:00,False,False
2023-07-17 00:00:00+00:00,UNF0RGIVEN,BOT,Evil Geniuses,2023-07-19T21:07:18+00:00,13.3,2.4,1.8,3.6,241.8,5,71.8,3,2023-07-14T23:54:13+00:00,False,False
2023-07-17 00:00:00+00:00,VicLa,MID,FlyQuest,2023-07-19T22:52:50+00:00,14.898,4.4,4.2,5.6,245,5,55.07,3,2023-07-14T21:06:47+00:00,False,False
2023-07-17 00:00:00+00:00,Vulcan,SUP,FlyQuest,2023-07-19T22:52:50+00:00,16.232,1.2,3.8,11,31.2,5,45.78,3,2023-07-14T21:06:47+00:00,False,False
2023-07-17 00:00:00+00:00,WildTurtle,BOT,TSM,2023-07-19T22:52:50+00:00,16.468,3.2,1.8,7,273.4,5,8.54,3,2023-07-14T21:59:44+00:00,False,False
2023-07-17 00:00:00+00:00,Yeon,BOT,Team Liquid,2023-07-19T22:00:42+00:00,15.372,3.4,1.6,5.6,286,5,44.98,3,2023-07-14T21:06:47+00:00,False,False
2023-07-17 00:00:00+00:00,Zven,SUP,Cloud9,2023-07-19T23:43:42+00:00,18.31,0.8,2.4,10.6,28.8,5,91.6,4,2023-07-14T23:54:13+00:00,False,False
2023-07-17 00:00:00+00:00,huhi,SUP,Golden Guardians,2023-07-19T22:00:42+00:00,13.536,1.4,3.2,7.6,39.6,5,63.39,4,2023-07-14T22:51:22+00:00,False,False
2023-07-24 00:00:00+00:00,APA,MID,Team Liquid,2023-07-28T21:07:59+00:00,14.968,3.6,4,6.4,279.4,5,33,4,2023-07-21T23:51:42+00:00,False,False
2023-07-24 00:00:00+00:00,Bugi,JGL,TSM,2023-07-27T21:07:41+00:00,8.394,2,3.2,4.8,139.4,5,57.27,5,2023-07-21T22:00:38+00:00,False,False
2023-07-24 00:00:00+00:00,Chime,SUP,TSM,2023-07-27T21:07:41+00:00,10.066,1.2,2.4,5,32,5,63.51,5,2023-07-21T22:00:38+00:00,False,False
2023-07-24 00:00:00+00:00,Contractz,JGL,NRG,2023-07-28T21:07:59+00:00,13.832,2.6,4,9.8,177.4,5,79.6,4,2023-07-21T21:05:18+00:00,False,False
2023-07-24 00:00:00+00:00,CoreJJ,SUP,Team Liquid,2023-07-28T21:07:59+00:00,11.002,0.2,3.4,8.6,33.6,5,31.8,4,2023-07-21T23:51:42+00:00,False,False
2023-07-24 00:00:00+00:00,Dhokla,TOP,NRG,2023-07-28T21:07:59+00:00,15.068,2.8,3,7,266.8,5,47.39,4,2023-07-21T21:05:18+00:00,False,False
2023-07-24 00:00:00+00:00,Eyla,SUP,Evil Geniuses,2023-07-27T21:07:41+00:00,15.25,0,4,12,35.4,5,83.69,5,2023-07-21T22:00:38+00:00,False,False
2023-07-24 00:00:00+00:00,FBI,BOT,NRG,2023-07-28T21:07:59+00:00,19.64,5.4,3.6,6.4,325.4,5,93.74,4,2023-07-21T21:05:18+00:00,False,False
2023-07-24 00:00:00+00:00,Hauntzer,TOP,TSM,2023-07-27T21:07:41+00:00,8.324,0.6,2.2,4,210.2,5,70.98,5,2023-07-21T22:00:38+00:00,False,False
2023-07-24 00:00:00+00:00,Ignar,SUP,NRG,2023-07-28T21:07:59+00:00,18.312,0.8,2.6,11.6,38,5,83.69,4,2023-07-21T21:05:18+00:00,False,False
2023-07-24 00:00:00+00:00,Insanity,MID,TSM,2023-07-27T21:07:41+00:00,13.576,3.6,3.6,2.2,237.6,5,57.63,5,2023-07-21T22:00:38+00:00,False,False
2023-07-24 00:00:00+00:00,Jojopyun,MID,Evil Geniuses,2023-07-27T21:07:41+00:00,19.762,5.8,3.4,5.6,267.6,5,105.64,5,2023-07-21T22:00:38+00:00,False,False
2023-07-24 00:00:00+00:00,Palafox,MID,NRG,2023-07-28T21:07:59+00:00,20.334,4.6,3,7.8,335.8,5,116.52,4,2023-07-21T21:05:18+00:00,False,False
2023-07-24 00:00:00+00:00,Pyosik,JGL,Team Liquid,2023-07-28T21:07:59+00:00,10.862,1.8,5.2,9.4,172,5,38.92,4,2023-07-21T23:51:42+00:00,False,False
2023-07-24 00:00:00+00:00,Revenge,TOP,Evil Geniuses,2023-07-27T21:07:41+00:00,15.852,4.2,2.2,4.8,245.6,5,134.67,5,2023-07-21T22:00:38+00:00,False,False
2023-07-24 00:00:00+00:00,Sheiden,JGL,Evil Geniuses,2023-07-27T21:07:41+00:00,20.96,3,2,13.3333333333,164,3,61.16,5,2023-07-21T22:00:38+00:00,False,False
2023-07-24 00:00:00+00:00,Summit,TOP,Team Liquid,2023-07-28T21:07:59+00:00,14.056,3.6,4.8,4.8,277.4,5,64.22,4,2023-07-21T23:51:42+00:00,False,False
2023-07-24 00:00:00+00:00,UNF0RGIVEN,BOT,Evil Geniuses,2023-07-27T21:07:41+00:00,18.826,3.4,1.4,7.4,296.4,5,81.94,5,2023-07-21T22:00:38+00:00,False,False
2023-07-24 00:00:00+00:00,WildTurtle,BOT,TSM,2023-07-27T21:07:41+00:00,5.298,0.8,3.2,3.8,252,5,62.84,5,2023-07-21T22:00:38+00:00,False,False
2023-07-24 00:00:00+00:00,Yeon,BOT,Team Liquid,2023-07-28T21:07:59+00:00,15.62,4.6,2,3.6,314.8,5,69.04,4,2023-07-21T23:51:42+00:00,False,False
2023-07-31 00:00:00+00:00,APA,MID,Team Liquid,2023-08-04T21:08:23+00:00,12.89,3,3.4,5.4,308,5,52.94,4,2023-07-29T00:12:40+00:00,False,False
2023-07-31 00:00:00+00:00,Armao,JGL,Evil Geniuses,2023-08-05T21:07:23+00:00,7.324,0.6,3.6,5.8,105.8,5,21.17,2,2023-07-14T23:54:13+00:00,False,False
2023-07-31 00:00:00+00:00,Berserker,BOT,Cloud9,2023-08-05T21:07:23+00:00,17.57,3.2,0.6,5,267.4,5,93.12,3,2023-07-22T02:23:29+00:00,False,False
2023-07-31 00:00:00+00:00,Blaber,JGL,Cloud9,2023-08-05T21:07:23+00:00,17.088,2,1.2,8.4,174.6,5,66.86,3,2023-07-22T02:23:29+00:00,False,False
2023-07-31 00:00:00+00:00,Bugi,JGL,TSM,2023-08-03T21:07:08+00:00,11.454,1.4,3.6,8,121.2,5,44.34,5,2023-07-28T00:28:23+00:00,False,False
2023-07-31 00:00:00+00:00,Busio,SUP,100 Thieves,2023-08-04T21:08:23+00:00,17.994,0.8,1.8,9.2,35.4,5,46.88,4,2023-07-22T01:31:55+00:00,False,False
2023-07-31 00:00:00+00:00,Chime,SUP,TSM,2023-08-03T21:07:08+00:00,12.702,0.6,2.6,6.6,33,5,41.73,5,2023-07-28T00:28:23+00:00,False,False
2023-07-31 00:00:00+00:00,Closer,JGL,100 Thieves,2023-08-04T21:08:23+00:00,12.752,2.4,1.6,5.8,165.4,5,31.7,4,2023-07-22T01:31:55+00:00,False,False
2023-07-31 00:00:00+00:00,Contractz,JGL,NRG,2023-08-06T21:06:21+00:00,17.51,2.2,2.2,11.4,175.6,5,81.29,4,2023-07-29T00:12:40+00:00,False,False
2023-07-31 00:00:00+00:00,CoreJJ,SUP,Team Liquid,2023-08-04T21:08:23+00:00,8.66,0.6,4.4,6.4,44.2,5,65.34,4,2023-07-29T00:12:40+00:00,False,False
2023-07-31 00:00:00+00:00,Dhokla,TOP,NRG,2023-08-06T21:06:21+00:00,10.436,2.6,5,5.2,288.2,5,44.87,4,2023-07-29T00:12:40+00:00,False,False
2023-07-31 00:00:00+00:00,Doublelift,BOT,100 Thieves,2023-08-04T21:08:23+00:00,17.242,3.4,1.6,5.2,354.8,5,66.9,4,2023-07-22T01:31:55+00:00,False,False
2023-07-31 00:00:00+00:00,EMENES,MID,Cloud9,2023-08-05T21:07:23+00:00,19.74,2.4,1.8,7,248.6,5,82.22,3,2023-07-22T02:23:29+00:00,False,False
2023-07-31 00:00:00+00:00,Eyla,SUP,Evil Geniuses,2023-08-05T21:07:23+00:00,16.738,0.4,2.4,11,35.2,5,32.36,3,2023-07-28T00:28:23+00:00,False,False
2023-07-31 00:00:00+00:00,FBI,BOT,NRG,2023-08-06T21:06:21+00:00,19.666,5,2.4,6.8,324,5,95.63,4,2023-07-29T00:12:40+00:00,False,False
2023-07-31 00:00:00+00:00,Fudge,TOP,Cloud9,2023-08-05T21:07:23+00:00,19.342,3.8,1.6,5.4,248.4,5,40.96,3,2023-07-22T02:23:29+00:00,False,False
2023-07-31 00:00:00+00:00,Gori,MID,Golden Guardians,2023-08-06T21:06:21+00:00,17.614,3.4,2.2,6.4,276.6,5,54.08,4,2023-07-22T02:23:29+00:00,False,False
2023-07-31 00:00:00+00:00,Hauntzer,TOP,TSM,2023-08-03T21:07:08+00:00,14.196,2.6,2.8,5,212,5,68.61,5,2023-07-28T00:28:23+00:00,False,False
2023-07-31 00:00:00+00:00,Ignar,SUP,NRG,2023-08-06T21:06:21+00:00,18.046,0.4,3.2,12.2,40.2,5,77.75,4,2023-07-29T00:12:40+00:00,False,False
2023-07-31 00:00:00+00:00,Insanity,MID,TSM,2023-08-03T21:07:08+00:00,11.526,3.4,3,4.2,227,5,93.97,5,2023-07-28T00:28:23+00:00,False,False
2023-07-31 00:00:00+00:00,Jensen,MID,Dignitas,2023-08-03T21:07:08+00:00,19.344,3.2,1.8,4.8,313.8,5,107.78,5,2023-07-22T01:31:55+00:00,False,False
2023-07-31 00:00:00+00:00,Jojopyun,MID,Evil Geniuses,2023-08-05T21:07:23+00:00,21.128,4.6,3,7.4,223,5,51.34,3,2023-07-28T00:28:23+00:00,False,False
2023-07-31 00:00:00+00:00,Licorice,TOP,Golden Guardians,2023-08-06T21:06:21+00:00,13.026,3.2,2.6,4.8,264.8,5,65.81,4,2023-07-22T02:23:29+00:00,False,False
2023-07-31 00:00:00+00:00,Palafox,MID,NRG,2023-08-06T21:06:21+00:00,28.078,6.8,1.6,7.4,301,5,77.75,4,2023-07-29T00:12:40+00:00,False,False
2023-07-31 00:00:00+00:00,Poome,SUP,Dignitas,2023-08-03T21:07:08+00:00,6.242,0.8,5.2,5.4,38.4,5,93.73,5,2023-07-22T01:31:55+00:00,False,False
2023-07-31 00:00:00+00:00,Pyosik,JGL,Team Liquid,2023-08-04T21:08:23+00:00,11.314,2,3.8,8,178.6,5,44.75,4,2023-07-29T00:12:40+00:00,False,False
2023-07-31 00:00:00+00:00,Quid,MID,100 Thieves,2023-08-04T21:08:23+00:00,20.474,3.6,2.6,5.8,296.6,5,75.24,4,2023-07-22T01:31:55+00:00,False,False
2023-07-31 00:00:00+00:00,Revenge,TOP,Evil Geniuses,2023-08-05T21:07:23+00:00,26.934,6.2,2.2,5.4,204,5,31.11,3,2023-07-28T00:28:23+00:00,False,False
2023-07-31 00:00:00+00:00,Rich,TOP,Dignitas,2023-08-03T21:07:08+00:00,11.102,2.2,4,5.2,264.6,5,83.56,5,2023-07-22T01:31:55+00:00,False,False
2023-07-31 00:00:00+00:00,River,JGL,Golden Guardians,2023-08-06T21:06:21+00:00,11.758,2.8,2.8,6.4,183.2,5,43.56,4,2023-07-22T02:23:29+00:00,False,False
2023-07-31 00:00:00+00:00,Santorin,JGL,Dignitas,2023-08-03T21:07:08+00:00,10.282,1,2.4,7,184,5,69.55,5,2023-07-22T01:31:55+00:00,False,False
2023-07-31 00:00:00+00:00,Sheiden,JGL,Evil Geniuses,2023-08-05T23:03:26+00:00,12.232,1,2.6,9.2,122,5,16.53,1,2023-07-28T00:28:23+00:00,False,False
2023-07-31 00:00:00+00:00,Ssumday,TOP,100 Thieves,2023-08-04T21:08:23+00:00,13.502,1.8,2.8,5.2,291.2,5,42.54,4,2023-07-22T01:31:55+00:00,False,False
2023-07-31 00:00:00+00:00,Stixxay,BOT,Golden Guardians,2023-08-06T21:06:21+00:00,18.55,4,1,4.8,325,5,70.63,4,2023-07-22T02:23:29+00:00,False,False
2023-07-31 00:00:00+00:00,Summit,TOP,Team Liquid,2023-08-04T21:08:23+00:00,16.008,3.4,3,5.6,313.2,5,46.98,4,2023-07-29T00:12:40+00:00,False,False
2023-07-31 00:00:00+00:00,Tomo,BOT,Dignitas,2023-08-03T21:07:08+00:00,16.048,4,1.8,4.4,350.6,5,96.49,5,2023-07-22T01:31:55+00:00,False,False
2023-07-31 00:00:00+00:00,UNF0RGIVEN,BOT,Evil Geniuses,2023-08-05T21:07:23+00:00,16.388,3.2,1.2,5,295.2,5,40.62,3,2023-07-28T00:28:23+00:00,False,False
2023-07-31 00:00:00+00:00,WildTurtle,BOT,TSM,2023-08-03T21:07:08+00:00,12.568,3.4,3.4,5,244.4,5,65.21,5,2023-07-28T00:28:23+00:00,False,False
2023-07-31 00:00:00+00:00,Yeon,BOT,Team Liquid,2023-08-04T21:08:23+00:00,20.09,4.2,1.4,5.2,333.6,5,73.55,4,2023-07-29T00:12:40+00:00,False,False
2023-07-31 00:00:00+00:00,Zven,SUP,Cloud9,2023-08-05T21:07:23+00:00,22.734,0.8,1.2,9.8,35.8,5,57.65,3,2023-07-22T02:23:29+00:00,False,False
2023-07-31 00:00:00+00:00,huhi,SUP,Golden Guardians,2023-08-06T21:06:21+00:00,13.93,0.8,3.2,8.6,39.2,5,50.9,4,2023-07-22T02:23:29+00:00,False,False
2023-08-07 00:00:00+00:00,APA,MID,Team Liquid,2023-08-10T21:10:37+00:00,12.838,1.2,1.6,5.2,300.6,5,129.99,8,2023-08-04T23:59:53+00:00,False,False
2023-08-07 00:00:00+00:00,Berserker,BOT,Cloud9,2023-08-12T21:06:34+00:00,26.746,5.4,0.6,7.6,297.2,5,84.33,3,2023-08-05T23:03:26+00:00,False,False
2023-08-07 00:00:00+00:00,Blaber,JGL,Cloud9,2023-08-12T21:06:34+00:00,20.95,3.2,1.4,10.2,211.2,5,40.1,3,2023-08-05T23:03:26+00:00,False,False
2023-08-07 00:00:00+00:00,Contractz,JGL,NRG,2023-08-12T21:06:34+00:00,19.748,3.6,1.6,9.2,185.6,5,34.67,3,2023-08-06T23:58:34+00:00,False,False
2023-08-07 00:00:00+00:00,CoreJJ,SUP,Team Liquid,2023-08-10T21:10:37+00:00,15.512,0.6,2,6.8,43.4,5,121.46,8,2023-08-04T23:59:53+00:00,False,False
2023-08-07 00:00:00+00:00,Dhokla,TOP,NRG,2023-08-12T21:06:34+00:00,10.576,1.8,3.6,6.4,227.6,5,46.66,3,2023-08-06T23:58:34+00:00,False,False
2023-08-07 00:00:00+00:00,EMENES,MID,Cloud9,2023-08-12T21:06:34+00:00,26.28,4,1.4,8.8,261.6,5,68.99,3,2023-08-05T23:03:26+00:00,False,False
2023-08-07 00:00:00+00:00,Eyla,SUP,Evil Geniuses,2023-08-10T21:10:37+00:00,10.536,0.4,3,7,36.4,5,33.54,4,2023-08-05T23:03:26+00:00,False,False
2023-08-07 00:00:00+00:00,FBI,BOT,NRG,2023-08-12T21:06:34+00:00,21.89,6,2.6,6.6,303.8,5,42.96,3,2023-08-06T23:58:34+00:00,False,False
2023-08-07 00:00:00+00:00,Fudge,TOP,Cloud9,2023-08-12T21:06:34+00:00,16.822,3.6,2.6,6.2,243.2,5,58.75,3,2023-08-05T23:03:26+00:00,False,False
2023-08-07 00:00:00+00:00,Gori,MID,Golden Guardians,2023-08-11T21:06:55+00:00,13.758,3,3.6,5.2,263,5,127.46,7,2023-08-06T23:58:34+00:00,False,False
2023-08-07 00:00:00+00:00,Ignar,SUP,NRG,2023-08-12T21:06:34+00:00,18.372,0.6,3.4,12,33,5,32.5,3,2023-08-06T23:58:34+00:00,False,False
2023-08-07 00:00:00+00:00,Jensen,MID,Dignitas,2023-08-11T21:06:55+00:00,21.556,4.8,2.2,6,324.4,5,23.98,3,2023-08-04T01:14:20+00:00,False,False
2023-08-07 00:00:00+00:00,Jojopyun,MID,Evil Geniuses,2023-08-10T21:10:37+00:00,14.54,2.4,4.2,6,255.4,5,43.86,4,2023-08-05T23:03:26+00:00,False,False
2023-08-07 00:00:00+00:00,Licorice,TOP,Golden Guardians,2023-08-11T21:06:55+00:00,14.32,2.6,3.2,5.6,241.2,5,106.76,7,2023-08-06T23:58:34+00:00,False,False
2023-08-07 00:00:00+00:00,Palafox,MID,NRG,2023-08-12T21:06:34+00:00,21.702,4.4,2.2,8,280.6,5,55.77,3,2023-08-06T23:58:34+00:00,False,False
2023-08-07 00:00:00+00:00,Poome,SUP,Dignitas,2023-08-11T21:06:55+00:00,18.746,0.8,2.8,11,36.4,5,30.99,3,2023-08-04T01:14:20+00:00,False,False
2023-08-07 00:00:00+00:00,Pyosik,JGL,Team Liquid,2023-08-10T21:10:37+00:00,10.444,1.6,1.8,5.4,179.4,5,155.68,8,2023-08-04T23:59:53+00:00,False,False
2023-08-07 00:00:00+00:00,Revenge,TOP,Evil Geniuses,2023-08-10T21:10:37+00:00,14.546,3.4,3.4,4.4,215.6,5,26.83,4,2023-08-05T23:03:26+00:00,False,False
2023-08-07 00:00:00+00:00,Rich,TOP,Dignitas,2023-08-11T21:06:55+00:00,16.712,3.8,3,5.6,245.2,5,12.06,3,2023-08-04T01:14:20+00:00,False,False
2023-08-07 00:00:00+00:00,River,JGL,Golden Guardians,2023-08-11T21:06:55+00:00,9.002,1.4,4,8,158.2,5,115.22,7,2023-08-06T23:58:34+00:00,False,False
2023-08-07 00:00:00+00:00,Santorin,JGL,Dignitas,2023-08-11T21:06:55+00:00,13.91,1,2.6,10.4,175.4,5,20.54,3,2023-08-04T01:14:20+00:00,False,False
2023-08-07 00:00:00+00:00,Sheiden,JGL,Evil Geniuses,2023-08-10T21:10:37+00:00,15.906,1.6,2,10.6,125.2,5,28.05,4,2023-08-05T23:03:26+00:00,False,False
2023-08-07 00:00:00+00:00,Stixxay,BOT,Golden Guardians,2023-08-11T21:06:55+00:00,14.41,5.2,2,3,313.2,5,135.54,7,2023-08-06T23:58:34+00:00,False,False
2023-08-07 00:00:00+00:00,Summit,TOP,Team Liquid,2023-08-10T21:10:37+00:00,10.872,1.2,2.6,3,309,5,111.49,8,2023-08-04T23:59:53+00:00,False,False
2023-08-07 00:00:00+00:00,Tomo,BOT,Dignitas,2023-08-11T21:06:55+00:00,19.298,5,2.6,6.4,325.2,5,30.31,3,2023-08-04T01:14:20+00:00,False,False
2023-08-07 00:00:00+00:00,UNF0RGIVEN,BOT,Evil Geniuses,2023-08-10T21:10:37+00:00,13.548,3.8,2,2.6,317,5,41.77,4,2023-08-05T23:03:26+00:00,False,False
2023-08-07 00:00:00+00:00,Yeon,BOT,Team Liquid,2023-08-10T21:10:37+00:00,17.93,3.8,1,3,320.4,5,110.59,8,2023-08-04T23:59:53+00:00,False,False
2023-08-07 00:00:00+00:00,Zven,SUP,Cloud9,2023-08-12T21:06:34+00:00,22.466,0.6,2,12.4,35.2,5,60.95,3,2023-08-05T23:03:26+00:00,False,False
2023-08-07 00:00:00+00:00,huhi,SUP,Golden Guardians,2023-08-11T21:06:55+00:00,9.896,0.2,4.4,7.8,38.4,5,122.65,7,2023-08-06T23:58:34+00:00,False,False
2023-08-14 00:00:00+00:00,APA,MID,Team Liquid,2023-08-14T01:25:01+00:00,12.756,1.8,2.4,5.8,243.8,5,65.43,6,2023-08-13T23:41:16+00:00,False,False
2023-08-14 00:00:00+00:00,Berserker,BOT,Cloud9,2023-08-20T20:19:23+00:00,29.37,6.6,1.6,8.2,352.4,5,48.93,4,2023-08-12T23:01:40+00:00,False,False
2023-08-14 00:00:00+00:00,Blaber,JGL,Cloud9,2023-08-20T20:19:23+00:00,17.852,3.4,3.6,11,203.2,5,39.23,4,2023-08-12T23:01:40+00:00,False,False
2023-08-14 00:00:00+00:00,Contractz,JGL,NRG,2023-08-19T20:18:53+00:00,16.34,3.6,3,8.8,178.6,5,145.3,9,2023-08-12T23:01:40+00:00,False,False
2023-08-14 00:00:00+00:00,CoreJJ,SUP,Team Liquid,2023-08-14T01:25:01+00:00,15.964,0.6,2,7.8,38.4,5,81.92,6,2023-08-13T23:41:16+00:00,False,False
2023-08-14 00:00:00+00:00,Dhokla,TOP,NRG,2023-08-19T20:18:53+00:00,14.41,3.4,4.4,6.8,258.6,5,150.94,9,2023-08-12T23:01:40+00:00,False,False
2023-08-14 00:00:00+00:00,EMENES,MID,Cloud9,2023-08-20T20:19:23+00:00,24.002,5.4,3.2,9.2,281.4,5,39.44,4,2023-08-12T23:01:40+00:00,False,False
2023-08-14 00:00:00+00:00,FBI,BOT,NRG,2023-08-19T20:18:53+00:00,16.014,5,3.8,6.4,315.8,5,184.35,9,2023-08-12T23:01:40+00:00,False,False
2023-08-14 00:00:00+00:00,Fudge,TOP,Cloud9,2023-08-20T20:19:23+00:00,17.73,4.2,2.4,6,282.8,5,57.17,4,2023-08-12T23:01:40+00:00,False,False
2023-08-14 00:00:00+00:00,Gori,MID,Golden Guardians,2023-08-14T01:25:01+00:00,17.154,3.6,2.2,5.8,250.6,5,19.13,1,2023-08-13T23:41:16+00:00,False,False
2023-08-14 00:00:00+00:00,Ignar,SUP,NRG,2023-08-19T20:18:53+00:00,13.85,0.4,5,11.4,36.6,5,183.6,9,2023-08-12T23:01:40+00:00,False,False
2023-08-14 00:00:00+00:00,Licorice,TOP,Golden Guardians,2023-08-14T01:25:01+00:00,15.422,2.4,1.6,6.2,253.6,5,15.44,1,2023-08-13T23:41:16+00:00,False,False
2023-08-14 00:00:00+00:00,Palafox,MID,NRG,2023-08-19T20:18:53+00:00,19.248,4.6,3.2,7.6,298.8,5,179.69,9,2023-08-12T23:01:40+00:00,False,False
2023-08-14 00:00:00+00:00,Pyosik,JGL,Team Liquid,2023-08-14T01:25:01+00:00,19.958,5.8,2.2,4.6,182,5,83.28,6,2023-08-13T23:41:16+00:00,False,False
2023-08-14 00:00:00+00:00,River,JGL,Golden Guardians,2023-08-14T01:25:01+00:00,15.606,3.4,1.8,7.8,175.8,5,5.29,1,2023-08-13T23:41:16+00:00,False,False
2023-08-14 00:00:00+00:00,Stixxay,BOT,Golden Guardians,2023-08-14T01:25:01+00:00,17.398,5.8,2.4,3.4,274,5,15.92,1,2023-08-13T23:41:16+00:00,False,False
2023-08-14 00:00:00+00:00,Summit,TOP,Team Liquid,2023-08-14T01:25:01+00:00,8.05,0.8,3.8,4.2,243.4,5,96.68,6,2023-08-13T23:41:16+00:00,False,False
2023-08-14 00:00:00+00:00,Yeon,BOT,Team Liquid,2023-08-14T01:25:01+00:00,15.244,2.6,2.2,6.6,270.8,5,92.46,6,2023-08-13T23:41:16+00:00,False,False
2023-08-14 00:00:00+00:00,Zven,SUP,Cloud9,2023-08-20T20:19:23+00:00,19.544,0.4,3,13.4,39.8,5,47.79,4,2023-08-12T23:01:40+00:00,False,False
2023-08-14 00:00:00+00:00,huhi,SUP,Golden Guardians,2023-08-14T01:25:01+00:00,15.268,0.4,3,10.2,42,5,13.29,1,2023-08-13T23:41:16+00:00,False,False
2024-01-15 00:00:00+00:00,APA,MID,Team Liquid,2024-01-20T20:15:01+00:00,10.756,2.2,3.8,4,241.2,5,33.28,2,2023-08-19T23:42:58+00:00,False,False
2024-01-15 00:00:00+00:00,Armao,JGL,Immortals,2024-01-20T23:30:02+00:00,6.942,0.4,3.6,6.6,114.2,5,13.24,2,2023-08-05T22:08:31+00:00,False,False
2024-01-15 00:00:00+00:00,Berserker,BOT,Cloud9,2024-01-20T21:10:17+00:00,16.746,4.6,2.8,3,388.4,5,29.28,2,2023-08-20T23:14:37+00:00,False,False
2024-01-15 00:00:00+00:00,Blaber,JGL,Cloud9,2024-01-20T21:10:17+00:00,9.102,0.8,4,7.4,195,5,49.35,2,2023-08-20T23:14:37+00:00,False,False
2024-01-15 00:00:00+00:00,Bugi,JGL,Shopify Rebellion,2024-01-20T22:30:21+00:00,8.868,1.8,3.4,6.6,181.2,5,14.43,2,2023-08-04T01:14:20+00:00,False,False
2024-01-15 00:00:00+00:00,Busio,SUP,FlyQuest,2024-01-20T22:30:21+00:00,10.968,0.6,2.8,5.6,30.8,5,41.15,2,2023-08-04T23:59:53+00:00,False,False
2024-01-15 00:00:00+00:00,Bwipo,TOP,FlyQuest,2024-01-20T22:30:21+00:00,11.056,3,3.6,3.2,274.6,5,26.01,2,2022-09-04T23:38:13+00:00,False,False
2024-01-15 00:00:00+00:00,Castle,TOP,Immortals,2024-01-20T23:30:02+00:00,13.5762,2.62,3.02,5,256.35,0,10.17,2,,False,False
2024-01-15 00:00:00+00:00,Contractz,JGL,NRG,2024-01-20T21:10:17+00:00,20.454,2.4,1.6,12.8,178.4,5,17.33,2,2023-08-20T23:14:37+00:00,False,False
2024-01-15 00:00:00+00:00,CoreJJ,SUP,Team Liquid,2024-01-20T20:15:01+00:00,12.822,0.8,3.6,7.4,38.6,5,32.57,2,2023-08-19T23:42:58+00:00,False,False
2024-01-15 00:00:00+00:00,Dhokla,TOP,NRG,2024-01-20T21:10:17+00:00,20.12,5.2,2.6,6.4,274,5,20.81,2,2023-08-20T23:14:37+00:00,False,False
2024-01-15 00:00:00+00:00,Dove,MID,Dignitas,2024-01-20T23:30:02+00:00,16.7167,3.51,2.71,5.87,277.18,0,32.25,2,,False,False
2024-01-15 00:00:00+00:00,Eyla,SUP,100 Thieves,2024-01-20T20:15:01+00:00,8.598,0.6,2.6,5.2,34.8,5,24.52,2,2023-08-10T23:37:02+00:00,False,False
2024-01-15 00:00:00+00:00,FBI,BOT,NRG,2024-01-20T21:10:17+00:00,24.17,6.2,1.4,6.4,377,5,21.93,2,2023-08-20T23:14:37+00:00,False,False
2024-01-15 00:00:00+00:00,FakeGod,TOP,Shopify Rebellion,2024-01-20T22:30:21+00:00,8.656,2,3.4,2.2,245.6,5,8.43,2,2022-03-27T18:58:39+00:00,False,False
2024-01-15 00:00:00+00:00,Fudge,TOP,Cloud9,2024-01-20T21:10:17+00:00,13.3,2.6,4.6,4.8,285.4,5,23.8,2,2023-08-20T23:14:37+00:00,False,False
2024-01-15 00:00:00+00:00,Impact,TOP,Team Liquid,2024-01-20T20:15:01+00:00,16.912,3.6,2,5.2,218.8,5,17.49,2,2023-07-22T00:46:01+00:00,False,False
2024-01-15 00:00:00+00:00,Insanity,MID,Shopify Rebellion,2024-01-20T22:30:21+00:00,18.794,5,2.4,5,289.4,5,8.69,2,2023-08-04T01:14:20+00:00,False,False
2024-01-15 00:00:00+00:00,Inspired,JGL,FlyQuest,2024-01-20T22:30:21+00:00,8.108,1,2,4.8,187.4,5,27.87,2,2023-03-31T22:45:31+00:00,False,False
2024-01-15 00:00:00+00:00,Isles,SUP,Dignitas,2024-01-20T23:30:02+00:00,9.708,0.6,4.2,7.8,22.8,5,33.61,2,2022-04-17T21:05:29+00:00,False,False
2024-01-15 00:00:00+00:00,Jensen,MID,FlyQuest,2024-01-20T22:30:21+00:00,10.654,2.8,3.8,4.4,278,5,37.46,2,2023-08-11T22:46:09+00:00,False,False
2024-01-15 00:00:00+00:00,Jojopyun,MID,Cloud9,2024-01-20T21:10:17+00:00,12.992,2.8,3.2,3.4,234.4,5,52.78,2,2023-08-10T23:37:02+00:00,False,False
2024-01-15 00:00:00+00:00,Mask,MID,Immortals,2024-01-20T23:30:02+00:00,16.7167,3.51,2.71,5.87,277.18,0,17.82,2,,False,False
2024-01-15 00:00:00+00:00,Massu,BOT,FlyQuest,2024-01-20T22:30:21+00:00,17.1407,4.35,2.14,5.14,305.3,0,33.24,2,,False,False
2024-01-15 00:00:00+00:00,Meech,BOT,100 Thieves,2024-01-20T20:15:01+00:00,17.2329,4.36,2.12,5.11,304.61,0,17.75,2,,False,False
2024-01-15 00:00:00+00:00,Olleh,SUP,Immortals,2024-01-20T23:30:02+00:00,14.732,0.6,2,8.8,27,5,21.37,2,2022-08-26T23:45:36+00:00,False,False
2024-01-15 00:00:00+00:00,Palafox,MID,NRG,2024-01-20T21:10:17+00:00,20.826,3.6,2.2,10.4,286.4,5,25.67,2,2023-08-20T23:14:37+00:00,False,False
2024-01-15 00:00:00+00:00,Quid,MID,100 Thieves,2024-01-20T20:15:01+00:00,15.964,2.4,1.4,3.2,347.6,5,30.95,2,2023-08-04T23:59:53+00:00,False,False
2024-01-15 00:00:00+00:00,Rich,TOP,Dignitas,2024-01-20T23:30:02+00:00,8.944,3.2,4.6,2.2,242.2,5,21.95,2,2023-08-11T22:46:09+00:00,False,False
2024-01-15 00:00:00+00:00,River,JGL,100 Thieves,2024-01-20T20:15:01+00:00,12.074,2.8,2.4,6.8,181.6,5,23.7,2,2023-08-14T01:25:01+00:00,False,False
2024-01-15 00:00:00+00:00,Sniper,TOP,100 Thieves,2024-01-20T20:15:01+00:00,14.5196,2.85,3.01,5.16,253.87,0,21.58,2,,False,False
2024-01-15 00:00:00+00:00,Tactical,BOT,Immortals,2024-01-20T23:30:02+00:00,19.242,6.2,2.6,4.2,342,5,22.61,2,2023-07-21T21:05:18+00:00,False,False
2024-01-15 00:00:00+00:00,Tomo,BOT,Dignitas,2024-01-20T23:30:02+00:00,11.638,3.4,3.4,4.4,305.4,5,28.82,2,2023-08-11T22:46:09+00:00,False,False
2024-01-15 00:00:00+00:00,UmTi,JGL,Team Liquid,2024-01-20T20:15:01+00:00,13.4957,2.24,2.69,8.05,166.34,0,13.75,2,,False,False
2024-01-15 00:00:00+00:00,Vulcan,SUP,Cloud9,2024-01-20T21:10:17+00:00,18.698,1,2.4,11.6,30.4,5,35.53,2,2023-07-22T00:46:01+00:00,False,False
2024-01-15 00:00:00+00:00,WildTurtle,BOT,Shopify Rebellion,2024-01-20T22:30:21+00:00,13.042,3.8,3.2,5.6,309.4,5,18.79,2,2023-08-04T01:14:20+00:00,False,False
2024-01-15 00:00:00+00:00,Yeon,BOT,Team Liquid,2024-01-20T20:15:01+00:00,14.132,3.2,2.6,5,250.8,5,39.4,2,2023-08-19T23:42:58+00:00,False,False
2024-01-15 00:00:00+00:00,Zeyzal,SUP,Shopify Rebellion,2024-01-20T22:30:21+00:00,20.504,1.8,3,12,39.6,5,24.55,2,2020-08-22T21:43:41+00:00,False,False
2024-01-15 00:00:00+00:00,eXyu,JGL,Dignitas,2024-01-20T23:30:02+00:00,6.918,1,3.2,5.6,169.6,5,29.3,2,2022-08-14T23:36:01+00:00,False,False
2024-01-15 00:00:00+00:00,huhi,SUP,NRG,2024-01-20T21:10:17+00:00,15.712,0.6,3,10,42.8,5,23.5,2,2023-08-14T01:25:01+00:00,False,False
2024-01-22 00:00:00+00:00,APA,MID,Team Liquid,2024-01-27T22:29:55+00:00,12.062,2.8,3.6,2.6,249.2,5,30.12,2,2024-01-21T20:12:13+00:00,False,False
2024-01-22 00:00:00+00:00,Armao,JGL,Immortals,2024-01-27T23:22:56+00:00,8.5,0.4,2.8,7.2,149.2,5,32.06,2,2024-01-21T21:58:19+00:00,False,False
2024-01-22 00:00:00+00:00,Berserker,BOT,Cloud9,2024-01-27T20:15:48+00:00,10.82,2,2.2,4,338,5,25.55,2,2024-01-21T21:06:48+00:00,False,False
2024-01-22 00:00:00+00:00,Blaber,JGL,Cloud9,2024-01-27T20:15:48+00:00,13.614,3.2,3,5.6,220.4,5,27.11,2,2024-01-21T21:06:48+00:00,False,False
2024-01-22 00:00:00+00:00,Bugi,JGL,Shopify Rebellion,2024-01-27T23:22:56+00:00,9.37,1.4,3,6.8,167.8,5,32.25,2,2024-01-21T20:12:13+00:00,False,False
2024-01-22 00:00:00+00:00,Busio,SUP,FlyQuest,2024-01-27T22:29:55+00:00,14.026,0.2,2.2,7,68.8,5,34.96,2,2024-01-21T21:58:19+00:00,False,False
2024-01-22 00:00:00+00:00,Bvoy,BOT,Shopify Rebellion,2024-01-27T23:22:56+00:00,16.6112,4.19,2.11,4.96,300.17,0,44.96,2,,False,False
2024-01-22 00:00:00+00:00,Bwipo,TOP,FlyQuest,2024-01-27T22:29:55+00:00,11.916,2.2,2,3.6,286.4,5,17.27,2,2024-01-21T21:58:19+00:00,False,False
2024-01-22 00:00:00+00:00,Castle,TOP,Immortals,2024-01-27T23:22:56+00:00,5.085,1.5,3,1,283.5,2,40.04,2,2024-01-21T21:58:19+00:00,False,False
2024-01-22 00:00:00+00:00,Contractz,JGL,NRG,2024-01-27T21:14:06+00:00,17.022,2,1.6,11,184.4,5,39.82,2,2024-01-21T23:00:01+00:00,False,False
2024-01-22 00:00:00+00:00,CoreJJ,SUP,Team Liquid,2024-01-27T22:29:55+00:00,12.616,0.8,2.4,6.4,38.2,5,18.45,2,2024-01-21T20:12:13+00:00,False,False
2024-01-22 00:00:00+00:00,Dhokla,TOP,NRG,2024-01-27T21:14:06+00:00,16,3.6,3.4,6.6,275.6,5,26.26,2,2024-01-21T23:00:01+00:00,False,False
2024-01-22 00:00:00+00:00,Dove,MID,Dignitas,2024-01-27T20:15:48+00:00,16.125,4.5,2,3.5,332.5,2,13.89,2,2024-01-21T23:00:01+00:00,False,False
2024-01-22 00:00:00+00:00,Eyla,SUP,100 Thieves,2024-01-27T21:14:06+00:00,9.922,0.8,3,5.8,72,5,40.58,2,2024-01-21T21:06:48+00:00,False,False
2024-01-22 00:00:00+00:00,FBI,BOT,NRG,2024-01-27T21:14:06+00:00,22.726,6,1.4,5.6,312,5,60.26,2,2024-01-21T23:00:01+00:00,False,False
2024-01-22 00:00:00+00:00,FakeGod,TOP,Shopify Rebellion,2024-01-27T23:22:56+00:00,8,2.2,3.8,2,270,5,28.12,2,2024-01-21T20:12:13+00:00,False,False
2024-01-22 00:00:00+00:00,Fudge,TOP,Cloud9,2024-01-27T20:15:48+00:00,11.384,2,3.4,3.4,262.6,5,36.85,2,2024-01-21T21:06:48+00:00,False,False
2024-01-22 00:00:00+00:00,Impact,TOP,Team Liquid,2024-01-27T22:29:55+00:00,11.684,2.8,1.6,2.4,232.2,5,20.82,2,2024-01-21T20:12:13+00:00,False,False
2024-01-22 00:00:00+00:00,Insanity,MID,Shopify Rebellion,2024-01-27T23:22:56+00:00,15.596,4,3,4,269.6,5,31.43,2,2024-01-21T20:12:13+00:00,False,False
2024-01-22 00:00:00+00:00,Inspired,JGL,FlyQuest,2024-01-27T22:29:55+00:00,9.402,2.2,1.8,3.4,183.2,5,11.58,2,2024-01-21T21:58:19+00:00,False,False
2024-01-22 00:00:00+00:00,Isles,SUP,Dignitas,2024-01-27T20:15:48+00:00,11.614,0.8,3.2,7.6,29,5,34.02,2,2024-01-21T23:00:01+00:00,False,False
2024-01-22 00:00:00+00:00,Jensen,MID,FlyQuest,2024-01-27T22:29:55+00:00,12.288,3.6,2.6,3.2,250.2,5,16.3,2,2024-01-21T21:58:19+00:00,False,False
2024-01-22 00:00:00+00:00,Jojopyun,MID,Cloud9,2024-01-27T20:15:48+00:00,16.924,3.8,2,4,269.8,5,40.77,2,2024-01-21T21:06:48+00:00,False,False
2024-01-22 00:00:00+00:00,Mask,MID,Immortals,2024-01-27T23:22:56+00:00,8.91,1,5,4,366,2,51.67,2,2024-01-21T21:58:19+00:00,False,False
2024-01-22 00:00:00+00:00,Massu,BOT,FlyQuest,2024-01-27T22:29:55+00:00,16.62,2.5,1,7,180.5,2,24.97,2,2024-01-21T21:58:19+00:00,False,False
2024-01-22 00:00:00+00:00,Meech,BOT,100 Thieves,2024-01-27T21:14:06+00:00,8.875,2,3,5.5,187.5,2,36.33,2,2024-01-21T21:06:48+00:00,False,False
2024-01-22 00:00:00+00:00,Olleh,SUP,Immortals,2024-01-27T23:22:56+00:00,9.906,0.4,2.6,6,38.6,5,45.53,2,2024-01-21T21:58:19+00:00,False,False
2024-01-22 00:00:00+00:00,Palafox,MID,NRG,2024-01-27T21:14:06+00:00,19.178,4.2,1.8,7.2,295.4,5,34.52,2,2024-01-21T23:00:01+00:00,False,False
2024-01-22 00:00:00+00:00,Quid,MID,100 Thieves,2024-01-27T21:14:06+00:00,16.178,2.6,0.8,2.8,310.6,5,27.59,2,2024-01-21T21:06:48+00:00,False,False
2024-01-22 00:00:00+00:00,Rich,TOP,Dignitas,2024-01-27T20:15:48+00:00,6.802,1.6,4.8,4.4,210.2,5,20.64,2,2024-01-21T23:00:01+00:00,False,False
2024-01-22 00:00:00+00:00,River,JGL,100 Thieves,2024-01-27T21:14:06+00:00,15.412,3.4,2.4,8,198,5,33.06,2,2024-01-21T21:06:48+00:00,False,False
2024-01-22 00:00:00+00:00,Sniper,TOP,100 Thieves,2024-01-27T21:14:06+00:00,10.79,1.5,2.5,3.5,288.5,2,26.6,2,2024-01-21T21:06:48+00:00,False,False
2024-01-22 00:00:00+00:00,Tactical,BOT,Immortals,2024-01-27T23:22:56+00:00,13.68,4,2.2,2.8,321.6,5,47.4,2,2024-01-21T21:58:19+00:00,False,False
2024-01-22 00:00:00+00:00,Tomo,BOT,Dignitas,2024-01-27T20:15:48+00:00,11.826,3,2.2,3.4,287.4,5,19.44,2,2024-01-21T23:00:01+00:00,False,False
2024-01-22 00:00:00+00:00,UmTi,JGL,Team Liquid,2024-01-27T22:29:55+00:00,6.875,1.5,2,4,199,2,20.55,2,2024-01-21T20:12:13+00:00,False,False
2024-01-22 00:00:00+00:00,Vulcan,SUP,Cloud9,2024-01-27T20:15:48+00:00,16.262,1,2,9,29.8,5,33.82,2,2024-01-21T21:06:48+00:00,False,False
2024-01-22 00:00:00+00:00,Yeon,BOT,Team Liquid,2024-01-27T22:29:55+00:00,14.924,3,2.2,5,269.8,5,24.29,2,2024-01-21T20:12:13+00:00,False,False
2024-01-22 00:00:00+00:00,Zeyzal,SUP,Shopify Rebellion,2024-01-27T23:22:56+00:00,13.59,1.4,3,7.2,50,5,45.33,2,2024-01-21T20:12:13+00:00,False,False
2024-01-22 00:00:00+00:00,eXyu,JGL,Dignitas,2024-01-27T20:15:48+00:00,9.522,2.2,3,5.6,180,5,9.34,2,2024-01-21T23:00:01+00:00,False,False
2024-01-22 00:00:00+00:00,huhi,SUP,NRG,2024-01-27T21:14:06+00:00,16.824,0.6,2.2,10,77.4,5,58.58,2,2024-01-21T23:00:01+00:00,False,False
2024-01-29 00:00:00+00:00,APA,MID,Team Liquid,2024-02-02T22:07:07+00:00,14.908,3.6,3.6,2.8,327.8,5,38.39,3,2024-01-28T22:51:09+00:00,False,False
2024-01-29 00:00:00+00:00,Armao,JGL,Immortals,2024-02-02T21:12:22+00:00,10.806,1.8,3.4,7.2,184.6,5,30.06,3,2024-01-28T22:51:09+00:00,False,False
2024-01-29 00:00:00+00:00,Berserker,BOT,Cloud9,2024-02-02T21:12:22+00:00,11.468,2,2,5.4,266.4,5,33.69,3,2024-01-28T21:10:15+00:00,False,False
2024-01-29 00:00:00+00:00,Blaber,JGL,Cloud9,2024-02-02T21:12:22+00:00,17.314,4.4,2,5.8,217.8,5,19.01,3,2024-01-28T21:10:15+00:00,False,False
2024-01-29 00:00:00+00:00,Bugi,JGL,Shopify Rebellion,2024-02-02T23:05:57+00:00,10.8,2.2,3,6,182.6,5,36.93,3,2024-01-28T21:10:15+00:00,False,False
2024-01-29 00:00:00+00:00,Busio,SUP,FlyQuest,2024-02-02T23:54:44+00:00,16.796,0.8,2.2,7.4,71,5,69.1,3,2024-01-28T21:55:54+00:00,False,False
2024-01-29 00:00:00+00:00,Bvoy,BOT,Shopify Rebellion,2024-02-02T23:05:57+00:00,22.48,4.5,2,8.5,276.5,2,56.4,3,2024-01-28T21:10:15+00:00,False,False
2024-01-29 00:00:00+00:00,Bwipo,TOP,FlyQuest,2024-02-02T23:54:44+00:00,11.374,2.2,2.4,3,293,5,51.58,3,2024-01-28T21:55:54+00:00,False,False
2024-01-29 00:00:00+00:00,Castle,TOP,Immortals,2024-02-02T21:12:22+00:00,12.5525,2.25,2.75,5.75,277,4,38.58,3,2024-01-28T22:51:09+00:00,False,False
2024-01-29 00:00:00+00:00,Contractz,JGL,NRG,2024-02-02T22:07:07+00:00,16.21,1.6,1.6,10.4,198,5,41.35,3,2024-01-28T21:55:54+00:00,False,False
2024-01-29 00:00:00+00:00,CoreJJ,SUP,Team Liquid,2024-02-02T22:07:07+00:00,11.824,0.4,2,6,48.6,5,38.29,3,2024-01-28T22:51:09+00:00,False,False
2024-01-29 00:00:00+00:00,Dhokla,TOP,NRG,2024-02-02T22:07:07+00:00,12.974,3,3.8,5.2,273.4,5,27.68,3,2024-01-28T21:55:54+00:00,False,False
2024-01-29 00:00:00+00:00,Dove,MID,Dignitas,2024-02-02T23:05:57+00:00,11.535,3.75,3.25,4,288.5,4,32.14,3,2024-01-28T20:15:18+00:00,False,False
2024-01-29 00:00:00+00:00,Eyla,SUP,100 Thieves,2024-02-02T23:54:44+00:00,14.852,1.4,3.6,8.6,83.2,5,53.7,3,2024-01-28T20:15:18+00:00,False,False
2024-01-29 00:00:00+00:00,FBI,BOT,NRG,2024-02-02T22:07:07+00:00,21.644,5,1.6,6.8,282,5,38.39,3,2024-01-28T21:55:54+00:00,False,False
2024-01-29 00:00:00+00:00,FakeGod,TOP,Shopify Rebellion,2024-02-02T23:05:57+00:00,10.432,1.8,3.2,4.6,243.8,5,28.67,3,2024-01-28T21:10:15+00:00,False,False
2024-01-29 00:00:00+00:00,Fudge,TOP,Cloud9,2024-02-02T21:12:22+00:00,14.994,1.4,1.6,5.2,245.2,5,18.74,3,2024-01-28T21:10:15+00:00,False,False
2024-01-29 00:00:00+00:00,Impact,TOP,Team Liquid,2024-02-02T22:07:07+00:00,8.402,1,2.2,3.4,244.8,5,27.49,3,2024-01-28T22:51:09+00:00,False,False
2024-01-29 00:00:00+00:00,Insanity,MID,Shopify Rebellion,2024-02-02T23:05:57+00:00,11.508,2.8,3.2,5.2,240.8,5,17.36,3,2024-01-28T21:10:15+00:00,False,False
2024-01-29 00:00:00+00:00,Inspired,JGL,FlyQuest,2024-02-02T23:54:44+00:00,9.642,2.6,2.2,4,191.8,5,59.93,3,2024-01-28T21:55:54+00:00,False,False
2024-01-29 00:00:00+00:00,Isles,SUP,Dignitas,2024-02-02T23:05:57+00:00,16.764,1,3.2,10.2,36.2,5,54.03,3,2024-01-28T20:15:18+00:00,False,False
2024-01-29 00:00:00+00:00,Jensen,MID,FlyQuest,2024-02-02T23:54:44+00:00,11.288,2.6,2,4,285.2,5,60.95,3,2024-01-28T21:55:54+00:00,False,False
2024-01-29 00:00:00+00:00,Jojopyun,MID,Cloud9,2024-02-02T21:12:22+00:00,20.412,3.4,1.4,5.6,274,5,29.8,3,2024-01-28T21:10:15+00:00,False,False
2024-01-29 00:00:00+00:00,Mask,MID,Immortals,2024-02-02T21:12:22+00:00,17.3725,2.25,3.5,6.25,354.75,4,58.31,3,2024-01-28T22:51:09+00:00,False,False
2024-01-29 00:00:00+00:00,Massu,BOT,FlyQuest,2024-02-02T23:54:44+00:00,14.5525,3.25,2,4.75,227.5,4,57.21,3,2024-01-28T21:55:54+00:00,False,False
2024-01-29 00:00:00+00:00,Meech,BOT,100 Thieves,2024-02-02T23:54:44+00:00,13.52,4.25,3.25,5.5,247.5,4,58.66,3,2024-01-28T20:15:18+00:00,False,False
2024-01-29 00:00:00+00:00,Olleh,SUP,Immortals,2024-02-02T21:12:22+00:00,13.722,0.2,3,8,46.4,5,38.29,3,2024-01-28T22:51:09+00:00,False,False
2024-01-29 00:00:00+00:00,Palafox,MID,NRG,2024-02-02T22:07:07+00:00,13.882,4.2,2.6,5,293.8,5,40.58,3,2024-01-28T21:55:54+00:00,False,False
2024-01-29 00:00:00+00:00,Quid,MID,100 Thieves,2024-02-02T23:54:44+00:00,14.36,3.2,2.6,4.2,314.8,5,50.58,3,2024-01-28T20:15:18+00:00,False,False
2024-01-29 00:00:00+00:00,Rich,TOP,Dignitas,2024-02-02T23:05:57+00:00,8.26,1.4,3.8,5.2,218,5,39.46,3,2024-01-28T20:15:18+00:00,False,False
2024-01-29 00:00:00+00:00,River,JGL,100 Thieves,2024-02-02T23:54:44+00:00,12.41,2.4,3.4,8.2,207.6,5,40.06,3,2024-01-28T20:15:18+00:00,False,False
2024-01-29 00:00:00+00:00,Sniper,TOP,100 Thieves,2024-02-02T23:54:44+00:00,12.045,2.5,2.5,4.25,275.75,4,40.04,3,2024-01-28T20:15:18+00:00,False,False
2024-01-29 00:00:00+00:00,Tactical,BOT,Immortals,2024-02-02T21:12:22+00:00,17.43,4.8,1.6,4.8,304.4,5,51.63,3,2024-01-28T22:51:09+00:00,False,False
2024-01-29 00:00:00+00:00,Tomo,BOT,Dignitas,2024-02-02T23:05:57+00:00,13.348,4,2.4,3.8,289.6,5,47.06,3,2024-01-28T20:15:18+00:00,False,False
2024-01-29 00:00:00+00:00,UmTi,JGL,Team Liquid,2024-02-02T22:07:07+00:00,8.575,1.25,2,5.25,186,4,10.87,3,2024-01-28T22:51:09+00:00,False,False
2024-01-29 00:00:00+00:00,Vulcan,SUP,Cloud9,2024-02-02T21:12:22+00:00,14.05,1,3.2,8,25.8,5,29.79,3,2024-01-28T21:10:15+00:00,False,False
2024-01-29 00:00:00+00:00,Yeon,BOT,Team Liquid,2024-02-02T22:07:07+00:00,14.548,2.6,1.8,4.2,332.4,5,33.61,3,2024-01-28T22:51:09+00:00,False,False
2024-01-29 00:00:00+00:00,Zeyzal,SUP,Shopify Rebellion,2024-02-02T23:05:57+00:00,14.58,0.6,2.6,8.2,45,5,36.98,3,2024-01-28T21:10:15+00:00,False,False
2024-01-29 00:00:00+00:00,eXyu,JGL,Dignitas,2024-02-02T23:05:57+00:00,10.958,3,4.2,6.8,191.8,5,30.89,3,2024-01-28T20:15:18+00:00,False,False
2024-01-29 00:00:00+00:00,huhi,SUP,NRG,2024-02-02T22:07:07+00:00,19.074,2.2,2.6,9,75.2,5,41.19,3,2024-01-28T21:55:54+00:00,False,False
2024-02-05 00:00:00+00:00,APA,MID,Team Liquid,2024-02-10T22:53:37+00:00,13.702,2.6,2.4,3,328.8,5,29.28,2,2024-02-04T21:51:39+00:00,False,False
2024-02-05 00:00:00+00:00,Armao,JGL,Immortals,2024-02-10T22:01:33+00:00,12.424,1.6,1.8,7.2,194.8,5,23.25,2,2024-02-04T23:23:54+00:00,False,False
2024-02-05 00:00:00+00:00,Berserker,BOT,Cloud9,2024-02-10T21:07:54+00:00,11.848,2,2,3.6,281.8,5,61.54,2,2024-02-04T21:51:39+00:00,False,False
2024-02-05 00:00:00+00:00,Blaber,JGL,Cloud9,2024-02-10T21:07:54+00:00,9.224,1.4,2.4,4.8,189.6,5,33.76,2,2024-02-04T21:51:39+00:00,False,False
2024-02-05 00:00:00+00:00,Bugi,JGL,Shopify Rebellion,2024-02-10T23:44:51+00:00,13.836,4,3.4,6,191.6,5,27.22,2,2024-02-04T22:38:24+00:00,False,False
2024-02-05 00:00:00+00:00,Busio,SUP,FlyQuest,2024-02-10T23:44:51+00:00,20.812,1.8,1.8,9.2,35,5,26.38,2,2024-02-04T21:07:41+00:00,False,False
2024-02-05 00:00:00+00:00,Bvoy,BOT,Shopify Rebellion,2024-02-10T23:44:51+00:00,20.272,4.8,2.4,6.6,258,5,28.93,2,2024-02-04T22:38:24+00:00,False,False
2024-02-05 00:00:00+00:00,Bwipo,TOP,FlyQuest,2024-02-10T23:44:51+00:00,13.77,2.8,2,4.2,253.2,5,31.47,2,2024-02-04T21:07:41+00:00,False,False
2024-02-05 00:00:00+00:00,Castle,TOP,Immortals,2024-02-10T22:01:33+00:00,15.724,2.2,3,8,269.8,5,20.78,2,2024-02-04T23:23:54+00:00,False,False
2024-02-05 00:00:00+00:00,Contractz,JGL,NRG,2024-02-10T21:07:54+00:00,16.234,3.4,2.2,7.8,241,5,11.09,2,2024-02-04T23:23:54+00:00,False,False
2024-02-05 00:00:00+00:00,CoreJJ,SUP,Team Liquid,2024-02-10T22:53:37+00:00,11.348,0.4,1.4,4.6,46.4,5,40.88,2,2024-02-04T21:51:39+00:00,False,False
2024-02-05 00:00:00+00:00,Dhokla,TOP,NRG,2024-02-10T21:07:54+00:00,10.788,2,3,5,270.6,5,5.46,2,2024-02-04T23:23:54+00:00,False,False
2024-02-05 00:00:00+00:00,Dove,MID,Dignitas,2024-02-10T22:01:33+00:00,9.206,2.4,2.8,5,243.6,5,38.32,2,2024-02-04T21:07:41+00:00,False,False
2024-02-05 00:00:00+00:00,Eyla,SUP,100 Thieves,2024-02-10T22:53:37+00:00,18.856,1.4,3.8,12.2,70.4,5,48.85,2,2024-02-04T22:38:24+00:00,False,False
2024-02-05 00:00:00+00:00,FBI,BOT,NRG,2024-02-10T21:07:54+00:00,19.73,3.8,1.8,8.2,252,5,21.46,2,2024-02-04T23:23:54+00:00,False,False
2024-02-05 00:00:00+00:00,FakeGod,TOP,Shopify Rebellion,2024-02-10T23:44:51+00:00,11.358,1.4,3.2,6,223.2,5,14.9,2,2024-02-04T22:38:24+00:00,False,False
2024-02-05 00:00:00+00:00,Fudge,TOP,Cloud9,2024-02-10T21:07:54+00:00,11.118,0.8,1.6,3.6,260,5,37.18,2,2024-02-04T21:51:39+00:00,False,False
2024-02-05 00:00:00+00:00,Impact,TOP,Team Liquid,2024-02-10T22:53:37+00:00,9.662,1.2,1.6,3.2,266,5,38.57,2,2024-02-04T21:51:39+00:00,False,False
2024-02-05 00:00:00+00:00,Insanity,MID,Shopify Rebellion,2024-02-10T23:44:51+00:00,9.758,2.6,3,5.6,205,5,14.67,2,2024-02-04T22:38:24+00:00,False,False
2024-02-05 00:00:00+00:00,Inspired,JGL,FlyQuest,2024-02-10T23:44:51+00:00,14.302,1.8,1.4,7.8,186.6,5,21.68,2,2024-02-04T21:07:41+00:00,False,False
2024-02-05 00:00:00+00:00,Isles,SUP,Dignitas,2024-02-10T22:01:33+00:00,17.61,1,2,9,70.6,5,44.34,2,2024-02-04T21:07:41+00:00,False,False
2024-02-05 00:00:00+00:00,Jensen,MID,FlyQuest,2024-02-10T23:44:51+00:00,15.45,3.2,1.6,4.4,301.8,5,34.19,2,2024-02-04T21:07:41+00:00,False,False
2024-02-05 00:00:00+00:00,Jojopyun,MID,Cloud9,2024-02-10T21:07:54+00:00,14.114,2,2.6,3.8,285.2,5,28.21,2,2024-02-04T21:51:39+00:00,False,False
2024-02-05 00:00:00+00:00,Mask,MID,Immortals,2024-02-10T22:01:33+00:00,21.996,2.6,1.8,7,341.4,5,24.76,2,2024-02-04T23:23:54+00:00,False,False
2024-02-05 00:00:00+00:00,Massu,BOT,FlyQuest,2024-02-10T23:44:51+00:00,16.436,4.6,2,4.8,265.8,5,14.93,2,2024-02-04T21:07:41+00:00,False,False
2024-02-05 00:00:00+00:00,Meech,BOT,100 Thieves,2024-02-10T22:53:37+00:00,18.998,5,2.6,7,235,5,53.93,2,2024-02-04T22:38:24+00:00,False,False
2024-02-05 00:00:00+00:00,Olleh,SUP,Immortals,2024-02-10T22:01:33+00:00,16.764,1,2.6,8.8,74,5,26.12,2,2024-02-04T23:23:54+00:00,False,False
2024-02-05 00:00:00+00:00,Palafox,MID,NRG,2024-02-10T21:07:54+00:00,15.02,3.2,3.2,6.6,280.6,5,16.16,2,2024-02-04T23:23:54+00:00,False,False
2024-02-05 00:00:00+00:00,Quid,MID,100 Thieves,2024-02-10T22:53:37+00:00,15.634,3.8,3.6,8.2,276.8,5,47.52,2,2024-02-04T22:38:24+00:00,False,False
2024-02-05 00:00:00+00:00,Rich,TOP,Dignitas,2024-02-10T22:01:33+00:00,12.02,2.2,2.2,4.2,237.8,5,37.79,2,2024-02-04T21:07:41+00:00,False,False
2024-02-05 00:00:00+00:00,River,JGL,100 Thieves,2024-02-10T22:53:37+00:00,14.624,3.2,2.6,8.8,199,5,26.47,2,2024-02-04T22:38:24+00:00,False,False
2024-02-05 00:00:00+00:00,Sniper,TOP,100 Thieves,2024-02-10T22:53:37+00:00,13.328,3.4,2.6,4.8,255,5,34.47,2,2024-02-04T22:38:24+00:00,False,False
2024-02-05 00:00:00+00:00,Tactical,BOT,Immortals,2024-02-10T22:01:33+00:00,19.806,5.4,1.4,4.8,263.2,5,13.62,2,2024-02-04T23:23:54+00:00,False,False
2024-02-05 00:00:00+00:00,Tomo,BOT,Dignitas,2024-02-10T22:01:33+00:00,13.3,4.2,3.2,4.2,230.2,5,43.83,2,2024-02-04T21:07:41+00:00,False,False
2024-02-05 00:00:00+00:00,UmTi,JGL,Team Liquid,2024-02-10T22:53:37+00:00,6.284,1,3,4.4,196.6,5,28.91,2,2024-02-04T21:51:39+00:00,False,False
2024-02-05 00:00:00+00:00,Vulcan,SUP,Cloud9,2024-02-10T21:07:54+00:00,12.722,0.6,2.4,5.8,25.4,5,47.74,2,2024-02-04T21:51:39+00:00,False,False
2024-02-05 00:00:00+00:00,Yeon,BOT,Team Liquid,2024-02-10T22:53:37+00:00,11.58,2,1.8,3,319.8,5,43.28,2,2024-02-04T21:51:39+00:00,False,False
2024-02-05 00:00:00+00:00,Zeyzal,SUP,Shopify Rebellion,2024-02-10T23:44:51+00:00,16.462,1,3.4,10.2,38.8,5,31.55,2,2024-02-04T22:38:24+00:00,False,False
2024-02-05 00:00:00+00:00,eXyu,JGL,Dignitas,2024-02-10T22:01:33+00:00,8.046,1.6,3.6,6.2,175,5,37.08,2,2024-02-04T21:07:41+00:00,False,False
2024-02-05 00:00:00+00:00,huhi,SUP,NRG,2024-02-10T21:07:54+00:00,19.954,2.4,3.2,9.6,85,5,14.79,2,2024-02-04T23:23:54+00:00,False,False
2024-02-26 00:00:00+00:00,APA,MID,Team Liquid,2024-03-02T22:59:27+00:00,13.534,1.6,2,5.4,284.6,5,17.42,1,2024-02-11T22:56:09+00:00,False,False
2024-02-26 00:00:00+00:00,Armao,JGL,Immortals,2024-03-02T21:07:29+00:00,10.662,1.2,1.4,6,176.4,5,19.23,2,2024-02-11T23:41:19+00:00,False,False
2024-02-26 00:00:00+00:00,Berserker,BOT,Cloud9,2024-03-02T22:06:59+00:00,19.046,3.8,1.8,3.8,332.2,5,11.13,1,2024-02-11T21:07:51+00:00,False,False
2024-02-26 00:00:00+00:00,Blaber,JGL,Cloud9,2024-03-02T22:06:59+00:00,10.554,1.4,2.6,7,202.4,5,21.2,1,2024-02-11T21:07:51+00:00,False,False
2024-02-26 00:00:00+00:00,Bugi,JGL,Shopify Rebellion,2024-03-02T21:07:29+00:00,12.83,4,2.8,4.6,173.4,5,27.14,2,2024-02-11T22:56:09+00:00,False,False
2024-02-26 00:00:00+00:00,Busio,SUP,FlyQuest,2024-03-02T22:06:59+00:00,19.096,1.4,2.6,9.8,33.2,5,35.66,2,2024-02-11T23:41:19+00:00,False,False
2024-02-26 00:00:00+00:00,Bvoy,BOT,Shopify Rebellion,2024-03-02T21:07:29+00:00,17.066,4.2,2.2,5.4,253,5,47.14,2,2024-02-11T22:56:09+00:00,False,False
2024-02-26 00:00:00+00:00,Bwipo,TOP,FlyQuest,2024-03-02T22:06:59+00:00,16.61,3,1.6,5.4,244.4,5,26.63,2,2024-02-11T23:41:19+00:00,False,False
2024-02-26 00:00:00+00:00,Castle,TOP,Immortals,2024-03-02T21:07:29+00:00,11.872,1.8,3.2,5.2,266.4,5,8.92,2,2024-02-11T23:41:19+00:00,False,False
2024-02-26 00:00:00+00:00,Contractz,JGL,NRG,2024-03-02T22:59:27+00:00,10.488,3.2,3.4,4,214.6,5,37.85,2,2024-02-11T22:11:25+00:00,False,False
2024-02-26 00:00:00+00:00,CoreJJ,SUP,Team Liquid,2024-03-02T22:59:27+00:00,15.834,0.8,1.2,6.4,44.2,5,16.1,1,2024-02-11T22:56:09+00:00,False,False
2024-02-26 00:00:00+00:00,Dhokla,TOP,NRG,2024-03-02T22:59:27+00:00,6.628,1,2.8,2.8,250.6,5,42.72,2,2024-02-11T22:11:25+00:00,False,False
2024-02-26 00:00:00+00:00,Dove,MID,Dignitas,2024-03-03T00:02:45+00:00,14.092,2.8,1.4,6,254.8,5,46.48,2,2024-02-11T22:11:25+00:00,False,False
2024-02-26 00:00:00+00:00,Eyla,SUP,100 Thieves,2024-03-03T00:02:45+00:00,20.51,0.4,3.4,14,59.8,5,36.48,2,2024-02-11T21:07:51+00:00,False,False
2024-02-26 00:00:00+00:00,FBI,BOT,NRG,2024-03-02T22:59:27+00:00,11.97,2,2,5.4,197,5,46.17,2,2024-02-11T22:11:25+00:00,False,False
2024-02-26 00:00:00+00:00,FakeGod,TOP,Shopify Rebellion,2024-03-02T21:07:29+00:00,8.714,2,3.2,3.4,208.4,5,20.34,2,2024-02-11T22:56:09+00:00,False,False
2024-02-26 00:00:00+00:00,Fudge,TOP,Cloud9,2024-03-02T22:06:59+00:00,11.184,2,2,4,298.4,5,13.39,1,2024-02-11T21:07:51+00:00,False,False
2024-02-26 00:00:00+00:00,Impact,TOP,Team Liquid,2024-03-02T22:59:27+00:00,13.212,3,1.6,2.8,248,5,22.4,1,2024-02-11T22:56:09+00:00,False,False
2024-02-26 00:00:00+00:00,Insanity,MID,Shopify Rebellion,2024-03-02T21:07:29+00:00,6.406,1.6,2.8,4,207.2,5,52.41,2,2024-02-11T22:56:09+00:00,False,False
2024-02-26 00:00:00+00:00,Inspired,JGL,FlyQuest,2024-03-02T22:06:59+00:00,16.322,2.2,1.2,7.8,207.6,5,30.7,2,2024-02-11T23:41:19+00:00,False,False
2024-02-26 00:00:00+00:00,Isles,SUP,Dignitas,2024-03-03T00:02:45+00:00,19.674,0.4,1.4,10,73,5,35.21,2,2024-02-11T22:11:25+00:00,False,False
2024-02-26 00:00:00+00:00,Jensen,MID,FlyQuest,2024-03-02T22:06:59+00:00,19.028,4.4,2,4.2,300.4,5,39.35,2,2024-02-11T23:41:19+00:00,False,False
2024-02-26 00:00:00+00:00,Jojopyun,MID,Cloud9,2024-03-02T22:06:59+00:00,11.602,2.6,3.2,3.8,315.4,5,21.22,1,2024-02-11T21:07:51+00:00,False,False
2024-02-26 00:00:00+00:00,Mask,MID,Immortals,2024-03-02T21:07:29+00:00,16.614,2.2,2.6,4.8,319.2,5,27.35,2,2024-02-11T23:41:19+00:00,False,False
2024-02-26 00:00:00+00:00,Massu,BOT,FlyQuest,2024-03-02T22:06:59+00:00,14.428,3.6,2.2,5.8,265.6,5,23.88,2,2024-02-11T23:41:19+00:00,False,False
2024-02-26 00:00:00+00:00,Meech,BOT,100 Thieves,2024-03-03T00:02:45+00:00,22.518,5,2.2,8.4,240,5,33.62,2,2024-02-11T21:07:51+00:00,False,False
2024-02-26 00:00:00+00:00,Olleh,SUP,Immortals,2024-03-02T21:07:29+00:00,12.882,1.6,2.8,5.2,74,5,15.94,2,2024-02-11T23:41:19+00:00,False,False
2024-02-26 00:00:00+00:00,Palafox,MID,NRG,2024-03-02T22:59:27+00:00,11.348,1.8,3,5,266.2,5,36.17,2,2024-02-11T22:11:25+00:00,False,False
2024-02-26 00:00:00+00:00,Quid,MID,100 Thieves,2024-03-03T00:02:45+00:00,19.62,5.4,2.8,8.2,304,5,38.84,2,2024-02-11T21:07:51+00:00,False,False
2024-02-26 00:00:00+00:00,Rich,TOP,Dignitas,2024-03-03T00:02:45+00:00,15.45,2.6,2.4,4.8,256,5,28.49,2,2024-02-11T22:11:25+00:00,False,False
2024-02-26 00:00:00+00:00,River,JGL,100 Thieves,2024-03-03T00:02:45+00:00,13.306,2.8,3.4,9,185.2,5,25.77,2,2024-02-11T21:07:51+00:00,False,False
2024-02-26 00:00:00+00:00,Sniper,TOP,100 Thieves,2024-03-03T00:02:45+00:00,14.902,3.8,3.4,5.8,277.4,5,15.08,2,2024-02-11T21:07:51+00:00,False,False
2024-02-26 00:00:00+00:00,Tactical,BOT,Immortals,2024-03-02T21:07:29+00:00,13.05,3.2,2.4,4.2,260.2,5,26.09,2,2024-02-11T23:41:19+00:00,False,False
2024-02-26 00:00:00+00:00,Tomo,BOT,Dignitas,2024-03-03T00:02:45+00:00,18.178,5,1.8,3.8,257.2,5,32.53,2,2024-02-11T22:11:25+00:00,False,False
2024-02-26 00:00:00+00:00,UmTi,JGL,Team Liquid,2024-03-02T22:59:27+00:00,7.956,1,3.4,6,195,5,12,1,2024-02-11T22:56:09+00:00,False,False
2024-02-26 00:00:00+00:00,Vulcan,SUP,Cloud9,2024-03-02T22:06:59+00:00,15.506,0.2,2,8.4,28.4,5,8.46,1,2024-02-11T21:07:51+00:00,False,False
2024-02-26 00:00:00+00:00,Yeon,BOT,Team Liquid,2024-03-02T22:59:27+00:00,15.378,3.2,1.8,4.2,275,5,10.27,1,2024-02-11T22:56:09+00:00,False,False
2024-02-26 00:00:00+00:00,Zeyzal,SUP,Shopify Rebellion,2024-03-02T21:07:29+00:00,13.706,1,3.4,8.6,34.8,5,43.84,2,2024-02-11T22:56:09+00:00,False,False
2024-02-26 00:00:00+00:00,eXyu,JGL,Dignitas,2024-03-03T00:02:45+00:00,13.594,1.6,2,8.8,162.4,5,17.6,2,2024-02-11T22:11:25+00:00,False,False
2024-02-26 00:00:00+00:00,huhi,SUP,NRG,2024-03-02T22:59:27+00:00,11.196,0.8,3.2,5.8,118.8,5,45.41,2,2024-02-11T22:11:25+00:00,False,False
2024-03-04 00:00:00+00:00,APA,MID,Team Liquid,2024-03-04T00:06:51+00:00,16.362,2,2,5.8,317.4,5,79.07,4,2024-03-02T22:59:27+00:00,False,False
2024-03-04 00:00:00+00:00,Armao,JGL,Immortals,2024-03-08T22:42:17+00:00,11.824,2.2,1.8,5.6,193.6,5,38.38,3,2024-03-03T21:07:18+00:00,False,False
2024-03-04 00:00:00+00:00,Berserker,BOT,Cloud9,2024-03-04T00:06:51+00:00,18.266,3.4,1.8,4.6,275.4,5,69.86,4,2024-03-02T22:06:59+00:00,False,False
2024-03-04 00:00:00+00:00,Blaber,JGL,Cloud9,2024-03-04T00:06:51+00:00,13.534,2.2,2.2,7,211.4,5,58.16,4,2024-03-02T22:06:59+00:00,False,False
2024-03-04 00:00:00+00:00,Bugi,JGL,Shopify Rebellion,2024-03-08T23:32:44+00:00,14.748,3.6,3.2,6.8,184,5,26.77,3,2024-03-03T23:04:02+00:00,False,False
2024-03-04 00:00:00+00:00,Busio,SUP,FlyQuest,2024-03-08T21:52:10+00:00,17.028,0.8,2.8,9.2,36.6,5,60.72,3,2024-03-03T22:13:46+00:00,False,False
2024-03-04 00:00:00+00:00,Bvoy,BOT,Shopify Rebellion,2024-03-08T23:32:44+00:00,18.566,3.6,2.2,7.4,303.8,5,51.39,3,2024-03-03T23:04:02+00:00,False,False
2024-03-04 00:00:00+00:00,Bwipo,TOP,FlyQuest,2024-03-08T21:52:10+00:00,14.352,2.6,2.8,6,235.2,5,41.03,3,2024-03-03T22:13:46+00:00,False,False
2024-03-04 00:00:00+00:00,Castle,TOP,Immortals,2024-03-08T22:42:17+00:00,10.56,1.6,3.2,4,297.8,5,41.49,3,2024-03-03T21:07:18+00:00,False,False
2024-03-04 00:00:00+00:00,Contractz,JGL,NRG,2024-03-08T23:32:44+00:00,12.642,2.6,3.4,6.8,211,5,28.43,4,2024-03-03T21:07:18+00:00,False,False
2024-03-04 00:00:00+00:00,CoreJJ,SUP,Team Liquid,2024-03-04T00:06:51+00:00,16.158,0.4,1.8,7.8,42,5,60.8,4,2024-03-02T22:59:27+00:00,False,False
2024-03-04 00:00:00+00:00,Dhokla,TOP,NRG,2024-03-08T23:32:44+00:00,11.066,1.8,2.8,4.6,284.8,5,41.73,4,2024-03-03T21:07:18+00:00,False,False
2024-03-04 00:00:00+00:00,Dove,MID,Dignitas,2024-03-08T21:07:46+00:00,17.53,4.4,2.4,5.8,292.8,5,45.55,4,2024-03-03T23:04:02+00:00,False,False
2024-03-04 00:00:00+00:00,Eyla,SUP,100 Thieves,2024-03-08T22:42:17+00:00,22.324,0.4,2.8,14.6,92.8,5,55.01,3,2024-03-03T22:13:46+00:00,False,False
2024-03-04 00:00:00+00:00,FBI,BOT,NRG,2024-03-08T23:32:44+00:00,14.9,3.2,1.8,5.4,230,5,48.5,4,2024-03-03T21:07:18+00:00,False,False
2024-03-04 00:00:00+00:00,FakeGod,TOP,Shopify Rebellion,2024-03-08T23:32:44+00:00,7.962,1.6,3.6,4,264.2,5,50.24,3,2024-03-03T23:04:02+00:00,False,False
2024-03-04 00:00:00+00:00,Fudge,TOP,Cloud9,2024-03-04T00:06:51+00:00,11.724,2.2,2.2,4.2,289.2,5,56.85,4,2024-03-02T22:06:59+00:00,False,False
2024-03-04 00:00:00+00:00,Impact,TOP,Team Liquid,2024-03-04T00:06:51+00:00,16.36,3.8,1.4,3.4,254.8,5,62.45,4,2024-03-02T22:59:27+00:00,False,False
2024-03-04 00:00:00+00:00,Insanity,MID,Shopify Rebellion,2024-03-08T23:32:44+00:00,13.424,4,3,3.8,256.2,5,57.55,3,2024-03-03T23:04:02+00:00,False,False
2024-03-04 00:00:00+00:00,Inspired,JGL,FlyQuest,2024-03-08T21:52:10+00:00,14.448,1.6,1.4,8,198,5,43.14,3,2024-03-03T22:13:46+00:00,False,False
2024-03-04 00:00:00+00:00,Isles,SUP,Dignitas,2024-03-08T21:07:46+00:00,17.316,0.6,2.4,9.2,73.2,5,61.53,4,2024-03-03T23:04:02+00:00,False,False
2024-03-04 00:00:00+00:00,Jensen,MID,FlyQuest,2024-03-08T21:52:10+00:00,21.132,5.4,2,4.6,293,5,54.12,3,2024-03-03T22:13:46+00:00,False,False
2024-03-04 00:00:00+00:00,Jojopyun,MID,Cloud9,2024-03-04T00:06:51+00:00,14.624,3.4,2.8,3.8,309,5,76.65,4,2024-03-02T22:06:59+00:00,False,False
2024-03-04 00:00:00+00:00,Mask,MID,Immortals,2024-03-08T22:42:17+00:00,14.034,2.2,2.8,4.8,347.6,5,34.18,3,2024-03-03T21:07:18+00:00,False,False
2024-03-04 00:00:00+00:00,Massu,BOT,FlyQuest,2024-03-08T21:52:10+00:00,10.646,2.4,2.2,5.2,269,5,57.16,3,2024-03-03T22:13:46+00:00,False,False
2024-03-04 00:00:00+00:00,Meech,BOT,100 Thieves,2024-03-08T22:42:17+00:00,22.8,6,2.2,8.8,199.4,5,54.35,3,2024-03-03T22:13:46+00:00,False,False
2024-03-04 00:00:00+00:00,Olleh,SUP,Immortals,2024-03-08T22:42:17+00:00,10.25,1.2,4.2,5.6,43.4,5,49.58,3,2024-03-03T21:07:18+00:00,False,False
2024-03-04 00:00:00+00:00,Palafox,MID,NRG,2024-03-08T23:32:44+00:00,13.446,2.2,2.6,5.6,322.2,5,46.29,4,2024-03-03T21:07:18+00:00,False,False
2024-03-04 00:00:00+00:00,Quid,MID,100 Thieves,2024-03-08T22:42:17+00:00,22.068,5.4,2.6,7.6,317.4,5,56.98,3,2024-03-03T22:13:46+00:00,False,False
2024-03-04 00:00:00+00:00,Rich,TOP,Dignitas,2024-03-08T21:07:46+00:00,13.974,1.4,2.6,6.2,268.4,5,57.59,4,2024-03-03T23:04:02+00:00,False,False
2024-03-04 00:00:00+00:00,River,JGL,100 Thieves,2024-03-08T22:42:17+00:00,14.46,3,3.4,9.8,194,5,44.43,3,2024-03-03T22:13:46+00:00,False,False
2024-03-04 00:00:00+00:00,Sniper,TOP,100 Thieves,2024-03-08T22:42:17+00:00,13.194,3.8,5,5.8,278,5,74.76,3,2024-03-03T22:13:46+00:00,False,False
2024-03-04 00:00:00+00:00,Tactical,BOT,Immortals,2024-03-08T22:42:17+00:00,12.844,3.6,2.8,4.2,334.2,5,42.05,3,2024-03-03T21:07:18+00:00,False,False
2024-03-04 00:00:00+00:00,Tomo,BOT,Dignitas,2024-03-08T21:07:46+00:00,16.214,4.4,2.2,3.8,311.8,5,96.03,4,2024-03-03T23:04:02+00:00,False,False
2024-03-04 00:00:00+00:00,UmTi,JGL,Team Liquid,2024-03-04T00:06:51+00:00,10.216,1.8,3,6.4,181,5,44.15,4,2024-03-02T22:59:27+00:00,False,False
2024-03-04 00:00:00+00:00,Vulcan,SUP,Cloud9,2024-03-04T00:06:51+00:00,15.06,0.2,2,8.6,56.2,5,61.53,4,2024-03-02T22:06:59+00:00,False,False
2024-03-04 00:00:00+00:00,Yeon,BOT,Team Liquid,2024-03-04T00:06:51+00:00,14.838,3,1.6,4.8,271.8,5,71.1,4,2024-03-02T22:59:27+00:00,False,False
2024-03-04 00:00:00+00:00,Zeyzal,SUP,Shopify Rebellion,2024-03-08T23:32:44+00:00,17.836,1,3,10.4,32.6,5,23.92,3,2024-03-03T23:04:02+00:00,False,False
2024-03-04 00:00:00+00:00,eXyu,JGL,Dignitas,2024-03-08T21:07:46+00:00,10.994,1.6,3,8,178.4,5,34.35,4,2024-03-03T23:04:02+00:00,False,False
2024-03-04 00:00:00+00:00,huhi,SUP,NRG,2024-03-08T23:32:44+00:00,12.498,0.6,3,7,129.4,5,34.13,4,2024-03-03T21:07:18+00:00,False,False
2024-03-11 00:00:00+00:00,APA,MID,Team Liquid,2024-03-15T20:07:25+00:00,19.298,3.6,3.6,5.4,356.8,5,162.08,8,2024-03-10T20:07:55+00:00,False,False
2024-03-11 00:00:00+00:00,Berserker,BOT,Cloud9,2024-03-14T20:08:02+00:00,16.198,2.8,1.2,6.4,251.2,5,59.71,3,2024-03-10T21:46:38+00:00,False,False
2024-03-11 00:00:00+00:00,Blaber,JGL,Cloud9,2024-03-14T20:08:02+00:00,15.872,3.2,2,6.2,241.8,5,51.7,3,2024-03-10T21:46:38+00:00,False,False
2024-03-11 00:00:00+00:00,Busio,SUP,FlyQuest,2024-03-15T20:07:25+00:00,19.276,1,2.8,10.2,68,5,104.84,5,2024-03-10T22:55:33+00:00,False,False
2024-03-11 00:00:00+00:00,Bwipo,TOP,FlyQuest,2024-03-15T20:07:25+00:00,13.532,3,4.4,5.6,272.2,5,89.96,5,2024-03-10T22:55:33+00:00,False,False
2024-03-11 00:00:00+00:00,Contractz,JGL,NRG,2024-03-16T20:07:47+00:00,9.26,1.6,2.6,6.2,211.8,5,50.37,5,2024-03-10T23:49:34+00:00,False,False
2024-03-11 00:00:00+00:00,CoreJJ,SUP,Team Liquid,2024-03-15T20:07:25+00:00,15.38,0.2,2.6,9.4,75.8,5,183.36,8,2024-03-10T20:07:55+00:00,False,False
2024-03-11 00:00:00+00:00,Dhokla,TOP,NRG,2024-03-16T20:07:47+00:00,12.84,3,3.8,4.8,304.4,5,72.09,5,2024-03-10T23:49:34+00:00,False,False
2024-03-11 00:00:00+00:00,Dove,MID,Dignitas,2024-03-17T20:06:57+00:00,14.568,2.6,2,5.6,276.8,5,10.52,3,2024-03-10T23:49:34+00:00,False,False
2024-03-11 00:00:00+00:00,Eyla,SUP,100 Thieves,2024-03-14T20:08:02+00:00,18.298,0.4,2,11.6,69.2,5,118.31,8,2024-03-10T20:56:40+00:00,False,False
2024-03-11 00:00:00+00:00,FBI,BOT,NRG,2024-03-16T20:07:47+00:00,14.132,3.2,1.6,5.4,228.8,5,100.07,5,2024-03-10T23:49:34+00:00,False,False
2024-03-11 00:00:00+00:00,Fudge,TOP,Cloud9,2024-03-14T20:08:02+00:00,14.048,2,2.4,5.8,310,5,68.12,3,2024-03-10T21:46:38+00:00,False,False
2024-03-11 00:00:00+00:00,Impact,TOP,Team Liquid,2024-03-15T20:07:25+00:00,16.97,3,2.2,6,292.8,5,149.94,8,2024-03-10T20:07:55+00:00,False,False
2024-03-11 00:00:00+00:00,Inspired,JGL,FlyQuest,2024-03-15T20:07:25+00:00,14.768,2.2,2.4,9,196.8,5,99.22,5,2024-03-10T22:55:33+00:00,False,False
2024-03-11 00:00:00+00:00,Isles,SUP,Dignitas,2024-03-17T20:06:57+00:00,17.272,0.8,1.6,8.4,31.4,5,27.5,3,2024-03-10T23:49:34+00:00,False,False
2024-03-11 00:00:00+00:00,Jensen,MID,FlyQuest,2024-03-15T20:07:25+00:00,18.694,4.6,2,7,292,5,123.02,5,2024-03-10T22:55:33+00:00,False,False
2024-03-11 00:00:00+00:00,Jojopyun,MID,Cloud9,2024-03-14T20:08:02+00:00,19.574,5,2.6,5,339.2,5,61.55,3,2024-03-10T21:46:38+00:00,False,False
2024-03-11 00:00:00+00:00,Massu,BOT,FlyQuest,2024-03-15T20:07:25+00:00,16.208,3.4,2,6.4,255.2,5,126.82,5,2024-03-10T22:55:33+00:00,False,False
2024-03-11 00:00:00+00:00,Meech,BOT,100 Thieves,2024-03-14T20:08:02+00:00,17.594,4.4,1.4,6.6,225.2,5,71.79,8,2024-03-10T20:56:40+00:00,False,False
2024-03-11 00:00:00+00:00,Palafox,MID,NRG,2024-03-16T20:07:47+00:00,13.462,3.2,3.4,5.2,325.4,5,65.41,5,2024-03-10T23:49:34+00:00,False,False
2024-03-11 00:00:00+00:00,Quid,MID,100 Thieves,2024-03-14T20:08:02+00:00,19.164,3.8,2,6.2,291.2,5,184.49,8,2024-03-10T20:56:40+00:00,False,False
2024-03-11 00:00:00+00:00,Rich,TOP,Dignitas,2024-03-17T20:06:57+00:00,16.148,1.8,3,5.8,252.2,5,27.32,3,2024-03-10T23:49:34+00:00,False,False
2024-03-11 00:00:00+00:00,River,JGL,100 Thieves,2024-03-14T20:08:02+00:00,14.04,2.4,2.2,8.2,186,5,93.44,8,2024-03-10T20:56:40+00:00,False,False
2024-03-11 00:00:00+00:00,Sniper,TOP,100 Thieves,2024-03-14T20:08:02+00:00,17.968,5.2,4.4,5.2,257.2,5,79.97,8,2024-03-10T20:56:40+00:00,False,False
2024-03-11 00:00:00+00:00,Tomo,BOT,Dignitas,2024-03-17T20:06:57+00:00,23.476,5.2,1.6,3.8,329,5,21.15,3,2024-03-10T23:49:34+00:00,False,False
2024-03-11 00:00:00+00:00,UmTi,JGL,Team Liquid,2024-03-15T20:07:25+00:00,11.23,2,2.4,6.8,211.8,5,135.53,8,2024-03-10T20:07:55+00:00,False,False
2024-03-11 00:00:00+00:00,Vulcan,SUP,Cloud9,2024-03-14T20:08:02+00:00,13.998,0.6,2,8.4,100.4,5,64.25,3,2024-03-10T21:46:38+00:00,False,False
2024-03-11 00:00:00+00:00,Yeon,BOT,Team Liquid,2024-03-15T20:07:25+00:00,16.274,4.4,2,5,275.4,5,192.2,8,2024-03-10T20:07:55+00:00,False,False
2024-03-11 00:00:00+00:00,eXyu,JGL,Dignitas,2024-03-17T20:06:57+00:00,9.484,0.8,2.6,7.4,168.2,5,18.56,3,2024-03-10T23:49:34+00:00,False,False
2024-03-11 00:00:00+00:00,huhi,SUP,NRG,2024-03-16T20:07:47+00:00,11.444,1.2,4,7,128.4,5,76.33,5,2024-03-10T23:49:34+00:00,False,False
2024-03-18 00:00:00+00:00,APA,MID,Team Liquid,2024-03-22T20:08:04+00:00,24.132,3.8,2,9,276,5,108.05,4,2024-03-17T21:43:44+00:00,False,False
2024-03-18 00:00:00+00:00,Berserker,BOT,Cloud9,2024-03-23T20:10:15+00:00,19.164,3.6,1.6,7.6,208,5,39.3,3,2024-03-14T21:48:48+00:00,False,False
2024-03-18 00:00:00+00:00,Blaber,JGL,Cloud9,2024-03-23T20:10:15+00:00,15.822,3.8,2.6,7.2,236.2,5,15.57,3,2024-03-14T21:48:48+00:00,False,False
2024-03-18 00:00:00+00:00,Busio,SUP,FlyQuest,2024-03-23T20:10:15+00:00,20.968,2.4,5.4,13.6,66.6,5,72.99,3,2024-03-15T23:43:25+00:00,False,False
2024-03-18 00:00:00+00:00,Bwipo,TOP,FlyQuest,2024-03-23T20:10:15+00:00,17.992,3.2,4.8,10.6,268.6,5,44.81,3,2024-03-15T23:43:25+00:00,False,False
2024-03-18 00:00:00+00:00,CoreJJ,SUP,Team Liquid,2024-03-22T20:08:04+00:00,24.402,1.2,2,12.2,38.6,5,121.64,4,2024-03-17T21:43:44+00:00,False,False
2024-03-18 00:00:00+00:00,Eyla,SUP,100 Thieves,2024-03-22T20:08:04+00:00,20.478,0.8,2.2,12.4,116,5,51.64,4,2024-03-16T23:44:56+00:00,False,False
2024-03-18 00:00:00+00:00,Fudge,TOP,Cloud9,2024-03-23T20:10:15+00:00,18.804,4,1,5.2,289,5,31.57,3,2024-03-14T21:48:48+00:00,False,False
2024-03-18 00:00:00+00:00,Impact,TOP,Team Liquid,2024-03-22T20:08:04+00:00,15.304,3.8,2.4,5.6,215.4,5,67.62,4,2024-03-17T21:43:44+00:00,False,False
2024-03-18 00:00:00+00:00,Inspired,JGL,FlyQuest,2024-03-23T20:10:15+00:00,19.844,3,4.2,14.2,213,5,47.97,3,2024-03-15T23:43:25+00:00,False,False
2024-03-18 00:00:00+00:00,Jensen,MID,FlyQuest,2024-03-23T20:10:15+00:00,24.604,6.2,2.6,10,285.4,5,77.17,3,2024-03-15T23:43:25+00:00,False,False
2024-03-18 00:00:00+00:00,Jojopyun,MID,Cloud9,2024-03-23T20:10:15+00:00,18.088,3.6,2.8,7,311.4,5,11.83,3,2024-03-14T21:48:48+00:00,False,False
2024-03-18 00:00:00+00:00,Massu,BOT,FlyQuest,2024-03-23T20:10:15+00:00,25.364,6.6,2.8,9.2,219.6,5,65.28,3,2024-03-15T23:43:25+00:00,False,False
2024-03-18 00:00:00+00:00,Meech,BOT,100 Thieves,2024-03-22T20:08:04+00:00,12.52,2.2,2.8,8.4,226,5,57.83,4,2024-03-16T23:44:56+00:00,False,False
2024-03-18 00:00:00+00:00,Quid,MID,100 Thieves,2024-03-22T20:08:04+00:00,29.44,6.2,1.4,7.2,349,5,84.5,4,2024-03-16T23:44:56+00:00,False,False
2024-03-18 00:00:00+00:00,River,JGL,100 Thieves,2024-03-22T20:08:04+00:00,16.752,4.8,3,7.4,225.8,5,34.5,4,2024-03-16T23:44:56+00:00,False,False
2024-03-18 00:00:00+00:00,Sniper,TOP,100 Thieves,2024-03-22T20:08:04+00:00,13.774,3.2,3,6.2,291.2,5,52.1,4,2024-03-16T23:44:56+00:00,False,False
2024-03-18 00:00:00+00:00,UmTi,JGL,Team Liquid,2024-03-22T20:08:04+00:00,17.304,2.6,2.4,10.4,162.4,5,65.96,4,2024-03-17T21:43:44+00:00,False,False
2024-03-18 00:00:00+00:00,Vulcan,SUP,Cloud9,2024-03-23T20:10:15+00:00,20.038,1.4,1.4,11.2,103.6,5,33.38,3,2024-03-14T21:48:48+00:00,False,False
2024-03-18 00:00:00+00:00,Yeon,BOT,Team Liquid,2024-03-22T20:08:04+00:00,22.472,5,2.2,8,265.2,5,138.84,4,2024-03-17T21:43:44+00:00,False,False
2024-03-25 00:00:00+00:00,APA,MID,Team Liquid,2024-03-30T20:22:30+00:00,28.494,5.4,2,10.6,273.8,5,133.5,7,2024-03-22T22:49:47+00:00,False,False
2024-03-25 00:00:00+00:00,Berserker,BOT,Cloud9,2024-03-30T20:22:30+00:00,15.858,4.4,2.4,4,236.2,5,28.01,3,2024-03-23T21:55:31+00:00,False,False
2024-03-25 00:00:00+00:00,Blaber,JGL,Cloud9,2024-03-30T20:22:30+00:00,10.454,1.8,2.2,6,177,5,25.08,3,2024-03-23T21:55:31+00:00,False,False
2024-03-25 00:00:00+00:00,Busio,SUP,FlyQuest,2024-03-31T20:17:32+00:00,20.792,1.6,3,11.4,84.4,5,36.23,4,2024-03-23T21:55:31+00:00,False,False
2024-03-25 00:00:00+00:00,Bwipo,TOP,FlyQuest,2024-03-31T20:17:32+00:00,15.21,2,2.4,7.8,278.4,5,48.53,4,2024-03-23T21:55:31+00:00,False,False
2024-03-25 00:00:00+00:00,CoreJJ,SUP,Team Liquid,2024-03-30T20:22:30+00:00,30.66,2,2,17.2,37,5,131.97,7,2024-03-22T22:49:47+00:00,False,False
2024-03-25 00:00:00+00:00,Fudge,TOP,Cloud9,2024-03-30T20:22:30+00:00,14.792,3.4,1.2,2.8,262.8,5,23.36,3,2024-03-23T21:55:31+00:00,False,False
2024-03-25 00:00:00+00:00,Impact,TOP,Team Liquid,2024-03-30T20:22:30+00:00,16.748,2.8,3,9.2,218.6,5,112.13,7,2024-03-22T22:49:47+00:00,False,False
2024-03-25 00:00:00+00:00,Inspired,JGL,FlyQuest,2024-03-31T20:17:32+00:00,18.076,2.4,2.4,10.2,218.6,5,27.02,4,2024-03-23T21:55:31+00:00,False,False
2024-03-25 00:00:00+00:00,Jensen,MID,FlyQuest,2024-03-31T20:17:32+00:00,20.698,4,1.4,8.6,267.8,5,36.7,4,2024-03-23T21:55:31+00:00,False,False
2024-03-25 00:00:00+00:00,Jojopyun,MID,Cloud9,2024-03-30T20:22:30+00:00,11.478,1.6,3.2,5.4,270.2,5,41,3,2024-03-23T21:55:31+00:00,False,False
2024-03-25 00:00:00+00:00,Massu,BOT,FlyQuest,2024-03-31T20:17:32+00:00,22.188,5.8,1.4,7,222.6,5,45.49,4,2024-03-23T21:55:31+00:00,False,False
2024-03-25 00:00:00+00:00,UmTi,JGL,Team Liquid,2024-03-30T20:22:30+00:00,18.628,3,3.6,12.8,153.2,5,129.62,7,2024-03-22T22:49:47+00:00,False,False
2024-03-25 00:00:00+00:00,Vulcan,SUP,Cloud9,2024-03-30T20:22:30+00:00,15.536,1.2,2.2,8.4,67.4,5,22.75,3,2024-03-23T21:55:31+00:00,False,False
2024-03-25 00:00:00+00:00,Yeon,BOT,Team Liquid,2024-03-30T20:22:30+00:00,31.916,8.6,2.2,8.8,292,5,134.58,7,2024-03-22T22:49:47+00:00,False,False
2024-06-10 00:00:00+00:00,APA,MID,Team Liquid,2024-06-15T20:11:50+00:00,21.038,4.8,1.4,6.4,256.2,5,57.91,3,2024-03-31T22:47:00+00:00,False,False
2024-06-10 00:00:00+00:00,Armao,JGL,Immortals,2024-06-16T21:45:22+00:00,11.522,1.8,2.8,7,191.2,5,39.65,2,2024-03-10T20:07:55+00:00,False,False
2024-06-10 00:00:00+00:00,Berserker,BOT,Cloud9,2024-06-15T22:50:33+00:00,9.376,2.2,2.4,3.8,203.8,5,68.3,3,2024-03-30T22:05:18+00:00,False,False
2024-06-10 00:00:00+00:00,Blaber,JGL,Cloud9,2024-06-15T22:50:33+00:00,6.986,1.2,3,4.8,163,5,45.38,3,2024-03-30T22:05:18+00:00,False,False
2024-06-10 00:00:00+00:00,Busio,SUP,FlyQuest,2024-06-15T20:11:50+00:00,11.936,0.6,4.6,7.8,62.2,5,54.72,3,2024-03-31T22:47:00+00:00,False,False
2024-06-10 00:00:00+00:00,Bvoy,BOT,Shopify Rebellion,2024-06-16T21:45:22+00:00,19.706,4.6,2,6.2,354,5,16.52,2,2024-03-10T21:46:38+00:00,False,False
2024-06-10 00:00:00+00:00,Bwipo,TOP,FlyQuest,2024-06-15T20:11:50+00:00,12.47,2.2,3.2,4.4,254.8,5,41.46,3,2024-03-31T22:47:00+00:00,False,False
2024-06-10 00:00:00+00:00,Castle,TOP,Immortals,2024-06-16T21:45:22+00:00,10.082,2.2,3.2,2.4,281,5,30.93,2,2024-03-10T20:07:55+00:00,False,False
2024-06-10 00:00:00+00:00,Contractz,JGL,NRG,2024-06-16T20:11:29+00:00,10.074,2.2,4,7.2,179,5,13.12,2,2024-03-16T23:44:56+00:00,False,False
2024-06-10 00:00:00+00:00,CoreJJ,SUP,Team Liquid,2024-06-15T20:11:50+00:00,19.482,1.2,1.6,10.6,34.4,5,35.91,3,2024-03-31T22:47:00+00:00,False,False
2024-06-10 00:00:00+00:00,Dhokla,TOP,NRG,2024-06-16T20:11:29+00:00,14.418,3.6,3,3.4,284.2,5,11.65,2,2024-03-16T23:44:56+00:00,False,False
2024-06-10 00:00:00+00:00,Eyla,SUP,100 Thieves,2024-06-16T20:11:29+00:00,15.392,0.8,3.8,10.4,38.4,5,54.89,2,2024-03-22T22:49:47+00:00,False,False
2024-06-10 00:00:00+00:00,FBI,BOT,NRG,2024-06-16T20:11:29+00:00,20.014,5,2.4,3.8,347.8,5,16.3,2,2024-03-16T23:44:56+00:00,False,False
2024-06-10 00:00:00+00:00,FakeGod,TOP,Shopify Rebellion,2024-06-16T21:45:22+00:00,14.116,2.4,3.2,6.2,329.8,5,17.88,2,2024-03-10T21:46:38+00:00,False,False
2024-06-10 00:00:00+00:00,Impact,TOP,Team Liquid,2024-06-15T20:11:50+00:00,14.842,2.6,1.8,6.8,227.4,5,43.31,3,2024-03-31T22:47:00+00:00,False,False
2024-06-10 00:00:00+00:00,Insanity,MID,Shopify Rebellion,2024-06-16T21:45:22+00:00,21.992,6,2.2,4.8,339.2,5,11.62,2,2024-03-10T21:46:38+00:00,False,False
2024-06-10 00:00:00+00:00,Inspired,JGL,FlyQuest,2024-06-15T20:11:50+00:00,8.01,1.6,3.8,5.6,198,5,56,3,2024-03-31T22:47:00+00:00,False,False
2024-06-10 00:00:00+00:00,Isles,SUP,Dignitas,2024-06-15T22:50:33+00:00,11.696,0.8,3.4,5.4,30.8,5,52.39,3,2024-03-17T21:43:44+00:00,False,False
2024-06-10 00:00:00+00:00,Jensen,MID,Dignitas,2024-06-15T22:50:33+00:00,12.992,2.8,3.2,5.8,238,5,62.7,3,2024-03-31T22:47:00+00:00,False,False
2024-06-10 00:00:00+00:00,Jojopyun,MID,Cloud9,2024-06-15T22:50:33+00:00,10.138,1.8,3.4,4.2,271.8,5,58.95,3,2024-03-30T22:05:18+00:00,False,False
2024-06-10 00:00:00+00:00,Licorice,TOP,Dignitas,2024-06-15T22:50:33+00:00,14.102,1.8,1.8,6.4,272.6,5,28.16,3,2023-08-14T01:25:01+00:00,False,False
2024-06-10 00:00:00+00:00,Mask,MID,Immortals,2024-06-16T21:45:22+00:00,12.306,2.6,2.6,4.6,342,5,54.99,2,2024-03-10T20:07:55+00:00,False,False
2024-06-10 00:00:00+00:00,Massu,BOT,FlyQuest,2024-06-15T20:11:50+00:00,14.43,3.6,1.4,4.4,228.4,5,33.79,3,2024-03-31T22:47:00+00:00,False,False
2024-06-10 00:00:00+00:00,Meech,BOT,100 Thieves,2024-06-16T20:11:29+00:00,15.076,4.2,3.6,7,280.4,5,49.66,2,2024-03-22T22:49:47+00:00,False,False
2024-06-10 00:00:00+00:00,Olleh,SUP,Immortals,2024-06-16T21:45:22+00:00,13.104,0.4,3.4,7.4,40.8,5,31.2,2,2024-03-10T20:07:55+00:00,False,False
2024-06-10 00:00:00+00:00,Palafox,MID,NRG,2024-06-16T20:11:29+00:00,13.082,1.4,4.2,8.8,283.2,5,17.24,2,2024-03-16T23:44:56+00:00,False,False
2024-06-10 00:00:00+00:00,Quad,MID,FlyQuest,2024-06-15T20:11:50+00:00,17.8868,3.86,2.68,6.39,296.26,0,41.02,3,,False,False
2024-06-10 00:00:00+00:00,Quid,MID,100 Thieves,2024-06-16T20:11:29+00:00,23.798,5,2.6,8.6,322,5,68.27,2,2024-03-22T22:49:47+00:00,False,False
2024-06-10 00:00:00+00:00,River,JGL,100 Thieves,2024-06-16T20:11:29+00:00,10.018,1.6,5.4,9.2,195.4,5,29.58,2,2024-03-22T22:49:47+00:00,False,False
2024-06-10 00:00:00+00:00,Sniper,TOP,100 Thieves,2024-06-16T20:11:29+00:00,13.588,3.8,3.8,6,256.8,5,27.58,2,2024-03-22T22:49:47+00:00,False,False
2024-06-10 00:00:00+00:00,Spica,JGL,Dignitas,2024-06-15T22:50:33+00:00,16.066,1.4,2,12,137.2,5,34.21,3,2023-07-22T00:46:01+00:00,False,False
2024-06-10 00:00:00+00:00,Tactical,BOT,Immortals,2024-06-16T21:45:22+00:00,13.628,4,2,3.6,320.6,5,63.14,2,2024-03-10T20:07:55+00:00,False,False
2024-06-10 00:00:00+00:00,Thanatos,TOP,Cloud9,2024-06-15T22:50:33+00:00,14.5427,2.98,3.3,5.7,259.68,0,38.53,3,,False,False
2024-06-10 00:00:00+00:00,Tomio,JGL,Shopify Rebellion,2024-06-16T21:45:22+00:00,12.8658,2.25,3.25,8.19,192.32,0,10.29,2,,False,False
2024-06-10 00:00:00+00:00,UmTi,JGL,Team Liquid,2024-06-15T20:11:50+00:00,17.272,2.8,2.4,9.6,174.8,5,34.74,3,2024-03-31T22:47:00+00:00,False,False
2024-06-10 00:00:00+00:00,Vulcan,SUP,Cloud9,2024-06-15T22:50:33+00:00,8.024,0.8,3,4.4,93.8,5,51.07,3,2024-03-30T22:05:18+00:00,False,False
2024-06-10 00:00:00+00:00,Yeon,BOT,Team Liquid,2024-06-15T20:11:50+00:00,19.906,5.6,1.8,6.2,251.8,5,43.95,3,2024-03-31T22:47:00+00:00,False,False
2024-06-10 00:00:00+00:00,Zeyzal,SUP,Shopify Rebellion,2024-06-16T21:45:22+00:00,13.552,0.6,4.8,9.6,38.2,5,17.55,2,2024-03-10T21:46:38+00:00,False,False
2024-06-10 00:00:00+00:00,Zven,BOT,Dignitas,2024-06-15T22:50:33+00:00,13.84,0.8,3.2,8,39.6,5,61.68,3,2023-08-20T23:14:37+00:00,False,False
2024-06-10 00:00:00+00:00,huhi,SUP,NRG,2024-06-16T20:11:29+00:00,15.266,0.2,3.6,10.2,32.4,5,21.34,2,2024-03-16T23:44:56+00:00,False,False
2024-06-17 00:00:00+00:00,APA,MID,Team Liquid,2024-06-23T22:49:53+00:00,21.118,7,2.8,4.2,294,5,53.46,2,2024-06-15T22:02:04+00:00,False,False
2024-06-17 00:00:00+00:00,Armao,JGL,Immortals,2024-06-22T20:11:50+00:00,15.606,2,1.8,9.2,190,5,5.69,2,2024-06-16T22:33:45+00:00,False,False
2024-06-17 00:00:00+00:00,Berserker,BOT,Cloud9,2024-06-22T20:11:50+00:00,18.214,4.4,1.6,6,303.2,5,42.39,2,2024-06-16T00:41:03+00:00,False,False
2024-06-17 00:00:00+00:00,Blaber,JGL,Cloud9,2024-06-22T20:11:50+00:00,12.592,2,3.8,8.6,205.4,5,44.24,2,2024-06-16T00:41:03+00:00,False,False
2024-06-17 00:00:00+00:00,Busio,SUP,FlyQuest,2024-06-23T20:11:33+00:00,13.124,2,3.4,6.8,128.8,5,40.88,3,2024-06-15T22:02:04+00:00,False,False
2024-06-17 00:00:00+00:00,Bvoy,BOT,Shopify Rebellion,2024-06-23T22:49:53+00:00,13.582,4,2,3.2,320,5,15.22,2,2024-06-16T22:33:45+00:00,False,False
2024-06-17 00:00:00+00:00,Bwipo,TOP,FlyQuest,2024-06-23T20:11:33+00:00,11.51,2.6,4.6,5.6,259.8,5,45.6,3,2024-06-15T22:02:04+00:00,False,False
2024-06-17 00:00:00+00:00,Castle,TOP,Immortals,2024-06-22T20:11:50+00:00,14.484,2.2,2.6,6.4,228.6,5,10.74,2,2024-06-16T22:33:45+00:00,False,False
2024-06-17 00:00:00+00:00,Contractz,JGL,NRG,2024-06-23T20:11:33+00:00,7.508,2,3.8,4.8,170.8,5,53.06,3,2024-06-16T20:57:47+00:00,False,False
2024-06-17 00:00:00+00:00,CoreJJ,SUP,Team Liquid,2024-06-23T22:49:53+00:00,15.286,1,2.2,9,40.6,5,41.19,2,2024-06-15T22:02:04+00:00,False,False
2024-06-17 00:00:00+00:00,Dhokla,TOP,NRG,2024-06-23T20:11:33+00:00,10.826,3.6,3.2,1.6,251,5,14.98,3,2024-06-16T20:57:47+00:00,False,False
2024-06-17 00:00:00+00:00,Eyla,SUP,100 Thieves,2024-06-22T21:56:53+00:00,21.148,1.2,3.4,13,33,5,28.12,2,2024-06-16T20:57:47+00:00,False,False
2024-06-17 00:00:00+00:00,FBI,BOT,NRG,2024-06-23T20:11:33+00:00,10.166,1.6,2.8,4.4,309.4,5,24.58,3,2024-06-16T20:57:47+00:00,False,False
2024-06-17 00:00:00+00:00,FakeGod,TOP,Shopify Rebellion,2024-06-23T22:49:53+00:00,13.624,2.4,3.6,5.6,273.4,5,10.98,2,2024-06-16T22:33:45+00:00,False,False
2024-06-17 00:00:00+00:00,Impact,TOP,Team Liquid,2024-06-23T22:49:53+00:00,15.002,2.8,3.2,6.4,212.8,5,29.36,2,2024-06-15T22:02:04+00:00,False,False
2024-06-17 00:00:00+00:00,Insanity,MID,Shopify Rebellion,2024-06-23T22:49:53+00:00,13.834,3.4,2.4,4,334.2,5,26.57,2,2024-06-16T22:33:45+00:00,False,False
2024-06-17 00:00:00+00:00,Inspired,JGL,FlyQuest,2024-06-23T20:11:33+00:00,12.788,4,3.8,5.6,254.8,5,36.32,3,2024-06-15T22:02:04+00:00,False,False
2024-06-17 00:00:00+00:00,Isles,SUP,Dignitas,2024-06-22T21:56:53+00:00,14.456,0.8,4.2,8.4,43.2,5,34.94,2,2024-06-16T00:41:03+00:00,False,False
2024-06-17 00:00:00+00:00,Jensen,MID,Dignitas,2024-06-22T21:56:53+00:00,14.606,4.6,3.2,4,300.8,5,41.41,2,2024-06-16T00:41:03+00:00,False,False
2024-06-17 00:00:00+00:00,Jojopyun,MID,Cloud9,2024-06-22T20:11:50+00:00,18.246,2.8,2.6,7.8,300.8,5,35.5,2,2024-06-16T00:41:03+00:00,False,False
2024-06-17 00:00:00+00:00,Licorice,TOP,Dignitas,2024-06-22T21:56:53+00:00,13.12,2.2,2.6,5.4,315.6,5,24.81,2,2024-06-16T00:41:03+00:00,False,False
2024-06-17 00:00:00+00:00,Mask,MID,Immortals,2024-06-22T20:11:50+00:00,17.834,3.6,2.6,7,283.8,5,19.54,2,2024-06-16T22:33:45+00:00,False,False
2024-06-17 00:00:00+00:00,Massu,BOT,FlyQuest,2024-06-23T20:11:33+00:00,11.158,1.4,2.4,8,139.8,5,62.64,3,2024-06-15T22:02:04+00:00,False,False
2024-06-17 00:00:00+00:00,Meech,BOT,100 Thieves,2024-06-22T21:56:53+00:00,20.782,6.4,3.2,7,256.8,5,17.22,2,2024-06-16T20:57:47+00:00,False,False
2024-06-17 00:00:00+00:00,Olleh,SUP,Immortals,2024-06-22T20:11:50+00:00,16.156,0.2,2.2,9.8,39.2,5,17.17,2,2024-06-16T22:33:45+00:00,False,False
2024-06-17 00:00:00+00:00,Palafox,MID,NRG,2024-06-23T20:11:33+00:00,8.568,0.8,3.8,4.8,266.8,5,37.51,3,2024-06-16T20:57:47+00:00,False,False
2024-06-17 00:00:00+00:00,Quad,MID,FlyQuest,2024-06-23T20:11:33+00:00,13.6733333333,4,3.33333333333,4.66666666667,298.666666667,3,66.87,3,2024-06-15T22:02:04+00:00,False,False
2024-06-17 00:00:00+00:00,Quid,MID,100 Thieves,2024-06-22T21:56:53+00:00,29.142,6.2,2.2,9.2,306.8,5,16.97,2,2024-06-16T20:57:47+00:00,False,False
2024-06-17 00:00:00+00:00,River,JGL,100 Thieves,2024-06-22T21:56:53+00:00,13.4,1.4,4.8,11,191.6,5,18.17,2,2024-06-16T20:57:47+00:00,False,False
2024-06-17 00:00:00+00:00,Sniper,TOP,100 Thieves,2024-06-22T21:56:53+00:00,15.78,4,3.4,7.2,224.6,5,11.41,2,2024-06-16T20:57:47+00:00,False,False
2024-06-17 00:00:00+00:00,Spica,JGL,Dignitas,2024-06-22T21:56:53+00:00,10.956,1.2,2.8,8.6,199.4,5,34.71,2,2024-06-16T00:41:03+00:00,False,False
2024-06-17 00:00:00+00:00,Tactical,BOT,Immortals,2024-06-22T20:11:50+00:00,21.038,6,1.2,4.2,304.4,5,23.48,2,2024-06-16T22:33:45+00:00,False,False
2024-06-17 00:00:00+00:00,Thanatos,TOP,Cloud9,2024-06-22T20:11:50+00:00,12.8433333333,3,3.33333333333,4.66666666667,336.333333333,3,39.38,2,2024-06-16T00:41:03+00:00,False,False
2024-06-17 00:00:00+00:00,Tomio,JGL,Shopify Rebellion,2024-06-23T22:49:53+00:00,5.145,0.5,3.5,5,185,2,3.49,2,2024-06-16T22:33:45+00:00,False,False
2024-06-17 00:00:00+00:00,UmTi,JGL,Team Liquid,2024-06-23T22:49:53+00:00,13.12,2,2.8,9.2,175.8,5,23.33,2,2024-06-15T22:02:04+00:00,False,False
2024-06-17 00:00:00+00:00,Vulcan,SUP,Cloud9,2024-06-22T20:11:50+00:00,13.25,1.2,4,7.8,59,5,37.76,2,2024-06-16T00:41:03+00:00,False,False
2024-06-17 00:00:00+00:00,Yeon,BOT,Team Liquid,2024-06-23T22:49:53+00:00,18.086,5,2.2,5,317.8,5,52.8,2,2024-06-15T22:02:04+00:00,False,False
2024-06-17 00:00:00+00:00,Zeyzal,SUP,Shopify Rebellion,2024-06-23T22:49:53+00:00,8.294,1,5.2,6.2,36.8,5,7.03,2,2024-06-16T22:33:45+00:00,False,False
2024-06-17 00:00:00+00:00,Zven,BOT,Dignitas,2024-06-22T21:56:53+00:00,15.984,2.8,2.8,6,221.6,5,61.89,2,2024-06-16T00:41:03+00:00,False,False
2024-06-17 00:00:00+00:00,huhi,SUP,NRG,2024-06-23T20:11:33+00:00,12.658,0,4.2,7.8,36.8,5,37.99,3,2024-06-16T20:57:47+00:00,False,False
2024-06-24 00:00:00+00:00,APA,MID,Team Liquid,2024-06-27T21:57:31+00:00,22.274,7.4,3.2,3.6,284.8,5,49.31,2,2024-06-23T23:33:13+00:00,False,False
2024-06-24 00:00:00+00:00,Armao,JGL,Immortals,2024-06-27T20:07:21+00:00,11.358,1.8,2.4,6.6,194.8,5,6.32,2,2024-06-22T20:56:48+00:00,False,False
2024-06-24 00:00:00+00:00,Berserker,BOT,Cloud9,2024-06-28T20:06:50+00:00,22.138,4.4,0.8,8,258,5,29.85,2,2024-06-22T20:56:48+00:00,False,False
2024-06-24 00:00:00+00:00,Blaber,JGL,Cloud9,2024-06-28T20:06:50+00:00,17.924,2.6,2.4,10.4,228.2,5,28.99,2,2024-06-22T20:56:48+00:00,False,False
2024-06-24 00:00:00+00:00,Busio,SUP,FlyQuest,2024-06-28T21:34:54+00:00,14.422,1.4,2.6,8.2,57.2,5,52.41,2,2024-06-23T21:52:38+00:00,False,False
2024-06-24 00:00:00+00:00,Bvoy,BOT,Shopify Rebellion,2024-06-28T20:06:50+00:00,11.254,3.2,2.6,3,281.6,5,8.6,2,2024-06-23T23:33:13+00:00,False,False
2024-06-24 00:00:00+00:00,Bwipo,TOP,FlyQuest,2024-06-28T21:34:54+00:00,15.058,3.6,3.4,6.4,219.6,5,37.61,2,2024-06-23T21:52:38+00:00,False,False
2024-06-24 00:00:00+00:00,Castle,TOP,Immortals,2024-06-27T20:07:21+00:00,10.234,0.8,3.6,7,203.4,5,11.02,2,2024-06-22T20:56:48+00:00,False,False
2024-06-24 00:00:00+00:00,Contractz,JGL,NRG,2024-06-27T20:07:21+00:00,13.236,3.2,2.8,4.6,203.8,5,30.64,2,2024-06-23T21:52:38+00:00,False,False
2024-06-24 00:00:00+00:00,CoreJJ,SUP,Team Liquid,2024-06-27T21:57:31+00:00,15.42,0.2,2.2,9.2,39.2,5,52.58,2,2024-06-23T23:33:13+00:00,False,False
2024-06-24 00:00:00+00:00,Dhokla,TOP,NRG,2024-06-27T20:07:21+00:00,5.326,2,4.4,2.4,206.8,5,38.67,2,2024-06-23T21:52:38+00:00,False,False
2024-06-24 00:00:00+00:00,Eyla,SUP,100 Thieves,2024-06-27T21:57:31+00:00,17.124,1.2,3.4,9.8,76.8,5,5.53,2,2024-06-22T22:47:46+00:00,False,False
2024-06-24 00:00:00+00:00,FBI,BOT,NRG,2024-06-27T20:07:21+00:00,8.176,1.8,2.8,4.6,230.4,5,42.32,2,2024-06-23T21:52:38+00:00,False,False
2024-06-24 00:00:00+00:00,FakeGod,TOP,Shopify Rebellion,2024-06-28T20:06:50+00:00,8.19,0.8,3.2,4.6,226.6,5,8.74,2,2024-06-23T23:33:13+00:00,False,False
2024-06-24 00:00:00+00:00,Impact,TOP,Team Liquid,2024-06-27T21:57:31+00:00,14.534,2.6,3,5,200,5,48.23,2,2024-06-23T23:33:13+00:00,False,False
2024-06-24 00:00:00+00:00,Insanity,MID,Shopify Rebellion,2024-06-28T20:06:50+00:00,12.916,3.2,2.4,2.2,327,5,12.94,2,2024-06-23T23:33:13+00:00,False,False
2024-06-24 00:00:00+00:00,Inspired,JGL,FlyQuest,2024-06-28T21:34:54+00:00,15.282,3.6,2.8,7,254.6,5,40.97,2,2024-06-23T21:52:38+00:00,False,False
2024-06-24 00:00:00+00:00,Isles,SUP,Dignitas,2024-06-28T21:34:54+00:00,17.466,1.2,4.4,11.4,42.6,5,1.64,2,2024-06-22T22:47:46+00:00,False,False
2024-06-24 00:00:00+00:00,Jensen,MID,Dignitas,2024-06-28T21:34:54+00:00,20.822,6,2.4,6,336.6,5,8.35,2,2024-06-22T22:47:46+00:00,False,False
2024-06-24 00:00:00+00:00,Jojopyun,MID,Cloud9,2024-06-28T20:06:50+00:00,18.89,3,2.8,8.8,315.6,5,30.7,2,2024-06-22T20:56:48+00:00,False,False
2024-06-24 00:00:00+00:00,Licorice,TOP,Dignitas,2024-06-28T21:34:54+00:00,10.594,2.6,3.4,4,287,5,1.97,2,2024-06-22T22:47:46+00:00,False,False
2024-06-24 00:00:00+00:00,Mask,MID,Immortals,2024-06-27T20:07:21+00:00,16.672,3.4,2.8,5.2,300.4,5,17.47,2,2024-06-22T20:56:48+00:00,False,False
2024-06-24 00:00:00+00:00,Massu,BOT,FlyQuest,2024-06-28T21:34:54+00:00,15.986,3.8,2.4,6.2,227.4,5,41.43,2,2024-06-23T21:52:38+00:00,False,False
2024-06-24 00:00:00+00:00,Meech,BOT,100 Thieves,2024-06-27T21:57:31+00:00,14.234,4.6,2.8,5,199.2,5,13.22,2,2024-06-22T22:47:46+00:00,False,False
2024-06-24 00:00:00+00:00,Olleh,SUP,Immortals,2024-06-27T20:07:21+00:00,11.32,0.2,2.4,7.2,38.2,5,8.67,2,2024-06-22T20:56:48+00:00,False,False
2024-06-24 00:00:00+00:00,Palafox,MID,NRG,2024-06-27T20:07:21+00:00,10.95,3,3.2,3.8,261.6,5,38.32,2,2024-06-23T21:52:38+00:00,False,False
2024-06-24 00:00:00+00:00,Quad,MID,FlyQuest,2024-06-28T21:34:54+00:00,15.842,4,2.8,5.4,278.2,5,37.47,2,2024-06-23T21:52:38+00:00,False,False
2024-06-24 00:00:00+00:00,Quid,MID,100 Thieves,2024-06-27T21:57:31+00:00,19.316,4.4,3,4.8,285,5,34.19,2,2024-06-22T22:47:46+00:00,False,False
2024-06-24 00:00:00+00:00,River,JGL,100 Thieves,2024-06-27T21:57:31+00:00,9.738,2.4,4,5.4,205.2,5,23.77,2,2024-06-22T22:47:46+00:00,False,False
2024-06-24 00:00:00+00:00,Sniper,TOP,100 Thieves,2024-06-27T21:57:31+00:00,10.416,2.6,3.4,4.2,219.8,5,4.58,2,2024-06-22T22:47:46+00:00,False,False
2024-06-24 00:00:00+00:00,Spica,JGL,Dignitas,2024-06-28T21:34:54+00:00,13.784,2.4,2.8,9,234.2,5,2.28,2,2024-06-22T22:47:46+00:00,False,False
2024-06-24 00:00:00+00:00,Tactical,BOT,Immortals,2024-06-27T20:07:21+00:00,19.83,4.8,0.8,3.2,317.2,5,13.48,2,2024-06-22T20:56:48+00:00,False,False
2024-06-24 00:00:00+00:00,Thanatos,TOP,Cloud9,2024-06-28T20:06:50+00:00,15.582,4.2,2.8,4.4,315.8,5,36.09,2,2024-06-22T20:56:48+00:00,False,False
2024-06-24 00:00:00+00:00,Tomio,JGL,Shopify Rebellion,2024-06-28T20:06:50+00:00,3.445,0.5,3.25,3.5,178.25,4,5.94,2,2024-06-23T23:33:13+00:00,False,False
2024-06-24 00:00:00+00:00,UmTi,JGL,Team Liquid,2024-06-27T21:57:31+00:00,11.614,0.6,2,8.8,165.6,5,37.7,2,2024-06-23T23:33:13+00:00,False,False
2024-06-24 00:00:00+00:00,Vulcan,SUP,Cloud9,2024-06-28T20:06:50+00:00,17.766,1.2,2.6,9.6,103.8,5,40.01,2,2024-06-22T20:56:48+00:00,False,False
2024-06-24 00:00:00+00:00,Yeon,BOT,Team Liquid,2024-06-27T21:57:31+00:00,19.35,5.2,2.2,4.2,306.6,5,55.78,2,2024-06-23T23:33:13+00:00,False,False
2024-06-24 00:00:00+00:00,Zeyzal,SUP,Shopify Rebellion,2024-06-28T20:06:50+00:00,7.208,1,5.4,5.4,33.6,5,11.19,2,2024-06-23T23:33:13+00:00,False,False
2024-06-24 00:00:00+00:00,Zven,BOT,Dignitas,2024-06-28T21:34:54+00:00,24.714,5.8,1.6,6,346,5,7.32,2,2024-06-22T22:47:46+00:00,False,False
2024-06-24 00:00:00+00:00,huhi,SUP,NRG,2024-06-27T20:07:21+00:00,11.866,0.6,4.4,7.8,66.4,5,47.68,2,2024-06-23T21:52:38+00:00,False,False
2024-07-15 00:00:00+00:00,APA,MID,Team Liquid,2024-07-20T20:10:15+00:00,23.94,6.2,2,4.6,282.8,5,60.29,3,2024-06-27T22:55:43+00:00,False,False
2024-07-15 00:00:00+00:00,Armao,JGL,Immortals,2024-07-20T22:35:56+00:00,5.54,1.2,2.6,2.6,200.4,5,5.52,2,2024-06-27T20:56:17+00:00,False,False
2024-07-15 00:00:00+00:00,Berserker,BOT,Cloud9,2024-07-21T20:07:43+00:00,21.488,3.6,0,7,198.2,5,55.07,2,2024-06-28T20:47:05+00:00,False,False
2024-07-15 00:00:00+00:00,Blaber,JGL,Cloud9,2024-07-21T20:07:43+00:00,18.896,2.4,0.6,8.4,225.6,5,44.63,2,2024-06-28T20:47:05+00:00,False,False
2024-07-15 00:00:00+00:00,Bugi,JGL,Shopify Rebellion,2024-07-21T21:43:48+00:00,10.782,1,3.8,9.6,200.4,5,35.47,2,2024-03-10T21:46:38+00:00,False,False
2024-07-15 00:00:00+00:00,Busio,SUP,FlyQuest,2024-07-20T22:35:56+00:00,18.658,1.2,2,9.6,26.4,5,43.88,2,2024-06-28T22:16:26+00:00,False,False
2024-07-15 00:00:00+00:00,Bvoy,BOT,Shopify Rebellion,2024-07-21T21:43:48+00:00,5.498,0.8,2,1.8,239.8,5,54.45,2,2024-06-28T20:47:05+00:00,False,False
2024-07-15 00:00:00+00:00,Bwipo,TOP,FlyQuest,2024-07-20T22:35:56+00:00,16.642,3,1.8,5.6,225.2,5,37.92,2,2024-06-28T22:16:26+00:00,False,False
2024-07-15 00:00:00+00:00,Castle,TOP,Immortals,2024-07-20T22:35:56+00:00,7.22,1,3.4,3.4,232,5,25.4,2,2024-06-27T20:56:17+00:00,False,False
2024-07-15 00:00:00+00:00,Contractz,JGL,NRG,2024-07-21T21:43:48+00:00,16.74,3.4,1.8,6,224.2,5,46.12,2,2024-06-27T20:56:17+00:00,False,False
2024-07-15 00:00:00+00:00,CoreJJ,SUP,Team Liquid,2024-07-20T20:10:15+00:00,22.532,0.4,0.6,12.6,31,5,39.03,3,2024-06-27T22:55:43+00:00,False,False
2024-07-15 00:00:00+00:00,Dhokla,TOP,NRG,2024-07-21T21:43:48+00:00,10.73,2.4,3.2,3.6,276.4,5,33.65,2,2024-06-27T20:56:17+00:00,False,False
2024-07-15 00:00:00+00:00,Eyla,SUP,100 Thieves,2024-07-21T20:07:43+00:00,11.958,1,3.8,7,79.6,5,17.44,2,2024-06-27T22:55:43+00:00,False,False
2024-07-15 00:00:00+00:00,FBI,BOT,NRG,2024-07-21T21:43:48+00:00,13.38,2.2,1.6,5.6,274,5,39.7,2,2024-06-27T20:56:17+00:00,False,False
2024-07-15 00:00:00+00:00,FakeGod,TOP,Shopify Rebellion,2024-07-21T21:43:48+00:00,5.78,0.6,1.6,1.6,198.2,5,25.31,2,2024-06-28T20:47:05+00:00,False,False
2024-07-15 00:00:00+00:00,Impact,TOP,Team Liquid,2024-07-20T20:10:15+00:00,22.84,5.2,1.6,5.8,209,5,44.83,3,2024-06-27T22:55:43+00:00,False,False
2024-07-15 00:00:00+00:00,Insanity,MID,Shopify Rebellion,2024-07-21T21:43:48+00:00,9.064,1.6,1.2,0.6,251.8,5,44.76,2,2024-06-28T20:47:05+00:00,False,False
2024-07-15 00:00:00+00:00,Inspired,JGL,FlyQuest,2024-07-20T22:35:56+00:00,15.458,2.8,1.8,7.2,248.4,5,38.77,2,2024-06-28T22:16:26+00:00,False,False
2024-07-15 00:00:00+00:00,Isles,SUP,Dignitas,2024-07-20T20:10:15+00:00,9.448,1.2,5,6.8,35.4,5,47.52,3,2024-06-28T22:16:26+00:00,False,False
2024-07-15 00:00:00+00:00,Jensen,MID,Dignitas,2024-07-20T20:10:15+00:00,12.29,3,2.6,4,295.4,5,51.18,3,2024-06-28T22:16:26+00:00,False,False
2024-07-15 00:00:00+00:00,Jojopyun,MID,Cloud9,2024-07-21T20:07:43+00:00,17.006,2.2,1.6,7.2,291.6,5,36.99,2,2024-06-28T20:47:05+00:00,False,False
2024-07-15 00:00:00+00:00,Licorice,TOP,Dignitas,2024-07-20T20:10:15+00:00,6.45,2.2,3.8,1.8,241.8,5,25.59,3,2024-06-28T22:16:26+00:00,False,False
2024-07-15 00:00:00+00:00,Mask,MID,Immortals,2024-07-20T22:35:56+00:00,12.184,1.8,2.2,2.6,330.4,5,23.38,2,2024-06-27T20:56:17+00:00,False,False
2024-07-15 00:00:00+00:00,Massu,BOT,FlyQuest,2024-07-20T22:35:56+00:00,20.814,5.4,1.4,4.6,276.4,5,43.49,2,2024-06-28T22:16:26+00:00,False,False
2024-07-15 00:00:00+00:00,Meech,BOT,100 Thieves,2024-07-21T20:07:43+00:00,11.364,2.8,2.6,5,228.4,5,7.94,2,2024-06-27T22:55:43+00:00,False,False
2024-07-15 00:00:00+00:00,Olleh,SUP,Immortals,2024-07-20T22:35:56+00:00,7.426,0.2,3,4,42.2,5,10.22,2,2024-06-27T20:56:17+00:00,False,False
2024-07-15 00:00:00+00:00,Palafox,MID,NRG,2024-07-21T21:43:48+00:00,15.166,3.8,2.4,4.8,303.2,5,30.62,2,2024-06-27T20:56:17+00:00,False,False
2024-07-15 00:00:00+00:00,Quad,MID,FlyQuest,2024-07-20T22:35:56+00:00,20.868,4.6,1.8,5.8,267.4,5,30.68,2,2024-06-28T22:16:26+00:00,False,False
2024-07-15 00:00:00+00:00,Quid,MID,100 Thieves,2024-07-21T20:07:43+00:00,15.192,3.2,3.6,4,300.6,5,23.68,2,2024-06-27T22:55:43+00:00,False,False
2024-07-15 00:00:00+00:00,River,JGL,100 Thieves,2024-07-21T20:07:43+00:00,12.168,3.2,3.2,4.6,220.2,5,5.03,2,2024-06-27T22:55:43+00:00,False,False
2024-07-15 00:00:00+00:00,Sniper,TOP,100 Thieves,2024-07-21T20:07:43+00:00,6.022,1.4,4.4,3.4,215,5,5.96,2,2024-06-27T22:55:43+00:00,False,False
2024-07-15 00:00:00+00:00,Spica,JGL,Dignitas,2024-07-20T20:10:15+00:00,10.238,1.6,2.2,6.6,203,5,35.24,3,2024-06-28T22:16:26+00:00,False,False
2024-07-15 00:00:00+00:00,Tactical,BOT,Immortals,2024-07-20T22:35:56+00:00,11.11,1.8,1.4,2.6,315.2,5,19.02,2,2024-06-27T20:56:17+00:00,False,False
2024-07-15 00:00:00+00:00,Thanatos,TOP,Cloud9,2024-07-21T20:07:43+00:00,18.668,4.2,1.4,4,274.2,5,41.84,2,2024-06-28T20:47:05+00:00,False,False
2024-07-15 00:00:00+00:00,UmTi,JGL,Team Liquid,2024-07-20T20:10:15+00:00,15.7,0.8,2,11.6,164.2,5,31.47,3,2024-06-27T22:55:43+00:00,False,False
2024-07-15 00:00:00+00:00,Vulcan,SUP,Cloud9,2024-07-21T20:07:43+00:00,20.078,0.6,1.2,9.2,103.4,5,58.81,2,2024-06-28T20:47:05+00:00,False,False
2024-07-15 00:00:00+00:00,Yeon,BOT,Team Liquid,2024-07-20T20:10:15+00:00,25.46,5.8,1,6.8,297,5,35.98,3,2024-06-27T22:55:43+00:00,False,False
2024-07-15 00:00:00+00:00,Zeyzal,SUP,Shopify Rebellion,2024-07-21T21:43:48+00:00,4.366,0.6,3.8,2,30.6,5,42.38,2,2024-06-28T20:47:05+00:00,False,False
2024-07-15 00:00:00+00:00,Zven,BOT,Dignitas,2024-07-20T20:10:15+00:00,15.588,4.2,3,3.6,287.4,5,38.79,3,2024-06-28T22:16:26+00:00,False,False
2024-07-15 00:00:00+00:00,huhi,SUP,NRG,2024-07-21T21:43:48+00:00,17.134,0.8,2.2,8.2,78,5,31.68,2,2024-06-27T20:56:17+00:00,False,False
2024-07-22 00:00:00+00:00,APA,MID,Team Liquid,2024-07-28T22:31:35+00:00,21.92,4.4,2.2,5.4,289,5,54.24,2,2024-07-20T21:46:03+00:00,False,False
2024-07-22 00:00:00+00:00,Armao,JGL,Immortals,2024-07-28T22:31:35+00:00,3.08,0.6,3,2.6,193.8,5,6.03,2,2024-07-20T23:21:38+00:00,False,False
2024-07-22 00:00:00+00:00,Berserker,BOT,Cloud9,2024-07-27T20:09:19+00:00,21.832,3.6,0.2,7.4,230.6,5,52.85,2,2024-07-21T20:54:21+00:00,False,False
2024-07-22 00:00:00+00:00,Blaber,JGL,Cloud9,2024-07-27T20:09:19+00:00,19.386,3.4,0.6,7.6,221,5,38.05,2,2024-07-21T20:54:21+00:00,False,False
2024-07-22 00:00:00+00:00,Bugi,JGL,Shopify Rebellion,2024-07-27T21:52:04+00:00,12.448,2.2,3.8,9.2,240.2,5,46.7,2,2024-07-21T22:53:27+00:00,False,False
2024-07-22 00:00:00+00:00,Busio,SUP,FlyQuest,2024-07-28T20:07:41+00:00,21.82,1.2,1.4,11.4,27.8,5,71.67,3,2024-07-20T23:21:38+00:00,False,False
2024-07-22 00:00:00+00:00,Bvoy,BOT,Shopify Rebellion,2024-07-27T21:52:04+00:00,14.16,4.2,1.6,3,314.8,5,42.87,2,2024-07-21T22:53:27+00:00,False,False
2024-07-22 00:00:00+00:00,Bwipo,TOP,FlyQuest,2024-07-28T20:07:41+00:00,18.026,3,1.6,7.2,223.6,5,35,3,2024-07-20T23:21:38+00:00,False,False
2024-07-22 00:00:00+00:00,Castle,TOP,Immortals,2024-07-28T22:31:35+00:00,9.34,1.6,3.4,2.8,256,5,13.02,2,2024-07-20T23:21:38+00:00,False,False
2024-07-22 00:00:00+00:00,Contractz,JGL,NRG,2024-07-27T20:09:19+00:00,18.026,3.4,2.6,8.4,267.2,5,12.31,2,2024-07-21T22:53:27+00:00,False,False
2024-07-22 00:00:00+00:00,CoreJJ,SUP,Team Liquid,2024-07-28T22:31:35+00:00,18.322,1.4,1.6,9.4,36,5,47.88,2,2024-07-20T21:46:03+00:00,False,False
2024-07-22 00:00:00+00:00,Dhokla,TOP,NRG,2024-07-27T20:09:19+00:00,14.396,2.8,3.2,5.6,318.2,5,23.65,2,2024-07-21T22:53:27+00:00,False,False
2024-07-22 00:00:00+00:00,Eyla,SUP,100 Thieves,2024-07-28T20:07:41+00:00,8.09,0.2,5.2,6.6,35.8,5,19.76,3,2024-07-21T20:54:21+00:00,False,False
2024-07-22 00:00:00+00:00,FBI,BOT,NRG,2024-07-27T20:09:19+00:00,17.6,2.2,1.6,8.4,322.6,5,25.19,2,2024-07-21T22:53:27+00:00,False,False
2024-07-22 00:00:00+00:00,FakeGod,TOP,Shopify Rebellion,2024-07-27T21:52:04+00:00,8.21,0.8,2,4,245.4,5,21.29,2,2024-07-21T22:53:27+00:00,False,False
2024-07-22 00:00:00+00:00,Impact,TOP,Team Liquid,2024-07-28T22:31:35+00:00,18.612,5,2,4.2,226.8,5,49.9,2,2024-07-20T21:46:03+00:00,False,False
2024-07-22 00:00:00+00:00,Insanity,MID,Shopify Rebellion,2024-07-27T21:52:04+00:00,14.052,2.8,2,3.4,312.6,5,46.31,2,2024-07-21T22:53:27+00:00,False,False
2024-07-22 00:00:00+00:00,Inspired,JGL,FlyQuest,2024-07-28T20:07:41+00:00,18.828,3.8,1.4,9.2,231,5,52.6,3,2024-07-20T23:21:38+00:00,False,False
2024-07-22 00:00:00+00:00,Isles,SUP,Dignitas,2024-07-27T21:52:04+00:00,9.832,1,3.4,5.2,29.6,5,20.29,2,2024-07-20T21:46:03+00:00,False,False
2024-07-22 00:00:00+00:00,Jensen,MID,Dignitas,2024-07-27T21:52:04+00:00,11.906,2.8,2.6,2.2,260.6,5,18.98,2,2024-07-20T21:46:03+00:00,False,False
2024-07-22 00:00:00+00:00,Jojopyun,MID,Cloud9,2024-07-27T20:09:19+00:00,18.006,3.4,2.2,6.2,271.6,5,24.83,2,2024-07-21T20:54:21+00:00,False,False
2024-07-22 00:00:00+00:00,Licorice,TOP,Dignitas,2024-07-27T21:52:04+00:00,5.512,0.6,3.8,3.2,207.4,5,14.28,2,2024-07-20T21:46:03+00:00,False,False
2024-07-22 00:00:00+00:00,Mask,MID,Immortals,2024-07-28T22:31:35+00:00,9.382,2.4,3.2,1.4,330.2,5,18.5,2,2024-07-20T23:21:38+00:00,False,False
2024-07-22 00:00:00+00:00,Massu,BOT,FlyQuest,2024-07-28T20:07:41+00:00,20.39,4.8,0.8,6,279.4,5,54.87,3,2024-07-20T23:21:38+00:00,False,False
2024-07-22 00:00:00+00:00,Meech,BOT,100 Thieves,2024-07-28T20:07:41+00:00,6.488,2.2,3.4,3.4,274.2,5,22.51,3,2024-07-21T20:54:21+00:00,False,False
2024-07-22 00:00:00+00:00,Olleh,SUP,Immortals,2024-07-28T22:31:35+00:00,5.688,0.2,4,4.2,43.6,5,6.43,2,2024-07-20T23:21:38+00:00,False,False
2024-07-22 00:00:00+00:00,Palafox,MID,NRG,2024-07-27T20:09:19+00:00,16.6,3.8,2.2,4.6,371.8,5,11.4,2,2024-07-21T22:53:27+00:00,False,False
2024-07-22 00:00:00+00:00,Quad,MID,FlyQuest,2024-07-28T20:07:41+00:00,19.822,4.8,1.8,5.4,260.2,5,71.88,3,2024-07-20T23:21:38+00:00,False,False
2024-07-22 00:00:00+00:00,Quid,MID,100 Thieves,2024-07-28T20:07:41+00:00,14.228,3,4,3.2,282.8,5,22.73,3,2024-07-21T20:54:21+00:00,False,False
2024-07-22 00:00:00+00:00,River,JGL,100 Thieves,2024-07-28T20:07:41+00:00,7.152,2.8,4.4,3.4,189.8,5,22.79,3,2024-07-21T20:54:21+00:00,False,False
2024-07-22 00:00:00+00:00,Sniper,TOP,100 Thieves,2024-07-28T20:07:41+00:00,2.828,0.6,4.4,2,206.2,5,25.46,3,2024-07-21T20:54:21+00:00,False,False
2024-07-22 00:00:00+00:00,Spica,JGL,Dignitas,2024-07-27T21:52:04+00:00,7.504,1.2,2.8,5.6,164.4,5,19.03,2,2024-07-20T21:46:03+00:00,False,False
2024-07-22 00:00:00+00:00,Tactical,BOT,Immortals,2024-07-28T22:31:35+00:00,9.236,2,1.8,2.6,321.2,5,9.19,2,2024-07-20T23:21:38+00:00,False,False
2024-07-22 00:00:00+00:00,Thanatos,TOP,Cloud9,2024-07-27T20:09:19+00:00,19.51,3.4,1.2,4.6,259.4,5,33.37,2,2024-07-21T20:54:21+00:00,False,False
2024-07-22 00:00:00+00:00,UmTi,JGL,Team Liquid,2024-07-28T22:31:35+00:00,13.834,1.6,2.6,10,191.4,5,44.47,2,2024-07-20T21:46:03+00:00,False,False
2024-07-22 00:00:00+00:00,Vulcan,SUP,Cloud9,2024-07-27T20:09:19+00:00,23.922,0.8,0.8,11,64.6,5,42.8,2,2024-07-21T20:54:21+00:00,False,False
2024-07-22 00:00:00+00:00,Yeon,BOT,Team Liquid,2024-07-28T22:31:35+00:00,18.352,4.2,1.6,5.8,308.6,5,38.39,2,2024-07-20T21:46:03+00:00,False,False
2024-07-22 00:00:00+00:00,Zeyzal,SUP,Shopify Rebellion,2024-07-27T21:52:04+00:00,12.314,0.6,4.4,7.8,33.6,5,29.42,2,2024-07-21T22:53:27+00:00,False,False
2024-07-22 00:00:00+00:00,Zven,BOT,Dignitas,2024-07-27T21:52:04+00:00,9.222,2.4,2.8,3,254.2,5,15.52,2,2024-07-20T21:46:03+00:00,False,False
2024-07-22 00:00:00+00:00,huhi,SUP,NRG,2024-07-27T20:09:19+00:00,17.974,1.4,3.6,8.6,98.4,5,30.93,2,2024-07-21T22:53:27+00:00,False,False
2024-07-29 00:00:00+00:00,APA,MID,Team Liquid,2024-08-04T20:07:02+00:00,22.906,5.2,2,4.8,257.8,5,66.17,3,2024-07-28T23:12:39+00:00,False,False
2024-07-29 00:00:00+00:00,Armao,JGL,Immortals,2024-08-03T21:48:55+00:00,3.344,0.4,3,2.8,177,5,13.34,2,2024-07-28T23:12:39+00:00,False,False
2024-07-29 00:00:00+00:00,Berserker,BOT,Cloud9,2024-08-04T20:07:02+00:00,25.746,5.4,1,6.4,278.2,5,55.65,3,2024-07-27T21:03:03+00:00,False,False
2024-07-29 00:00:00+00:00,Blaber,JGL,Cloud9,2024-08-04T20:07:02+00:00,20.548,4.2,1.8,8.4,219.4,5,31.13,3,2024-07-27T21:03:03+00:00,False,False
2024-07-29 00:00:00+00:00,Bugi,JGL,Shopify Rebellion,2024-08-04T22:38:53+00:00,19.28,3.8,2.6,10.4,264.2,5,39.42,2,2024-07-27T22:39:35+00:00,False,False
2024-07-29 00:00:00+00:00,Busio,SUP,FlyQuest,2024-08-04T22:38:53+00:00,23.11,1,2,12,30.8,5,12.71,2,2024-07-28T21:43:16+00:00,False,False
2024-07-29 00:00:00+00:00,Bvoy,BOT,Shopify Rebellion,2024-08-04T22:38:53+00:00,20.05,6,1.2,4.2,353.6,5,28.9,2,2024-07-27T22:39:35+00:00,False,False
2024-07-29 00:00:00+00:00,Bwipo,TOP,FlyQuest,2024-08-04T22:38:53+00:00,14.584,3,2.2,6,246.8,5,10.89,2,2024-07-28T21:43:16+00:00,False,False
2024-07-29 00:00:00+00:00,Castle,TOP,Immortals,2024-08-03T21:48:55+00:00,9.162,2,3.8,2.2,238.2,5,16.88,2,2024-07-28T23:12:39+00:00,False,False
2024-07-29 00:00:00+00:00,Contractz,JGL,NRG,2024-08-03T20:08:15+00:00,14.712,2.8,3.4,7.8,251.2,5,14.58,2,2024-07-27T21:03:03+00:00,False,False
2024-07-29 00:00:00+00:00,CoreJJ,SUP,Team Liquid,2024-08-04T20:07:02+00:00,17.382,1.8,2,8.2,36.6,5,42.31,3,2024-07-28T23:12:39+00:00,False,False
2024-07-29 00:00:00+00:00,Dhokla,TOP,NRG,2024-08-03T20:08:15+00:00,14.67,2.8,2.6,5.4,306.4,5,29.59,2,2024-07-27T21:03:03+00:00,False,False
2024-07-29 00:00:00+00:00,Eyla,SUP,100 Thieves,2024-08-03T21:48:55+00:00,7.44,0.2,4,4.8,35,5,48.94,2,2024-07-28T21:43:16+00:00,False,False
2024-07-29 00:00:00+00:00,FBI,BOT,NRG,2024-08-03T20:08:15+00:00,16.654,2.2,2.2,8.8,306.2,5,28.12,2,2024-07-27T21:03:03+00:00,False,False
2024-07-29 00:00:00+00:00,FakeGod,TOP,Shopify Rebellion,2024-08-04T22:38:53+00:00,9.732,0.4,2.4,6.2,279.4,5,47.67,2,2024-07-27T22:39:35+00:00,False,False
2024-07-29 00:00:00+00:00,Impact,TOP,Team Liquid,2024-08-04T20:07:02+00:00,18.946,4.2,2,4.8,211,5,41.68,3,2024-07-28T23:12:39+00:00,False,False
2024-07-29 00:00:00+00:00,Insanity,MID,Shopify Rebellion,2024-08-04T22:38:53+00:00,20.534,4.2,1.2,5.2,363.8,5,20.25,2,2024-07-27T22:39:35+00:00,False,False
2024-07-29 00:00:00+00:00,Inspired,JGL,FlyQuest,2024-08-04T22:38:53+00:00,18.274,2.6,1.2,9.6,215,5,35.46,2,2024-07-28T21:43:16+00:00,False,False
2024-07-29 00:00:00+00:00,Isles,SUP,Dignitas,2024-08-03T20:08:15+00:00,13.562,0.8,3,7,61.2,5,33.72,2,2024-07-27T22:39:35+00:00,False,False
2024-07-29 00:00:00+00:00,Jensen,MID,Dignitas,2024-08-03T20:08:15+00:00,14.032,3.4,3.2,3.8,293.2,5,62.79,2,2024-07-27T22:39:35+00:00,False,False
2024-07-29 00:00:00+00:00,Jojopyun,MID,Cloud9,2024-08-04T20:07:02+00:00,15.574,3.4,2.4,6.2,250,5,44.85,3,2024-07-27T21:03:03+00:00,False,False
2024-07-29 00:00:00+00:00,Licorice,TOP,Dignitas,2024-08-03T20:08:15+00:00,7.974,1.2,4,4,242.2,5,28.95,2,2024-07-27T22:39:35+00:00,False,False
2024-07-29 00:00:00+00:00,Mask,MID,Immortals,2024-08-03T21:48:55+00:00,10.75,2.4,2.6,1.2,304.4,5,34.76,2,2024-07-28T23:12:39+00:00,False,False
2024-07-29 00:00:00+00:00,Massu,BOT,FlyQuest,2024-08-04T22:38:53+00:00,19.672,4.8,1.2,5.8,279.8,5,19.02,2,2024-07-28T21:43:16+00:00,False,False
2024-07-29 00:00:00+00:00,Olleh,SUP,Immortals,2024-08-03T21:48:55+00:00,4.828,0,4.4,4,38.2,5,20.69,2,2024-07-28T23:12:39+00:00,False,False
2024-07-29 00:00:00+00:00,Palafox,MID,NRG,2024-08-03T20:08:15+00:00,10.37,3.4,2.8,2.8,360.8,5,2.04,2,2024-07-27T21:03:03+00:00,False,False
2024-07-29 00:00:00+00:00,Quad,MID,FlyQuest,2024-08-04T22:38:53+00:00,20.512,4.4,1.6,5,275.4,5,44.41,2,2024-07-28T21:43:16+00:00,False,False
2024-07-29 00:00:00+00:00,Quid,MID,100 Thieves,2024-08-03T21:48:55+00:00,9.282,1.2,2.6,3.6,278.2,5,53.42,2,2024-07-28T21:43:16+00:00,False,False
2024-07-29 00:00:00+00:00,River,JGL,100 Thieves,2024-08-03T21:48:55+00:00,5.564,2,3.8,3,174.8,5,36.79,2,2024-07-28T21:43:16+00:00,False,False
2024-07-29 00:00:00+00:00,Sniper,TOP,100 Thieves,2024-08-03T21:48:55+00:00,6.284,2,3.4,1.4,220.4,5,38.4,2,2024-07-28T21:43:16+00:00,False,False
2024-07-29 00:00:00+00:00,Spica,JGL,Dignitas,2024-08-03T20:08:15+00:00,10.854,1.8,2.8,6.8,203.8,5,32.51,2,2024-07-27T22:39:35+00:00,False,False
2024-07-29 00:00:00+00:00,Tactical,BOT,Immortals,2024-08-03T21:48:55+00:00,7.668,1.6,2,2,284,5,22.97,2,2024-07-28T23:12:39+00:00,False,False
2024-07-29 00:00:00+00:00,Thanatos,TOP,Cloud9,2024-08-04T20:07:02+00:00,19.128,2.6,0.6,5.2,255.2,5,23.14,3,2024-07-27T21:03:03+00:00,False,False
2024-07-29 00:00:00+00:00,Tomo,BOT,100 Thieves,2024-08-03T21:48:55+00:00,14.48,3.2,2.4,3,251.2,5,46.54,2,2024-03-17T21:43:44+00:00,False,False
2024-07-29 00:00:00+00:00,UmTi,JGL,Team Liquid,2024-08-04T20:07:02+00:00,15.188,2,1.8,9,178.6,5,51.48,3,2024-07-28T23:12:39+00:00,False,False
2024-07-29 00:00:00+00:00,Vulcan,SUP,Cloud9,2024-08-04T20:07:02+00:00,25.362,1.2,1.4,12.8,24.2,5,48.83,3,2024-07-27T21:03:03+00:00,False,False
2024-07-29 00:00:00+00:00,Yeon,BOT,Team Liquid,2024-08-04T20:07:02+00:00,14.874,2.6,1.4,5.8,270.2,5,65.2,3,2024-07-28T23:12:39+00:00,False,False
2024-07-29 00:00:00+00:00,Zeyzal,SUP,Shopify Rebellion,2024-08-04T22:38:53+00:00,15.172,1.2,4,10,34.2,5,24.19,2,2024-07-27T22:39:35+00:00,False,False
2024-07-29 00:00:00+00:00,Zven,BOT,Dignitas,2024-08-03T20:08:15+00:00,10.862,2.4,2.6,4.2,253.4,5,41.22,2,2024-07-27T22:39:35+00:00,False,False
2024-07-29 00:00:00+00:00,huhi,SUP,NRG,2024-08-03T20:08:15+00:00,16.544,1.2,4.4,8.8,91.8,5,19.59,2,2024-07-27T21:03:03+00:00,False,False
2024-08-05 00:00:00+00:00,APA,MID,Team Liquid,2024-08-10T20:07:50+00:00,24.082,4.2,1.8,5.8,281.4,5,53.04,2,2024-08-04T21:43:36+00:00,False,False
2024-08-05 00:00:00+00:00,Armao,JGL,Immortals,2024-08-11T21:52:41+00:00,4.534,1,3.8,4,210.8,5,13.34,3,2024-08-03T22:53:02+00:00,False,False
2024-08-05 00:00:00+00:00,Berserker,BOT,Cloud9,2024-08-11T20:06:05+00:00,21.7,5.6,2,4.6,302.6,5,38.45,2,2024-08-04T21:43:36+00:00,False,False
2024-08-05 00:00:00+00:00,Blaber,JGL,Cloud9,2024-08-11T20:06:05+00:00,13.836,2,3.6,9,197.8,5,24.18,2,2024-08-04T21:43:36+00:00,False,False
2024-08-05 00:00:00+00:00,Bugi,JGL,Shopify Rebellion,2024-08-05T00:15:54+00:00,20.908,4.6,1.2,9.6,239.2,5,66.57,4,2024-08-04T23:24:32+00:00,False,False
2024-08-05 00:00:00+00:00,Busio,SUP,FlyQuest,2024-08-05T00:15:54+00:00,16.876,0.6,3.4,9.8,31.2,5,32.68,3,2024-08-04T23:24:32+00:00,False,False
2024-08-05 00:00:00+00:00,Bvoy,BOT,Shopify Rebellion,2024-08-05T00:15:54+00:00,21.624,6.4,1.6,5.4,307.6,5,42.07,4,2024-08-04T23:24:32+00:00,False,False
2024-08-05 00:00:00+00:00,Bwipo,TOP,FlyQuest,2024-08-05T00:15:54+00:00,9.178,2.2,3.2,3.2,253.4,5,32.86,3,2024-08-04T23:24:32+00:00,False,False
2024-08-05 00:00:00+00:00,Castle,TOP,Immortals,2024-08-11T21:52:41+00:00,7.344,2.2,5,2.8,232.2,5,24.3,3,2024-08-03T22:53:02+00:00,False,False
2024-08-05 00:00:00+00:00,Contractz,JGL,NRG,2024-08-10T20:07:50+00:00,8.678,1.2,4.4,6.8,207.8,5,7.11,2,2024-08-03T20:53:30+00:00,False,False
2024-08-05 00:00:00+00:00,CoreJJ,SUP,Team Liquid,2024-08-10T20:07:50+00:00,18.038,1.4,2.8,9.6,32,5,58.39,2,2024-08-04T21:43:36+00:00,False,False
2024-08-05 00:00:00+00:00,Dhokla,TOP,NRG,2024-08-10T20:07:50+00:00,12.346,2.8,3,2.8,263.8,5,5.65,2,2024-08-03T20:53:30+00:00,False,False
2024-08-05 00:00:00+00:00,Eyla,SUP,100 Thieves,2024-08-10T21:35:08+00:00,13.74,0.6,3,8,32,5,60.72,3,2024-08-03T22:53:02+00:00,False,False
2024-08-05 00:00:00+00:00,FBI,BOT,NRG,2024-08-10T20:07:50+00:00,13.166,2.4,2.2,6.4,258.8,5,12.97,2,2024-08-03T20:53:30+00:00,False,False
2024-08-05 00:00:00+00:00,FakeGod,TOP,Shopify Rebellion,2024-08-05T00:15:54+00:00,16.36,2.6,2,6.2,270.6,5,48.23,4,2024-08-04T23:24:32+00:00,False,False
2024-08-05 00:00:00+00:00,Impact,TOP,Team Liquid,2024-08-10T20:07:50+00:00,18.316,3.8,2.2,5.4,207.2,5,36.58,2,2024-08-04T21:43:36+00:00,False,False
2024-08-05 00:00:00+00:00,Insanity,MID,Shopify Rebellion,2024-08-05T00:15:54+00:00,16.432,3.6,2,6,324,5,42.6,4,2024-08-04T23:24:32+00:00,False,False
2024-08-05 00:00:00+00:00,Inspired,JGL,FlyQuest,2024-08-05T00:15:54+00:00,17.612,2.6,1,7.6,230,5,33.94,3,2024-08-04T23:24:32+00:00,False,False
2024-08-05 00:00:00+00:00,Isles,SUP,Dignitas,2024-08-11T21:52:41+00:00,12.544,0.6,3.2,7,65.2,5,46.91,3,2024-08-03T20:53:30+00:00,False,False
2024-08-05 00:00:00+00:00,Jensen,MID,Dignitas,2024-08-11T21:52:41+00:00,16.784,3.8,2.4,4,303,5,51.79,3,2024-08-03T20:53:30+00:00,False,False
2024-08-05 00:00:00+00:00,Jojopyun,MID,Cloud9,2024-08-11T20:06:05+00:00,13.936,3,2.6,4.8,296.6,5,35.43,2,2024-08-04T21:43:36+00:00,False,False
2024-08-05 00:00:00+00:00,Licorice,TOP,Dignitas,2024-08-11T21:52:41+00:00,9.306,1.4,3,4.2,245.4,5,55.68,3,2024-08-03T20:53:30+00:00,False,False
2024-08-05 00:00:00+00:00,Mask,MID,Immortals,2024-08-11T21:52:41+00:00,13.522,3,2.8,2.8,315.8,5,41.91,3,2024-08-03T22:53:02+00:00,False,False
2024-08-05 00:00:00+00:00,Massu,BOT,FlyQuest,2024-08-05T00:15:54+00:00,14.778,4.4,2.2,4,274.4,5,33.04,3,2024-08-04T23:24:32+00:00,False,False
2024-08-05 00:00:00+00:00,Olleh,SUP,Immortals,2024-08-11T21:52:41+00:00,6.208,0,5,5.6,33.2,5,44.04,3,2024-08-03T22:53:02+00:00,False,False
2024-08-05 00:00:00+00:00,Palafox,MID,NRG,2024-08-10T20:07:50+00:00,5.834,2.2,3.6,1.8,307.2,5,7.68,2,2024-08-03T20:53:30+00:00,False,False
2024-08-05 00:00:00+00:00,Quad,MID,FlyQuest,2024-08-05T00:15:54+00:00,23.258,4,1.4,5,282.8,5,65.29,3,2024-08-04T23:24:32+00:00,False,False
2024-08-05 00:00:00+00:00,Quid,MID,100 Thieves,2024-08-10T21:35:08+00:00,15.23,3.4,2,4.2,333,5,51.68,3,2024-08-03T22:53:02+00:00,False,False
2024-08-05 00:00:00+00:00,River,JGL,100 Thieves,2024-08-10T21:35:08+00:00,11.916,2,3.2,7.4,202.8,5,34.98,3,2024-08-03T22:53:02+00:00,False,False
2024-08-05 00:00:00+00:00,Sniper,TOP,100 Thieves,2024-08-10T21:35:08+00:00,12.772,3.2,3,4.4,252.6,5,30.59,3,2024-08-03T22:53:02+00:00,False,False
2024-08-05 00:00:00+00:00,Spica,JGL,Dignitas,2024-08-11T21:52:41+00:00,10.976,1.8,2.6,6.4,219.8,5,65.04,3,2024-08-03T20:53:30+00:00,False,False
2024-08-05 00:00:00+00:00,Tactical,BOT,Immortals,2024-08-11T21:52:41+00:00,7.618,2.2,2.8,2.8,291.8,5,27.29,3,2024-08-03T22:53:02+00:00,False,False
2024-08-05 00:00:00+00:00,Thanatos,TOP,Cloud9,2024-08-11T20:06:05+00:00,11.302,2.2,2.2,3,234.6,5,21.52,2,2024-08-04T21:43:36+00:00,False,False
2024-08-05 00:00:00+00:00,Tomo,BOT,100 Thieves,2024-08-10T21:35:08+00:00,13.538,2.6,2,5.6,305.4,5,69.72,3,2024-08-03T22:53:02+00:00,False,False
2024-08-05 00:00:00+00:00,UmTi,JGL,Team Liquid,2024-08-10T20:07:50+00:00,19.19,2,1.2,10.6,171.4,5,54.48,2,2024-08-04T21:43:36+00:00,False,False
2024-08-05 00:00:00+00:00,Vulcan,SUP,Cloud9,2024-08-11T20:06:05+00:00,18.326,0.8,2,10.4,30.4,5,38.5,2,2024-08-04T21:43:36+00:00,False,False
2024-08-05 00:00:00+00:00,Yeon,BOT,Team Liquid,2024-08-10T20:07:50+00:00,20.718,4.2,1,6.4,287.6,5,70.54,2,2024-08-04T21:43:36+00:00,False,False
2024-08-05 00:00:00+00:00,Zeyzal,SUP,Shopify Rebellion,2024-08-05T00:15:54+00:00,15.54,1,3,10.8,34.6,5,50.6,4,2024-08-04T23:24:32+00:00,False,False
2024-08-05 00:00:00+00:00,Zven,BOT,Dignitas,2024-08-11T21:52:41+00:00,12.994,2.6,2.4,5,255.2,5,63.8,3,2024-08-03T20:53:30+00:00,False,False
2024-08-05 00:00:00+00:00,huhi,SUP,NRG,2024-08-10T20:07:50+00:00,12.228,1.4,4,6.6,88.8,5,2.66,2,2024-08-03T20:53:30+00:00,False,False
2024-08-12 00:00:00+00:00,Busio,SUP,FlyQuest,2024-08-18T20:08:02+00:00,9.078,0.6,3.4,5.8,30.6,5,90.02,4,2024-08-11T20:52:02+00:00,False,False
2024-08-12 00:00:00+00:00,Bwipo,TOP,FlyQuest,2024-08-18T20:08:02+00:00,8.75,1.2,3.6,4.4,229.6,5,66.77,4,2024-08-11T20:52:02+00:00,False,False
2024-08-12 00:00:00+00:00,Contractz,JGL,NRG,2024-08-18T20:08:02+00:00,4.74,1.6,5.2,4.6,154,5,51.06,4,2024-08-10T20:51:54+00:00,False,False
2024-08-12 00:00:00+00:00,Dhokla,TOP,NRG,2024-08-18T20:08:02+00:00,10.292,2.4,3.2,1.4,208,5,34.99,4,2024-08-10T20:51:54+00:00,False,False
2024-08-12 00:00:00+00:00,Eyla,SUP,100 Thieves,2024-08-17T20:07:21+00:00,21.932,1,3,12.6,28.2,5,48.08,3,2024-08-10T23:06:13+00:00,False,False
2024-08-12 00:00:00+00:00,FBI,BOT,NRG,2024-08-18T20:08:02+00:00,10.62,2.2,2.6,4.4,266,5,45.49,4,2024-08-10T20:51:54+00:00,False,False
2024-08-12 00:00:00+00:00,Inspired,JGL,FlyQuest,2024-08-18T20:08:02+00:00,13.88,3.6,1.6,4.2,254.2,5,71.7,4,2024-08-11T20:52:02+00:00,False,False
2024-08-12 00:00:00+00:00,Isles,SUP,Dignitas,2024-08-17T20:07:21+00:00,16.126,0.6,3,9.8,40.2,5,13.64,3,2024-08-11T23:48:41+00:00,False,False
2024-08-12 00:00:00+00:00,Jensen,MID,Dignitas,2024-08-17T20:07:21+00:00,22.916,5,1.8,5.4,358.2,5,21.11,3,2024-08-11T23:48:41+00:00,False,False
2024-08-12 00:00:00+00:00,Licorice,TOP,Dignitas,2024-08-17T20:07:21+00:00,16.926,2.8,1.4,6.6,265.2,5,7.8,3,2024-08-11T23:48:41+00:00,False,False
2024-08-12 00:00:00+00:00,Massu,BOT,FlyQuest,2024-08-18T20:08:02+00:00,10.412,2,2.2,4.2,285.6,5,97.73,4,2024-08-11T20:52:02+00:00,False,False
2024-08-12 00:00:00+00:00,Palafox,MID,NRG,2024-08-18T20:08:02+00:00,2.966,1.6,4,1.8,246.6,5,58.41,4,2024-08-10T20:51:54+00:00,False,False
2024-08-12 00:00:00+00:00,Quad,MID,FlyQuest,2024-08-18T20:08:02+00:00,21.94,3,1.8,5.6,280.4,5,105.03,4,2024-08-11T20:52:02+00:00,False,False
2024-08-12 00:00:00+00:00,Quid,MID,100 Thieves,2024-08-17T20:07:21+00:00,21.02,5.2,2.8,6.2,324.6,5,82.1,3,2024-08-10T23:06:13+00:00,False,False
2024-08-12 00:00:00+00:00,River,JGL,100 Thieves,2024-08-17T20:07:21+00:00,14.354,2.6,3.6,9.8,198.2,5,60.67,3,2024-08-10T23:06:13+00:00,False,False
2024-08-12 00:00:00+00:00,Sniper,TOP,100 Thieves,2024-08-17T20:07:21+00:00,13.798,3.4,3.2,5.6,250.6,5,53.1,3,2024-08-10T23:06:13+00:00,False,False
2024-08-12 00:00:00+00:00,Spica,JGL,Dignitas,2024-08-17T20:07:21+00:00,19.51,2.2,0.8,9.8,247,5,8.42,3,2024-08-11T23:48:41+00:00,False,False
2024-08-12 00:00:00+00:00,Tomo,BOT,100 Thieves,2024-08-17T20:07:21+00:00,23.252,5.4,1.6,8.4,336.2,5,69.71,3,2024-08-10T23:06:13+00:00,False,False
2024-08-12 00:00:00+00:00,Zven,BOT,Dignitas,2024-08-17T20:07:21+00:00,21.004,4,1.4,7.2,340,5,18.84,3,2024-08-11T23:48:41+00:00,False,False
2024-08-12 00:00:00+00:00,huhi,SUP,NRG,2024-08-18T20:08:02+00:00,7.568,0.6,4.4,5.4,30.8,5,41.27,4,2024-08-10T20:51:54+00:00,False,False
2024-08-19 00:00:00+00:00,APA,MID,Team Liquid,2024-08-24T20:07:55+00:00,23.842,3.6,1.4,7.4,276.8,5,72.5,3,2024-08-10T20:51:54+00:00,False,False
2024-08-19 00:00:00+00:00,Berserker,BOT,Cloud9,2024-08-25T20:06:40+00:00,18.82,5,1.6,4.6,326.6,5,45.6,4,2024-08-11T20:52:02+00:00,False,False
2024-08-19 00:00:00+00:00,Blaber,JGL,Cloud9,2024-08-25T20:06:40+00:00,11.062,1.8,3.2,7.2,211.2,5,14.16,4,2024-08-11T20:52:02+00:00,False,False
2024-08-19 00:00:00+00:00,Busio,SUP,FlyQuest,2024-08-25T20:06:40+00:00,21.514,1,2.6,12.2,29.8,5,72.56,4,2024-08-18T22:50:10+00:00,False,False
2024-08-19 00:00:00+00:00,Bwipo,TOP,FlyQuest,2024-08-25T20:06:40+00:00,15.276,3.4,4.2,7.2,247.2,5,57.27,4,2024-08-18T22:50:10+00:00,False,False
2024-08-19 00:00:00+00:00,Contractz,JGL,NRG,2024-08-23T20:07:51+00:00,10.232,2,2.4,5.2,202.2,5,79.63,5,2024-08-18T22:50:10+00:00,False,False
2024-08-19 00:00:00+00:00,CoreJJ,SUP,Team Liquid,2024-08-24T20:07:55+00:00,20.14,1,3.2,12,34.2,5,64.99,3,2024-08-10T20:51:54+00:00,False,False
2024-08-19 00:00:00+00:00,Dhokla,TOP,NRG,2024-08-23T20:07:51+00:00,7.892,1,3.8,3.4,204.2,5,77.52,5,2024-08-18T22:50:10+00:00,False,False
2024-08-19 00:00:00+00:00,Eyla,SUP,100 Thieves,2024-08-24T20:07:55+00:00,17.558,0.2,3,11,58.2,5,18.45,3,2024-08-17T21:40:59+00:00,False,False
2024-08-19 00:00:00+00:00,FBI,BOT,NRG,2024-08-23T20:07:51+00:00,9.57,1.6,3.4,3.8,277.2,5,105.51,5,2024-08-18T22:50:10+00:00,False,False
2024-08-19 00:00:00+00:00,Impact,TOP,Team Liquid,2024-08-24T20:07:55+00:00,15.652,3,2.2,6.4,189.4,5,74.55,3,2024-08-10T20:51:54+00:00,False,False
2024-08-19 00:00:00+00:00,Inspired,JGL,FlyQuest,2024-08-25T20:06:40+00:00,16.158,2.8,1.6,8.8,232.6,5,80.31,4,2024-08-18T22:50:10+00:00,False,False
2024-08-19 00:00:00+00:00,Isles,SUP,Dignitas,2024-08-23T20:07:51+00:00,10.76,1,3.2,5.6,31.4,5,68.78,5,2024-08-17T21:40:59+00:00,False,False
2024-08-19 00:00:00+00:00,Jensen,MID,Dignitas,2024-08-23T20:07:51+00:00,12.88,1.8,2.2,4.8,305.4,5,69.36,5,2024-08-17T21:40:59+00:00,False,False
2024-08-19 00:00:00+00:00,Jojopyun,MID,Cloud9,2024-08-25T20:06:40+00:00,16.056,3.2,2,4.8,325.4,5,37.08,4,2024-08-11T20:52:02+00:00,False,False
2024-08-19 00:00:00+00:00,Licorice,TOP,Dignitas,2024-08-23T20:07:51+00:00,10.466,2.4,2.4,3,218.8,5,74.91,5,2024-08-17T21:40:59+00:00,False,False
2024-08-19 00:00:00+00:00,Massu,BOT,FlyQuest,2024-08-25T20:06:40+00:00,22.294,4.4,0.8,8.2,316,5,88.75,4,2024-08-18T22:50:10+00:00,False,False
2024-08-19 00:00:00+00:00,Palafox,MID,NRG,2024-08-23T20:07:51+00:00,11.88,3.6,3.4,2.4,276.8,5,123.04,5,2024-08-18T22:50:10+00:00,False,False
2024-08-19 00:00:00+00:00,Quad,MID,FlyQuest,2024-08-25T20:06:40+00:00,24.516,4.6,1.6,8,288.6,5,106.13,4,2024-08-18T22:50:10+00:00,False,False
2024-08-19 00:00:00+00:00,Quid,MID,100 Thieves,2024-08-24T20:07:55+00:00,22.426,5.6,3,4.8,276.4,5,29.45,3,2024-08-17T21:40:59+00:00,False,False
2024-08-19 00:00:00+00:00,River,JGL,100 Thieves,2024-08-24T20:07:55+00:00,16.326,3.4,2.4,7.6,180.2,5,24.81,3,2024-08-17T21:40:59+00:00,False,False
2024-08-19 00:00:00+00:00,Sniper,TOP,100 Thieves,2024-08-24T20:07:55+00:00,14.332,3.2,2,3.8,213.4,5,-0.21,3,2024-08-17T21:40:59+00:00,False,False
2024-08-19 00:00:00+00:00,Spica,JGL,Dignitas,2024-08-23T20:07:51+00:00,10.856,1.4,2,5.6,226.4,5,63.68,5,2024-08-17T21:40:59+00:00,False,False
2024-08-19 00:00:00+00:00,Thanatos,TOP,Cloud9,2024-08-25T20:06:40+00:00,8.932,1.4,3,4.2,211.6,5,40.85,4,2024-08-11T20:52:02+00:00,False,False
2024-08-19 00:00:00+00:00,Tomo,BOT,100 Thieves,2024-08-24T20:07:55+00:00,20.49,3.6,1.2,7.6,238.8,5,21.03,3,2024-08-17T21:40:59+00:00,False,False
2024-08-19 00:00:00+00:00,UmTi,JGL,Team Liquid,2024-08-24T20:07:55+00:00,21.192,2.2,1.4,12.4,174.4,5,54.58,3,2024-08-10T20:51:54+00:00,False,False
2024-08-19 00:00:00+00:00,Vulcan,SUP,Cloud9,2024-08-25T20:06:40+00:00,17.466,0.2,1.4,9.6,29.2,5,35.2,4,2024-08-11T20:52:02+00:00,False,False
2024-08-19 00:00:00+00:00,Yeon,BOT,Team Liquid,2024-08-24T20:07:55+00:00,27.148,7,1,5.6,275,5,72.97,3,2024-08-10T20:51:54+00:00,False,False
2024-08-19 00:00:00+00:00,Zven,BOT,Dignitas,2024-08-23T20:07:51+00:00,12.762,2.6,1.8,3.6,285.6,5,100.95,5,2024-08-17T21:40:59+00:00,False,False
2024-08-19 00:00:00+00:00,huhi,SUP,NRG,2024-08-23T20:07:51+00:00,8.074,0.8,5.6,5.4,35,5,111.35,5,2024-08-18T22:50:10+00:00,False,False
2024-08-26 00:00:00+00:00,APA,MID,Team Liquid,2024-08-31T20:08:02+00:00,25.108,6.8,1,6.4,270.2,5,109.26,5,2024-08-24T21:47:58+00:00,False,False
2024-08-26 00:00:00+00:00,Berserker,BOT,Cloud9,2024-09-01T20:06:15+00:00,11.506,2.6,2,3,344,5,66.61,4,2024-08-25T22:51:53+00:00,False,False
2024-08-26 00:00:00+00:00,Blaber,JGL,Cloud9,2024-09-01T20:06:15+00:00,5.5,1.8,4,3.4,233.4,5,42.01,4,2024-08-25T22:51:53+00:00,False,False
2024-08-26 00:00:00+00:00,Busio,SUP,FlyQuest,2024-08-31T20:08:02+00:00,18.248,0.4,2.2,10.8,38,5,73.27,5,2024-08-25T22:51:53+00:00,False,False
2024-08-26 00:00:00+00:00,Bwipo,TOP,FlyQuest,2024-08-31T20:08:02+00:00,16.556,2.4,2.6,7.8,266.8,5,69.26,5,2024-08-25T22:51:53+00:00,False,False
2024-08-26 00:00:00+00:00,CoreJJ,SUP,Team Liquid,2024-08-31T20:08:02+00:00,24.676,1,2.2,15.8,29.6,5,87,5,2024-08-24T21:47:58+00:00,False,False
2024-08-26 00:00:00+00:00,Eyla,SUP,100 Thieves,2024-08-30T20:08:40+00:00,11.114,0.4,3.8,7.8,58.8,5,170.36,9,2024-08-24T21:47:58+00:00,False,False
2024-08-26 00:00:00+00:00,Impact,TOP,Team Liquid,2024-08-31T20:08:02+00:00,22.226,4.2,2.2,9.6,174.8,5,46.03,5,2024-08-24T21:47:58+00:00,False,False
2024-08-26 00:00:00+00:00,Inspired,JGL,FlyQuest,2024-08-31T20:08:02+00:00,20.336,1.8,0.8,11.2,197,5,64.97,5,2024-08-25T22:51:53+00:00,False,False
2024-08-26 00:00:00+00:00,Isles,SUP,Dignitas,2024-08-30T20:08:40+00:00,13.756,0.8,6.2,9.4,44,5,78.43,5,2024-08-23T23:39:20+00:00,False,False
2024-08-26 00:00:00+00:00,Jensen,MID,Dignitas,2024-08-30T20:08:40+00:00,13.872,3.2,3.8,6.2,335.2,5,86.65,5,2024-08-23T23:39:20+00:00,False,False
2024-08-26 00:00:00+00:00,Jojopyun,MID,Cloud9,2024-09-01T20:06:15+00:00,11.358,2.2,2.2,2.6,343.8,5,51.82,4,2024-08-25T22:51:53+00:00,False,False
2024-08-26 00:00:00+00:00,Licorice,TOP,Dignitas,2024-08-30T20:08:40+00:00,14.982,4.2,3.6,5,256.8,5,65.23,5,2024-08-23T23:39:20+00:00,False,False
2024-08-26 00:00:00+00:00,Massu,BOT,FlyQuest,2024-08-31T20:08:02+00:00,22.18,4.8,1,6.8,315.4,5,93.96,5,2024-08-25T22:51:53+00:00,False,False
2024-08-26 00:00:00+00:00,Quad,MID,FlyQuest,2024-08-31T20:08:02+00:00,27.738,6.2,1.2,7,304.4,5,131.75,5,2024-08-25T22:51:53+00:00,False,False
2024-08-26 00:00:00+00:00,Quid,MID,100 Thieves,2024-08-30T20:08:40+00:00,18.476,4.8,2.6,3.6,278.8,5,161,9,2024-08-24T21:47:58+00:00,False,False
2024-08-26 00:00:00+00:00,River,JGL,100 Thieves,2024-08-30T20:08:40+00:00,13.862,2.4,2.4,7,155.6,5,123.85,9,2024-08-24T21:47:58+00:00,False,False
2024-08-26 00:00:00+00:00,Sniper,TOP,100 Thieves,2024-08-30T20:08:40+00:00,7.67,2.2,4,2.2,174.4,5,98.65,9,2024-08-24T21:47:58+00:00,False,False
2024-08-26 00:00:00+00:00,Spica,JGL,Dignitas,2024-08-30T20:08:40+00:00,12.736,2,3.4,8.6,223.2,5,60,5,2024-08-23T23:39:20+00:00,False,False
2024-08-26 00:00:00+00:00,Thanatos,TOP,Cloud9,2024-09-01T20:06:15+00:00,10.03,1.4,3,4.8,240.6,5,43.26,4,2024-08-25T22:51:53+00:00,False,False
2024-08-26 00:00:00+00:00,Tomo,BOT,100 Thieves,2024-08-30T20:08:40+00:00,12.866,2.6,3,5.2,202.6,5,174.53,9,2024-08-24T21:47:58+00:00,False,False
2024-08-26 00:00:00+00:00,UmTi,JGL,Team Liquid,2024-08-31T20:08:02+00:00,21.812,3,1.2,13,165.6,5,53.27,5,2024-08-24T21:47:58+00:00,False,False
2024-08-26 00:00:00+00:00,Vulcan,SUP,Cloud9,2024-09-01T20:06:15+00:00,10.384,0.4,2.8,5.6,30.6,5,54.41,4,2024-08-25T22:51:53+00:00,False,False
2024-08-26 00:00:00+00:00,Yeon,BOT,Team Liquid,2024-08-31T20:08:02+00:00,28.702,7.8,1.4,7.8,239,5,74.52,5,2024-08-24T21:47:58+00:00,False,False
2024-08-26 00:00:00+00:00,Zven,BOT,Dignitas,2024-08-30T20:08:40+00:00,20.19,4.8,2.2,7.6,330,5,70.51,5,2024-08-23T23:39:20+00:00,False,False
2024-09-02 00:00:00+00:00,APA,MID,Team Liquid,2024-09-07T20:18:37+00:00,21.852,3.6,2.2,3.4,352.8,5,54.55,4,2024-08-31T23:47:37+00:00,False,False
2024-09-02 00:00:00+00:00,Busio,SUP,FlyQuest,2024-09-06T20:13:13+00:00,14.654,0.4,2.4,9,31.8,5,124.19,7,2024-08-31T23:47:37+00:00,False,False
2024-09-02 00:00:00+00:00,Bwipo,TOP,FlyQuest,2024-09-06T20:13:13+00:00,13.852,3.2,3.4,5.8,272,5,112.36,7,2024-08-31T23:47:37+00:00,False,False
2024-09-02 00:00:00+00:00,CoreJJ,SUP,Team Liquid,2024-09-07T20:18:37+00:00,17.4,1.2,2.6,8.6,38,5,52.04,4,2024-08-31T23:47:37+00:00,False,False
2024-09-02 00:00:00+00:00,Eyla,SUP,100 Thieves,2024-09-06T20:13:13+00:00,20.416,0,2.2,11.6,35.2,5,36.2,3,2024-09-01T22:37:27+00:00,False,False
2024-09-02 00:00:00+00:00,Impact,TOP,Team Liquid,2024-09-07T20:18:37+00:00,9.206,1.4,3.6,5.2,227.2,5,52.08,4,2024-08-31T23:47:37+00:00,False,False
2024-09-02 00:00:00+00:00,Inspired,JGL,FlyQuest,2024-09-06T20:13:13+00:00,12.994,1,2.4,9.6,203.8,5,120.14,7,2024-08-31T23:47:37+00:00,False,False
2024-09-02 00:00:00+00:00,Massu,BOT,FlyQuest,2024-09-06T20:13:13+00:00,18.792,4.2,1.2,6.6,306.2,5,137.74,7,2024-08-31T23:47:37+00:00,False,False
2024-09-02 00:00:00+00:00,Quad,MID,FlyQuest,2024-09-06T20:13:13+00:00,26.35,5.4,1.2,5.6,344.2,5,136.78,7,2024-08-31T23:47:37+00:00,False,False
2024-09-02 00:00:00+00:00,Quid,MID,100 Thieves,2024-09-06T20:13:13+00:00,17.38,3.6,1.6,6.2,296.6,5,20.79,3,2024-09-01T22:37:27+00:00,False,False
2024-09-02 00:00:00+00:00,River,JGL,100 Thieves,2024-09-06T20:13:13+00:00,15.948,2,2.4,9.6,193.8,5,21.48,3,2024-09-01T22:37:27+00:00,False,False
2024-09-02 00:00:00+00:00,Sniper,TOP,100 Thieves,2024-09-06T20:13:13+00:00,14.044,2.8,2,5.2,212.4,5,16.31,3,2024-09-01T22:37:27+00:00,False,False
2024-09-02 00:00:00+00:00,Tomo,BOT,100 Thieves,2024-09-06T20:13:13+00:00,23.284,4.6,0.6,6.2,296.8,5,33.92,3,2024-09-01T22:37:27+00:00,False,False
2024-09-02 00:00:00+00:00,UmTi,JGL,Team Liquid,2024-09-07T20:18:37+00:00,10.654,1.2,3.4,7.4,195.4,5,27.09,4,2024-08-31T23:47:37+00:00,False,False
2024-09-02 00:00:00+00:00,Yeon,BOT,Team Liquid,2024-09-07T20:18:37+00:00,14.904,3.2,2.4,5.2,326.8,5,56.71,4,2024-08-31T23:47:37+00:00,False,False
2025-02-10 00:00:00+00:00,APA,MID,Team Liquid,2025-02-16T21:06:24+00:00,15.194,3.8,3,3.2,304.6,5,58.97,3,2024-09-07T22:46:24+00:00,False,False
2025-02-10 00:00:00+00:00,Ackerman,SUP,Isurus Estral,2025-02-16T21:06:24+00:00,15.5365,0.8,3.19,9.04,37.14,0,35.52,3,,False,False
2025-02-10 00:00:00+00:00,Blaber,JGL,Cloud9,2025-02-16T19:11:44+00:00,8.052,1,3,5.8,178.8,5,35.13,2,2024-09-01T22:37:27+00:00,False,False
2025-02-10 00:00:00+00:00,Burdol,TOP,Isurus Estral,2025-02-16T21:06:24+00:00,12.4988,2.77,3.25,4.83,239.8,0,31.53,3,,False,False
2025-02-10 00:00:00+00:00,Busio,SUP,FlyQuest,2025-02-15T21:15:43+00:00,17.184,0.4,1.8,10.4,32.4,5,38.01,2,2024-09-07T22:46:24+00:00,False,False
2025-02-10 00:00:00+00:00,Bwipo,TOP,FlyQuest,2025-02-15T21:15:43+00:00,14.224,4.6,3.8,4.4,277.4,5,54.4,2,2024-09-07T22:46:24+00:00,False,False
2025-02-10 00:00:00+00:00,CarioK,JGL,paiN Gaming,2025-02-15T19:12:10+00:00,12.9535,2.13,2.71,7.8,198.03,0,30.52,2,,False,False
2025-02-10 00:00:00+00:00,CoreJJ,SUP,Team Liquid,2025-02-16T21:06:24+00:00,14.784,0.6,2.4,8.4,37.8,5,60.33,3,2024-09-07T22:46:24+00:00,False,False
2025-02-10 00:00:00+00:00,Eyla,SUP,100 Thieves,2025-02-15T19:12:10+00:00,16.592,0.6,3.8,9,37,5,47,2,2024-09-06T22:01:47+00:00,False,False
2025-02-10 00:00:00+00:00,FBI,BOT,100 Thieves,2025-02-15T19:12:10+00:00,21.102,6.6,2.6,6.4,329.4,5,42.04,2,2024-08-23T23:39:20+00:00,False,False
2025-02-10 00:00:00+00:00,Impact,TOP,Team Liquid,2025-02-16T21:06:24+00:00,12.226,3,2.2,3,242.8,5,27.48,3,2024-09-07T22:46:24+00:00,False,False
2025-02-10 00:00:00+00:00,Inspired,JGL,FlyQuest,2025-02-15T21:15:43+00:00,17.868,3,1.4,9,214.8,5,56,2,2024-09-07T22:46:24+00:00,False,False
2025-02-10 00:00:00+00:00,Josedeodo,JGL,Isurus Estral,2025-02-16T21:06:24+00:00,16.306,3.4,3,7.2,164.6,5,26.99,3,2022-08-25T23:38:28+00:00,False,False
2025-02-10 00:00:00+00:00,Kuri,SUP,paiN Gaming,2025-02-15T19:12:10+00:00,15.623,0.65,3.13,9.27,35.64,0,30.4,2,,False,False
2025-02-10 00:00:00+00:00,Loki,MID,Cloud9,2025-02-16T19:11:44+00:00,17.9019,4.01,2.45,5.16,305.36,0,36.59,2,,False,False
2025-02-10 00:00:00+00:00,Massu,BOT,FlyQuest,2025-02-15T21:15:43+00:00,16.65,3.4,1.8,7.2,288,5,37.62,2,2024-09-07T22:46:24+00:00,False,False
2025-02-10 00:00:00+00:00,Mireu,MID,Isurus Estral,2025-02-16T21:06:24+00:00,17.8289,3.95,2.36,5.16,306.56,0,25.49,3,,False,False
2025-02-10 00:00:00+00:00,ProDelta,SUP,Leviatan,2025-02-15T21:15:43+00:00,15.7865,0.77,3.14,9.23,36.26,0,13.67,2,,False,False
2025-02-10 00:00:00+00:00,Quad,MID,FlyQuest,2025-02-15T21:15:43+00:00,19.628,4.6,2.6,5.8,293.4,5,68.06,2,2024-09-07T22:46:24+00:00,False,False
2025-02-10 00:00:00+00:00,Quid,MID,100 Thieves,2025-02-15T19:12:10+00:00,11.084,2.4,2.8,5.4,297.4,5,43.94,2,2024-09-06T22:01:47+00:00,False,False
2025-02-10 00:00:00+00:00,River,JGL,100 Thieves,2025-02-15T19:12:10+00:00,10.82,0.8,3.4,8.8,177,5,29.22,2,2024-09-06T22:01:47+00:00,False,False
2025-02-10 00:00:00+00:00,Robo,TOP,LOUD,2025-02-16T19:11:44+00:00,12.4088,2.81,3.27,4.78,237.17,0,13.51,2,,False,False
2025-02-10 00:00:00+00:00,Route,BOT,LOUD,2025-02-16T19:11:44+00:00,16.7156,3.8,2.03,5.63,301.51,0,11.17,2,,False,False
2025-02-10 00:00:00+00:00,SCARY,JGL,Leviatan,2025-02-15T21:15:43+00:00,12.935,2.12,2.69,7.81,200.86,0,23.53,2,,False,False
2025-02-10 00:00:00+00:00,Snaker,BOT,Isurus Estral,2025-02-16T21:06:24+00:00,16.7414,3.83,2.05,5.6,302.51,0,41.66,3,,False,False
2025-02-10 00:00:00+00:00,Sniper,TOP,100 Thieves,2025-02-15T19:12:10+00:00,11.262,2.6,3.2,4.2,207,5,25.5,2,2024-09-06T22:01:47+00:00,False,False
2025-02-10 00:00:00+00:00,Thanatos,TOP,Cloud9,2025-02-16T19:11:44+00:00,9.048,1.4,2.2,2.8,236.4,5,33.49,2,2024-09-01T22:37:27+00:00,False,False
2025-02-10 00:00:00+00:00,TitaN,BOT,paiN Gaming,2025-02-15T19:12:10+00:00,17.1302,3.88,1.92,5.56,296.74,0,28.03,2,,False,False
2025-02-10 00:00:00+00:00,UmTi,JGL,Team Liquid,2025-02-16T21:06:24+00:00,8.278,1.4,3.8,6.2,197.8,5,28,3,2024-09-07T22:46:24+00:00,False,False
2025-02-10 00:00:00+00:00,Vulcan,SUP,Cloud9,2025-02-16T19:11:44+00:00,10.512,0.2,3.4,6.4,26.8,5,41.27,2,2024-09-01T22:37:27+00:00,False,False
2025-02-10 00:00:00+00:00,Winsome,SUP,LOUD,2025-02-16T19:11:44+00:00,13.746,1,3.2,8.2,34,5,17.84,2,2023-04-09T00:07:01+00:00,False,False
2025-02-10 00:00:00+00:00,Wiz,JGL,LOUD,2025-02-16T19:11:44+00:00,13.1003,2.11,2.62,7.85,202.72,0,12.98,2,,False,False
2025-02-10 00:00:00+00:00,Wizer,TOP,paiN Gaming,2025-02-15T19:12:10+00:00,12.1812,2.76,3.27,4.69,231.02,0,15.06,2,,False,False
2025-02-10 00:00:00+00:00,Yeon,BOT,Team Liquid,2025-02-16T21:06:24+00:00,15.896,3.4,1.6,3.4,302.8,5,71.95,3,2024-09-07T22:46:24+00:00,False,False
2025-02-10 00:00:00+00:00,Zothve,TOP,Leviatan,2025-02-15T21:15:43+00:00,12.1645,2.78,3.25,4.66,235.89,0,18.3,2,,False,False
2025-02-10 00:00:00+00:00,Zven,BOT,Cloud9,2025-02-16T19:11:44+00:00,14.102,4.4,3,4.2,276.2,5,47.52,2,2024-08-30T23:58:30+00:00,False,False
2025-02-10 00:00:00+00:00,ceo,BOT,Leviatan,2025-02-15T21:15:43+00:00,16.9958,3.88,2,5.65,301.69,0,15.92,2,,False,False
2025-02-10 00:00:00+00:00,cody,MID,Leviatan,2025-02-15T21:15:43+00:00,17.7381,3.97,2.46,5.14,305.54,0,6.37,2,,False,False
2025-02-10 00:00:00+00:00,dyNquedo,MID,paiN Gaming,2025-02-15T19:12:10+00:00,17.6942,3.99,2.4,5.03,302.16,0,21.17,2,,False,False
2025-02-10 00:00:00+00:00,tinowns,MID,LOUD,2025-02-16T19:11:44+00:00,17.9019,4.01,2.45,5.16,305.36,0,18.99,2,,False,False
2025-02-17 00:00:00+00:00,APA,MID,Team Liquid,2025-02-22T22:22:24+00:00,17.118,4.6,3.4,5,309.4,5,127.1,6,2025-02-16T23:17:16+00:00,False,False
2025-02-17 00:00:00+00:00,Blaber,JGL,Cloud9,2025-02-22T22:22:24+00:00,13.624,1.6,2,8.2,190.8,5,26.97,3,2025-02-16T19:58:13+00:00,False,False
2025-02-17 00:00:00+00:00,Busio,SUP,FlyQuest,2025-02-22T19:13:32+00:00,16.148,1.2,2.8,10,35,5,52.58,3,2025-02-15T22:08:12+00:00,False,False
2025-02-17 00:00:00+00:00,Bwipo,TOP,FlyQuest,2025-02-22T19:13:32+00:00,17.778,4.6,4,6.6,272,5,31.89,3,2025-02-15T22:08:12+00:00,False,False
2025-02-17 00:00:00+00:00,CoreJJ,SUP,Team Liquid,2025-02-22T22:22:24+00:00,16.906,1.4,2.8,9,39,5,133.12,6,2025-02-16T23:17:16+00:00,False,False
2025-02-17 00:00:00+00:00,Eyla,SUP,100 Thieves,2025-02-22T19:13:32+00:00,16.64,2.2,4,7.8,42.4,5,75.06,6,2025-02-15T20:02:58+00:00,False,False
2025-02-17 00:00:00+00:00,FBI,BOT,100 Thieves,2025-02-22T19:13:32+00:00,23.05,7.4,2.8,7.4,372.4,5,78.09,6,2025-02-15T20:02:58+00:00,False,False
2025-02-17 00:00:00+00:00,Impact,TOP,Team Liquid,2025-02-22T22:22:24+00:00,10.588,2.2,3.2,4,265.8,5,100.54,6,2025-02-16T23:17:16+00:00,False,False
2025-02-17 00:00:00+00:00,Inspired,JGL,FlyQuest,2025-02-22T19:13:32+00:00,20.36,3.4,1.2,10,236.2,5,37.23,3,2025-02-15T22:08:12+00:00,False,False
2025-02-17 00:00:00+00:00,Loki,MID,Cloud9,2025-02-22T22:22:24+00:00,18.295,2.5,1,8.5,279.5,2,36.76,3,2025-02-16T19:58:13+00:00,False,False
2025-02-17 00:00:00+00:00,Massu,BOT,FlyQuest,2025-02-22T19:13:32+00:00,15.786,4.4,2.4,6.6,281.4,5,61.55,3,2025-02-15T22:08:12+00:00,False,False
2025-02-17 00:00:00+00:00,Quad,MID,FlyQuest,2025-02-22T19:13:32+00:00,23.402,5,2.4,8,292,5,34.97,3,2025-02-15T22:08:12+00:00,False,False
2025-02-17 00:00:00+00:00,Quid,MID,100 Thieves,2025-02-22T19:13:32+00:00,12.946,3.4,3.4,5.6,317,5,79.79,6,2025-02-15T20:02:58+00:00,False,False
2025-02-17 00:00:00+00:00,River,JGL,100 Thieves,2025-02-22T19:13:32+00:00,10.14,1.4,3.6,7.6,203.2,5,71.86,6,2025-02-15T20:02:58+00:00,False,False
2025-02-17 00:00:00+00:00,Sniper,TOP,100 Thieves,2025-02-22T19:13:32+00:00,8.362,2.4,3.8,3.4,235.6,5,62.06,6,2025-02-15T20:02:58+00:00,False,False
2025-02-17 00:00:00+00:00,Thanatos,TOP,Cloud9,2025-02-22T22:22:24+00:00,14.63,2,1.4,5.8,248.6,5,22.73,3,2025-02-16T19:58:13+00:00,False,False
2025-02-17 00:00:00+00:00,UmTi,JGL,Team Liquid,2025-02-22T22:22:24+00:00,8.05,1,3.6,6.8,211.4,5,81.5,6,2025-02-16T23:17:16+00:00,False,False
2025-02-17 00:00:00+00:00,Vulcan,SUP,Cloud9,2025-02-22T22:22:24+00:00,17.192,0.8,2.2,9.2,29.2,5,42.09,3,2025-02-16T19:58:13+00:00,False,False
2025-02-17 00:00:00+00:00,Yeon,BOT,Team Liquid,2025-02-22T22:22:24+00:00,18.738,4.4,1.4,4.2,369.6,5,157,6,2025-02-16T23:17:16+00:00,False,False
2025-02-17 00:00:00+00:00,Zven,BOT,Cloud9,2025-02-22T22:22:24+00:00,18.578,5.4,2,4.6,304.8,5,24.13,3,2025-02-16T19:58:13+00:00,False,False
2025-09-08 00:00:00+00:00,Bvoy,BOT,Shopify Rebellion,2025-09-14T20:14:05+00:00,12.76,3.4,2.8,5.4,258,5,71.83,5,2024-08-10T23:06:13+00:00,False,False
2025-09-08 00:00:00+00:00,CarioK,JGL,paiN Gaming,2025-09-13T20:14:47+00:00,15.26,2,2.5,10.5,198.5,2,41.84,3,2025-02-15T20:02:58+00:00,False,False
2025-09-08 00:00:00+00:00,Ceos,SUP,Shopify Rebellion,2025-09-14T20:14:05+00:00,16.0338,1,3.11,9.3,35.57,0,47.9,5,,False,False
2025-09-08 00:00:00+00:00,Contractz,JGL,Shopify Rebellion,2025-09-14T20:14:05+00:00,15.926,4,2.8,8.8,204.4,5,36.46,5,2024-08-23T23:39:20+00:00,False,False
2025-09-08 00:00:00+00:00,Curse,JGL,RED Canids,2025-09-14T20:14:05+00:00,12.8877,2.08,2.89,8.04,201.43,0,83.58,5,,False,False
2025-09-08 00:00:00+00:00,Dhokla,TOP,100 Thieves,2025-09-13T20:14:47+00:00,15.504,4,4.4,6.6,230.6,5,46.86,3,2024-08-23T23:39:20+00:00,False,False
2025-09-08 00:00:00+00:00,Eyla,SUP,100 Thieves,2025-09-13T20:14:47+00:00,13.726,0.8,4,9.4,34,5,62.28,3,2025-02-23T21:12:06+00:00,False,False
2025-09-08 00:00:00+00:00,FBI,BOT,100 Thieves,2025-09-13T20:14:47+00:00,15.752,4.2,3.2,6.2,301.6,5,62.28,3,2025-02-23T21:12:06+00:00,False,False
2025-09-08 00:00:00+00:00,Fudge,TOP,Shopify Rebellion,2025-09-14T20:14:05+00:00,8.722,2,2.8,2,265.8,5,67.59,5,2024-03-30T22:05:18+00:00,False,False
2025-09-08 00:00:00+00:00,Kaze,MID,RED Canids,2025-09-14T20:14:05+00:00,17.0796,3.86,2.54,5.68,300.22,0,93.57,5,,False,False
2025-09-08 00:00:00+00:00,Kuri,SUP,paiN Gaming,2025-09-13T20:14:47+00:00,15.2,2.5,5,9,35.5,2,48.69,3,2025-02-15T20:02:58+00:00,False,False
2025-09-08 00:00:00+00:00,Palafox,MID,Shopify Rebellion,2025-09-14T20:14:05+00:00,24.608,4.2,1.8,10.2,322.4,5,36.9,5,2024-08-23T23:39:20+00:00,False,False
2025-09-08 00:00:00+00:00,Quid,MID,100 Thieves,2025-09-13T20:14:47+00:00,15.074,3.4,3.2,6.8,274.4,5,66.51,3,2025-02-23T21:12:06+00:00,False,False
2025-09-08 00:00:00+00:00,Rabelo,BOT,RED Canids,2025-09-14T20:14:05+00:00,17.1364,4.2,2.17,5.61,309.26,0,88.11,5,,False,False
2025-09-08 00:00:00+00:00,River,JGL,100 Thieves,2025-09-13T20:14:47+00:00,13.074,3.4,3.4,7.2,202.8,5,71.42,3,2025-02-23T21:12:06+00:00,False,False
2025-09-08 00:00:00+00:00,Roamer,MID,paiN Gaming,2025-09-13T20:14:47+00:00,17.1518,3.94,2.58,5.56,300.24,0,41.63,3,,False,False
2025-09-08 00:00:00+00:00,TitaN,BOT,paiN Gaming,2025-09-13T20:14:47+00:00,14.015,4.5,5,5.5,345.5,2,55.92,3,2025-02-15T20:02:58+00:00,False,False
2025-09-08 00:00:00+00:00,Wizer,TOP,paiN Gaming,2025-09-13T20:14:47+00:00,7.53,1.5,3,3.5,276,2,41.27,3,2025-02-15T20:02:58+00:00,False,False
2025-09-08 00:00:00+00:00,fNb,TOP,RED Canids,2025-09-14T20:14:05+00:00,12.5129,2.9,3.34,4.94,245.83,0,91.75,5,,False,False
2025-09-08 00:00:00+00:00,frosty,SUP,RED Canids,2025-09-14T20:14:05+00:00,16.0338,1,3.11,9.3,35.57,0,118.15,5,,False,False
2025-09-15 00:00:00+00:00,Boal,TOP,Vivo Keyd Stars,2025-09-20T20:12:24+00:00,12.5006,2.84,3.13,4.78,249.73,0,14.68,3,,False,False
2025-09-15 00:00:00+00:00,Busio,SUP,FlyQuest,2025-09-20T20:12:24+00:00,18.118,0.8,3,11.4,33,5,83.84,3,2025-02-22T21:00:03+00:00,False,False
2025-09-15 00:00:00+00:00,Curse,JGL,RED Canids,2025-09-21T20:10:45+00:00,16.716,3,2.4,9.8,190,5,20.36,3,2025-09-14T23:42:24+00:00,False,False
2025-09-15 00:00:00+00:00,Dhokla,TOP,100 Thieves,2025-09-21T20:10:45+00:00,16.098,5.2,5,6.2,285.6,5,58.37,3,2025-09-13T22:08:36+00:00,False,False
2025-09-15 00:00:00+00:00,Disamis,JGL,Vivo Keyd Stars,2025-09-20T20:12:24+00:00,12.7311,2.08,2.94,7.9,202.36,0,10.86,3,,False,False
2025-09-15 00:00:00+00:00,Eyla,SUP,100 Thieves,2025-09-21T20:10:45+00:00,16.238,0.8,3.8,11,35.6,5,66.84,3,2025-09-13T22:08:36+00:00,False,False
2025-09-15 00:00:00+00:00,FBI,BOT,100 Thieves,2025-09-21T20:10:45+00:00,15.93,4.2,3.2,7.2,340.6,5,91.43,3,2025-09-13T22:08:36+00:00,False,False
2025-09-15 00:00:00+00:00,Gakgos,TOP,FlyQuest,2025-09-20T20:12:24+00:00,12.5006,2.84,3.13,4.78,249.73,0,80.55,3,,False,False
2025-09-15 00:00:00+00:00,Inspired,JGL,FlyQuest,2025-09-20T20:12:24+00:00,18.646,3,1.4,10,256,5,64.19,3,2025-02-22T21:00:03+00:00,False,False
2025-09-15 00:00:00+00:00,Kaze,MID,RED Canids,2025-09-21T20:10:45+00:00,18.714,4.8,2.6,7.4,267.2,5,25.07,3,2025-09-14T23:42:24+00:00,False,False
2025-09-15 00:00:00+00:00,Massu,BOT,FlyQuest,2025-09-20T20:12:24+00:00,19.834,5.6,1.8,5.6,307.6,5,91.87,3,2025-02-22T21:00:03+00:00,False,False
2025-09-15 00:00:00+00:00,Mireu,MID,Vivo Keyd Stars,2025-09-20T20:12:24+00:00,8.49666666667,2.33333333333,4.66666666667,5,324,3,9.72,3,2025-02-16T23:17:16+00:00,False,False
2025-09-15 00:00:00+00:00,Morttheus,BOT,Vivo Keyd Stars,2025-09-20T20:12:24+00:00,17.0247,4.09,2.06,5.47,308.64,0,22.52,3,,False,False
2025-09-15 00:00:00+00:00,Quad,MID,FlyQuest,2025-09-20T20:12:24+00:00,20.606,4.6,2.2,8.4,304.6,5,79.78,3,2025-02-22T21:00:03+00:00,False,False
2025-09-15 00:00:00+00:00,Quid,MID,100 Thieves,2025-09-21T20:10:45+00:00,18.682,3.4,3,9.4,295.2,5,112.55,3,2025-09-13T22:08:36+00:00,False,False
2025-09-15 00:00:00+00:00,Rabelo,BOT,RED Canids,2025-09-21T20:10:45+00:00,17.622,4,2.2,6.6,297.6,5,26.44,3,2025-09-14T23:42:24+00:00,False,False
2025-09-15 00:00:00+00:00,River,JGL,100 Thieves,2025-09-21T20:10:45+00:00,20.354,6.2,3.4,7.4,237.8,5,52.94,3,2025-09-13T22:08:36+00:00,False,False
2025-09-15 00:00:00+00:00,Trymbi,SUP,Vivo Keyd Stars,2025-09-20T20:12:24+00:00,16.2263,1.07,3.06,9.13,35.75,0,15.49,3,,False,False
2025-09-15 00:00:00+00:00,fNb,TOP,RED Canids,2025-09-21T20:10:45+00:00,18.35,4.4,1.8,5.2,270.6,5,39.53,3,2025-09-14T23:42:24+00:00,False,False
2025-09-15 00:00:00+00:00,frosty,SUP,RED Canids,2025-09-21T20:10:45+00:00,23.63,1.8,2.6,12.4,44.2,5,50.47,3,2025-09-14T23:42:24+00:00,False,False
2025-09-22 00:00:00+00:00,Boal,TOP,Vivo Keyd Stars,2025-09-27T20:15:13+00:00,4.89333333333,0.666666666667,5.33333333333,3.66666666667,222.666666667,3,93.07,8,2025-09-20T21:56:51+00:00,False,False
2025-09-22 00:00:00+00:00,Busio,SUP,FlyQuest,2025-09-28T20:16:45+00:00,22.028,0.8,2.2,13,28.4,5,78.57,4,2025-09-20T21:56:51+00:00,False,False
2025-09-22 00:00:00+00:00,Bwipo,TOP,FlyQuest,2025-09-28T20:16:45+00:00,17.258,4.4,3.6,6.8,267.4,5,74.7,4,2025-02-22T21:00:03+00:00,False,False
2025-09-22 00:00:00+00:00,Dhokla,TOP,100 Thieves,2025-09-27T20:15:13+00:00,18.268,4.6,4.8,8.4,274.2,5,37.84,4,2025-09-21T21:53:03+00:00,False,False
2025-09-22 00:00:00+00:00,Disamis,JGL,Vivo Keyd Stars,2025-09-27T20:15:13+00:00,3.62,0.666666666667,3.66666666667,3.33333333333,195.333333333,3,116.2,8,2025-09-20T21:56:51+00:00,False,False
2025-09-22 00:00:00+00:00,Eyla,SUP,100 Thieves,2025-09-27T20:15:13+00:00,21.108,0.8,3.4,14.4,38.8,5,71.33,4,2025-09-21T21:53:03+00:00,False,False
2025-09-22 00:00:00+00:00,FBI,BOT,100 Thieves,2025-09-27T20:15:13+00:00,26.656,5.8,2.6,11,337.4,5,56.84,4,2025-09-21T21:53:03+00:00,False,False
2025-09-22 00:00:00+00:00,Inspired,JGL,FlyQuest,2025-09-28T20:16:45+00:00,16.808,2.6,1.6,9,234,5,46.74,4,2025-09-20T21:56:51+00:00,False,False
2025-09-22 00:00:00+00:00,Massu,BOT,FlyQuest,2025-09-28T20:16:45+00:00,25.4,6,1.4,6.8,307.8,5,82.49,4,2025-09-20T21:56:51+00:00,False,False
2025-09-22 00:00:00+00:00,Mireu,MID,Vivo Keyd Stars,2025-09-27T20:15:13+00:00,6.334,1.4,4.4,4.4,290.2,5,149.16,8,2025-09-20T21:56:51+00:00,False,False
2025-09-22 00:00:00+00:00,Morttheus,BOT,Vivo Keyd Stars,2025-09-27T20:15:13+00:00,7.50666666667,3.33333333333,4.33333333333,1.66666666667,268,3,164.94,8,2025-09-20T21:56:51+00:00,False,False
2025-09-22 00:00:00+00:00,Quad,MID,FlyQuest,2025-09-28T20:16:45+00:00,19.772,4.4,2.2,8.8,280.2,5,55.1,4,2025-09-20T21:56:51+00:00,False,False
2025-09-22 00:00:00+00:00,Quid,MID,100 Thieves,2025-09-27T20:15:13+00:00,30.668,6.6,1.4,10,312,5,64.73,4,2025-09-21T21:53:03+00:00,False,False
2025-09-22 00:00:00+00:00,River,JGL,100 Thieves,2025-09-27T20:15:13+00:00,21.006,5.2,4.2,11.2,237.4,5,53.83,4,2025-09-21T21:53:03+00:00,False,False
2025-09-22 00:00:00+00:00,Trymbi,SUP,Vivo Keyd Stars,2025-09-27T20:15:13+00:00,5.16333333333,0.666666666667,5.33333333333,3.66666666667,33,3,113.36,8,2025-09-20T21:56:51+00:00,False,False
2026-01-19 00:00:00+00:00,APA,MID,Cloud9,2026-01-24T21:24:34+00:00,20.164,4.4,2.2,9.2,257.4,5,45.9,2,2025-02-23T21:12:06+00:00,False,False
2026-01-19 00:00:00+00:00,Berserker,BOT,LYON,2026-01-25T23:15:54+00:00,13.4,2.6,0.8,3.6,297.4,5,29.29,1,2024-09-01T22:37:27+00:00,False,False
2026-01-19 00:00:00+00:00,Blaber,JGL,Cloud9,2026-01-24T21:24:34+00:00,12.42,2.2,2.8,6.8,216.2,5,41.21,2,2025-02-23T00:07:14+00:00,False,False
2026-01-19 00:00:00+00:00,Breezy,SUP,Dignitas,2026-01-25T23:15:54+00:00,1.17,0,4,3,38,1,2.98,1,2022-03-27T20:08:54+00:00,False,False
2026-01-19 00:00:00+00:00,Bvoy,BOT,Shopify Rebellion,2026-01-25T21:13:51+00:00,14.366,4.2,2,3.4,278.4,5,21.02,2,2025-09-14T23:42:24+00:00,False,False
2026-01-19 00:00:00+00:00,Callme,MID,Disguised,2026-01-24T23:14:34+00:00,15.9693,3.66,2.9,6.46,281.68,0,76.42,3,,False,False
2026-01-19 00:00:00+00:00,Castle,TOP,Disguised,2026-01-24T23:14:34+00:00,8.236,2.4,5,2.8,277,5,58.07,3,2024-08-11T23:48:41+00:00,False,False
2026-01-19 00:00:00+00:00,Ceos,SUP,Shopify Rebellion,2026-01-25T21:13:51+00:00,9.58,0.8,4,6,32.2,5,25.83,2,2025-09-14T23:42:24+00:00,False,False
2026-01-19 00:00:00+00:00,Contractz,JGL,Shopify Rebellion,2026-01-25T21:13:51+00:00,7.292,2,4.6,5.2,194.6,5,18.18,2,2025-09-14T23:42:24+00:00,False,False
2026-01-19 00:00:00+00:00,CoreJJ,SUP,Team Liquid,2026-01-24T21:24:34+00:00,21.232,2.6,3.2,11.6,31.4,5,9.57,2,2025-02-23T21:12:06+00:00,False,False
2026-01-19 00:00:00+00:00,Cryogen,SUP,FlyQuest,2026-01-25T21:13:51+00:00,16.8364,1.13,3.14,9.79,35.01,0,56.45,2,,False,False
2026-01-19 00:00:00+00:00,DARKWINGS,MID,Sentinels,2026-01-24T23:14:34+00:00,15.9693,3.66,2.9,6.46,281.68,0,34.92,3,,False,False
2026-01-19 00:00:00+00:00,Dhokla,TOP,LYON,2026-01-25T23:15:54+00:00,10.754,2.4,3.8,5.4,248,5,9.64,1,2025-09-27T22:54:48+00:00,False,False
2026-01-19 00:00:00+00:00,Fudge,TOP,Shopify Rebellion,2026-01-25T21:13:51+00:00,13.518,2.6,3,5,261.8,5,19.44,2,2025-09-14T23:42:24+00:00,False,False
2026-01-19 00:00:00+00:00,Gakgos,TOP,FlyQuest,2026-01-25T21:13:51+00:00,26.85,6,1.33333333333,9.66666666667,266.666666667,3,53.11,2,2025-09-20T21:56:51+00:00,False,False
2026-01-19 00:00:00+00:00,Gryffinn,JGL,FlyQuest,2026-01-25T21:13:51+00:00,13.187,2.47,3.09,7.84,214.04,0,54.87,2,,False,False
2026-01-19 00:00:00+00:00,HamBak,JGL,Sentinels,2026-01-24T23:14:34+00:00,13.0574,2.28,3,7.98,209.77,0,27.09,3,,False,False
2026-01-19 00:00:00+00:00,Impact,TOP,Sentinels,2026-01-24T23:14:34+00:00,16.65,3.2,2.2,7,212.6,5,53.44,3,2025-02-23T21:12:06+00:00,False,False
2026-01-19 00:00:00+00:00,Inspired,JGL,LYON,2026-01-25T23:15:54+00:00,14.7,2.6,1.6,8,223,5,26.86,1,2025-09-28T22:54:04+00:00,False,False
2026-01-19 00:00:00+00:00,Isles,SUP,LYON,2026-01-25T23:15:54+00:00,15.686,0.8,3.6,9.6,38,5,31.05,1,2024-08-30T23:58:30+00:00,False,False
2026-01-19 00:00:00+00:00,Josedeodo,JGL,Team Liquid,2026-01-24T21:24:34+00:00,7.934,1.4,2.8,4.4,195.2,5,13.04,2,2025-02-16T23:17:16+00:00,False,False
2026-01-19 00:00:00+00:00,Kisno,JGL,Disguised,2026-01-24T23:14:34+00:00,13.0574,2.28,3,7.98,209.77,0,58.35,3,,False,False
2026-01-19 00:00:00+00:00,Lyonz,SUP,Disguised,2026-01-24T23:14:34+00:00,16.5819,1.15,3.14,9.52,34.78,0,74.35,3,,False,False
2026-01-19 00:00:00+00:00,Massu,BOT,FlyQuest,2026-01-25T21:13:51+00:00,26.648,6.2,1.2,7.4,266.2,5,58.86,2,2025-09-28T22:54:04+00:00,False,False
2026-01-19 00:00:00+00:00,Mobility,BOT,Dignitas,2026-01-25T23:15:54+00:00,17.8763,4.57,2.5,5.81,311.65,0,0.64,1,,False,False
2026-01-19 00:00:00+00:00,Morgan,TOP,Team Liquid,2026-01-24T21:24:34+00:00,13.4581,3.14,3.14,5.08,254.04,0,8.32,2,,False,False
2026-01-19 00:00:00+00:00,Palafox,MID,Dignitas,2026-01-25T23:15:54+00:00,7.38,2,4.4,4.4,257.8,5,6.67,1,2025-09-14T23:42:24+00:00,False,False
2026-01-19 00:00:00+00:00,Photon,TOP,Dignitas,2026-01-25T23:15:54+00:00,13.8949,3.12,3.2,5.46,262.8,0,7.94,1,,False,False
2026-01-19 00:00:00+00:00,Quad,MID,FlyQuest,2026-01-25T21:13:51+00:00,15.876,3,2.2,9.6,263.2,5,46.8,2,2025-09-28T22:54:04+00:00,False,False
2026-01-19 00:00:00+00:00,Quid,MID,Team Liquid,2026-01-24T21:24:34+00:00,19.232,5,2.2,5.8,286.2,5,23.3,2,2025-09-27T22:54:48+00:00,False,False
2026-01-19 00:00:00+00:00,Rahel,BOT,Sentinels,2026-01-24T23:14:34+00:00,17.5614,4.36,2.34,5.74,301.87,0,54.69,3,,False,False
2026-01-19 00:00:00+00:00,Saint,MID,LYON,2026-01-25T23:15:54+00:00,16.3399,3.74,3.07,6.88,285.9,0,14.12,1,,False,False
2026-01-19 00:00:00+00:00,Thanatos,TOP,Cloud9,2026-01-24T21:24:34+00:00,11.244,2.4,2.6,4.6,252.4,5,34.45,2,2025-02-23T00:07:14+00:00,False,False
2026-01-19 00:00:00+00:00,Vulcan,SUP,Cloud9,2026-01-24T21:24:34+00:00,16.672,1.4,2.2,8,35.2,5,53.95,2,2025-02-23T00:07:14+00:00,False,False
2026-01-19 00:00:00+00:00,Yeon,BOT,Team Liquid,2026-01-24T21:24:34+00:00,26.27,6.8,1.4,7.6,278.6,5,4.91,2,2025-02-23T21:12:06+00:00,False,False
2026-01-19 00:00:00+00:00,Zinie,MID,Shopify Rebellion,2026-01-25T21:13:51+00:00,16.2655,3.73,2.97,6.64,285.51,0,21.96,2,,False,False
2026-01-19 00:00:00+00:00,Zven,BOT,Cloud9,2026-01-24T21:24:34+00:00,14.33,3.4,2.4,4.8,288.6,5,44.18,2,2025-02-23T00:07:14+00:00,False,False
2026-01-19 00:00:00+00:00,eXyu,JGL,Dignitas,2026-01-25T23:15:54+00:00,6.944,1,3.2,4.6,148.4,5,4.96,1,2024-03-17T21:43:44+00:00,False,False
2026-01-19 00:00:00+00:00,huhi,SUP,Sentinels,2026-01-24T23:14:34+00:00,22.27,0.4,3.4,14.2,34.6,5,50.45,3,2024-08-23T23:39:20+00:00,False,False
2026-01-19 00:00:00+00:00,sajed,BOT,Disguised,2026-01-24T23:14:34+00:00,17.5614,4.36,2.34,5.74,301.87,0,81.77,3,,False,False
2026-01-26 00:00:00+00:00,APA,MID,Cloud9,2026-01-31T21:07:01+00:00,23.042,5.4,2.6,9.6,272.2,5,25.95,2,2026-01-24T22:19:00+00:00,False,False
2026-01-26 00:00:00+00:00,Berserker,BOT,LYON,2026-01-26T00:04:23+00:00,19.18,3.6,0.4,5,322.2,5,49.05,3,2026-01-25T23:15:54+00:00,False,False
2026-01-26 00:00:00+00:00,Blaber,JGL,Cloud9,2026-01-31T21:07:01+00:00,13.636,2.4,2.8,7.6,229.6,5,23.96,2,2026-01-24T22:19:00+00:00,False,False
2026-01-26 00:00:00+00:00,Breezy,SUP,Dignitas,2026-01-26T00:04:23+00:00,2.075,0,3.5,2.5,36,2,13.4,1,2026-01-25T23:15:54+00:00,False,False
2026-01-26 00:00:00+00:00,Bvoy,BOT,Shopify Rebellion,2026-02-01T23:44:52+00:00,13.134,3.8,2.4,3.6,323.6,5,7.06,1,2026-01-25T22:12:03+00:00,False,False
2026-01-26 00:00:00+00:00,Callme,MID,Disguised,2026-02-01T21:12:21+00:00,25.4733333333,6.33333333333,3.33333333333,10.3333333333,338.666666667,3,28.93,3,2026-01-25T01:17:06+00:00,False,False
2026-01-26 00:00:00+00:00,Castle,TOP,Disguised,2026-02-01T21:12:21+00:00,12.54,2.4,4.4,6.8,282.6,5,29.73,3,2026-01-25T01:17:06+00:00,False,False
2026-01-26 00:00:00+00:00,Ceos,SUP,Shopify Rebellion,2026-02-01T23:44:52+00:00,9.292,0.2,4.6,7,33,5,4.32,1,2026-01-25T22:12:03+00:00,False,False
2026-01-26 00:00:00+00:00,Contractz,JGL,Shopify Rebellion,2026-02-01T23:44:52+00:00,7.064,1.8,4.4,5,221.8,5,2.59,1,2026-01-25T22:12:03+00:00,False,False
2026-01-26 00:00:00+00:00,CoreJJ,SUP,Team Liquid,2026-02-01T23:44:52+00:00,15.608,2.2,3,8.4,34.2,5,20.28,1,2026-01-24T22:19:00+00:00,False,False
2026-01-26 00:00:00+00:00,Cryogen,SUP,FlyQuest,2026-02-01T21:12:21+00:00,28.225,2,3,18,40,2,82.32,3,2026-01-25T22:12:03+00:00,False,False
2026-01-26 00:00:00+00:00,DARKWINGS,MID,Sentinels,2026-01-31T23:09:01+00:00,11.64,2,4.66666666667,7,347.333333333,3,45.37,2,2026-01-25T01:17:06+00:00,False,False
2026-01-26 00:00:00+00:00,Dhokla,TOP,LYON,2026-01-26T00:04:23+00:00,9.496,1.8,3.8,5.4,240.2,5,31.29,3,2026-01-25T23:15:54+00:00,False,False
2026-01-26 00:00:00+00:00,FBI,BOT,Dignitas,2026-01-31T23:09:01+00:00,17.148,4.8,2.6,5.4,299.4,5,2.26,2,2025-09-27T22:54:48+00:00,False,False
2026-01-26 00:00:00+00:00,Fudge,TOP,Shopify Rebellion,2026-02-01T23:44:52+00:00,10.79,2.2,3.6,3.6,301.2,5,6.68,1,2026-01-25T22:12:03+00:00,False,False
2026-01-26 00:00:00+00:00,Gakgos,TOP,FlyQuest,2026-02-01T21:12:21+00:00,26.732,5.4,1.2,10.6,282,5,58.02,3,2026-01-25T22:12:03+00:00,False,False
2026-01-26 00:00:00+00:00,Gryffinn,JGL,FlyQuest,2026-02-01T21:12:21+00:00,27.435,7.5,4,14,286.5,2,52.29,3,2026-01-25T22:12:03+00:00,False,False
2026-01-26 00:00:00+00:00,HamBak,JGL,Sentinels,2026-01-31T23:09:01+00:00,9.03,3,5.66666666667,6,248.666666667,3,48.96,2,2026-01-25T01:17:06+00:00,False,False
2026-01-26 00:00:00+00:00,Ignar,SUP,Dignitas,2026-01-31T23:09:01+00:00,23.122,1,1.4,12.8,38.6,5,3.78,2,2023-08-20T23:14:37+00:00,False,False
2026-01-26 00:00:00+00:00,Impact,TOP,Sentinels,2026-01-31T23:09:01+00:00,18.134,3.4,3,8,265.4,5,35.32,2,2026-01-25T01:17:06+00:00,False,False
2026-01-26 00:00:00+00:00,Inspired,JGL,LYON,2026-01-26T00:04:23+00:00,14.72,2.6,1.6,7.6,233.2,5,46.25,3,2026-01-25T23:15:54+00:00,False,False
2026-01-26 00:00:00+00:00,Isles,SUP,LYON,2026-01-26T00:04:23+00:00,18.8,1,2.8,10.4,39.6,5,51.11,3,2026-01-25T23:15:54+00:00,False,False
2026-01-26 00:00:00+00:00,Josedeodo,JGL,Team Liquid,2026-02-01T23:44:52+00:00,8.006,1.8,2.4,3.4,220,5,17.65,1,2026-01-24T22:19:00+00:00,False,False
2026-01-26 00:00:00+00:00,Kisno,JGL,Disguised,2026-02-01T21:12:21+00:00,19.45,5.33333333333,3.66666666667,8.33333333333,266,3,19.21,3,2026-01-25T01:17:06+00:00,False,False
2026-01-26 00:00:00+00:00,Lyonz,SUP,Disguised,2026-02-01T21:12:21+00:00,24.7833333333,0.333333333333,1.66666666667,15.6666666667,40,3,38.71,3,2026-01-25T01:17:06+00:00,False,False
2026-01-26 00:00:00+00:00,Massu,BOT,FlyQuest,2026-02-01T21:12:21+00:00,20.3,4.4,1.4,7,328.6,5,58.82,3,2026-01-25T22:12:03+00:00,False,False
2026-01-26 00:00:00+00:00,Mobility,BOT,Dignitas,2026-01-26T00:04:23+00:00,0.64,2,5,0,264,1,16.86,1,2026-01-25T23:15:54+00:00,False,False
2026-01-26 00:00:00+00:00,Morgan,TOP,Team Liquid,2026-02-01T23:44:52+00:00,4.16,0.5,4,1.5,288,2,13.07,1,2026-01-24T22:19:00+00:00,False,False
2026-01-26 00:00:00+00:00,Palafox,MID,Dignitas,2026-01-26T00:04:23+00:00,5.78,0.8,4,3.6,257.8,5,25.42,3,2026-01-25T23:15:54+00:00,False,False
2026-01-26 00:00:00+00:00,Photon,TOP,Dignitas,2026-01-26T00:04:23+00:00,7.94,0,2,3,274,1,37.41,3,2026-01-25T23:15:54+00:00,False,False
2026-01-26 00:00:00+00:00,Quad,MID,FlyQuest,2026-02-01T21:12:21+00:00,15.592,3,3.2,9.6,285.2,5,61.53,3,2026-01-25T22:12:03+00:00,False,False
2026-01-26 00:00:00+00:00,Quid,MID,Team Liquid,2026-02-01T23:44:52+00:00,14.806,4,3.2,4.8,301.8,5,10.98,1,2026-01-24T22:19:00+00:00,False,False
2026-01-26 00:00:00+00:00,Rahel,BOT,Sentinels,2026-01-31T23:09:01+00:00,18.23,5.66666666667,4.66666666667,3.66666666667,386.333333333,3,53.59,2,2026-01-25T01:17:06+00:00,False,False
2026-01-26 00:00:00+00:00,Saint,MID,LYON,2026-01-26T00:04:23+00:00,14.12,7,2,2,252,1,37.81,3,2026-01-25T23:15:54+00:00,False,False
2026-01-26 00:00:00+00:00,Thanatos,TOP,Cloud9,2026-01-31T21:07:01+00:00,11.436,3,2.6,3.2,265.4,5,15.85,2,2026-01-24T22:19:00+00:00,False,False
2026-01-26 00:00:00+00:00,Vulcan,SUP,Cloud9,2026-01-31T21:07:01+00:00,19.208,1,1.6,9,36.2,5,34.55,2,2026-01-24T22:19:00+00:00,False,False
2026-01-26 00:00:00+00:00,Yeon,BOT,Team Liquid,2026-02-01T23:44:52+00:00,18.444,4.8,1.4,5.8,281.4,5,19.67,1,2026-01-24T22:19:00+00:00,False,False
2026-01-26 00:00:00+00:00,Zinie,MID,Shopify Rebellion,2026-02-01T23:44:52+00:00,10.98,4,6.5,4,341.5,2,5.66,1,2026-01-25T22:12:03+00:00,False,False
2026-01-26 00:00:00+00:00,Zven,BOT,Cloud9,2026-01-31T21:07:01+00:00,13.662,2.2,2.4,6,292.4,5,44.56,2,2026-01-24T22:19:00+00:00,False,False
2026-01-26 00:00:00+00:00,eXyu,JGL,Dignitas,2026-01-26T00:04:23+00:00,7.14,1,3.4,4.4,148,5,9.77,3,2026-01-25T23:15:54+00:00,False,False
2026-01-26 00:00:00+00:00,huhi,SUP,Sentinels,2026-01-31T23:09:01+00:00,20.044,0,3.6,13.6,40.6,5,47.89,2,2026-01-25T01:17:06+00:00,False,False
2026-01-26 00:00:00+00:00,sajed,BOT,Disguised,2026-02-01T21:12:21+00:00,27.2566666667,7,1.66666666667,8.66666666667,391.333333333,3,20.33,3,2026-01-25T01:17:06+00:00,False,False
2026-02-02 00:00:00+00:00,APA,MID,Cloud9,2026-02-08T23:03:59+00:00,18.092,4,2.8,8,320.4,5,42.52,2,2026-01-31T22:10:44+00:00,False,False
2026-02-02 00:00:00+00:00,Berserker,BOT,LYON,2026-02-08T00:07:59+00:00,17.134,4,1.8,4.2,377.2,5,41.23,3,2026-01-31T22:10:44+00:00,False,False
2026-02-02 00:00:00+00:00,Blaber,JGL,Cloud9,2026-02-08T23:03:59+00:00,14.038,3.2,2.4,5.8,271.6,5,22.7,2,2026-01-31T22:10:44+00:00,False,False
2026-02-02 00:00:00+00:00,Bvoy,BOT,Shopify Rebellion,2026-02-02T00:35:19+00:00,12.244,3.6,2.6,3.6,306,5,25.35,3,2026-02-01T23:44:52+00:00,False,False
2026-02-02 00:00:00+00:00,Callme,MID,Disguised,2026-02-08T00:07:59+00:00,16.55,4.4,3.8,6.4,299.8,5,39.29,3,2026-02-01T22:55:17+00:00,False,False
2026-02-02 00:00:00+00:00,Castle,TOP,Disguised,2026-02-08T00:07:59+00:00,15.43,2.4,2.8,6.4,275.2,5,47.14,3,2026-02-01T22:55:17+00:00,False,False
2026-02-02 00:00:00+00:00,Ceos,SUP,Shopify Rebellion,2026-02-02T00:35:19+00:00,8.616,0.2,4.4,7,32.6,5,23.11,3,2026-02-01T23:44:52+00:00,False,False
2026-02-02 00:00:00+00:00,Contractz,JGL,Shopify Rebellion,2026-02-02T00:35:19+00:00,6.85,1.8,3.8,4.6,227,5,6.7,3,2026-02-01T23:44:52+00:00,False,False
2026-02-02 00:00:00+00:00,CoreJJ,SUP,Team Liquid,2026-02-02T00:35:19+00:00,15.974,1.2,2.6,8.8,34.8,5,87.67,4,2026-02-01T23:44:52+00:00,False,False
2026-02-02 00:00:00+00:00,Cryogen,SUP,FlyQuest,2026-02-08T23:03:59+00:00,27.754,1.4,1.8,15.8,37.6,5,30.32,2,2026-02-01T22:55:17+00:00,False,False
2026-02-02 00:00:00+00:00,DARKWINGS,MID,Sentinels,2026-02-07T21:11:32+00:00,16.058,3.4,3.2,7.8,314,5,51.88,3,2026-02-01T00:06:03+00:00,False,False
2026-02-02 00:00:00+00:00,Dhokla,TOP,LYON,2026-02-08T00:07:59+00:00,10.746,1.6,2.4,4.2,294.6,5,21.45,3,2026-01-31T22:10:44+00:00,False,False
2026-02-02 00:00:00+00:00,FBI,BOT,Dignitas,2026-02-08T21:11:28+00:00,10.968,3.8,3.6,3.4,292,5,76.38,2,2026-02-01T00:06:03+00:00,False,False
2026-02-02 00:00:00+00:00,Fudge,TOP,Shopify Rebellion,2026-02-02T00:35:19+00:00,10.622,2.2,3.4,3.6,289.8,5,17.86,3,2026-02-01T23:44:52+00:00,False,False
2026-02-02 00:00:00+00:00,Gakgos,TOP,FlyQuest,2026-02-08T23:03:59+00:00,22.226,4,1,8.8,292.4,5,11.94,2,2026-02-01T22:55:17+00:00,False,False
2026-02-02 00:00:00+00:00,Gryffinn,JGL,FlyQuest,2026-02-08T23:03:59+00:00,21.432,6,3.6,9.6,267,5,22.75,2,2026-02-01T22:55:17+00:00,False,False
2026-02-02 00:00:00+00:00,HamBak,JGL,Sentinels,2026-02-07T21:11:32+00:00,15.21,3.4,3.4,7.6,234.8,5,39.39,3,2026-02-01T00:06:03+00:00,False,False
2026-02-02 00:00:00+00:00,Ignar,SUP,Dignitas,2026-02-08T21:11:28+00:00,15.44,0.6,2.4,9.4,33.8,5,51.95,2,2026-02-01T00:06:03+00:00,False,False
2026-02-02 00:00:00+00:00,Impact,TOP,Sentinels,2026-02-07T21:11:32+00:00,17.752,3.4,2.4,7.4,271.4,5,53.02,3,2026-02-01T00:06:03+00:00,False,False
2026-02-02 00:00:00+00:00,Inspired,JGL,LYON,2026-02-08T00:07:59+00:00,17.724,3,1.4,8.6,268.8,5,27.26,3,2026-01-31T22:10:44+00:00,False,False
2026-02-02 00:00:00+00:00,Isles,SUP,LYON,2026-02-08T00:07:59+00:00,16.838,0.8,2.2,8.8,36.2,5,40.46,3,2026-01-31T22:10:44+00:00,False,False
2026-02-02 00:00:00+00:00,Josedeodo,JGL,Team Liquid,2026-02-02T00:35:19+00:00,9.178,2,2.6,4.4,216.2,5,66.29,4,2026-02-01T23:44:52+00:00,False,False
2026-02-02 00:00:00+00:00,KryRa,JGL,Disguised,2026-02-08T00:07:59+00:00,13.303,2.72,3.26,7.57,222.62,0,46.05,3,,False,False
2026-02-02 00:00:00+00:00,Lyonz,SUP,Disguised,2026-02-08T00:07:59+00:00,19.678,0.4,2,11.2,36.6,5,57.79,3,2026-02-01T22:55:17+00:00,False,False
2026-02-02 00:00:00+00:00,Massu,BOT,FlyQuest,2026-02-08T23:03:59+00:00,23.536,5,2,8,344.8,5,28.14,2,2026-02-01T22:55:17+00:00,False,False
2026-02-02 00:00:00+00:00,Morgan,TOP,Team Liquid,2026-02-02T00:35:19+00:00,7.13,1.33333333333,3,1.66666666667,277.666666667,3,60.73,4,2026-02-01T23:44:52+00:00,False,False
2026-02-02 00:00:00+00:00,Palafox,MID,Dignitas,2026-02-08T21:11:28+00:00,6.848,1,3.2,2.4,268.6,5,41.4,2,2026-02-01T00:06:03+00:00,False,False
2026-02-02 00:00:00+00:00,Photon,TOP,Dignitas,2026-02-08T21:11:28+00:00,11.3375,1.75,2.5,2.5,253.75,4,34.09,2,2026-02-01T00:06:03+00:00,False,False
2026-02-02 00:00:00+00:00,Quad,MID,FlyQuest,2026-02-08T23:03:59+00:00,21.666,4.2,2.8,11,293,5,31.99,2,2026-02-01T22:55:17+00:00,False,False
2026-02-02 00:00:00+00:00,Quid,MID,Team Liquid,2026-02-02T00:35:19+00:00,14.674,3.6,2.6,4.8,298.6,5,97.73,4,2026-02-01T23:44:52+00:00,False,False
2026-02-02 00:00:00+00:00,Rahel,BOT,Sentinels,2026-02-07T21:11:32+00:00,21.656,5.4,3,6.6,348.2,5,83.08,3,2026-02-01T00:06:03+00:00,False,False
2026-02-02 00:00:00+00:00,Saint,MID,LYON,2026-02-08T00:07:59+00:00,12.9825,4,3.5,4.75,311.5,4,37.36,3,2026-01-31T22:10:44+00:00,False,False
2026-02-02 00:00:00+00:00,Thanatos,TOP,Cloud9,2026-02-08T23:03:59+00:00,10.276,1.8,2.4,2.6,288,5,21.95,2,2026-01-31T22:10:44+00:00,False,False
2026-02-02 00:00:00+00:00,Vulcan,SUP,Cloud9,2026-02-08T23:03:59+00:00,18.26,0.2,1.6,9.2,35.8,5,15.42,2,2026-01-31T22:10:44+00:00,False,False
2026-02-02 00:00:00+00:00,Yeon,BOT,Team Liquid,2026-02-02T00:35:19+00:00,18.964,4.2,1.4,6,287.4,5,48.14,4,2026-02-01T23:44:52+00:00,False,False
2026-02-02 00:00:00+00:00,Zinie,MID,Shopify Rebellion,2026-02-02T00:35:19+00:00,9.20666666667,3.33333333333,5.33333333333,3,324,3,9.06,3,2026-02-01T23:44:52+00:00,False,False
2026-02-02 00:00:00+00:00,Zven,BOT,Cloud9,2026-02-08T23:03:59+00:00,19.718,3.6,1.6,5,351.6,5,22.59,2,2026-01-31T22:10:44+00:00,False,False
2026-02-02 00:00:00+00:00,eXyu,JGL,Dignitas,2026-02-08T21:11:28+00:00,3.558,1.2,4.2,2.6,186.6,5,49.15,2,2026-02-01T00:06:03+00:00,False,False
2026-02-02 00:00:00+00:00,huhi,SUP,Sentinels,2026-02-07T21:11:32+00:00,19.668,0.4,3.2,12.2,39.2,5,63.38,3,2026-02-01T00:06:03+00:00,False,False
2026-02-02 00:00:00+00:00,sajed,BOT,Disguised,2026-02-08T00:07:59+00:00,15.206,4.2,2,5,317.6,5,53.32,3,2026-02-01T22:55:17+00:00,False,False
2026-02-09 00:00:00+00:00,APA,MID,Cloud9,2026-02-09T00:51:15+00:00,19.112,4.4,2.2,5.2,342.6,5,90.28,4,2026-02-08T23:52:40+00:00,False,False
2026-02-09 00:00:00+00:00,Blaber,JGL,Cloud9,2026-02-09T00:51:15+00:00,14.696,3.4,1.4,5.2,283.6,5,99.71,4,2026-02-08T23:52:40+00:00,False,False
2026-02-09 00:00:00+00:00,Callme,MID,Disguised,2026-02-14T21:11:50+00:00,12.788,2.8,3.2,6,316.4,5,54.52,5,2026-02-08T01:49:13+00:00,False,False
2026-02-09 00:00:00+00:00,Castle,TOP,Disguised,2026-02-14T21:11:50+00:00,13.502,2.6,2.4,4.6,283.2,5,81.27,5,2026-02-08T01:49:13+00:00,False,False
2026-02-09 00:00:00+00:00,CoreJJ,SUP,Team Liquid,2026-02-09T01:41:45+00:00,21.59,0.8,2.8,11.8,30,5,17.52,1,2026-02-07T23:13:38+00:00,False,False
2026-02-09 00:00:00+00:00,Cryogen,SUP,FlyQuest,2026-02-09T00:51:15+00:00,22.528,1.2,2.2,11.4,38.8,5,21.96,4,2026-02-08T23:52:40+00:00,False,False
2026-02-09 00:00:00+00:00,DARKWINGS,MID,Sentinels,2026-02-14T21:11:50+00:00,19.45,4.4,2,8,301.4,5,98.48,5,2026-02-07T23:13:38+00:00,False,False
2026-02-09 00:00:00+00:00,FBI,BOT,Dignitas,2026-02-09T01:41:45+00:00,18.538,4.6,3,6.6,302.2,5,30.96,1,2026-02-08T22:13:29+00:00,False,False
2026-02-09 00:00:00+00:00,Gakgos,TOP,FlyQuest,2026-02-09T00:51:15+00:00,13.992,2.2,1.8,5.4,289.2,5,35.33,4,2026-02-08T23:52:40+00:00,False,False
2026-02-09 00:00:00+00:00,Gryffinn,JGL,FlyQuest,2026-02-09T00:51:15+00:00,15.008,4.4,2.8,5.6,256,5,4.25,4,2026-02-08T23:52:40+00:00,False,False
2026-02-09 00:00:00+00:00,HamBak,JGL,Sentinels,2026-02-14T21:11:50+00:00,17.67,3,2.6,9.4,232,5,89.16,5,2026-02-07T23:13:38+00:00,False,False
2026-02-09 00:00:00+00:00,Ignar,SUP,Dignitas,2026-02-09T01:41:45+00:00,14.614,0.6,3,9.2,30.6,5,21.26,1,2026-02-08T22:13:29+00:00,False,False
2026-02-09 00:00:00+00:00,Impact,TOP,Sentinels,2026-02-14T21:11:50+00:00,17.668,2.6,1.4,8,255.8,5,79.38,5,2026-02-07T23:13:38+00:00,False,False
2026-02-09 00:00:00+00:00,Josedeodo,JGL,Team Liquid,2026-02-09T01:41:45+00:00,16.788,2.8,2,8.8,226,5,26.93,1,2026-02-07T23:13:38+00:00,False,False
2026-02-09 00:00:00+00:00,KryRa,JGL,Disguised,2026-02-14T21:11:50+00:00,15.35,2.33333333333,1.33333333333,7,241.666666667,3,61.03,5,2026-02-08T01:49:13+00:00,False,False
2026-02-09 00:00:00+00:00,Lyonz,SUP,Disguised,2026-02-14T21:11:50+00:00,17.904,0.6,1.6,9.2,34.4,5,56.12,5,2026-02-08T01:49:13+00:00,False,False
2026-02-09 00:00:00+00:00,Massu,BOT,FlyQuest,2026-02-09T00:51:15+00:00,17.392,3,1.8,6.6,303.2,5,15.95,4,2026-02-08T23:52:40+00:00,False,False
2026-02-09 00:00:00+00:00,Morgan,TOP,Team Liquid,2026-02-09T01:41:45+00:00,14.76,2.8,2.8,4,296.6,5,24.85,1,2026-02-07T23:13:38+00:00,False,False
2026-02-09 00:00:00+00:00,Palafox,MID,Dignitas,2026-02-09T01:41:45+00:00,13.364,3.8,3,4.8,290.4,5,17.41,1,2026-02-08T22:13:29+00:00,False,False
2026-02-09 00:00:00+00:00,Photon,TOP,Dignitas,2026-02-09T01:41:45+00:00,14.3,2.8,2,3.8,260,5,10.53,1,2026-02-08T22:13:29+00:00,False,False
2026-02-09 00:00:00+00:00,Quad,MID,FlyQuest,2026-02-09T00:51:15+00:00,18.704,3,1.6,7,309.6,5,20.26,4,2026-02-08T23:52:40+00:00,False,False
2026-02-09 00:00:00+00:00,Quid,MID,Team Liquid,2026-02-09T01:41:45+00:00,21.742,4.6,1.8,6.8,298,5,29.83,1,2026-02-07T23:13:38+00:00,False,False
2026-02-09 00:00:00+00:00,Rahel,BOT,Sentinels,2026-02-14T21:11:50+00:00,27.334,7,1.8,8,325,5,84.18,5,2026-02-07T23:13:38+00:00,False,False
2026-02-09 00:00:00+00:00,Thanatos,TOP,Cloud9,2026-02-09T00:51:15+00:00,11.362,1,1.2,3,305,5,75.25,4,2026-02-08T23:52:40+00:00,False,False
2026-02-09 00:00:00+00:00,Vulcan,SUP,Cloud9,2026-02-09T00:51:15+00:00,15.262,0,1.8,8.8,30.8,5,106.03,4,2026-02-08T23:52:40+00:00,False,False
2026-02-09 00:00:00+00:00,Yeon,BOT,Team Liquid,2026-02-09T01:41:45+00:00,13.562,3.2,2.6,5,301.8,5,23.18,1,2026-02-07T23:13:38+00:00,False,False
2026-02-09 00:00:00+00:00,Zven,BOT,Cloud9,2026-02-09T00:51:15+00:00,18.66,3.8,2.2,4,366.4,5,98.77,4,2026-02-08T23:52:40+00:00,False,False
2026-02-09 00:00:00+00:00,eXyu,JGL,Dignitas,2026-02-09T01:41:45+00:00,11.784,1.8,3.2,8.2,208.8,5,10.57,1,2026-02-08T22:13:29+00:00,False,False
2026-02-09 00:00:00+00:00,huhi,SUP,Sentinels,2026-02-14T21:11:50+00:00,22.254,1,2.6,13.2,42.8,5,119.13,5,2026-02-07T23:13:38+00:00,False,False
2026-02-09 00:00:00+00:00,sajed,BOT,Disguised,2026-02-14T21:11:50+00:00,14.588,4.6,2.2,2.8,316.4,5,72.42,5,2026-02-08T01:49:13+00:00,False,False
2026-02-16 00:00:00+00:00,APA,MID,Cloud9,2026-02-22T21:09:24+00:00,18.44,2.8,1.8,8.8,274.6,5,76.64,3,2026-02-15T22:58:30+00:00,False,False
2026-02-16 00:00:00+00:00,Berserker,BOT,LYON,2026-02-21T21:08:42+00:00,14.544,3.6,1.8,2.6,376.4,5,78.68,3,2026-02-08T01:49:13+00:00,False,False
2026-02-16 00:00:00+00:00,Blaber,JGL,Cloud9,2026-02-22T21:09:24+00:00,21.23,4.8,1.4,8,233.8,5,51.87,3,2026-02-15T22:58:30+00:00,False,False
2026-02-16 00:00:00+00:00,Callme,MID,Disguised,2026-02-20T21:09:00+00:00,10.904,2.4,3.4,5.2,325.6,5,39.94,3,2026-02-15T00:41:15+00:00,False,False
2026-02-16 00:00:00+00:00,Castle,TOP,Disguised,2026-02-20T21:09:00+00:00,16.254,3.8,4.2,4.6,281.8,5,6.52,3,2026-02-15T00:41:15+00:00,False,False
2026-02-16 00:00:00+00:00,CoreJJ,SUP,Team Liquid,2026-02-20T21:09:00+00:00,21.038,2,3.6,11.4,36.4,5,68.21,3,2026-02-09T01:41:45+00:00,False,False
2026-02-16 00:00:00+00:00,Cryogen,SUP,FlyQuest,2026-02-21T21:08:42+00:00,8.688,1.2,4.6,4.8,29,5,22.11,3,2026-02-15T22:58:30+00:00,False,False
2026-02-16 00:00:00+00:00,DARKWINGS,MID,Sentinels,2026-02-22T21:09:24+00:00,19.696,4,2,5.8,305.8,5,35.74,3,2026-02-15T00:41:15+00:00,False,False
2026-02-16 00:00:00+00:00,Dhokla,TOP,LYON,2026-02-21T21:08:42+00:00,8.782,1.4,2.6,2.8,283.6,5,65,3,2026-02-08T01:49:13+00:00,False,False
2026-02-16 00:00:00+00:00,Gakgos,TOP,FlyQuest,2026-02-21T21:08:42+00:00,9.476,0.6,2,3,247.4,5,32.64,3,2026-02-15T22:58:30+00:00,False,False
2026-02-16 00:00:00+00:00,Gryffinn,JGL,FlyQuest,2026-02-21T21:08:42+00:00,5.088,1.8,4.8,3.6,206,5,8.78,3,2026-02-15T22:58:30+00:00,False,False
2026-02-16 00:00:00+00:00,HamBak,JGL,Sentinels,2026-02-22T21:09:24+00:00,17.832,4.2,3,8.4,242.2,5,16.6,3,2026-02-15T00:41:15+00:00,False,False
2026-02-16 00:00:00+00:00,Impact,TOP,Sentinels,2026-02-22T21:09:24+00:00,15.876,2.6,1.4,6.4,258.6,5,16.59,3,2026-02-15T00:41:15+00:00,False,False
2026-02-16 00:00:00+00:00,Inspired,JGL,LYON,2026-02-21T21:08:42+00:00,9.498,0.8,2,6.4,249.6,5,71.76,3,2026-02-08T01:49:13+00:00,False,False
2026-02-16 00:00:00+00:00,Isles,SUP,LYON,2026-02-21T21:08:42+00:00,13.644,0.2,2,7.2,34,5,72.28,3,2026-02-08T01:49:13+00:00,False,False
2026-02-16 00:00:00+00:00,Josedeodo,JGL,Team Liquid,2026-02-20T21:09:00+00:00,18.644,2.4,2.2,11.4,242.6,5,58.89,3,2026-02-09T01:41:45+00:00,False,False
2026-02-16 00:00:00+00:00,KryRa,JGL,Disguised,2026-02-20T21:09:00+00:00,12.206,1.2,2.4,7.8,219,5,22.15,3,2026-02-15T00:41:15+00:00,False,False
2026-02-16 00:00:00+00:00,Lyonz,SUP,Disguised,2026-02-20T21:09:00+00:00,11.224,0.2,3.2,7.2,29.6,5,36.81,3,2026-02-15T00:41:15+00:00,False,False
2026-02-16 00:00:00+00:00,Massu,BOT,FlyQuest,2026-02-21T21:08:42+00:00,8.124,2,3.4,3.2,267.2,5,11.55,3,2026-02-15T22:58:30+00:00,False,False
2026-02-16 00:00:00+00:00,Morgan,TOP,Team Liquid,2026-02-20T21:09:00+00:00,17.116,2.6,3.2,7,298.2,5,50.95,3,2026-02-09T01:41:45+00:00,False,False
2026-02-16 00:00:00+00:00,Quad,MID,FlyQuest,2026-02-21T21:08:42+00:00,8.39,1.6,2.4,3.4,258.2,5,15.08,3,2026-02-15T22:58:30+00:00,False,False
2026-02-16 00:00:00+00:00,Quid,MID,Team Liquid,2026-02-20T21:09:00+00:00,25.512,6,2.4,8,326.8,5,52.15,3,2026-02-09T01:41:45+00:00,False,False
2026-02-16 00:00:00+00:00,Rahel,BOT,Sentinels,2026-02-22T21:09:24+00:00,16.836,3.4,2.4,7.6,334.2,5,17.98,3,2026-02-15T00:41:15+00:00,False,False
2026-02-16 00:00:00+00:00,Saint,MID,LYON,2026-02-21T21:08:42+00:00,13.762,3,3.4,4.4,309.4,5,103.18,3,2026-02-08T01:49:13+00:00,False,False
2026-02-16 00:00:00+00:00,Thanatos,TOP,Cloud9,2026-02-22T21:09:24+00:00,16.05,3,1.2,5.4,251.8,5,49.11,3,2026-02-15T22:58:30+00:00,False,False
2026-02-16 00:00:00+00:00,Vulcan,SUP,Cloud9,2026-02-22T21:09:24+00:00,22.294,1,1,12,30,5,81.63,3,2026-02-15T22:58:30+00:00,False,False
2026-02-16 00:00:00+00:00,Yeon,BOT,Team Liquid,2026-02-20T21:09:00+00:00,14.264,4,3.2,5.4,330.6,5,66.15,3,2026-02-09T01:41:45+00:00,False,False
2026-02-16 00:00:00+00:00,Zven,BOT,Cloud9,2026-02-22T21:09:24+00:00,21.22,5.6,1.8,6,294.2,5,85.07,3,2026-02-15T22:58:30+00:00,False,False
2026-02-16 00:00:00+00:00,huhi,SUP,Sentinels,2026-02-22T21:09:24+00:00,23.826,1.2,2.4,12.2,45.6,5,24.79,3,2026-02-15T00:41:15+00:00,False,False
2026-02-16 00:00:00+00:00,sajed,BOT,Disguised,2026-02-20T21:09:00+00:00,14.484,3.6,2.2,4,328.4,5,21.43,3,2026-02-15T00:41:15+00:00,False,False
2026-02-23 00:00:00+00:00,APA,MID,Cloud9,2026-03-01T21:16:53+00:00,23.452,4.4,1.6,7.8,262.8,5,42.09,3,2026-02-22T23:02:24+00:00,False,False
2026-02-23 00:00:00+00:00,Berserker,BOT,LYON,2026-02-27T21:09:38+00:00,22.598,4.4,0.8,6.4,342,5,211.48,11,2026-02-21T22:57:01+00:00,False,False
2026-02-23 00:00:00+00:00,Blaber,JGL,Cloud9,2026-03-01T21:16:53+00:00,17.264,2.8,1.8,8.6,216,5,30.2,3,2026-02-22T23:02:24+00:00,False,False
2026-02-23 00:00:00+00:00,CoreJJ,SUP,Team Liquid,2026-02-27T21:09:38+00:00,19.65,1.8,3.2,10.6,33,5,33.8,4,2026-02-20T22:45:31+00:00,False,False
2026-02-23 00:00:00+00:00,DARKWINGS,MID,Sentinels,2026-02-28T21:09:01+00:00,16.85,3,2,3.8,273.2,5,61.84,4,2026-02-22T23:02:24+00:00,False,False
2026-02-23 00:00:00+00:00,Dhokla,TOP,LYON,2026-02-27T21:09:38+00:00,16.172,1.6,2.6,8.4,257.6,5,179.47,11,2026-02-21T22:57:01+00:00,False,False
2026-02-23 00:00:00+00:00,HamBak,JGL,Sentinels,2026-02-28T21:09:01+00:00,12.676,3.4,3.4,5,208.8,5,48.74,4,2026-02-22T23:02:24+00:00,False,False
2026-02-23 00:00:00+00:00,Impact,TOP,Sentinels,2026-02-28T21:09:01+00:00,8.076,1,2.6,3.4,237.8,5,35.72,4,2026-02-22T23:02:24+00:00,False,False
2026-02-23 00:00:00+00:00,Inspired,JGL,LYON,2026-02-27T21:09:38+00:00,18.282,4.4,1.4,7.2,242,5,163.64,11,2026-02-21T22:57:01+00:00,False,False
2026-02-23 00:00:00+00:00,Isles,SUP,LYON,2026-02-27T21:09:38+00:00,20.47,0.2,1.8,12.2,31.6,5,181.44,11,2026-02-21T22:57:01+00:00,False,False
2026-02-23 00:00:00+00:00,Josedeodo,JGL,Team Liquid,2026-02-27T21:09:38+00:00,19.098,3.8,2.4,10.4,225.4,5,34.17,4,2026-02-20T22:45:31+00:00,False,False
2026-02-23 00:00:00+00:00,Morgan,TOP,Team Liquid,2026-02-27T21:09:38+00:00,18.202,2.4,1.6,7.2,279.4,5,39.18,4,2026-02-20T22:45:31+00:00,False,False
2026-02-23 00:00:00+00:00,Quid,MID,Team Liquid,2026-02-27T21:09:38+00:00,20.248,4.6,2.2,8,305.2,5,29.8,4,2026-02-20T22:45:31+00:00,False,False
2026-02-23 00:00:00+00:00,Rahel,BOT,Sentinels,2026-02-28T21:09:01+00:00,10.604,2.4,2.4,4.2,294.2,5,47.8,4,2026-02-22T23:02:24+00:00,False,False
2026-02-23 00:00:00+00:00,Saint,MID,LYON,2026-02-27T21:09:38+00:00,26.41,6.6,1.4,6.2,300,5,167.43,11,2026-02-21T22:57:01+00:00,False,False
2026-02-23 00:00:00+00:00,Thanatos,TOP,Cloud9,2026-03-01T21:16:53+00:00,17.34,3,1.2,5.6,252.4,5,26.82,3,2026-02-22T23:02:24+00:00,False,False
2026-02-23 00:00:00+00:00,Vulcan,SUP,Cloud9,2026-03-01T21:16:53+00:00,26.46,1.2,0.6,13,31.2,5,31.64,3,2026-02-22T23:02:24+00:00,False,False
2026-02-23 00:00:00+00:00,Yeon,BOT,Team Liquid,2026-02-27T21:09:38+00:00,18.364,4.6,2.4,6.8,316.4,5,40.97,4,2026-02-20T22:45:31+00:00,False,False
2026-02-23 00:00:00+00:00,Zven,BOT,Cloud9,2026-03-01T21:16:53+00:00,26.304,5.8,1.4,7.4,280.8,5,31.61,3,2026-02-22T23:02:24+00:00,False,False
2026-02-23 00:00:00+00:00,huhi,SUP,Sentinels,2026-02-28T21:09:01+00:00,16.462,0.6,1.8,7.8,38.8,5,51.26,4,2026-02-22T23:02:24+00:00,False,False
2026-03-02 00:00:00+00:00,APA,MID,Cloud9,2026-03-02T00:22:41+00:00,19.838,4.4,2.6,5.6,295.2,5,4.59,1,2026-03-01T23:12:40+00:00,False,False
2026-03-02 00:00:00+00:00,Berserker,BOT,LYON,2026-03-02T00:22:41+00:00,19.15,5,2,4.8,405.8,5,31.68,1,2026-03-01T23:12:40+00:00,False,False
2026-03-02 00:00:00+00:00,Blaber,JGL,Cloud9,2026-03-02T00:22:41+00:00,14.696,2.2,2.8,8,249.2,5,1.37,1,2026-03-01T23:12:40+00:00,False,False
2026-03-02 00:00:00+00:00,Dhokla,TOP,LYON,2026-03-02T00:22:41+00:00,15.178,3,3,5.4,288.8,5,11.64,1,2026-03-01T23:12:40+00:00,False,False
2026-03-02 00:00:00+00:00,Inspired,JGL,LYON,2026-03-02T00:22:41+00:00,15.198,2.4,1.8,8,288.2,5,17.2,1,2026-03-01T23:12:40+00:00,False,False
2026-03-02 00:00:00+00:00,Isles,SUP,LYON,2026-03-02T00:22:41+00:00,19.3,0.8,1.8,9.6,35.4,5,22.61,1,2026-03-01T23:12:40+00:00,False,False
2026-03-02 00:00:00+00:00,Saint,MID,LYON,2026-03-02T00:22:41+00:00,13.906,3.4,2.4,5,341.6,5,14.35,1,2026-03-01T23:12:40+00:00,False,False
2026-03-02 00:00:00+00:00,Thanatos,TOP,Cloud9,2026-03-02T00:22:41+00:00,12.348,2.4,2.8,4,289.8,5,9.13,1,2026-03-01T23:12:40+00:00,False,False
2026-03-02 00:00:00+00:00,Vulcan,SUP,Cloud9,2026-03-02T00:22:41+00:00,16.392,1,2,9,37,5,9.02,1,2026-03-01T23:12:40+00:00,False,False
2026-03-02 00:00:00+00:00,Zven,BOT,Cloud9,2026-03-02T00:22:41+00:00,15.84,2.6,1.8,6,345.2,5,11.01,1,2026-03-01T23:12:40+00:00,False,False
2026-03-30 00:00:00+00:00,APA,MID,Cloud9,2026-04-04T20:17:46+00:00,15.322,3.4,2.6,4.6,303.6,5,43.53,3,2026-03-02T00:22:41+00:00,False,False
2026-03-30 00:00:00+00:00,Berserker,BOT,LYON,2026-04-04T20:17:46+00:00,23.55,6.2,1.8,5,388.2,5,33.31,3,2026-03-02T00:22:41+00:00,False,False
2026-03-30 00:00:00+00:00,Blaber,JGL,Cloud9,2026-04-04T20:17:46+00:00,11.57,1.6,3,6.6,245.4,5,31.52,3,2026-03-02T00:22:41+00:00,False,False
2026-03-30 00:00:00+00:00,Bvoy,BOT,Shopify Rebellion,2026-04-05T22:44:14+00:00,8.064,2.8,4.2,2.4,288.6,5,64.42,2,2026-02-08T22:13:29+00:00,False,False
2026-03-30 00:00:00+00:00,Callme,MID,Disguised,2026-04-04T22:56:08+00:00,10.512,2.4,3.6,3,290.6,5,43.54,3,2026-02-20T22:45:31+00:00,False,False
2026-03-30 00:00:00+00:00,Castle,TOP,Disguised,2026-04-04T22:56:08+00:00,5.258,0.6,3.4,1.6,251.6,5,53.98,3,2026-02-20T22:45:31+00:00,False,False
2026-03-30 00:00:00+00:00,Ceos,SUP,Shopify Rebellion,2026-04-05T22:44:14+00:00,6.2,0.2,4.2,5.2,32,5,63.32,2,2026-02-08T22:13:29+00:00,False,False
2026-03-30 00:00:00+00:00,Contractz,JGL,Shopify Rebellion,2026-04-05T22:44:14+00:00,2.99,1.2,3.6,2.6,219,5,51.89,2,2026-02-08T22:13:29+00:00,False,False
2026-03-30 00:00:00+00:00,CoreJJ,SUP,Team Liquid,2026-04-05T20:11:05+00:00,10.614,0.4,2.2,5.2,32.8,5,60.15,3,2026-02-27T23:47:08+00:00,False,False
2026-03-30 00:00:00+00:00,Cryogen,SUP,FlyQuest,2026-04-05T20:11:05+00:00,6.6,0.2,3.8,4.4,36.2,5,42.14,3,2026-02-21T22:57:01+00:00,False,False
2026-03-30 00:00:00+00:00,DARKWINGS,MID,Sentinels,2026-04-04T22:56:08+00:00,12.574,1.6,2.8,5,298.2,5,52.18,3,2026-03-01T00:00:08+00:00,False,False
2026-03-30 00:00:00+00:00,Dhokla,TOP,LYON,2026-04-04T20:17:46+00:00,13.742,2.6,2.6,5.8,284.2,5,29.27,3,2026-03-02T00:22:41+00:00,False,False
2026-03-30 00:00:00+00:00,FBI,BOT,Dignitas,2026-04-05T22:44:14+00:00,21.92,6.4,3.8,5.8,314.8,5,8.74,2,2026-02-09T01:41:45+00:00,False,False
2026-03-30 00:00:00+00:00,Fudge,TOP,Shopify Rebellion,2026-04-05T22:44:14+00:00,7.322,1.8,3.4,1.6,283.2,5,33.98,2,2026-02-08T22:13:29+00:00,False,False
2026-03-30 00:00:00+00:00,Gakgos,TOP,FlyQuest,2026-04-05T20:11:05+00:00,9.618,1.8,3.6,1.8,264.2,5,22.79,3,2026-02-21T22:57:01+00:00,False,False
2026-03-30 00:00:00+00:00,Gryffinn,JGL,FlyQuest,2026-04-05T20:11:05+00:00,2.242,1.2,5.4,2.8,212.8,5,34.01,3,2026-02-21T22:57:01+00:00,False,False
2026-03-30 00:00:00+00:00,HamBak,JGL,Sentinels,2026-04-04T22:56:08+00:00,9.514,2,2.6,4,231.4,5,47.56,3,2026-03-01T00:00:08+00:00,False,False
2026-03-30 00:00:00+00:00,Ignar,SUP,Dignitas,2026-04-05T22:44:14+00:00,15.398,0.4,4.2,11,31,5,13.28,2,2026-02-09T01:41:45+00:00,False,False
2026-03-30 00:00:00+00:00,Impact,TOP,Sentinels,2026-04-04T22:56:08+00:00,7.75,1,4,3.2,260.6,5,24.15,3,2026-03-01T00:00:08+00:00,False,False
2026-03-30 00:00:00+00:00,Inspired,JGL,LYON,2026-04-04T20:17:46+00:00,17.264,2.6,1.6,9.4,279.6,5,29.58,3,2026-03-02T00:22:41+00:00,False,False
2026-03-30 00:00:00+00:00,Isles,SUP,LYON,2026-04-04T20:17:46+00:00,23.396,0.8,1,11.8,31.8,5,35.72,3,2026-03-02T00:22:41+00:00,False,False
2026-03-30 00:00:00+00:00,Josedeodo,JGL,Team Liquid,2026-04-05T20:11:05+00:00,10.532,2.8,2.4,3.6,250.2,5,67.79,3,2026-02-27T23:47:08+00:00,False,False
2026-03-30 00:00:00+00:00,KryRa,JGL,Disguised,2026-04-04T22:56:08+00:00,7.016,1.6,3.6,3.8,205.6,5,55.32,3,2026-02-20T22:45:31+00:00,False,False
2026-03-30 00:00:00+00:00,Lyonz,SUP,Disguised,2026-04-04T22:56:08+00:00,9.414,0.6,3,4.6,27,5,52.56,3,2026-02-20T22:45:31+00:00,False,False
2026-03-30 00:00:00+00:00,Massu,BOT,FlyQuest,2026-04-05T20:11:05+00:00,3.062,1.2,4.4,1.8,281,5,42.04,3,2026-02-21T22:57:01+00:00,False,False
2026-03-30 00:00:00+00:00,Morgan,TOP,Team Liquid,2026-04-05T20:11:05+00:00,10.014,1,2.6,3.2,279.8,5,37.68,3,2026-02-27T23:47:08+00:00,False,False
2026-03-30 00:00:00+00:00,Palafox,MID,Dignitas,2026-04-05T22:44:14+00:00,14.41,3.8,3.4,5.6,290,5,-0.66,2,2026-02-09T01:41:45+00:00,False,False
2026-03-30 00:00:00+00:00,Photon,TOP,Dignitas,2026-04-05T22:44:14+00:00,12.44,2,2.2,4.4,275.2,5,18.14,2,2026-02-09T01:41:45+00:00,False,False
2026-03-30 00:00:00+00:00,Quad,MID,FlyQuest,2026-04-05T20:11:05+00:00,6.478,2,3.6,2.6,264.4,5,28.05,3,2026-02-21T22:57:01+00:00,False,False
2026-03-30 00:00:00+00:00,Quid,MID,Team Liquid,2026-04-05T20:11:05+00:00,6.982,1.2,2.4,3.2,295.2,5,74.97,3,2026-02-27T23:47:08+00:00,False,False
2026-03-30 00:00:00+00:00,Rahel,BOT,Sentinels,2026-04-04T22:56:08+00:00,10.902,3.2,2.8,2.8,320.2,5,28.46,3,2026-03-01T00:00:08+00:00,False,False
2026-03-30 00:00:00+00:00,Saint,MID,LYON,2026-04-04T20:17:46+00:00,15.442,4,2.2,5.2,337,5,35.78,3,2026-03-02T00:22:41+00:00,False,False
2026-03-30 00:00:00+00:00,Thanatos,TOP,Cloud9,2026-04-04T20:17:46+00:00,11.736,2.4,3.2,3.6,286.6,5,51.89,3,2026-03-02T00:22:41+00:00,False,False
2026-03-30 00:00:00+00:00,Vulcan,SUP,Cloud9,2026-04-04T20:17:46+00:00,14.48,0.6,2.2,7.8,36,5,55.6,3,2026-03-02T00:22:41+00:00,False,False
2026-03-30 00:00:00+00:00,Yeon,BOT,Team Liquid,2026-04-05T20:11:05+00:00,11.792,3.2,1.6,2.6,307,5,57.52,3,2026-02-27T23:47:08+00:00,False,False
2026-03-30 00:00:00+00:00,Zinie,MID,Shopify Rebellion,2026-04-05T22:44:14+00:00,3.62,1.8,4,1.4,296.4,5,36.06,2,2026-02-08T22:13:29+00:00,False,False
2026-03-30 00:00:00+00:00,Zven,BOT,Cloud9,2026-04-04T20:17:46+00:00,12.746,2,2.2,4.6,346.6,5,41.55,3,2026-03-02T00:22:41+00:00,False,False
2026-03-30 00:00:00+00:00,eXyu,JGL,Dignitas,2026-04-05T22:44:14+00:00,12.724,2.2,3.4,8.6,218.4,5,-1.63,2,2026-02-09T01:41:45+00:00,False,False
2026-03-30 00:00:00+00:00,huhi,SUP,Sentinels,2026-04-04T22:56:08+00:00,11.242,0.2,2.4,5.6,38.8,5,45.03,3,2026-03-01T00:00:08+00:00,False,False
2026-03-30 00:00:00+00:00,sajed,BOT,Disguised,2026-04-04T22:56:08+00:00,5.696,1.6,3.4,2.2,281,5,32.27,3,2026-02-20T22:45:31+00:00,False,False
2026-04-06 00:00:00+00:00,APA,MID,Cloud9,2026-04-12T21:46:22+00:00,11.426,3.2,2.2,4.2,309,5,50.15,3,2026-04-04T22:00:50+00:00,False,False
2026-04-06 00:00:00+00:00,Berserker,BOT,LYON,2026-04-11T21:54:03+00:00,17.102,4.2,2.2,4.4,345.2,5,68.46,3,2026-04-04T22:00:50+00:00,False,False
2026-04-06 00:00:00+00:00,Blaber,JGL,Cloud9,2026-04-12T21:46:22+00:00,8.556,1,3,6.2,235.6,5,47.9,3,2026-04-04T22:00:50+00:00,False,False
2026-04-06 00:00:00+00:00,Bvoy,BOT,Shopify Rebellion,2026-04-11T20:08:26+00:00,17.954,5.6,3.6,3.6,273.8,5,15.86,2,2026-04-05T23:45:44+00:00,False,False
2026-04-06 00:00:00+00:00,Callme,MID,Disguised,2026-04-12T20:11:56+00:00,15.218,3,3,6.2,294.2,5,1.19,2,2026-04-05T00:42:52+00:00,False,False
2026-04-06 00:00:00+00:00,Castle,TOP,Disguised,2026-04-12T20:11:56+00:00,11.702,2.8,2.8,2.6,246.4,5,17.39,2,2026-04-05T00:42:52+00:00,False,False
2026-04-06 00:00:00+00:00,Ceos,SUP,Shopify Rebellion,2026-04-11T20:08:26+00:00,17.286,0.4,2.8,10.2,33.4,5,6.92,2,2026-04-05T23:45:44+00:00,False,False
2026-04-06 00:00:00+00:00,Contractz,JGL,Shopify Rebellion,2026-04-11T20:08:26+00:00,11.718,2.2,2.4,5.8,219,5,18.92,2,2026-04-05T23:45:44+00:00,False,False
2026-04-06 00:00:00+00:00,CoreJJ,SUP,Team Liquid,2026-04-11T20:08:26+00:00,15.158,0.4,2.6,10,28.2,5,56.23,2,2026-04-05T21:51:16+00:00,False,False
2026-04-06 00:00:00+00:00,Cryogen,SUP,FlyQuest,2026-04-12T20:11:56+00:00,11.996,0.2,4.6,8.6,32.2,5,58.41,2,2026-04-05T21:51:16+00:00,False,False
2026-04-06 00:00:00+00:00,DARKWINGS,MID,Sentinels,2026-04-12T21:46:22+00:00,19.086,2.2,2.6,8,331.2,5,25.43,3,2026-04-05T00:42:52+00:00,False,False
2026-04-06 00:00:00+00:00,Dhokla,TOP,LYON,2026-04-11T21:54:03+00:00,13.158,2.6,3.2,4.8,265.8,5,51.27,3,2026-04-04T22:00:50+00:00,False,False
2026-04-06 00:00:00+00:00,FBI,BOT,Dignitas,2026-04-11T21:54:03+00:00,23.216,7,3.8,6.2,315.8,5,36.86,3,2026-04-05T23:45:44+00:00,False,False
2026-04-06 00:00:00+00:00,Fudge,TOP,Shopify Rebellion,2026-04-11T20:08:26+00:00,10.368,2.8,3,2,257,5,12.12,2,2026-04-05T23:45:44+00:00,False,False
2026-04-06 00:00:00+00:00,Gakgos,TOP,FlyQuest,2026-04-12T20:11:56+00:00,9.962,2.6,3.6,2.6,271.4,5,46.92,2,2026-04-05T21:51:16+00:00,False,False
2026-04-06 00:00:00+00:00,Gryffinn,JGL,FlyQuest,2026-04-12T20:11:56+00:00,9.742,2.8,4.2,5,224.2,5,52.99,2,2026-04-05T21:51:16+00:00,False,False
2026-04-06 00:00:00+00:00,HamBak,JGL,Sentinels,2026-04-12T21:46:22+00:00,17.278,4.4,2,6.6,233.8,5,21.94,3,2026-04-05T00:42:52+00:00,False,False
2026-04-06 00:00:00+00:00,Ignar,SUP,Dignitas,2026-04-11T21:54:03+00:00,17.298,0.6,3.8,11.6,31,5,36.36,3,2026-04-05T23:45:44+00:00,False,False
2026-04-06 00:00:00+00:00,Impact,TOP,Sentinels,2026-04-12T21:46:22+00:00,9.658,2.2,4,4.4,251.4,5,36.6,3,2026-04-05T00:42:52+00:00,False,False
2026-04-06 00:00:00+00:00,Inspired,JGL,LYON,2026-04-11T21:54:03+00:00,13.276,2.6,1.8,6.2,255.6,5,33.84,3,2026-04-04T22:00:50+00:00,False,False
2026-04-06 00:00:00+00:00,Isles,SUP,LYON,2026-04-11T21:54:03+00:00,17.244,0.4,1.8,9.4,32.4,5,61.6,3,2026-04-04T22:00:50+00:00,False,False
2026-04-06 00:00:00+00:00,Josedeodo,JGL,Team Liquid,2026-04-11T20:08:26+00:00,16.556,4.4,1.8,6.6,224.8,5,38.09,2,2026-04-05T21:51:16+00:00,False,False
2026-04-06 00:00:00+00:00,KryRa,JGL,Disguised,2026-04-12T20:11:56+00:00,14.202,4,2.8,5.6,226.6,5,-2.19,2,2026-04-05T00:42:52+00:00,False,False
2026-04-06 00:00:00+00:00,Lyonz,SUP,Disguised,2026-04-12T20:11:56+00:00,15.758,0.6,2,9,27.8,5,12.43,2,2026-04-05T00:42:52+00:00,False,False
2026-04-06 00:00:00+00:00,Massu,BOT,FlyQuest,2026-04-12T20:11:56+00:00,10.122,3.8,4,2.8,297.4,5,56.98,2,2026-04-05T21:51:16+00:00,False,False
2026-04-06 00:00:00+00:00,Morgan,TOP,Team Liquid,2026-04-11T20:08:26+00:00,10.778,2.2,2.8,3,259,5,47.78,2,2026-04-05T21:51:16+00:00,False,False
2026-04-06 00:00:00+00:00,Palafox,MID,Dignitas,2026-04-11T21:54:03+00:00,11.63,3.4,3.8,5.8,273.2,5,19.42,3,2026-04-05T23:45:44+00:00,False,False
2026-04-06 00:00:00+00:00,Photon,TOP,Dignitas,2026-04-11T21:54:03+00:00,12.552,2,1.6,5,295.2,5,36.73,3,2026-04-05T23:45:44+00:00,False,False
2026-04-06 00:00:00+00:00,Quad,MID,FlyQuest,2026-04-12T20:11:56+00:00,8.638,2,3.8,5.2,260.4,5,54.67,2,2026-04-05T21:51:16+00:00,False,False
2026-04-06 00:00:00+00:00,Quid,MID,Team Liquid,2026-04-11T20:08:26+00:00,16.386,3.4,2.4,6.2,263.4,5,33.63,2,2026-04-05T21:51:16+00:00,False,False
2026-04-06 00:00:00+00:00,Rahel,BOT,Sentinels,2026-04-12T21:46:22+00:00,12.774,3.2,3.6,5,339.8,5,49.87,3,2026-04-05T00:42:52+00:00,False,False
2026-04-06 00:00:00+00:00,Saint,MID,LYON,2026-04-11T21:54:03+00:00,12.874,3.2,2.4,4.4,319.8,5,28.65,3,2026-04-04T22:00:50+00:00,False,False
2026-04-06 00:00:00+00:00,Thanatos,TOP,Cloud9,2026-04-12T21:46:22+00:00,13.422,2.8,3.4,3.6,286,5,43.53,3,2026-04-04T22:00:50+00:00,False,False
2026-04-06 00:00:00+00:00,Vulcan,SUP,Cloud9,2026-04-12T21:46:22+00:00,15.772,1,2.2,8,33.2,5,49.16,3,2026-04-04T22:00:50+00:00,False,False
2026-04-06 00:00:00+00:00,Yeon,BOT,Team Liquid,2026-04-11T20:08:26+00:00,13.55,3.4,3,6,260.2,5,45.27,2,2026-04-05T21:51:16+00:00,False,False
2026-04-06 00:00:00+00:00,Zinie,MID,Shopify Rebellion,2026-04-11T20:08:26+00:00,9.024,2.2,3.2,5,266.8,5,20.63,2,2026-04-05T23:45:44+00:00,False,False
2026-04-06 00:00:00+00:00,Zven,BOT,Cloud9,2026-04-12T21:46:22+00:00,13.216,3.2,2.2,3.8,340.8,5,48.22,3,2026-04-04T22:00:50+00:00,False,False
2026-04-06 00:00:00+00:00,eXyu,JGL,Dignitas,2026-04-11T21:54:03+00:00,11.618,2.2,4.6,8.8,217,5,19.14,3,2026-04-05T23:45:44+00:00,False,False
2026-04-06 00:00:00+00:00,huhi,SUP,Sentinels,2026-04-12T21:46:22+00:00,16.666,1,3,8.2,37.2,5,41.47,3,2026-04-05T00:42:52+00:00,False,False
2026-04-06 00:00:00+00:00,sajed,BOT,Disguised,2026-04-12T20:11:56+00:00,7.94,2.6,3,3.6,280.6,5,7.78,2,2026-04-05T00:42:52+00:00,False,False
2026-04-13 00:00:00+00:00,APA,MID,Cloud9,2026-04-18T20:07:45+00:00,16.75,3.2,1.4,7.4,307.4,5,31.76,2,2026-04-12T23:30:01+00:00,False,False
2026-04-13 00:00:00+00:00,Berserker,BOT,LYON,2026-04-19T20:07:34+00:00,16.794,3.2,2,5,332.6,5,46.79,2,2026-04-11T23:40:13+00:00,False,False
2026-04-13 00:00:00+00:00,Blaber,JGL,Cloud9,2026-04-18T20:07:45+00:00,15.782,1.8,1.6,9.2,228.8,5,52.81,2,2026-04-12T23:30:01+00:00,False,False
2026-04-13 00:00:00+00:00,Bvoy,BOT,Shopify Rebellion,2026-04-19T20:07:34+00:00,16.976,4.2,3.2,4.6,263.8,5,17.09,2,2026-04-11T20:55:34+00:00,False,False
2026-04-13 00:00:00+00:00,Callme,MID,Disguised,2026-04-18T20:07:45+00:00,8.946,2.2,3.6,4.8,307.6,5,9.15,2,2026-04-12T21:00:02+00:00,False,False
2026-04-13 00:00:00+00:00,Castle,TOP,Disguised,2026-04-18T20:07:45+00:00,14.274,4,3.8,2.4,261.6,5,9.27,2,2026-04-12T21:00:02+00:00,False,False
2026-04-13 00:00:00+00:00,Ceos,SUP,Shopify Rebellion,2026-04-19T20:07:34+00:00,14.64,0.6,3.4,9.2,32.2,5,35.39,2,2026-04-11T20:55:34+00:00,False,False
2026-04-13 00:00:00+00:00,Contractz,JGL,Shopify Rebellion,2026-04-19T20:07:34+00:00,15.102,3.2,2.2,6.8,206,5,28.03,2,2026-04-11T20:55:34+00:00,False,False
2026-04-13 00:00:00+00:00,CoreJJ,SUP,Team Liquid,2026-04-19T21:49:48+00:00,23.276,1.8,2.2,13.6,27.4,5,63.09,3,2026-04-11T20:55:34+00:00,False,False
2026-04-13 00:00:00+00:00,Cryogen,SUP,FlyQuest,2026-04-18T21:34:17+00:00,20.11,0.8,3.6,12.4,26.8,5,43.93,3,2026-04-12T21:00:02+00:00,False,False
2026-04-13 00:00:00+00:00,DARKWINGS,MID,Sentinels,2026-04-18T21:34:17+00:00,9.078,1.6,3.4,4,304.4,5,51.02,3,2026-04-12T23:30:01+00:00,False,False
2026-04-13 00:00:00+00:00,Dhokla,TOP,LYON,2026-04-19T20:07:34+00:00,12.24,3.4,3.4,2.4,267.8,5,33.64,2,2026-04-11T23:40:13+00:00,False,False
2026-04-13 00:00:00+00:00,FBI,BOT,Dignitas,2026-04-19T21:49:48+00:00,9.12,3,2.8,1.2,302,5,54.49,3,2026-04-11T23:40:13+00:00,False,False
2026-04-13 00:00:00+00:00,Fudge,TOP,Shopify Rebellion,2026-04-19T20:07:34+00:00,10.39,3,2.8,2,233.8,5,10.42,2,2026-04-11T20:55:34+00:00,False,False
2026-04-13 00:00:00+00:00,Gakgos,TOP,FlyQuest,2026-04-18T21:34:17+00:00,13.942,2.4,2,5.8,255.8,5,16.24,3,2026-04-12T21:00:02+00:00,False,False
2026-04-13 00:00:00+00:00,Gryffinn,JGL,FlyQuest,2026-04-18T21:34:17+00:00,17.4,3.8,2.6,7.6,229.2,5,22.82,3,2026-04-12T21:00:02+00:00,False,False
2026-04-13 00:00:00+00:00,HamBak,JGL,Sentinels,2026-04-18T21:34:17+00:00,9.2,2.6,3.6,4.8,204.4,5,53.32,3,2026-04-12T23:30:01+00:00,False,False
2026-04-13 00:00:00+00:00,Ignar,SUP,Dignitas,2026-04-19T21:49:48+00:00,9.928,0.4,2.6,4.8,37.6,5,51.33,3,2026-04-11T23:40:13+00:00,False,False
2026-04-13 00:00:00+00:00,Impact,TOP,Sentinels,2026-04-18T21:34:17+00:00,9.336,2.2,4,2.6,268,5,48.74,3,2026-04-12T23:30:01+00:00,False,False
2026-04-13 00:00:00+00:00,Inspired,JGL,LYON,2026-04-19T20:07:34+00:00,10.256,2.4,2,4.2,254.2,5,29.11,2,2026-04-11T23:40:13+00:00,False,False
2026-04-13 00:00:00+00:00,Isles,SUP,LYON,2026-04-19T20:07:34+00:00,15.686,0.2,1.6,8,33,5,48.84,2,2026-04-11T23:40:13+00:00,False,False
2026-04-13 00:00:00+00:00,Josedeodo,JGL,Team Liquid,2026-04-19T21:49:48+00:00,21.176,5.4,2,9.8,209.2,5,52.73,3,2026-04-11T20:55:34+00:00,False,False
2026-04-13 00:00:00+00:00,KryRa,JGL,Disguised,2026-04-18T20:07:45+00:00,10.626,3.2,3.2,4.8,209,5,9.29,2,2026-04-12T21:00:02+00:00,False,False
2026-04-13 00:00:00+00:00,Lyonz,SUP,Disguised,2026-04-18T20:07:45+00:00,12.998,0.2,2.4,8.2,26.2,5,8.13,2,2026-04-12T21:00:02+00:00,False,False
2026-04-13 00:00:00+00:00,Massu,BOT,FlyQuest,2026-04-18T21:34:17+00:00,19.804,6.8,3.2,4.4,272.4,5,27.57,3,2026-04-12T21:00:02+00:00,False,False
2026-04-13 00:00:00+00:00,Morgan,TOP,Team Liquid,2026-04-19T21:49:48+00:00,17.092,3.4,1.8,4.6,270,5,34.51,3,2026-04-11T20:55:34+00:00,False,False
2026-04-13 00:00:00+00:00,Palafox,MID,Dignitas,2026-04-19T21:49:48+00:00,3.752,0.8,3.8,2.6,254.8,5,37.12,3,2026-04-11T23:40:13+00:00,False,False
2026-04-13 00:00:00+00:00,Photon,TOP,Dignitas,2026-04-19T21:49:48+00:00,10.974,1.8,1.8,2.4,281,5,42.27,3,2026-04-11T23:40:13+00:00,False,False
2026-04-13 00:00:00+00:00,Quad,MID,FlyQuest,2026-04-18T21:34:17+00:00,16.544,3,2.2,8,242.4,5,44.19,3,2026-04-12T21:00:02+00:00,False,False
2026-04-13 00:00:00+00:00,Quid,MID,Team Liquid,2026-04-19T21:49:48+00:00,21.72,5.2,3,8,274.2,5,33.18,3,2026-04-11T20:55:34+00:00,False,False
2026-04-13 00:00:00+00:00,Rahel,BOT,Sentinels,2026-04-18T21:34:17+00:00,14.016,2.2,2.4,5,361.8,5,66.38,3,2026-04-12T23:30:01+00:00,False,False
2026-04-13 00:00:00+00:00,Saint,MID,LYON,2026-04-19T20:07:34+00:00,7.778,1.6,2.8,3.6,301.4,5,41.88,2,2026-04-11T23:40:13+00:00,False,False
2026-04-13 00:00:00+00:00,Thanatos,TOP,Cloud9,2026-04-18T20:07:45+00:00,16.016,4,2,3.4,299.6,5,36.89,2,2026-04-12T23:30:01+00:00,False,False
2026-04-13 00:00:00+00:00,Vulcan,SUP,Cloud9,2026-04-18T20:07:45+00:00,19.876,1.8,1.8,9.6,35.8,5,73.51,2,2026-04-12T23:30:01+00:00,False,False
2026-04-13 00:00:00+00:00,Yeon,BOT,Team Liquid,2026-04-19T21:49:48+00:00,20.558,4.4,2.4,9,263.4,5,56.14,3,2026-04-11T20:55:34+00:00,False,False
2026-04-13 00:00:00+00:00,Zinie,MID,Shopify Rebellion,2026-04-19T20:07:34+00:00,12.228,2.4,3,6,262.8,5,23.9,2,2026-04-11T20:55:34+00:00,False,False
2026-04-13 00:00:00+00:00,Zven,BOT,Cloud9,2026-04-18T20:07:45+00:00,17.544,4.6,1.6,5.2,336.4,5,52.31,2,2026-04-12T23:30:01+00:00,False,False
2026-04-13 00:00:00+00:00,eXyu,JGL,Dignitas,2026-04-19T21:49:48+00:00,3.502,1,4.8,3.2,198.2,5,36.84,3,2026-04-11T23:40:13+00:00,False,False
2026-04-13 00:00:00+00:00,huhi,SUP,Sentinels,2026-04-18T21:34:17+00:00,11.782,0.6,3,5.6,43.2,5,72.85,3,2026-04-12T23:30:01+00:00,False,False
2026-04-13 00:00:00+00:00,sajed,BOT,Disguised,2026-04-18T20:07:45+00:00,8.01,2.2,3.6,3.8,291.2,5,-0.66,2,2026-04-12T21:00:02+00:00,False,False
2026-04-20 00:00:00+00:00,APA,MID,Cloud9,2026-04-25T22:08:21+00:00,16.382,3.8,2.2,6.8,266.6,5,31.94,2,2026-04-18T20:49:34+00:00,False,False
2026-04-20 00:00:00+00:00,Berserker,BOT,LYON,2026-04-26T20:07:03+00:00,23.05,4.8,1.8,6.8,326.2,5,43.67,2,2026-04-19T20:57:13+00:00,False,False
2026-04-20 00:00:00+00:00,Blaber,JGL,Cloud9,2026-04-25T22:08:21+00:00,20.142,3.6,1.2,8.8,226.8,5,49.26,2,2026-04-18T20:49:34+00:00,False,False
2026-04-20 00:00:00+00:00,Bvoy,BOT,Shopify Rebellion,2026-04-25T22:08:21+00:00,13.356,2.6,3.2,5.2,261.6,5,19.23,2,2026-04-19T20:57:13+00:00,False,False
2026-04-20 00:00:00+00:00,Callme,MID,Disguised,2026-04-26T20:07:03+00:00,5.052,1.6,4.6,2.8,257.8,5,24.25,2,2026-04-18T20:49:34+00:00,False,False
2026-04-20 00:00:00+00:00,Castle,TOP,Disguised,2026-04-26T20:07:03+00:00,9.76,2.6,3.8,1.2,244.2,5,17.28,2,2026-04-18T20:49:34+00:00,False,False
2026-04-20 00:00:00+00:00,Ceos,SUP,Shopify Rebellion,2026-04-25T22:08:21+00:00,13.918,0.8,3.6,8.2,30.4,5,3.32,2,2026-04-19T20:57:13+00:00,False,False
2026-04-20 00:00:00+00:00,Contractz,JGL,Shopify Rebellion,2026-04-25T22:08:21+00:00,14.418,4,3.4,5.8,193.4,5,7.37,2,2026-04-19T20:57:13+00:00,False,False
2026-04-20 00:00:00+00:00,CoreJJ,SUP,Team Liquid,2026-04-26T21:56:04+00:00,23.864,1.8,1.8,11.2,30,5,64.04,3,2026-04-19T23:52:55+00:00,False,False
2026-04-20 00:00:00+00:00,Cryogen,SUP,FlyQuest,2026-04-25T20:09:02+00:00,20.468,0.8,2.2,10.2,38.8,5,45.94,2,2026-04-18T23:15:41+00:00,False,False
2026-04-20 00:00:00+00:00,DARKWINGS,MID,Sentinels,2026-04-26T21:56:04+00:00,14.036,2.2,1.8,6.4,297.4,5,25,3,2026-04-18T23:15:41+00:00,False,False
2026-04-20 00:00:00+00:00,Dhokla,TOP,LYON,2026-04-26T20:07:03+00:00,16.982,3.6,1.4,4.4,272,5,39.25,2,2026-04-19T20:57:13+00:00,False,False
2026-04-20 00:00:00+00:00,FBI,BOT,Dignitas,2026-04-25T20:09:02+00:00,14.08,2.8,2.2,4.2,316,5,28.83,2,2026-04-19T23:52:55+00:00,False,False
2026-04-20 00:00:00+00:00,Fudge,TOP,Shopify Rebellion,2026-04-25T22:08:21+00:00,8.684,2,3,2.6,223.6,5,15.58,2,2026-04-19T20:57:13+00:00,False,False
2026-04-20 00:00:00+00:00,Gakgos,TOP,FlyQuest,2026-04-25T20:09:02+00:00,12.632,1.8,2,5.4,249.6,5,46.46,2,2026-04-18T23:15:41+00:00,False,False
2026-04-20 00:00:00+00:00,Gryffinn,JGL,FlyQuest,2026-04-25T20:09:02+00:00,15.162,4,3.2,5.8,232.6,5,40.04,2,2026-04-18T23:15:41+00:00,False,False
2026-04-20 00:00:00+00:00,HamBak,JGL,Sentinels,2026-04-26T21:56:04+00:00,13.858,3,3,7.4,215.8,5,31.96,3,2026-04-18T23:15:41+00:00,False,False
2026-04-20 00:00:00+00:00,Ignar,SUP,Dignitas,2026-04-25T20:09:02+00:00,13.162,0.4,2.6,7.2,36.2,5,18.89,2,2026-04-19T23:52:55+00:00,False,False
2026-04-20 00:00:00+00:00,Impact,TOP,Sentinels,2026-04-26T21:56:04+00:00,15.464,3,2.4,5.6,273.8,5,23.25,3,2026-04-18T23:15:41+00:00,False,False
2026-04-20 00:00:00+00:00,Inspired,JGL,LYON,2026-04-26T20:07:03+00:00,12.59,3.2,2.8,6,238.2,5,45.49,2,2026-04-19T20:57:13+00:00,False,False
2026-04-20 00:00:00+00:00,Isles,SUP,LYON,2026-04-26T20:07:03+00:00,22.088,0.2,1,11.8,28.8,5,50.68,2,2026-04-19T20:57:13+00:00,False,False
2026-04-20 00:00:00+00:00,Josedeodo,JGL,Team Liquid,2026-04-26T21:56:04+00:00,18.164,3.2,2,8.6,238.8,5,54.22,3,2026-04-19T23:52:55+00:00,False,False
2026-04-20 00:00:00+00:00,KryRa,JGL,Disguised,2026-04-26T20:07:03+00:00,5.292,1.4,3,3,191,5,11,2,2026-04-18T20:49:34+00:00,False,False
2026-04-20 00:00:00+00:00,Lyonz,SUP,Disguised,2026-04-26T20:07:03+00:00,7.636,0.4,3,4.2,23.6,5,22.02,2,2026-04-18T20:49:34+00:00,False,False
2026-04-20 00:00:00+00:00,Massu,BOT,FlyQuest,2026-04-25T20:09:02+00:00,16.91,4.2,2.4,4.4,309.4,5,42.69,2,2026-04-18T23:15:41+00:00,False,False
2026-04-20 00:00:00+00:00,Morgan,TOP,Team Liquid,2026-04-26T21:56:04+00:00,16.458,3.2,1.8,4,300.2,5,44.35,3,2026-04-19T23:52:55+00:00,False,False
2026-04-20 00:00:00+00:00,Palafox,MID,Dignitas,2026-04-25T20:09:02+00:00,9.58,2.2,3.4,4.4,279.2,5,13.42,2,2026-04-19T23:52:55+00:00,False,False
2026-04-20 00:00:00+00:00,Photon,TOP,Dignitas,2026-04-25T20:09:02+00:00,10.256,2.4,2.2,2.2,289,5,8.81,2,2026-04-19T23:52:55+00:00,False,False
2026-04-20 00:00:00+00:00,Quad,MID,FlyQuest,2026-04-25T20:09:02+00:00,19.772,2.6,1.6,7.4,275,5,58.41,2,2026-04-18T23:15:41+00:00,False,False
2026-04-20 00:00:00+00:00,Quid,MID,Team Liquid,2026-04-26T21:56:04+00:00,13.362,2.4,3.4,6.6,303.2,5,46.85,3,2026-04-19T23:52:55+00:00,False,False
2026-04-20 00:00:00+00:00,Rahel,BOT,Sentinels,2026-04-26T21:56:04+00:00,21.24,5.4,1.2,4.8,335.4,5,46.52,3,2026-04-18T23:15:41+00:00,False,False
2026-04-20 00:00:00+00:00,Saint,MID,LYON,2026-04-26T20:07:03+00:00,14.106,3.2,2.6,5,299.6,5,47.72,2,2026-04-19T20:57:13+00:00,False,False
2026-04-20 00:00:00+00:00,Thanatos,TOP,Cloud9,2026-04-25T22:08:21+00:00,16.084,3.4,1.6,4,271,5,54.67,2,2026-04-18T20:49:34+00:00,False,False
2026-04-20 00:00:00+00:00,Vulcan,SUP,Cloud9,2026-04-25T22:08:21+00:00,24.534,1.6,1,12,34,5,69.83,2,2026-04-18T20:49:34+00:00,False,False
2026-04-20 00:00:00+00:00,Yeon,BOT,Team Liquid,2026-04-26T21:56:04+00:00,20.282,5,1.6,5.2,313.2,5,56.27,3,2026-04-19T23:52:55+00:00,False,False
2026-04-20 00:00:00+00:00,Zinie,MID,Shopify Rebellion,2026-04-25T22:08:21+00:00,11.824,2.2,3.8,5.4,262.8,5,16.83,2,2026-04-19T20:57:13+00:00,False,False
2026-04-20 00:00:00+00:00,Zven,BOT,Cloud9,2026-04-25T22:08:21+00:00,20.106,4.6,1.6,6.8,306.6,5,52.77,2,2026-04-18T20:49:34+00:00,False,False
2026-04-20 00:00:00+00:00,eXyu,JGL,Dignitas,2026-04-25T20:09:02+00:00,8.046,1.6,3.2,5.2,224.6,5,24.38,2,2026-04-19T23:52:55+00:00,False,False
2026-04-20 00:00:00+00:00,huhi,SUP,Sentinels,2026-04-26T21:56:04+00:00,20.798,0.4,1.2,10.6,37.6,5,47.32,3,2026-04-18T23:15:41+00:00,False,False
2026-04-20 00:00:00+00:00,sajed,BOT,Disguised,2026-04-26T20:07:03+00:00,3.926,1.4,3.8,1.8,246.8,5,4.66,2,2026-04-18T20:49:34+00:00,False,False
2026-04-27 00:00:00+00:00,APA,MID,Cloud9,2026-05-02T20:10:20+00:00,15.86,3.2,3,8.2,233.2,5,45.85,3,2026-04-25T23:00:25+00:00,False,False
2026-04-27 00:00:00+00:00,Berserker,BOT,LYON,2026-05-03T20:08:44+00:00,23.166,4.8,2.6,9.4,316.8,5,62.35,2,2026-04-26T21:06:20+00:00,False,False
2026-04-27 00:00:00+00:00,Blaber,JGL,Cloud9,2026-05-02T20:10:20+00:00,23.526,5,1.6,9.6,218,5,58.34,3,2026-04-25T23:00:25+00:00,False,False
2026-04-27 00:00:00+00:00,Bvoy,BOT,Shopify Rebellion,2026-05-03T22:07:59+00:00,11.008,1,3.4,6.2,284.8,5,72.58,3,2026-04-25T23:00:25+00:00,False,False
2026-04-27 00:00:00+00:00,Callme,MID,Disguised,2026-05-02T22:47:57+00:00,7.184,2,4.8,2,260.6,5,10.56,2,2026-04-26T21:06:20+00:00,False,False
2026-04-27 00:00:00+00:00,Castle,TOP,Disguised,2026-05-02T22:47:57+00:00,5.956,1.2,4.4,1.8,252.6,5,16.36,2,2026-04-26T21:06:20+00:00,False,False
2026-04-27 00:00:00+00:00,Ceos,SUP,Shopify Rebellion,2026-05-03T22:07:59+00:00,9.606,0.4,3.8,6.6,29.8,5,44.43,3,2026-04-25T23:00:25+00:00,False,False
2026-04-27 00:00:00+00:00,Contractz,JGL,Shopify Rebellion,2026-05-03T22:07:59+00:00,10.874,3.6,4,5.2,200.6,5,23.39,3,2026-04-25T23:00:25+00:00,False,False
2026-04-27 00:00:00+00:00,CoreJJ,SUP,Team Liquid,2026-05-02T22:47:57+00:00,20.968,1.2,2.4,9.8,29.8,5,59.69,2,2026-04-26T23:48:02+00:00,False,False
2026-04-27 00:00:00+00:00,Cryogen,SUP,FlyQuest,2026-05-03T22:07:59+00:00,17.974,0.6,3.2,10,46.4,5,65.36,3,2026-04-25T20:56:15+00:00,False,False
2026-04-27 00:00:00+00:00,DARKWINGS,MID,Sentinels,2026-05-03T20:08:44+00:00,11.316,1.4,3,5.4,291.6,5,26.08,2,2026-04-26T23:48:02+00:00,False,False
2026-04-27 00:00:00+00:00,Dhokla,TOP,LYON,2026-05-03T20:08:44+00:00,21.074,3.8,1,7,247,5,42.23,2,2026-04-26T21:06:20+00:00,False,False
2026-04-27 00:00:00+00:00,FBI,BOT,Dignitas,2026-05-02T20:10:20+00:00,16.664,3.6,2.8,5.8,315.8,5,36.65,3,2026-04-25T20:56:15+00:00,False,False
2026-04-27 00:00:00+00:00,Fudge,TOP,Shopify Rebellion,2026-05-03T22:07:59+00:00,7.21,2.2,4.2,2.2,243.8,5,22.1,3,2026-04-25T23:00:25+00:00,False,False
2026-04-27 00:00:00+00:00,Gakgos,TOP,FlyQuest,2026-05-03T22:07:59+00:00,12.54,2.6,2.2,4.4,250.8,5,55.18,3,2026-04-25T20:56:15+00:00,False,False
2026-04-27 00:00:00+00:00,Gryffinn,JGL,FlyQuest,2026-05-03T22:07:59+00:00,12.572,3.4,3.4,5.6,232.2,5,58.22,3,2026-04-25T20:56:15+00:00,False,False
2026-04-27 00:00:00+00:00,HamBak,JGL,Sentinels,2026-05-03T20:08:44+00:00,12.816,2.8,2.4,6.2,219.4,5,19.1,2,2026-04-26T23:48:02+00:00,False,False
2026-04-27 00:00:00+00:00,Ignar,SUP,Dignitas,2026-05-02T20:10:20+00:00,14.044,0.2,2.8,8.8,28.2,5,52.21,3,2026-04-25T20:56:15+00:00,False,False
2026-04-27 00:00:00+00:00,Impact,TOP,Sentinels,2026-05-03T20:08:44+00:00,11.274,2.6,2.8,4.2,277.4,5,18.34,2,2026-04-26T23:48:02+00:00,False,False
2026-04-27 00:00:00+00:00,Inspired,JGL,LYON,2026-05-03T20:08:44+00:00,18.774,5,2,7.6,225.6,5,34.65,2,2026-04-26T21:06:20+00:00,False,False
2026-04-27 00:00:00+00:00,Isles,SUP,LYON,2026-05-03T20:08:44+00:00,25.606,0.6,1.4,14.8,26.2,5,55.09,2,2026-04-26T21:06:20+00:00,False,False
2026-04-27 00:00:00+00:00,Josedeodo,JGL,Team Liquid,2026-05-02T22:47:57+00:00,17.944,4.4,1.8,6.2,247.4,5,52.47,2,2026-04-26T23:48:02+00:00,False,False
2026-04-27 00:00:00+00:00,KryRa,JGL,Disguised,2026-05-02T22:47:57+00:00,3.898,1.4,4,2.8,195.2,5,15.16,2,2026-04-26T21:06:20+00:00,False,False
2026-04-27 00:00:00+00:00,Lyonz,SUP,Disguised,2026-05-02T22:47:57+00:00,7.608,0.8,3.4,3.2,27.4,5,18.92,2,2026-04-26T21:06:20+00:00,False,False
2026-04-27 00:00:00+00:00,Massu,BOT,FlyQuest,2026-05-03T22:07:59+00:00,14.052,2.8,3.2,6,316.8,5,64.23,3,2026-04-25T20:56:15+00:00,False,False
2026-04-27 00:00:00+00:00,Morgan,TOP,Team Liquid,2026-05-02T22:47:57+00:00,12.708,1.8,2.6,4.4,286.4,5,28.21,2,2026-04-26T23:48:02+00:00,False,False
2026-04-27 00:00:00+00:00,Palafox,MID,Dignitas,2026-05-02T20:10:20+00:00,10.108,3.2,3.8,4,289.4,5,40.1,3,2026-04-25T20:56:15+00:00,False,False
2026-04-27 00:00:00+00:00,Photon,TOP,Dignitas,2026-05-02T20:10:20+00:00,10.216,2,2.6,2.8,284.6,5,30.67,3,2026-04-25T20:56:15+00:00,False,False
2026-04-27 00:00:00+00:00,Quad,MID,FlyQuest,2026-05-03T22:07:59+00:00,20.52,3.2,2.4,6.8,279.2,5,65.69,3,2026-04-25T20:56:15+00:00,False,False
2026-04-27 00:00:00+00:00,Quid,MID,Team Liquid,2026-05-02T22:47:57+00:00,14.936,2.2,2.2,6.2,298.6,5,31.37,2,2026-04-26T23:48:02+00:00,False,False
2026-04-27 00:00:00+00:00,Rahel,BOT,Sentinels,2026-05-03T20:08:44+00:00,16.342,4,1.4,4,344.8,5,20.95,2,2026-04-26T23:48:02+00:00,False,False
2026-04-27 00:00:00+00:00,Saint,MID,LYON,2026-05-03T20:08:44+00:00,20.138,5.4,2.2,5.8,293,5,47.67,2,2026-04-26T21:06:20+00:00,False,False
2026-04-27 00:00:00+00:00,Thanatos,TOP,Cloud9,2026-05-02T20:10:20+00:00,21.244,4.2,1,5.8,257,5,43.05,3,2026-04-25T23:00:25+00:00,False,False
2026-04-27 00:00:00+00:00,Vulcan,SUP,Cloud9,2026-05-02T20:10:20+00:00,30.422,1.6,0.6,15,27.8,5,63.5,3,2026-04-25T23:00:25+00:00,False,False
2026-04-27 00:00:00+00:00,Yeon,BOT,Team Liquid,2026-05-02T22:47:57+00:00,16.802,3.8,2,4.4,325.8,5,39.93,2,2026-04-26T23:48:02+00:00,False,False
2026-04-27 00:00:00+00:00,Zinie,MID,Shopify Rebellion,2026-05-03T22:07:59+00:00,10.682,3.2,3.8,4,273.8,5,24.4,3,2026-04-25T23:00:25+00:00,False,False
2026-04-27 00:00:00+00:00,Zven,BOT,Cloud9,2026-05-02T20:10:20+00:00,24.082,5.8,1,8.4,282.6,5,46.91,3,2026-04-25T23:00:25+00:00,False,False
2026-04-27 00:00:00+00:00,eXyu,JGL,Dignitas,2026-05-02T20:10:20+00:00,12.244,3,3.2,6.6,239.6,5,39.15,3,2026-04-25T20:56:15+00:00,False,False
2026-04-27 00:00:00+00:00,huhi,SUP,Sentinels,2026-05-03T20:08:44+00:00,17.642,1,2.8,8.6,37.6,5,30.81,2,2026-04-26T23:48:02+00:00,False,False
2026-04-27 00:00:00+00:00,sajed,BOT,Disguised,2026-05-02T22:47:57+00:00,2.216,0.8,4,1.4,259.4,5,5.59,2,2026-04-26T21:06:20+00:00,False,False
2026-05-04 00:00:00+00:00,APA,MID,Cloud9,2026-05-10T20:07:16+00:00,15.558,3.2,3.4,8,254.4,5,63.42,3,2026-05-02T21:55:51+00:00,False,False
2026-05-04 00:00:00+00:00,Berserker,BOT,LYON,2026-05-10T22:54:27+00:00,27.244,5.6,1.8,9.2,363.8,5,42.71,2,2026-05-03T21:04:01+00:00,False,False
2026-05-04 00:00:00+00:00,Blaber,JGL,Cloud9,2026-05-10T20:07:16+00:00,21.52,4.8,1.6,8.6,250,5,42.44,3,2026-05-02T21:55:51+00:00,False,False
2026-05-04 00:00:00+00:00,Bvoy,BOT,Shopify Rebellion,2026-05-09T20:08:09+00:00,18.362,5,2.8,3.2,301.6,5,21.4,2,2026-05-03T23:45:49+00:00,False,False
2026-05-04 00:00:00+00:00,Callme,MID,Disguised,2026-05-09T22:00:36+00:00,7.388,1.8,4.4,2.4,278,5,39.03,2,2026-05-02T23:35:43+00:00,False,False
2026-05-04 00:00:00+00:00,Castle,TOP,LYON,2026-05-10T23:47:40+00:00,6.976,0.8,3.8,2.2,279.8,5,4.54,1,2026-05-02T23:35:43+00:00,False,False
2026-05-04 00:00:00+00:00,Ceos,SUP,Shopify Rebellion,2026-05-09T20:08:09+00:00,9.55,0,4.4,7.4,28.6,5,12.61,2,2026-05-03T23:45:49+00:00,False,False
2026-05-04 00:00:00+00:00,Contractz,JGL,Shopify Rebellion,2026-05-09T20:08:09+00:00,6.152,0.8,4.4,5.8,208.2,5,12.62,2,2026-05-03T23:45:49+00:00,False,False
2026-05-04 00:00:00+00:00,CoreJJ,SUP,Team Liquid,2026-05-10T22:54:27+00:00,24.746,1.6,1.2,11.4,30,5,32.39,2,2026-05-02T23:35:43+00:00,False,False
2026-05-04 00:00:00+00:00,Cryogen,SUP,FlyQuest,2026-05-10T20:07:16+00:00,22.26,1.4,3.4,13.4,40,5,62.88,3,2026-05-03T23:45:49+00:00,False,False
2026-05-04 00:00:00+00:00,DARKWINGS,MID,Sentinels,2026-05-09T20:08:09+00:00,10.216,1.6,3.6,4.2,302.4,5,25.84,2,2026-05-03T21:04:01+00:00,False,False
2026-05-04 00:00:00+00:00,Dhokla,TOP,LYON,2026-05-10T22:54:27+00:00,20.352,3,1.6,9,276.6,5,14.18,1,2026-05-03T21:04:01+00:00,False,False
2026-05-04 00:00:00+00:00,FBI,BOT,Dignitas,2026-05-09T22:00:36+00:00,13.096,3,3.4,4.8,318.2,5,35.37,2,2026-05-02T21:55:51+00:00,False,False
2026-05-04 00:00:00+00:00,Fudge,TOP,Shopify Rebellion,2026-05-09T20:08:09+00:00,7.536,1.4,4,3.2,259.4,5,22.09,2,2026-05-03T23:45:49+00:00,False,False
2026-05-04 00:00:00+00:00,Gakgos,TOP,FlyQuest,2026-05-10T20:07:16+00:00,20.328,3.6,1.6,8,278.6,5,46.04,3,2026-05-03T23:45:49+00:00,False,False
2026-05-04 00:00:00+00:00,Gryffinn,JGL,FlyQuest,2026-05-10T20:07:16+00:00,19.652,3.6,2.4,10.6,242.4,5,44.86,3,2026-05-03T23:45:49+00:00,False,False
2026-05-04 00:00:00+00:00,HamBak,JGL,Sentinels,2026-05-09T20:08:09+00:00,10.212,2.8,2.6,5,219,5,31.83,2,2026-05-03T21:04:01+00:00,False,False
2026-05-04 00:00:00+00:00,Ignar,SUP,Dignitas,2026-05-09T22:00:36+00:00,14.22,0.4,2.4,7.8,30.2,5,16.48,2,2026-05-02T21:55:51+00:00,False,False
2026-05-04 00:00:00+00:00,Impact,TOP,Sentinels,2026-05-09T20:08:09+00:00,8.318,1.8,3.8,2.8,295.8,5,24.42,2,2026-05-03T21:04:01+00:00,False,False
2026-05-04 00:00:00+00:00,Inspired,JGL,LYON,2026-05-10T22:54:27+00:00,19.048,5,1.4,6.6,261,5,29.53,2,2026-05-03T21:04:01+00:00,False,False
2026-05-04 00:00:00+00:00,Isles,SUP,LYON,2026-05-10T22:54:27+00:00,26.144,0.4,1.8,15.8,31.6,5,38.84,2,2026-05-03T21:04:01+00:00,False,False
2026-05-04 00:00:00+00:00,Josedeodo,JGL,Team Liquid,2026-05-10T22:54:27+00:00,21.338,7,1.6,5.8,237.6,5,30.05,2,2026-05-02T23:35:43+00:00,False,False
2026-05-04 00:00:00+00:00,KryRa,JGL,Disguised,2026-05-09T22:00:36+00:00,6.216,1.8,4,3.2,200.6,5,40.63,2,2026-05-02T23:35:43+00:00,False,False
2026-05-04 00:00:00+00:00,Lyonz,SUP,Disguised,2026-05-09T22:00:36+00:00,9.866,0.8,3,4,28.4,5,50.63,2,2026-05-02T23:35:43+00:00,False,False
2026-05-04 00:00:00+00:00,Massu,BOT,FlyQuest,2026-05-10T20:07:16+00:00,21.384,4.8,2.8,9.2,296.6,5,58.55,3,2026-05-03T23:45:49+00:00,False,False
2026-05-04 00:00:00+00:00,Morgan,TOP,Team Liquid,2026-05-10T22:54:27+00:00,14.512,1.4,2.2,7.2,272,5,26.79,2,2026-05-02T23:35:43+00:00,False,False
2026-05-04 00:00:00+00:00,Palafox,MID,Dignitas,2026-05-09T22:00:36+00:00,10.704,3.6,3.4,3.2,274,5,7.9,2,2026-05-02T21:55:51+00:00,False,False
2026-05-04 00:00:00+00:00,Photon,TOP,Dignitas,2026-05-09T22:00:36+00:00,7.896,1.8,3.6,3,259.2,5,24.74,2,2026-05-02T21:55:51+00:00,False,False
2026-05-04 00:00:00+00:00,Quad,MID,FlyQuest,2026-05-10T20:07:16+00:00,24.82,4.8,1.4,9.4,268,5,33.1,3,2026-05-03T23:45:49+00:00,False,False
2026-05-04 00:00:00+00:00,Quid,MID,Team Liquid,2026-05-10T22:54:27+00:00,15.644,3,1.6,6.2,287.6,5,30.33,2,2026-05-02T23:35:43+00:00,False,False
2026-05-04 00:00:00+00:00,Rahel,BOT,Sentinels,2026-05-09T20:08:09+00:00,13.494,3,2.6,4.4,387.6,5,44.93,2,2026-05-03T21:04:01+00:00,False,False
2026-05-04 00:00:00+00:00,Saint,MID,LYON,2026-05-10T22:54:27+00:00,21.266,5.8,2.4,7,325,5,47.63,2,2026-05-03T21:04:01+00:00,False,False
2026-05-04 00:00:00+00:00,Srtty,TOP,Disguised,2026-05-09T22:00:36+00:00,12.9219,2.48,2.61,4.28,269.3,0,38.95,2,,False,False
2026-05-04 00:00:00+00:00,Thanatos,TOP,Cloud9,2026-05-10T20:07:16+00:00,19.544,2.8,1.6,6.6,283.2,5,21.76,3,2026-05-02T21:55:51+00:00,False,False
2026-05-04 00:00:00+00:00,Vulcan,SUP,Cloud9,2026-05-10T20:07:16+00:00,26.666,1.2,0.8,13.4,40.8,5,64.93,3,2026-05-02T21:55:51+00:00,False,False
2026-05-04 00:00:00+00:00,Yeon,BOT,Team Liquid,2026-05-10T22:54:27+00:00,19.24,3,1.8,7.8,340.2,5,26.09,2,2026-05-02T23:35:43+00:00,False,False
2026-05-04 00:00:00+00:00,Zinie,MID,Shopify Rebellion,2026-05-09T20:08:09+00:00,8.246,2.2,3,3.8,270.2,5,15.51,2,2026-05-03T23:45:49+00:00,False,False
2026-05-04 00:00:00+00:00,Zven,BOT,Cloud9,2026-05-10T20:07:16+00:00,19.936,5,2.2,6.8,313,5,61.79,3,2026-05-02T21:55:51+00:00,False,False
2026-05-04 00:00:00+00:00,eXyu,JGL,Dignitas,2026-05-09T22:00:36+00:00,12.706,3,3.8,6.6,223.2,5,8.08,2,2026-05-02T21:55:51+00:00,False,False
2026-05-04 00:00:00+00:00,huhi,SUP,Sentinels,2026-05-09T20:08:09+00:00,15.626,1,4.2,8,41,5,44.49,2,2026-05-03T21:04:01+00:00,False,False
2026-05-04 00:00:00+00:00,sajed,BOT,Disguised,2026-05-09T22:00:36+00:00,2.266,1,3.6,1.4,283.6,5,51.08,2,2026-05-02T23:35:43+00:00,False,False
2026-05-11 00:00:00+00:00,APA,MID,Cloud9,2026-05-16T20:08:36+00:00,18.266,3.8,3.2,7.6,279,5,43.44,2,2026-05-10T22:02:15+00:00,False,False
2026-05-11 00:00:00+00:00,Berserker,BOT,LYON,2026-05-11T00:44:19+00:00,24.664,4.6,1.8,8.4,372.8,5,67.58,4,2026-05-10T23:47:40+00:00,False,False
2026-05-11 00:00:00+00:00,Blaber,JGL,Cloud9,2026-05-16T20:08:36+00:00,16.748,3.6,2,6.8,265.8,5,44.21,2,2026-05-10T22:02:15+00:00,False,False
2026-05-11 00:00:00+00:00,Bvoy,BOT,Shopify Rebellion,2026-05-16T22:00:20+00:00,18.796,5,1.8,3,330.2,5,48.4,2,2026-05-09T21:05:30+00:00,False,False
2026-05-11 00:00:00+00:00,Callme,MID,Disguised,2026-05-16T22:00:20+00:00,12.672,3.2,3.4,3.4,290.6,5,34.59,2,2026-05-09T22:43:18+00:00,False,False
2026-05-11 00:00:00+00:00,Castle,TOP,LYON,2026-05-17T21:47:21+00:00,7.636,0.8,3.6,2.4,303.2,5,10.61,2,2026-05-10T23:47:40+00:00,False,False
2026-05-11 00:00:00+00:00,Ceos,SUP,Shopify Rebellion,2026-05-16T22:00:20+00:00,11.408,0.2,4,8,30.6,5,48.55,2,2026-05-09T21:05:30+00:00,False,False
2026-05-11 00:00:00+00:00,Contractz,JGL,Shopify Rebellion,2026-05-16T22:00:20+00:00,7.202,1,3.6,5.6,223.2,5,62.47,2,2026-05-09T21:05:30+00:00,False,False
2026-05-11 00:00:00+00:00,CoreJJ,SUP,Team Liquid,2026-05-11T00:44:19+00:00,23.284,1.6,1.4,11.2,31.8,5,46.97,3,2026-05-10T23:47:40+00:00,False,False
2026-05-11 00:00:00+00:00,Cryogen,SUP,FlyQuest,2026-05-17T21:47:21+00:00,19.282,0.4,2.6,11.8,35.2,5,44.88,3,2026-05-10T22:02:15+00:00,False,False
2026-05-11 00:00:00+00:00,DARKWINGS,MID,Sentinels,2026-05-17T20:07:18+00:00,12.708,1.4,3.2,4.8,296.8,5,31.85,2,2026-05-09T21:05:30+00:00,False,False
2026-05-11 00:00:00+00:00,Dhokla,TOP,LYON,2026-05-11T00:44:19+00:00,19.132,3.2,2.2,9,284.6,5,31.42,2,2026-05-10T22:54:27+00:00,False,False
2026-05-11 00:00:00+00:00,FBI,BOT,Dignitas,2026-05-17T20:07:18+00:00,14.404,2.6,2.6,4.4,327.6,5,7.9,2,2026-05-09T22:43:18+00:00,False,False
2026-05-11 00:00:00+00:00,Fudge,TOP,Shopify Rebellion,2026-05-16T22:00:20+00:00,8.838,1.4,3.2,4,271.2,5,24.92,2,2026-05-09T21:05:30+00:00,False,False
2026-05-11 00:00:00+00:00,Gakgos,TOP,FlyQuest,2026-05-17T21:47:21+00:00,17.332,2.4,2.2,7.8,292.4,5,55.92,3,2026-05-10T22:02:15+00:00,False,False
2026-05-11 00:00:00+00:00,Gryffinn,JGL,FlyQuest,2026-05-17T21:47:21+00:00,15.344,3.2,3.2,9,242.6,5,68.22,3,2026-05-10T22:02:15+00:00,False,False
2026-05-11 00:00:00+00:00,HamBak,JGL,Sentinels,2026-05-17T20:07:18+00:00,12.5,3,2.2,5.4,230.6,5,45.56,2,2026-05-09T21:05:30+00:00,False,False
2026-05-11 00:00:00+00:00,Ignar,SUP,Dignitas,2026-05-17T20:07:18+00:00,13.738,0.6,2.4,7,30.2,5,20.42,2,2026-05-09T22:43:18+00:00,False,False
2026-05-11 00:00:00+00:00,Impact,TOP,Sentinels,2026-05-17T20:07:18+00:00,9.654,1.8,3,3.6,288,5,35.22,2,2026-05-09T21:05:30+00:00,False,False
2026-05-11 00:00:00+00:00,Inspired,JGL,LYON,2026-05-11T00:44:19+00:00,16.894,3,2,8.2,275.4,5,49.32,4,2026-05-10T23:47:40+00:00,False,False
2026-05-11 00:00:00+00:00,Isles,SUP,LYON,2026-05-11T00:44:19+00:00,22.78,0.6,2.4,14,33.6,5,59.42,4,2026-05-10T23:47:40+00:00,False,False
2026-05-11 00:00:00+00:00,Josedeodo,JGL,Team Liquid,2026-05-11T00:44:19+00:00,20.642,6.6,1.6,6.4,233.4,5,32.22,3,2026-05-10T23:47:40+00:00,False,False
2026-05-11 00:00:00+00:00,KryRa,JGL,Disguised,2026-05-16T22:00:20+00:00,12.318,2,2.8,7.2,196.6,5,8.82,2,2026-05-09T22:43:18+00:00,False,False
2026-05-11 00:00:00+00:00,Lyonz,SUP,Disguised,2026-05-16T22:00:20+00:00,16.314,1,2.8,8,32.4,5,10.87,2,2026-05-09T22:43:18+00:00,False,False
2026-05-11 00:00:00+00:00,Massu,BOT,FlyQuest,2026-05-17T21:47:21+00:00,19.646,5.6,2.8,5.8,303.2,5,35.55,3,2026-05-10T22:02:15+00:00,False,False
2026-05-11 00:00:00+00:00,Morgan,TOP,Team Liquid,2026-05-11T00:44:19+00:00,13.338,1.2,1.8,7.2,282.8,5,11.35,3,2026-05-10T23:47:40+00:00,False,False
2026-05-11 00:00:00+00:00,Palafox,MID,Dignitas,2026-05-17T20:07:18+00:00,9.6,2.6,3.4,3.8,266.6,5,7.48,2,2026-05-09T22:43:18+00:00,False,False
2026-05-11 00:00:00+00:00,Photon,TOP,Dignitas,2026-05-17T20:07:18+00:00,11.082,2.8,3.2,4,268.2,5,21.94,2,2026-05-09T22:43:18+00:00,False,False
2026-05-11 00:00:00+00:00,Quad,MID,FlyQuest,2026-05-17T21:47:21+00:00,14.06,3.2,2.4,6.6,290.8,5,45.64,3,2026-05-10T22:02:15+00:00,False,False
2026-05-11 00:00:00+00:00,Quid,MID,Team Liquid,2026-05-11T00:44:19+00:00,13.852,3,2.4,6.4,295.6,5,43.77,3,2026-05-10T23:47:40+00:00,False,False
2026-05-11 00:00:00+00:00,Rahel,BOT,Sentinels,2026-05-17T20:07:18+00:00,15.652,4,2.6,4.8,378.2,5,30.56,2,2026-05-09T21:05:30+00:00,False,False
2026-05-11 00:00:00+00:00,Saint,MID,LYON,2026-05-11T00:44:19+00:00,25.448,6.8,2.8,6.8,339,5,67.74,4,2026-05-10T23:47:40+00:00,False,False
2026-05-11 00:00:00+00:00,Srtty,TOP,Disguised,2026-05-16T22:00:20+00:00,19.475,1.5,1,8.5,268.5,2,31.25,2,2026-05-09T22:43:18+00:00,False,False
2026-05-11 00:00:00+00:00,Thanatos,TOP,Cloud9,2026-05-16T20:08:36+00:00,9.34,1.4,3.8,4,290.8,5,39.12,2,2026-05-10T22:02:15+00:00,False,False
2026-05-11 00:00:00+00:00,Vulcan,SUP,Cloud9,2026-05-16T20:08:36+00:00,20.332,0.8,1.6,11,39.2,5,44.2,2,2026-05-10T22:02:15+00:00,False,False
2026-05-11 00:00:00+00:00,Yeon,BOT,Team Liquid,2026-05-11T00:44:19+00:00,19.08,3.4,2.2,8,338.8,5,25.39,3,2026-05-10T23:47:40+00:00,False,False
2026-05-11 00:00:00+00:00,Zinie,MID,Shopify Rebellion,2026-05-16T22:00:20+00:00,7.982,2.2,2.6,3.4,300,5,35.08,2,2026-05-09T21:05:30+00:00,False,False
2026-05-11 00:00:00+00:00,Zven,BOT,Cloud9,2026-05-16T20:08:36+00:00,18.002,4.4,3.8,6,321.8,5,49.05,2,2026-05-10T22:02:15+00:00,False,False
2026-05-11 00:00:00+00:00,eXyu,JGL,Dignitas,2026-05-17T20:07:18+00:00,9.446,1.6,3.6,5.8,216.8,5,7.36,2,2026-05-09T22:43:18+00:00,False,False
2026-05-11 00:00:00+00:00,huhi,SUP,Sentinels,2026-05-17T20:07:18+00:00,17.97,0.8,3,8.8,39,5,42.16,2,2026-05-09T21:05:30+00:00,False,False
2026-05-11 00:00:00+00:00,sajed,BOT,Disguised,2026-05-16T22:00:20+00:00,11.742,3.4,3.2,3,311.2,5,12.78,2,2026-05-09T22:43:18+00:00,False,False
2026-05-18 00:00:00+00:00,APA,MID,Cloud9,2026-05-23T20:10:31+00:00,21.372,5,2.4,7.6,298.6,5,69.4,5,2026-05-16T21:09:15+00:00,False,False
2026-05-18 00:00:00+00:00,Berserker,BOT,LYON,2026-05-24T20:12:10+00:00,13.832,4,3.2,3.2,338,5,78.66,5,2026-05-17T23:43:46+00:00,False,False
2026-05-18 00:00:00+00:00,Blaber,JGL,Cloud9,2026-05-23T20:10:31+00:00,17.33,3.8,2.4,8.4,263,5,62.15,5,2026-05-16T21:09:15+00:00,False,False
2026-05-18 00:00:00+00:00,CoreJJ,SUP,Team Liquid,2026-05-24T20:12:10+00:00,15.872,0.8,2.8,8.4,38.6,5,55.59,5,2026-05-16T21:09:15+00:00,False,False
2026-05-18 00:00:00+00:00,Cryogen,SUP,FlyQuest,2026-05-23T20:10:31+00:00,16.13,0.2,3,10.2,36.8,5,78.16,5,2026-05-17T23:43:46+00:00,False,False
2026-05-18 00:00:00+00:00,Dhokla,TOP,LYON,2026-05-24T20:12:10+00:00,17.566,3,2.6,8.4,305.8,5,69.37,5,2026-05-17T22:50:22+00:00,False,False
2026-05-18 00:00:00+00:00,Gakgos,TOP,FlyQuest,2026-05-23T20:10:31+00:00,15.432,2.2,1.4,6.8,271.2,5,47.23,5,2026-05-17T23:43:46+00:00,False,False
2026-05-18 00:00:00+00:00,Gryffinn,JGL,FlyQuest,2026-05-23T20:10:31+00:00,18.464,5.6,2.4,5.6,242,5,49.73,5,2026-05-17T23:43:46+00:00,False,False
2026-05-18 00:00:00+00:00,Inspired,JGL,LYON,2026-05-24T20:12:10+00:00,11.464,1.8,3.4,7.2,249,5,79.99,5,2026-05-17T23:43:46+00:00,False,False
2026-05-18 00:00:00+00:00,Isles,SUP,LYON,2026-05-24T20:12:10+00:00,14.226,0.4,2.4,8.6,29.8,5,81.01,5,2026-05-17T23:43:46+00:00,False,False
2026-05-18 00:00:00+00:00,Josedeodo,JGL,Team Liquid,2026-05-24T20:12:10+00:00,12.454,3.2,3.2,5.8,242.8,5,48.75,5,2026-05-16T21:09:15+00:00,False,False
2026-05-18 00:00:00+00:00,Massu,BOT,FlyQuest,2026-05-23T20:10:31+00:00,12.844,3.2,3.4,5.8,287.2,5,69.1,5,2026-05-17T23:43:46+00:00,False,False
2026-05-18 00:00:00+00:00,Morgan,TOP,Team Liquid,2026-05-24T20:12:10+00:00,7.628,1.4,4,3.8,306.6,5,44.49,5,2026-05-16T21:09:15+00:00,False,False
2026-05-18 00:00:00+00:00,Quad,MID,FlyQuest,2026-05-23T20:10:31+00:00,13.222,3.2,3.6,7,267.4,5,96.05,5,2026-05-17T23:43:46+00:00,False,False
2026-05-18 00:00:00+00:00,Quid,MID,Team Liquid,2026-05-24T20:12:10+00:00,14.82,3.4,3.2,4.6,343,5,82.28,5,2026-05-16T21:09:15+00:00,False,False
2026-05-18 00:00:00+00:00,Saint,MID,LYON,2026-05-24T20:12:10+00:00,17.432,5.6,3.2,3.6,315,5,75.95,5,2026-05-17T23:43:46+00:00,False,False
2026-05-18 00:00:00+00:00,Thanatos,TOP,Cloud9,2026-05-23T20:10:31+00:00,12.176,1.8,2.6,5.4,299.4,5,59.1,5,2026-05-16T21:09:15+00:00,False,False
2026-05-18 00:00:00+00:00,Vulcan,SUP,Cloud9,2026-05-23T20:10:31+00:00,21.826,0.2,1.6,12.6,37.6,5,79.33,5,2026-05-16T21:09:15+00:00,False,False
2026-05-18 00:00:00+00:00,Yeon,BOT,Team Liquid,2026-05-24T20:12:10+00:00,10.296,2.6,3.4,4,374.8,5,69.49,5,2026-05-16T21:09:15+00:00,False,False
2026-05-18 00:00:00+00:00,Zven,BOT,Cloud9,2026-05-23T20:10:31+00:00,22.168,4.6,3,8.2,319.2,5,87.47,5,2026-05-16T21:09:15+00:00,False,False
2026-05-25 00:00:00+00:00,Bvoy,BOT,Shopify Rebellion,2026-05-31T20:08:32+00:00,16.254,3.4,1.4,4.4,339,5,20.25,3,2026-05-16T22:51:58+00:00,False,False
2026-05-25 00:00:00+00:00,Ceos,SUP,Shopify Rebellion,2026-05-31T20:08:32+00:00,13.288,1.2,3.6,8.2,29,5,20.33,3,2026-05-16T22:51:58+00:00,False,False
2026-05-25 00:00:00+00:00,Contractz,JGL,Shopify Rebellion,2026-05-31T20:08:32+00:00,16.19,4.6,2.4,5.6,239,5,19.96,3,2026-05-16T22:51:58+00:00,False,False
2026-05-25 00:00:00+00:00,CoreJJ,SUP,Team Liquid,2026-05-31T20:08:32+00:00,11.118,0,2.6,6,35.6,5,57.62,3,2026-05-24T23:44:08+00:00,False,False
2026-05-25 00:00:00+00:00,Cryogen,SUP,FlyQuest,2026-05-30T20:10:37+00:00,15.632,1.6,2,6.6,36.6,5,81.75,3,2026-05-23T23:28:19+00:00,False,False
2026-05-25 00:00:00+00:00,DARKWINGS,MID,Sentinels,2026-05-30T20:10:37+00:00,14.516,1.4,2,6.4,275.8,5,49,3,2026-05-17T20:56:14+00:00,False,False
2026-05-25 00:00:00+00:00,Fudge,TOP,Shopify Rebellion,2026-05-31T20:08:32+00:00,9.962,1.4,3.2,5,265.4,5,23.23,3,2026-05-16T22:51:58+00:00,False,False
2026-05-25 00:00:00+00:00,Gakgos,TOP,FlyQuest,2026-05-30T20:10:37+00:00,9.446,1.8,3,3.4,291.4,5,37.1,3,2026-05-23T23:28:19+00:00,False,False
2026-05-25 00:00:00+00:00,Gryffinn,JGL,FlyQuest,2026-05-30T20:10:37+00:00,9.946,1.8,2.8,5,248.2,5,47.68,3,2026-05-23T23:28:19+00:00,False,False
2026-05-25 00:00:00+00:00,HamBak,JGL,Sentinels,2026-05-30T20:10:37+00:00,18.944,4.2,1.6,7,224.2,5,25.11,3,2026-05-17T20:56:14+00:00,False,False
2026-05-25 00:00:00+00:00,Impact,TOP,Sentinels,2026-05-30T20:10:37+00:00,13.96,3,2,4.2,274,5,21.96,3,2026-05-17T20:56:14+00:00,False,False
2026-05-25 00:00:00+00:00,Josedeodo,JGL,Team Liquid,2026-05-31T20:08:32+00:00,9.75,1.2,2.4,5.4,239.6,5,50.86,3,2026-05-24T23:44:08+00:00,False,False
2026-05-25 00:00:00+00:00,Massu,BOT,FlyQuest,2026-05-30T20:10:37+00:00,13.82,3,2,4.6,304.4,5,99.74,3,2026-05-23T23:28:19+00:00,False,False
2026-05-25 00:00:00+00:00,Morgan,TOP,Team Liquid,2026-05-31T20:08:32+00:00,8.898,1.8,2.8,2.2,300,5,47.16,3,2026-05-24T23:44:08+00:00,False,False
2026-05-25 00:00:00+00:00,Quad,MID,FlyQuest,2026-05-30T20:10:37+00:00,19.21,2.4,1,6,275,5,48.46,3,2026-05-23T23:28:19+00:00,False,False
2026-05-25 00:00:00+00:00,Quid,MID,Team Liquid,2026-05-31T20:08:32+00:00,16.456,2.6,2,3.8,301.8,5,88.93,3,2026-05-24T23:44:08+00:00,False,False
2026-05-25 00:00:00+00:00,Rahel,BOT,Sentinels,2026-05-30T20:10:37+00:00,18.706,4.6,2,5,352.8,5,20.71,3,2026-05-17T20:56:14+00:00,False,False
2026-05-25 00:00:00+00:00,Yeon,BOT,Team Liquid,2026-05-31T20:08:32+00:00,13.898,3,1.8,2.4,341,5,55.21,3,2026-05-24T23:44:08+00:00,False,False
2026-05-25 00:00:00+00:00,Zinie,MID,Shopify Rebellion,2026-05-31T20:08:32+00:00,10.848,2.2,2.6,5.8,286.6,5,13.22,3,2026-05-16T22:51:58+00:00,False,False
2026-05-25 00:00:00+00:00,huhi,SUP,Sentinels,2026-05-30T20:10:37+00:00,22.016,0.6,1.8,11.4,37.8,5,33.65,3,2026-05-17T20:56:14+00:00,False,False
2026-06-01 00:00:00+00:00,APA,MID,Cloud9,2026-06-07T20:10:55+00:00,13.88,2.2,2,4.8,271.2,5,23.14,3,2026-05-23T23:28:19+00:00,False,False
2026-06-01 00:00:00+00:00,Berserker,BOT,LYON,2026-06-07T20:10:55+00:00,15.732,3.4,2,5,327.6,5,90.93,3,2026-05-24T23:44:08+00:00,False,False
2026-06-01 00:00:00+00:00,Blaber,JGL,Cloud9,2026-06-07T20:10:55+00:00,12.43,2,3,7,220.8,5,24.71,3,2026-05-23T23:28:19+00:00,False,False
2026-06-01 00:00:00+00:00,CoreJJ,SUP,Team Liquid,2026-06-06T20:09:49+00:00,16.958,0.6,1.2,8.4,35.6,5,81.06,4,2026-05-31T21:55:09+00:00,False,False
2026-06-01 00:00:00+00:00,Cryogen,SUP,FlyQuest,2026-06-06T20:09:49+00:00,23.264,0.8,2,12,41.6,5,54.44,4,2026-05-30T21:55:42+00:00,False,False
2026-06-01 00:00:00+00:00,Dhokla,TOP,LYON,2026-06-07T20:10:55+00:00,13.874,1.4,2,5.6,257.4,5,67.54,3,2026-05-24T23:44:08+00:00,False,False
2026-06-01 00:00:00+00:00,Gakgos,TOP,FlyQuest,2026-06-06T20:09:49+00:00,12.458,2.4,3.2,5.4,289.6,5,52.79,4,2026-05-30T21:55:42+00:00,False,False
2026-06-01 00:00:00+00:00,Gryffinn,JGL,FlyQuest,2026-06-06T20:09:49+00:00,16.092,2.6,2,8.2,264,5,40.26,4,2026-05-30T21:55:42+00:00,False,False
2026-06-01 00:00:00+00:00,Inspired,JGL,LYON,2026-06-07T20:10:55+00:00,15.998,3.2,1.2,6.6,259.8,5,49.81,3,2026-05-24T23:44:08+00:00,False,False
2026-06-01 00:00:00+00:00,Isles,SUP,LYON,2026-06-07T20:10:55+00:00,16.202,0.6,1.6,7.8,33.6,5,67.84,3,2026-05-24T23:44:08+00:00,False,False
2026-06-01 00:00:00+00:00,Josedeodo,JGL,Team Liquid,2026-06-06T20:09:49+00:00,12.584,1.8,2.2,6.4,232,5,76.1,4,2026-05-31T21:55:09+00:00,False,False
2026-06-01 00:00:00+00:00,Massu,BOT,FlyQuest,2026-06-06T20:09:49+00:00,25.802,6.2,1.6,6.6,335.2,5,55.12,4,2026-05-30T21:55:42+00:00,False,False
2026-06-01 00:00:00+00:00,Morgan,TOP,Team Liquid,2026-06-06T20:09:49+00:00,13.956,1.2,1.2,5.4,288.4,5,47.64,4,2026-05-31T21:55:09+00:00,False,False
2026-06-01 00:00:00+00:00,Quad,MID,FlyQuest,2026-06-06T20:09:49+00:00,18.602,2.6,1.4,8,298.8,5,55.88,4,2026-05-30T21:55:42+00:00,False,False
2026-06-01 00:00:00+00:00,Quid,MID,Team Liquid,2026-06-06T20:09:49+00:00,25.83,5.8,0.4,3.6,286.2,5,82.98,4,2026-05-31T21:55:09+00:00,False,False
2026-06-01 00:00:00+00:00,Saint,MID,LYON,2026-06-07T20:10:55+00:00,15.19,3,2,5.2,315.4,5,59.78,3,2026-05-24T23:44:08+00:00,False,False
2026-06-01 00:00:00+00:00,Thanatos,TOP,Cloud9,2026-06-07T20:10:55+00:00,11.82,2,1.8,3,294,5,28.4,3,2026-05-23T23:28:19+00:00,False,False
2026-06-01 00:00:00+00:00,Vulcan,SUP,Cloud9,2026-06-07T20:10:55+00:00,15.866,0.6,2,8,35.8,5,31.68,3,2026-05-23T23:28:19+00:00,False,False
2026-06-01 00:00:00+00:00,Yeon,BOT,Team Liquid,2026-06-06T20:09:49+00:00,16.302,3,1,4.6,332.6,5,61.77,4,2026-05-31T21:55:09+00:00,False,False
2026-06-01 00:00:00+00:00,Zven,BOT,Cloud9,2026-06-07T20:10:55+00:00,17.494,4,1.8,4,305,5,36.13,3,2026-05-23T23:28:19+00:00,False,False
2026-06-08 00:00:00+00:00,APA,MID,Cloud9,2026-06-13T20:14:55+00:00,9.81,2.4,4,5.4,286.8,5,6.54,3,2026-06-07T22:08:31+00:00,False,False
2026-06-08 00:00:00+00:00,Berserker,BOT,LYON,2026-06-14T20:16:15+00:00,24.788,6,1.2,4.6,329.6,5,80.73,3,2026-06-07T22:08:31+00:00,False,False
2026-06-08 00:00:00+00:00,Blaber,JGL,Cloud9,2026-06-13T20:14:55+00:00,9.54,2.2,4.6,7,244,5,7.18,3,2026-06-07T22:08:31+00:00,False,False
2026-06-08 00:00:00+00:00,CoreJJ,SUP,Team Liquid,2026-06-13T20:14:55+00:00,20.488,0.6,1.4,10.8,28.6,5,105.61,6,2026-06-06T22:42:06+00:00,False,False
2026-06-08 00:00:00+00:00,Dhokla,TOP,LYON,2026-06-14T20:16:15+00:00,18.122,2.8,2.2,7.6,260.8,5,61,3,2026-06-07T22:08:31+00:00,False,False
2026-06-08 00:00:00+00:00,Inspired,JGL,LYON,2026-06-14T20:16:15+00:00,13.71,3.6,2.4,5.8,264.2,5,51.69,3,2026-06-07T22:08:31+00:00,False,False
2026-06-08 00:00:00+00:00,Isles,SUP,LYON,2026-06-14T20:16:15+00:00,18.63,0.4,1.8,10.4,31.6,5,75.12,3,2026-06-07T22:08:31+00:00,False,False
2026-06-08 00:00:00+00:00,Josedeodo,JGL,Team Liquid,2026-06-13T20:14:55+00:00,19.522,2.8,1.8,9.4,225,5,80.13,6,2026-06-06T22:42:06+00:00,False,False
2026-06-08 00:00:00+00:00,Morgan,TOP,Team Liquid,2026-06-13T20:14:55+00:00,13.804,2,2.2,5.8,240.4,5,70.39,6,2026-06-06T22:42:06+00:00,False,False
2026-06-08 00:00:00+00:00,Quid,MID,Team Liquid,2026-06-13T20:14:55+00:00,25.106,4.8,1.6,6,264.6,5,107.6,6,2026-06-06T22:42:06+00:00,False,False
2026-06-08 00:00:00+00:00,Saint,MID,LYON,2026-06-14T20:16:15+00:00,15.422,1.6,1.8,8.4,332.6,5,81.28,3,2026-06-07T22:08:31+00:00,False,False
2026-06-08 00:00:00+00:00,Thanatos,TOP,Cloud9,2026-06-13T20:14:55+00:00,10.628,2.6,4,4,293.2,5,22.11,3,2026-06-07T22:08:31+00:00,False,False
2026-06-08 00:00:00+00:00,Vulcan,SUP,Cloud9,2026-06-13T20:14:55+00:00,14.092,0.4,2.8,8.6,36.6,5,10.81,3,2026-06-07T22:08:31+00:00,False,False
2026-06-08 00:00:00+00:00,Yeon,BOT,Team Liquid,2026-06-13T20:14:55+00:00,16.174,3.8,2.6,5.8,280.2,5,70.65,6,2026-06-06T22:42:06+00:00,False,False
2026-06-08 00:00:00+00:00,Zven,BOT,Cloud9,2026-06-13T20:14:55+00:00,17.948,4.2,2.2,5,333.8,5,7.38,3,2026-06-07T22:08:31+00:00,False,False
2026-07-20 00:00:00+00:00,Armao,JGL,LYON,2026-07-25T20:13:30+00:00,5.336,1.6,3.4,3.6,233.6,5,35.48,2,2024-08-11T23:48:41+00:00,False,False
2026-07-20 00:00:00+00:00,Berserker,BOT,LYON,2026-07-25T20:13:30+00:00,30.39,7,0.4,7.4,347,5,47.78,2,2026-06-14T22:24:48+00:00,False,False
2026-07-20 00:00:00+00:00,Blaber,JGL,Cloud9,2026-07-26T20:24:27+00:00,3.27,1,3.8,2.2,217,5,17.54,2,2026-06-13T21:59:47+00:00,False,False
2026-07-20 00:00:00+00:00,Bvoy,BOT,Shopify Rebellion,2026-07-26T22:15:36+00:00,13.73,3.4,2.2,4,317.6,5,54.49,2,2026-05-31T21:55:09+00:00,False,False
2026-07-20 00:00:00+00:00,Callme,MID,Disguised,2026-07-26T22:15:36+00:00,16.204,4,2.4,4.4,304.6,5,21.34,2,2026-05-16T22:51:58+00:00,False,False
2026-07-20 00:00:00+00:00,Contractz,JGL,Shopify Rebellion,2026-07-26T22:15:36+00:00,16.486,4.4,2,5.6,239.8,5,32.47,2,2026-05-31T21:55:09+00:00,False,False
2026-07-20 00:00:00+00:00,CoreJJ,SUP,Team Liquid,2026-07-26T20:24:27+00:00,15.51,1,2.2,6.6,34.6,5,51.36,2,2026-06-14T22:24:48+00:00,False,False
2026-07-20 00:00:00+00:00,Cryogen,SUP,FlyQuest,2026-07-25T20:13:30+00:00,16.782,0.4,2.4,8.6,38,5,25.05,2,2026-06-06T22:42:06+00:00,False,False
2026-07-20 00:00:00+00:00,DARKWINGS,MID,Sentinels,2026-07-25T22:03:50+00:00,16.17,1.8,1.8,4.8,281,5,61.17,3,2026-05-30T21:55:42+00:00,False,False
2026-07-20 00:00:00+00:00,Denathor,TOP,Dignitas,2026-07-25T22:03:50+00:00,12.4074,2.13,2.68,4.72,278.78,0,27.32,3,,False,False
2026-07-20 00:00:00+00:00,Dhokla,TOP,LYON,2026-07-25T20:13:30+00:00,21.144,3,2.4,10.4,292.4,5,41.89,2,2026-06-14T22:24:48+00:00,False,False
2026-07-20 00:00:00+00:00,FBI,BOT,Dignitas,2026-07-25T22:03:50+00:00,11.736,2,2.4,3.4,300.2,5,42.81,3,2026-05-17T20:56:14+00:00,False,False
2026-07-20 00:00:00+00:00,Fudge,TOP,Shopify Rebellion,2026-07-26T22:15:36+00:00,9.63,1.2,3.2,4.8,263.8,5,52.67,2,2026-05-31T21:55:09+00:00,False,False
2026-07-20 00:00:00+00:00,Gakgos,TOP,FlyQuest,2026-07-25T20:13:30+00:00,13.118,2.8,2.6,4.2,278.8,5,14.08,2,2026-06-06T22:42:06+00:00,False,False
2026-07-20 00:00:00+00:00,Gryffinn,JGL,FlyQuest,2026-07-25T20:13:30+00:00,10.384,2.2,2.4,4.6,276.8,5,19.02,2,2026-06-06T22:42:06+00:00,False,False
2026-07-20 00:00:00+00:00,HamBak,JGL,Sentinels,2026-07-25T22:03:50+00:00,14.134,3,3,6,218.8,5,83.97,3,2026-05-30T21:55:42+00:00,False,False
2026-07-20 00:00:00+00:00,Ignar,SUP,Dignitas,2026-07-25T22:03:50+00:00,10.282,0.8,2.8,4.8,29,5,33.75,3,2026-05-17T20:56:14+00:00,False,False
2026-07-20 00:00:00+00:00,Impact,TOP,Sentinels,2026-07-25T22:03:50+00:00,11.436,2.4,1.6,2.6,267.2,5,48.36,3,2026-05-30T21:55:42+00:00,False,False
2026-07-20 00:00:00+00:00,Isles,SUP,LYON,2026-07-25T20:13:30+00:00,24.176,0.4,1.8,14,35.2,5,32.36,2,2026-06-14T22:24:48+00:00,False,False
2026-07-20 00:00:00+00:00,Josedeodo,JGL,Team Liquid,2026-07-26T20:24:27+00:00,11.224,1.8,2.8,5.6,233.4,5,30.72,2,2026-06-14T22:24:48+00:00,False,False
2026-07-20 00:00:00+00:00,KryRa,JGL,Disguised,2026-07-26T22:15:36+00:00,11.264,2,4.8,8.4,197.6,5,15.07,2,2026-05-16T22:51:58+00:00,False,False
2026-07-20 00:00:00+00:00,Loki,MID,Cloud9,2026-07-26T20:24:27+00:00,14.67,3.4,2,5.2,284.8,5,21.03,2,2025-02-23T00:07:14+00:00,False,False
2026-07-20 00:00:00+00:00,Lyonz,SUP,Disguised,2026-07-26T22:15:36+00:00,14.054,0.6,3.6,8.6,30.2,5,29.6,2,2026-05-16T22:51:58+00:00,False,False
2026-07-20 00:00:00+00:00,Massu,BOT,FlyQuest,2026-07-25T20:13:30+00:00,17.408,3.4,1.4,5.6,317,5,15.46,2,2026-06-06T22:42:06+00:00,False,False
2026-07-20 00:00:00+00:00,Morgan,TOP,Team Liquid,2026-07-26T20:24:27+00:00,10.55,2,2.2,3.2,285,5,30.66,2,2026-06-14T22:24:48+00:00,False,False
2026-07-20 00:00:00+00:00,Palafox,MID,Dignitas,2026-07-25T22:03:50+00:00,6.688,1.4,4.4,3.8,245.8,5,45.78,3,2026-05-17T20:56:14+00:00,False,False
2026-07-20 00:00:00+00:00,Quad,MID,FlyQuest,2026-07-25T20:13:30+00:00,12.946,2.2,2.4,5.4,266.4,5,15.03,2,2026-06-06T22:42:06+00:00,False,False
2026-07-20 00:00:00+00:00,Quid,MID,Team Liquid,2026-07-26T20:24:27+00:00,17.486,3.8,3,4.2,290.2,5,52.38,2,2026-06-14T22:24:48+00:00,False,False
2026-07-20 00:00:00+00:00,Rahel,BOT,Sentinels,2026-07-25T22:03:50+00:00,10.254,2.4,2.8,3.6,304.6,5,77.89,3,2026-05-30T21:55:42+00:00,False,False
2026-07-20 00:00:00+00:00,Saint,MID,LYON,2026-07-25T20:13:30+00:00,24.622,4.2,1.4,9.2,351,5,33.64,2,2026-06-14T22:24:48+00:00,False,False
2026-07-20 00:00:00+00:00,Srtty,TOP,Disguised,2026-07-26T22:15:36+00:00,17.55,2.5,2.25,6.25,270.5,4,21.37,2,2026-05-16T22:51:58+00:00,False,False
2026-07-20 00:00:00+00:00,Tactical,BOT,Cloud9,2026-07-26T20:24:27+00:00,10.052,2.6,2.6,3.6,360.8,5,15.29,2,2024-08-11T23:48:41+00:00,False,False
2026-07-20 00:00:00+00:00,Thanatos,TOP,Cloud9,2026-07-26T20:24:27+00:00,6.94,1.4,4.6,1.4,260.2,5,27.17,2,2026-06-13T21:59:47+00:00,False,False
2026-07-20 00:00:00+00:00,Vulcan,SUP,Cloud9,2026-07-26T20:24:27+00:00,4.28,0.2,3.2,2.2,40.2,5,23.12,2,2026-06-13T21:59:47+00:00,False,False
2026-07-20 00:00:00+00:00,Yeon,BOT,Team Liquid,2026-07-26T20:24:27+00:00,10.056,1.2,2.2,4.4,326,5,56.34,2,2026-06-14T22:24:48+00:00,False,False
2026-07-20 00:00:00+00:00,Zeyzal,SUP,Shopify Rebellion,2026-07-26T22:15:36+00:00,13.624,0.4,3.8,10.2,27.6,5,46.56,2,2024-08-10T23:06:13+00:00,False,False
2026-07-20 00:00:00+00:00,Zinie,MID,Shopify Rebellion,2026-07-26T22:15:36+00:00,9.66,1.8,4,6.4,259.8,5,29.92,2,2026-05-31T21:55:09+00:00,False,False
2026-07-20 00:00:00+00:00,eXyu,JGL,Dignitas,2026-07-25T22:03:50+00:00,5.174,1,3.6,4,202.2,5,31.24,3,2026-05-17T20:56:14+00:00,False,False
2026-07-20 00:00:00+00:00,huhi,SUP,Sentinels,2026-07-25T22:03:50+00:00,15.162,0.4,1.8,7.4,40.2,5,68.59,3,2026-05-30T21:55:42+00:00,False,False
2026-07-20 00:00:00+00:00,sajed,BOT,Disguised,2026-07-26T22:15:36+00:00,13.158,3.8,3.4,4,322.6,5,14.88,2,2026-05-16T22:51:58+00:00,False,False
2026-07-27 00:00:00+00:00,Armao,JGL,LYON,2026-08-02T20:08:21+00:00,9.764,1.8,2.6,6.6,220.4,5,41.19,2,2026-07-25T21:01:06+00:00,False,False
2026-07-27 00:00:00+00:00,Berserker,BOT,LYON,2026-08-02T20:08:21+00:00,25.702,6.4,1.8,7.4,339.4,5,66.78,2,2026-07-25T21:01:06+00:00,False,False
2026-07-27 00:00:00+00:00,Blaber,JGL,Cloud9,2026-08-01T20:11:18+00:00,4.944,0.8,3.6,3.6,213,5,68.93,3,2026-07-26T21:25:07+00:00,False,False
2026-07-27 00:00:00+00:00,Bvoy,BOT,Shopify Rebellion,2026-08-02T20:08:21+00:00,14.948,2.8,2,5,314.8,5,20.33,2,2026-07-26T23:12:26+00:00,False,False
2026-07-27 00:00:00+00:00,Callme,MID,Disguised,2026-08-01T23:13:11+00:00,15.274,4,3,4.8,327.2,5,26.96,2,2026-07-26T23:12:26+00:00,False,False
2026-07-27 00:00:00+00:00,Contractz,JGL,Shopify Rebellion,2026-08-02T20:08:21+00:00,10.486,1.4,2,6,241.2,5,17.31,2,2026-07-26T23:12:26+00:00,False,False
2026-07-27 00:00:00+00:00,CoreJJ,SUP,Team Liquid,2026-08-02T21:57:11+00:00,17.314,0.8,3,8.8,32.8,5,45.77,2,2026-07-26T21:25:07+00:00,False,False
2026-07-27 00:00:00+00:00,Cryogen,SUP,FlyQuest,2026-08-01T23:13:11+00:00,12.87,0.2,3.2,7.8,33.8,5,56.8,2,2026-07-25T21:01:06+00:00,False,False
2026-07-27 00:00:00+00:00,DARKWINGS,MID,Sentinels,2026-08-02T21:57:11+00:00,17.914,3.8,3,6.4,281.8,5,17.8,2,2026-07-25T23:45:03+00:00,False,False
2026-07-27 00:00:00+00:00,Denathor,TOP,Dignitas,2026-08-01T20:11:18+00:00,9.10666666667,1.33333333333,4.33333333333,5.66666666667,244,3,44.64,3,2026-07-25T23:45:03+00:00,False,False
2026-07-27 00:00:00+00:00,Dhokla,TOP,LYON,2026-08-02T20:08:21+00:00,20.578,4,2.6,8.2,303.6,5,29.98,2,2026-07-25T21:01:06+00:00,False,False
2026-07-27 00:00:00+00:00,FBI,BOT,Dignitas,2026-08-01T20:11:18+00:00,10.142,3,4.2,3.4,280.8,5,48.34,3,2026-07-25T23:45:03+00:00,False,False
2026-07-27 00:00:00+00:00,Fudge,TOP,Shopify Rebellion,2026-08-02T20:08:21+00:00,15.18,3.4,2.2,4.2,287.8,5,14.87,2,2026-07-26T23:12:26+00:00,False,False
2026-07-27 00:00:00+00:00,Gakgos,TOP,FlyQuest,2026-08-01T23:13:11+00:00,12.148,3.4,3.2,3.6,234,5,42.31,2,2026-07-25T21:01:06+00:00,False,False
2026-07-27 00:00:00+00:00,Gryffinn,JGL,FlyQuest,2026-08-01T23:13:11+00:00,9.536,3,3,4.2,227.6,5,52.95,2,2026-07-25T21:01:06+00:00,False,False
2026-07-27 00:00:00+00:00,HamBak,JGL,Sentinels,2026-08-02T21:57:11+00:00,19.392,5.8,2.8,6.8,232.4,5,15.77,2,2026-07-25T23:45:03+00:00,False,False
2026-07-27 00:00:00+00:00,Ignar,SUP,Dignitas,2026-08-01T20:11:18+00:00,10.834,0.8,3.2,6,26,5,49.89,3,2026-07-25T23:45:03+00:00,False,False
2026-07-27 00:00:00+00:00,Impact,TOP,Sentinels,2026-08-02T21:57:11+00:00,12.71,2.2,2.2,5.8,261.2,5,17.29,2,2026-07-25T23:45:03+00:00,False,False
2026-07-27 00:00:00+00:00,Isles,SUP,LYON,2026-08-02T20:08:21+00:00,21.496,1.2,2.4,11.8,31.6,5,64.65,2,2026-07-25T21:01:06+00:00,False,False
2026-07-27 00:00:00+00:00,Josedeodo,JGL,Team Liquid,2026-08-02T21:57:11+00:00,9.352,1.8,3.6,6,253,5,40.36,2,2026-07-26T21:25:07+00:00,False,False
2026-07-27 00:00:00+00:00,KryRa,JGL,Disguised,2026-08-01T23:13:11+00:00,9.534,1.6,5.6,8.8,193.4,5,20.45,2,2026-07-26T23:12:26+00:00,False,False
2026-07-27 00:00:00+00:00,Loki,MID,Cloud9,2026-08-01T20:11:18+00:00,11.558,3.2,3,4,303.6,5,76.92,3,2026-07-26T21:25:07+00:00,False,False
2026-07-27 00:00:00+00:00,Lyonz,SUP,Disguised,2026-08-01T23:13:11+00:00,13.582,0.4,3.6,8.8,35,5,16.5,2,2026-07-26T23:12:26+00:00,False,False
2026-07-27 00:00:00+00:00,Massu,BOT,FlyQuest,2026-08-01T23:13:11+00:00,12.216,2.6,2.6,5.2,258.8,5,68.85,2,2026-07-25T21:01:06+00:00,False,False
2026-07-27 00:00:00+00:00,Morgan,TOP,Team Liquid,2026-08-02T21:57:11+00:00,9.272,0.8,3,4.6,316.2,5,33.5,2,2026-07-26T21:25:07+00:00,False,False
2026-07-27 00:00:00+00:00,Palafox,MID,Dignitas,2026-08-01T20:11:18+00:00,10.652,2.6,3.6,5.2,254.2,5,41.51,3,2026-07-25T23:45:03+00:00,False,False
2026-07-27 00:00:00+00:00,Quad,MID,FlyQuest,2026-08-01T23:13:11+00:00,11.4,2.2,2.6,5.4,242.6,5,54.91,2,2026-07-25T21:01:06+00:00,False,False
2026-07-27 00:00:00+00:00,Quid,MID,Team Liquid,2026-08-02T21:57:11+00:00,16.498,4.6,3.4,4.4,313.2,5,45.89,2,2026-07-26T21:25:07+00:00,False,False
2026-07-27 00:00:00+00:00,Rahel,BOT,Sentinels,2026-08-02T21:57:11+00:00,17.098,3.6,2.6,6,305,5,16.28,2,2026-07-25T23:45:03+00:00,False,False
2026-07-27 00:00:00+00:00,Saint,MID,LYON,2026-08-02T20:08:21+00:00,22.984,5.2,2.2,6.8,340.2,5,53.03,2,2026-07-25T21:01:06+00:00,False,False
2026-07-27 00:00:00+00:00,Srtty,TOP,Disguised,2026-08-01T23:13:11+00:00,14.122,2.4,3.4,5.4,281.2,5,9.6,2,2026-07-26T23:12:26+00:00,False,False
2026-07-27 00:00:00+00:00,Tactical,BOT,Cloud9,2026-08-01T20:11:18+00:00,8.516,2,3,3.2,357.2,5,45.26,3,2026-07-26T21:25:07+00:00,False,False
2026-07-27 00:00:00+00:00,Thanatos,TOP,Cloud9,2026-08-01T20:11:18+00:00,9.856,2,3,1.2,271.8,5,55.37,3,2026-07-26T21:25:07+00:00,False,False
2026-07-27 00:00:00+00:00,Vulcan,SUP,Cloud9,2026-08-01T20:11:18+00:00,6.786,0.4,3.4,3.2,44,5,71.2,3,2026-07-26T21:25:07+00:00,False,False
2026-07-27 00:00:00+00:00,Yeon,BOT,Team Liquid,2026-08-02T21:57:11+00:00,15.73,3.4,2.2,4.2,358.2,5,52.86,2,2026-07-26T21:25:07+00:00,False,False
2026-07-27 00:00:00+00:00,Zeyzal,SUP,Shopify Rebellion,2026-08-02T20:08:21+00:00,18.744,1.2,3.6,11.8,28.6,5,10.62,2,2026-07-26T23:12:26+00:00,False,False
2026-07-27 00:00:00+00:00,Zinie,MID,Shopify Rebellion,2026-08-02T20:08:21+00:00,8.628,1.6,3.4,4.8,286.6,5,11.25,2,2026-07-26T23:12:26+00:00,False,False
2026-07-27 00:00:00+00:00,eXyu,JGL,Dignitas,2026-08-01T20:11:18+00:00,7.72,1.4,4.6,6.4,202,5,34.21,3,2026-07-25T23:45:03+00:00,False,False
2026-07-27 00:00:00+00:00,huhi,SUP,Sentinels,2026-08-02T21:57:11+00:00,18.732,0.6,3,10.8,36.8,5,27.31,2,2026-07-25T23:45:03+00:00,False,False
2026-07-27 00:00:00+00:00,sajed,BOT,Disguised,2026-08-01T23:13:11+00:00,12.794,3.6,3.6,4.8,349.4,5,20.72,2,2026-07-26T23:12:26+00:00,False,False
2026-08-03 00:00:00+00:00,Armao,JGL,LYON,2026-08-09T20:08:29+00:00,15.034,2.4,2.8,10.4,217.4,5,38.46,2,2026-08-02T21:12:35+00:00,False,False
2026-08-03 00:00:00+00:00,Berserker,BOT,LYON,2026-08-09T20:08:29+00:00,27.222,8.2,2.4,5.8,340.2,5,40.77,2,2026-08-02T21:12:35+00:00,False,False
2026-08-03 00:00:00+00:00,Blaber,JGL,Cloud9,2026-08-08T20:07:00+00:00,17.294,3.8,3.2,9.2,232,5,46.85,3,2026-08-01T22:15:00+00:00,False,False
2026-08-03 00:00:00+00:00,Bvoy,BOT,Shopify Rebellion,2026-08-08T22:36:20+00:00,15.796,3.8,2.6,5.2,296.8,5,37.15,3,2026-08-02T21:12:35+00:00,False,False
2026-08-03 00:00:00+00:00,Callme,MID,Disguised,2026-08-08T20:07:00+00:00,12.06,2.4,3.4,5,330.8,5,23.02,3,2026-08-02T00:18:22+00:00,False,False
2026-08-03 00:00:00+00:00,Contractz,JGL,Shopify Rebellion,2026-08-08T22:36:20+00:00,11.288,1.8,3,7.4,226.6,5,46.12,3,2026-08-02T21:12:35+00:00,False,False
2026-08-03 00:00:00+00:00,CoreJJ,SUP,Team Liquid,2026-08-09T21:39:44+00:00,21.312,1,2.2,11,35.6,5,52.52,2,2026-08-02T22:39:56+00:00,False,False
2026-08-03 00:00:00+00:00,Cryogen,SUP,FlyQuest,2026-08-09T21:39:44+00:00,17.402,1.2,3.6,10.6,33.2,5,9.74,2,2026-08-02T00:18:22+00:00,False,False
2026-08-03 00:00:00+00:00,DARKWINGS,MID,Sentinels,2026-08-08T22:36:20+00:00,15.794,3.4,3.6,6.8,256.4,5,48.14,3,2026-08-02T22:39:56+00:00,False,False
2026-08-03 00:00:00+00:00,Dardoch,JGL,Dignitas,2026-08-09T20:08:29+00:00,10.782,2.6,3.2,5.4,168,5,14.32,2,2021-06-19T01:10:22+00:00,False,False
2026-08-03 00:00:00+00:00,Denathor,TOP,Dignitas,2026-08-09T20:08:29+00:00,11.608,2.2,4.8,5.8,241,5,9.73,2,2026-08-01T22:15:00+00:00,False,False
2026-08-03 00:00:00+00:00,Dhokla,TOP,LYON,2026-08-09T20:08:29+00:00,18.924,4.6,2.4,5.8,267,5,20.94,2,2026-08-02T21:12:35+00:00,False,False
2026-08-03 00:00:00+00:00,FBI,BOT,Dignitas,2026-08-09T20:08:29+00:00,12.404,3.4,4.4,5.2,286.8,5,10.48,2,2026-08-01T22:15:00+00:00,False,False
2026-08-03 00:00:00+00:00,Fudge,TOP,Shopify Rebellion,2026-08-08T22:36:20+00:00,14.912,3.8,2.4,4.4,270,5,56.39,3,2026-08-02T21:12:35+00:00,False,False
2026-08-03 00:00:00+00:00,Gakgos,TOP,FlyQuest,2026-08-09T21:39:44+00:00,13.264,2.4,3,6.2,251.8,5,2.83,2,2026-08-02T00:18:22+00:00,False,False
2026-08-03 00:00:00+00:00,Gryffinn,JGL,FlyQuest,2026-08-09T21:39:44+00:00,15.314,5.4,3.2,6.2,239,5,16.54,2,2026-08-02T00:18:22+00:00,False,False
2026-08-03 00:00:00+00:00,HamBak,JGL,Sentinels,2026-08-08T22:36:20+00:00,19.948,6.6,2.4,6,216,5,39.13,3,2026-08-02T22:39:56+00:00,False,False
2026-08-03 00:00:00+00:00,Ignar,SUP,Dignitas,2026-08-09T20:08:29+00:00,11.866,0.8,3.6,8.2,29.6,5,7.43,2,2026-08-01T22:15:00+00:00,False,False
2026-08-03 00:00:00+00:00,Impact,TOP,Sentinels,2026-08-08T22:36:20+00:00,13.13,1.8,2.8,6.2,231.4,5,26.37,3,2026-08-02T22:39:56+00:00,False,False
2026-08-03 00:00:00+00:00,Isles,SUP,LYON,2026-08-09T20:08:29+00:00,24.216,1.2,2,13.6,31.8,5,40.21,2,2026-08-02T21:12:35+00:00,False,False
2026-08-03 00:00:00+00:00,Josedeodo,JGL,Team Liquid,2026-08-09T21:39:44+00:00,15.13,1.8,2,8.8,244.4,5,27.28,2,2026-08-02T22:39:56+00:00,False,False
2026-08-03 00:00:00+00:00,KryRa,JGL,Disguised,2026-08-08T20:07:00+00:00,7.644,2.4,5.4,5.6,204.4,5,27.95,3,2026-08-02T00:18:22+00:00,False,False
2026-08-03 00:00:00+00:00,Loki,MID,Cloud9,2026-08-08T20:07:00+00:00,19.59,4.4,3.8,8,300.6,5,72.19,3,2026-08-01T22:15:00+00:00,False,False
2026-08-03 00:00:00+00:00,Lyonz,SUP,Disguised,2026-08-08T20:07:00+00:00,10.498,0.2,4.8,7.4,34,5,40.86,3,2026-08-02T00:18:22+00:00,False,False
2026-08-03 00:00:00+00:00,Massu,BOT,FlyQuest,2026-08-09T21:39:44+00:00,18.666,5,2.8,6.2,288.4,5,9.91,2,2026-08-02T00:18:22+00:00,False,False
2026-08-03 00:00:00+00:00,Morgan,TOP,Team Liquid,2026-08-09T21:39:44+00:00,13.346,1.4,2.4,6.6,269,5,50.64,2,2026-08-02T22:39:56+00:00,False,False
2026-08-03 00:00:00+00:00,Palafox,MID,Dignitas,2026-08-09T20:08:29+00:00,11.374,3.2,4.2,6.2,257.4,5,15.19,2,2026-08-01T22:15:00+00:00,False,False
2026-08-03 00:00:00+00:00,Quad,MID,FlyQuest,2026-08-09T21:39:44+00:00,15.506,3.2,3,8,260,5,32.95,2,2026-08-02T00:18:22+00:00,False,False
2026-08-03 00:00:00+00:00,Quid,MID,Team Liquid,2026-08-09T21:39:44+00:00,21.39,4.4,2,7,296.2,5,58.61,2,2026-08-02T22:39:56+00:00,False,False
2026-08-03 00:00:00+00:00,Rahel,BOT,Sentinels,2026-08-08T22:36:20+00:00,18.834,4.2,2,6,288.6,5,61.92,3,2026-08-02T22:39:56+00:00,False,False
2026-08-03 00:00:00+00:00,Saint,MID,LYON,2026-08-09T20:08:29+00:00,21.42,4.6,1.8,7.2,319,5,40.9,2,2026-08-02T21:12:35+00:00,False,False
2026-08-03 00:00:00+00:00,Srtty,TOP,Disguised,2026-08-08T20:07:00+00:00,10.588,2.8,4.8,3.2,279.6,5,47.32,3,2026-08-02T00:18:22+00:00,False,False
2026-08-03 00:00:00+00:00,Tactical,BOT,Cloud9,2026-08-08T20:07:00+00:00,12.11,3.2,3.2,5.6,328.8,5,65.73,3,2026-08-01T22:15:00+00:00,False,False
2026-08-03 00:00:00+00:00,Thanatos,TOP,Cloud9,2026-08-08T20:07:00+00:00,16.508,4.4,2.6,4.6,289.6,5,45.17,3,2026-08-01T22:15:00+00:00,False,False
2026-08-03 00:00:00+00:00,Vulcan,SUP,Cloud9,2026-08-08T20:07:00+00:00,18.864,1.2,3.8,11.6,39,5,61.47,3,2026-08-01T22:15:00+00:00,False,False
2026-08-03 00:00:00+00:00,Yeon,BOT,Team Liquid,2026-08-09T21:39:44+00:00,22.34,6,1.6,4.4,324.6,5,46.83,2,2026-08-02T22:39:56+00:00,False,False
2026-08-03 00:00:00+00:00,Zeyzal,SUP,Shopify Rebellion,2026-08-08T22:36:20+00:00,13.474,1.8,4.6,8.4,30.4,5,55.53,3,2026-08-02T21:12:35+00:00,False,False
2026-08-03 00:00:00+00:00,Zinie,MID,Shopify Rebellion,2026-08-08T22:36:20+00:00,9.086,1.4,4.2,6.6,267.8,5,25.15,3,2026-08-02T21:12:35+00:00,False,False
2026-08-03 00:00:00+00:00,huhi,SUP,Sentinels,2026-08-08T22:36:20+00:00,19.18,0.4,3,11.2,34.4,5,61.65,3,2026-08-02T22:39:56+00:00,False,False
2026-08-03 00:00:00+00:00,sajed,BOT,Disguised,2026-08-08T20:07:00+00:00,8.362,2.4,4,4.6,326.2,5,33.32,3,2026-08-02T00:18:22+00:00,False,False
2026-08-10 00:00:00+00:00,Armao,JGL,LYON,2026-08-16T22:05:12+00:00,19.706,3.2,2.2,10.8,221.6,5,28.79,2,2026-08-09T20:57:17+00:00,False,False
2026-08-10 00:00:00+00:00,Berserker,BOT,LYON,2026-08-16T22:05:12+00:00,28.452,8.4,1.8,5.2,314.2,5,42.84,2,2026-08-09T20:57:17+00:00,False,False
2026-08-10 00:00:00+00:00,Blaber,JGL,Cloud9,2026-08-16T20:08:36+00:00,19.864,3.6,2.2,9.8,224,5,33.4,2,2026-08-08T21:50:46+00:00,False,False
2026-08-10 00:00:00+00:00,Bvoy,BOT,Shopify Rebellion,2026-08-15T21:49:02+00:00,11.496,3.6,3.2,3.6,316.2,5,55.9,3,2026-08-09T00:22:00+00:00,False,False
2026-08-10 00:00:00+00:00,Callme,MID,Disguised,2026-08-15T20:08:26+00:00,9.996,2,3.6,4.8,317.4,5,16.49,2,2026-08-08T21:50:46+00:00,False,False
2026-08-10 00:00:00+00:00,Contractz,JGL,Shopify Rebellion,2026-08-15T21:49:02+00:00,12.686,2.6,3.2,7,250,5,41.8,3,2026-08-09T00:22:00+00:00,False,False
2026-08-10 00:00:00+00:00,CoreJJ,SUP,Team Liquid,2026-08-15T20:08:26+00:00,24.238,1.4,1.8,12.8,29.4,5,61.19,2,2026-08-09T22:25:28+00:00,False,False
2026-08-10 00:00:00+00:00,Cryogen,SUP,FlyQuest,2026-08-16T20:08:36+00:00,17.596,1.2,4.4,11.4,29.8,5,14.87,2,2026-08-09T22:25:28+00:00,False,False
2026-08-10 00:00:00+00:00,DARKWINGS,MID,Sentinels,2026-08-16T22:05:12+00:00,13.188,1.6,3.6,6.6,282.6,5,16.3,2,2026-08-09T00:22:00+00:00,False,False
2026-08-10 00:00:00+00:00,Dardoch,JGL,Dignitas,2026-08-15T21:49:02+00:00,12.594,2.6,2.6,5.8,174.8,5,25.58,3,2026-08-09T20:57:17+00:00,False,False
2026-08-10 00:00:00+00:00,Denathor,TOP,Dignitas,2026-08-15T21:49:02+00:00,10.874,2,4,4.8,237.6,5,35.21,3,2026-08-09T20:57:17+00:00,False,False
2026-08-10 00:00:00+00:00,Dhokla,TOP,LYON,2026-08-16T22:05:12+00:00,13.098,2.4,2.8,5.6,240.4,5,26.12,2,2026-08-09T20:57:17+00:00,False,False
2026-08-10 00:00:00+00:00,FBI,BOT,Dignitas,2026-08-15T21:49:02+00:00,11.764,3,3,4.6,283,5,31.23,3,2026-08-09T20:57:17+00:00,False,False
2026-08-10 00:00:00+00:00,Fudge,TOP,Shopify Rebellion,2026-08-15T21:49:02+00:00,14.252,3.8,2.8,3.6,286,5,42.37,3,2026-08-09T00:22:00+00:00,False,False
2026-08-10 00:00:00+00:00,Gakgos,TOP,FlyQuest,2026-08-16T20:08:36+00:00,11.652,2.2,3,5.6,246.4,5,11.45,2,2026-08-09T22:25:28+00:00,False,False
2026-08-10 00:00:00+00:00,Gryffinn,JGL,FlyQuest,2026-08-16T20:08:36+00:00,17.042,6,3.4,6.4,214,5,16.36,2,2026-08-09T22:25:28+00:00,False,False
2026-08-10 00:00:00+00:00,HamBak,JGL,Sentinels,2026-08-16T22:05:12+00:00,10.98,3.4,2.8,4.6,216.8,5,28.56,2,2026-08-09T00:22:00+00:00,False,False
2026-08-10 00:00:00+00:00,Ignar,SUP,Dignitas,2026-08-15T21:49:02+00:00,11.464,0.2,3,8,31.4,5,44.97,3,2026-08-09T20:57:17+00:00,False,False
2026-08-10 00:00:00+00:00,Impact,TOP,Sentinels,2026-08-16T22:05:12+00:00,8.732,1.4,3.8,3.6,259.4,5,26.79,2,2026-08-09T00:22:00+00:00,False,False
2026-08-10 00:00:00+00:00,Isles,SUP,LYON,2026-08-16T22:05:12+00:00,24.708,1.2,2,13.8,27.6,5,35.82,2,2026-08-09T20:57:17+00:00,False,False
2026-08-10 00:00:00+00:00,Josedeodo,JGL,Team Liquid,2026-08-15T20:08:26+00:00,17.092,2,1.6,9.8,214.8,5,66.46,2,2026-08-09T22:25:28+00:00,False,False
2026-08-10 00:00:00+00:00,KryRa,JGL,Disguised,2026-08-15T20:08:26+00:00,9.68,2.6,4,5.6,212.8,5,10.21,2,2026-08-08T21:50:46+00:00,False,False
2026-08-10 00:00:00+00:00,Loki,MID,Cloud9,2026-08-16T20:08:36+00:00,26.658,6,2.4,8,291.6,5,53.38,2,2026-08-08T21:50:46+00:00,False,False
2026-08-10 00:00:00+00:00,Lyonz,SUP,Disguised,2026-08-15T20:08:26+00:00,11.472,0.2,4.4,8,35.8,5,7.5,2,2026-08-08T21:50:46+00:00,False,False
2026-08-10 00:00:00+00:00,Massu,BOT,FlyQuest,2026-08-16T20:08:36+00:00,18.638,4.6,4,8,265.6,5,20.6,2,2026-08-09T22:25:28+00:00,False,False
2026-08-10 00:00:00+00:00,Morgan,TOP,Team Liquid,2026-08-15T20:08:26+00:00,19.728,2.8,1.2,6.6,241.8,5,44.59,2,2026-08-09T22:25:28+00:00,False,False
2026-08-10 00:00:00+00:00,Palafox,MID,Dignitas,2026-08-15T21:49:02+00:00,11.34,3,3.4,5.4,246,5,14.11,3,2026-08-09T20:57:17+00:00,False,False
2026-08-10 00:00:00+00:00,Quad,MID,FlyQuest,2026-08-16T20:08:36+00:00,19.496,4,3.4,8.4,258,5,25.05,2,2026-08-09T22:25:28+00:00,False,False
2026-08-10 00:00:00+00:00,Quid,MID,Team Liquid,2026-08-15T20:08:26+00:00,24.336,4.8,1.2,8.6,264,5,53.75,2,2026-08-09T22:25:28+00:00,False,False
2026-08-10 00:00:00+00:00,Rahel,BOT,Sentinels,2026-08-16T22:05:12+00:00,15.64,3.8,2.2,3.8,339.4,5,39.16,2,2026-08-09T00:22:00+00:00,False,False
2026-08-10 00:00:00+00:00,Saint,MID,LYON,2026-08-16T22:05:12+00:00,22.526,4.4,1.8,8.8,293.2,5,42.12,2,2026-08-09T20:57:17+00:00,False,False
2026-08-10 00:00:00+00:00,Srtty,TOP,Disguised,2026-08-15T20:08:26+00:00,11.384,3.2,3.6,2.4,264.4,5,18.34,2,2026-08-08T21:50:46+00:00,False,False
2026-08-10 00:00:00+00:00,Tactical,BOT,Cloud9,2026-08-16T20:08:36+00:00,20.216,4.8,2,6.2,321,5,49.29,2,2026-08-08T21:50:46+00:00,False,False
2026-08-10 00:00:00+00:00,Thanatos,TOP,Cloud9,2026-08-16T20:08:36+00:00,15.048,3.6,2.4,4.2,264.2,5,48.31,2,2026-08-08T21:50:46+00:00,False,False
2026-08-10 00:00:00+00:00,Vulcan,SUP,Cloud9,2026-08-16T20:08:36+00:00,22.43,0.4,1.2,12.8,35.8,5,55.74,2,2026-08-08T21:50:46+00:00,False,False
2026-08-10 00:00:00+00:00,Yeon,BOT,Team Liquid,2026-08-15T20:08:26+00:00,25.78,7,1.2,5.2,267.4,5,48.7,2,2026-08-09T22:25:28+00:00,False,False
2026-08-10 00:00:00+00:00,Zeyzal,SUP,Shopify Rebellion,2026-08-15T21:49:02+00:00,13.23,1.2,4.2,7,35.6,5,60.1,3,2026-08-09T00:22:00+00:00,False,False
2026-08-10 00:00:00+00:00,Zinie,MID,Shopify Rebellion,2026-08-15T21:49:02+00:00,7.28,1,4.2,6.2,268,5,60.15,3,2026-08-09T00:22:00+00:00,False,False
2026-08-10 00:00:00+00:00,huhi,SUP,Sentinels,2026-08-16T22:05:12+00:00,17.792,0.8,2,8.2,41.6,5,26.01,2,2026-08-09T00:22:00+00:00,False,False
2026-08-10 00:00:00+00:00,sajed,BOT,Disguised,2026-08-15T20:08:26+00:00,10.808,2.2,4,5.8,300.8,5,4.57,2,2026-08-08T21:50:46+00:00,False,False
2026-08-17 00:00:00+00:00,Armao,JGL,LYON,2026-08-17T00:02:44+00:00,17.632,3,2,9.2,202.4,5,4.7,1,2026-08-16T23:14:46+00:00,False,False
2026-08-17 00:00:00+00:00,Berserker,BOT,LYON,2026-08-17T00:02:44+00:00,23.096,6.6,0.8,3.8,311,5,27.17,1,2026-08-16T23:14:46+00:00,False,False
2026-08-17 00:00:00+00:00,DARKWINGS,MID,Sentinels,2026-08-17T00:02:44+00:00,12.888,2.2,3.6,6.6,313.6,5,31.59,1,2026-08-16T23:14:46+00:00,False,False
2026-08-17 00:00:00+00:00,Dhokla,TOP,LYON,2026-08-17T00:02:44+00:00,13.28,2.6,2.4,4.8,237.8,5,15.12,1,2026-08-16T23:14:46+00:00,False,False
2026-08-17 00:00:00+00:00,HamBak,JGL,Sentinels,2026-08-17T00:02:44+00:00,13.538,4.2,3.2,5.4,251.4,5,11.26,1,2026-08-16T23:14:46+00:00,False,False
2026-08-17 00:00:00+00:00,Impact,TOP,Sentinels,2026-08-17T00:02:44+00:00,10.632,2,3.4,4.6,282.2,5,16.97,1,2026-08-16T23:14:46+00:00,False,False
2026-08-17 00:00:00+00:00,Isles,SUP,LYON,2026-08-17T00:02:44+00:00,21.956,0.4,2,13,27.4,5,18.02,1,2026-08-16T23:14:46+00:00,False,False
2026-08-17 00:00:00+00:00,Rahel,BOT,Sentinels,2026-08-17T00:02:44+00:00,20.216,4.4,1.4,4.4,387,5,22.28,1,2026-08-16T23:14:46+00:00,False,False
2026-08-17 00:00:00+00:00,Saint,MID,LYON,2026-08-17T00:02:44+00:00,20.388,4,1.8,7.4,287,5,25.41,1,2026-08-16T23:14:46+00:00,False,False
2026-08-17 00:00:00+00:00,huhi,SUP,Sentinels,2026-08-17T00:02:44+00:00,17.532,0.8,3.2,9.4,44.4,5,23.95,1,2026-08-16T23:14:46+00:00,False,False
