player_id,team_id,role,prediction_period_id,target_cutoff,participated,chronological_partition,prelock_features,projected_fantasy_points,realized_fantasy_points,scoring_rule_version,label_policy_id,feature_provenance,label_provenance,row_quality
oe:player:007be3acd5669d100711b13d79e2336,oe:team:4bd1751425ef6a9bc9d4d8e9385b4a6,TOP,period:03ffd32cfddfafb63d73,2024-08-03T20:08:15Z,true,protected_selection_2024,"{""bo_format_context"":null,""canonical_matchup_probability"":null,""playstyle_class_1_probability"":0.24239713651380412,""playstyle_class_2_probability"":0.5860828624272673,""playstyle_uncertainty"":0.24676276040859085,""playstyle_unknown_probability"":0.1715200010589286,""prior_above_role_median_rate"":0.4437651077410381,""prior_champion_observation_count"":37,""prior_core_state"":null,""prior_effective_evidence"":33.700384212292285,""prior_median_performance"":9.498,""prior_player_rating"":1474.5130515732192,""prior_q25_performance"":1.67,""prior_raw_observation_count"":37,""prior_residual_uncertainty"":0.16393186649780347,""prior_role_adjusted_kp"":-0.3111553594218988,""prior_role_relative_rating"":-0.25486948426780937,""prior_starter_reliability"":0.9253205376474528,""prior_team_state"":null,""prior_team_strength"":null,""schedule_opponent_context"":null}",,20.201,2026 - Split 1,lcs_fantasy_split1_2026_reconstructed_v1,"{""dataset"":""feature_provenance"",""max_source_timestamp"":""2024-07-28T21:43:16Z""}",RECONSTRUCTED_NON_OFFICIAL_SPLIT1_2026_RULES,RECONSTRUCTED_COMPLETE_UNDER_POLICY;RECONSTRUCTED_EXCLUDED_COMPONENTS;RECONSTRUCTED_PROXY_USED
oe:player:05fafeaf23dc3285558a4e968970b9f,oe:team:8eb884e168f28402ce685bedebb5250,SUP,period:03ffd32cfddfafb63d73,2024-08-03T20:08:15Z,true,protected_selection_2024,"{""bo_format_context"":null,""canonical_matchup_probability"":null,""playstyle_class_1_probability"":0.5254474218185762,""playstyle_class_2_probability"":0.2426937859041251,""playstyle_uncertainty"":0.36073324523756634,""playstyle_unknown_probability"":0.2318587922772987,""prior_above_role_median_rate"":0.6427799066961455,""prior_champion_observation_count"":308,""prior_core_state"":null,""prior_effective_evidence"":70.58971573081017,""prior_median_performance"":18.2848,""prior_player_rating"":1515.1091399018846,""prior_q25_performance"":13.044799999999999,""prior_raw_observation_count"":308,""prior_residual_uncertainty"":0.10067418308490937,""prior_role_adjusted_kp"":-0.291840491389202,""prior_role_relative_rating"":0.15109139901884708,""prior_starter_reliability"":0.9511691843614806,""prior_team_state"":null,""prior_team_strength"":null,""schedule_opponent_context"":null}",,14.602833333333331,2026 - Split 1,lcs_fantasy_split1_2026_reconstructed_v1,"{""dataset"":""feature_provenance"",""max_source_timestamp"":""2024-07-28T23:12:39Z""}",RECONSTRUCTED_NON_OFFICIAL_SPLIT1_2026_RULES,RECONSTRUCTED_COMPLETE_UNDER_POLICY;RECONSTRUCTED_EXCLUDED_COMPONENTS;RECONSTRUCTED_PROXY_USED
oe:player:10fcffece0ac7be85f09c4b51a75762,oe:team:0dbb780176ecad18f17292d1f5653af,BOT,period:03ffd32cfddfafb63d73,2024-08-03T20:08:15Z,true,protected_selection_2024,"{""bo_format_context"":null,""canonical_matchup_probability"":null,""playstyle_class_1_probability"":null,""playstyle_class_2_probability"":null,""playstyle_uncertainty"":null,""playstyle_unknown_probability"":null,""prior_above_role_median_rate"":0.5391028591891974,""prior_champion_observation_count"":254,""prior_core_state"":null,""prior_effective_evidence"":34.30986378940636,""prior_median_performance"":16.14,""prior_player_rating"":1506.3940183003613,""prior_q25_performance"":8.695799999999998,""prior_raw_observation_count"":254,""prior_residual_uncertainty"":0.163264132723216,""prior_role_adjusted_kp"":0.03597576839333332,""prior_role_relative_rating"":0.06394018300361248,""prior_starter_reliability"":0.9131807205080884,""prior_team_state"":null,""prior_team_strength"":null,""schedule_opponent_context"":null}",,21.6115,2026 - Split 1,lcs_fantasy_split1_2026_reconstructed_v1,"{""dataset"":""feature_provenance"",""max_source_timestamp"":""2024-07-27T22:39:35Z""}",RECONSTRUCTED_NON_OFFICIAL_SPLIT1_2026_RULES,RECONSTRUCTED_COMPLETE_UNDER_POLICY;RECONSTRUCTED_EXCLUDED_COMPONENTS;RECONSTRUCTED_PROXY_USED
oe:player:1970fcb701acce66e0771946bbb3105,oe:team:8eb884e168f28402ce685bedebb5250,JGL,period:03ffd32cfddfafb63d73,2024-08-03T20:08:15Z,true,protected_selection_2024,"{""bo_format_context"":null,""canonical_matchup_probability"":null,""playstyle_class_1_probability"":null,""playstyle_class_2_probability"":null,""playstyle_uncertainty"":null,""playstyle_unknown_probability"":null,""prior_above_role_median_rate"":0.6088567361537991,""prior_champion_observation_count"":45,""prior_core_state"":null,""prior_effective_evidence"":41.493692640350815,""prior_median_performance"":17.115000000000002,""prior_player_rating"":1504.9821208708954,""prior_q25_performance"":12.33,""prior_raw_observation_count"":45,""prior_residual_uncertainty"":0.11424897621848482,""prior_role_adjusted_kp"":-0.3041208811263534,""prior_role_relative_rating"":0.04982120870895522,""prior_starter_reliability"":0.9364454612255189,""prior_team_state"":null,""prior_team_strength"":null,""schedule_opponent_context"":null}",,21.82766666666667,2026 - Split 1,lcs_fantasy_split1_2026_reconstructed_v1,"{""dataset"":""feature_provenance"",""max_source_timestamp"":""2024-07-28T23:12:39Z""}",RECONSTRUCTED_NON_OFFICIAL_SPLIT1_2026_RULES,RECONSTRUCTED_COMPLETE_UNDER_POLICY;RECONSTRUCTED_EXCLUDED_COMPONENTS;RECONSTRUCTED_PROXY_USED
oe:player:1efc4e5732e91520d03385900b903f9,oe:team:fc8e90107dabb9a35c490b0d86adea0,TOP,period:03ffd32cfddfafb63d73,2024-08-03T20:08:15Z,true,protected_selection_2024,"{""bo_format_context"":null,""canonical_matchup_probability"":null,""playstyle_class_1_probability"":0.1682913212220958,""playstyle_class_2_probability"":0.534876217937495,""playstyle_uncertainty"":0.31160612832376283,""playstyle_unknown_probability"":0.2968324608404092,""prior_above_role_median_rate"":0.8179953675245683,""prior_champion_observation_count"":11,""prior_core_state"":null,""prior_effective_evidence"":10.953874346292622,""prior_median_performance"":17.079,""prior_player_rating"":1518.7531042314747,""prior_q25_performance"":12.641,""prior_raw_observation_count"":11,""prior_residual_uncertainty"":0.2486992186952449,""prior_role_adjusted_kp"":-0.19419222135532535,""prior_role_relative_rating"":0.18753104231474704,""prior_starter_reliability"":0.8548370955347562,""prior_team_state"":null,""prior_team_strength"":null,""schedule_opponent_context"":null}",,7.046,2026 - Split 1,lcs_fantasy_split1_2026_reconstructed_v1,"{""dataset"":""feature_provenance"",""max_source_timestamp"":""2024-07-27T21:03:03Z""}",RECONSTRUCTED_NON_OFFICIAL_SPLIT1_2026_RULES,RECONSTRUCTED_COMPLETE_UNDER_POLICY;RECONSTRUCTED_EXCLUDED_COMPONENTS;RECONSTRUCTED_PROXY_USED
oe:player:21f59b54f62b5b8b4bc0f63f0f617fc,oe:team:8eb884e168f28402ce685bedebb5250,TOP,period:03ffd32cfddfafb63d73,2024-08-03T20:08:15Z,true,protected_selection_2024,"{""bo_format_context"":null,""canonical_matchup_probability"":null,""playstyle_class_1_probability"":0.3418536122786889,""playstyle_class_2_probability"":0.4659427412209652,""playstyle_uncertainty"":0.3502799785471752,""playstyle_unknown_probability"":0.19220364650034594,""prior_above_role_median_rate"":0.6212463048297039,""prior_champion_observation_count"":298,""prior_core_state"":null,""prior_effective_evidence"":63.468593020581864,""prior_median_performance"":14.68,""prior_player_rating"":1516.218083618156,""prior_q25_performance"":8.489,""prior_raw_observation_count"":298,""prior_residual_uncertainty"":0.1242739662846719,""prior_role_adjusted_kp"":-0.02358397924521146,""prior_role_relative_rating"":0.16218083618156054,""prior_starter_reliability"":0.9481409096797773,""prior_team_state"":null,""prior_team_strength"":null,""schedule_opponent_context"":null}",,12.560333333333334,2026 - Split 1,lcs_fantasy_split1_2026_reconstructed_v1,"{""dataset"":""feature_provenance"",""max_source_timestamp"":""2024-07-28T23:12:39Z""}",RECONSTRUCTED_NON_OFFICIAL_SPLIT1_2026_RULES,RECONSTRUCTED_COMPLETE_UNDER_POLICY;RECONSTRUCTED_EXCLUDED_COMPONENTS;RECONSTRUCTED_PROXY_USED
oe:player:3e722c8ede909c83af9342c41805a16,oe:team:2e66da41dc460dd378e3bcc57042d31,SUP,period:03ffd32cfddfafb63d73,2024-08-03T20:08:15Z,true,protected_selection_2024,"{""bo_format_context"":null,""canonical_matchup_probability"":null,""playstyle_class_1_probability"":0.42817335687004143,""playstyle_class_2_probability"":0.22819235847997882,""playstyle_uncertainty"":0.38661261002865244,""playstyle_unknown_probability"":0.3436342846499798,""prior_above_role_median_rate"":0.6725244992562679,""prior_champion_observation_count"":90,""prior_core_state"":null,""prior_effective_evidence"":52.18282730203239,""prior_median_performance"":21.169600000000003,""prior_player_rating"":1517.4676484280092,""prior_q25_performance"":11.458000000000002,""prior_raw_observation_count"":90,""prior_residual_uncertainty"":0.11580333323083601,""prior_role_adjusted_kp"":-0.015643470963879493,""prior_role_relative_rating"":0.17467648428009197,""prior_starter_reliability"":0.9417859042390277,""prior_team_state"":null,""prior_team_strength"":null,""schedule_opponent_context"":null}",,7.7371333333333325,2026 - Split 1,lcs_fantasy_split1_2026_reconstructed_v1,"{""dataset"":""feature_provenance"",""max_source_timestamp"":""2024-07-28T21:43:16Z""}",RECONSTRUCTED_NON_OFFICIAL_SPLIT1_2026_RULES,RECONSTRUCTED_COMPLETE_UNDER_POLICY;RECONSTRUCTED_EXCLUDED_COMPONENTS;RECONSTRUCTED_PROXY_USED
oe:player:40704dfd2d966862568d29770de57bd,oe:team:0dbb780176ecad18f17292d1f5653af,SUP,period:03ffd32cfddfafb63d73,2024-08-03T20:08:15Z,true,protected_selection_2024,"{""bo_format_context"":null,""canonical_matchup_probability"":null,""playstyle_class_1_probability"":0.5985629001287325,""playstyle_class_2_probability"":0.16583113584971232,""playstyle_uncertainty"":0.30922428066758517,""playstyle_unknown_probability"":0.23560596402155523,""prior_above_role_median_rate"":0.4457291330427019,""prior_champion_observation_count"":46,""prior_core_state"":null,""prior_effective_evidence"":27.71280855170256,""prior_median_performance"":13.2857,""prior_player_rating"":1498.5846972810375,""prior_q25_performance"":8.987300000000001,""prior_raw_observation_count"":46,""prior_residual_uncertainty"":0.15144703253526995,""prior_role_adjusted_kp"":0.08178499700247141,""prior_role_relative_rating"":-0.01415302718962514,""prior_starter_reliability"":0.9149822120528174,""prior_team_state"":null,""prior_team_strength"":null,""schedule_opponent_context"":null}",,18.6067,2026 - Split 1,lcs_fantasy_split1_2026_reconstructed_v1,"{""dataset"":""feature_provenance"",""max_source_timestamp"":""2024-07-27T22:39:35Z""}",RECONSTRUCTED_NON_OFFICIAL_SPLIT1_2026_RULES,RECONSTRUCTED_COMPLETE_UNDER_POLICY;RECONSTRUCTED_EXCLUDED_COMPONENTS;RECONSTRUCTED_PROXY_USED
oe:player:460ae5a7af8d68f7831b70307210ab3,oe:team:fc8e90107dabb9a35c490b0d86adea0,BOT,period:03ffd32cfddfafb63d73,2024-08-03T20:08:15Z,true,protected_selection_2024,"{""bo_format_context"":null,""canonical_matchup_probability"":null,""playstyle_class_1_probability"":null,""playstyle_class_2_probability"":null,""playstyle_uncertainty"":null,""playstyle_unknown_probability"":null,""prior_above_role_median_rate"":0.5932569492591248,""prior_champion_observation_count"":152,""prior_core_state"":null,""prior_effective_evidence"":56.519051039782624,""prior_median_performance"":20.15,""prior_player_rating"":1514.9220278339217,""prior_q25_performance"":11.129999999999999,""prior_raw_observation_count"":152,""prior_residual_uncertainty"":0.12568001806282406,""prior_role_adjusted_kp"":0.03975464821676199,""prior_role_relative_rating"":0.14922027833921575,""prior_starter_reliability"":0.9401781643640829,""prior_team_state"":null,""prior_team_strength"":null,""schedule_opponent_context"":null}",,18.551333333333332,2026 - Split 1,lcs_fantasy_split1_2026_reconstructed_v1,"{""dataset"":""feature_provenance"",""max_source_timestamp"":""2024-07-27T21:03:03Z""}",RECONSTRUCTED_NON_OFFICIAL_SPLIT1_2026_RULES,RECONSTRUCTED_COMPLETE_UNDER_POLICY;RECONSTRUCTED_EXCLUDED_COMPONENTS;RECONSTRUCTED_PROXY_USED
oe:player:494fc60dffbb5da1caa2226baef0ec7,oe:team:b360f1d729b0a8e0f29a5243c4200fa,BOT,period:03ffd32cfddfafb63d73,2024-08-03T20:08:15Z,true,protected_selection_2024,"{""bo_format_context"":null,""canonical_matchup_probability"":null,""playstyle_class_1_probability"":null,""playstyle_class_2_probability"":null,""playstyle_uncertainty"":null,""playstyle_unknown_probability"":null,""prior_above_role_median_rate"":0.5239188188240627,""prior_champion_observation_count"":22,""prior_core_state"":null,""prior_effective_evidence"":19.901640395699477,""prior_median_performance"":15.96,""prior_player_rating"":1497.5351550315738,""prior_q25_performance"":7.470000000000001,""prior_raw_observation_count"":22,""prior_residual_uncertainty"":0.2041976791535555,""prior_role_adjusted_kp"":-0.053735806942455645,""prior_role_relative_rating"":-0.02464844968426248,""prior_starter_reliability"":0.8926199812290185,""prior_team_state"":null,""prior_team_strength"":null,""schedule_opponent_context"":null}",,12.067333333333332,2026 - Split 1,lcs_fantasy_split1_2026_reconstructed_v1,"{""dataset"":""feature_provenance"",""max_source_timestamp"":""2024-07-27T22:39:35Z""}",RECONSTRUCTED_NON_OFFICIAL_SPLIT1_2026_RULES,RECONSTRUCTED_COMPLETE_UNDER_POLICY;RECONSTRUCTED_EXCLUDED_COMPONENTS;RECONSTRUCTED_PROXY_USED
oe:player:4a18312b5b75f549d5551e5912ad6eb,oe:team:c334c629fea759876e9e04afbe4aee7,MID,period:03ffd32cfddfafb63d73,2024-08-03T20:08:15Z,true,protected_selection_2024,"{""bo_format_context"":null,""canonical_matchup_probability"":null,""playstyle_class_1_probability"":null,""playstyle_class_2_probability"":null,""playstyle_uncertainty"":null,""playstyle_unknown_probability"":null,""prior_above_role_median_rate"":0.3792262485172732,""prior_champion_observation_count"":24,""prior_core_state"":null,""prior_effective_evidence"":21.561399683923444,""prior_median_performance"":13.48,""prior_player_rating"":1488.9738701825092,""prior_q25_performance"":8.7,""prior_raw_observation_count"":24,""prior_residual_uncertainty"":0.1689343004349131,""prior_role_adjusted_kp"":-0.0896918020383211,""prior_role_relative_rating"":-0.1102612981749065,""prior_starter_reliability"":0.8972229763599513,""prior_team_state"":null,""prior_team_strength"":null,""schedule_opponent_context"":null}",,17.3825,2026 - Split 1,lcs_fantasy_split1_2026_reconstructed_v1,"{""dataset"":""feature_provenance"",""max_source_timestamp"":""2024-07-28T23:12:39Z""}",RECONSTRUCTED_NON_OFFICIAL_SPLIT1_2026_RULES,RECONSTRUCTED_COMPLETE_UNDER_POLICY;RECONSTRUCTED_EXCLUDED_COMPONENTS;RECONSTRUCTED_PROXY_USED
oe:player:4e0619e57cb50c4ab1230c2dd72df1b,oe:team:c334c629fea759876e9e04afbe4aee7,BOT,period:03ffd32cfddfafb63d73,2024-08-03T20:08:15Z,true,protected_selection_2024,"{""bo_format_context"":null,""canonical_matchup_probability"":null,""playstyle_class_1_probability"":null,""playstyle_class_2_probability"":null,""playstyle_uncertainty"":null,""playstyle_unknown_probability"":null,""prior_above_role_median_rate"":0.27660685616615754,""prior_champion_observation_count"":219,""prior_core_state"":null,""prior_effective_evidence"":36.01209383712276,""prior_median_performance"":12.18,""prior_player_rating"":1489.0745309955778,""prior_q25_performance"":6.68,""prior_raw_observation_count"":219,""prior_residual_uncertainty"":0.1510061971770195,""prior_role_adjusted_kp"":0.1272117604345241,""prior_role_relative_rating"":-0.10925469004422278,""prior_starter_reliability"":0.9181608192271127,""prior_team_state"":null,""prior_team_strength"":null,""schedule_opponent_context"":null}",,11.485000000000001,2026 - Split 1,lcs_fantasy_split1_2026_reconstructed_v1,"{""dataset"":""feature_provenance"",""max_source_timestamp"":""2024-07-28T23:12:39Z""}",RECONSTRUCTED_NON_OFFICIAL_SPLIT1_2026_RULES,RECONSTRUCTED_COMPLETE_UNDER_POLICY;RECONSTRUCTED_EXCLUDED_COMPONENTS;RECONSTRUCTED_PROXY_USED
oe:player:5385f74da3e5deb5b66d9a1ee56cf97,oe:team:e758ebe9a5a2cc81b9c8078479c2d87,TOP,period:03ffd32cfddfafb63d73,2024-08-03T20:08:15Z,true,protected_selection_2024,"{""bo_format_context"":null,""canonical_matchup_probability"":null,""playstyle_class_1_probability"":0.35433585791526173,""playstyle_class_2_probability"":0.4255029649454231,""playstyle_uncertainty"":0.3420915040136166,""playstyle_unknown_probability"":0.2201611771393152,""prior_above_role_median_rate"":0.47427926166036327,""prior_champion_observation_count"":129,""prior_core_state"":null,""prior_effective_evidence"":55.75267040789508,""prior_median_performance"":11.224,""prior_player_rating"":1487.128458969732,""prior_q25_performance"":5.15,""prior_raw_observation_count"":129,""prior_residual_uncertainty"":0.1172773210233955,""prior_role_adjusted_kp"":-0.1323991991451895,""prior_role_relative_rating"":-0.1287154103026796,""prior_starter_reliability"":0.9385822305764728,""prior_team_state"":null,""prior_team_strength"":null,""schedule_opponent_context"":null}",,12.793999999999999,2026 - Split 1,lcs_fantasy_split1_2026_reconstructed_v1,"{""dataset"":""feature_provenance"",""max_source_timestamp"":""2024-07-27T21:03:03Z""}",RECONSTRUCTED_NON_OFFICIAL_SPLIT1_2026_RULES,RECONSTRUCTED_COMPLETE_UNDER_POLICY;RECONSTRUCTED_EXCLUDED_COMPONENTS;RECONSTRUCTED_PROXY_USED
oe:player:6378658dafc3eeb902fa2e52f909172,oe:team:4bd1751425ef6a9bc9d4d8e9385b4a6,BOT,period:03ffd32cfddfafb63d73,2024-08-03T20:08:15Z,true,protected_selection_2024,"{""bo_format_context"":null,""canonical_matchup_probability"":null,""playstyle_class_1_probability"":null,""playstyle_class_2_probability"":null,""playstyle_uncertainty"":null,""playstyle_unknown_probability"":null,""prior_above_role_median_rate"":0.43400056528981235,""prior_champion_observation_count"":67,""prior_core_state"":null,""prior_effective_evidence"":37.87450859205515,""prior_median_performance"":12.5,""prior_player_rating"":1492.9649960946128,""prior_q25_performance"":6.59,""prior_raw_observation_count"":67,""prior_residual_uncertainty"":0.15390757102051342,""prior_role_adjusted_kp"":-0.042619774678965015,""prior_role_relative_rating"":-0.07035003905387176,""prior_starter_reliability"":0.8859261659022474,""prior_team_state"":null,""prior_team_strength"":null,""schedule_opponent_context"":null}",,24.271499999999996,2026 - Split 1,lcs_fantasy_split1_2026_reconstructed_v1,"{""dataset"":""feature_provenance"",""max_source_timestamp"":""2024-03-17T21:43:44Z""}",RECONSTRUCTED_NON_OFFICIAL_SPLIT1_2026_RULES,RECONSTRUCTED_COMPLETE_UNDER_POLICY;RECONSTRUCTED_EXCLUDED_COMPONENTS;RECONSTRUCTED_PROXY_USED
oe:player:6841f2d68619d53bdd1cdbf30b5be2c,oe:team:b360f1d729b0a8e0f29a5243c4200fa,SUP,period:03ffd32cfddfafb63d73,2024-08-03T20:08:15Z,true,protected_selection_2024,"{""bo_format_context"":null,""canonical_matchup_probability"":null,""playstyle_class_1_probability"":0.618312335215626,""playstyle_class_2_probability"":0.17116946455938148,""playstyle_uncertainty"":0.3304301993582944,""playstyle_unknown_probability"":0.21051820022499243,""prior_above_role_median_rate"":0.3646922019502305,""prior_champion_observation_count"":84,""prior_core_state"":null,""prior_effective_evidence"":21.63865113993267,""prior_median_performance"":13.7904,""prior_player_rating"":1484.7326603791569,""prior_q25_performance"":5.62,""prior_raw_observation_count"":84,""prior_residual_uncertainty"":0.17690150322000742,""prior_role_adjusted_kp"":-0.06082602945386436,""prior_role_relative_rating"":-0.1526733962084322,""prior_starter_reliability"":0.8974535169347744,""prior_team_state"":null,""prior_team_strength"":null,""schedule_opponent_context"":null}",,10.210533333333332,2026 - Split 1,lcs_fantasy_split1_2026_reconstructed_v1,"{""dataset"":""feature_provenance"",""max_source_timestamp"":""2024-07-27T22:39:35Z""}",RECONSTRUCTED_NON_OFFICIAL_SPLIT1_2026_RULES,RECONSTRUCTED_COMPLETE_UNDER_POLICY;RECONSTRUCTED_EXCLUDED_COMPONENTS;RECONSTRUCTED_PROXY_USED
oe:player:73d2b65353d7b00e0f198ffdc085edc,oe:team:e758ebe9a5a2cc81b9c8078479c2d87,BOT,period:03ffd32cfddfafb63d73,2024-08-03T20:08:15Z,true,protected_selection_2024,"{""bo_format_context"":null,""canonical_matchup_probability"":null,""playstyle_class_1_probability"":null,""playstyle_class_2_probability"":null,""playstyle_uncertainty"":null,""playstyle_unknown_probability"":null,""prior_above_role_median_rate"":0.4700075978374618,""prior_champion_observation_count"":297,""prior_core_state"":null,""prior_effective_evidence"":58.56319907544353,""prior_median_performance"":13.29,""prior_player_rating"":1499.0880347701714,""prior_q25_performance"":6.87,""prior_raw_observation_count"":297,""prior_residual_uncertainty"":0.12410807286408493,""prior_role_adjusted_kp"":0.1489378995830893,""prior_role_relative_rating"":-0.009119652298286717,""prior_starter_reliability"":0.9399003706996055,""prior_team_state"":null,""prior_team_strength"":null,""schedule_opponent_context"":null}",,14.0595,2026 - Split 1,lcs_fantasy_split1_2026_reconstructed_v1,"{""dataset"":""feature_provenance"",""max_source_timestamp"":""2024-07-27T21:03:03Z""}",RECONSTRUCTED_NON_OFFICIAL_SPLIT1_2026_RULES,RECONSTRUCTED_COMPLETE_UNDER_POLICY;RECONSTRUCTED_EXCLUDED_COMPONENTS;RECONSTRUCTED_PROXY_USED
oe:player:7c3395efccd48fe73592001501bef83,oe:team:4bd1751425ef6a9bc9d4d8e9385b4a6,JGL,period:03ffd32cfddfafb63d73,2024-08-03T20:08:15Z,true,protected_selection_2024,"{""bo_format_context"":null,""canonical_matchup_probability"":null,""playstyle_class_1_probability"":null,""playstyle_class_2_probability"":null,""playstyle_uncertainty"":null,""playstyle_unknown_probability"":null,""prior_above_role_median_rate"":0.4396153334781345,""prior_champion_observation_count"":152,""prior_core_state"":null,""prior_effective_evidence"":60.485476329765994,""prior_median_performance"":13.97,""prior_player_rating"":1488.3570991054492,""prior_q25_performance"":5.84,""prior_raw_observation_count"":152,""prior_residual_uncertainty"":0.1081692805250954,""prior_role_adjusted_kp"":-0.18639766212343825,""prior_role_relative_rating"":-0.11642900894550853,""prior_starter_reliability"":0.943709360648945,""prior_team_state"":null,""prior_team_strength"":null,""schedule_opponent_context"":null}",,23.3965,2026 - Split 1,lcs_fantasy_split1_2026_reconstructed_v1,"{""dataset"":""feature_provenance"",""max_source_timestamp"":""2024-07-28T21:43:16Z""}",RECONSTRUCTED_NON_OFFICIAL_SPLIT1_2026_RULES,RECONSTRUCTED_COMPLETE_UNDER_POLICY;RECONSTRUCTED_EXCLUDED_COMPONENTS;RECONSTRUCTED_PROXY_USED
oe:player:7e0e7ac2a199e8e2ecb30499a3b2153,oe:team:0dbb780176ecad18f17292d1f5653af,MID,period:03ffd32cfddfafb63d73,2024-08-03T20:08:15Z,true,protected_selection_2024,"{""bo_format_context"":null,""canonical_matchup_probability"":null,""playstyle_class_1_probability"":null,""playstyle_class_2_probability"":null,""playstyle_uncertainty"":null,""playstyle_unknown_probability"":null,""prior_above_role_median_rate"":0.5302680580931568,""prior_champion_observation_count"":259,""prior_core_state"":null,""prior_effective_evidence"":55.04850250960332,""prior_median_performance"":16.560000000000002,""prior_player_rating"":1500.2140882192011,""prior_q25_performance"":8.218,""prior_raw_observation_count"":259,""prior_residual_uncertainty"":0.13980101145118962,""prior_role_adjusted_kp"":-0.0690489677454673,""prior_role_relative_rating"":0.002140882192011054,""prior_starter_reliability"":0.9420472963311384,""prior_team_state"":null,""prior_team_strength"":null,""schedule_opponent_context"":null}",,32.3945,2026 - Split 1,lcs_fantasy_split1_2026_reconstructed_v1,"{""dataset"":""feature_provenance"",""max_source_timestamp"":""2024-07-27T22:39:35Z""}",RECONSTRUCTED_NON_OFFICIAL_SPLIT1_2026_RULES,RECONSTRUCTED_COMPLETE_UNDER_POLICY;RECONSTRUCTED_EXCLUDED_COMPONENTS;RECONSTRUCTED_PROXY_USED
oe:player:7e2505960c12cc54c96a0a6efb2e055,oe:team:2e66da41dc460dd378e3bcc57042d31,TOP,period:03ffd32cfddfafb63d73,2024-08-03T20:08:15Z,true,protected_selection_2024,"{""bo_format_context"":null,""canonical_matchup_probability"":null,""playstyle_class_1_probability"":0.21987228228673925,""playstyle_class_2_probability"":0.5024948434749892,""playstyle_uncertainty"":0.36950508744251476,""playstyle_unknown_probability"":0.27763287423827154,""prior_above_role_median_rate"":0.5581284694417469,""prior_champion_observation_count"":119,""prior_core_state"":null,""prior_effective_evidence"":40.346797380245846,""prior_median_performance"":15.049999999999999,""prior_player_rating"":1511.219974258526,""prior_q25_performance"":9.772000000000002,""prior_raw_observation_count"":119,""prior_residual_uncertainty"":0.1333060506048871,""prior_role_adjusted_kp"":0.05743868538325829,""prior_role_relative_rating"":0.11219974258525979,""prior_starter_reliability"":0.9337214523269394,""prior_team_state"":null,""prior_team_strength"":null,""schedule_opponent_context"":null}",,10.058333333333334,2026 - Split 1,lcs_fantasy_split1_2026_reconstructed_v1,"{""dataset"":""feature_provenance"",""max_source_timestamp"":""2024-07-28T21:43:16Z""}",RECONSTRUCTED_NON_OFFICIAL_SPLIT1_2026_RULES,RECONSTRUCTED_COMPLETE_UNDER_POLICY;RECONSTRUCTED_EXCLUDED_COMPONENTS;RECONSTRUCTED_PROXY_USED
oe:player:80fea0848c57b8e07a79675d41f582c,oe:team:c334c629fea759876e9e04afbe4aee7,TOP,period:03ffd32cfddfafb63d73,2024-08-03T20:08:15Z,true,protected_selection_2024,"{""bo_format_context"":null,""canonical_matchup_probability"":null,""playstyle_class_1_probability"":0.23651517902327832,""playstyle_class_2_probability"":0.43578949815864265,""playstyle_uncertainty"":0.32961486115190514,""playstyle_unknown_probability"":0.32769532281807906,""prior_above_role_median_rate"":0.40902351933034453,""prior_champion_observation_count"":24,""prior_core_state"":null,""prior_effective_evidence"":21.561399683923444,""prior_median_performance"":7.390000000000001,""prior_player_rating"":1488.2985947766854,""prior_q25_performance"":4.63,""prior_raw_observation_count"":24,""prior_residual_uncertainty"":0.1819227102382257,""prior_role_adjusted_kp"":0.20921146910735441,""prior_role_relative_rating"":-0.1170140522331471,""prior_starter_reliability"":0.8972229763599513,""prior_team_state"":null,""prior_team_strength"":null,""schedule_opponent_context"":null}",,7.9384999999999994,2026 - Split 1,lcs_fantasy_split1_2026_reconstructed_v1,"{""dataset"":""feature_provenance"",""max_source_timestamp"":""2024-07-28T23:12:39Z""}",RECONSTRUCTED_NON_OFFICIAL_SPLIT1_2026_RULES,RECONSTRUCTED_COMPLETE_UNDER_POLICY;RECONSTRUCTED_EXCLUDED_COMPONENTS;RECONSTRUCTED_PROXY_USED
oe:player:81acc6bcde5c927c78e0990e9887f84,oe:team:fc8e90107dabb9a35c490b0d86adea0,SUP,period:03ffd32cfddfafb63d73,2024-08-03T20:08:15Z,true,protected_selection_2024,"{""bo_format_context"":null,""canonical_matchup_probability"":null,""playstyle_class_1_probability"":0.48690806043128504,""playstyle_class_2_probability"":0.2736469836471935,""playstyle_uncertainty"":0.37462589378428623,""playstyle_unknown_probability"":0.2394449559215215,""prior_above_role_median_rate"":0.5776090466584524,""prior_champion_observation_count"":313,""prior_core_state"":null,""prior_effective_evidence"":51.7046935163561,""prior_median_performance"":17.647299999999998,""prior_player_rating"":1509.508005117101,""prior_q25_performance"":10.5587,""prior_raw_observation_count"":313,""prior_residual_uncertainty"":0.12205920995214031,""prior_role_adjusted_kp"":-0.0771730273864809,""prior_role_relative_rating"":0.09508005117101093,""prior_starter_reliability"":0.9371553265904945,""prior_team_state"":null,""prior_team_strength"":null,""schedule_opponent_context"":null}",,17.27443333333333,2026 - Split 1,lcs_fantasy_split1_2026_reconstructed_v1,"{""dataset"":""feature_provenance"",""max_source_timestamp"":""2024-07-27T21:03:03Z""}",RECONSTRUCTED_NON_OFFICIAL_SPLIT1_2026_RULES,RECONSTRUCTED_COMPLETE_UNDER_POLICY;RECONSTRUCTED_EXCLUDED_COMPONENTS;RECONSTRUCTED_PROXY_USED
oe:player:83eb62484689106807fcf5ad55b5479,oe:team:fc8e90107dabb9a35c490b0d86adea0,MID,period:03ffd32cfddfafb63d73,2024-08-03T20:08:15Z,true,protected_selection_2024,"{""bo_format_context"":null,""canonical_matchup_probability"":null,""playstyle_class_1_probability"":null,""playstyle_class_2_probability"":null,""playstyle_uncertainty"":null,""playstyle_unknown_probability"":null,""prior_above_role_median_rate"":0.5266057162124069,""prior_champion_observation_count"":174,""prior_core_state"":null,""prior_effective_evidence"":56.59073547474699,""prior_median_performance"":16.314,""prior_player_rating"":1503.168084794548,""prior_q25_performance"":11.375,""prior_raw_observation_count"":174,""prior_residual_uncertainty"":0.11228806182091096,""prior_role_adjusted_kp"":0.019002996620299684,""prior_role_relative_rating"":0.03168084794547893,""prior_starter_reliability"":0.9401513636030645,""prior_team_state"":null,""prior_team_strength"":null,""schedule_opponent_context"":null}",,14.949999999999998,2026 - Split 1,lcs_fantasy_split1_2026_reconstructed_v1,"{""dataset"":""feature_provenance"",""max_source_timestamp"":""2024-07-27T21:03:03Z""}",RECONSTRUCTED_NON_OFFICIAL_SPLIT1_2026_RULES,RECONSTRUCTED_COMPLETE_UNDER_POLICY;RECONSTRUCTED_EXCLUDED_COMPONENTS;RECONSTRUCTED_PROXY_USED
oe:player:8a5dbe19794784cfd0553556844f045,oe:team:e758ebe9a5a2cc81b9c8078479c2d87,JGL,period:03ffd32cfddfafb63d73,2024-08-03T20:08:15Z,true,protected_selection_2024,"{""bo_format_context"":null,""canonical_matchup_probability"":null,""playstyle_class_1_probability"":null,""playstyle_class_2_probability"":null,""playstyle_uncertainty"":null,""playstyle_unknown_probability"":null,""prior_above_role_median_rate"":0.49038771299377487,""prior_champion_observation_count"":181,""prior_core_state"":null,""prior_effective_evidence"":57.05279102091685,""prior_median_performance"":14.56,""prior_player_rating"":1504.4239364258672,""prior_q25_performance"":7.95,""prior_raw_observation_count"":181,""prior_residual_uncertainty"":0.12259642802372044,""prior_role_adjusted_kp"":0.16041552430098077,""prior_role_relative_rating"":0.044239364258672635,""prior_starter_reliability"":0.9392066232955384,""prior_team_state"":null,""prior_team_strength"":null,""schedule_opponent_context"":null}",,9.290000000000001,2026 - Split 1,lcs_fantasy_split1_2026_reconstructed_v1,"{""dataset"":""feature_provenance"",""max_source_timestamp"":""2024-07-27T21:03:03Z""}",RECONSTRUCTED_NON_OFFICIAL_SPLIT1_2026_RULES,RECONSTRUCTED_COMPLETE_UNDER_POLICY;RECONSTRUCTED_EXCLUDED_COMPONENTS;RECONSTRUCTED_PROXY_USED
oe:player:8f8eaac8e99c203ee76e57c5c81c91f,oe:team:4bd1751425ef6a9bc9d4d8e9385b4a6,MID,period:03ffd32cfddfafb63d73,2024-08-03T20:08:15Z,true,protected_selection_2024,"{""bo_format_context"":null,""canonical_matchup_probability"":null,""playstyle_class_1_probability"":null,""playstyle_class_2_probability"":null,""playstyle_uncertainty"":null,""playstyle_unknown_probability"":null,""prior_above_role_median_rate"":0.4802685384788391,""prior_champion_observation_count"":57,""prior_core_state"":null,""prior_effective_evidence"":42.03660150658017,""prior_median_performance"":15.9,""prior_player_rating"":1504.9377283842202,""prior_q25_performance"":9.694,""prior_raw_observation_count"":57,""prior_residual_uncertainty"":0.16288571248086853,""prior_role_adjusted_kp"":-0.041203966876094913,""prior_role_relative_rating"":0.04937728384220183,""prior_starter_reliability"":0.9329398688398163,""prior_team_state"":null,""prior_team_strength"":null,""schedule_opponent_context"":null}",,27.71,2026 - Split 1,lcs_fantasy_split1_2026_reconstructed_v1,"{""dataset"":""feature_provenance"",""max_source_timestamp"":""2024-07-28T21:43:16Z""}",RECONSTRUCTED_NON_OFFICIAL_SPLIT1_2026_RULES,RECONSTRUCTED_COMPLETE_UNDER_POLICY;RECONSTRUCTED_EXCLUDED_COMPONENTS;RECONSTRUCTED_PROXY_USED
oe:player:9191e392e93a6ef011ef76b5b83ee6c,oe:team:e758ebe9a5a2cc81b9c8078479c2d87,SUP,period:03ffd32cfddfafb63d73,2024-08-03T20:08:15Z,true,protected_selection_2024,"{""bo_format_context"":null,""canonical_matchup_probability"":null,""playstyle_class_1_probability"":0.5157508778829547,""playstyle_class_2_probability"":0.17776855765366337,""playstyle_uncertainty"":0.39677842447761463,""playstyle_unknown_probability"":0.30648056446338195,""prior_above_role_median_rate"":0.4711691712987939,""prior_champion_observation_count"":288,""prior_core_state"":null,""prior_effective_evidence"":57.957034508811034,""prior_median_performance"":15.0,""prior_player_rating"":1502.5019154903189,""prior_q25_performance"":9.3727,""prior_raw_observation_count"":288,""prior_residual_uncertainty"":0.10950370429488339,""prior_role_adjusted_kp"":0.0002891497097966389,""prior_role_relative_rating"":0.025019154903187683,""prior_starter_reliability"":0.9394028102385829,""prior_team_state"":null,""prior_team_strength"":null,""schedule_opponent_context"":null}",,10.5466,2026 - Split 1,lcs_fantasy_split1_2026_reconstructed_v1,"{""dataset"":""feature_provenance"",""max_source_timestamp"":""2024-07-27T21:03:03Z""}",RECONSTRUCTED_NON_OFFICIAL_SPLIT1_2026_RULES,RECONSTRUCTED_COMPLETE_UNDER_POLICY;RECONSTRUCTED_EXCLUDED_COMPONENTS;RECONSTRUCTED_PROXY_USED
oe:player:9ce0043331f3999cc2ee205ab7c2d73,oe:team:c334c629fea759876e9e04afbe4aee7,SUP,period:03ffd32cfddfafb63d73,2024-08-03T20:08:15Z,true,protected_selection_2024,"{""bo_format_context"":null,""canonical_matchup_probability"":null,""playstyle_class_1_probability"":0.5593132703883776,""playstyle_class_2_probability"":0.14569846697056507,""playstyle_uncertainty"":0.3670770397873111,""playstyle_unknown_probability"":0.29498826264105726,""prior_above_role_median_rate"":0.21148156409589908,""prior_champion_observation_count"":67,""prior_core_state"":null,""prior_effective_evidence"":23.921282420238306,""prior_median_performance"":9.2829,""prior_player_rating"":1474.9050203493332,""prior_q25_performance"":6.445600000000001,""prior_raw_observation_count"":67,""prior_residual_uncertainty"":0.1496066998961603,""prior_role_adjusted_kp"":-0.0790228583770282,""prior_role_relative_rating"":-0.2509497965066679,""prior_starter_reliability"":0.901464441988794,""prior_team_state"":null,""prior_team_strength"":null,""schedule_opponent_context"":null}",,11.09595,2026 - Split 1,lcs_fantasy_split1_2026_reconstructed_v1,"{""dataset"":""feature_provenance"",""max_source_timestamp"":""2024-07-28T23:12:39Z""}",RECONSTRUCTED_NON_OFFICIAL_SPLIT1_2026_RULES,RECONSTRUCTED_COMPLETE_UNDER_POLICY;RECONSTRUCTED_EXCLUDED_COMPONENTS;RECONSTRUCTED_PROXY_USED
oe:player:a04a853a0f540f156d08711204fe252,oe:team:c334c629fea759876e9e04afbe4aee7,JGL,period:03ffd32cfddfafb63d73,2024-08-03T20:08:15Z,true,protected_selection_2024,"{""bo_format_context"":null,""canonical_matchup_probability"":null,""playstyle_class_1_probability"":null,""playstyle_class_2_probability"":null,""playstyle_uncertainty"":null,""playstyle_unknown_probability"":null,""prior_above_role_median_rate"":0.30513053548785596,""prior_champion_observation_count"":80,""prior_core_state"":null,""prior_effective_evidence"":28.42206800384809,""prior_median_performance"":10.67,""prior_player_rating"":1480.2941960900164,""prior_q25_performance"":3.3019999999999996,""prior_raw_observation_count"":80,""prior_residual_uncertainty"":0.16161698988679501,""prior_role_adjusted_kp"":0.017666227615415274,""prior_role_relative_rating"":-0.19705803909983627,""prior_starter_reliability"":0.9092640272554137,""prior_team_state"":null,""prior_team_strength"":null,""schedule_opponent_context"":null}",,10.42,2026 - Split 1,lcs_fantasy_split1_2026_reconstructed_v1,"{""dataset"":""feature_provenance"",""max_source_timestamp"":""2024-07-28T23:12:39Z""}",RECONSTRUCTED_NON_OFFICIAL_SPLIT1_2026_RULES,RECONSTRUCTED_COMPLETE_UNDER_POLICY;RECONSTRUCTED_EXCLUDED_COMPONENTS;RECONSTRUCTED_PROXY_USED
oe:player:a7f0b16a54f4bd0dcb6fb7bb625b3cb,oe:team:b360f1d729b0a8e0f29a5243c4200fa,JGL,period:03ffd32cfddfafb63d73,2024-08-03T20:08:15Z,true,protected_selection_2024,"{""bo_format_context"":null,""canonical_matchup_probability"":null,""playstyle_class_1_probability"":null,""playstyle_class_2_probability"":null,""playstyle_uncertainty"":null,""playstyle_unknown_probability"":null,""prior_above_role_median_rate"":0.5522045508621561,""prior_champion_observation_count"":64,""prior_core_state"":null,""prior_effective_evidence"":34.2867109833073,""prior_median_performance"":20.35,""prior_player_rating"":1505.6374085075274,""prior_q25_performance"":7.83,""prior_raw_observation_count"":64,""prior_residual_uncertainty"":0.15006767300999804,""prior_role_adjusted_kp"":0.04464795963386036,""prior_role_relative_rating"":0.05637408507527452,""prior_starter_reliability"":0.9002534949009929,""prior_team_state"":null,""prior_team_strength"":null,""schedule_opponent_context"":null}",,18.666666666666668,2026 - Split 1,lcs_fantasy_split1_2026_reconstructed_v1,"{""dataset"":""feature_provenance"",""max_source_timestamp"":""2024-07-27T22:39:35Z""}",RECONSTRUCTED_NON_OFFICIAL_SPLIT1_2026_RULES,RECONSTRUCTED_COMPLETE_UNDER_POLICY;RECONSTRUCTED_EXCLUDED_COMPONENTS;RECONSTRUCTED_PROXY_USED
oe:player:a8307167f3a1c933295bb9e3d43700e,oe:team:2e66da41dc460dd378e3bcc57042d31,JGL,period:03ffd32cfddfafb63d73,2024-08-03T20:08:15Z,true,protected_selection_2024,"{""bo_format_context"":null,""canonical_matchup_probability"":null,""playstyle_class_1_probability"":null,""playstyle_class_2_probability"":null,""playstyle_uncertainty"":null,""playstyle_unknown_probability"":null,""prior_above_role_median_rate"":0.6256767092039424,""prior_champion_observation_count"":150,""prior_core_state"":null,""prior_effective_evidence"":46.831273771285424,""prior_median_performance"":18.742,""prior_player_rating"":1511.0661471971907,""prior_q25_performance"":11.527000000000001,""prior_raw_observation_count"":150,""prior_residual_uncertainty"":0.12673308691664584,""prior_role_adjusted_kp"":-0.1963383761551497,""prior_role_relative_rating"":0.11066147197190657,""prior_starter_reliability"":0.9381654001759041,""prior_team_state"":null,""prior_team_strength"":null,""schedule_opponent_context"":null}",,20.999666666666666,2026 - Split 1,lcs_fantasy_split1_2026_reconstructed_v1,"{""dataset"":""feature_provenance"",""max_source_timestamp"":""2024-07-28T21:43:16Z""}",RECONSTRUCTED_NON_OFFICIAL_SPLIT1_2026_RULES,RECONSTRUCTED_COMPLETE_UNDER_POLICY;RECONSTRUCTED_EXCLUDED_COMPONENTS;RECONSTRUCTED_PROXY_USED
oe:player:c145139d26813639b8fe6f4d0b28228,oe:team:2e66da41dc460dd378e3bcc57042d31,BOT,period:03ffd32cfddfafb63d73,2024-08-03T20:08:15Z,true,protected_selection_2024,"{""bo_format_context"":null,""canonical_matchup_probability"":null,""playstyle_class_1_probability"":null,""playstyle_class_2_probability"":null,""playstyle_uncertainty"":null,""playstyle_unknown_probability"":null,""prior_above_role_median_rate"":0.6893256558663545,""prior_champion_observation_count"":39,""prior_core_state"":null,""prior_effective_evidence"":35.6675226915342,""prior_median_performance"":18.48,""prior_player_rating"":1508.4014153615133,""prior_q25_performance"":12.83,""prior_raw_observation_count"":39,""prior_residual_uncertainty"":0.1447661338461046,""prior_role_adjusted_kp"":-0.20398711289860422,""prior_role_relative_rating"":0.08401415361513305,""prior_starter_reliability"":0.9300319608980595,""prior_team_state"":null,""prior_team_strength"":null,""schedule_opponent_context"":null}",,10.554666666666668,2026 - Split 1,lcs_fantasy_split1_2026_reconstructed_v1,"{""dataset"":""feature_provenance"",""max_source_timestamp"":""2024-07-28T21:43:16Z""}",RECONSTRUCTED_NON_OFFICIAL_SPLIT1_2026_RULES,RECONSTRUCTED_COMPLETE_UNDER_POLICY;RECONSTRUCTED_EXCLUDED_COMPONENTS;RECONSTRUCTED_PROXY_USED
oe:player:dbe844fcbbc7f54654e54242e79acac,oe:team:4bd1751425ef6a9bc9d4d8e9385b4a6,SUP,period:03ffd32cfddfafb63d73,2024-08-03T20:08:15Z,true,protected_selection_2024,"{""bo_format_context"":null,""canonical_matchup_probability"":null,""playstyle_class_1_probability"":0.55588345860558,""playstyle_class_2_probability"":0.23798671485413128,""playstyle_uncertainty"":0.32232677645236046,""playstyle_unknown_probability"":0.20612982654028883,""prior_above_role_median_rate"":0.47723481876585383,""prior_champion_observation_count"":100,""prior_core_state"":null,""prior_effective_evidence"":51.67155149440474,""prior_median_performance"":14.070899999999998,""prior_player_rating"":1489.0115562866001,""prior_q25_performance"":5.1343,""prior_raw_observation_count"":100,""prior_residual_uncertainty"":0.13101736967295563,""prior_role_adjusted_kp"":-0.29169238113025997,""prior_role_relative_rating"":-0.10988443713399813,""prior_starter_reliability"":0.9393253431490319,""prior_team_state"":null,""prior_team_strength"":null,""schedule_opponent_context"":null}",,26.2202,2026 - Split 1,lcs_fantasy_split1_2026_reconstructed_v1,"{""dataset"":""feature_provenance"",""max_source_timestamp"":""2024-07-28T21:43:16Z""}",RECONSTRUCTED_NON_OFFICIAL_SPLIT1_2026_RULES,RECONSTRUCTED_COMPLETE_UNDER_POLICY;RECONSTRUCTED_EXCLUDED_COMPONENTS;RECONSTRUCTED_PROXY_USED
oe:player:dc760d6884ce21614b2389ac1c05ec2,oe:team:b360f1d729b0a8e0f29a5243c4200fa,TOP,period:03ffd32cfddfafb63d73,2024-08-03T20:08:15Z,true,protected_selection_2024,"{""bo_format_context"":null,""canonical_matchup_probability"":null,""playstyle_class_1_probability"":0.260162390769347,""playstyle_class_2_probability"":0.5101758476759507,""playstyle_uncertainty"":0.4556083429495927,""playstyle_unknown_probability"":0.2296617615547022,""prior_above_role_median_rate"":0.24868666874395068,""prior_champion_observation_count"":111,""prior_core_state"":null,""prior_effective_evidence"":22.96991721724075,""prior_median_performance"":7.175,""prior_player_rating"":1469.3815156480332,""prior_q25_performance"":3.74,""prior_raw_observation_count"":111,""prior_residual_uncertainty"":0.1603045272477237,""prior_role_adjusted_kp"":-0.2735080976849425,""prior_role_relative_rating"":-0.3061848435196685,""prior_starter_reliability"":0.8998813672106404,""prior_team_state"":null,""prior_team_strength"":null,""schedule_opponent_context"":null}",,16.799000000000003,2026 - Split 1,lcs_fantasy_split1_2026_reconstructed_v1,"{""dataset"":""feature_provenance"",""max_source_timestamp"":""2024-07-27T22:39:35Z""}",RECONSTRUCTED_NON_OFFICIAL_SPLIT1_2026_RULES,RECONSTRUCTED_COMPLETE_UNDER_POLICY;RECONSTRUCTED_EXCLUDED_COMPONENTS;RECONSTRUCTED_PROXY_USED
oe:player:e03d0722b6dce835cde3268c08c4f54,oe:team:0dbb780176ecad18f17292d1f5653af,TOP,period:03ffd32cfddfafb63d73,2024-08-03T20:08:15Z,true,protected_selection_2024,"{""bo_format_context"":null,""canonical_matchup_probability"":null,""playstyle_class_1_probability"":0.38075910800794466,""playstyle_class_2_probability"":0.4275730448841492,""playstyle_uncertainty"":0.3509060057732976,""playstyle_unknown_probability"":0.19166784710790621,""prior_above_role_median_rate"":0.431955235755132,""prior_champion_observation_count"":233,""prior_core_state"":null,""prior_effective_evidence"":36.16146858285455,""prior_median_performance"":9.27,""prior_player_rating"":1474.4428899272646,""prior_q25_performance"":3.47,""prior_raw_observation_count"":233,""prior_residual_uncertainty"":0.1517513459773248,""prior_role_adjusted_kp"":-0.47106903018400004,""prior_role_relative_rating"":-0.25557110072735356,""prior_starter_reliability"":0.9153461398855891,""prior_team_state"":null,""prior_team_strength"":null,""schedule_opponent_context"":null}",,14.475,2026 - Split 1,lcs_fantasy_split1_2026_reconstructed_v1,"{""dataset"":""feature_provenance"",""max_source_timestamp"":""2024-07-27T22:39:35Z""}",RECONSTRUCTED_NON_OFFICIAL_SPLIT1_2026_RULES,RECONSTRUCTED_COMPLETE_UNDER_POLICY;RECONSTRUCTED_EXCLUDED_COMPONENTS;RECONSTRUCTED_PROXY_USED
oe:player:e9017664588010860a92ceb5f8fcb82,oe:team:2e66da41dc460dd378e3bcc57042d31,MID,period:03ffd32cfddfafb63d73,2024-08-03T20:08:15Z,true,protected_selection_2024,"{""bo_format_context"":null,""canonical_matchup_probability"":null,""playstyle_class_1_probability"":null,""playstyle_class_2_probability"":null,""playstyle_uncertainty"":null,""playstyle_unknown_probability"":null,""prior_above_role_median_rate"":0.5431821486476759,""prior_champion_observation_count"":13,""prior_core_state"":null,""prior_effective_evidence"":12.943279417867792,""prior_median_performance"":19.706,""prior_player_rating"":1504.3322476465776,""prior_q25_performance"":12.715,""prior_raw_observation_count"":13,""prior_residual_uncertainty"":0.2508923924317903,""prior_role_adjusted_kp"":-0.49485800122583645,""prior_role_relative_rating"":0.043322476465775764,""prior_starter_reliability"":0.8719268869352985,""prior_team_state"":null,""prior_team_strength"":null,""schedule_opponent_context"":null}",,25.435999999999996,2026 - Split 1,lcs_fantasy_split1_2026_reconstructed_v1,"{""dataset"":""feature_provenance"",""max_source_timestamp"":""2024-07-28T21:43:16Z""}",RECONSTRUCTED_NON_OFFICIAL_SPLIT1_2026_RULES,RECONSTRUCTED_COMPLETE_UNDER_POLICY;RECONSTRUCTED_EXCLUDED_COMPONENTS;RECONSTRUCTED_PROXY_USED
oe:player:ea9ed09584feecae0991089f087d2ce,oe:team:8eb884e168f28402ce685bedebb5250,MID,period:03ffd32cfddfafb63d73,2024-08-03T20:08:15Z,true,protected_selection_2024,"{""bo_format_context"":null,""canonical_matchup_probability"":null,""playstyle_class_1_probability"":null,""playstyle_class_2_probability"":null,""playstyle_uncertainty"":null,""playstyle_unknown_probability"":null,""prior_above_role_median_rate"":0.6795928837310049,""prior_champion_observation_count"":75,""prior_core_state"":null,""prior_effective_evidence"":55.2847335472993,""prior_median_performance"":18.939999999999998,""prior_player_rating"":1519.8018807268977,""prior_q25_performance"":14.523000000000001,""prior_raw_observation_count"":75,""prior_residual_uncertainty"":0.10884737848450846,""prior_role_adjusted_kp"":-0.06268441817395824,""prior_role_relative_rating"":0.19801880726897664,""prior_starter_reliability"":0.9450711193965795,""prior_team_state"":null,""prior_team_strength"":null,""schedule_opponent_context"":null}",,22.053,2026 - Split 1,lcs_fantasy_split1_2026_reconstructed_v1,"{""dataset"":""feature_provenance"",""max_source_timestamp"":""2024-07-28T23:12:39Z""}",RECONSTRUCTED_NON_OFFICIAL_SPLIT1_2026_RULES,RECONSTRUCTED_COMPLETE_UNDER_POLICY;RECONSTRUCTED_EXCLUDED_COMPONENTS;RECONSTRUCTED_PROXY_USED
oe:player:ed455f823b6586e9e3621dfb5aeb42e,oe:team:fc8e90107dabb9a35c490b0d86adea0,JGL,period:03ffd32cfddfafb63d73,2024-08-03T20:08:15Z,true,protected_selection_2024,"{""bo_format_context"":null,""canonical_matchup_probability"":null,""playstyle_class_1_probability"":null,""playstyle_class_2_probability"":null,""playstyle_uncertainty"":null,""playstyle_unknown_probability"":null,""prior_above_role_median_rate"":0.664571434740224,""prior_champion_observation_count"":315,""prior_core_state"":null,""prior_effective_evidence"":58.34705589853874,""prior_median_performance"":21.7,""prior_player_rating"":1517.7412009281047,""prior_q25_performance"":10.931000000000001,""prior_raw_observation_count"":315,""prior_residual_uncertainty"":0.10418761258824809,""prior_role_adjusted_kp"":0.12267418181821535,""prior_role_relative_rating"":0.17741200928104794,""prior_starter_reliability"":0.9410173817922863,""prior_team_state"":null,""prior_team_strength"":null,""schedule_opponent_context"":null}",,12.376666666666667,2026 - Split 1,lcs_fantasy_split1_2026_reconstructed_v1,"{""dataset"":""feature_provenance"",""max_source_timestamp"":""2024-07-27T21:03:03Z""}",RECONSTRUCTED_NON_OFFICIAL_SPLIT1_2026_RULES,RECONSTRUCTED_COMPLETE_UNDER_POLICY;RECONSTRUCTED_EXCLUDED_COMPONENTS;RECONSTRUCTED_PROXY_USED
oe:player:ef97df9d746d0e65ed18786ab30031c,oe:team:b360f1d729b0a8e0f29a5243c4200fa,MID,period:03ffd32cfddfafb63d73,2024-08-03T20:08:15Z,true,protected_selection_2024,"{""bo_format_context"":null,""canonical_matchup_probability"":null,""playstyle_class_1_probability"":null,""playstyle_class_2_probability"":null,""playstyle_uncertainty"":null,""playstyle_unknown_probability"":null,""prior_above_role_median_rate"":0.3302346674715175,""prior_champion_observation_count"":117,""prior_core_state"":null,""prior_effective_evidence"":32.42768436897361,""prior_median_performance"":12.555,""prior_player_rating"":1481.7151729175787,""prior_q25_performance"":5.811,""prior_raw_observation_count"":117,""prior_residual_uncertainty"":0.16547607024073097,""prior_role_adjusted_kp"":-0.34709961019326124,""prior_role_relative_rating"":-0.18284827082421326,""prior_starter_reliability"":0.9148051244269453,""prior_team_state"":null,""prior_team_strength"":null,""schedule_opponent_context"":null}",,8.385666666666667,2026 - Split 1,lcs_fantasy_split1_2026_reconstructed_v1,"{""dataset"":""feature_provenance"",""max_source_timestamp"":""2024-07-27T22:39:35Z""}",RECONSTRUCTED_NON_OFFICIAL_SPLIT1_2026_RULES,RECONSTRUCTED_COMPLETE_UNDER_POLICY;RECONSTRUCTED_EXCLUDED_COMPONENTS;RECONSTRUCTED_PROXY_USED
oe:player:f6b8af05a5af22004a67a78f3046b92,oe:team:8eb884e168f28402ce685bedebb5250,BOT,period:03ffd32cfddfafb63d73,2024-08-03T20:08:15Z,true,protected_selection_2024,"{""bo_format_context"":null,""canonical_matchup_probability"":null,""playstyle_class_1_probability"":null,""playstyle_class_2_probability"":null,""playstyle_uncertainty"":null,""playstyle_unknown_probability"":null,""prior_above_role_median_rate"":0.605285867521212,""prior_champion_observation_count"":105,""prior_core_state"":null,""prior_effective_evidence"":64.41411037994445,""prior_median_performance"":18.72,""prior_player_rating"":1511.829534928178,""prior_q25_performance"":12.966,""prior_raw_observation_count"":105,""prior_residual_uncertainty"":0.10993999090724711,""prior_role_adjusted_kp"":-0.19752876053679178,""prior_role_relative_rating"":0.1182953492817796,""prior_starter_reliability"":0.9490729725103206,""prior_team_state"":null,""prior_team_strength"":null,""schedule_opponent_context"":null}",,21.734666666666666,2026 - Split 1,lcs_fantasy_split1_2026_reconstructed_v1,"{""dataset"":""feature_provenance"",""max_source_timestamp"":""2024-07-28T23:12:39Z""}",RECONSTRUCTED_NON_OFFICIAL_SPLIT1_2026_RULES,RECONSTRUCTED_COMPLETE_UNDER_POLICY;RECONSTRUCTED_EXCLUDED_COMPONENTS;RECONSTRUCTED_PROXY_USED
oe:player:fbadcf84fcfb01a251de88055f631cb,oe:team:0dbb780176ecad18f17292d1f5653af,JGL,period:03ffd32cfddfafb63d73,2024-08-03T20:08:15Z,true,protected_selection_2024,"{""bo_format_context"":null,""canonical_matchup_probability"":null,""playstyle_class_1_probability"":null,""playstyle_class_2_probability"":null,""playstyle_uncertainty"":null,""playstyle_unknown_probability"":null,""prior_above_role_median_rate"":0.40662414235926864,""prior_champion_observation_count"":230,""prior_core_state"":null,""prior_effective_evidence"":28.673566347818113,""prior_median_performance"":13.94,""prior_player_rating"":1494.769484756463,""prior_q25_performance"":7.0,""prior_raw_observation_count"":230,""prior_residual_uncertainty"":0.15321363635121504,""prior_role_adjusted_kp"":0.13217339436994893,""prior_role_relative_rating"":-0.05230515243536974,""prior_starter_reliability"":0.905372228709241,""prior_team_state"":null,""prior_team_strength"":null,""schedule_opponent_context"":null}",,20.2515,2026 - Split 1,lcs_fantasy_split1_2026_reconstructed_v1,"{""dataset"":""feature_provenance"",""max_source_timestamp"":""2024-07-27T22:39:35Z""}",RECONSTRUCTED_NON_OFFICIAL_SPLIT1_2026_RULES,RECONSTRUCTED_COMPLETE_UNDER_POLICY;RECONSTRUCTED_EXCLUDED_COMPONENTS;RECONSTRUCTED_PROXY_USED
oe:player:fddde6d256bee26713f64ad9b2a9394,oe:team:e758ebe9a5a2cc81b9c8078479c2d87,MID,period:03ffd32cfddfafb63d73,2024-08-03T20:08:15Z,true,protected_selection_2024,"{""bo_format_context"":null,""canonical_matchup_probability"":null,""playstyle_class_1_probability"":null,""playstyle_class_2_probability"":null,""playstyle_uncertainty"":null,""playstyle_unknown_probability"":null,""prior_above_role_median_rate"":0.3641588465297677,""prior_champion_observation_count"":194,""prior_core_state"":null,""prior_effective_evidence"":57.21940675954834,""prior_median_performance"":14.06,""prior_player_rating"":1485.4127646858499,""prior_q25_performance"":7.720000000000001,""prior_raw_observation_count"":194,""prior_residual_uncertainty"":0.10737981529437753,""prior_role_adjusted_kp"":-0.16724738383449791,""prior_role_relative_rating"":-0.14587235314150152,""prior_starter_reliability"":0.9392845731925344,""prior_team_state"":null,""prior_team_strength"":null,""schedule_opponent_context"":null}",,1.02,2026 - Split 1,lcs_fantasy_split1_2026_reconstructed_v1,"{""dataset"":""feature_provenance"",""max_source_timestamp"":""2024-07-27T21:03:03Z""}",RECONSTRUCTED_NON_OFFICIAL_SPLIT1_2026_RULES,RECONSTRUCTED_COMPLETE_UNDER_POLICY;RECONSTRUCTED_EXCLUDED_COMPONENTS;RECONSTRUCTED_PROXY_USED
oe:player:007be3acd5669d100711b13d79e2336,oe:team:4bd1751425ef6a9bc9d4d8e9385b4a6,TOP,period:06566a2ea584fecf6c15,2024-02-10T21:07:54Z,true,protected_selection_2024,"{""bo_format_context"":null,""canonical_matchup_probability"":null,""playstyle_class_1_probability"":0.3223124682985444,""playstyle_class_2_probability"":0.3777076607208682,""playstyle_uncertainty"":0.3245842024359013,""playstyle_unknown_probability"":0.2999798709805874,""prior_above_role_median_rate"":0.4352419412264492,""prior_champion_observation_count"":7,""prior_core_state"":null,""prior_effective_evidence"":6.996659682889569,""prior_median_performance"":12.342,""prior_player_rating"":1491.8202560861814,""prior_q25_performance"":6.3100000000000005,""prior_raw_observation_count"":7,""prior_residual_uncertainty"":0.2719044133609167,""prior_role_adjusted_kp"":-0.1630875537057208,""prior_role_relative_rating"":-0.0817974391381867,""prior_starter_reliability"":0.8125196565036461,""prior_team_state"":null,""prior_team_strength"":null,""schedule_opponent_context"":null}",,18.2335,2026 - Split 1,lcs_fantasy_split1_2026_reconstructed_v1,"{""dataset"":""feature_provenance"",""max_source_timestamp"":""2024-02-04T22:38:24Z""}",RECONSTRUCTED_NON_OFFICIAL_SPLIT1_2026_RULES,RECONSTRUCTED_COMPLETE_UNDER_POLICY;RECONSTRUCTED_EXCLUDED_COMPONENTS;RECONSTRUCTED_PROXY_USED
oe:player:05fafeaf23dc3285558a4e968970b9f,oe:team:8eb884e168f28402ce685bedebb5250,SUP,period:06566a2ea584fecf6c15,2024-02-10T21:07:54Z,true,protected_selection_2024,"{""bo_format_context"":null,""canonical_matchup_probability"":null,""playstyle_class_1_probability"":0.45951899821903974,""playstyle_class_2_probability"":0.3202030744992092,""playstyle_uncertainty"":0.3555259782689439,""playstyle_unknown_probability"":0.22027792728175108,""prior_above_role_median_rate"":0.5574833408140091,""prior_champion_observation_count"":270,""prior_core_state"":null,""prior_effective_evidence"":62.91834400391532,""prior_median_performance"":15.108600000000001,""prior_player_rating"":1500.4147676691675,""prior_q25_performance"":8.666500000000001,""prior_raw_observation_count"":270,""prior_residual_uncertainty"":0.1,""prior_role_adjusted_kp"":-0.12143792603350013,""prior_role_relative_rating"":0.004147676691676049,""prior_starter_reliability"":0.9362004485136673,""prior_team_state"":null,""prior_team_strength"":null,""schedule_opponent_context"":null}",,21.94155,2026 - Split 1,lcs_fantasy_split1_2026_reconstructed_v1,"{""dataset"":""feature_provenance"",""max_source_timestamp"":""2024-02-04T21:51:39Z""}",RECONSTRUCTED_NON_OFFICIAL_SPLIT1_2026_RULES,RECONSTRUCTED_COMPLETE_UNDER_POLICY;RECONSTRUCTED_EXCLUDED_COMPONENTS;RECONSTRUCTED_PROXY_USED
oe:player:08936c56ab5a6453c58974a619651c3,oe:team:0dbb780176ecad18f17292d1f5653af,JGL,period:06566a2ea584fecf6c15,2024-02-10T21:07:54Z,true,protected_selection_2024,"{""bo_format_context"":null,""canonical_matchup_probability"":null,""playstyle_class_1_probability"":null,""playstyle_class_2_probability"":null,""playstyle_uncertainty"":null,""playstyle_unknown_probability"":null,""prior_above_role_median_rate"":0.28549092756842925,""prior_champion_observation_count"":16,""prior_core_state"":null,""prior_effective_evidence"":7.980555394744472,""prior_median_performance"":8.38,""prior_player_rating"":1476.5250449687449,""prior_q25_performance"":0.96,""prior_raw_observation_count"":16,""prior_residual_uncertainty"":0.31289042179620674,""prior_role_adjusted_kp"":-0.43447680434440833,""prior_role_relative_rating"":-0.2347495503125526,""prior_starter_reliability"":0.8204031871188355,""prior_team_state"":null,""prior_team_strength"":null,""schedule_opponent_context"":null}",,23.29,2026 - Split 1,lcs_fantasy_split1_2026_reconstructed_v1,"{""dataset"":""feature_provenance"",""max_source_timestamp"":""2024-02-04T21:07:41Z""}",RECONSTRUCTED_NON_OFFICIAL_SPLIT1_2026_RULES,RECONSTRUCTED_COMPLETE_UNDER_POLICY;RECONSTRUCTED_EXCLUDED_COMPONENTS;RECONSTRUCTED_PROXY_USED
oe:player:1970fcb701acce66e0771946bbb3105,oe:team:8eb884e168f28402ce685bedebb5250,JGL,period:06566a2ea584fecf6c15,2024-02-10T21:07:54Z,true,protected_selection_2024,"{""bo_format_context"":null,""canonical_matchup_probability"":null,""playstyle_class_1_probability"":null,""playstyle_class_2_probability"":null,""playstyle_uncertainty"":null,""playstyle_unknown_probability"":null,""prior_above_role_median_rate"":0.14269577741986575,""prior_champion_observation_count"":7,""prior_core_state"":null,""prior_effective_evidence"":6.996684358373351,""prior_median_performance"":7.15,""prior_player_rating"":1474.4842396729516,""prior_q25_performance"":5.12,""prior_raw_observation_count"":7,""prior_residual_uncertainty"":0.27795957847813113,""prior_role_adjusted_kp"":-0.26033628460069325,""prior_role_relative_rating"":-0.25515760327048276,""prior_starter_reliability"":0.812515918471484,""prior_team_state"":null,""prior_team_strength"":null,""schedule_opponent_context"":null}",,18.9555,2026 - Split 1,lcs_fantasy_split1_2026_reconstructed_v1,"{""dataset"":""feature_provenance"",""max_source_timestamp"":""2024-02-04T21:51:39Z""}",RECONSTRUCTED_NON_OFFICIAL_SPLIT1_2026_RULES,RECONSTRUCTED_COMPLETE_UNDER_POLICY;RECONSTRUCTED_EXCLUDED_COMPONENTS;RECONSTRUCTED_PROXY_USED
oe:player:1d22c812efd7b8a4244d93c51acc399,oe:team:0dbb780176ecad18f17292d1f5653af,MID,period:06566a2ea584fecf6c15,2024-02-10T21:07:54Z,true,protected_selection_2024,"{""bo_format_context"":null,""canonical_matchup_probability"":null,""playstyle_class_1_probability"":null,""playstyle_class_2_probability"":null,""playstyle_uncertainty"":null,""playstyle_unknown_probability"":null,""prior_above_role_median_rate"":0.2838484298007771,""prior_champion_observation_count"":7,""prior_core_state"":null,""prior_effective_evidence"":6.996736327698273,""prior_median_performance"":11.95,""prior_player_rating"":1474.2042512101618,""prior_q25_performance"":2.85,""prior_raw_observation_count"":7,""prior_residual_uncertainty"":0.2970386577966833,""prior_role_adjusted_kp"":-0.3801520925196189,""prior_role_relative_rating"":-0.2579574878983821,""prior_starter_reliability"":0.8125193975666216,""prior_team_state"":null,""prior_team_strength"":null,""schedule_opponent_context"":null}",,19.1635,2026 - Split 1,lcs_fantasy_split1_2026_reconstructed_v1,"{""dataset"":""feature_provenance"",""max_source_timestamp"":""2024-02-04T21:07:41Z""}",RECONSTRUCTED_NON_OFFICIAL_SPLIT1_2026_RULES,RECONSTRUCTED_COMPLETE_UNDER_POLICY;RECONSTRUCTED_EXCLUDED_COMPONENTS;RECONSTRUCTED_PROXY_USED
oe:player:21f59b54f62b5b8b4bc0f63f0f617fc,oe:team:8eb884e168f28402ce685bedebb5250,TOP,period:06566a2ea584fecf6c15,2024-02-10T21:07:54Z,true,protected_selection_2024,"{""bo_format_context"":null,""canonical_matchup_probability"":null,""playstyle_class_1_probability"":0.32331384729423257,""playstyle_class_2_probability"":0.5019118433636787,""playstyle_uncertainty"":0.3327391707680616,""playstyle_unknown_probability"":0.17477430934208868,""prior_above_role_median_rate"":0.3871441344041218,""prior_champion_observation_count"":260,""prior_core_state"":null,""prior_effective_evidence"":52.14258633083904,""prior_median_performance"":10.103,""prior_player_rating"":1487.0883276261147,""prior_q25_performance"":6.390000000000001,""prior_raw_observation_count"":260,""prior_residual_uncertainty"":0.11336090152234447,""prior_role_adjusted_kp"":-0.07744699968230838,""prior_role_relative_rating"":-0.12911672373885297,""prior_starter_reliability"":0.923475684482201,""prior_team_state"":null,""prior_team_strength"":null,""schedule_opponent_context"":null}",,18.287499999999998,2026 - Split 1,lcs_fantasy_split1_2026_reconstructed_v1,"{""dataset"":""feature_provenance"",""max_source_timestamp"":""2024-02-04T21:51:39Z""}",RECONSTRUCTED_NON_OFFICIAL_SPLIT1_2026_RULES,RECONSTRUCTED_COMPLETE_UNDER_POLICY;RECONSTRUCTED_EXCLUDED_COMPONENTS;RECONSTRUCTED_PROXY_USED
oe:player:3e722c8ede909c83af9342c41805a16,oe:team:2e66da41dc460dd378e3bcc57042d31,SUP,period:06566a2ea584fecf6c15,2024-02-10T21:07:54Z,true,protected_selection_2024,"{""bo_format_context"":null,""canonical_matchup_probability"":null,""playstyle_class_1_probability"":0.4104093783779329,""playstyle_class_2_probability"":0.3376048614871834,""playstyle_uncertainty"":0.3008289970598691,""playstyle_unknown_probability"":0.25198576013488366,""prior_above_role_median_rate"":0.58636160359005,""prior_champion_observation_count"":58,""prior_core_state"":null,""prior_effective_evidence"":38.01727286058716,""prior_median_performance"":19.4038,""prior_player_rating"":1510.142214898765,""prior_q25_performance"":9.458400000000001,""prior_raw_observation_count"":58,""prior_residual_uncertainty"":0.12553183171434176,""prior_role_adjusted_kp"":0.142142842119054,""prior_role_relative_rating"":0.10142214898764912,""prior_starter_reliability"":0.9139681698987532,""prior_team_state"":null,""prior_team_strength"":null,""schedule_opponent_context"":null}",,15.688099999999999,2026 - Split 1,lcs_fantasy_split1_2026_reconstructed_v1,"{""dataset"":""feature_provenance"",""max_source_timestamp"":""2024-02-04T21:07:41Z""}",RECONSTRUCTED_NON_OFFICIAL_SPLIT1_2026_RULES,RECONSTRUCTED_COMPLETE_UNDER_POLICY;RECONSTRUCTED_EXCLUDED_COMPONENTS;RECONSTRUCTED_PROXY_USED
oe:player:40704dfd2d966862568d29770de57bd,oe:team:0dbb780176ecad18f17292d1f5653af,SUP,period:06566a2ea584fecf6c15,2024-02-10T21:07:54Z,true,protected_selection_2024,"{""bo_format_context"":null,""canonical_matchup_probability"":null,""playstyle_class_1_probability"":0.227429476945985,""playstyle_class_2_probability"":0.36780535573503154,""playstyle_uncertainty"":0.4495677709812067,""playstyle_unknown_probability"":0.4047651673189834,""prior_above_role_median_rate"":0.5692525627665289,""prior_champion_observation_count"":23,""prior_core_state"":null,""prior_effective_evidence"":7.930878181685841,""prior_median_performance"":18.3654,""prior_player_rating"":1506.9105152301177,""prior_q25_performance"":7.194,""prior_raw_observation_count"":23,""prior_residual_uncertainty"":0.30344912571698246,""prior_role_adjusted_kp"":0.1465682192932914,""prior_role_relative_rating"":0.0691051523011767,""prior_starter_reliability"":0.8199161231040103,""prior_team_state"":null,""prior_team_strength"":null,""schedule_opponent_context"":null}",,22.9194,2026 - Split 1,lcs_fantasy_split1_2026_reconstructed_v1,"{""dataset"":""feature_provenance"",""max_source_timestamp"":""2024-02-04T21:07:41Z""}",RECONSTRUCTED_NON_OFFICIAL_SPLIT1_2026_RULES,RECONSTRUCTED_COMPLETE_UNDER_POLICY;RECONSTRUCTED_EXCLUDED_COMPONENTS;RECONSTRUCTED_PROXY_USED
oe:player:460ae5a7af8d68f7831b70307210ab3,oe:team:fc8e90107dabb9a35c490b0d86adea0,BOT,period:06566a2ea584fecf6c15,2024-02-10T21:07:54Z,true,protected_selection_2024,"{""bo_format_context"":null,""canonical_matchup_probability"":null,""playstyle_class_1_probability"":null,""playstyle_class_2_probability"":null,""playstyle_uncertainty"":null,""playstyle_unknown_probability"":null,""prior_above_role_median_rate"":0.5547621797942138,""prior_champion_observation_count"":125,""prior_core_state"":null,""prior_effective_evidence"":56.42210190898428,""prior_median_performance"":19.443,""prior_player_rating"":1510.5378651436413,""prior_q25_performance"":10.629999999999999,""prior_raw_observation_count"":125,""prior_residual_uncertainty"":0.11161539828597457,""prior_role_adjusted_kp"":0.07381244837867071,""prior_role_relative_rating"":0.10537865143641187,""prior_starter_reliability"":0.9304662384071655,""prior_team_state"":null,""prior_team_strength"":null,""schedule_opponent_context"":null}",,30.772,2026 - Split 1,lcs_fantasy_split1_2026_reconstructed_v1,"{""dataset"":""feature_provenance"",""max_source_timestamp"":""2024-02-04T21:51:39Z""}",RECONSTRUCTED_NON_OFFICIAL_SPLIT1_2026_RULES,RECONSTRUCTED_COMPLETE_UNDER_POLICY;RECONSTRUCTED_EXCLUDED_COMPONENTS;RECONSTRUCTED_PROXY_USED
oe:player:494fc60dffbb5da1caa2226baef0ec7,oe:team:b360f1d729b0a8e0f29a5243c4200fa,BOT,period:06566a2ea584fecf6c15,2024-02-10T21:07:54Z,true,protected_selection_2024,"{""bo_format_context"":null,""canonical_matchup_probability"":null,""playstyle_class_1_probability"":null,""playstyle_class_2_probability"":null,""playstyle_uncertainty"":null,""playstyle_unknown_probability"":null,""prior_above_role_median_rate"":0.6021278484097684,""prior_champion_observation_count"":5,""prior_core_state"":null,""prior_effective_evidence"":4.999207907903287,""prior_median_performance"":16.759,""prior_player_rating"":1517.68470196885,""prior_q25_performance"":15.67,""prior_raw_observation_count"":5,""prior_residual_uncertainty"":0.37946842084559085,""prior_role_adjusted_kp"":0.26215797560426474,""prior_role_relative_rating"":0.17684701968850067,""prior_starter_reliability"":0.773248042150709,""prior_team_state"":null,""prior_team_strength"":null,""schedule_opponent_context"":null}",,14.467,2026 - Split 1,lcs_fantasy_split1_2026_reconstructed_v1,"{""dataset"":""feature_provenance"",""max_source_timestamp"":""2024-02-04T22:38:24Z""}",RECONSTRUCTED_NON_OFFICIAL_SPLIT1_2026_RULES,RECONSTRUCTED_COMPLETE_UNDER_POLICY;RECONSTRUCTED_EXCLUDED_COMPONENTS;RECONSTRUCTED_PROXY_USED
oe:player:4a18312b5b75f549d5551e5912ad6eb,oe:team:c334c629fea759876e9e04afbe4aee7,MID,period:06566a2ea584fecf6c15,2024-02-10T21:07:54Z,true,protected_selection_2024,"{""bo_format_context"":null,""canonical_matchup_probability"":null,""playstyle_class_1_probability"":null,""playstyle_class_2_probability"":null,""playstyle_uncertainty"":null,""playstyle_unknown_probability"":null,""prior_above_role_median_rate"":0.7227893500341214,""prior_champion_observation_count"":7,""prior_core_state"":null,""prior_effective_evidence"":6.996714422061884,""prior_median_performance"":18.058,""prior_player_rating"":1514.2393013495805,""prior_q25_performance"":11.09,""prior_raw_observation_count"":7,""prior_residual_uncertainty"":0.31507805261392796,""prior_role_adjusted_kp"":0.34357573558860177,""prior_role_relative_rating"":0.1423930134958051,""prior_starter_reliability"":0.8125377454682322,""prior_team_state"":null,""prior_team_strength"":null,""schedule_opponent_context"":null}",,12.38,2026 - Split 1,lcs_fantasy_split1_2026_reconstructed_v1,"{""dataset"":""feature_provenance"",""max_source_timestamp"":""2024-02-04T23:23:54Z""}",RECONSTRUCTED_NON_OFFICIAL_SPLIT1_2026_RULES,RECONSTRUCTED_COMPLETE_UNDER_POLICY;RECONSTRUCTED_EXCLUDED_COMPONENTS;RECONSTRUCTED_PROXY_USED
oe:player:4db47d64e2721bf7a93ebf42e488852,oe:team:4bd1751425ef6a9bc9d4d8e9385b4a6,BOT,period:06566a2ea584fecf6c15,2024-02-10T21:07:54Z,true,protected_selection_2024,"{""bo_format_context"":null,""canonical_matchup_probability"":null,""playstyle_class_1_probability"":null,""playstyle_class_2_probability"":null,""playstyle_uncertainty"":null,""playstyle_unknown_probability"":null,""prior_above_role_median_rate"":0.4352419412264492,""prior_champion_observation_count"":7,""prior_core_state"":null,""prior_effective_evidence"":6.996659682889569,""prior_median_performance"":15.59,""prior_player_rating"":1492.4231160282052,""prior_q25_performance"":2.16,""prior_raw_observation_count"":7,""prior_residual_uncertainty"":0.3689731533651508,""prior_role_adjusted_kp"":-0.09644109910270962,""prior_role_relative_rating"":-0.07576883971794707,""prior_starter_reliability"":0.8125196565036461,""prior_team_state"":null,""prior_team_strength"":null,""schedule_opponent_context"":null}",,26.963,2026 - Split 1,lcs_fantasy_split1_2026_reconstructed_v1,"{""dataset"":""feature_provenance"",""max_source_timestamp"":""2024-02-04T22:38:24Z""}",RECONSTRUCTED_NON_OFFICIAL_SPLIT1_2026_RULES,RECONSTRUCTED_COMPLETE_UNDER_POLICY;RECONSTRUCTED_EXCLUDED_COMPONENTS;RECONSTRUCTED_PROXY_USED
oe:player:4e0619e57cb50c4ab1230c2dd72df1b,oe:team:c334c629fea759876e9e04afbe4aee7,BOT,period:06566a2ea584fecf6c15,2024-02-10T21:07:54Z,true,protected_selection_2024,"{""bo_format_context"":null,""canonical_matchup_probability"":null,""playstyle_class_1_probability"":null,""playstyle_class_2_probability"":null,""playstyle_uncertainty"":null,""playstyle_unknown_probability"":null,""prior_above_role_median_rate"":0.43283254329947074,""prior_champion_observation_count"":202,""prior_core_state"":null,""prior_effective_evidence"":34.872143822665045,""prior_median_performance"":14.14,""prior_player_rating"":1500.2293219910287,""prior_q25_performance"":7.21,""prior_raw_observation_count"":202,""prior_residual_uncertainty"":0.14870372953731853,""prior_role_adjusted_kp"":0.2957067405346905,""prior_role_relative_rating"":0.00229321991028731,""prior_starter_reliability"":0.9070614377040321,""prior_team_state"":null,""prior_team_strength"":null,""schedule_opponent_context"":null}",,6.809,2026 - Split 1,lcs_fantasy_split1_2026_reconstructed_v1,"{""dataset"":""feature_provenance"",""max_source_timestamp"":""2024-02-04T23:23:54Z""}",RECONSTRUCTED_NON_OFFICIAL_SPLIT1_2026_RULES,RECONSTRUCTED_COMPLETE_UNDER_POLICY;RECONSTRUCTED_EXCLUDED_COMPONENTS;RECONSTRUCTED_PROXY_USED
oe:player:5385f74da3e5deb5b66d9a1ee56cf97,oe:team:e758ebe9a5a2cc81b9c8078479c2d87,TOP,period:06566a2ea584fecf6c15,2024-02-10T21:07:54Z,true,protected_selection_2024,"{""bo_format_context"":null,""canonical_matchup_probability"":null,""playstyle_class_1_probability"":0.375454133935822,""playstyle_class_2_probability"":0.46258903660673306,""playstyle_uncertainty"":0.28565439190344344,""playstyle_unknown_probability"":0.16195682945744483,""prior_above_role_median_rate"":0.4903941177475532,""prior_champion_observation_count"":105,""prior_core_state"":null,""prior_effective_evidence"":59.018032042201874,""prior_median_performance"":12.009999999999998,""prior_player_rating"":1490.809907830547,""prior_q25_performance"":5.968,""prior_raw_observation_count"":105,""prior_residual_uncertainty"":0.10982093257493449,""prior_role_adjusted_kp"":-0.11829493759576676,""prior_role_relative_rating"":-0.09190092169452967,""prior_starter_reliability"":0.934459934847051,""prior_team_state"":null,""prior_team_strength"":null,""schedule_opponent_context"":null}",,1.73,2026 - Split 1,lcs_fantasy_split1_2026_reconstructed_v1,"{""dataset"":""feature_provenance"",""max_source_timestamp"":""2024-02-04T23:23:54Z""}",RECONSTRUCTED_NON_OFFICIAL_SPLIT1_2026_RULES,RECONSTRUCTED_COMPLETE_UNDER_POLICY;RECONSTRUCTED_EXCLUDED_COMPONENTS;RECONSTRUCTED_PROXY_USED
oe:player:6378658dafc3eeb902fa2e52f909172,oe:team:0dbb780176ecad18f17292d1f5653af,BOT,period:06566a2ea584fecf6c15,2024-02-10T21:07:54Z,true,protected_selection_2024,"{""bo_format_context"":null,""canonical_matchup_probability"":null,""playstyle_class_1_probability"":null,""playstyle_class_2_probability"":null,""playstyle_uncertainty"":null,""playstyle_unknown_probability"":null,""prior_above_role_median_rate"":0.3651004845697918,""prior_champion_observation_count"":56,""prior_core_state"":null,""prior_effective_evidence"":31.361692309596457,""prior_median_performance"":12.283999999999999,""prior_player_rating"":1487.7367377469895,""prior_q25_performance"":6.456,""prior_raw_observation_count"":56,""prior_residual_uncertainty"":0.149844018358915,""prior_role_adjusted_kp"":-0.03760157194272475,""prior_role_relative_rating"":-0.1226326225301052,""prior_starter_reliability"":0.9065838067118481,""prior_team_state"":null,""prior_team_strength"":null,""schedule_opponent_context"":null}",,21.9165,2026 - Split 1,lcs_fantasy_split1_2026_reconstructed_v1,"{""dataset"":""feature_provenance"",""max_source_timestamp"":""2024-02-04T21:07:41Z""}",RECONSTRUCTED_NON_OFFICIAL_SPLIT1_2026_RULES,RECONSTRUCTED_COMPLETE_UNDER_POLICY;RECONSTRUCTED_EXCLUDED_COMPONENTS;RECONSTRUCTED_PROXY_USED
oe:player:6841f2d68619d53bdd1cdbf30b5be2c,oe:team:b360f1d729b0a8e0f29a5243c4200fa,SUP,period:06566a2ea584fecf6c15,2024-02-10T21:07:54Z,true,protected_selection_2024,"{""bo_format_context"":null,""canonical_matchup_probability"":null,""playstyle_class_1_probability"":0.3269927377232094,""playstyle_class_2_probability"":0.3153293860390992,""playstyle_uncertainty"":0.44797010682653937,""playstyle_unknown_probability"":0.35767787623769143,""prior_above_role_median_rate"":0.42765387790699416,""prior_champion_observation_count"":67,""prior_core_state"":null,""prior_effective_evidence"":7.133967821953312,""prior_median_performance"":13.7904,""prior_player_rating"":1506.5197595623877,""prior_q25_performance"":10.882000000000001,""prior_raw_observation_count"":67,""prior_residual_uncertainty"":0.32571035974178114,""prior_role_adjusted_kp"":0.1798669019060501,""prior_role_relative_rating"":0.06519759562387692,""prior_starter_reliability"":0.8136694979200921,""prior_team_state"":null,""prior_team_strength"":null,""schedule_opponent_context"":null}",,15.7744,2026 - Split 1,lcs_fantasy_split1_2026_reconstructed_v1,"{""dataset"":""feature_provenance"",""max_source_timestamp"":""2024-02-04T22:38:24Z""}",RECONSTRUCTED_NON_OFFICIAL_SPLIT1_2026_RULES,RECONSTRUCTED_COMPLETE_UNDER_POLICY;RECONSTRUCTED_EXCLUDED_COMPONENTS;RECONSTRUCTED_PROXY_USED
oe:player:6fbf57b984dbf130701e09ea4110bb8,oe:team:0dbb780176ecad18f17292d1f5653af,TOP,period:06566a2ea584fecf6c15,2024-02-10T21:07:54Z,true,protected_selection_2024,"{""bo_format_context"":null,""canonical_matchup_probability"":null,""playstyle_class_1_probability"":0.35556842480355527,""playstyle_class_2_probability"":0.39129981838085437,""playstyle_uncertainty"":0.292958617810042,""playstyle_unknown_probability"":0.2531317568155904,""prior_above_role_median_rate"":0.4337058195938758,""prior_champion_observation_count"":34,""prior_core_state"":null,""prior_effective_evidence"":26.18583975727013,""prior_median_performance"":10.843,""prior_player_rating"":1490.2216054555238,""prior_q25_performance"":4.97,""prior_raw_observation_count"":34,""prior_residual_uncertainty"":0.16684873359468622,""prior_role_adjusted_kp"":-0.0026250013528049654,""prior_role_relative_rating"":-0.09778394544476317,""prior_starter_reliability"":0.8982637982171316,""prior_team_state"":null,""prior_team_strength"":null,""schedule_opponent_context"":null}",,17.893,2026 - Split 1,lcs_fantasy_split1_2026_reconstructed_v1,"{""dataset"":""feature_provenance"",""max_source_timestamp"":""2024-02-04T21:07:41Z""}",RECONSTRUCTED_NON_OFFICIAL_SPLIT1_2026_RULES,RECONSTRUCTED_COMPLETE_UNDER_POLICY;RECONSTRUCTED_EXCLUDED_COMPONENTS;RECONSTRUCTED_PROXY_USED
oe:player:73d2b65353d7b00e0f198ffdc085edc,oe:team:e758ebe9a5a2cc81b9c8078479c2d87,BOT,period:06566a2ea584fecf6c15,2024-02-10T21:07:54Z,true,protected_selection_2024,"{""bo_format_context"":null,""canonical_matchup_probability"":null,""playstyle_class_1_probability"":null,""playstyle_class_2_probability"":null,""playstyle_uncertainty"":null,""playstyle_unknown_probability"":null,""prior_above_role_median_rate"":0.5949221711732586,""prior_champion_observation_count"":273,""prior_core_state"":null,""prior_effective_evidence"":66.06915186733302,""prior_median_performance"":18.41,""prior_player_rating"":1513.8209954430743,""prior_q25_performance"":9.405000000000001,""prior_raw_observation_count"":273,""prior_residual_uncertainty"":0.11988950849821395,""prior_role_adjusted_kp"":0.21034426610465934,""prior_role_relative_rating"":0.13820995443074333,""prior_starter_reliability"":0.9376408986640896,""prior_team_state"":null,""prior_team_strength"":null,""schedule_opponent_context"":null}",,10.73,2026 - Split 1,lcs_fantasy_split1_2026_reconstructed_v1,"{""dataset"":""feature_provenance"",""max_source_timestamp"":""2024-02-04T23:23:54Z""}",RECONSTRUCTED_NON_OFFICIAL_SPLIT1_2026_RULES,RECONSTRUCTED_COMPLETE_UNDER_POLICY;RECONSTRUCTED_EXCLUDED_COMPONENTS;RECONSTRUCTED_PROXY_USED
oe:player:7c3395efccd48fe73592001501bef83,oe:team:4bd1751425ef6a9bc9d4d8e9385b4a6,JGL,period:06566a2ea584fecf6c15,2024-02-10T21:07:54Z,true,protected_selection_2024,"{""bo_format_context"":null,""canonical_matchup_probability"":null,""playstyle_class_1_probability"":null,""playstyle_class_2_probability"":null,""playstyle_uncertainty"":null,""playstyle_unknown_probability"":null,""prior_above_role_median_rate"":0.5567090415122001,""prior_champion_observation_count"":122,""prior_core_state"":null,""prior_effective_evidence"":58.73746757763349,""prior_median_performance"":18.28,""prior_player_rating"":1500.9336861961228,""prior_q25_performance"":5.84,""prior_raw_observation_count"":122,""prior_residual_uncertainty"":0.11997270087600811,""prior_role_adjusted_kp"":-0.13314002614893156,""prior_role_relative_rating"":0.009336861961228566,""prior_starter_reliability"":0.9327407421526722,""prior_team_state"":null,""prior_team_strength"":null,""schedule_opponent_context"":null}",,15.986,2026 - Split 1,lcs_fantasy_split1_2026_reconstructed_v1,"{""dataset"":""feature_provenance"",""max_source_timestamp"":""2024-02-04T22:38:24Z""}",RECONSTRUCTED_NON_OFFICIAL_SPLIT1_2026_RULES,RECONSTRUCTED_COMPLETE_UNDER_POLICY;RECONSTRUCTED_EXCLUDED_COMPONENTS;RECONSTRUCTED_PROXY_USED
oe:player:7e0e7ac2a199e8e2ecb30499a3b2153,oe:team:2e66da41dc460dd378e3bcc57042d31,MID,period:06566a2ea584fecf6c15,2024-02-10T21:07:54Z,true,protected_selection_2024,"{""bo_format_context"":null,""canonical_matchup_probability"":null,""playstyle_class_1_probability"":null,""playstyle_class_2_probability"":null,""playstyle_uncertainty"":null,""playstyle_unknown_probability"":null,""prior_above_role_median_rate"":0.559040128472134,""prior_champion_observation_count"":228,""prior_core_state"":null,""prior_effective_evidence"":46.204334029756424,""prior_median_performance"":17.116,""prior_player_rating"":1501.8959766060354,""prior_q25_performance"":9.84,""prior_raw_observation_count"":228,""prior_residual_uncertainty"":0.1321433858853884,""prior_role_adjusted_kp"":-0.048035144904198405,""prior_role_relative_rating"":0.018959766060353662,""prior_starter_reliability"":0.9216884489157303,""prior_team_state"":null,""prior_team_strength"":null,""schedule_opponent_context"":null}",,18.0955,2026 - Split 1,lcs_fantasy_split1_2026_reconstructed_v1,"{""dataset"":""feature_provenance"",""max_source_timestamp"":""2024-02-04T21:07:41Z""}",RECONSTRUCTED_NON_OFFICIAL_SPLIT1_2026_RULES,RECONSTRUCTED_COMPLETE_UNDER_POLICY;RECONSTRUCTED_EXCLUDED_COMPONENTS;RECONSTRUCTED_PROXY_USED
oe:player:7e2505960c12cc54c96a0a6efb2e055,oe:team:2e66da41dc460dd378e3bcc57042d31,TOP,period:06566a2ea584fecf6c15,2024-02-10T21:07:54Z,true,protected_selection_2024,"{""bo_format_context"":null,""canonical_matchup_probability"":null,""playstyle_class_1_probability"":0.18817881993651736,""playstyle_class_2_probability"":0.48624977944471953,""playstyle_uncertainty"":0.41125233359839236,""playstyle_unknown_probability"":0.3255714006187631,""prior_above_role_median_rate"":0.6861771667941363,""prior_champion_observation_count"":87,""prior_core_state"":null,""prior_effective_evidence"":15.73595629756995,""prior_median_performance"":15.049999999999999,""prior_player_rating"":1506.6704336211042,""prior_q25_performance"":9.873000000000001,""prior_raw_observation_count"":87,""prior_residual_uncertainty"":0.22473299317323692,""prior_role_adjusted_kp"":-0.20216626384156922,""prior_role_relative_rating"":0.06670433621104069,""prior_starter_reliability"":0.8585206343278637,""prior_team_state"":null,""prior_team_strength"":null,""schedule_opponent_context"":null}",,14.7365,2026 - Split 1,lcs_fantasy_split1_2026_reconstructed_v1,"{""dataset"":""feature_provenance"",""max_source_timestamp"":""2024-02-04T21:07:41Z""}",RECONSTRUCTED_NON_OFFICIAL_SPLIT1_2026_RULES,RECONSTRUCTED_COMPLETE_UNDER_POLICY;RECONSTRUCTED_EXCLUDED_COMPONENTS;RECONSTRUCTED_PROXY_USED
oe:player:80fea0848c57b8e07a79675d41f582c,oe:team:c334c629fea759876e9e04afbe4aee7,TOP,period:06566a2ea584fecf6c15,2024-02-10T21:07:54Z,true,protected_selection_2024,"{""bo_format_context"":null,""canonical_matchup_probability"":null,""playstyle_class_1_probability"":0.20705938254817985,""playstyle_class_2_probability"":0.4345668842141494,""playstyle_uncertainty"":0.35763498194247034,""playstyle_unknown_probability"":0.3583737332376708,""prior_above_role_median_rate"":0.5767865996069289,""prior_champion_observation_count"":7,""prior_core_state"":null,""prior_effective_evidence"":6.996714422061884,""prior_median_performance"":13.2,""prior_player_rating"":1499.9600082775116,""prior_q25_performance"":2.2800000000000002,""prior_raw_observation_count"":7,""prior_residual_uncertainty"":0.37354148058360603,""prior_role_adjusted_kp"":0.3147505594930821,""prior_role_relative_rating"":-0.0003999172248836244,""prior_starter_reliability"":0.8125377454682322,""prior_team_state"":null,""prior_team_strength"":null,""schedule_opponent_context"":null}",,10.892500000000002,2026 - Split 1,lcs_fantasy_split1_2026_reconstructed_v1,"{""dataset"":""feature_provenance"",""max_source_timestamp"":""2024-02-04T23:23:54Z""}",RECONSTRUCTED_NON_OFFICIAL_SPLIT1_2026_RULES,RECONSTRUCTED_COMPLETE_UNDER_POLICY;RECONSTRUCTED_EXCLUDED_COMPONENTS;RECONSTRUCTED_PROXY_USED
oe:player:81acc6bcde5c927c78e0990e9887f84,oe:team:fc8e90107dabb9a35c490b0d86adea0,SUP,period:06566a2ea584fecf6c15,2024-02-10T21:07:54Z,true,protected_selection_2024,"{""bo_format_context"":null,""canonical_matchup_probability"":null,""playstyle_class_1_probability"":0.4257966156941351,""playstyle_class_2_probability"":0.3579969073168553,""playstyle_uncertainty"":0.3587606783828774,""playstyle_unknown_probability"":0.21620647698900955,""prior_above_role_median_rate"":0.4676323728395793,""prior_champion_observation_count"":286,""prior_core_state"":null,""prior_effective_evidence"":49.18303835711965,""prior_median_performance"":13.362,""prior_player_rating"":1506.3567063973114,""prior_q25_performance"":8.7787,""prior_raw_observation_count"":286,""prior_residual_uncertainty"":0.12432392452845019,""prior_role_adjusted_kp"":0.18106173071768827,""prior_role_relative_rating"":0.06356706397311522,""prior_starter_reliability"":0.9208175683424503,""prior_team_state"":null,""prior_team_strength"":null,""schedule_opponent_context"":null}",,24.619500000000002,2026 - Split 1,lcs_fantasy_split1_2026_reconstructed_v1,"{""dataset"":""feature_provenance"",""max_source_timestamp"":""2024-02-04T21:51:39Z""}",RECONSTRUCTED_NON_OFFICIAL_SPLIT1_2026_RULES,RECONSTRUCTED_COMPLETE_UNDER_POLICY;RECONSTRUCTED_EXCLUDED_COMPONENTS;RECONSTRUCTED_PROXY_USED
oe:player:83eb62484689106807fcf5ad55b5479,oe:team:fc8e90107dabb9a35c490b0d86adea0,MID,period:06566a2ea584fecf6c15,2024-02-10T21:07:54Z,true,protected_selection_2024,"{""bo_format_context"":null,""canonical_matchup_probability"":null,""playstyle_class_1_probability"":null,""playstyle_class_2_probability"":null,""playstyle_uncertainty"":null,""playstyle_unknown_probability"":null,""prior_above_role_median_rate"":0.6281901860942174,""prior_champion_observation_count"":147,""prior_core_state"":null,""prior_effective_evidence"":57.14733237284974,""prior_median_performance"":18.407,""prior_player_rating"":1513.0957354802247,""prior_q25_performance"":8.18,""prior_raw_observation_count"":147,""prior_residual_uncertainty"":0.13539081229740663,""prior_role_adjusted_kp"":0.32486880630642956,""prior_role_relative_rating"":0.13095735480224754,""prior_starter_reliability"":0.9303872662847915,""prior_team_state"":null,""prior_team_strength"":null,""schedule_opponent_context"":null}",,14.107,2026 - Split 1,lcs_fantasy_split1_2026_reconstructed_v1,"{""dataset"":""feature_provenance"",""max_source_timestamp"":""2024-02-04T21:51:39Z""}",RECONSTRUCTED_NON_OFFICIAL_SPLIT1_2026_RULES,RECONSTRUCTED_COMPLETE_UNDER_POLICY;RECONSTRUCTED_EXCLUDED_COMPONENTS;RECONSTRUCTED_PROXY_USED
oe:player:8a5dbe19794784cfd0553556844f045,oe:team:e758ebe9a5a2cc81b9c8078479c2d87,JGL,period:06566a2ea584fecf6c15,2024-02-10T21:07:54Z,true,protected_selection_2024,"{""bo_format_context"":null,""canonical_matchup_probability"":null,""playstyle_class_1_probability"":null,""playstyle_class_2_probability"":null,""playstyle_uncertainty"":null,""playstyle_unknown_probability"":null,""prior_above_role_median_rate"":0.5698532323340312,""prior_champion_observation_count"":157,""prior_core_state"":null,""prior_effective_evidence"":62.223934004546486,""prior_median_performance"":15.989,""prior_player_rating"":1510.345420703779,""prior_q25_performance"":8.621,""prior_raw_observation_count"":157,""prior_residual_uncertainty"":0.11911212913982523,""prior_role_adjusted_kp"":0.0826491747926952,""prior_role_relative_rating"":0.1034542070377899,""prior_starter_reliability"":0.9359889975218737,""prior_team_state"":null,""prior_team_strength"":null,""schedule_opponent_context"":null}",,7.5455,2026 - Split 1,lcs_fantasy_split1_2026_reconstructed_v1,"{""dataset"":""feature_provenance"",""max_source_timestamp"":""2024-02-04T23:23:54Z""}",RECONSTRUCTED_NON_OFFICIAL_SPLIT1_2026_RULES,RECONSTRUCTED_COMPLETE_UNDER_POLICY;RECONSTRUCTED_EXCLUDED_COMPONENTS;RECONSTRUCTED_PROXY_USED
oe:player:8f8eaac8e99c203ee76e57c5c81c91f,oe:team:4bd1751425ef6a9bc9d4d8e9385b4a6,MID,period:06566a2ea584fecf6c15,2024-02-10T21:07:54Z,true,protected_selection_2024,"{""bo_format_context"":null,""canonical_matchup_probability"":null,""playstyle_class_1_probability"":null,""playstyle_class_2_probability"":null,""playstyle_uncertainty"":null,""playstyle_unknown_probability"":null,""prior_above_role_median_rate"":0.5363219928908817,""prior_champion_observation_count"":27,""prior_core_state"":null,""prior_effective_evidence"":20.662758251239012,""prior_median_performance"":20.777,""prior_player_rating"":1497.1722201333396,""prior_q25_performance"":6.4399999999999995,""prior_raw_observation_count"":27,""prior_residual_uncertainty"":0.20835992654431276,""prior_role_adjusted_kp"":0.031184259021829263,""prior_role_relative_rating"":-0.028277798666603654,""prior_starter_reliability"":0.884390914069234,""prior_team_state"":null,""prior_team_strength"":null,""schedule_opponent_context"":null}",,23.762500000000003,2026 - Split 1,lcs_fantasy_split1_2026_reconstructed_v1,"{""dataset"":""feature_provenance"",""max_source_timestamp"":""2024-02-04T22:38:24Z""}",RECONSTRUCTED_NON_OFFICIAL_SPLIT1_2026_RULES,RECONSTRUCTED_COMPLETE_UNDER_POLICY;RECONSTRUCTED_EXCLUDED_COMPONENTS;RECONSTRUCTED_PROXY_USED
oe:player:9191e392e93a6ef011ef76b5b83ee6c,oe:team:e758ebe9a5a2cc81b9c8078479c2d87,SUP,period:06566a2ea584fecf6c15,2024-02-10T21:07:54Z,true,protected_selection_2024,"{""bo_format_context"":null,""canonical_matchup_probability"":null,""playstyle_class_1_probability"":0.45262672735876774,""playstyle_class_2_probability"":0.2620666311919389,""playstyle_uncertainty"":0.38149201472499916,""playstyle_unknown_probability"":0.28530664144929335,""prior_above_role_median_rate"":0.4976974405763998,""prior_champion_observation_count"":264,""prior_core_state"":null,""prior_effective_evidence"":66.51943260688127,""prior_median_performance"":14.674199999999999,""prior_player_rating"":1508.338217441298,""prior_q25_performance"":10.8338,""prior_raw_observation_count"":264,""prior_residual_uncertainty"":0.11075364592238024,""prior_role_adjusted_kp"":-0.16456850832194964,""prior_role_relative_rating"":0.08338217441297971,""prior_starter_reliability"":0.936461073732429,""prior_team_state"":null,""prior_team_strength"":null,""schedule_opponent_context"":null}",,7.392150000000001,2026 - Split 1,lcs_fantasy_split1_2026_reconstructed_v1,"{""dataset"":""feature_provenance"",""max_source_timestamp"":""2024-02-04T23:23:54Z""}",RECONSTRUCTED_NON_OFFICIAL_SPLIT1_2026_RULES,RECONSTRUCTED_COMPLETE_UNDER_POLICY;RECONSTRUCTED_EXCLUDED_COMPONENTS;RECONSTRUCTED_PROXY_USED
oe:player:9ce0043331f3999cc2ee205ab7c2d73,oe:team:c334c629fea759876e9e04afbe4aee7,SUP,period:06566a2ea584fecf6c15,2024-02-10T21:07:54Z,true,protected_selection_2024,"{""bo_format_context"":null,""canonical_matchup_probability"":null,""playstyle_class_1_probability"":0.38438374230842615,""playstyle_class_2_probability"":0.19192046140187624,""playstyle_uncertainty"":0.46289289551941165,""playstyle_unknown_probability"":0.42369579628969756,""prior_above_role_median_rate"":0.539856430859753,""prior_champion_observation_count"":50,""prior_core_state"":null,""prior_effective_evidence"":11.197091633351878,""prior_median_performance"":15.2021,""prior_player_rating"":1505.5037902163078,""prior_q25_performance"":10.6857,""prior_raw_observation_count"":50,""prior_residual_uncertainty"":0.22103917644574828,""prior_role_adjusted_kp"":0.2434722855973696,""prior_role_relative_rating"":0.05503790216307834,""prior_starter_reliability"":0.8399288799479611,""prior_team_state"":null,""prior_team_strength"":null,""schedule_opponent_context"":null}",,13.80715,2026 - Split 1,lcs_fantasy_split1_2026_reconstructed_v1,"{""dataset"":""feature_provenance"",""max_source_timestamp"":""2024-02-04T23:23:54Z""}",RECONSTRUCTED_NON_OFFICIAL_SPLIT1_2026_RULES,RECONSTRUCTED_COMPLETE_UNDER_POLICY;RECONSTRUCTED_EXCLUDED_COMPONENTS;RECONSTRUCTED_PROXY_USED
oe:player:a04a853a0f540f156d08711204fe252,oe:team:c334c629fea759876e9e04afbe4aee7,JGL,period:06566a2ea584fecf6c15,2024-02-10T21:07:54Z,true,protected_selection_2024,"{""bo_format_context"":null,""canonical_matchup_probability"":null,""playstyle_class_1_probability"":null,""playstyle_class_2_probability"":null,""playstyle_uncertainty"":null,""playstyle_unknown_probability"":null,""prior_above_role_median_rate"":0.41880620046728345,""prior_champion_observation_count"":63,""prior_core_state"":null,""prior_effective_evidence"":18.65638592719296,""prior_median_performance"":12.104,""prior_player_rating"":1501.2109698639802,""prior_q25_performance"":5.143,""prior_raw_observation_count"":63,""prior_residual_uncertainty"":0.23028440351286927,""prior_role_adjusted_kp"":0.2734291861733713,""prior_role_relative_rating"":0.012109698639801481,""prior_starter_reliability"":0.8772786810828246,""prior_team_state"":null,""prior_team_strength"":null,""schedule_opponent_context"":null}",,13.6235,2026 - Split 1,lcs_fantasy_split1_2026_reconstructed_v1,"{""dataset"":""feature_provenance"",""max_source_timestamp"":""2024-02-04T23:23:54Z""}",RECONSTRUCTED_NON_OFFICIAL_SPLIT1_2026_RULES,RECONSTRUCTED_COMPLETE_UNDER_POLICY;RECONSTRUCTED_EXCLUDED_COMPONENTS;RECONSTRUCTED_PROXY_USED
oe:player:a7f0b16a54f4bd0dcb6fb7bb625b3cb,oe:team:b360f1d729b0a8e0f29a5243c4200fa,JGL,period:06566a2ea584fecf6c15,2024-02-10T21:07:54Z,true,protected_selection_2024,"{""bo_format_context"":null,""canonical_matchup_probability"":null,""playstyle_class_1_probability"":null,""playstyle_class_2_probability"":null,""playstyle_uncertainty"":null,""playstyle_unknown_probability"":null,""prior_above_role_median_rate"":0.4049507917731781,""prior_champion_observation_count"":53,""prior_core_state"":null,""prior_effective_evidence"":36.4075537642638,""prior_median_performance"":10.44,""prior_player_rating"":1497.3053308480794,""prior_q25_performance"":7.323,""prior_raw_observation_count"":53,""prior_residual_uncertainty"":0.145519485193566,""prior_role_adjusted_kp"":0.10001341387639918,""prior_role_relative_rating"":-0.026946691519206704,""prior_starter_reliability"":0.9133091159833547,""prior_team_state"":null,""prior_team_strength"":null,""schedule_opponent_context"":null}",,15.612,2026 - Split 1,lcs_fantasy_split1_2026_reconstructed_v1,"{""dataset"":""feature_provenance"",""max_source_timestamp"":""2024-02-04T22:38:24Z""}",RECONSTRUCTED_NON_OFFICIAL_SPLIT1_2026_RULES,RECONSTRUCTED_COMPLETE_UNDER_POLICY;RECONSTRUCTED_EXCLUDED_COMPONENTS;RECONSTRUCTED_PROXY_USED
oe:player:a8307167f3a1c933295bb9e3d43700e,oe:team:2e66da41dc460dd378e3bcc57042d31,JGL,period:06566a2ea584fecf6c15,2024-02-10T21:07:54Z,true,protected_selection_2024,"{""bo_format_context"":null,""canonical_matchup_probability"":null,""playstyle_class_1_probability"":null,""playstyle_class_2_probability"":null,""playstyle_uncertainty"":null,""playstyle_unknown_probability"":null,""prior_above_role_median_rate"":0.7114335505989214,""prior_champion_observation_count"":118,""prior_core_state"":null,""prior_effective_evidence"":30.044415151294142,""prior_median_performance"":17.084,""prior_player_rating"":1509.7619193079781,""prior_q25_performance"":11.796,""prior_raw_observation_count"":118,""prior_residual_uncertainty"":0.15117000138194042,""prior_role_adjusted_kp"":-0.21402362613331383,""prior_role_relative_rating"":0.09761919307978084,""prior_starter_reliability"":0.893972084717086,""prior_team_state"":null,""prior_team_strength"":null,""schedule_opponent_context"":null}",,13.59,2026 - Split 1,lcs_fantasy_split1_2026_reconstructed_v1,"{""dataset"":""feature_provenance"",""max_source_timestamp"":""2024-02-04T21:07:41Z""}",RECONSTRUCTED_NON_OFFICIAL_SPLIT1_2026_RULES,RECONSTRUCTED_COMPLETE_UNDER_POLICY;RECONSTRUCTED_EXCLUDED_COMPONENTS;RECONSTRUCTED_PROXY_USED
oe:player:c145139d26813639b8fe6f4d0b28228,oe:team:2e66da41dc460dd378e3bcc57042d31,BOT,period:06566a2ea584fecf6c15,2024-02-10T21:07:54Z,true,protected_selection_2024,"{""bo_format_context"":null,""canonical_matchup_probability"":null,""playstyle_class_1_probability"":null,""playstyle_class_2_probability"":null,""playstyle_uncertainty"":null,""playstyle_unknown_probability"":null,""prior_above_role_median_rate"":0.7189980593807673,""prior_champion_observation_count"":7,""prior_core_state"":null,""prior_effective_evidence"":6.996711644121135,""prior_median_performance"":18.744,""prior_player_rating"":1505.208124923891,""prior_q25_performance"":12.83,""prior_raw_observation_count"":7,""prior_residual_uncertainty"":0.287892537606996,""prior_role_adjusted_kp"":-0.05767034796678973,""prior_role_relative_rating"":0.05208124923891028,""prior_starter_reliability"":0.8125292185555175,""prior_team_state"":null,""prior_team_strength"":null,""schedule_opponent_context"":null}",,8.463,2026 - Split 1,lcs_fantasy_split1_2026_reconstructed_v1,"{""dataset"":""feature_provenance"",""max_source_timestamp"":""2024-02-04T21:07:41Z""}",RECONSTRUCTED_NON_OFFICIAL_SPLIT1_2026_RULES,RECONSTRUCTED_COMPLETE_UNDER_POLICY;RECONSTRUCTED_EXCLUDED_COMPONENTS;RECONSTRUCTED_PROXY_USED
oe:player:dbe844fcbbc7f54654e54242e79acac,oe:team:4bd1751425ef6a9bc9d4d8e9385b4a6,SUP,period:06566a2ea584fecf6c15,2024-02-10T21:07:54Z,true,protected_selection_2024,"{""bo_format_context"":null,""canonical_matchup_probability"":null,""playstyle_class_1_probability"":0.4766040295997074,""playstyle_class_2_probability"":0.3026466674345045,""playstyle_uncertainty"":0.29982960094345906,""playstyle_unknown_probability"":0.22074930296578812,""prior_above_role_median_rate"":0.5105938348096953,""prior_champion_observation_count"":70,""prior_core_state"":null,""prior_effective_evidence"":39.317316810140774,""prior_median_performance"":16.8354,""prior_player_rating"":1504.5245320315464,""prior_q25_performance"":8.4507,""prior_raw_observation_count"":70,""prior_residual_uncertainty"":0.14964011334809943,""prior_role_adjusted_kp"":0.014506679330424634,""prior_role_relative_rating"":0.04524532031546374,""prior_starter_reliability"":0.9171516436156251,""prior_team_state"":null,""prior_team_strength"":null,""schedule_opponent_context"":null}",,25.176650000000002,2026 - Split 1,lcs_fantasy_split1_2026_reconstructed_v1,"{""dataset"":""feature_provenance"",""max_source_timestamp"":""2024-02-04T22:38:24Z""}",RECONSTRUCTED_NON_OFFICIAL_SPLIT1_2026_RULES,RECONSTRUCTED_COMPLETE_UNDER_POLICY;RECONSTRUCTED_EXCLUDED_COMPONENTS;RECONSTRUCTED_PROXY_USED
oe:player:dc760d6884ce21614b2389ac1c05ec2,oe:team:b360f1d729b0a8e0f29a5243c4200fa,TOP,period:06566a2ea584fecf6c15,2024-02-10T21:07:54Z,true,protected_selection_2024,"{""bo_format_context"":null,""canonical_matchup_probability"":null,""playstyle_class_1_probability"":0.23314894411062773,""playstyle_class_2_probability"":0.47334037109155214,""playstyle_uncertainty"":0.4997086614968365,""playstyle_unknown_probability"":0.29351068479782016,""prior_above_role_median_rate"":0.2984800598833695,""prior_champion_observation_count"":94,""prior_core_state"":null,""prior_effective_evidence"":9.454197734112247,""prior_median_performance"":4.9670000000000005,""prior_player_rating"":1472.3147791484582,""prior_q25_performance"":2.5700000000000003,""prior_raw_observation_count"":94,""prior_residual_uncertainty"":0.2674416884428626,""prior_role_adjusted_kp"":-0.32876361168197105,""prior_role_relative_rating"":-0.27685220851541736,""prior_starter_reliability"":0.8299957404094798,""prior_team_state"":null,""prior_team_strength"":null,""schedule_opponent_context"":null}",,6.4510000000000005,2026 - Split 1,lcs_fantasy_split1_2026_reconstructed_v1,"{""dataset"":""feature_provenance"",""max_source_timestamp"":""2024-02-04T22:38:24Z""}",RECONSTRUCTED_NON_OFFICIAL_SPLIT1_2026_RULES,RECONSTRUCTED_COMPLETE_UNDER_POLICY;RECONSTRUCTED_EXCLUDED_COMPONENTS;RECONSTRUCTED_PROXY_USED
oe:player:ea9ed09584feecae0991089f087d2ce,oe:team:8eb884e168f28402ce685bedebb5250,MID,period:06566a2ea584fecf6c15,2024-02-10T21:07:54Z,true,protected_selection_2024,"{""bo_format_context"":null,""canonical_matchup_probability"":null,""playstyle_class_1_probability"":null,""playstyle_class_2_probability"":null,""playstyle_uncertainty"":null,""playstyle_unknown_probability"":null,""prior_above_role_median_rate"":0.42629138122515575,""prior_champion_observation_count"":37,""prior_core_state"":null,""prior_effective_evidence"":29.72192016339524,""prior_median_performance"":14.928,""prior_player_rating"":1489.4187155555046,""prior_q25_performance"":8.693000000000001,""prior_raw_observation_count"":37,""prior_residual_uncertainty"":0.1485046507578208,""prior_role_adjusted_kp"":-0.0514872268148099,""prior_role_relative_rating"":-0.10581284444495323,""prior_starter_reliability"":0.9067075248957981,""prior_team_state"":null,""prior_team_strength"":null,""schedule_opponent_context"":null}",,14.64,2026 - Split 1,lcs_fantasy_split1_2026_reconstructed_v1,"{""dataset"":""feature_provenance"",""max_source_timestamp"":""2024-02-04T21:51:39Z""}",RECONSTRUCTED_NON_OFFICIAL_SPLIT1_2026_RULES,RECONSTRUCTED_COMPLETE_UNDER_POLICY;RECONSTRUCTED_EXCLUDED_COMPONENTS;RECONSTRUCTED_PROXY_USED
oe:player:ed455f823b6586e9e3621dfb5aeb42e,oe:team:fc8e90107dabb9a35c490b0d86adea0,JGL,period:06566a2ea584fecf6c15,2024-02-10T21:07:54Z,true,protected_selection_2024,"{""bo_format_context"":null,""canonical_matchup_probability"":null,""playstyle_class_1_probability"":null,""playstyle_class_2_probability"":null,""playstyle_uncertainty"":null,""playstyle_unknown_probability"":null,""prior_above_role_median_rate"":0.6163316468952437,""prior_champion_observation_count"":288,""prior_core_state"":null,""prior_effective_evidence"":61.14951606325199,""prior_median_performance"":19.209,""prior_player_rating"":1516.896315862908,""prior_q25_performance"":9.665,""prior_raw_observation_count"":288,""prior_residual_uncertainty"":0.1083603976468046,""prior_role_adjusted_kp"":0.23541685678864155,""prior_role_relative_rating"":0.16896315862908118,""prior_starter_reliability"":0.9328853721998838,""prior_team_state"":null,""prior_team_strength"":null,""schedule_opponent_context"":null}",,21.881,2026 - Split 1,lcs_fantasy_split1_2026_reconstructed_v1,"{""dataset"":""feature_provenance"",""max_source_timestamp"":""2024-02-04T21:51:39Z""}",RECONSTRUCTED_NON_OFFICIAL_SPLIT1_2026_RULES,RECONSTRUCTED_COMPLETE_UNDER_POLICY;RECONSTRUCTED_EXCLUDED_COMPONENTS;RECONSTRUCTED_PROXY_USED
oe:player:ef97df9d746d0e65ed18786ab30031c,oe:team:b360f1d729b0a8e0f29a5243c4200fa,MID,period:06566a2ea584fecf6c15,2024-02-10T21:07:54Z,true,protected_selection_2024,"{""bo_format_context"":null,""canonical_matchup_probability"":null,""playstyle_class_1_probability"":null,""playstyle_class_2_probability"":null,""playstyle_uncertainty"":null,""playstyle_unknown_probability"":null,""prior_above_role_median_rate"":0.3521667897736626,""prior_champion_observation_count"":100,""prior_core_state"":null,""prior_effective_evidence"":25.877175272391675,""prior_median_performance"":9.18,""prior_player_rating"":1475.6667087644341,""prior_q25_performance"":3.38,""prior_raw_observation_count"":100,""prior_residual_uncertainty"":0.20313277480855263,""prior_role_adjusted_kp"":-0.30078233205633625,""prior_role_relative_rating"":-0.2433329123556589,""prior_starter_reliability"":0.8968599017131152,""prior_team_state"":null,""prior_team_strength"":null,""schedule_opponent_context"":null}",,7.334999999999999,2026 - Split 1,lcs_fantasy_split1_2026_reconstructed_v1,"{""dataset"":""feature_provenance"",""max_source_timestamp"":""2024-02-04T22:38:24Z""}",RECONSTRUCTED_NON_OFFICIAL_SPLIT1_2026_RULES,RECONSTRUCTED_COMPLETE_UNDER_POLICY;RECONSTRUCTED_EXCLUDED_COMPONENTS;RECONSTRUCTED_PROXY_USED
oe:player:f02f1c8275084050765b4b6414bdfda,oe:team:fc8e90107dabb9a35c490b0d86adea0,TOP,period:06566a2ea584fecf6c15,2024-02-10T21:07:54Z,true,protected_selection_2024,"{""bo_format_context"":null,""canonical_matchup_probability"":null,""playstyle_class_1_probability"":0.21052384204059038,""playstyle_class_2_probability"":0.5753348837951805,""playstyle_uncertainty"":0.33561632585163315,""playstyle_unknown_probability"":0.2141412741642292,""prior_above_role_median_rate"":0.5567529841547246,""prior_champion_observation_count"":231,""prior_core_state"":null,""prior_effective_evidence"":60.851078018751316,""prior_median_performance"":13.960999999999999,""prior_player_rating"":1511.5896895451704,""prior_q25_performance"":9.835,""prior_raw_observation_count"":231,""prior_residual_uncertainty"":0.11912112474333175,""prior_role_adjusted_kp"":0.027030612032867666,""prior_role_relative_rating"":0.1158968954517027,""prior_starter_reliability"":0.9327428996408101,""prior_team_state"":null,""prior_team_strength"":null,""schedule_opponent_context"":null}",,16.5895,2026 - Split 1,lcs_fantasy_split1_2026_reconstructed_v1,"{""dataset"":""feature_provenance"",""max_source_timestamp"":""2024-02-04T21:51:39Z""}",RECONSTRUCTED_NON_OFFICIAL_SPLIT1_2026_RULES,RECONSTRUCTED_COMPLETE_UNDER_POLICY;RECONSTRUCTED_EXCLUDED_COMPONENTS;RECONSTRUCTED_PROXY_USED
oe:player:f6b8af05a5af22004a67a78f3046b92,oe:team:8eb884e168f28402ce685bedebb5250,BOT,period:06566a2ea584fecf6c15,2024-02-10T21:07:54Z,true,protected_selection_2024,"{""bo_format_context"":null,""canonical_matchup_probability"":null,""playstyle_class_1_probability"":null,""playstyle_class_2_probability"":null,""playstyle_uncertainty"":null,""playstyle_unknown_probability"":null,""prior_above_role_median_rate"":0.49732004671337154,""prior_champion_observation_count"":67,""prior_core_state"":null,""prior_effective_evidence"":47.822241214968365,""prior_median_performance"":14.83,""prior_player_rating"":1494.18811873396,""prior_q25_performance"":9.59,""prior_raw_observation_count"":67,""prior_residual_uncertainty"":0.10432875764370293,""prior_role_adjusted_kp"":-0.10116068041923408,""prior_role_relative_rating"":-0.058118812660399775,""prior_starter_reliability"":0.9277295933753277,""prior_team_state"":null,""prior_team_strength"":null,""schedule_opponent_context"":null}",,21.639,2026 - Split 1,lcs_fantasy_split1_2026_reconstructed_v1,"{""dataset"":""feature_provenance"",""max_source_timestamp"":""2024-02-04T21:51:39Z""}",RECONSTRUCTED_NON_OFFICIAL_SPLIT1_2026_RULES,RECONSTRUCTED_COMPLETE_UNDER_POLICY;RECONSTRUCTED_EXCLUDED_COMPONENTS;RECONSTRUCTED_PROXY_USED
oe:player:fddde6d256bee26713f64ad9b2a9394,oe:team:e758ebe9a5a2cc81b9c8078479c2d87,MID,period:06566a2ea584fecf6c15,2024-02-10T21:07:54Z,true,protected_selection_2024,"{""bo_format_context"":null,""canonical_matchup_probability"":null,""playstyle_class_1_probability"":null,""playstyle_class_2_probability"":null,""playstyle_uncertainty"":null,""playstyle_unknown_probability"":null,""prior_above_role_median_rate"":0.5409252936149398,""prior_champion_observation_count"":170,""prior_core_state"":null,""prior_effective_evidence"":62.6433536273699,""prior_median_performance"":16.613999999999997,""prior_player_rating"":1510.3448167312777,""prior_q25_performance"":10.95,""prior_raw_observation_count"":170,""prior_residual_uncertainty"":0.1102910396580793,""prior_role_adjusted_kp"":0.11887124224347889,""prior_role_relative_rating"":0.10344816731277762,""prior_starter_reliability"":0.9361770365883676,""prior_team_state"":null,""prior_team_strength"":null,""schedule_opponent_context"":null}",,8.0805,2026 - Split 1,lcs_fantasy_split1_2026_reconstructed_v1,"{""dataset"":""feature_provenance"",""max_source_timestamp"":""2024-02-04T23:23:54Z""}",RECONSTRUCTED_NON_OFFICIAL_SPLIT1_2026_RULES,RECONSTRUCTED_COMPLETE_UNDER_POLICY;RECONSTRUCTED_EXCLUDED_COMPONENTS;RECONSTRUCTED_PROXY_USED
oe:player:05fafeaf23dc3285558a4e968970b9f,oe:team:8eb884e168f28402ce685bedebb5250,SUP,period:0c3bfca85acd014e625d,2024-03-30T20:22:30Z,true,protected_selection_2024,"{""bo_format_context"":null,""canonical_matchup_probability"":null,""playstyle_class_1_probability"":0.5054501310295242,""playstyle_class_2_probability"":0.2687585607100342,""playstyle_uncertainty"":0.3578154169422215,""playstyle_unknown_probability"":0.22579130826044166,""prior_above_role_median_rate"":0.6822512654964936,""prior_champion_observation_count"":289,""prior_core_state"":null,""prior_effective_evidence"":66.01687064558102,""prior_median_performance"":18.738300000000002,""prior_player_rating"":1520.992961410041,""prior_q25_performance"":12.5582,""prior_raw_observation_count"":289,""prior_residual_uncertainty"":0.10092268560377354,""prior_role_adjusted_kp"":-0.007260917392140154,""prior_role_relative_rating"":0.20992961410041075,""prior_starter_reliability"":0.954883121427017,""prior_team_state"":null,""prior_team_strength"":null,""schedule_opponent_context"":null}",,20.280385714285718,2026 - Split 1,lcs_fantasy_split1_2026_reconstructed_v1,"{""dataset"":""feature_provenance"",""max_source_timestamp"":""2024-03-22T22:49:47Z""}",RECONSTRUCTED_NON_OFFICIAL_SPLIT1_2026_RULES,RECONSTRUCTED_COMPLETE_UNDER_POLICY;RECONSTRUCTED_EXCLUDED_COMPONENTS;RECONSTRUCTED_PROXY_USED
oe:player:1970fcb701acce66e0771946bbb3105,oe:team:8eb884e168f28402ce685bedebb5250,JGL,period:0c3bfca85acd014e625d,2024-03-30T20:22:30Z,true,protected_selection_2024,"{""bo_format_context"":null,""canonical_matchup_probability"":null,""playstyle_class_1_probability"":null,""playstyle_class_2_probability"":null,""playstyle_uncertainty"":null,""playstyle_unknown_probability"":null,""prior_above_role_median_rate"":0.5197661395193631,""prior_champion_observation_count"":26,""prior_core_state"":null,""prior_effective_evidence"":25.830869924259208,""prior_median_performance"":15.78,""prior_player_rating"":1496.229076004018,""prior_q25_performance"":8.08,""prior_raw_observation_count"":26,""prior_residual_uncertainty"":0.15269961398382043,""prior_role_adjusted_kp"":-0.20789064408108013,""prior_role_relative_rating"":-0.03770923995981952,""prior_starter_reliability"":0.9264781345091233,""prior_team_state"":null,""prior_team_strength"":null,""schedule_opponent_context"":null}",,22.37442857142857,2026 - Split 1,lcs_fantasy_split1_2026_reconstructed_v1,"{""dataset"":""feature_provenance"",""max_source_timestamp"":""2024-03-22T22:49:47Z""}",RECONSTRUCTED_NON_OFFICIAL_SPLIT1_2026_RULES,RECONSTRUCTED_COMPLETE_UNDER_POLICY;RECONSTRUCTED_EXCLUDED_COMPONENTS;RECONSTRUCTED_PROXY_USED
oe:player:21f59b54f62b5b8b4bc0f63f0f617fc,oe:team:8eb884e168f28402ce685bedebb5250,TOP,period:0c3bfca85acd014e625d,2024-03-30T20:22:30Z,true,protected_selection_2024,"{""bo_format_context"":null,""canonical_matchup_probability"":null,""playstyle_class_1_probability"":0.3525394099566363,""playstyle_class_2_probability"":0.5014565695075146,""playstyle_uncertainty"":0.32438775717631213,""playstyle_unknown_probability"":0.14600402053584915,""prior_above_role_median_rate"":0.5578649015003201,""prior_champion_observation_count"":279,""prior_core_state"":null,""prior_effective_evidence"":56.56129388621552,""prior_median_performance"":14.19,""prior_player_rating"":1511.1385232045095,""prior_q25_performance"":8.343,""prior_raw_observation_count"":279,""prior_residual_uncertainty"":0.11873397957680906,""prior_role_adjusted_kp"":0.10016209025509676,""prior_role_relative_rating"":0.11138523204509555,""prior_starter_reliability"":0.9500155504919783,""prior_team_state"":null,""prior_team_strength"":null,""schedule_opponent_context"":null}",,16.446142857142856,2026 - Split 1,lcs_fantasy_split1_2026_reconstructed_v1,"{""dataset"":""feature_provenance"",""max_source_timestamp"":""2024-03-22T22:49:47Z""}",RECONSTRUCTED_NON_OFFICIAL_SPLIT1_2026_RULES,RECONSTRUCTED_COMPLETE_UNDER_POLICY;RECONSTRUCTED_EXCLUDED_COMPONENTS;RECONSTRUCTED_PROXY_USED
oe:player:3e722c8ede909c83af9342c41805a16,oe:team:2e66da41dc460dd378e3bcc57042d31,SUP,period:0c3bfca85acd014e625d,2024-03-30T20:22:30Z,true,protected_selection_2024,"{""bo_format_context"":null,""canonical_matchup_probability"":null,""playstyle_class_1_probability"":0.4009818080309093,""playstyle_class_2_probability"":0.3118293705020264,""playstyle_uncertainty"":0.3502398802693456,""playstyle_unknown_probability"":0.2871888214670642,""prior_above_role_median_rate"":0.6583831327477992,""prior_champion_observation_count"":73,""prior_core_state"":null,""prior_effective_evidence"":45.48651184617166,""prior_median_performance"":21.169600000000003,""prior_player_rating"":1518.65185027644,""prior_q25_performance"":10.7799,""prior_raw_observation_count"":73,""prior_residual_uncertainty"":0.11231584670574217,""prior_role_adjusted_kp"":0.16568827989947707,""prior_role_relative_rating"":0.18651850276439877,""prior_starter_reliability"":0.9408425716201961,""prior_team_state"":null,""prior_team_strength"":null,""schedule_opponent_context"":null}",,9.431525,2026 - Split 1,lcs_fantasy_split1_2026_reconstructed_v1,"{""dataset"":""feature_provenance"",""max_source_timestamp"":""2024-03-23T21:55:31Z""}",RECONSTRUCTED_NON_OFFICIAL_SPLIT1_2026_RULES,RECONSTRUCTED_COMPLETE_UNDER_POLICY;RECONSTRUCTED_EXCLUDED_COMPONENTS;RECONSTRUCTED_PROXY_USED
oe:player:460ae5a7af8d68f7831b70307210ab3,oe:team:fc8e90107dabb9a35c490b0d86adea0,BOT,period:0c3bfca85acd014e625d,2024-03-30T20:22:30Z,true,protected_selection_2024,"{""bo_format_context"":null,""canonical_matchup_probability"":null,""playstyle_class_1_probability"":null,""playstyle_class_2_probability"":null,""playstyle_uncertainty"":null,""playstyle_unknown_probability"":null,""prior_above_role_median_rate"":0.5755590868649554,""prior_champion_observation_count"":138,""prior_core_state"":null,""prior_effective_evidence"":57.01182286703973,""prior_median_performance"":19.084,""prior_player_rating"":1511.183375045065,""prior_q25_performance"":11.129999999999999,""prior_raw_observation_count"":138,""prior_residual_uncertainty"":0.11404337218660096,""prior_role_adjusted_kp"":0.02482231170808842,""prior_role_relative_rating"":0.11183375045065007,""prior_starter_reliability"":0.9451688057734091,""prior_team_state"":null,""prior_team_strength"":null,""schedule_opponent_context"":null}",,9.336,2026 - Split 1,lcs_fantasy_split1_2026_reconstructed_v1,"{""dataset"":""feature_provenance"",""max_source_timestamp"":""2024-03-23T21:55:31Z""}",RECONSTRUCTED_NON_OFFICIAL_SPLIT1_2026_RULES,RECONSTRUCTED_COMPLETE_UNDER_POLICY;RECONSTRUCTED_EXCLUDED_COMPONENTS;RECONSTRUCTED_PROXY_USED
oe:player:7e0e7ac2a199e8e2ecb30499a3b2153,oe:team:2e66da41dc460dd378e3bcc57042d31,MID,period:0c3bfca85acd014e625d,2024-03-30T20:22:30Z,true,protected_selection_2024,"{""bo_format_context"":null,""canonical_matchup_probability"":null,""playstyle_class_1_probability"":null,""playstyle_class_2_probability"":null,""playstyle_uncertainty"":null,""playstyle_unknown_probability"":null,""prior_above_role_median_rate"":0.6387011740413573,""prior_champion_observation_count"":243,""prior_core_state"":null,""prior_effective_evidence"":50.933282117074555,""prior_median_performance"":18.252000000000002,""prior_player_rating"":1517.5626636387342,""prior_q25_performance"":11.713000000000001,""prior_raw_observation_count"":243,""prior_residual_uncertainty"":0.13770858070508138,""prior_role_adjusted_kp"":0.2158076941447092,""prior_role_relative_rating"":0.1756266363873429,""prior_starter_reliability"":0.9439870692014488,""prior_team_state"":null,""prior_team_strength"":null,""schedule_opponent_context"":null}",,9.17575,2026 - Split 1,lcs_fantasy_split1_2026_reconstructed_v1,"{""dataset"":""feature_provenance"",""max_source_timestamp"":""2024-03-23T21:55:31Z""}",RECONSTRUCTED_NON_OFFICIAL_SPLIT1_2026_RULES,RECONSTRUCTED_COMPLETE_UNDER_POLICY;RECONSTRUCTED_EXCLUDED_COMPONENTS;RECONSTRUCTED_PROXY_USED
oe:player:7e2505960c12cc54c96a0a6efb2e055,oe:team:2e66da41dc460dd378e3bcc57042d31,TOP,period:0c3bfca85acd014e625d,2024-03-30T20:22:30Z,true,protected_selection_2024,"{""bo_format_context"":null,""canonical_matchup_probability"":null,""playstyle_class_1_probability"":0.14091147047052338,""playstyle_class_2_probability"":0.5975250661905849,""playstyle_uncertainty"":0.36472599954906676,""playstyle_unknown_probability"":0.2615634633388918,""prior_above_role_median_rate"":0.636421128522335,""prior_champion_observation_count"":102,""prior_core_state"":null,""prior_effective_evidence"":28.60211513961703,""prior_median_performance"":15.66,""prior_player_rating"":1513.7996917790806,""prior_q25_performance"":10.09,""prior_raw_observation_count"":102,""prior_residual_uncertainty"":0.15455956521189038,""prior_role_adjusted_kp"":0.06608291588739297,""prior_role_relative_rating"":0.137996917790806,""prior_starter_reliability"":0.9238471923132829,""prior_team_state"":null,""prior_team_strength"":null,""schedule_opponent_context"":null}",,11.87875,2026 - Split 1,lcs_fantasy_split1_2026_reconstructed_v1,"{""dataset"":""feature_provenance"",""max_source_timestamp"":""2024-03-23T21:55:31Z""}",RECONSTRUCTED_NON_OFFICIAL_SPLIT1_2026_RULES,RECONSTRUCTED_COMPLETE_UNDER_POLICY;RECONSTRUCTED_EXCLUDED_COMPONENTS;RECONSTRUCTED_PROXY_USED
oe:player:81acc6bcde5c927c78e0990e9887f84,oe:team:fc8e90107dabb9a35c490b0d86adea0,SUP,period:0c3bfca85acd014e625d,2024-03-30T20:22:30Z,true,protected_selection_2024,"{""bo_format_context"":null,""canonical_matchup_probability"":null,""playstyle_class_1_probability"":0.410907749284968,""playstyle_class_2_probability"":0.34309097315053544,""playstyle_uncertainty"":0.3780526866283313,""playstyle_unknown_probability"":0.24600127756449666,""prior_above_role_median_rate"":0.4941162826262491,""prior_champion_observation_count"":299,""prior_core_state"":null,""prior_effective_evidence"":50.416154899048024,""prior_median_performance"":14.012400000000001,""prior_player_rating"":1502.3160287212756,""prior_q25_performance"":8.7787,""prior_raw_observation_count"":299,""prior_residual_uncertainty"":0.12328274292009837,""prior_role_adjusted_kp"":-0.07647613826457762,""prior_role_relative_rating"":0.023160287212756665,""prior_starter_reliability"":0.9404283997533575,""prior_team_state"":null,""prior_team_strength"":null,""schedule_opponent_context"":null}",,8.583233333333334,2026 - Split 1,lcs_fantasy_split1_2026_reconstructed_v1,"{""dataset"":""feature_provenance"",""max_source_timestamp"":""2024-03-23T21:55:31Z""}",RECONSTRUCTED_NON_OFFICIAL_SPLIT1_2026_RULES,RECONSTRUCTED_COMPLETE_UNDER_POLICY;RECONSTRUCTED_EXCLUDED_COMPONENTS;RECONSTRUCTED_PROXY_USED
oe:player:83eb62484689106807fcf5ad55b5479,oe:team:fc8e90107dabb9a35c490b0d86adea0,MID,period:0c3bfca85acd014e625d,2024-03-30T20:22:30Z,true,protected_selection_2024,"{""bo_format_context"":null,""canonical_matchup_probability"":null,""playstyle_class_1_probability"":null,""playstyle_class_2_probability"":null,""playstyle_uncertainty"":null,""playstyle_unknown_probability"":null,""prior_above_role_median_rate"":0.5923939286327864,""prior_champion_observation_count"":160,""prior_core_state"":null,""prior_effective_evidence"":57.26982270206165,""prior_median_performance"":17.2,""prior_player_rating"":1501.0895479670762,""prior_q25_performance"":7.65,""prior_raw_observation_count"":160,""prior_residual_uncertainty"":0.13293882448050473,""prior_role_adjusted_kp"":-0.011098575509464298,""prior_role_relative_rating"":0.010895479670762138,""prior_starter_reliability"":0.9451281546698806,""prior_team_state"":null,""prior_team_strength"":null,""schedule_opponent_context"":null}",,13.664,2026 - Split 1,lcs_fantasy_split1_2026_reconstructed_v1,"{""dataset"":""feature_provenance"",""max_source_timestamp"":""2024-03-23T21:55:31Z""}",RECONSTRUCTED_NON_OFFICIAL_SPLIT1_2026_RULES,RECONSTRUCTED_COMPLETE_UNDER_POLICY;RECONSTRUCTED_EXCLUDED_COMPONENTS;RECONSTRUCTED_PROXY_USED
oe:player:a8307167f3a1c933295bb9e3d43700e,oe:team:2e66da41dc460dd378e3bcc57042d31,JGL,period:0c3bfca85acd014e625d,2024-03-30T20:22:30Z,true,protected_selection_2024,"{""bo_format_context"":null,""canonical_matchup_probability"":null,""playstyle_class_1_probability"":null,""playstyle_class_2_probability"":null,""playstyle_uncertainty"":null,""playstyle_unknown_probability"":null,""prior_above_role_median_rate"":0.6911206916306923,""prior_champion_observation_count"":133,""prior_core_state"":null,""prior_effective_evidence"":38.29613300323046,""prior_median_performance"":21.03,""prior_player_rating"":1514.826335915095,""prior_q25_performance"":12.231,""prior_raw_observation_count"":133,""prior_residual_uncertainty"":0.1347483244595385,""prior_role_adjusted_kp"":-0.10037489515409473,""prior_role_relative_rating"":0.1482633591509483,""prior_starter_reliability"":0.9337250285746262,""prior_team_state"":null,""prior_team_strength"":null,""schedule_opponent_context"":null}",,7.756,2026 - Split 1,lcs_fantasy_split1_2026_reconstructed_v1,"{""dataset"":""feature_provenance"",""max_source_timestamp"":""2024-03-23T21:55:31Z""}",RECONSTRUCTED_NON_OFFICIAL_SPLIT1_2026_RULES,RECONSTRUCTED_COMPLETE_UNDER_POLICY;RECONSTRUCTED_EXCLUDED_COMPONENTS;RECONSTRUCTED_PROXY_USED
oe:player:c145139d26813639b8fe6f4d0b28228,oe:team:2e66da41dc460dd378e3bcc57042d31,BOT,period:0c3bfca85acd014e625d,2024-03-30T20:22:30Z,true,protected_selection_2024,"{""bo_format_context"":null,""canonical_matchup_probability"":null,""playstyle_class_1_probability"":null,""playstyle_class_2_probability"":null,""playstyle_uncertainty"":null,""playstyle_unknown_probability"":null,""prior_above_role_median_rate"":0.6919575038788495,""prior_champion_observation_count"":22,""prior_core_state"":null,""prior_effective_evidence"":21.84898992583597,""prior_median_performance"":19.747,""prior_player_rating"":1511.6820800391565,""prior_q25_performance"":12.83,""prior_raw_observation_count"":22,""prior_residual_uncertainty"":0.20769947176932682,""prior_role_adjusted_kp"":-0.11100184835874422,""prior_role_relative_rating"":0.11682080039156525,""prior_starter_reliability"":0.9144969398829338,""prior_team_state"":null,""prior_team_strength"":null,""schedule_opponent_context"":null}",,11.372500000000002,2026 - Split 1,lcs_fantasy_split1_2026_reconstructed_v1,"{""dataset"":""feature_provenance"",""max_source_timestamp"":""2024-03-23T21:55:31Z""}",RECONSTRUCTED_NON_OFFICIAL_SPLIT1_2026_RULES,RECONSTRUCTED_COMPLETE_UNDER_POLICY;RECONSTRUCTED_EXCLUDED_COMPONENTS;RECONSTRUCTED_PROXY_USED
oe:player:ea9ed09584feecae0991089f087d2ce,oe:team:8eb884e168f28402ce685bedebb5250,MID,period:0c3bfca85acd014e625d,2024-03-30T20:22:30Z,true,protected_selection_2024,"{""bo_format_context"":null,""canonical_matchup_probability"":null,""playstyle_class_1_probability"":null,""playstyle_class_2_probability"":null,""playstyle_uncertainty"":null,""playstyle_unknown_probability"":null,""prior_above_role_median_rate"":0.574154723591201,""prior_champion_observation_count"":56,""prior_core_state"":null,""prior_effective_evidence"":43.90606288556475,""prior_median_performance"":17.545,""prior_player_rating"":1509.9176434125982,""prior_q25_performance"":12.620000000000001,""prior_raw_observation_count"":56,""prior_residual_uncertainty"":0.12342726803758619,""prior_role_adjusted_kp"":0.00411263305152394,""prior_role_relative_rating"":0.09917643412598198,""prior_starter_reliability"":0.9446324124539534,""prior_team_state"":null,""prior_team_strength"":null,""schedule_opponent_context"":null}",,19.64242857142857,2026 - Split 1,lcs_fantasy_split1_2026_reconstructed_v1,"{""dataset"":""feature_provenance"",""max_source_timestamp"":""2024-03-22T22:49:47Z""}",RECONSTRUCTED_NON_OFFICIAL_SPLIT1_2026_RULES,RECONSTRUCTED_COMPLETE_UNDER_POLICY;RECONSTRUCTED_EXCLUDED_COMPONENTS;RECONSTRUCTED_PROXY_USED
oe:player:ed455f823b6586e9e3621dfb5aeb42e,oe:team:fc8e90107dabb9a35c490b0d86adea0,JGL,period:0c3bfca85acd014e625d,2024-03-30T20:22:30Z,true,protected_selection_2024,"{""bo_format_context"":null,""canonical_matchup_probability"":null,""playstyle_class_1_probability"":null,""playstyle_class_2_probability"":null,""playstyle_uncertainty"":null,""playstyle_unknown_probability"":null,""prior_above_role_median_rate"":0.6387973934833547,""prior_champion_observation_count"":301,""prior_core_state"":null,""prior_effective_evidence"":60.02825561781439,""prior_median_performance"":19.703,""prior_player_rating"":1511.038425612445,""prior_q25_performance"":9.879999999999999,""prior_raw_observation_count"":301,""prior_residual_uncertainty"":0.10404408267167997,""prior_role_adjusted_kp"":0.02890068858680189,""prior_role_relative_rating"":0.11038425612445033,""prior_starter_reliability"":0.9464297731211804,""prior_team_state"":null,""prior_team_strength"":null,""schedule_opponent_context"":null}",,9.694,2026 - Split 1,lcs_fantasy_split1_2026_reconstructed_v1,"{""dataset"":""feature_provenance"",""max_source_timestamp"":""2024-03-23T21:55:31Z""}",RECONSTRUCTED_NON_OFFICIAL_SPLIT1_2026_RULES,RECONSTRUCTED_COMPLETE_UNDER_POLICY;RECONSTRUCTED_EXCLUDED_COMPONENTS;RECONSTRUCTED_PROXY_USED
oe:player:f02f1c8275084050765b4b6414bdfda,oe:team:fc8e90107dabb9a35c490b0d86adea0,TOP,period:0c3bfca85acd014e625d,2024-03-30T20:22:30Z,true,protected_selection_2024,"{""bo_format_context"":null,""canonical_matchup_probability"":null,""playstyle_class_1_probability"":0.1782003669492291,""playstyle_class_2_probability"":0.6108048570604975,""playstyle_uncertainty"":0.33850737679911463,""playstyle_unknown_probability"":0.2109947759902734,""prior_above_role_median_rate"":0.5735831170713149,""prior_champion_observation_count"":244,""prior_core_state"":null,""prior_effective_evidence"":59.84029287176268,""prior_median_performance"":14.039,""prior_player_rating"":1511.6915511935636,""prior_q25_performance"":9.32,""prior_raw_observation_count"":244,""prior_residual_uncertainty"":0.11190900150401513,""prior_role_adjusted_kp"":0.042209176497545735,""prior_role_relative_rating"":0.1169155119356356,""prior_starter_reliability"":0.9463546563193239,""prior_team_state"":null,""prior_team_strength"":null,""schedule_opponent_context"":null}",,8.12,2026 - Split 1,lcs_fantasy_split1_2026_reconstructed_v1,"{""dataset"":""feature_provenance"",""max_source_timestamp"":""2024-03-23T21:55:31Z""}",RECONSTRUCTED_NON_OFFICIAL_SPLIT1_2026_RULES,RECONSTRUCTED_COMPLETE_UNDER_POLICY;RECONSTRUCTED_EXCLUDED_COMPONENTS;RECONSTRUCTED_PROXY_USED
oe:player:f6b8af05a5af22004a67a78f3046b92,oe:team:8eb884e168f28402ce685bedebb5250,BOT,period:0c3bfca85acd014e625d,2024-03-30T20:22:30Z,true,protected_selection_2024,"{""bo_format_context"":null,""canonical_matchup_probability"":null,""playstyle_class_1_probability"":null,""playstyle_class_2_probability"":null,""playstyle_uncertainty"":null,""playstyle_unknown_probability"":null,""prior_above_role_median_rate"":0.5384716623474665,""prior_champion_observation_count"":86,""prior_core_state"":null,""prior_effective_evidence"":56.695372938971346,""prior_median_performance"":16.41,""prior_player_rating"":1513.669118492776,""prior_q25_performance"":10.661,""prior_raw_observation_count"":86,""prior_residual_uncertainty"":0.12242466818176836,""prior_role_adjusted_kp"":0.10112325165340877,""prior_role_relative_rating"":0.13669118492776056,""prior_starter_reliability"":0.9515579309102845,""prior_team_state"":null,""prior_team_strength"":null,""schedule_opponent_context"":null}",,19.79785714285714,2026 - Split 1,lcs_fantasy_split1_2026_reconstructed_v1,"{""dataset"":""feature_provenance"",""max_source_timestamp"":""2024-03-22T22:49:47Z""}",RECONSTRUCTED_NON_OFFICIAL_SPLIT1_2026_RULES,RECONSTRUCTED_COMPLETE_UNDER_POLICY;RECONSTRUCTED_EXCLUDED_COMPONENTS;RECONSTRUCTED_PROXY_USED
oe:player:007be3acd5669d100711b13d79e2336,oe:team:4bd1751425ef6a9bc9d4d8e9385b4a6,TOP,period:0f3dd675ff7b55987f43,2024-07-20T20:10:15Z,true,protected_selection_2024,"{""bo_format_context"":null,""canonical_matchup_probability"":null,""playstyle_class_1_probability"":0.1830534822679193,""playstyle_class_2_probability"":0.622660143977099,""playstyle_uncertainty"":0.2520208352679309,""playstyle_unknown_probability"":0.1942863737549817,""prior_above_role_median_rate"":0.5088541125134884,""prior_champion_observation_count"":32,""prior_core_state"":null,""prior_effective_evidence"":30.03184474837231,""prior_median_performance"":12.408,""prior_player_rating"":1483.6512987234498,""prior_q25_performance"":4.73,""prior_raw_observation_count"":32,""prior_residual_uncertainty"":0.17289603273523418,""prior_role_adjusted_kp"":-0.3370011070894832,""prior_role_relative_rating"":-0.16348701276550245,""prior_starter_reliability"":0.9128191070883349,""prior_team_state"":null,""prior_team_strength"":null,""schedule_opponent_context"":null}",,2.4775,2026 - Split 1,lcs_fantasy_split1_2026_reconstructed_v1,"{""dataset"":""feature_provenance"",""max_source_timestamp"":""2024-06-27T22:55:43Z""}",RECONSTRUCTED_NON_OFFICIAL_SPLIT1_2026_RULES,RECONSTRUCTED_COMPLETE_UNDER_POLICY;RECONSTRUCTED_EXCLUDED_COMPONENTS;RECONSTRUCTED_PROXY_USED
oe:player:05fafeaf23dc3285558a4e968970b9f,oe:team:8eb884e168f28402ce685bedebb5250,SUP,period:0f3dd675ff7b55987f43,2024-07-20T20:10:15Z,true,protected_selection_2024,"{""bo_format_context"":null,""canonical_matchup_probability"":null,""playstyle_class_1_probability"":0.5018303969294525,""playstyle_class_2_probability"":0.24693760163433498,""playstyle_uncertainty"":0.369908685816499,""playstyle_unknown_probability"":0.2512320014362125,""prior_above_role_median_rate"":0.6493469654216847,""prior_champion_observation_count"":303,""prior_core_state"":null,""prior_effective_evidence"":70.14639611379954,""prior_median_performance"":18.738300000000002,""prior_player_rating"":1517.2357175952134,""prior_q25_performance"":12.9636,""prior_raw_observation_count"":303,""prior_residual_uncertainty"":0.1,""prior_role_adjusted_kp"":-0.2268740824400995,""prior_role_relative_rating"":0.17235717595213293,""prior_starter_reliability"":0.9472863301631668,""prior_team_state"":null,""prior_team_strength"":null,""schedule_opponent_context"":null}",,14.673866666666667,2026 - Split 1,lcs_fantasy_split1_2026_reconstructed_v1,"{""dataset"":""feature_provenance"",""max_source_timestamp"":""2024-06-27T22:55:43Z""}",RECONSTRUCTED_NON_OFFICIAL_SPLIT1_2026_RULES,RECONSTRUCTED_COMPLETE_UNDER_POLICY;RECONSTRUCTED_EXCLUDED_COMPONENTS;RECONSTRUCTED_PROXY_USED
oe:player:10fcffece0ac7be85f09c4b51a75762,oe:team:0dbb780176ecad18f17292d1f5653af,BOT,period:0f3dd675ff7b55987f43,2024-07-20T20:10:15Z,true,protected_selection_2024,"{""bo_format_context"":null,""canonical_matchup_probability"":null,""playstyle_class_1_probability"":null,""playstyle_class_2_probability"":null,""playstyle_uncertainty"":null,""playstyle_unknown_probability"":null,""prior_above_role_median_rate"":0.653863696710017,""prior_champion_observation_count"":249,""prior_core_state"":null,""prior_effective_evidence"":33.98505012534593,""prior_median_performance"":19.2977,""prior_player_rating"":1514.6630971331897,""prior_q25_performance"":8.73,""prior_raw_observation_count"":249,""prior_residual_uncertainty"":0.16948834195206597,""prior_role_adjusted_kp"":0.01500008743660654,""prior_role_relative_rating"":0.1466309713318976,""prior_starter_reliability"":0.8949302976114707,""prior_team_state"":null,""prior_team_strength"":null,""schedule_opponent_context"":null}",,13.59666666666667,2026 - Split 1,lcs_fantasy_split1_2026_reconstructed_v1,"{""dataset"":""feature_provenance"",""max_source_timestamp"":""2024-06-28T22:16:26Z""}",RECONSTRUCTED_NON_OFFICIAL_SPLIT1_2026_RULES,RECONSTRUCTED_COMPLETE_UNDER_POLICY;RECONSTRUCTED_EXCLUDED_COMPONENTS;RECONSTRUCTED_PROXY_USED
oe:player:1970fcb701acce66e0771946bbb3105,oe:team:8eb884e168f28402ce685bedebb5250,JGL,period:0f3dd675ff7b55987f43,2024-07-20T20:10:15Z,true,protected_selection_2024,"{""bo_format_context"":null,""canonical_matchup_probability"":null,""playstyle_class_1_probability"":null,""playstyle_class_2_probability"":null,""playstyle_uncertainty"":null,""playstyle_unknown_probability"":null,""prior_above_role_median_rate"":0.567874441197143,""prior_champion_observation_count"":40,""prior_core_state"":null,""prior_effective_evidence"":37.84985939184575,""prior_median_performance"":17.002000000000002,""prior_player_rating"":1503.578259544559,""prior_q25_performance"":12.33,""prior_raw_observation_count"":40,""prior_residual_uncertainty"":0.1196093772390259,""prior_role_adjusted_kp"":-0.3135104403533007,""prior_role_relative_rating"":0.035782595445588775,""prior_starter_reliability"":0.9283836344511468,""prior_team_state"":null,""prior_team_strength"":null,""schedule_opponent_context"":null}",,12.99,2026 - Split 1,lcs_fantasy_split1_2026_reconstructed_v1,"{""dataset"":""feature_provenance"",""max_source_timestamp"":""2024-06-27T22:55:43Z""}",RECONSTRUCTED_NON_OFFICIAL_SPLIT1_2026_RULES,RECONSTRUCTED_COMPLETE_UNDER_POLICY;RECONSTRUCTED_EXCLUDED_COMPONENTS;RECONSTRUCTED_PROXY_USED
oe:player:1efc4e5732e91520d03385900b903f9,oe:team:fc8e90107dabb9a35c490b0d86adea0,TOP,period:0f3dd675ff7b55987f43,2024-07-20T20:10:15Z,true,protected_selection_2024,"{""bo_format_context"":null,""canonical_matchup_probability"":null,""playstyle_class_1_probability"":0.2075646113444028,""playstyle_class_2_probability"":0.42834444686367235,""playstyle_uncertainty"":0.35931795343598116,""playstyle_unknown_probability"":0.36409094179192486,""prior_above_role_median_rate"":0.8602609515379911,""prior_champion_observation_count"":7,""prior_core_state"":null,""prior_effective_evidence"":6.996982338868783,""prior_median_performance"":17.079,""prior_player_rating"":1519.280315404549,""prior_q25_performance"":15.871,""prior_raw_observation_count"":7,""prior_residual_uncertainty"":0.3102624108243989,""prior_role_adjusted_kp"":-0.06373079440697009,""prior_role_relative_rating"":0.19280315404548856,""prior_starter_reliability"":0.8050026179053045,""prior_team_state"":null,""prior_team_strength"":null,""schedule_opponent_context"":null}",,20.9185,2026 - Split 1,lcs_fantasy_split1_2026_reconstructed_v1,"{""dataset"":""feature_provenance"",""max_source_timestamp"":""2024-06-28T20:47:05Z""}",RECONSTRUCTED_NON_OFFICIAL_SPLIT1_2026_RULES,RECONSTRUCTED_COMPLETE_UNDER_POLICY;RECONSTRUCTED_EXCLUDED_COMPONENTS;RECONSTRUCTED_PROXY_USED
oe:player:21f59b54f62b5b8b4bc0f63f0f617fc,oe:team:8eb884e168f28402ce685bedebb5250,TOP,period:0f3dd675ff7b55987f43,2024-07-20T20:10:15Z,true,protected_selection_2024,"{""bo_format_context"":null,""canonical_matchup_probability"":null,""playstyle_class_1_probability"":0.35762212997633724,""playstyle_class_2_probability"":0.4547930546539188,""playstyle_uncertainty"":0.34865817341141936,""playstyle_unknown_probability"":0.1875848153697439,""prior_above_role_median_rate"":0.5920316378148565,""prior_champion_observation_count"":293,""prior_core_state"":null,""prior_effective_evidence"":62.3166140672541,""prior_median_performance"":14.25,""prior_player_rating"":1512.1127789929997,""prior_q25_performance"":8.343,""prior_raw_observation_count"":293,""prior_residual_uncertainty"":0.12432239859273117,""prior_role_adjusted_kp"":-0.03720533373740642,""prior_role_relative_rating"":0.1211277899299964,""prior_starter_reliability"":0.9435293995721432,""prior_team_state"":null,""prior_team_strength"":null,""schedule_opponent_context"":null}",,16.612666666666666,2026 - Split 1,lcs_fantasy_split1_2026_reconstructed_v1,"{""dataset"":""feature_provenance"",""max_source_timestamp"":""2024-06-27T22:55:43Z""}",RECONSTRUCTED_NON_OFFICIAL_SPLIT1_2026_RULES,RECONSTRUCTED_COMPLETE_UNDER_POLICY;RECONSTRUCTED_EXCLUDED_COMPONENTS;RECONSTRUCTED_PROXY_USED
oe:player:3e722c8ede909c83af9342c41805a16,oe:team:2e66da41dc460dd378e3bcc57042d31,SUP,period:0f3dd675ff7b55987f43,2024-07-20T20:10:15Z,true,protected_selection_2024,"{""bo_format_context"":null,""canonical_matchup_probability"":null,""playstyle_class_1_probability"":0.43337279863111394,""playstyle_class_2_probability"":0.25571955050492984,""playstyle_uncertainty"":0.37287743703568454,""playstyle_unknown_probability"":0.3109076508639562,""prior_above_role_median_rate"":0.6477252876604613,""prior_champion_observation_count"":85,""prior_core_state"":null,""prior_effective_evidence"":50.14424420118286,""prior_median_performance"":20.7458,""prior_player_rating"":1512.185018337172,""prior_q25_performance"":10.7698,""prior_raw_observation_count"":85,""prior_residual_uncertainty"":0.11507937974030553,""prior_role_adjusted_kp"":-0.07746798077005619,""prior_role_relative_rating"":0.12185018337172006,""prior_starter_reliability"":0.935363111552679,""prior_team_state"":null,""prior_team_strength"":null,""schedule_opponent_context"":null}",,23.68985,2026 - Split 1,lcs_fantasy_split1_2026_reconstructed_v1,"{""dataset"":""feature_provenance"",""max_source_timestamp"":""2024-06-28T22:16:26Z""}",RECONSTRUCTED_NON_OFFICIAL_SPLIT1_2026_RULES,RECONSTRUCTED_COMPLETE_UNDER_POLICY;RECONSTRUCTED_EXCLUDED_COMPONENTS;RECONSTRUCTED_PROXY_USED
oe:player:40704dfd2d966862568d29770de57bd,oe:team:0dbb780176ecad18f17292d1f5653af,SUP,period:0f3dd675ff7b55987f43,2024-07-20T20:10:15Z,true,protected_selection_2024,"{""bo_format_context"":null,""canonical_matchup_probability"":null,""playstyle_class_1_probability"":0.5302774965335371,""playstyle_class_2_probability"":0.19527132419750676,""playstyle_uncertainty"":0.33597185877204944,""playstyle_unknown_probability"":0.27445117926895607,""prior_above_role_median_rate"":0.46202199759177104,""prior_champion_observation_count"":41,""prior_core_state"":null,""prior_effective_evidence"":23.686763789104102,""prior_median_performance"":13.2857,""prior_player_rating"":1496.8369931254824,""prior_q25_performance"":7.194,""prior_raw_observation_count"":41,""prior_residual_uncertainty"":0.1755929966098178,""prior_role_adjusted_kp"":0.020892085921991523,""prior_role_relative_rating"":-0.031630068745176654,""prior_starter_reliability"":0.8976989905456326,""prior_team_state"":null,""prior_team_strength"":null,""schedule_opponent_context"":null}",,17.0077,2026 - Split 1,lcs_fantasy_split1_2026_reconstructed_v1,"{""dataset"":""feature_provenance"",""max_source_timestamp"":""2024-06-28T22:16:26Z""}",RECONSTRUCTED_NON_OFFICIAL_SPLIT1_2026_RULES,RECONSTRUCTED_COMPLETE_UNDER_POLICY;RECONSTRUCTED_EXCLUDED_COMPONENTS;RECONSTRUCTED_PROXY_USED
oe:player:460ae5a7af8d68f7831b70307210ab3,oe:team:fc8e90107dabb9a35c490b0d86adea0,BOT,period:0f3dd675ff7b55987f43,2024-07-20T20:10:15Z,true,protected_selection_2024,"{""bo_format_context"":null,""canonical_matchup_probability"":null,""playstyle_class_1_probability"":null,""playstyle_class_2_probability"":null,""playstyle_uncertainty"":null,""playstyle_unknown_probability"":null,""prior_above_role_median_rate"":0.5701044426219272,""prior_champion_observation_count"":148,""prior_core_state"":null,""prior_effective_evidence"":56.314615075128856,""prior_median_performance"":19.601,""prior_player_rating"":1511.0253942877503,""prior_q25_performance"":11.129999999999999,""prior_raw_observation_count"":148,""prior_residual_uncertainty"":0.11214469663000864,""prior_role_adjusted_kp"":0.07383581335430221,""prior_role_relative_rating"":0.11025394287750276,""prior_starter_reliability"":0.9354841471773869,""prior_team_state"":null,""prior_team_strength"":null,""schedule_opponent_context"":null}",,28.532500000000002,2026 - Split 1,lcs_fantasy_split1_2026_reconstructed_v1,"{""dataset"":""feature_provenance"",""max_source_timestamp"":""2024-06-28T20:47:05Z""}",RECONSTRUCTED_NON_OFFICIAL_SPLIT1_2026_RULES,RECONSTRUCTED_COMPLETE_UNDER_POLICY;RECONSTRUCTED_EXCLUDED_COMPONENTS;RECONSTRUCTED_PROXY_USED
oe:player:494fc60dffbb5da1caa2226baef0ec7,oe:team:b360f1d729b0a8e0f29a5243c4200fa,BOT,period:0f3dd675ff7b55987f43,2024-07-20T20:10:15Z,true,protected_selection_2024,"{""bo_format_context"":null,""canonical_matchup_probability"":null,""playstyle_class_1_probability"":null,""playstyle_class_2_probability"":null,""playstyle_uncertainty"":null,""playstyle_unknown_probability"":null,""prior_above_role_median_rate"":0.3537890812262813,""prior_champion_observation_count"":18,""prior_core_state"":null,""prior_effective_evidence"":16.48912497227401,""prior_median_performance"":10.9,""prior_player_rating"":1486.0796379062276,""prior_q25_performance"":5.67,""prior_raw_observation_count"":18,""prior_residual_uncertainty"":0.2135923143444766,""prior_role_adjusted_kp"":-0.011287054804944017,""prior_role_relative_rating"":-0.13920362093772393,""prior_starter_reliability"":0.8698910756216685,""prior_team_state"":null,""prior_team_strength"":null,""schedule_opponent_context"":null}",,27.224999999999998,2026 - Split 1,lcs_fantasy_split1_2026_reconstructed_v1,"{""dataset"":""feature_provenance"",""max_source_timestamp"":""2024-06-28T20:47:05Z""}",RECONSTRUCTED_NON_OFFICIAL_SPLIT1_2026_RULES,RECONSTRUCTED_COMPLETE_UNDER_POLICY;RECONSTRUCTED_EXCLUDED_COMPONENTS;RECONSTRUCTED_PROXY_USED
oe:player:4a18312b5b75f549d5551e5912ad6eb,oe:team:c334c629fea759876e9e04afbe4aee7,MID,period:0f3dd675ff7b55987f43,2024-07-20T20:10:15Z,true,protected_selection_2024,"{""bo_format_context"":null,""canonical_matchup_probability"":null,""playstyle_class_1_probability"":null,""playstyle_class_2_probability"":null,""playstyle_uncertainty"":null,""playstyle_unknown_probability"":null,""prior_above_role_median_rate"":0.42081515193814245,""prior_champion_observation_count"":20,""prior_core_state"":null,""prior_effective_evidence"":18.269733086030627,""prior_median_performance"":13.48,""prior_player_rating"":1495.7094151704914,""prior_q25_performance"":8.7,""prior_raw_observation_count"":20,""prior_residual_uncertainty"":0.19002531053207938,""prior_role_adjusted_kp"":0.08050736576566482,""prior_role_relative_rating"":-0.042905848295085085,""prior_starter_reliability"":0.8769342357519171,""prior_team_state"":null,""prior_team_strength"":null,""schedule_opponent_context"":null}",,11.690000000000001,2026 - Split 1,lcs_fantasy_split1_2026_reconstructed_v1,"{""dataset"":""feature_provenance"",""max_source_timestamp"":""2024-06-27T20:56:17Z""}",RECONSTRUCTED_NON_OFFICIAL_SPLIT1_2026_RULES,RECONSTRUCTED_COMPLETE_UNDER_POLICY;RECONSTRUCTED_EXCLUDED_COMPONENTS;RECONSTRUCTED_PROXY_USED
oe:player:4db47d64e2721bf7a93ebf42e488852,oe:team:4bd1751425ef6a9bc9d4d8e9385b4a6,BOT,period:0f3dd675ff7b55987f43,2024-07-20T20:10:15Z,true,protected_selection_2024,"{""bo_format_context"":null,""canonical_matchup_probability"":null,""playstyle_class_1_probability"":null,""playstyle_class_2_probability"":null,""playstyle_uncertainty"":null,""playstyle_unknown_probability"":null,""prior_above_role_median_rate"":0.42106843848968206,""prior_champion_observation_count"":32,""prior_core_state"":null,""prior_effective_evidence"":30.03184474837231,""prior_median_performance"":13.85,""prior_player_rating"":1484.3736168861237,""prior_q25_performance"":5.94,""prior_raw_observation_count"":32,""prior_residual_uncertainty"":0.16187328717645402,""prior_role_adjusted_kp"":-0.2507891050786942,""prior_role_relative_rating"":-0.1562638311387617,""prior_starter_reliability"":0.9128191070883349,""prior_team_state"":null,""prior_team_strength"":null,""schedule_opponent_context"":null}",,3.9699999999999998,2026 - Split 1,lcs_fantasy_split1_2026_reconstructed_v1,"{""dataset"":""feature_provenance"",""max_source_timestamp"":""2024-06-27T22:55:43Z""}",RECONSTRUCTED_NON_OFFICIAL_SPLIT1_2026_RULES,RECONSTRUCTED_COMPLETE_UNDER_POLICY;RECONSTRUCTED_EXCLUDED_COMPONENTS;RECONSTRUCTED_PROXY_USED
oe:player:4e0619e57cb50c4ab1230c2dd72df1b,oe:team:c334c629fea759876e9e04afbe4aee7,BOT,period:0f3dd675ff7b55987f43,2024-07-20T20:10:15Z,true,protected_selection_2024,"{""bo_format_context"":null,""canonical_matchup_probability"":null,""playstyle_class_1_probability"":null,""playstyle_class_2_probability"":null,""playstyle_uncertainty"":null,""playstyle_unknown_probability"":null,""prior_above_role_median_rate"":0.3408274386126994,""prior_champion_observation_count"":215,""prior_core_state"":null,""prior_effective_evidence"":34.86726236867259,""prior_median_performance"":12.83,""prior_player_rating"":1498.8167643116712,""prior_q25_performance"":8.85,""prior_raw_observation_count"":215,""prior_residual_uncertainty"":0.1584660208089357,""prior_role_adjusted_kp"":0.24399981002661733,""prior_role_relative_rating"":-0.011832356883287563,""prior_starter_reliability"":0.9070017631558406,""prior_team_state"":null,""prior_team_strength"":null,""schedule_opponent_context"":null}",,9.511,2026 - Split 1,lcs_fantasy_split1_2026_reconstructed_v1,"{""dataset"":""feature_provenance"",""max_source_timestamp"":""2024-06-27T20:56:17Z""}",RECONSTRUCTED_NON_OFFICIAL_SPLIT1_2026_RULES,RECONSTRUCTED_COMPLETE_UNDER_POLICY;RECONSTRUCTED_EXCLUDED_COMPONENTS;RECONSTRUCTED_PROXY_USED
oe:player:5385f74da3e5deb5b66d9a1ee56cf97,oe:team:e758ebe9a5a2cc81b9c8078479c2d87,TOP,period:0f3dd675ff7b55987f43,2024-07-20T20:10:15Z,true,protected_selection_2024,"{""bo_format_context"":null,""canonical_matchup_probability"":null,""playstyle_class_1_probability"":0.36583291808307455,""playstyle_class_2_probability"":0.42071085865479996,""playstyle_uncertainty"":0.3360802087552025,""playstyle_unknown_probability"":0.21345622326212552,""prior_above_role_median_rate"":0.47027321045700127,""prior_champion_observation_count"":125,""prior_core_state"":null,""prior_effective_evidence"":55.89028620482585,""prior_median_performance"":11.224,""prior_player_rating"":1484.6221523323743,""prior_q25_performance"":5.01,""prior_raw_observation_count"":125,""prior_residual_uncertainty"":0.11731195437602251,""prior_role_adjusted_kp"":-0.18939907849029278,""prior_role_relative_rating"":-0.1537784766762569,""prior_starter_reliability"":0.9335165985089227,""prior_team_state"":null,""prior_team_strength"":null,""schedule_opponent_context"":null}",,15.827,2026 - Split 1,lcs_fantasy_split1_2026_reconstructed_v1,"{""dataset"":""feature_provenance"",""max_source_timestamp"":""2024-06-27T20:56:17Z""}",RECONSTRUCTED_NON_OFFICIAL_SPLIT1_2026_RULES,RECONSTRUCTED_COMPLETE_UNDER_POLICY;RECONSTRUCTED_EXCLUDED_COMPONENTS;RECONSTRUCTED_PROXY_USED
oe:player:6841f2d68619d53bdd1cdbf30b5be2c,oe:team:b360f1d729b0a8e0f29a5243c4200fa,SUP,period:0f3dd675ff7b55987f43,2024-07-20T20:10:15Z,true,protected_selection_2024,"{""bo_format_context"":null,""canonical_matchup_probability"":null,""playstyle_class_1_probability"":0.560262836635686,""playstyle_class_2_probability"":0.19926270726703915,""playstyle_uncertainty"":0.35141919823175183,""playstyle_unknown_probability"":0.24047445609727486,""prior_above_role_median_rate"":0.2383335074772539,""prior_champion_observation_count"":80,""prior_core_state"":null,""prior_effective_evidence"":18.348492007123625,""prior_median_performance"":8.0034,""prior_player_rating"":1479.4603957718714,""prior_q25_performance"":5.1129,""prior_raw_observation_count"":80,""prior_residual_uncertainty"":0.20241442597794299,""prior_role_adjusted_kp"":-0.023780463479958026,""prior_role_relative_rating"":-0.20539604228128722,""prior_starter_reliability"":0.8772875943804479,""prior_team_state"":null,""prior_team_strength"":null,""schedule_opponent_context"":null}",,21.93795,2026 - Split 1,lcs_fantasy_split1_2026_reconstructed_v1,"{""dataset"":""feature_provenance"",""max_source_timestamp"":""2024-06-28T20:47:05Z""}",RECONSTRUCTED_NON_OFFICIAL_SPLIT1_2026_RULES,RECONSTRUCTED_COMPLETE_UNDER_POLICY;RECONSTRUCTED_EXCLUDED_COMPONENTS;RECONSTRUCTED_PROXY_USED
oe:player:73d2b65353d7b00e0f198ffdc085edc,oe:team:e758ebe9a5a2cc81b9c8078479c2d87,BOT,period:0f3dd675ff7b55987f43,2024-07-20T20:10:15Z,true,protected_selection_2024,"{""bo_format_context"":null,""canonical_matchup_probability"":null,""playstyle_class_1_probability"":null,""playstyle_class_2_probability"":null,""playstyle_uncertainty"":null,""playstyle_unknown_probability"":null,""prior_above_role_median_rate"":0.50375355610001,""prior_champion_observation_count"":293,""prior_core_state"":null,""prior_effective_evidence"":59.15054651051793,""prior_median_performance"":15.76,""prior_player_rating"":1497.6605732960875,""prior_q25_performance"":6.433999999999999,""prior_raw_observation_count"":293,""prior_residual_uncertainty"":0.12905928670991595,""prior_role_adjusted_kp"":0.03342846589247214,""prior_role_relative_rating"":-0.02339426703912551,""prior_starter_reliability"":0.9351417188797304,""prior_team_state"":null,""prior_team_strength"":null,""schedule_opponent_context"":null}",,19.850499999999997,2026 - Split 1,lcs_fantasy_split1_2026_reconstructed_v1,"{""dataset"":""feature_provenance"",""max_source_timestamp"":""2024-06-27T20:56:17Z""}",RECONSTRUCTED_NON_OFFICIAL_SPLIT1_2026_RULES,RECONSTRUCTED_COMPLETE_UNDER_POLICY;RECONSTRUCTED_EXCLUDED_COMPONENTS;RECONSTRUCTED_PROXY_USED
oe:player:7c3395efccd48fe73592001501bef83,oe:team:4bd1751425ef6a9bc9d4d8e9385b4a6,JGL,period:0f3dd675ff7b55987f43,2024-07-20T20:10:15Z,true,protected_selection_2024,"{""bo_format_context"":null,""canonical_matchup_probability"":null,""playstyle_class_1_probability"":null,""playstyle_class_2_probability"":null,""playstyle_uncertainty"":null,""playstyle_unknown_probability"":null,""prior_above_role_median_rate"":0.519225435108962,""prior_champion_observation_count"":147,""prior_core_state"":null,""prior_effective_evidence"":60.59475598468236,""prior_median_performance"":15.22,""prior_player_rating"":1495.2304665002282,""prior_q25_performance"":8.06,""prior_raw_observation_count"":147,""prior_residual_uncertainty"":0.10997092816096614,""prior_role_adjusted_kp"":-0.2546479274236876,""prior_role_relative_rating"":-0.04769533499771887,""prior_starter_reliability"":0.9378382420799896,""prior_team_state"":null,""prior_team_strength"":null,""schedule_opponent_context"":null}",,3.515,2026 - Split 1,lcs_fantasy_split1_2026_reconstructed_v1,"{""dataset"":""feature_provenance"",""max_source_timestamp"":""2024-06-27T22:55:43Z""}",RECONSTRUCTED_NON_OFFICIAL_SPLIT1_2026_RULES,RECONSTRUCTED_COMPLETE_UNDER_POLICY;RECONSTRUCTED_EXCLUDED_COMPONENTS;RECONSTRUCTED_PROXY_USED
oe:player:7e0e7ac2a199e8e2ecb30499a3b2153,oe:team:0dbb780176ecad18f17292d1f5653af,MID,period:0f3dd675ff7b55987f43,2024-07-20T20:10:15Z,true,protected_selection_2024,"{""bo_format_context"":null,""canonical_matchup_probability"":null,""playstyle_class_1_probability"":null,""playstyle_class_2_probability"":null,""playstyle_uncertainty"":null,""playstyle_unknown_probability"":null,""prior_above_role_median_rate"":0.5553467022349963,""prior_champion_observation_count"":254,""prior_core_state"":null,""prior_effective_evidence"":53.694949458749086,""prior_median_performance"":17.925,""prior_player_rating"":1502.182940358924,""prior_q25_performance"":8.92,""prior_raw_observation_count"":254,""prior_residual_uncertainty"":0.14102429350106324,""prior_role_adjusted_kp"":-0.10399286237791881,""prior_role_relative_rating"":0.021829403589240015,""prior_starter_reliability"":0.9357843359832441,""prior_team_state"":null,""prior_team_strength"":null,""schedule_opponent_context"":null}",,17.726666666666667,2026 - Split 1,lcs_fantasy_split1_2026_reconstructed_v1,"{""dataset"":""feature_provenance"",""max_source_timestamp"":""2024-06-28T22:16:26Z""}",RECONSTRUCTED_NON_OFFICIAL_SPLIT1_2026_RULES,RECONSTRUCTED_COMPLETE_UNDER_POLICY;RECONSTRUCTED_EXCLUDED_COMPONENTS;RECONSTRUCTED_PROXY_USED
oe:player:7e2505960c12cc54c96a0a6efb2e055,oe:team:2e66da41dc460dd378e3bcc57042d31,TOP,period:0f3dd675ff7b55987f43,2024-07-20T20:10:15Z,true,protected_selection_2024,"{""bo_format_context"":null,""canonical_matchup_probability"":null,""playstyle_class_1_probability"":0.13833014819846204,""playstyle_class_2_probability"":0.5484609751193366,""playstyle_uncertainty"":0.38161519233192837,""playstyle_unknown_probability"":0.31320887668220126,""prior_above_role_median_rate"":0.5941606547327117,""prior_champion_observation_count"":114,""prior_core_state"":null,""prior_effective_evidence"":36.993034741105966,""prior_median_performance"":15.21,""prior_player_rating"":1512.1040460765166,""prior_q25_performance"":9.772000000000002,""prior_raw_observation_count"":114,""prior_residual_uncertainty"":0.13544053066692174,""prior_role_adjusted_kp"":0.08440447996384699,""prior_role_relative_rating"":0.12104046076516692,""prior_starter_reliability"":0.9246144788715571,""prior_team_state"":null,""prior_team_strength"":null,""schedule_opponent_context"":null}",,19.96,2026 - Split 1,lcs_fantasy_split1_2026_reconstructed_v1,"{""dataset"":""feature_provenance"",""max_source_timestamp"":""2024-06-28T22:16:26Z""}",RECONSTRUCTED_NON_OFFICIAL_SPLIT1_2026_RULES,RECONSTRUCTED_COMPLETE_UNDER_POLICY;RECONSTRUCTED_EXCLUDED_COMPONENTS;RECONSTRUCTED_PROXY_USED
oe:player:80fea0848c57b8e07a79675d41f582c,oe:team:c334c629fea759876e9e04afbe4aee7,TOP,period:0f3dd675ff7b55987f43,2024-07-20T20:10:15Z,true,protected_selection_2024,"{""bo_format_context"":null,""canonical_matchup_probability"":null,""playstyle_class_1_probability"":0.23313213735556682,""playstyle_class_2_probability"":0.3854487933356674,""playstyle_uncertainty"":0.3569158661695374,""playstyle_unknown_probability"":0.38141906930876585,""prior_above_role_median_rate"":0.3788428815036631,""prior_champion_observation_count"":20,""prior_core_state"":null,""prior_effective_evidence"":18.269733086030627,""prior_median_performance"":7.390000000000001,""prior_player_rating"":1487.8115526186432,""prior_q25_performance"":4.63,""prior_raw_observation_count"":20,""prior_residual_uncertainty"":0.20084856612911864,""prior_role_adjusted_kp"":0.20946440846464687,""prior_role_relative_rating"":-0.12188447381356884,""prior_starter_reliability"":0.8769342357519171,""prior_team_state"":null,""prior_team_strength"":null,""schedule_opponent_context"":null}",,12.1995,2026 - Split 1,lcs_fantasy_split1_2026_reconstructed_v1,"{""dataset"":""feature_provenance"",""max_source_timestamp"":""2024-06-27T20:56:17Z""}",RECONSTRUCTED_NON_OFFICIAL_SPLIT1_2026_RULES,RECONSTRUCTED_COMPLETE_UNDER_POLICY;RECONSTRUCTED_EXCLUDED_COMPONENTS;RECONSTRUCTED_PROXY_USED
oe:player:81acc6bcde5c927c78e0990e9887f84,oe:team:fc8e90107dabb9a35c490b0d86adea0,SUP,period:0f3dd675ff7b55987f43,2024-07-20T20:10:15Z,true,protected_selection_2024,"{""bo_format_context"":null,""canonical_matchup_probability"":null,""playstyle_class_1_probability"":0.46523697575833134,""playstyle_class_2_probability"":0.2999762778659392,""playstyle_uncertainty"":0.3735238736352896,""playstyle_unknown_probability"":0.23478674637572938,""prior_above_role_median_rate"":0.5503911899107939,""prior_champion_observation_count"":309,""prior_core_state"":null,""prior_effective_evidence"":51.00961208553671,""prior_median_performance"":16.308500000000002,""prior_player_rating"":1502.4740133535536,""prior_q25_performance"":9.0745,""prior_raw_observation_count"":309,""prior_residual_uncertainty"":0.11705774093442896,""prior_role_adjusted_kp"":-0.13570496677744914,""prior_role_relative_rating"":0.02474013353553474,""prior_starter_reliability"":0.9317474939339323,""prior_team_state"":null,""prior_team_strength"":null,""schedule_opponent_context"":null}",,31.15735,2026 - Split 1,lcs_fantasy_split1_2026_reconstructed_v1,"{""dataset"":""feature_provenance"",""max_source_timestamp"":""2024-06-28T20:47:05Z""}",RECONSTRUCTED_NON_OFFICIAL_SPLIT1_2026_RULES,RECONSTRUCTED_COMPLETE_UNDER_POLICY;RECONSTRUCTED_EXCLUDED_COMPONENTS;RECONSTRUCTED_PROXY_USED
oe:player:83eb62484689106807fcf5ad55b5479,oe:team:fc8e90107dabb9a35c490b0d86adea0,MID,period:0f3dd675ff7b55987f43,2024-07-20T20:10:15Z,true,protected_selection_2024,"{""bo_format_context"":null,""canonical_matchup_probability"":null,""playstyle_class_1_probability"":null,""playstyle_class_2_probability"":null,""playstyle_uncertainty"":null,""playstyle_unknown_probability"":null,""prior_above_role_median_rate"":0.5686873562662115,""prior_champion_observation_count"":170,""prior_core_state"":null,""prior_effective_evidence"":56.418550610457515,""prior_median_performance"":17.2,""prior_player_rating"":1506.721977935235,""prior_q25_performance"":11.375,""prior_raw_observation_count"":170,""prior_residual_uncertainty"":0.11754758317772507,""prior_role_adjusted_kp"":0.1319340087498235,""prior_role_relative_rating"":0.06721977935234906,""prior_starter_reliability"":0.9354512469763445,""prior_team_state"":null,""prior_team_strength"":null,""schedule_opponent_context"":null}",,19.497,2026 - Split 1,lcs_fantasy_split1_2026_reconstructed_v1,"{""dataset"":""feature_provenance"",""max_source_timestamp"":""2024-06-28T20:47:05Z""}",RECONSTRUCTED_NON_OFFICIAL_SPLIT1_2026_RULES,RECONSTRUCTED_COMPLETE_UNDER_POLICY;RECONSTRUCTED_EXCLUDED_COMPONENTS;RECONSTRUCTED_PROXY_USED
oe:player:8a5dbe19794784cfd0553556844f045,oe:team:e758ebe9a5a2cc81b9c8078479c2d87,JGL,period:0f3dd675ff7b55987f43,2024-07-20T20:10:15Z,true,protected_selection_2024,"{""bo_format_context"":null,""canonical_matchup_probability"":null,""playstyle_class_1_probability"":null,""playstyle_class_2_probability"":null,""playstyle_uncertainty"":null,""playstyle_unknown_probability"":null,""prior_above_role_median_rate"":0.4897875415134075,""prior_champion_observation_count"":177,""prior_core_state"":null,""prior_effective_evidence"":57.395552162020174,""prior_median_performance"":14.56,""prior_player_rating"":1502.7865756073747,""prior_q25_performance"":7.95,""prior_raw_observation_count"":177,""prior_residual_uncertainty"":0.11870620935091825,""prior_role_adjusted_kp"":0.11302998776828711,""prior_role_relative_rating"":0.027865756073748155,""prior_starter_reliability"":0.9342876420926113,""prior_team_state"":null,""prior_team_strength"":null,""schedule_opponent_context"":null}",,28.810000000000002,2026 - Split 1,lcs_fantasy_split1_2026_reconstructed_v1,"{""dataset"":""feature_provenance"",""max_source_timestamp"":""2024-06-27T20:56:17Z""}",RECONSTRUCTED_NON_OFFICIAL_SPLIT1_2026_RULES,RECONSTRUCTED_COMPLETE_UNDER_POLICY;RECONSTRUCTED_EXCLUDED_COMPONENTS;RECONSTRUCTED_PROXY_USED
oe:player:8f8eaac8e99c203ee76e57c5c81c91f,oe:team:4bd1751425ef6a9bc9d4d8e9385b4a6,MID,period:0f3dd675ff7b55987f43,2024-07-20T20:10:15Z,true,protected_selection_2024,"{""bo_format_context"":null,""canonical_matchup_probability"":null,""playstyle_class_1_probability"":null,""playstyle_class_2_probability"":null,""playstyle_uncertainty"":null,""playstyle_unknown_probability"":null,""prior_above_role_median_rate"":0.544329063125447,""prior_champion_observation_count"":52,""prior_core_state"":null,""prior_effective_evidence"":39.373906906359196,""prior_median_performance"":19.189999999999998,""prior_player_rating"":1518.185499743922,""prior_q25_performance"":11.343,""prior_raw_observation_count"":52,""prior_residual_uncertainty"":0.16567410321655354,""prior_role_adjusted_kp"":0.1754671914114588,""prior_role_relative_rating"":0.18185499743922146,""prior_starter_reliability"":0.9235245739127881,""prior_team_state"":null,""prior_team_strength"":null,""schedule_opponent_context"":null}",,11.84,2026 - Split 1,lcs_fantasy_split1_2026_reconstructed_v1,"{""dataset"":""feature_provenance"",""max_source_timestamp"":""2024-06-27T22:55:43Z""}",RECONSTRUCTED_NON_OFFICIAL_SPLIT1_2026_RULES,RECONSTRUCTED_COMPLETE_UNDER_POLICY;RECONSTRUCTED_EXCLUDED_COMPONENTS;RECONSTRUCTED_PROXY_USED
oe:player:9191e392e93a6ef011ef76b5b83ee6c,oe:team:e758ebe9a5a2cc81b9c8078479c2d87,SUP,period:0f3dd675ff7b55987f43,2024-07-20T20:10:15Z,true,protected_selection_2024,"{""bo_format_context"":null,""canonical_matchup_probability"":null,""playstyle_class_1_probability"":0.47531743850049574,""playstyle_class_2_probability"":0.19292328777340326,""playstyle_uncertainty"":0.4102675362291201,""playstyle_unknown_probability"":0.33175927372610103,""prior_above_role_median_rate"":0.46676290668033693,""prior_champion_observation_count"":284,""prior_core_state"":null,""prior_effective_evidence"":58.53781105455709,""prior_median_performance"":14.1606,""prior_player_rating"":1501.5720874027313,""prior_q25_performance"":8.9501,""prior_raw_observation_count"":284,""prior_residual_uncertainty"":0.11525402407549232,""prior_role_adjusted_kp"":-0.06430930511067172,""prior_role_relative_rating"":0.015720874027312245,""prior_starter_reliability"":0.9345294472333666,""prior_team_state"":null,""prior_team_strength"":null,""schedule_opponent_context"":null}",,16.58595,2026 - Split 1,lcs_fantasy_split1_2026_reconstructed_v1,"{""dataset"":""feature_provenance"",""max_source_timestamp"":""2024-06-27T20:56:17Z""}",RECONSTRUCTED_NON_OFFICIAL_SPLIT1_2026_RULES,RECONSTRUCTED_COMPLETE_UNDER_POLICY;RECONSTRUCTED_EXCLUDED_COMPONENTS;RECONSTRUCTED_PROXY_USED
oe:player:9ce0043331f3999cc2ee205ab7c2d73,oe:team:c334c629fea759876e9e04afbe4aee7,SUP,period:0f3dd675ff7b55987f43,2024-07-20T20:10:15Z,true,protected_selection_2024,"{""bo_format_context"":null,""canonical_matchup_probability"":null,""playstyle_class_1_probability"":0.49476606390215433,""playstyle_class_2_probability"":0.16699389697039568,""playstyle_uncertainty"":0.3951376524229672,""playstyle_unknown_probability"":0.33824003912745,""prior_above_role_median_rate"":0.2769178418193423,""prior_champion_observation_count"":63,""prior_core_state"":null,""prior_effective_evidence"":20.948913384670323,""prior_median_performance"":11.9428,""prior_player_rating"":1484.5990013355502,""prior_q25_performance"":7.618600000000001,""prior_raw_observation_count"":63,""prior_residual_uncertainty"":0.16141962671083762,""prior_role_adjusted_kp"":-0.004677651400052862,""prior_role_relative_rating"":-0.1540099866444994,""prior_starter_reliability"":0.8832832804163043,""prior_team_state"":null,""prior_team_strength"":null,""schedule_opponent_context"":null}",,5.8593,2026 - Split 1,lcs_fantasy_split1_2026_reconstructed_v1,"{""dataset"":""feature_provenance"",""max_source_timestamp"":""2024-06-27T20:56:17Z""}",RECONSTRUCTED_NON_OFFICIAL_SPLIT1_2026_RULES,RECONSTRUCTED_COMPLETE_UNDER_POLICY;RECONSTRUCTED_EXCLUDED_COMPONENTS;RECONSTRUCTED_PROXY_USED
oe:player:a04a853a0f540f156d08711204fe252,oe:team:c334c629fea759876e9e04afbe4aee7,JGL,period:0f3dd675ff7b55987f43,2024-07-20T20:10:15Z,true,protected_selection_2024,"{""bo_format_context"":null,""canonical_matchup_probability"":null,""playstyle_class_1_probability"":null,""playstyle_class_2_probability"":null,""playstyle_uncertainty"":null,""playstyle_unknown_probability"":null,""prior_above_role_median_rate"":0.38793570076887113,""prior_champion_observation_count"":76,""prior_core_state"":null,""prior_effective_evidence"":26.004022820061962,""prior_median_performance"":12.104,""prior_player_rating"":1492.4770654468336,""prior_q25_performance"":4.82,""prior_raw_observation_count"":76,""prior_residual_uncertainty"":0.1712868025922028,""prior_role_adjusted_kp"":0.2147334889265647,""prior_role_relative_rating"":-0.07522934553166347,""prior_starter_reliability"":0.8946085513099161,""prior_team_state"":null,""prior_team_strength"":null,""schedule_opponent_context"":null}",,2.7609999999999997,2026 - Split 1,lcs_fantasy_split1_2026_reconstructed_v1,"{""dataset"":""feature_provenance"",""max_source_timestamp"":""2024-06-27T20:56:17Z""}",RECONSTRUCTED_NON_OFFICIAL_SPLIT1_2026_RULES,RECONSTRUCTED_COMPLETE_UNDER_POLICY;RECONSTRUCTED_EXCLUDED_COMPONENTS;RECONSTRUCTED_PROXY_USED
oe:player:a7f0b16a54f4bd0dcb6fb7bb625b3cb,oe:team:b360f1d729b0a8e0f29a5243c4200fa,JGL,period:0f3dd675ff7b55987f43,2024-07-20T20:10:15Z,true,protected_selection_2024,"{""bo_format_context"":null,""canonical_matchup_probability"":null,""playstyle_class_1_probability"":null,""playstyle_class_2_probability"":null,""playstyle_uncertainty"":null,""playstyle_unknown_probability"":null,""prior_above_role_median_rate"":0.4108784712982404,""prior_champion_observation_count"":60,""prior_core_state"":null,""prior_effective_evidence"":39.099455355862105,""prior_median_performance"":11.879999999999999,""prior_player_rating"":1491.7986543030004,""prior_q25_performance"":5.202,""prior_raw_observation_count"":60,""prior_residual_uncertainty"":0.1425732557023724,""prior_role_adjusted_kp"":0.025060077081275892,""prior_role_relative_rating"":-0.08201345696999583,""prior_starter_reliability"":0.8814889981085935,""prior_team_state"":null,""prior_team_strength"":null,""schedule_opponent_context"":null}",,23.4835,2026 - Split 1,lcs_fantasy_split1_2026_reconstructed_v1,"{""dataset"":""feature_provenance"",""max_source_timestamp"":""2024-03-10T21:46:38Z""}",RECONSTRUCTED_NON_OFFICIAL_SPLIT1_2026_RULES,RECONSTRUCTED_COMPLETE_UNDER_POLICY;RECONSTRUCTED_EXCLUDED_COMPONENTS;RECONSTRUCTED_PROXY_USED
oe:player:a8307167f3a1c933295bb9e3d43700e,oe:team:2e66da41dc460dd378e3bcc57042d31,JGL,period:0f3dd675ff7b55987f43,2024-07-20T20:10:15Z,true,protected_selection_2024,"{""bo_format_context"":null,""canonical_matchup_probability"":null,""playstyle_class_1_probability"":null,""playstyle_class_2_probability"":null,""playstyle_uncertainty"":null,""playstyle_unknown_probability"":null,""prior_above_role_median_rate"":0.6306906184559488,""prior_champion_observation_count"":145,""prior_core_state"":null,""prior_effective_evidence"":44.267992710627794,""prior_median_performance"":18.4,""prior_player_rating"":1506.5269291450518,""prior_q25_performance"":10.178,""prior_raw_observation_count"":145,""prior_residual_uncertainty"":0.1308078510425726,""prior_role_adjusted_kp"":-0.25587095679383437,""prior_role_relative_rating"":0.06526929145051792,""prior_starter_reliability"":0.9306015351708953,""prior_team_state"":null,""prior_team_strength"":null,""schedule_opponent_context"":null}",,23.3835,2026 - Split 1,lcs_fantasy_split1_2026_reconstructed_v1,"{""dataset"":""feature_provenance"",""max_source_timestamp"":""2024-06-28T22:16:26Z""}",RECONSTRUCTED_NON_OFFICIAL_SPLIT1_2026_RULES,RECONSTRUCTED_COMPLETE_UNDER_POLICY;RECONSTRUCTED_EXCLUDED_COMPONENTS;RECONSTRUCTED_PROXY_USED
oe:player:c145139d26813639b8fe6f4d0b28228,oe:team:2e66da41dc460dd378e3bcc57042d31,BOT,period:0f3dd675ff7b55987f43,2024-07-20T20:10:15Z,true,protected_selection_2024,"{""bo_format_context"":null,""canonical_matchup_probability"":null,""playstyle_class_1_probability"":null,""playstyle_class_2_probability"":null,""playstyle_uncertainty"":null,""playstyle_unknown_probability"":null,""prior_above_role_median_rate"":0.6628688971973334,""prior_champion_observation_count"":34,""prior_core_state"":null,""prior_effective_evidence"":31.778379629346404,""prior_median_performance"":17.778,""prior_player_rating"":1506.725344644655,""prior_q25_performance"":12.83,""prior_raw_observation_count"":34,""prior_residual_uncertainty"":0.1572781335464838,""prior_role_adjusted_kp"":-0.1787838988718574,""prior_role_relative_rating"":0.06725344644655115,""prior_starter_reliability"":0.9195202368743647,""prior_team_state"":null,""prior_team_strength"":null,""schedule_opponent_context"":null}",,22.7465,2026 - Split 1,lcs_fantasy_split1_2026_reconstructed_v1,"{""dataset"":""feature_provenance"",""max_source_timestamp"":""2024-06-28T22:16:26Z""}",RECONSTRUCTED_NON_OFFICIAL_SPLIT1_2026_RULES,RECONSTRUCTED_COMPLETE_UNDER_POLICY;RECONSTRUCTED_EXCLUDED_COMPONENTS;RECONSTRUCTED_PROXY_USED
oe:player:dbe844fcbbc7f54654e54242e79acac,oe:team:4bd1751425ef6a9bc9d4d8e9385b4a6,SUP,period:0f3dd675ff7b55987f43,2024-07-20T20:10:15Z,true,protected_selection_2024,"{""bo_format_context"":null,""canonical_matchup_probability"":null,""playstyle_class_1_probability"":0.5042403821356453,""playstyle_class_2_probability"":0.26773283624529154,""playstyle_uncertainty"":0.3313446349230146,""playstyle_unknown_probability"":0.22802678161906323,""prior_above_role_median_rate"":0.5323542763338268,""prior_champion_observation_count"":95,""prior_core_state"":null,""prior_effective_evidence"":50.3653952532258,""prior_median_performance"":17.0946,""prior_player_rating"":1499.854260221756,""prior_q25_performance"":7.682599999999999,""prior_raw_observation_count"":95,""prior_residual_uncertainty"":0.1311691057668556,""prior_role_adjusted_kp"":-0.2042346421292623,""prior_role_relative_rating"":-0.0014573977824396175,""prior_starter_reliability"":0.9321222644080123,""prior_team_state"":null,""prior_team_strength"":null,""schedule_opponent_context"":null}",,9.46725,2026 - Split 1,lcs_fantasy_split1_2026_reconstructed_v1,"{""dataset"":""feature_provenance"",""max_source_timestamp"":""2024-06-27T22:55:43Z""}",RECONSTRUCTED_NON_OFFICIAL_SPLIT1_2026_RULES,RECONSTRUCTED_COMPLETE_UNDER_POLICY;RECONSTRUCTED_EXCLUDED_COMPONENTS;RECONSTRUCTED_PROXY_USED
oe:player:dc760d6884ce21614b2389ac1c05ec2,oe:team:b360f1d729b0a8e0f29a5243c4200fa,TOP,period:0f3dd675ff7b55987f43,2024-07-20T20:10:15Z,true,protected_selection_2024,"{""bo_format_context"":null,""canonical_matchup_probability"":null,""playstyle_class_1_probability"":0.22084421123427744,""playstyle_class_2_probability"":0.5594032098387165,""playstyle_uncertainty"":0.44681969179595377,""playstyle_unknown_probability"":0.21975257892700603,""prior_above_role_median_rate"":0.1707172005407493,""prior_champion_observation_count"":107,""prior_core_state"":null,""prior_effective_evidence"":19.85631101235468,""prior_median_performance"":5.0009999999999994,""prior_player_rating"":1466.400581594252,""prior_q25_performance"":2.5700000000000003,""prior_raw_observation_count"":107,""prior_residual_uncertainty"":0.1866871731363305,""prior_role_adjusted_kp"":-0.19163242040577505,""prior_role_relative_rating"":-0.3359941840574808,""prior_starter_reliability"":0.8809340700446189,""prior_team_state"":null,""prior_team_strength"":null,""schedule_opponent_context"":null}",,12.657,2026 - Split 1,lcs_fantasy_split1_2026_reconstructed_v1,"{""dataset"":""feature_provenance"",""max_source_timestamp"":""2024-06-28T20:47:05Z""}",RECONSTRUCTED_NON_OFFICIAL_SPLIT1_2026_RULES,RECONSTRUCTED_COMPLETE_UNDER_POLICY;RECONSTRUCTED_EXCLUDED_COMPONENTS;RECONSTRUCTED_PROXY_USED
oe:player:e03d0722b6dce835cde3268c08c4f54,oe:team:0dbb780176ecad18f17292d1f5653af,TOP,period:0f3dd675ff7b55987f43,2024-07-20T20:10:15Z,true,protected_selection_2024,"{""bo_format_context"":null,""canonical_matchup_probability"":null,""playstyle_class_1_probability"":0.37981255699593897,""playstyle_class_2_probability"":0.4035778445437208,""playstyle_uncertainty"":0.3618605296204879,""playstyle_unknown_probability"":0.21660959846034034,""prior_above_role_median_rate"":0.5075590223446365,""prior_champion_observation_count"":228,""prior_core_state"":null,""prior_effective_evidence"":36.312323646560905,""prior_median_performance"":12.61,""prior_player_rating"":1476.386483472116,""prior_q25_performance"":4.15,""prior_raw_observation_count"":228,""prior_residual_uncertainty"":0.14669118654079846,""prior_role_adjusted_kp"":-0.6192247282360807,""prior_role_relative_rating"":-0.23613516527883932,""prior_starter_reliability"":0.8982544662888374,""prior_team_state"":null,""prior_team_strength"":null,""schedule_opponent_context"":null}",,8.864666666666666,2026 - Split 1,lcs_fantasy_split1_2026_reconstructed_v1,"{""dataset"":""feature_provenance"",""max_source_timestamp"":""2024-06-28T22:16:26Z""}",RECONSTRUCTED_NON_OFFICIAL_SPLIT1_2026_RULES,RECONSTRUCTED_COMPLETE_UNDER_POLICY;RECONSTRUCTED_EXCLUDED_COMPONENTS;RECONSTRUCTED_PROXY_USED
oe:player:e9017664588010860a92ceb5f8fcb82,oe:team:2e66da41dc460dd378e3bcc57042d31,MID,period:0f3dd675ff7b55987f43,2024-07-20T20:10:15Z,true,protected_selection_2024,"{""bo_format_context"":null,""canonical_matchup_probability"":null,""playstyle_class_1_probability"":null,""playstyle_class_2_probability"":null,""playstyle_uncertainty"":null,""playstyle_unknown_probability"":null,""prior_above_role_median_rate"":0.5018829194377099,""prior_champion_observation_count"":8,""prior_core_state"":null,""prior_effective_evidence"":7.9967697837800085,""prior_median_performance"":19.706,""prior_player_rating"":1499.2137938685214,""prior_q25_performance"":12.778,""prior_raw_observation_count"":8,""prior_residual_uncertainty"":0.3176708718412791,""prior_role_adjusted_kp"":-0.48680482263944486,""prior_role_relative_rating"":-0.007862061314787038,""prior_starter_reliability"":0.8208576655639204,""prior_team_state"":null,""prior_team_strength"":null,""schedule_opponent_context"":null}",,16.3385,2026 - Split 1,lcs_fantasy_split1_2026_reconstructed_v1,"{""dataset"":""feature_provenance"",""max_source_timestamp"":""2024-06-28T22:16:26Z""}",RECONSTRUCTED_NON_OFFICIAL_SPLIT1_2026_RULES,RECONSTRUCTED_COMPLETE_UNDER_POLICY;RECONSTRUCTED_EXCLUDED_COMPONENTS;RECONSTRUCTED_PROXY_USED
oe:player:ea9ed09584feecae0991089f087d2ce,oe:team:8eb884e168f28402ce685bedebb5250,MID,period:0f3dd675ff7b55987f43,2024-07-20T20:10:15Z,true,protected_selection_2024,"{""bo_format_context"":null,""canonical_matchup_probability"":null,""playstyle_class_1_probability"":null,""playstyle_class_2_probability"":null,""playstyle_uncertainty"":null,""playstyle_unknown_probability"":null,""prior_above_role_median_rate"":0.6239174419279054,""prior_champion_observation_count"":70,""prior_core_state"":null,""prior_effective_evidence"":52.96536870661068,""prior_median_performance"":19.1,""prior_player_rating"":1515.1643199858127,""prior_q25_performance"":13.66,""prior_raw_observation_count"":70,""prior_residual_uncertainty"":0.11132839649982217,""prior_role_adjusted_kp"":-0.05258645931432421,""prior_role_relative_rating"":0.15164319985812696,""prior_starter_reliability"":0.9396535366027339,""prior_team_state"":null,""prior_team_strength"":null,""schedule_opponent_context"":null}",,20.764333333333337,2026 - Split 1,lcs_fantasy_split1_2026_reconstructed_v1,"{""dataset"":""feature_provenance"",""max_source_timestamp"":""2024-06-27T22:55:43Z""}",RECONSTRUCTED_NON_OFFICIAL_SPLIT1_2026_RULES,RECONSTRUCTED_COMPLETE_UNDER_POLICY;RECONSTRUCTED_EXCLUDED_COMPONENTS;RECONSTRUCTED_PROXY_USED
oe:player:ed455f823b6586e9e3621dfb5aeb42e,oe:team:fc8e90107dabb9a35c490b0d86adea0,JGL,period:0f3dd675ff7b55987f43,2024-07-20T20:10:15Z,true,protected_selection_2024,"{""bo_format_context"":null,""canonical_matchup_probability"":null,""playstyle_class_1_probability"":null,""playstyle_class_2_probability"":null,""playstyle_uncertainty"":null,""playstyle_unknown_probability"":null,""prior_above_role_median_rate"":0.6150219836444702,""prior_champion_observation_count"":311,""prior_core_state"":null,""prior_effective_evidence"":58.41023597440159,""prior_median_performance"":20.549,""prior_player_rating"":1512.9101706730626,""prior_q25_performance"":9.665,""prior_raw_observation_count"":311,""prior_residual_uncertainty"":0.10712863204535139,""prior_role_adjusted_kp"":0.12481414829639127,""prior_role_relative_rating"":0.12910170673062676,""prior_starter_reliability"":0.9365123004613705,""prior_team_state"":null,""prior_team_strength"":null,""schedule_opponent_context"":null}",,26.3185,2026 - Split 1,lcs_fantasy_split1_2026_reconstructed_v1,"{""dataset"":""feature_provenance"",""max_source_timestamp"":""2024-06-28T20:47:05Z""}",RECONSTRUCTED_NON_OFFICIAL_SPLIT1_2026_RULES,RECONSTRUCTED_COMPLETE_UNDER_POLICY;RECONSTRUCTED_EXCLUDED_COMPONENTS;RECONSTRUCTED_PROXY_USED
oe:player:ef97df9d746d0e65ed18786ab30031c,oe:team:b360f1d729b0a8e0f29a5243c4200fa,MID,period:0f3dd675ff7b55987f43,2024-07-20T20:10:15Z,true,protected_selection_2024,"{""bo_format_context"":null,""canonical_matchup_probability"":null,""playstyle_class_1_probability"":null,""playstyle_class_2_probability"":null,""playstyle_uncertainty"":null,""playstyle_unknown_probability"":null,""prior_above_role_median_rate"":0.28840128374651464,""prior_champion_observation_count"":113,""prior_core_state"":null,""prior_effective_evidence"":30.557313861899868,""prior_median_performance"":11.6,""prior_player_rating"":1475.137607712816,""prior_q25_performance"":5.8100000000000005,""prior_raw_observation_count"":113,""prior_residual_uncertainty"":0.16471633009041373,""prior_role_adjusted_kp"":-0.30799302767234904,""prior_role_relative_rating"":-0.24862392287184065,""prior_starter_reliability"":0.9023938637664319,""prior_team_state"":null,""prior_team_strength"":null,""schedule_opponent_context"":null}",,22.381,2026 - Split 1,lcs_fantasy_split1_2026_reconstructed_v1,"{""dataset"":""feature_provenance"",""max_source_timestamp"":""2024-06-28T20:47:05Z""}",RECONSTRUCTED_NON_OFFICIAL_SPLIT1_2026_RULES,RECONSTRUCTED_COMPLETE_UNDER_POLICY;RECONSTRUCTED_EXCLUDED_COMPONENTS;RECONSTRUCTED_PROXY_USED
oe:player:f6b8af05a5af22004a67a78f3046b92,oe:team:8eb884e168f28402ce685bedebb5250,BOT,period:0f3dd675ff7b55987f43,2024-07-20T20:10:15Z,true,protected_selection_2024,"{""bo_format_context"":null,""canonical_matchup_probability"":null,""playstyle_class_1_probability"":null,""playstyle_class_2_probability"":null,""playstyle_uncertainty"":null,""playstyle_unknown_probability"":null,""prior_above_role_median_rate"":0.6053358598865562,""prior_champion_observation_count"":100,""prior_core_state"":null,""prior_effective_evidence"":63.13597797875926,""prior_median_performance"":18.843,""prior_player_rating"":1515.0281411325798,""prior_q25_performance"":11.848999999999998,""prior_raw_observation_count"":100,""prior_residual_uncertainty"":0.1145452143947369,""prior_role_adjusted_kp"":-0.06279597230315911,""prior_role_relative_rating"":0.1502814113257977,""prior_starter_reliability"":0.9446926896724935,""prior_team_state"":null,""prior_team_strength"":null,""schedule_opponent_context"":null}",,12.661,2026 - Split 1,lcs_fantasy_split1_2026_reconstructed_v1,"{""dataset"":""feature_provenance"",""max_source_timestamp"":""2024-06-27T22:55:43Z""}",RECONSTRUCTED_NON_OFFICIAL_SPLIT1_2026_RULES,RECONSTRUCTED_COMPLETE_UNDER_POLICY;RECONSTRUCTED_EXCLUDED_COMPONENTS;RECONSTRUCTED_PROXY_USED
oe:player:fbadcf84fcfb01a251de88055f631cb,oe:team:0dbb780176ecad18f17292d1f5653af,JGL,period:0f3dd675ff7b55987f43,2024-07-20T20:10:15Z,true,protected_selection_2024,"{""bo_format_context"":null,""canonical_matchup_probability"":null,""playstyle_class_1_probability"":null,""playstyle_class_2_probability"":null,""playstyle_uncertainty"":null,""playstyle_unknown_probability"":null,""prior_above_role_median_rate"":0.487648792532416,""prior_champion_observation_count"":225,""prior_core_state"":null,""prior_effective_evidence"":26.974352999600377,""prior_median_performance"":13.894,""prior_player_rating"":1491.450034676619,""prior_q25_performance"":6.86,""prior_raw_observation_count"":225,""prior_residual_uncertainty"":0.16430950408021736,""prior_role_adjusted_kp"":-0.1210218611727271,""prior_role_relative_rating"":-0.085499653233809,""prior_starter_reliability"":0.8825518184443136,""prior_team_state"":null,""prior_team_strength"":null,""schedule_opponent_context"":null}",,15.079999999999998,2026 - Split 1,lcs_fantasy_split1_2026_reconstructed_v1,"{""dataset"":""feature_provenance"",""max_source_timestamp"":""2024-06-28T22:16:26Z""}",RECONSTRUCTED_NON_OFFICIAL_SPLIT1_2026_RULES,RECONSTRUCTED_COMPLETE_UNDER_POLICY;RECONSTRUCTED_EXCLUDED_COMPONENTS;RECONSTRUCTED_PROXY_USED
oe:player:fddde6d256bee26713f64ad9b2a9394,oe:team:e758ebe9a5a2cc81b9c8078479c2d87,MID,period:0f3dd675ff7b55987f43,2024-07-20T20:10:15Z,true,protected_selection_2024,"{""bo_format_context"":null,""canonical_matchup_probability"":null,""playstyle_class_1_probability"":null,""playstyle_class_2_probability"":null,""playstyle_uncertainty"":null,""playstyle_unknown_probability"":null,""prior_above_role_median_rate"":0.42003624902441705,""prior_champion_observation_count"":190,""prior_core_state"":null,""prior_effective_evidence"":57.58890139356995,""prior_median_performance"":14.06,""prior_player_rating"":1492.8121545561291,""prior_q25_performance"":8.75,""prior_raw_observation_count"":190,""prior_residual_uncertainty"":0.10952818328428009,""prior_role_adjusted_kp"":-0.02029775652100562,""prior_role_relative_rating"":-0.07187845443870756,""prior_starter_reliability"":0.9343837435222945,""prior_team_state"":null,""prior_team_strength"":null,""schedule_opponent_context"":null}",,15.310500000000001,2026 - Split 1,lcs_fantasy_split1_2026_reconstructed_v1,"{""dataset"":""feature_provenance"",""max_source_timestamp"":""2024-06-27T20:56:17Z""}",RECONSTRUCTED_NON_OFFICIAL_SPLIT1_2026_RULES,RECONSTRUCTED_COMPLETE_UNDER_POLICY;RECONSTRUCTED_EXCLUDED_COMPONENTS;RECONSTRUCTED_PROXY_USED
oe:player:007be3acd5669d100711b13d79e2336,oe:team:4bd1751425ef6a9bc9d4d8e9385b4a6,TOP,period:18a8b98d7b5d7f0b7105,2024-03-22T20:08:04Z,true,protected_selection_2024,"{""bo_format_context"":null,""canonical_matchup_probability"":null,""playstyle_class_1_probability"":0.16557911225445576,""playstyle_class_2_probability"":0.667275128996935,""playstyle_uncertainty"":0.23817291020982612,""playstyle_unknown_probability"":0.16714575874860924,""prior_above_role_median_rate"":0.5475491780383419,""prior_champion_observation_count"":22,""prior_core_state"":null,""prior_effective_evidence"":21.864128464974776,""prior_median_performance"":13.89,""prior_player_rating"":1495.4270908931674,""prior_q25_performance"":6.24,""prior_raw_observation_count"":22,""prior_residual_uncertainty"":0.20572789156697302,""prior_role_adjusted_kp"":-0.20339715676712802,""prior_role_relative_rating"":-0.04572909106832681,""prior_starter_reliability"":0.9163670187770556,""prior_team_state"":null,""prior_team_strength"":null,""schedule_opponent_context"":null}",,13.024000000000001,2026 - Split 1,lcs_fantasy_split1_2026_reconstructed_v1,"{""dataset"":""feature_provenance"",""max_source_timestamp"":""2024-03-16T23:44:56Z""}",RECONSTRUCTED_NON_OFFICIAL_SPLIT1_2026_RULES,RECONSTRUCTED_COMPLETE_UNDER_POLICY;RECONSTRUCTED_EXCLUDED_COMPONENTS;RECONSTRUCTED_PROXY_USED
oe:player:05fafeaf23dc3285558a4e968970b9f,oe:team:8eb884e168f28402ce685bedebb5250,SUP,period:18a8b98d7b5d7f0b7105,2024-03-22T20:08:04Z,true,protected_selection_2024,"{""bo_format_context"":null,""canonical_matchup_probability"":null,""playstyle_class_1_probability"":0.48968790193355277,""playstyle_class_2_probability"":0.2877284946190853,""playstyle_uncertainty"":0.35793740923821044,""playstyle_unknown_probability"":0.222583603447362,""prior_above_role_median_rate"":0.6484340278916803,""prior_champion_observation_count"":285,""prior_core_state"":null,""prior_effective_evidence"":63.646577586579404,""prior_median_performance"":17.2059,""prior_player_rating"":1514.7524636202743,""prior_q25_performance"":12.0177,""prior_raw_observation_count"":285,""prior_residual_uncertainty"":0.1,""prior_role_adjusted_kp"":-0.07382814437083463,""prior_role_relative_rating"":0.14752463620274256,""prior_starter_reliability"":0.9519136500905042,""prior_team_state"":null,""prior_team_strength"":null,""schedule_opponent_context"":null}",,31.1601,2026 - Split 1,lcs_fantasy_split1_2026_reconstructed_v1,"{""dataset"":""feature_provenance"",""max_source_timestamp"":""2024-03-17T21:43:44Z""}",RECONSTRUCTED_NON_OFFICIAL_SPLIT1_2026_RULES,RECONSTRUCTED_COMPLETE_UNDER_POLICY;RECONSTRUCTED_EXCLUDED_COMPONENTS;RECONSTRUCTED_PROXY_USED
oe:player:1970fcb701acce66e0771946bbb3105,oe:team:8eb884e168f28402ce685bedebb5250,JGL,period:18a8b98d7b5d7f0b7105,2024-03-22T20:08:04Z,true,protected_selection_2024,"{""bo_format_context"":null,""canonical_matchup_probability"":null,""playstyle_class_1_probability"":null,""playstyle_class_2_probability"":null,""playstyle_uncertainty"":null,""playstyle_unknown_probability"":null,""prior_above_role_median_rate"":0.47354116520246214,""prior_champion_observation_count"":22,""prior_core_state"":null,""prior_effective_evidence"":21.8618514923479,""prior_median_performance"":13.76,""prior_player_rating"":1493.829398784266,""prior_q25_performance"":8.08,""prior_raw_observation_count"":22,""prior_residual_uncertainty"":0.16076302510666157,""prior_role_adjusted_kp"":-0.19700011868297013,""prior_role_relative_rating"":-0.06170601215733965,""prior_starter_reliability"":0.9164188039639716,""prior_team_state"":null,""prior_team_strength"":null,""schedule_opponent_context"":null}",,19.4895,2026 - Split 1,lcs_fantasy_split1_2026_reconstructed_v1,"{""dataset"":""feature_provenance"",""max_source_timestamp"":""2024-03-17T21:43:44Z""}",RECONSTRUCTED_NON_OFFICIAL_SPLIT1_2026_RULES,RECONSTRUCTED_COMPLETE_UNDER_POLICY;RECONSTRUCTED_EXCLUDED_COMPONENTS;RECONSTRUCTED_PROXY_USED
oe:player:21f59b54f62b5b8b4bc0f63f0f617fc,oe:team:8eb884e168f28402ce685bedebb5250,TOP,period:18a8b98d7b5d7f0b7105,2024-03-22T20:08:04Z,true,protected_selection_2024,"{""bo_format_context"":null,""canonical_matchup_probability"":null,""playstyle_class_1_probability"":0.341739817601962,""playstyle_class_2_probability"":0.5224628775469814,""playstyle_uncertainty"":0.3167259788862225,""playstyle_unknown_probability"":0.13579730485105662,""prior_above_role_median_rate"":0.5044879611671059,""prior_champion_observation_count"":275,""prior_core_state"":null,""prior_effective_evidence"":53.871206401363885,""prior_median_performance"":13.116,""prior_player_rating"":1509.7223269521696,""prior_q25_performance"":8.3,""prior_raw_observation_count"":275,""prior_residual_uncertainty"":0.1268247415845903,""prior_role_adjusted_kp"":0.12019080513371919,""prior_role_relative_rating"":0.09722326952169594,""prior_starter_reliability"":0.9461493442923867,""prior_team_state"":null,""prior_team_strength"":null,""schedule_opponent_context"":null}",,17.15525,2026 - Split 1,lcs_fantasy_split1_2026_reconstructed_v1,"{""dataset"":""feature_provenance"",""max_source_timestamp"":""2024-03-17T21:43:44Z""}",RECONSTRUCTED_NON_OFFICIAL_SPLIT1_2026_RULES,RECONSTRUCTED_COMPLETE_UNDER_POLICY;RECONSTRUCTED_EXCLUDED_COMPONENTS;RECONSTRUCTED_PROXY_USED
oe:player:3e722c8ede909c83af9342c41805a16,oe:team:2e66da41dc460dd378e3bcc57042d31,SUP,period:18a8b98d7b5d7f0b7105,2024-03-22T20:08:04Z,true,protected_selection_2024,"{""bo_format_context"":null,""canonical_matchup_probability"":null,""playstyle_class_1_probability"":0.40696310666260543,""playstyle_class_2_probability"":0.2868171296729493,""playstyle_uncertainty"":0.34852631125060374,""playstyle_unknown_probability"":0.3062197636644452,""prior_above_role_median_rate"":0.6212765345694613,""prior_champion_observation_count"":70,""prior_core_state"":null,""prior_effective_evidence"":43.31430593494096,""prior_median_performance"":19.4742,""prior_player_rating"":1515.2486629055627,""prior_q25_performance"":10.7698,""prior_raw_observation_count"":70,""prior_residual_uncertainty"":0.11683723757303022,""prior_role_adjusted_kp"":0.08223980322777392,""prior_role_relative_rating"":0.152486629055627,""prior_starter_reliability"":0.9369678298839484,""prior_team_state"":null,""prior_team_strength"":null,""schedule_opponent_context"":null}",,26.495866666666668,2026 - Split 1,lcs_fantasy_split1_2026_reconstructed_v1,"{""dataset"":""feature_provenance"",""max_source_timestamp"":""2024-03-15T23:43:25Z""}",RECONSTRUCTED_NON_OFFICIAL_SPLIT1_2026_RULES,RECONSTRUCTED_COMPLETE_UNDER_POLICY;RECONSTRUCTED_EXCLUDED_COMPONENTS;RECONSTRUCTED_PROXY_USED
oe:player:460ae5a7af8d68f7831b70307210ab3,oe:team:fc8e90107dabb9a35c490b0d86adea0,BOT,period:18a8b98d7b5d7f0b7105,2024-03-22T20:08:04Z,true,protected_selection_2024,"{""bo_format_context"":null,""canonical_matchup_probability"":null,""playstyle_class_1_probability"":null,""playstyle_class_2_probability"":null,""playstyle_uncertainty"":null,""playstyle_unknown_probability"":null,""prior_above_role_median_rate"":0.5665563736074476,""prior_champion_observation_count"":135,""prior_core_state"":null,""prior_effective_evidence"":55.79388796161553,""prior_median_performance"":19.443,""prior_player_rating"":1511.3191547993792,""prior_q25_performance"":11.137,""prior_raw_observation_count"":135,""prior_residual_uncertainty"":0.11490375831982005,""prior_role_adjusted_kp"":-0.06818943867448694,""prior_role_relative_rating"":0.11319154799379201,""prior_starter_reliability"":0.9419968432852664,""prior_team_state"":null,""prior_team_strength"":null,""schedule_opponent_context"":null}",,13.1,2026 - Split 1,lcs_fantasy_split1_2026_reconstructed_v1,"{""dataset"":""feature_provenance"",""max_source_timestamp"":""2024-03-14T21:48:48Z""}",RECONSTRUCTED_NON_OFFICIAL_SPLIT1_2026_RULES,RECONSTRUCTED_COMPLETE_UNDER_POLICY;RECONSTRUCTED_EXCLUDED_COMPONENTS;RECONSTRUCTED_PROXY_USED
oe:player:4db47d64e2721bf7a93ebf42e488852,oe:team:4bd1751425ef6a9bc9d4d8e9385b4a6,BOT,period:18a8b98d7b5d7f0b7105,2024-03-22T20:08:04Z,true,protected_selection_2024,"{""bo_format_context"":null,""canonical_matchup_probability"":null,""playstyle_class_1_probability"":null,""playstyle_class_2_probability"":null,""playstyle_uncertainty"":null,""playstyle_unknown_probability"":null,""prior_above_role_median_rate"":0.4505182298424314,""prior_champion_observation_count"":22,""prior_core_state"":null,""prior_effective_evidence"":21.864128464974776,""prior_median_performance"":14.64,""prior_player_rating"":1485.1384914906275,""prior_q25_performance"":6.96,""prior_raw_observation_count"":22,""prior_residual_uncertainty"":0.18782741101539446,""prior_role_adjusted_kp"":-0.35538208411239086,""prior_role_relative_rating"":-0.14861508509372562,""prior_starter_reliability"":0.9163670187770556,""prior_team_state"":null,""prior_team_strength"":null,""schedule_opponent_context"":null}",,14.9565,2026 - Split 1,lcs_fantasy_split1_2026_reconstructed_v1,"{""dataset"":""feature_provenance"",""max_source_timestamp"":""2024-03-16T23:44:56Z""}",RECONSTRUCTED_NON_OFFICIAL_SPLIT1_2026_RULES,RECONSTRUCTED_COMPLETE_UNDER_POLICY;RECONSTRUCTED_EXCLUDED_COMPONENTS;RECONSTRUCTED_PROXY_USED
oe:player:7c3395efccd48fe73592001501bef83,oe:team:4bd1751425ef6a9bc9d4d8e9385b4a6,JGL,period:18a8b98d7b5d7f0b7105,2024-03-22T20:08:04Z,true,protected_selection_2024,"{""bo_format_context"":null,""canonical_matchup_probability"":null,""playstyle_class_1_probability"":null,""playstyle_class_2_probability"":null,""playstyle_uncertainty"":null,""playstyle_unknown_probability"":null,""prior_above_role_median_rate"":0.5977843968440877,""prior_champion_observation_count"":137,""prior_core_state"":null,""prior_effective_evidence"":60.30990826306071,""prior_median_performance"":16.64,""prior_player_rating"":1499.1634711975912,""prior_q25_performance"":7.2,""prior_raw_observation_count"":137,""prior_residual_uncertainty"":0.11161534842319618,""prior_role_adjusted_kp"":-0.15654437530193988,""prior_role_relative_rating"":-0.008365288024087243,""prior_starter_reliability"":0.9502483027030499,""prior_team_state"":null,""prior_team_strength"":null,""schedule_opponent_context"":null}",,11.501,2026 - Split 1,lcs_fantasy_split1_2026_reconstructed_v1,"{""dataset"":""feature_provenance"",""max_source_timestamp"":""2024-03-16T23:44:56Z""}",RECONSTRUCTED_NON_OFFICIAL_SPLIT1_2026_RULES,RECONSTRUCTED_COMPLETE_UNDER_POLICY;RECONSTRUCTED_EXCLUDED_COMPONENTS;RECONSTRUCTED_PROXY_USED
oe:player:7e0e7ac2a199e8e2ecb30499a3b2153,oe:team:2e66da41dc460dd378e3bcc57042d31,MID,period:18a8b98d7b5d7f0b7105,2024-03-22T20:08:04Z,true,protected_selection_2024,"{""bo_format_context"":null,""canonical_matchup_probability"":null,""playstyle_class_1_probability"":null,""playstyle_class_2_probability"":null,""playstyle_uncertainty"":null,""playstyle_unknown_probability"":null,""prior_above_role_median_rate"":0.6020442586247092,""prior_champion_observation_count"":240,""prior_core_state"":null,""prior_effective_evidence"":49.04767279610749,""prior_median_performance"":18.095,""prior_player_rating"":1509.8721053173956,""prior_q25_performance"":9.034,""prior_raw_observation_count"":240,""prior_residual_uncertainty"":0.143497911265087,""prior_role_adjusted_kp"":0.10047676671942032,""prior_role_relative_rating"":0.09872105317395594,""prior_starter_reliability"":0.9406303204857007,""prior_team_state"":null,""prior_team_strength"":null,""schedule_opponent_context"":null}",,26.391000000000002,2026 - Split 1,lcs_fantasy_split1_2026_reconstructed_v1,"{""dataset"":""feature_provenance"",""max_source_timestamp"":""2024-03-15T23:43:25Z""}",RECONSTRUCTED_NON_OFFICIAL_SPLIT1_2026_RULES,RECONSTRUCTED_COMPLETE_UNDER_POLICY;RECONSTRUCTED_EXCLUDED_COMPONENTS;RECONSTRUCTED_PROXY_USED
oe:player:7e2505960c12cc54c96a0a6efb2e055,oe:team:2e66da41dc460dd378e3bcc57042d31,TOP,period:18a8b98d7b5d7f0b7105,2024-03-22T20:08:04Z,true,protected_selection_2024,"{""bo_format_context"":null,""canonical_matchup_probability"":null,""playstyle_class_1_probability"":0.1526581865304846,""playstyle_class_2_probability"":0.6247584278484054,""playstyle_uncertainty"":0.3466264791843471,""playstyle_unknown_probability"":0.22258338562110996,""prior_above_role_median_rate"":0.5815238975728338,""prior_champion_observation_count"":99,""prior_core_state"":null,""prior_effective_evidence"":25.82769312636027,""prior_median_performance"":15.049999999999999,""prior_player_rating"":1512.8944581711091,""prior_q25_performance"":9.873000000000001,""prior_raw_observation_count"":99,""prior_residual_uncertainty"":0.17260276442350062,""prior_role_adjusted_kp"":0.051531989005987364,""prior_role_relative_rating"":0.12894458171109202,""prior_starter_reliability"":0.9164869798292083,""prior_team_state"":null,""prior_team_strength"":null,""schedule_opponent_context"":null}",,15.602666666666666,2026 - Split 1,lcs_fantasy_split1_2026_reconstructed_v1,"{""dataset"":""feature_provenance"",""max_source_timestamp"":""2024-03-15T23:43:25Z""}",RECONSTRUCTED_NON_OFFICIAL_SPLIT1_2026_RULES,RECONSTRUCTED_COMPLETE_UNDER_POLICY;RECONSTRUCTED_EXCLUDED_COMPONENTS;RECONSTRUCTED_PROXY_USED
oe:player:81acc6bcde5c927c78e0990e9887f84,oe:team:fc8e90107dabb9a35c490b0d86adea0,SUP,period:18a8b98d7b5d7f0b7105,2024-03-22T20:08:04Z,true,protected_selection_2024,"{""bo_format_context"":null,""canonical_matchup_probability"":null,""playstyle_class_1_probability"":0.3952207708344192,""playstyle_class_2_probability"":0.3443696686975254,""playstyle_uncertainty"":0.3844081862362389,""playstyle_unknown_probability"":0.2604095604680554,""prior_above_role_median_rate"":0.5117399138813744,""prior_champion_observation_count"":296,""prior_core_state"":null,""prior_effective_evidence"":48.97745458979841,""prior_median_performance"":15.274899999999999,""prior_player_rating"":1505.7060477038171,""prior_q25_performance"":9.113,""prior_raw_observation_count"":296,""prior_residual_uncertainty"":0.12593474202590765,""prior_role_adjusted_kp"":-0.08500414384403836,""prior_role_relative_rating"":0.057060477038172186,""prior_starter_reliability"":0.9364825602005729,""prior_team_state"":null,""prior_team_strength"":null,""schedule_opponent_context"":null}",,11.12876666666667,2026 - Split 1,lcs_fantasy_split1_2026_reconstructed_v1,"{""dataset"":""feature_provenance"",""max_source_timestamp"":""2024-03-14T21:48:48Z""}",RECONSTRUCTED_NON_OFFICIAL_SPLIT1_2026_RULES,RECONSTRUCTED_COMPLETE_UNDER_POLICY;RECONSTRUCTED_EXCLUDED_COMPONENTS;RECONSTRUCTED_PROXY_USED
oe:player:83eb62484689106807fcf5ad55b5479,oe:team:fc8e90107dabb9a35c490b0d86adea0,MID,period:18a8b98d7b5d7f0b7105,2024-03-22T20:08:04Z,true,protected_selection_2024,"{""bo_format_context"":null,""canonical_matchup_probability"":null,""playstyle_class_1_probability"":null,""playstyle_class_2_probability"":null,""playstyle_uncertainty"":null,""playstyle_unknown_probability"":null,""prior_above_role_median_rate"":0.6509860690383524,""prior_champion_observation_count"":157,""prior_core_state"":null,""prior_effective_evidence"":56.10030993681573,""prior_median_performance"":17.985999999999997,""prior_player_rating"":1514.19210879533,""prior_q25_performance"":11.52,""prior_raw_observation_count"":157,""prior_residual_uncertainty"":0.1292564014596153,""prior_role_adjusted_kp"":0.14252205703565718,""prior_role_relative_rating"":0.14192108795329883,""prior_starter_reliability"":0.9419499246511935,""prior_team_state"":null,""prior_team_strength"":null,""schedule_opponent_context"":null}",,3.943333333333334,2026 - Split 1,lcs_fantasy_split1_2026_reconstructed_v1,"{""dataset"":""feature_provenance"",""max_source_timestamp"":""2024-03-14T21:48:48Z""}",RECONSTRUCTED_NON_OFFICIAL_SPLIT1_2026_RULES,RECONSTRUCTED_COMPLETE_UNDER_POLICY;RECONSTRUCTED_EXCLUDED_COMPONENTS;RECONSTRUCTED_PROXY_USED
oe:player:8f8eaac8e99c203ee76e57c5c81c91f,oe:team:4bd1751425ef6a9bc9d4d8e9385b4a6,MID,period:18a8b98d7b5d7f0b7105,2024-03-22T20:08:04Z,true,protected_selection_2024,"{""bo_format_context"":null,""canonical_matchup_probability"":null,""playstyle_class_1_probability"":null,""playstyle_class_2_probability"":null,""playstyle_uncertainty"":null,""playstyle_unknown_probability"":null,""prior_above_role_median_rate"":0.5691524024094418,""prior_champion_observation_count"":42,""prior_core_state"":null,""prior_effective_evidence"":33.13129580511184,""prior_median_performance"":20.92,""prior_player_rating"":1518.1785043170657,""prior_q25_performance"":12.091,""prior_raw_observation_count"":42,""prior_residual_uncertainty"":0.17051610881997084,""prior_role_adjusted_kp"":0.204823515972591,""prior_role_relative_rating"":0.18178504317065827,""prior_starter_reliability"":0.9323826722454832,""prior_team_state"":null,""prior_team_strength"":null,""schedule_opponent_context"":null}",,21.626500000000004,2026 - Split 1,lcs_fantasy_split1_2026_reconstructed_v1,"{""dataset"":""feature_provenance"",""max_source_timestamp"":""2024-03-16T23:44:56Z""}",RECONSTRUCTED_NON_OFFICIAL_SPLIT1_2026_RULES,RECONSTRUCTED_COMPLETE_UNDER_POLICY;RECONSTRUCTED_EXCLUDED_COMPONENTS;RECONSTRUCTED_PROXY_USED
oe:player:a8307167f3a1c933295bb9e3d43700e,oe:team:2e66da41dc460dd378e3bcc57042d31,JGL,period:18a8b98d7b5d7f0b7105,2024-03-22T20:08:04Z,true,protected_selection_2024,"{""bo_format_context"":null,""canonical_matchup_probability"":null,""playstyle_class_1_probability"":null,""playstyle_class_2_probability"":null,""playstyle_uncertainty"":null,""playstyle_unknown_probability"":null,""prior_above_role_median_rate"":0.6523322190859898,""prior_champion_observation_count"":130,""prior_core_state"":null,""prior_effective_evidence"":35.93796088648367,""prior_median_performance"":19.412,""prior_player_rating"":1512.621141647897,""prior_q25_performance"":11.796,""prior_raw_observation_count"":130,""prior_residual_uncertainty"":0.14603382112109228,""prior_role_adjusted_kp"":-0.12709802292008757,""prior_role_relative_rating"":0.12621141647896994,""prior_starter_reliability"":0.928533911091614,""prior_team_state"":null,""prior_team_strength"":null,""schedule_opponent_context"":null}",,21.823333333333334,2026 - Split 1,lcs_fantasy_split1_2026_reconstructed_v1,"{""dataset"":""feature_provenance"",""max_source_timestamp"":""2024-03-15T23:43:25Z""}",RECONSTRUCTED_NON_OFFICIAL_SPLIT1_2026_RULES,RECONSTRUCTED_COMPLETE_UNDER_POLICY;RECONSTRUCTED_EXCLUDED_COMPONENTS;RECONSTRUCTED_PROXY_USED
oe:player:c145139d26813639b8fe6f4d0b28228,oe:team:2e66da41dc460dd378e3bcc57042d31,BOT,period:18a8b98d7b5d7f0b7105,2024-03-22T20:08:04Z,true,protected_selection_2024,"{""bo_format_context"":null,""canonical_matchup_probability"":null,""playstyle_class_1_probability"":null,""playstyle_class_2_probability"":null,""playstyle_uncertainty"":null,""playstyle_unknown_probability"":null,""prior_above_role_median_rate"":0.6373353646221881,""prior_champion_observation_count"":19,""prior_core_state"":null,""prior_effective_evidence"":18.882745157790232,""prior_median_performance"":18.744,""prior_player_rating"":1499.9408925646724,""prior_q25_performance"":6.133,""prior_raw_observation_count"":19,""prior_residual_uncertainty"":0.2352343820077069,""prior_role_adjusted_kp"":-0.2721426290531199,""prior_role_relative_rating"":-0.0005910743532772916,""prior_starter_reliability"":0.9047001182729284,""prior_team_state"":null,""prior_team_strength"":null,""schedule_opponent_context"":null}",,22.427333333333333,2026 - Split 1,lcs_fantasy_split1_2026_reconstructed_v1,"{""dataset"":""feature_provenance"",""max_source_timestamp"":""2024-03-15T23:43:25Z""}",RECONSTRUCTED_NON_OFFICIAL_SPLIT1_2026_RULES,RECONSTRUCTED_COMPLETE_UNDER_POLICY;RECONSTRUCTED_EXCLUDED_COMPONENTS;RECONSTRUCTED_PROXY_USED
oe:player:dbe844fcbbc7f54654e54242e79acac,oe:team:4bd1751425ef6a9bc9d4d8e9385b4a6,SUP,period:18a8b98d7b5d7f0b7105,2024-03-22T20:08:04Z,true,protected_selection_2024,"{""bo_format_context"":null,""canonical_matchup_probability"":null,""playstyle_class_1_probability"":0.5075859190104797,""playstyle_class_2_probability"":0.2896507880055855,""playstyle_uncertainty"":0.3010508200335942,""playstyle_unknown_probability"":0.20276329298393486,""prior_above_role_median_rate"":0.5483924874865798,""prior_champion_observation_count"":85,""prior_core_state"":null,""prior_effective_evidence"":46.949226813259656,""prior_median_performance"":19.410999999999998,""prior_player_rating"":1506.6305702892932,""prior_q25_performance"":9.161000000000001,""prior_raw_observation_count"":85,""prior_residual_uncertainty"":0.1276038007549265,""prior_role_adjusted_kp"":-0.06252285874823563,""prior_role_relative_rating"":0.06630570289293228,""prior_starter_reliability"":0.9435360949108378,""prior_team_state"":null,""prior_team_strength"":null,""schedule_opponent_context"":null}",,14.16205,2026 - Split 1,lcs_fantasy_split1_2026_reconstructed_v1,"{""dataset"":""feature_provenance"",""max_source_timestamp"":""2024-03-16T23:44:56Z""}",RECONSTRUCTED_NON_OFFICIAL_SPLIT1_2026_RULES,RECONSTRUCTED_COMPLETE_UNDER_POLICY;RECONSTRUCTED_EXCLUDED_COMPONENTS;RECONSTRUCTED_PROXY_USED
oe:player:ea9ed09584feecae0991089f087d2ce,oe:team:8eb884e168f28402ce685bedebb5250,MID,period:18a8b98d7b5d7f0b7105,2024-03-22T20:08:04Z,true,protected_selection_2024,"{""bo_format_context"":null,""canonical_matchup_probability"":null,""playstyle_class_1_probability"":null,""playstyle_class_2_probability"":null,""playstyle_uncertainty"":null,""playstyle_unknown_probability"":null,""prior_above_role_median_rate"":0.5156630330896841,""prior_champion_observation_count"":52,""prior_core_state"":null,""prior_effective_evidence"":40.41093717717459,""prior_median_performance"":16.268,""prior_player_rating"":1502.6492979221446,""prior_q25_performance"":11.14,""prior_raw_observation_count"":52,""prior_residual_uncertainty"":0.12280461419969838,""prior_role_adjusted_kp"":-0.00618113165322258,""prior_role_relative_rating"":0.0264929792214456,""prior_starter_reliability"":0.9396274898052277,""prior_team_state"":null,""prior_team_strength"":null,""schedule_opponent_context"":null}",,27.01375,2026 - Split 1,lcs_fantasy_split1_2026_reconstructed_v1,"{""dataset"":""feature_provenance"",""max_source_timestamp"":""2024-03-17T21:43:44Z""}",RECONSTRUCTED_NON_OFFICIAL_SPLIT1_2026_RULES,RECONSTRUCTED_COMPLETE_UNDER_POLICY;RECONSTRUCTED_EXCLUDED_COMPONENTS;RECONSTRUCTED_PROXY_USED
oe:player:ed455f823b6586e9e3621dfb5aeb42e,oe:team:fc8e90107dabb9a35c490b0d86adea0,JGL,period:18a8b98d7b5d7f0b7105,2024-03-22T20:08:04Z,true,protected_selection_2024,"{""bo_format_context"":null,""canonical_matchup_probability"":null,""playstyle_class_1_probability"":null,""playstyle_class_2_probability"":null,""playstyle_uncertainty"":null,""playstyle_unknown_probability"":null,""prior_above_role_median_rate"":0.7001394065979193,""prior_champion_observation_count"":298,""prior_core_state"":null,""prior_effective_evidence"":59.03852900061065,""prior_median_performance"":21.218000000000004,""prior_player_rating"":1519.4029956591892,""prior_q25_performance"":11.78,""prior_raw_observation_count"":298,""prior_residual_uncertainty"":0.1,""prior_role_adjusted_kp"":0.10847538211229778,""prior_role_relative_rating"":0.19402995659189248,""prior_starter_reliability"":0.9434490878768754,""prior_team_state"":null,""prior_team_strength"":null,""schedule_opponent_context"":null}",,5.191,2026 - Split 1,lcs_fantasy_split1_2026_reconstructed_v1,"{""dataset"":""feature_provenance"",""max_source_timestamp"":""2024-03-14T21:48:48Z""}",RECONSTRUCTED_NON_OFFICIAL_SPLIT1_2026_RULES,RECONSTRUCTED_COMPLETE_UNDER_POLICY;RECONSTRUCTED_EXCLUDED_COMPONENTS;RECONSTRUCTED_PROXY_USED
oe:player:f02f1c8275084050765b4b6414bdfda,oe:team:fc8e90107dabb9a35c490b0d86adea0,TOP,period:18a8b98d7b5d7f0b7105,2024-03-22T20:08:04Z,true,protected_selection_2024,"{""bo_format_context"":null,""canonical_matchup_probability"":null,""playstyle_class_1_probability"":0.18880821106434909,""playstyle_class_2_probability"":0.6096625430888057,""playstyle_uncertainty"":0.3317923622529128,""playstyle_unknown_probability"":0.2015292458468451,""prior_above_role_median_rate"":0.6287576146797305,""prior_champion_observation_count"":241,""prior_core_state"":null,""prior_effective_evidence"":58.835942958677315,""prior_median_performance"":14.74,""prior_player_rating"":1516.1237745346264,""prior_q25_performance"":9.835,""prior_raw_observation_count"":241,""prior_residual_uncertainty"":0.1146016067710945,""prior_role_adjusted_kp"":0.05975090225353319,""prior_role_relative_rating"":0.16123774534626256,""prior_starter_reliability"":0.9433627464453747,""prior_team_state"":null,""prior_team_strength"":null,""schedule_opponent_context"":null}",,9.190666666666667,2026 - Split 1,lcs_fantasy_split1_2026_reconstructed_v1,"{""dataset"":""feature_provenance"",""max_source_timestamp"":""2024-03-14T21:48:48Z""}",RECONSTRUCTED_NON_OFFICIAL_SPLIT1_2026_RULES,RECONSTRUCTED_COMPLETE_UNDER_POLICY;RECONSTRUCTED_EXCLUDED_COMPONENTS;RECONSTRUCTED_PROXY_USED
oe:player:f6b8af05a5af22004a67a78f3046b92,oe:team:8eb884e168f28402ce685bedebb5250,BOT,period:18a8b98d7b5d7f0b7105,2024-03-22T20:08:04Z,true,protected_selection_2024,"{""bo_format_context"":null,""canonical_matchup_probability"":null,""playstyle_class_1_probability"":null,""playstyle_class_2_probability"":null,""playstyle_uncertainty"":null,""playstyle_unknown_probability"":null,""prior_above_role_median_rate"":0.5139061251375748,""prior_champion_observation_count"":82,""prior_core_state"":null,""prior_effective_evidence"":53.75985968820322,""prior_median_performance"":16.095,""prior_player_rating"":1506.9630226528525,""prior_q25_performance"":10.270999999999999,""prior_raw_observation_count"":82,""prior_residual_uncertainty"":0.11227378935938759,""prior_role_adjusted_kp"":0.05451777608214889,""prior_role_relative_rating"":0.06963022652852476,""prior_starter_reliability"":0.947989324978462,""prior_team_state"":null,""prior_team_strength"":null,""schedule_opponent_context"":null}",,34.70825,2026 - Split 1,lcs_fantasy_split1_2026_reconstructed_v1,"{""dataset"":""feature_provenance"",""max_source_timestamp"":""2024-03-17T21:43:44Z""}",RECONSTRUCTED_NON_OFFICIAL_SPLIT1_2026_RULES,RECONSTRUCTED_COMPLETE_UNDER_POLICY;RECONSTRUCTED_EXCLUDED_COMPONENTS;RECONSTRUCTED_PROXY_USED
oe:player:007be3acd5669d100711b13d79e2336,oe:team:4bd1751425ef6a9bc9d4d8e9385b4a6,TOP,period:27c11f42e65c97b901b8,2024-01-20T20:15:01Z,true,protected_selection_2024,"{""bo_format_context"":null,""canonical_matchup_probability"":null,""playstyle_class_1_probability"":0.25,""playstyle_class_2_probability"":0.25,""playstyle_uncertainty"":0.7196394630357186,""playstyle_unknown_probability"":0.5,""prior_above_role_median_rate"":0.5,""prior_champion_observation_count"":0,""prior_core_state"":null,""prior_effective_evidence"":0.0,""prior_median_performance"":12.57,""prior_player_rating"":1500.0,""prior_q25_performance"":12.57,""prior_raw_observation_count"":0,""prior_residual_uncertainty"":1.6606601717798213,""prior_role_adjusted_kp"":0.0,""prior_role_relative_rating"":0.0,""prior_starter_reliability"":0.5,""prior_team_state"":null,""prior_team_strength"":null,""schedule_opponent_context"":null}",,9.291,2026 - Split 1,lcs_fantasy_split1_2026_reconstructed_v1,"{""dataset"":""feature_provenance"",""max_source_timestamp"":null}",RECONSTRUCTED_NON_OFFICIAL_SPLIT1_2026_RULES,RECONSTRUCTED_COMPLETE_UNDER_POLICY;RECONSTRUCTED_EXCLUDED_COMPONENTS;RECONSTRUCTED_PROXY_USED
oe:player:05fafeaf23dc3285558a4e968970b9f,oe:team:8eb884e168f28402ce685bedebb5250,SUP,period:27c11f42e65c97b901b8,2024-01-20T20:15:01Z,true,protected_selection_2024,"{""bo_format_context"":null,""canonical_matchup_probability"":null,""playstyle_class_1_probability"":0.5151430115094744,""playstyle_class_2_probability"":0.28024700320939677,""playstyle_uncertainty"":0.3441333387846792,""playstyle_unknown_probability"":0.2046099852811289,""prior_above_role_median_rate"":0.507707849259516,""prior_champion_observation_count"":263,""prior_core_state"":null,""prior_effective_evidence"":77.29395318249992,""prior_median_performance"":13.6984,""prior_player_rating"":1503.493939674868,""prior_q25_performance"":8.7713,""prior_raw_observation_count"":263,""prior_residual_uncertainty"":0.1,""prior_role_adjusted_kp"":-0.12295949026158876,""prior_role_relative_rating"":0.03493939674867989,""prior_starter_reliability"":0.9410044458546168,""prior_team_state"":null,""prior_team_strength"":null,""schedule_opponent_context"":null}",,17.034,2026 - Split 1,lcs_fantasy_split1_2026_reconstructed_v1,"{""dataset"":""feature_provenance"",""max_source_timestamp"":""2023-08-19T23:42:58Z""}",RECONSTRUCTED_NON_OFFICIAL_SPLIT1_2026_RULES,RECONSTRUCTED_COMPLETE_UNDER_POLICY;RECONSTRUCTED_EXCLUDED_COMPONENTS;RECONSTRUCTED_PROXY_USED
oe:player:08936c56ab5a6453c58974a619651c3,oe:team:0dbb780176ecad18f17292d1f5653af,JGL,period:27c11f42e65c97b901b8,2024-01-20T20:15:01Z,true,protected_selection_2024,"{""bo_format_context"":null,""canonical_matchup_probability"":null,""playstyle_class_1_probability"":null,""playstyle_class_2_probability"":null,""playstyle_uncertainty"":null,""playstyle_unknown_probability"":null,""prior_above_role_median_rate"":0.3088779732905011,""prior_champion_observation_count"":9,""prior_core_state"":null,""prior_effective_evidence"":8.229066598672496,""prior_median_performance"":2.807,""prior_player_rating"":1469.9518472998152,""prior_q25_performance"":0.41000000000000014,""prior_raw_observation_count"":9,""prior_residual_uncertainty"":0.2937609682482606,""prior_role_adjusted_kp"":-0.25653321609575014,""prior_role_relative_rating"":-0.30048152700184766,""prior_starter_reliability"":0.5723813986016486,""prior_team_state"":null,""prior_team_strength"":null,""schedule_opponent_context"":null}",,17.3975,2026 - Split 1,lcs_fantasy_split1_2026_reconstructed_v1,"{""dataset"":""feature_provenance"",""max_source_timestamp"":""2022-08-14T23:36:01Z""}",RECONSTRUCTED_NON_OFFICIAL_SPLIT1_2026_RULES,RECONSTRUCTED_COMPLETE_UNDER_POLICY;RECONSTRUCTED_EXCLUDED_COMPONENTS;RECONSTRUCTED_PROXY_USED
oe:player:1970fcb701acce66e0771946bbb3105,oe:team:8eb884e168f28402ce685bedebb5250,JGL,period:27c11f42e65c97b901b8,2024-01-20T20:15:01Z,true,protected_selection_2024,"{""bo_format_context"":null,""canonical_matchup_probability"":null,""playstyle_class_1_probability"":null,""playstyle_class_2_probability"":null,""playstyle_uncertainty"":null,""playstyle_unknown_probability"":null,""prior_above_role_median_rate"":0.5,""prior_champion_observation_count"":0,""prior_core_state"":null,""prior_effective_evidence"":0.0,""prior_median_performance"":15.129999999999999,""prior_player_rating"":1500.0,""prior_q25_performance"":15.129999999999999,""prior_raw_observation_count"":0,""prior_residual_uncertainty"":1.6606601717798213,""prior_role_adjusted_kp"":0.0,""prior_role_relative_rating"":0.0,""prior_starter_reliability"":0.5,""prior_team_state"":null,""prior_team_strength"":null,""schedule_opponent_context"":null}",,8.875,2026 - Split 1,lcs_fantasy_split1_2026_reconstructed_v1,"{""dataset"":""feature_provenance"",""max_source_timestamp"":null}",RECONSTRUCTED_NON_OFFICIAL_SPLIT1_2026_RULES,RECONSTRUCTED_COMPLETE_UNDER_POLICY;RECONSTRUCTED_EXCLUDED_COMPONENTS;RECONSTRUCTED_PROXY_USED
oe:player:1d22c812efd7b8a4244d93c51acc399,oe:team:0dbb780176ecad18f17292d1f5653af,MID,period:27c11f42e65c97b901b8,2024-01-20T20:15:01Z,true,protected_selection_2024,"{""bo_format_context"":null,""canonical_matchup_probability"":null,""playstyle_class_1_probability"":null,""playstyle_class_2_probability"":null,""playstyle_uncertainty"":null,""playstyle_unknown_probability"":null,""prior_above_role_median_rate"":0.5,""prior_champion_observation_count"":0,""prior_core_state"":null,""prior_effective_evidence"":0.0,""prior_median_performance"":15.809999999999999,""prior_player_rating"":1500.0,""prior_q25_performance"":15.809999999999999,""prior_raw_observation_count"":0,""prior_residual_uncertainty"":1.6606601717798213,""prior_role_adjusted_kp"":0.0,""prior_role_relative_rating"":0.0,""prior_starter_reliability"":0.5,""prior_team_state"":null,""prior_team_strength"":null,""schedule_opponent_context"":null}",,16.125500000000002,2026 - Split 1,lcs_fantasy_split1_2026_reconstructed_v1,"{""dataset"":""feature_provenance"",""max_source_timestamp"":null}",RECONSTRUCTED_NON_OFFICIAL_SPLIT1_2026_RULES,RECONSTRUCTED_COMPLETE_UNDER_POLICY;RECONSTRUCTED_EXCLUDED_COMPONENTS;RECONSTRUCTED_PROXY_USED
oe:player:21f59b54f62b5b8b4bc0f63f0f617fc,oe:team:8eb884e168f28402ce685bedebb5250,TOP,period:27c11f42e65c97b901b8,2024-01-20T20:15:01Z,true,protected_selection_2024,"{""bo_format_context"":null,""canonical_matchup_probability"":null,""playstyle_class_1_probability"":0.331832751275136,""playstyle_class_2_probability"":0.46706956773034675,""playstyle_uncertainty"":0.3440506989753857,""playstyle_unknown_probability"":0.2010976809945173,""prior_above_role_median_rate"":0.492515639486539,""prior_champion_observation_count"":253,""prior_core_state"":null,""prior_effective_evidence"":78.62571728178914,""prior_median_performance"":12.601999999999999,""prior_player_rating"":1497.1673697758629,""prior_q25_performance"":6.9,""prior_raw_observation_count"":253,""prior_residual_uncertainty"":0.1,""prior_role_adjusted_kp"":-0.060564641663541724,""prior_role_relative_rating"":-0.02832630224137105,""prior_starter_reliability"":0.9241393495421032,""prior_team_state"":null,""prior_team_strength"":null,""schedule_opponent_context"":null}",,8.246500000000001,2026 - Split 1,lcs_fantasy_split1_2026_reconstructed_v1,"{""dataset"":""feature_provenance"",""max_source_timestamp"":""2023-07-22T00:46:01Z""}",RECONSTRUCTED_NON_OFFICIAL_SPLIT1_2026_RULES,RECONSTRUCTED_COMPLETE_UNDER_POLICY;RECONSTRUCTED_EXCLUDED_COMPONENTS;RECONSTRUCTED_PROXY_USED
oe:player:3e722c8ede909c83af9342c41805a16,oe:team:2e66da41dc460dd378e3bcc57042d31,SUP,period:27c11f42e65c97b901b8,2024-01-20T20:15:01Z,true,protected_selection_2024,"{""bo_format_context"":null,""canonical_matchup_probability"":null,""playstyle_class_1_probability"":0.4810099949780373,""playstyle_class_2_probability"":0.3188291301600481,""playstyle_uncertainty"":0.2590959712770487,""playstyle_unknown_probability"":0.20016087486191447,""prior_above_role_median_rate"":0.4427094638300083,""prior_champion_observation_count"":51,""prior_core_state"":null,""prior_effective_evidence"":46.68835828425298,""prior_median_performance"":12.598600000000001,""prior_player_rating"":1498.2260172485917,""prior_q25_performance"":7.8721,""prior_raw_observation_count"":51,""prior_residual_uncertainty"":0.11770214644299504,""prior_role_adjusted_kp"":0.12770237977437404,""prior_role_relative_rating"":-0.01773982751408368,""prior_starter_reliability"":0.9098573360623827,""prior_team_state"":null,""prior_team_strength"":null,""schedule_opponent_context"":null}",,22.3273,2026 - Split 1,lcs_fantasy_split1_2026_reconstructed_v1,"{""dataset"":""feature_provenance"",""max_source_timestamp"":""2023-08-04T23:59:53Z""}",RECONSTRUCTED_NON_OFFICIAL_SPLIT1_2026_RULES,RECONSTRUCTED_COMPLETE_UNDER_POLICY;RECONSTRUCTED_EXCLUDED_COMPONENTS;RECONSTRUCTED_PROXY_USED
oe:player:40704dfd2d966862568d29770de57bd,oe:team:0dbb780176ecad18f17292d1f5653af,SUP,period:27c11f42e65c97b901b8,2024-01-20T20:15:01Z,true,protected_selection_2024,"{""bo_format_context"":null,""canonical_matchup_probability"":null,""playstyle_class_1_probability"":0.28370355994025975,""playstyle_class_2_probability"":0.24350269917222467,""playstyle_uncertainty"":0.47228811224620265,""playstyle_unknown_probability"":0.47279374088751547,""prior_above_role_median_rate"":0.5203459298879763,""prior_champion_observation_count"":16,""prior_core_state"":null,""prior_effective_evidence"":15.322312397754272,""prior_median_performance"":13.6617,""prior_player_rating"":1494.0650413931414,""prior_q25_performance"":8.5672,""prior_raw_observation_count"":16,""prior_residual_uncertainty"":0.19730990912054291,""prior_role_adjusted_kp"":-0.18818277695305932,""prior_role_relative_rating"":-0.05934958606858613,""prior_starter_reliability"":0.5683624849056318,""prior_team_state"":null,""prior_team_strength"":null,""schedule_opponent_context"":null}",,17.555,2026 - Split 1,lcs_fantasy_split1_2026_reconstructed_v1,"{""dataset"":""feature_provenance"",""max_source_timestamp"":""2022-04-17T21:05:29Z""}",RECONSTRUCTED_NON_OFFICIAL_SPLIT1_2026_RULES,RECONSTRUCTED_COMPLETE_UNDER_POLICY;RECONSTRUCTED_EXCLUDED_COMPONENTS;RECONSTRUCTED_PROXY_USED
oe:player:460ae5a7af8d68f7831b70307210ab3,oe:team:fc8e90107dabb9a35c490b0d86adea0,BOT,period:27c11f42e65c97b901b8,2024-01-20T20:15:01Z,true,protected_selection_2024,"{""bo_format_context"":null,""canonical_matchup_probability"":null,""playstyle_class_1_probability"":null,""playstyle_class_2_probability"":null,""playstyle_uncertainty"":null,""playstyle_unknown_probability"":null,""prior_above_role_median_rate"":0.6556409068536566,""prior_champion_observation_count"":118,""prior_core_state"":null,""prior_effective_evidence"":72.52808217708866,""prior_median_performance"":21.592,""prior_player_rating"":1519.9818691123294,""prior_q25_performance"":13.57,""prior_raw_observation_count"":118,""prior_residual_uncertainty"":0.10012475398394724,""prior_role_adjusted_kp"":-0.06405631137553301,""prior_role_relative_rating"":0.19981869112329328,""prior_starter_reliability"":0.9336948833462194,""prior_team_state"":null,""prior_team_strength"":null,""schedule_opponent_context"":null}",,16.6405,2026 - Split 1,lcs_fantasy_split1_2026_reconstructed_v1,"{""dataset"":""feature_provenance"",""max_source_timestamp"":""2023-08-20T23:14:37Z""}",RECONSTRUCTED_NON_OFFICIAL_SPLIT1_2026_RULES,RECONSTRUCTED_COMPLETE_UNDER_POLICY;RECONSTRUCTED_EXCLUDED_COMPONENTS;RECONSTRUCTED_PROXY_USED
oe:player:4a18312b5b75f549d5551e5912ad6eb,oe:team:c334c629fea759876e9e04afbe4aee7,MID,period:27c11f42e65c97b901b8,2024-01-20T20:15:01Z,true,protected_selection_2024,"{""bo_format_context"":null,""canonical_matchup_probability"":null,""playstyle_class_1_probability"":null,""playstyle_class_2_probability"":null,""playstyle_uncertainty"":null,""playstyle_unknown_probability"":null,""prior_above_role_median_rate"":0.5,""prior_champion_observation_count"":0,""prior_core_state"":null,""prior_effective_evidence"":0.0,""prior_median_performance"":15.809999999999999,""prior_player_rating"":1500.0,""prior_q25_performance"":15.809999999999999,""prior_raw_observation_count"":0,""prior_residual_uncertainty"":1.6606601717798213,""prior_role_adjusted_kp"":0.0,""prior_role_relative_rating"":0.0,""prior_starter_reliability"":0.5,""prior_team_state"":null,""prior_team_strength"":null,""schedule_opponent_context"":null}",,8.91,2026 - Split 1,lcs_fantasy_split1_2026_reconstructed_v1,"{""dataset"":""feature_provenance"",""max_source_timestamp"":null}",RECONSTRUCTED_NON_OFFICIAL_SPLIT1_2026_RULES,RECONSTRUCTED_COMPLETE_UNDER_POLICY;RECONSTRUCTED_EXCLUDED_COMPONENTS;RECONSTRUCTED_PROXY_USED
oe:player:4db47d64e2721bf7a93ebf42e488852,oe:team:4bd1751425ef6a9bc9d4d8e9385b4a6,BOT,period:27c11f42e65c97b901b8,2024-01-20T20:15:01Z,true,protected_selection_2024,"{""bo_format_context"":null,""canonical_matchup_probability"":null,""playstyle_class_1_probability"":null,""playstyle_class_2_probability"":null,""playstyle_uncertainty"":null,""playstyle_unknown_probability"":null,""prior_above_role_median_rate"":0.5,""prior_champion_observation_count"":0,""prior_core_state"":null,""prior_effective_evidence"":0.0,""prior_median_performance"":16.095,""prior_player_rating"":1500.0,""prior_q25_performance"":16.095,""prior_raw_observation_count"":0,""prior_residual_uncertainty"":1.6606601717798213,""prior_role_adjusted_kp"":0.0,""prior_role_relative_rating"":0.0,""prior_starter_reliability"":0.5,""prior_team_state"":null,""prior_team_strength"":null,""schedule_opponent_context"":null}",,8.875,2026 - Split 1,lcs_fantasy_split1_2026_reconstructed_v1,"{""dataset"":""feature_provenance"",""max_source_timestamp"":null}",RECONSTRUCTED_NON_OFFICIAL_SPLIT1_2026_RULES,RECONSTRUCTED_COMPLETE_UNDER_POLICY;RECONSTRUCTED_EXCLUDED_COMPONENTS;RECONSTRUCTED_PROXY_USED
oe:player:4e0619e57cb50c4ab1230c2dd72df1b,oe:team:c334c629fea759876e9e04afbe4aee7,BOT,period:27c11f42e65c97b901b8,2024-01-20T20:15:01Z,true,protected_selection_2024,"{""bo_format_context"":null,""canonical_matchup_probability"":null,""playstyle_class_1_probability"":null,""playstyle_class_2_probability"":null,""playstyle_uncertainty"":null,""playstyle_unknown_probability"":null,""prior_above_role_median_rate"":0.43204287953630155,""prior_champion_observation_count"":195,""prior_core_state"":null,""prior_effective_evidence"":48.145808648117104,""prior_median_performance"":12.61,""prior_player_rating"":1490.9126857067629,""prior_q25_performance"":5.109999999999999,""prior_raw_observation_count"":195,""prior_residual_uncertainty"":0.1284558007225011,""prior_role_adjusted_kp"":0.10748898476995833,""prior_role_relative_rating"":-0.09087314293237005,""prior_starter_reliability"":0.8984178182258338,""prior_team_state"":null,""prior_team_strength"":null,""schedule_opponent_context"":null}",,11.305,2026 - Split 1,lcs_fantasy_split1_2026_reconstructed_v1,"{""dataset"":""feature_provenance"",""max_source_timestamp"":""2023-07-21T21:05:18Z""}",RECONSTRUCTED_NON_OFFICIAL_SPLIT1_2026_RULES,RECONSTRUCTED_COMPLETE_UNDER_POLICY;RECONSTRUCTED_EXCLUDED_COMPONENTS;RECONSTRUCTED_PROXY_USED
oe:player:5385f74da3e5deb5b66d9a1ee56cf97,oe:team:e758ebe9a5a2cc81b9c8078479c2d87,TOP,period:27c11f42e65c97b901b8,2024-01-20T20:15:01Z,true,protected_selection_2024,"{""bo_format_context"":null,""canonical_matchup_probability"":null,""playstyle_class_1_probability"":0.31724597924479636,""playstyle_class_2_probability"":0.499117394347883,""playstyle_uncertainty"":0.29093984158374553,""playstyle_unknown_probability"":0.1836366264073207,""prior_above_role_median_rate"":0.46396070274130935,""prior_champion_observation_count"":98,""prior_core_state"":null,""prior_effective_evidence"":70.88084166677197,""prior_median_performance"":11.64,""prior_player_rating"":1493.5908080373938,""prior_q25_performance"":6.259,""prior_raw_observation_count"":98,""prior_residual_uncertainty"":0.10489227325511845,""prior_role_adjusted_kp"":-0.09611610734362286,""prior_role_relative_rating"":-0.06409191962606242,""prior_starter_reliability"":0.9388303358584187,""prior_team_state"":null,""prior_team_strength"":null,""schedule_opponent_context"":null}",,10.407,2026 - Split 1,lcs_fantasy_split1_2026_reconstructed_v1,"{""dataset"":""feature_provenance"",""max_source_timestamp"":""2023-08-20T23:14:37Z""}",RECONSTRUCTED_NON_OFFICIAL_SPLIT1_2026_RULES,RECONSTRUCTED_COMPLETE_UNDER_POLICY;RECONSTRUCTED_EXCLUDED_COMPONENTS;RECONSTRUCTED_PROXY_USED
oe:player:6378658dafc3eeb902fa2e52f909172,oe:team:0dbb780176ecad18f17292d1f5653af,BOT,period:27c11f42e65c97b901b8,2024-01-20T20:15:01Z,true,protected_selection_2024,"{""bo_format_context"":null,""canonical_matchup_probability"":null,""playstyle_class_1_probability"":null,""playstyle_class_2_probability"":null,""playstyle_uncertainty"":null,""playstyle_unknown_probability"":null,""prior_above_role_median_rate"":0.41553619709399964,""prior_champion_observation_count"":49,""prior_core_state"":null,""prior_effective_evidence"":34.858172283816856,""prior_median_performance"":12.86,""prior_player_rating"":1490.6082545967952,""prior_q25_performance"":6.93,""prior_raw_observation_count"":49,""prior_residual_uncertainty"":0.11844889565648255,""prior_role_adjusted_kp"":0.09122108976964853,""prior_role_relative_rating"":-0.09391745403204847,""prior_starter_reliability"":0.8975982621671014,""prior_team_state"":null,""prior_team_strength"":null,""schedule_opponent_context"":null}",,14.411999999999999,2026 - Split 1,lcs_fantasy_split1_2026_reconstructed_v1,"{""dataset"":""feature_provenance"",""max_source_timestamp"":""2023-08-11T22:46:09Z""}",RECONSTRUCTED_NON_OFFICIAL_SPLIT1_2026_RULES,RECONSTRUCTED_COMPLETE_UNDER_POLICY;RECONSTRUCTED_EXCLUDED_COMPONENTS;RECONSTRUCTED_PROXY_USED
oe:player:6841f2d68619d53bdd1cdbf30b5be2c,oe:team:b360f1d729b0a8e0f29a5243c4200fa,SUP,period:27c11f42e65c97b901b8,2024-01-20T20:15:01Z,true,protected_selection_2024,"{""bo_format_context"":null,""canonical_matchup_probability"":null,""playstyle_class_1_probability"":0.2580170657632816,""playstyle_class_2_probability"":0.24769182295067121,""playstyle_uncertainty"":0.47554167480911674,""playstyle_unknown_probability"":0.49429111128604714,""prior_above_role_median_rate"":0.49349814535992376,""prior_champion_observation_count"":60,""prior_core_state"":null,""prior_effective_evidence"":54.58488760022121,""prior_median_performance"":10.895900000000001,""prior_player_rating"":1499.1239624126301,""prior_q25_performance"":7.3574,""prior_raw_observation_count"":60,""prior_residual_uncertainty"":0.1280300975454096,""prior_role_adjusted_kp"":0.0678495830366944,""prior_role_relative_rating"":-0.008760375873697724,""prior_starter_reliability"":0.5115034463098623,""prior_team_state"":null,""prior_team_strength"":null,""schedule_opponent_context"":null}",,13.776000000000002,2026 - Split 1,lcs_fantasy_split1_2026_reconstructed_v1,"{""dataset"":""feature_provenance"",""max_source_timestamp"":""2020-08-22T21:43:41Z""}",RECONSTRUCTED_NON_OFFICIAL_SPLIT1_2026_RULES,RECONSTRUCTED_COMPLETE_UNDER_POLICY;RECONSTRUCTED_EXCLUDED_COMPONENTS;RECONSTRUCTED_PROXY_USED
oe:player:6fbf57b984dbf130701e09ea4110bb8,oe:team:0dbb780176ecad18f17292d1f5653af,TOP,period:27c11f42e65c97b901b8,2024-01-20T20:15:01Z,true,protected_selection_2024,"{""bo_format_context"":null,""canonical_matchup_probability"":null,""playstyle_class_1_probability"":0.3817155505244526,""playstyle_class_2_probability"":0.33813402897717504,""playstyle_uncertainty"":0.3003315485627428,""playstyle_unknown_probability"":0.28015042049837224,""prior_above_role_median_rate"":0.43906419303616656,""prior_champion_observation_count"":27,""prior_core_state"":null,""prior_effective_evidence"":26.861749648633648,""prior_median_performance"":12.120000000000001,""prior_player_rating"":1492.687395912765,""prior_q25_performance"":5.26,""prior_raw_observation_count"":27,""prior_residual_uncertainty"":0.16662375028519275,""prior_role_adjusted_kp"":0.07138845463085286,""prior_role_relative_rating"":-0.07312604087235017,""prior_starter_reliability"":0.8823489788731397,""prior_team_state"":null,""prior_team_strength"":null,""schedule_opponent_context"":null}",,10.9755,2026 - Split 1,lcs_fantasy_split1_2026_reconstructed_v1,"{""dataset"":""feature_provenance"",""max_source_timestamp"":""2023-08-11T22:46:09Z""}",RECONSTRUCTED_NON_OFFICIAL_SPLIT1_2026_RULES,RECONSTRUCTED_COMPLETE_UNDER_POLICY;RECONSTRUCTED_EXCLUDED_COMPONENTS;RECONSTRUCTED_PROXY_USED
oe:player:73d2b65353d7b00e0f198ffdc085edc,oe:team:e758ebe9a5a2cc81b9c8078479c2d87,BOT,period:27c11f42e65c97b901b8,2024-01-20T20:15:01Z,true,protected_selection_2024,"{""bo_format_context"":null,""canonical_matchup_probability"":null,""playstyle_class_1_probability"":null,""playstyle_class_2_probability"":null,""playstyle_uncertainty"":null,""playstyle_unknown_probability"":null,""prior_above_role_median_rate"":0.6462475364370431,""prior_champion_observation_count"":266,""prior_core_state"":null,""prior_effective_evidence"":82.21740350364325,""prior_median_performance"":19.102,""prior_player_rating"":1514.736688808215,""prior_q25_performance"":9.99,""prior_raw_observation_count"":266,""prior_residual_uncertainty"":0.10712034410277416,""prior_role_adjusted_kp"":0.11663613880092323,""prior_role_relative_rating"":0.14736688808215015,""prior_starter_reliability"":0.9427697706424225,""prior_team_state"":null,""prior_team_strength"":null,""schedule_opponent_context"":null}",,10.962500000000002,2026 - Split 1,lcs_fantasy_split1_2026_reconstructed_v1,"{""dataset"":""feature_provenance"",""max_source_timestamp"":""2023-08-20T23:14:37Z""}",RECONSTRUCTED_NON_OFFICIAL_SPLIT1_2026_RULES,RECONSTRUCTED_COMPLETE_UNDER_POLICY;RECONSTRUCTED_EXCLUDED_COMPONENTS;RECONSTRUCTED_PROXY_USED
oe:player:7c3395efccd48fe73592001501bef83,oe:team:4bd1751425ef6a9bc9d4d8e9385b4a6,JGL,period:27c11f42e65c97b901b8,2024-01-20T20:15:01Z,true,protected_selection_2024,"{""bo_format_context"":null,""canonical_matchup_probability"":null,""playstyle_class_1_probability"":null,""playstyle_class_2_probability"":null,""playstyle_uncertainty"":null,""playstyle_unknown_probability"":null,""prior_above_role_median_rate"":0.5508211741106686,""prior_champion_observation_count"":115,""prior_core_state"":null,""prior_effective_evidence"":73.87440999939015,""prior_median_performance"":16.995,""prior_player_rating"":1502.7279618227442,""prior_q25_performance"":6.54,""prior_raw_observation_count"":115,""prior_residual_uncertainty"":0.10944200379099252,""prior_role_adjusted_kp"":-0.07359137625034781,""prior_role_relative_rating"":0.02727961822744246,""prior_starter_reliability"":0.9366469825940349,""prior_team_state"":null,""prior_team_strength"":null,""schedule_opponent_context"":null}",,13.85,2026 - Split 1,lcs_fantasy_split1_2026_reconstructed_v1,"{""dataset"":""feature_provenance"",""max_source_timestamp"":""2023-08-14T01:25:01Z""}",RECONSTRUCTED_NON_OFFICIAL_SPLIT1_2026_RULES,RECONSTRUCTED_COMPLETE_UNDER_POLICY;RECONSTRUCTED_EXCLUDED_COMPONENTS;RECONSTRUCTED_PROXY_USED
oe:player:7e0e7ac2a199e8e2ecb30499a3b2153,oe:team:2e66da41dc460dd378e3bcc57042d31,MID,period:27c11f42e65c97b901b8,2024-01-20T20:15:01Z,true,protected_selection_2024,"{""bo_format_context"":null,""canonical_matchup_probability"":null,""playstyle_class_1_probability"":null,""playstyle_class_2_probability"":null,""playstyle_uncertainty"":null,""playstyle_unknown_probability"":null,""prior_above_role_median_rate"":0.5544733727000375,""prior_champion_observation_count"":221,""prior_core_state"":null,""prior_effective_evidence"":60.00268457366902,""prior_median_performance"":15.92,""prior_player_rating"":1505.8951832113853,""prior_q25_performance"":8.529,""prior_raw_observation_count"":221,""prior_residual_uncertainty"":0.12061684615157996,""prior_role_adjusted_kp"":0.17017761598565173,""prior_role_relative_rating"":0.05895183211385356,""prior_starter_reliability"":0.9215705925132395,""prior_team_state"":null,""prior_team_strength"":null,""schedule_opponent_context"":null}",,19.729000000000003,2026 - Split 1,lcs_fantasy_split1_2026_reconstructed_v1,"{""dataset"":""feature_provenance"",""max_source_timestamp"":""2023-08-11T22:46:09Z""}",RECONSTRUCTED_NON_OFFICIAL_SPLIT1_2026_RULES,RECONSTRUCTED_COMPLETE_UNDER_POLICY;RECONSTRUCTED_EXCLUDED_COMPONENTS;RECONSTRUCTED_PROXY_USED
oe:player:7e2505960c12cc54c96a0a6efb2e055,oe:team:2e66da41dc460dd378e3bcc57042d31,TOP,period:27c11f42e65c97b901b8,2024-01-20T20:15:01Z,true,protected_selection_2024,"{""bo_format_context"":null,""canonical_matchup_probability"":null,""playstyle_class_1_probability"":0.2022917956809406,""playstyle_class_2_probability"":0.4080990142527559,""playstyle_uncertainty"":0.4365009939457099,""playstyle_unknown_probability"":0.38960919006630346,""prior_above_role_median_rate"":0.6230687428039468,""prior_champion_observation_count"":80,""prior_core_state"":null,""prior_effective_evidence"":69.13066233278262,""prior_median_performance"":16.581000000000003,""prior_player_rating"":1510.0705104008935,""prior_q25_performance"":7.87,""prior_raw_observation_count"":80,""prior_residual_uncertainty"":0.12239597408589449,""prior_role_adjusted_kp"":-0.059885649873608005,""prior_role_relative_rating"":0.10070510400893411,""prior_starter_reliability"":0.778127487164494,""prior_team_state"":null,""prior_team_strength"":null,""schedule_opponent_context"":null}",,14.0045,2026 - Split 1,lcs_fantasy_split1_2026_reconstructed_v1,"{""dataset"":""feature_provenance"",""max_source_timestamp"":""2022-09-04T23:38:13Z""}",RECONSTRUCTED_NON_OFFICIAL_SPLIT1_2026_RULES,RECONSTRUCTED_COMPLETE_UNDER_POLICY;RECONSTRUCTED_EXCLUDED_COMPONENTS;RECONSTRUCTED_PROXY_USED
oe:player:80fea0848c57b8e07a79675d41f582c,oe:team:c334c629fea759876e9e04afbe4aee7,TOP,period:27c11f42e65c97b901b8,2024-01-20T20:15:01Z,true,protected_selection_2024,"{""bo_format_context"":null,""canonical_matchup_probability"":null,""playstyle_class_1_probability"":0.25,""playstyle_class_2_probability"":0.25,""playstyle_uncertainty"":0.7196394630357186,""playstyle_unknown_probability"":0.5,""prior_above_role_median_rate"":0.5,""prior_champion_observation_count"":0,""prior_core_state"":null,""prior_effective_evidence"":0.0,""prior_median_performance"":12.57,""prior_player_rating"":1500.0,""prior_q25_performance"":12.57,""prior_raw_observation_count"":0,""prior_residual_uncertainty"":1.6606601717798213,""prior_role_adjusted_kp"":0.0,""prior_role_relative_rating"":0.0,""prior_starter_reliability"":0.5,""prior_team_state"":null,""prior_team_strength"":null,""schedule_opponent_context"":null}",,4.085000000000001,2026 - Split 1,lcs_fantasy_split1_2026_reconstructed_v1,"{""dataset"":""feature_provenance"",""max_source_timestamp"":null}",RECONSTRUCTED_NON_OFFICIAL_SPLIT1_2026_RULES,RECONSTRUCTED_COMPLETE_UNDER_POLICY;RECONSTRUCTED_EXCLUDED_COMPONENTS;RECONSTRUCTED_PROXY_USED
oe:player:81acc6bcde5c927c78e0990e9887f84,oe:team:fc8e90107dabb9a35c490b0d86adea0,SUP,period:27c11f42e65c97b901b8,2024-01-20T20:15:01Z,true,protected_selection_2024,"{""bo_format_context"":null,""canonical_matchup_probability"":null,""playstyle_class_1_probability"":0.48678683378574283,""playstyle_class_2_probability"":0.26074962108872857,""playstyle_uncertainty"":0.3708948771776238,""playstyle_unknown_probability"":0.2524635451255286,""prior_above_role_median_rate"":0.552929600995098,""prior_champion_observation_count"":279,""prior_core_state"":null,""prior_effective_evidence"":75.09516842183531,""prior_median_performance"":15.892,""prior_player_rating"":1506.1535442313923,""prior_q25_performance"":8.1118,""prior_raw_observation_count"":279,""prior_residual_uncertainty"":0.10498526135332976,""prior_role_adjusted_kp"":-0.02940327967703713,""prior_role_relative_rating"":0.061535442313923494,""prior_starter_reliability"":0.9203063138857569,""prior_team_state"":null,""prior_team_strength"":null,""schedule_opponent_context"":null}",,20.5133,2026 - Split 1,lcs_fantasy_split1_2026_reconstructed_v1,"{""dataset"":""feature_provenance"",""max_source_timestamp"":""2023-07-22T00:46:01Z""}",RECONSTRUCTED_NON_OFFICIAL_SPLIT1_2026_RULES,RECONSTRUCTED_COMPLETE_UNDER_POLICY;RECONSTRUCTED_EXCLUDED_COMPONENTS;RECONSTRUCTED_PROXY_USED
oe:player:83eb62484689106807fcf5ad55b5479,oe:team:fc8e90107dabb9a35c490b0d86adea0,MID,period:27c11f42e65c97b901b8,2024-01-20T20:15:01Z,true,protected_selection_2024,"{""bo_format_context"":null,""canonical_matchup_probability"":null,""playstyle_class_1_probability"":null,""playstyle_class_2_probability"":null,""playstyle_uncertainty"":null,""playstyle_unknown_probability"":null,""prior_above_role_median_rate"":0.5987381020444925,""prior_champion_observation_count"":140,""prior_core_state"":null,""prior_effective_evidence"":75.02838005533988,""prior_median_performance"":16.903,""prior_player_rating"":1511.2290804122754,""prior_q25_performance"":8.506,""prior_raw_observation_count"":140,""prior_residual_uncertainty"":0.1256616914592919,""prior_role_adjusted_kp"":0.21423394837097937,""prior_role_relative_rating"":0.11229080412275433,""prior_starter_reliability"":0.9335910149074914,""prior_team_state"":null,""prior_team_strength"":null,""schedule_opponent_context"":null}",,28.389,2026 - Split 1,lcs_fantasy_split1_2026_reconstructed_v1,"{""dataset"":""feature_provenance"",""max_source_timestamp"":""2023-08-10T23:37:02Z""}",RECONSTRUCTED_NON_OFFICIAL_SPLIT1_2026_RULES,RECONSTRUCTED_COMPLETE_UNDER_POLICY;RECONSTRUCTED_EXCLUDED_COMPONENTS;RECONSTRUCTED_PROXY_USED
oe:player:8a5dbe19794784cfd0553556844f045,oe:team:e758ebe9a5a2cc81b9c8078479c2d87,JGL,period:27c11f42e65c97b901b8,2024-01-20T20:15:01Z,true,protected_selection_2024,"{""bo_format_context"":null,""canonical_matchup_probability"":null,""playstyle_class_1_probability"":null,""playstyle_class_2_probability"":null,""playstyle_uncertainty"":null,""playstyle_unknown_probability"":null,""prior_above_role_median_rate"":0.5226006767920239,""prior_champion_observation_count"":150,""prior_core_state"":null,""prior_effective_evidence"":75.96416528165025,""prior_median_performance"":15.426,""prior_player_rating"":1509.5604430935516,""prior_q25_performance"":9.15,""prior_raw_observation_count"":150,""prior_residual_uncertainty"":0.10916199776250582,""prior_role_adjusted_kp"":0.0872363835219096,""prior_role_relative_rating"":0.0956044309355151,""prior_starter_reliability"":0.9407405319608563,""prior_team_state"":null,""prior_team_strength"":null,""schedule_opponent_context"":null}",,10.665,2026 - Split 1,lcs_fantasy_split1_2026_reconstructed_v1,"{""dataset"":""feature_provenance"",""max_source_timestamp"":""2023-08-20T23:14:37Z""}",RECONSTRUCTED_NON_OFFICIAL_SPLIT1_2026_RULES,RECONSTRUCTED_COMPLETE_UNDER_POLICY;RECONSTRUCTED_EXCLUDED_COMPONENTS;RECONSTRUCTED_PROXY_USED
oe:player:8f8eaac8e99c203ee76e57c5c81c91f,oe:team:4bd1751425ef6a9bc9d4d8e9385b4a6,MID,period:27c11f42e65c97b901b8,2024-01-20T20:15:01Z,true,protected_selection_2024,"{""bo_format_context"":null,""canonical_matchup_probability"":null,""playstyle_class_1_probability"":null,""playstyle_class_2_probability"":null,""playstyle_uncertainty"":null,""playstyle_unknown_probability"":null,""prior_above_role_median_rate"":0.4988959211906827,""prior_champion_observation_count"":20,""prior_core_state"":null,""prior_effective_evidence"":19.93718073688231,""prior_median_performance"":15.26,""prior_player_rating"":1506.9408191167984,""prior_q25_performance"":9.694,""prior_raw_observation_count"":20,""prior_residual_uncertainty"":0.20977650606645012,""prior_role_adjusted_kp"":0.32673775901130686,""prior_role_relative_rating"":0.0694081911679837,""prior_starter_reliability"":0.8528184369380191,""prior_team_state"":null,""prior_team_strength"":null,""schedule_opponent_context"":null}",,15.476500000000001,2026 - Split 1,lcs_fantasy_split1_2026_reconstructed_v1,"{""dataset"":""feature_provenance"",""max_source_timestamp"":""2023-08-04T23:59:53Z""}",RECONSTRUCTED_NON_OFFICIAL_SPLIT1_2026_RULES,RECONSTRUCTED_COMPLETE_UNDER_POLICY;RECONSTRUCTED_EXCLUDED_COMPONENTS;RECONSTRUCTED_PROXY_USED
oe:player:9191e392e93a6ef011ef76b5b83ee6c,oe:team:e758ebe9a5a2cc81b9c8078479c2d87,SUP,period:27c11f42e65c97b901b8,2024-01-20T20:15:01Z,true,protected_selection_2024,"{""bo_format_context"":null,""canonical_matchup_probability"":null,""playstyle_class_1_probability"":0.48260917421453264,""playstyle_class_2_probability"":0.28213165349692576,""playstyle_uncertainty"":0.3563135665273956,""playstyle_unknown_probability"":0.23525917228854168,""prior_above_role_median_rate"":0.5193341483392124,""prior_champion_observation_count"":257,""prior_core_state"":null,""prior_effective_evidence"":86.70028785934868,""prior_median_performance"":14.790099999999999,""prior_player_rating"":1505.460156467413,""prior_q25_performance"":9.3469,""prior_raw_observation_count"":257,""prior_residual_uncertainty"":0.1,""prior_role_adjusted_kp"":-0.19456174845320118,""prior_role_relative_rating"":0.05460156467413154,""prior_starter_reliability"":0.9413240520322211,""prior_team_state"":null,""prior_team_strength"":null,""schedule_opponent_context"":null}",,13.2518,2026 - Split 1,lcs_fantasy_split1_2026_reconstructed_v1,"{""dataset"":""feature_provenance"",""max_source_timestamp"":""2023-08-14T01:25:01Z""}",RECONSTRUCTED_NON_OFFICIAL_SPLIT1_2026_RULES,RECONSTRUCTED_COMPLETE_UNDER_POLICY;RECONSTRUCTED_EXCLUDED_COMPONENTS;RECONSTRUCTED_PROXY_USED
oe:player:91a74fa03f163055a19da5b16363fc8,oe:team:b360f1d729b0a8e0f29a5243c4200fa,BOT,period:27c11f42e65c97b901b8,2024-01-20T20:15:01Z,true,protected_selection_2024,"{""bo_format_context"":null,""canonical_matchup_probability"":null,""playstyle_class_1_probability"":null,""playstyle_class_2_probability"":null,""playstyle_uncertainty"":null,""playstyle_unknown_probability"":null,""prior_above_role_median_rate"":0.421858066820479,""prior_champion_observation_count"":163,""prior_core_state"":null,""prior_effective_evidence"":37.908748366202076,""prior_median_performance"":12.45,""prior_player_rating"":1489.5594464176252,""prior_q25_performance"":6.312,""prior_raw_observation_count"":163,""prior_residual_uncertainty"":0.1365298396783029,""prior_role_adjusted_kp"":0.10948329691526196,""prior_role_relative_rating"":-0.1044055358237494,""prior_starter_reliability"":0.9013330316330534,""prior_team_state"":null,""prior_team_strength"":null,""schedule_opponent_context"":null}",,9.3965,2026 - Split 1,lcs_fantasy_split1_2026_reconstructed_v1,"{""dataset"":""feature_provenance"",""max_source_timestamp"":""2023-08-04T01:14:20Z""}",RECONSTRUCTED_NON_OFFICIAL_SPLIT1_2026_RULES,RECONSTRUCTED_COMPLETE_UNDER_POLICY;RECONSTRUCTED_EXCLUDED_COMPONENTS;RECONSTRUCTED_PROXY_USED
oe:player:9ce0043331f3999cc2ee205ab7c2d73,oe:team:c334c629fea759876e9e04afbe4aee7,SUP,period:27c11f42e65c97b901b8,2024-01-20T20:15:01Z,true,protected_selection_2024,"{""bo_format_context"":null,""canonical_matchup_probability"":null,""playstyle_class_1_probability"":0.29987023175307326,""playstyle_class_2_probability"":0.28626009907779587,""playstyle_uncertainty"":0.4432047707494697,""playstyle_unknown_probability"":0.4138696691691309,""prior_above_role_median_rate"":0.40706389957354683,""prior_champion_observation_count"":43,""prior_core_state"":null,""prior_effective_evidence"":37.935529053508176,""prior_median_performance"":12.3128,""prior_player_rating"":1495.034213264397,""prior_q25_performance"":7.6113,""prior_raw_observation_count"":43,""prior_residual_uncertainty"":0.11806183311159944,""prior_role_adjusted_kp"":0.14208062248554743,""prior_role_relative_rating"":-0.04965786735602894,""prior_starter_reliability"":0.6987757655249139,""prior_team_state"":null,""prior_team_strength"":null,""schedule_opponent_context"":null}",,10.6878,2026 - Split 1,lcs_fantasy_split1_2026_reconstructed_v1,"{""dataset"":""feature_provenance"",""max_source_timestamp"":""2022-08-26T23:45:36Z""}",RECONSTRUCTED_NON_OFFICIAL_SPLIT1_2026_RULES,RECONSTRUCTED_COMPLETE_UNDER_POLICY;RECONSTRUCTED_EXCLUDED_COMPONENTS;RECONSTRUCTED_PROXY_USED
oe:player:a04a853a0f540f156d08711204fe252,oe:team:c334c629fea759876e9e04afbe4aee7,JGL,period:27c11f42e65c97b901b8,2024-01-20T20:15:01Z,true,protected_selection_2024,"{""bo_format_context"":null,""canonical_matchup_probability"":null,""playstyle_class_1_probability"":null,""playstyle_class_2_probability"":null,""playstyle_uncertainty"":null,""playstyle_unknown_probability"":null,""prior_above_role_median_rate"":0.5729506882695917,""prior_champion_observation_count"":56,""prior_core_state"":null,""prior_effective_evidence"":18.110035783240807,""prior_median_performance"":19.733,""prior_player_rating"":1517.8370976741892,""prior_q25_performance"":10.09,""prior_raw_observation_count"":56,""prior_residual_uncertainty"":0.23894442633610982,""prior_role_adjusted_kp"":0.468991292085721,""prior_role_relative_rating"":0.1783709767418927,""prior_starter_reliability"":0.8352225496430921,""prior_team_state"":null,""prior_team_strength"":null,""schedule_opponent_context"":null}",,8.6215,2026 - Split 1,lcs_fantasy_split1_2026_reconstructed_v1,"{""dataset"":""feature_provenance"",""max_source_timestamp"":""2023-08-05T22:08:31Z""}",RECONSTRUCTED_NON_OFFICIAL_SPLIT1_2026_RULES,RECONSTRUCTED_COMPLETE_UNDER_POLICY;RECONSTRUCTED_EXCLUDED_COMPONENTS;RECONSTRUCTED_PROXY_USED
oe:player:a7f0b16a54f4bd0dcb6fb7bb625b3cb,oe:team:b360f1d729b0a8e0f29a5243c4200fa,JGL,period:27c11f42e65c97b901b8,2024-01-20T20:15:01Z,true,protected_selection_2024,"{""bo_format_context"":null,""canonical_matchup_probability"":null,""playstyle_class_1_probability"":null,""playstyle_class_2_probability"":null,""playstyle_uncertainty"":null,""playstyle_unknown_probability"":null,""prior_above_role_median_rate"":0.3886645588871669,""prior_champion_observation_count"":46,""prior_core_state"":null,""prior_effective_evidence"":42.33026103357856,""prior_median_performance"":10.98,""prior_player_rating"":1497.7530986430074,""prior_q25_performance"":6.4399999999999995,""prior_raw_observation_count"":46,""prior_residual_uncertainty"":0.13793515062876502,""prior_role_adjusted_kp"":0.2648870268093642,""prior_role_relative_rating"":-0.02246901356992465,""prior_starter_reliability"":0.9088062394011782,""prior_team_state"":null,""prior_team_strength"":null,""schedule_opponent_context"":null}",,8.215,2026 - Split 1,lcs_fantasy_split1_2026_reconstructed_v1,"{""dataset"":""feature_provenance"",""max_source_timestamp"":""2023-08-04T01:14:20Z""}",RECONSTRUCTED_NON_OFFICIAL_SPLIT1_2026_RULES,RECONSTRUCTED_COMPLETE_UNDER_POLICY;RECONSTRUCTED_EXCLUDED_COMPONENTS;RECONSTRUCTED_PROXY_USED
oe:player:a8307167f3a1c933295bb9e3d43700e,oe:team:2e66da41dc460dd378e3bcc57042d31,JGL,period:27c11f42e65c97b901b8,2024-01-20T20:15:01Z,true,protected_selection_2024,"{""bo_format_context"":null,""canonical_matchup_probability"":null,""playstyle_class_1_probability"":null,""playstyle_class_2_probability"":null,""playstyle_uncertainty"":null,""playstyle_unknown_probability"":null,""prior_above_role_median_rate"":0.5927018361114251,""prior_champion_observation_count"":111,""prior_core_state"":null,""prior_effective_evidence"":67.33113483443115,""prior_median_performance"":18.11,""prior_player_rating"":1509.2488674973192,""prior_q25_performance"":9.65,""prior_raw_observation_count"":111,""prior_residual_uncertainty"":0.1,""prior_role_adjusted_kp"":-0.014766031502577166,""prior_role_relative_rating"":0.09248867497319135,""prior_starter_reliability"":0.8738020897868729,""prior_team_state"":null,""prior_team_strength"":null,""schedule_opponent_context"":null}",,19.685000000000002,2026 - Split 1,lcs_fantasy_split1_2026_reconstructed_v1,"{""dataset"":""feature_provenance"",""max_source_timestamp"":""2023-03-31T22:45:31Z""}",RECONSTRUCTED_NON_OFFICIAL_SPLIT1_2026_RULES,RECONSTRUCTED_COMPLETE_UNDER_POLICY;RECONSTRUCTED_EXCLUDED_COMPONENTS;RECONSTRUCTED_PROXY_USED
oe:player:c145139d26813639b8fe6f4d0b28228,oe:team:2e66da41dc460dd378e3bcc57042d31,BOT,period:27c11f42e65c97b901b8,2024-01-20T20:15:01Z,true,protected_selection_2024,"{""bo_format_context"":null,""canonical_matchup_probability"":null,""playstyle_class_1_probability"":null,""playstyle_class_2_probability"":null,""playstyle_uncertainty"":null,""playstyle_unknown_probability"":null,""prior_above_role_median_rate"":0.5,""prior_champion_observation_count"":0,""prior_core_state"":null,""prior_effective_evidence"":0.0,""prior_median_performance"":16.095,""prior_player_rating"":1500.0,""prior_q25_performance"":16.095,""prior_raw_observation_count"":0,""prior_residual_uncertainty"":1.6606601717798213,""prior_role_adjusted_kp"":0.0,""prior_role_relative_rating"":0.0,""prior_starter_reliability"":0.5,""prior_team_state"":null,""prior_team_strength"":null,""schedule_opponent_context"":null}",,17.619,2026 - Split 1,lcs_fantasy_split1_2026_reconstructed_v1,"{""dataset"":""feature_provenance"",""max_source_timestamp"":null}",RECONSTRUCTED_NON_OFFICIAL_SPLIT1_2026_RULES,RECONSTRUCTED_COMPLETE_UNDER_POLICY;RECONSTRUCTED_EXCLUDED_COMPONENTS;RECONSTRUCTED_PROXY_USED
oe:player:dbe844fcbbc7f54654e54242e79acac,oe:team:4bd1751425ef6a9bc9d4d8e9385b4a6,SUP,period:27c11f42e65c97b901b8,2024-01-20T20:15:01Z,true,protected_selection_2024,"{""bo_format_context"":null,""canonical_matchup_probability"":null,""playstyle_class_1_probability"":0.5293323046105006,""playstyle_class_2_probability"":0.2739115158942203,""playstyle_uncertainty"":0.28356839071196677,""playstyle_unknown_probability"":0.19675617949527907,""prior_above_role_median_rate"":0.47943784110825816,""prior_champion_observation_count"":63,""prior_core_state"":null,""prior_effective_evidence"":45.80561555718236,""prior_median_performance"":14.070899999999998,""prior_player_rating"":1504.3637596176955,""prior_q25_performance"":8.4507,""prior_raw_observation_count"":63,""prior_residual_uncertainty"":0.13129734817456065,""prior_role_adjusted_kp"":0.06684842218378685,""prior_role_relative_rating"":0.04363759617695559,""prior_starter_reliability"":0.9148188787136505,""prior_team_state"":null,""prior_team_strength"":null,""schedule_opponent_context"":null}",,12.259,2026 - Split 1,lcs_fantasy_split1_2026_reconstructed_v1,"{""dataset"":""feature_provenance"",""max_source_timestamp"":""2023-08-10T23:37:02Z""}",RECONSTRUCTED_NON_OFFICIAL_SPLIT1_2026_RULES,RECONSTRUCTED_COMPLETE_UNDER_POLICY;RECONSTRUCTED_EXCLUDED_COMPONENTS;RECONSTRUCTED_PROXY_USED
oe:player:dc760d6884ce21614b2389ac1c05ec2,oe:team:b360f1d729b0a8e0f29a5243c4200fa,TOP,period:27c11f42e65c97b901b8,2024-01-20T20:15:01Z,true,protected_selection_2024,"{""bo_format_context"":null,""canonical_matchup_probability"":null,""playstyle_class_1_probability"":0.19993678214884059,""playstyle_class_2_probability"":0.35948861495830375,""playstyle_uncertainty"":0.5504767237800611,""playstyle_unknown_probability"":0.44057460289285566,""prior_above_role_median_rate"":0.35817097636123857,""prior_champion_observation_count"":87,""prior_core_state"":null,""prior_effective_evidence"":57.212364365628765,""prior_median_performance"":10.75,""prior_player_rating"":1478.8665547125295,""prior_q25_performance"":7.18,""prior_raw_observation_count"":87,""prior_residual_uncertainty"":0.10249835342047127,""prior_role_adjusted_kp"":-0.3491910366110027,""prior_role_relative_rating"":-0.21133445287470587,""prior_starter_reliability"":0.6418697420421511,""prior_team_state"":null,""prior_team_strength"":null,""schedule_opponent_context"":null}",,2.215,2026 - Split 1,lcs_fantasy_split1_2026_reconstructed_v1,"{""dataset"":""feature_provenance"",""max_source_timestamp"":""2022-03-27T18:58:39Z""}",RECONSTRUCTED_NON_OFFICIAL_SPLIT1_2026_RULES,RECONSTRUCTED_COMPLETE_UNDER_POLICY;RECONSTRUCTED_EXCLUDED_COMPONENTS;RECONSTRUCTED_PROXY_USED
oe:player:ea9ed09584feecae0991089f087d2ce,oe:team:8eb884e168f28402ce685bedebb5250,MID,period:27c11f42e65c97b901b8,2024-01-20T20:15:01Z,true,protected_selection_2024,"{""bo_format_context"":null,""canonical_matchup_probability"":null,""playstyle_class_1_probability"":null,""playstyle_class_2_probability"":null,""playstyle_uncertainty"":null,""playstyle_unknown_probability"":null,""prior_above_role_median_rate"":0.4255260336058271,""prior_champion_observation_count"":30,""prior_core_state"":null,""prior_effective_evidence"":29.920576231272452,""prior_median_performance"":13.65,""prior_player_rating"":1489.0370930502515,""prior_q25_performance"":8.77,""prior_raw_observation_count"":30,""prior_residual_uncertainty"":0.14088236511927202,""prior_role_adjusted_kp"":-0.11141069060667383,""prior_role_relative_rating"":-0.10962906949748398,""prior_starter_reliability"":0.8978145335669592,""prior_team_state"":null,""prior_team_strength"":null,""schedule_opponent_context"":null}",,16.6385,2026 - Split 1,lcs_fantasy_split1_2026_reconstructed_v1,"{""dataset"":""feature_provenance"",""max_source_timestamp"":""2023-08-19T23:42:58Z""}",RECONSTRUCTED_NON_OFFICIAL_SPLIT1_2026_RULES,RECONSTRUCTED_COMPLETE_UNDER_POLICY;RECONSTRUCTED_EXCLUDED_COMPONENTS;RECONSTRUCTED_PROXY_USED
oe:player:ed455f823b6586e9e3621dfb5aeb42e,oe:team:fc8e90107dabb9a35c490b0d86adea0,JGL,period:27c11f42e65c97b901b8,2024-01-20T20:15:01Z,true,protected_selection_2024,"{""bo_format_context"":null,""canonical_matchup_probability"":null,""playstyle_class_1_probability"":null,""playstyle_class_2_probability"":null,""playstyle_uncertainty"":null,""playstyle_unknown_probability"":null,""prior_above_role_median_rate"":0.6849924417083758,""prior_champion_observation_count"":281,""prior_core_state"":null,""prior_effective_evidence"":80.77173082639531,""prior_median_performance"":19.703,""prior_player_rating"":1517.9771341896226,""prior_q25_performance"":12.525,""prior_raw_observation_count"":281,""prior_residual_uncertainty"":0.1,""prior_role_adjusted_kp"":-0.023019352485136677,""prior_role_relative_rating"":0.17977134189622543,""prior_starter_reliability"":0.9368339329517545,""prior_team_state"":null,""prior_team_strength"":null,""schedule_opponent_context"":null}",,31.424500000000002,2026 - Split 1,lcs_fantasy_split1_2026_reconstructed_v1,"{""dataset"":""feature_provenance"",""max_source_timestamp"":""2023-08-20T23:14:37Z""}",RECONSTRUCTED_NON_OFFICIAL_SPLIT1_2026_RULES,RECONSTRUCTED_COMPLETE_UNDER_POLICY;RECONSTRUCTED_EXCLUDED_COMPONENTS;RECONSTRUCTED_PROXY_USED
oe:player:ef97df9d746d0e65ed18786ab30031c,oe:team:b360f1d729b0a8e0f29a5243c4200fa,MID,period:27c11f42e65c97b901b8,2024-01-20T20:15:01Z,true,protected_selection_2024,"{""bo_format_context"":null,""canonical_matchup_probability"":null,""playstyle_class_1_probability"":null,""playstyle_class_2_probability"":null,""playstyle_uncertainty"":null,""playstyle_unknown_probability"":null,""prior_above_role_median_rate"":0.40071016801247505,""prior_champion_observation_count"":93,""prior_core_state"":null,""prior_effective_evidence"":27.186661352196975,""prior_median_performance"":13.4,""prior_player_rating"":1495.5529421319204,""prior_q25_performance"":5.13,""prior_raw_observation_count"":93,""prior_residual_uncertainty"":0.2130394319530213,""prior_role_adjusted_kp"":0.09422518413448783,""prior_role_relative_rating"":-0.04447057868079556,""prior_starter_reliability"":0.8796017333209724,""prior_team_state"":null,""prior_team_strength"":null,""schedule_opponent_context"":null}",,4.345,2026 - Split 1,lcs_fantasy_split1_2026_reconstructed_v1,"{""dataset"":""feature_provenance"",""max_source_timestamp"":""2023-08-04T01:14:20Z""}",RECONSTRUCTED_NON_OFFICIAL_SPLIT1_2026_RULES,RECONSTRUCTED_COMPLETE_UNDER_POLICY;RECONSTRUCTED_EXCLUDED_COMPONENTS;RECONSTRUCTED_PROXY_USED
oe:player:f02f1c8275084050765b4b6414bdfda,oe:team:fc8e90107dabb9a35c490b0d86adea0,TOP,period:27c11f42e65c97b901b8,2024-01-20T20:15:01Z,true,protected_selection_2024,"{""bo_format_context"":null,""canonical_matchup_probability"":null,""playstyle_class_1_probability"":0.2479511854864685,""playstyle_class_2_probability"":0.5050493091494331,""playstyle_uncertainty"":0.353407116898916,""playstyle_unknown_probability"":0.24699950536409843,""prior_above_role_median_rate"":0.6531771643367095,""prior_champion_observation_count"":224,""prior_core_state"":null,""prior_effective_evidence"":80.2409816351001,""prior_median_performance"":15.92,""prior_player_rating"":1524.131663636551,""prior_q25_performance"":11.11,""prior_raw_observation_count"":224,""prior_residual_uncertainty"":0.1,""prior_role_adjusted_kp"":0.16689439684221305,""prior_role_relative_rating"":0.24131663636550985,""prior_starter_reliability"":0.936651325882501,""prior_team_state"":null,""prior_team_strength"":null,""schedule_opponent_context"":null}",,11.898,2026 - Split 1,lcs_fantasy_split1_2026_reconstructed_v1,"{""dataset"":""feature_provenance"",""max_source_timestamp"":""2023-08-20T23:14:37Z""}",RECONSTRUCTED_NON_OFFICIAL_SPLIT1_2026_RULES,RECONSTRUCTED_COMPLETE_UNDER_POLICY;RECONSTRUCTED_EXCLUDED_COMPONENTS;RECONSTRUCTED_PROXY_USED
oe:player:f6b8af05a5af22004a67a78f3046b92,oe:team:8eb884e168f28402ce685bedebb5250,BOT,period:27c11f42e65c97b901b8,2024-01-20T20:15:01Z,true,protected_selection_2024,"{""bo_format_context"":null,""canonical_matchup_probability"":null,""playstyle_class_1_probability"":null,""playstyle_class_2_probability"":null,""playstyle_uncertainty"":null,""playstyle_unknown_probability"":null,""prior_above_role_median_rate"":0.5244554357429533,""prior_champion_observation_count"":60,""prior_core_state"":null,""prior_effective_evidence"":53.90218937895794,""prior_median_performance"":16.09,""prior_player_rating"":1494.9228098693434,""prior_q25_performance"":9.59,""prior_raw_observation_count"":60,""prior_residual_uncertainty"":0.10025119778936287,""prior_role_adjusted_kp"":-0.2102762680085084,""prior_role_relative_rating"":-0.05077190130656579,""prior_starter_reliability"":0.9300414414434405,""prior_team_state"":null,""prior_team_strength"":null,""schedule_opponent_context"":null}",,19.6985,2026 - Split 1,lcs_fantasy_split1_2026_reconstructed_v1,"{""dataset"":""feature_provenance"",""max_source_timestamp"":""2023-08-19T23:42:58Z""}",RECONSTRUCTED_NON_OFFICIAL_SPLIT1_2026_RULES,RECONSTRUCTED_COMPLETE_UNDER_POLICY;RECONSTRUCTED_EXCLUDED_COMPONENTS;RECONSTRUCTED_PROXY_USED
oe:player:fddde6d256bee26713f64ad9b2a9394,oe:team:e758ebe9a5a2cc81b9c8078479c2d87,MID,period:27c11f42e65c97b901b8,2024-01-20T20:15:01Z,true,protected_selection_2024,"{""bo_format_context"":null,""canonical_matchup_probability"":null,""playstyle_class_1_probability"":null,""playstyle_class_2_probability"":null,""playstyle_uncertainty"":null,""playstyle_unknown_probability"":null,""prior_above_role_median_rate"":0.5776901722713182,""prior_champion_observation_count"":163,""prior_core_state"":null,""prior_effective_evidence"":76.64073409800979,""prior_median_performance"":16.92,""prior_player_rating"":1516.5916196283094,""prior_q25_performance"":10.95,""prior_raw_observation_count"":163,""prior_residual_uncertainty"":0.1,""prior_role_adjusted_kp"":0.21317561777241276,""prior_role_relative_rating"":0.1659161962830935,""prior_starter_reliability"":0.9409733105265207,""prior_team_state"":null,""prior_team_strength"":null,""schedule_opponent_context"":null}",,12.833,2026 - Split 1,lcs_fantasy_split1_2026_reconstructed_v1,"{""dataset"":""feature_provenance"",""max_source_timestamp"":""2023-08-20T23:14:37Z""}",RECONSTRUCTED_NON_OFFICIAL_SPLIT1_2026_RULES,RECONSTRUCTED_COMPLETE_UNDER_POLICY;RECONSTRUCTED_EXCLUDED_COMPONENTS;RECONSTRUCTED_PROXY_USED
oe:player:007be3acd5669d100711b13d79e2336,oe:team:4bd1751425ef6a9bc9d4d8e9385b4a6,TOP,period:29c7eddc03e68fe96070,2024-07-27T20:09:19Z,true,protected_selection_2024,"{""bo_format_context"":null,""canonical_matchup_probability"":null,""playstyle_class_1_probability"":0.2337305599600051,""playstyle_class_2_probability"":0.5813502758768025,""playstyle_uncertainty"":0.25240923402058124,""playstyle_unknown_probability"":0.18491916416319237,""prior_above_role_median_rate"":0.460082839762481,""prior_champion_observation_count"":34,""prior_core_state"":null,""prior_effective_evidence"":31.432580878133916,""prior_median_performance"":9.706,""prior_player_rating"":1476.8146125107382,""prior_q25_performance"":3.21,""prior_raw_observation_count"":34,""prior_residual_uncertainty"":0.1691313456781108,""prior_role_adjusted_kp"":-0.4121111025527728,""prior_role_relative_rating"":-0.23185387489261672,""prior_starter_reliability"":0.9180043665010442,""prior_team_state"":null,""prior_team_strength"":null,""schedule_opponent_context"":null}",,7.487666666666667,2026 - Split 1,lcs_fantasy_split1_2026_reconstructed_v1,"{""dataset"":""feature_provenance"",""max_source_timestamp"":""2024-07-21T20:54:21Z""}",RECONSTRUCTED_NON_OFFICIAL_SPLIT1_2026_RULES,RECONSTRUCTED_COMPLETE_UNDER_POLICY;RECONSTRUCTED_EXCLUDED_COMPONENTS;RECONSTRUCTED_PROXY_USED
oe:player:05fafeaf23dc3285558a4e968970b9f,oe:team:8eb884e168f28402ce685bedebb5250,SUP,period:29c7eddc03e68fe96070,2024-07-27T20:09:19Z,true,protected_selection_2024,"{""bo_format_context"":null,""canonical_matchup_probability"":null,""playstyle_class_1_probability"":0.5094024879185295,""playstyle_class_2_probability"":0.2515662766844555,""playstyle_uncertainty"":0.3640183196735471,""playstyle_unknown_probability"":0.23903123539701504,""prior_above_role_median_rate"":0.6507537860631444,""prior_champion_observation_count"":306,""prior_core_state"":null,""prior_effective_evidence"":70.2586643781019,""prior_median_performance"":18.2848,""prior_player_rating"":1513.7023967864498,""prior_q25_performance"":12.5582,""prior_raw_observation_count"":306,""prior_residual_uncertainty"":0.1,""prior_role_adjusted_kp"":-0.287407715921641,""prior_role_relative_rating"":0.13702396786449647,""prior_starter_reliability"":0.9499484658490478,""prior_team_state"":null,""prior_team_strength"":null,""schedule_opponent_context"":null}",,24.6903,2026 - Split 1,lcs_fantasy_split1_2026_reconstructed_v1,"{""dataset"":""feature_provenance"",""max_source_timestamp"":""2024-07-20T21:46:03Z""}",RECONSTRUCTED_NON_OFFICIAL_SPLIT1_2026_RULES,RECONSTRUCTED_COMPLETE_UNDER_POLICY;RECONSTRUCTED_EXCLUDED_COMPONENTS;RECONSTRUCTED_PROXY_USED
oe:player:10fcffece0ac7be85f09c4b51a75762,oe:team:0dbb780176ecad18f17292d1f5653af,BOT,period:29c7eddc03e68fe96070,2024-07-27T20:09:19Z,true,protected_selection_2024,"{""bo_format_context"":null,""canonical_matchup_probability"":null,""playstyle_class_1_probability"":null,""playstyle_class_2_probability"":null,""playstyle_uncertainty"":null,""playstyle_unknown_probability"":null,""prior_above_role_median_rate"":0.6005397665511194,""prior_champion_observation_count"":252,""prior_core_state"":null,""prior_effective_evidence"":33.69938311321779,""prior_median_performance"":16.84,""prior_player_rating"":1509.364987484808,""prior_q25_performance"":8.73,""prior_raw_observation_count"":252,""prior_residual_uncertainty"":0.16281610946576838,""prior_role_adjusted_kp"":-0.040261244611633114,""prior_role_relative_rating"":0.09364987484808009,""prior_starter_reliability"":0.9072173009211936,""prior_team_state"":null,""prior_team_strength"":null,""schedule_opponent_context"":null}",,7.759,2026 - Split 1,lcs_fantasy_split1_2026_reconstructed_v1,"{""dataset"":""feature_provenance"",""max_source_timestamp"":""2024-07-20T21:46:03Z""}",RECONSTRUCTED_NON_OFFICIAL_SPLIT1_2026_RULES,RECONSTRUCTED_COMPLETE_UNDER_POLICY;RECONSTRUCTED_EXCLUDED_COMPONENTS;RECONSTRUCTED_PROXY_USED
oe:player:1970fcb701acce66e0771946bbb3105,oe:team:8eb884e168f28402ce685bedebb5250,JGL,period:29c7eddc03e68fe96070,2024-07-27T20:09:19Z,true,protected_selection_2024,"{""bo_format_context"":null,""canonical_matchup_probability"":null,""playstyle_class_1_probability"":null,""playstyle_class_2_probability"":null,""playstyle_uncertainty"":null,""playstyle_unknown_probability"":null,""prior_above_role_median_rate"":0.5788826680739476,""prior_champion_observation_count"":43,""prior_core_state"":null,""prior_effective_evidence"":40.001576785411544,""prior_median_performance"":17.002000000000002,""prior_player_rating"":1501.308446711887,""prior_q25_performance"":12.0,""prior_raw_observation_count"":43,""prior_residual_uncertainty"":0.11584043073532795,""prior_role_adjusted_kp"":-0.3383437191369383,""prior_role_relative_rating"":0.013084467118869672,""prior_starter_reliability"":0.9337986873412467,""prior_team_state"":null,""prior_team_strength"":null,""schedule_opponent_context"":null}",,26.2325,2026 - Split 1,lcs_fantasy_split1_2026_reconstructed_v1,"{""dataset"":""feature_provenance"",""max_source_timestamp"":""2024-07-20T21:46:03Z""}",RECONSTRUCTED_NON_OFFICIAL_SPLIT1_2026_RULES,RECONSTRUCTED_COMPLETE_UNDER_POLICY;RECONSTRUCTED_EXCLUDED_COMPONENTS;RECONSTRUCTED_PROXY_USED
oe:player:1efc4e5732e91520d03385900b903f9,oe:team:fc8e90107dabb9a35c490b0d86adea0,TOP,period:29c7eddc03e68fe96070,2024-07-27T20:09:19Z,true,protected_selection_2024,"{""bo_format_context"":null,""canonical_matchup_probability"":null,""playstyle_class_1_probability"":0.18570841692677412,""playstyle_class_2_probability"":0.4876328325157321,""playstyle_uncertainty"":0.3320473181439902,""playstyle_unknown_probability"":0.3266587505574938,""prior_above_role_median_rate"":0.7727432183581642,""prior_champion_observation_count"":9,""prior_core_state"":null,""prior_effective_evidence"":8.974838867102736,""prior_median_performance"":17.079,""prior_player_rating"":1522.5825780041462,""prior_q25_performance"":15.871,""prior_raw_observation_count"":9,""prior_residual_uncertainty"":0.29172212233205314,""prior_role_adjusted_kp"":-0.11363352653087107,""prior_role_relative_rating"":0.22582578004146098,""prior_starter_reliability"":0.8339504780495154,""prior_team_state"":null,""prior_team_strength"":null,""schedule_opponent_context"":null}",,15.186499999999999,2026 - Split 1,lcs_fantasy_split1_2026_reconstructed_v1,"{""dataset"":""feature_provenance"",""max_source_timestamp"":""2024-07-21T20:54:21Z""}",RECONSTRUCTED_NON_OFFICIAL_SPLIT1_2026_RULES,RECONSTRUCTED_COMPLETE_UNDER_POLICY;RECONSTRUCTED_EXCLUDED_COMPONENTS;RECONSTRUCTED_PROXY_USED
oe:player:21f59b54f62b5b8b4bc0f63f0f617fc,oe:team:8eb884e168f28402ce685bedebb5250,TOP,period:29c7eddc03e68fe96070,2024-07-27T20:09:19Z,true,protected_selection_2024,"{""bo_format_context"":null,""canonical_matchup_probability"":null,""playstyle_class_1_probability"":0.3556892630530766,""playstyle_class_2_probability"":0.46576083415717723,""playstyle_uncertainty"":0.34390847412224396,""playstyle_unknown_probability"":0.17854990278974617,""prior_above_role_median_rate"":0.5985382208673782,""prior_champion_observation_count"":296,""prior_core_state"":null,""prior_effective_evidence"":62.875497711841916,""prior_median_performance"":14.25,""prior_player_rating"":1512.616557409798,""prior_q25_performance"":8.343,""prior_raw_observation_count"":296,""prior_residual_uncertainty"":0.12402334354844935,""prior_role_adjusted_kp"":-0.054947843280992205,""prior_role_relative_rating"":0.12616557409797868,""prior_starter_reliability"":0.9466691940306448,""prior_team_state"":null,""prior_team_strength"":null,""schedule_opponent_context"":null}",,24.953,2026 - Split 1,lcs_fantasy_split1_2026_reconstructed_v1,"{""dataset"":""feature_provenance"",""max_source_timestamp"":""2024-07-20T21:46:03Z""}",RECONSTRUCTED_NON_OFFICIAL_SPLIT1_2026_RULES,RECONSTRUCTED_COMPLETE_UNDER_POLICY;RECONSTRUCTED_EXCLUDED_COMPONENTS;RECONSTRUCTED_PROXY_USED
oe:player:3e722c8ede909c83af9342c41805a16,oe:team:2e66da41dc460dd378e3bcc57042d31,SUP,period:29c7eddc03e68fe96070,2024-07-27T20:09:19Z,true,protected_selection_2024,"{""bo_format_context"":null,""canonical_matchup_probability"":null,""playstyle_class_1_probability"":0.41256088168988186,""playstyle_class_2_probability"":0.24407437124285594,""playstyle_uncertainty"":0.38884289051707865,""playstyle_unknown_probability"":0.3433647470672622,""prior_above_role_median_rate"":0.6375147779796153,""prior_champion_observation_count"":87,""prior_core_state"":null,""prior_effective_evidence"":50.83861853006196,""prior_median_performance"":20.7458,""prior_player_rating"":1513.0344921475314,""prior_q25_performance"":10.7799,""prior_raw_observation_count"":87,""prior_residual_uncertainty"":0.11696918832135578,""prior_role_adjusted_kp"":-0.04775683955021146,""prior_role_relative_rating"":0.1303449214753144,""prior_starter_reliability"":0.9378366487333833,""prior_team_state"":null,""prior_team_strength"":null,""schedule_opponent_context"":null}",,25.387266666666665,2026 - Split 1,lcs_fantasy_split1_2026_reconstructed_v1,"{""dataset"":""feature_provenance"",""max_source_timestamp"":""2024-07-20T23:21:38Z""}",RECONSTRUCTED_NON_OFFICIAL_SPLIT1_2026_RULES,RECONSTRUCTED_COMPLETE_UNDER_POLICY;RECONSTRUCTED_EXCLUDED_COMPONENTS;RECONSTRUCTED_PROXY_USED
oe:player:40704dfd2d966862568d29770de57bd,oe:team:0dbb780176ecad18f17292d1f5653af,SUP,period:29c7eddc03e68fe96070,2024-07-27T20:09:19Z,true,protected_selection_2024,"{""bo_format_context"":null,""canonical_matchup_probability"":null,""playstyle_class_1_probability"":0.5744558820262793,""playstyle_class_2_probability"":0.17634610984585475,""playstyle_uncertainty"":0.31892910428406307,""playstyle_unknown_probability"":0.2491980081278659,""prior_above_role_median_rate"":0.495114389627606,""prior_champion_observation_count"":44,""prior_core_state"":null,""prior_effective_evidence"":26.051517138613786,""prior_median_performance"":13.2857,""prior_player_rating"":1500.3045502028167,""prior_q25_performance"":9.1067,""prior_raw_observation_count"":44,""prior_residual_uncertainty"":0.15967012539609432,""prior_role_adjusted_kp"":0.04966149824859553,""prior_role_relative_rating"":0.0030455020281662413,""prior_starter_reliability"":0.9093266971759749,""prior_team_state"":null,""prior_team_strength"":null,""schedule_opponent_context"":null}",,10.89495,2026 - Split 1,lcs_fantasy_split1_2026_reconstructed_v1,"{""dataset"":""feature_provenance"",""max_source_timestamp"":""2024-07-20T21:46:03Z""}",RECONSTRUCTED_NON_OFFICIAL_SPLIT1_2026_RULES,RECONSTRUCTED_COMPLETE_UNDER_POLICY;RECONSTRUCTED_EXCLUDED_COMPONENTS;RECONSTRUCTED_PROXY_USED
oe:player:460ae5a7af8d68f7831b70307210ab3,oe:team:fc8e90107dabb9a35c490b0d86adea0,BOT,period:29c7eddc03e68fe96070,2024-07-27T20:09:19Z,true,protected_selection_2024,"{""bo_format_context"":null,""canonical_matchup_probability"":null,""playstyle_class_1_probability"":null,""playstyle_class_2_probability"":null,""playstyle_uncertainty"":null,""playstyle_unknown_probability"":null,""prior_above_role_median_rate"":0.5998602870899005,""prior_champion_observation_count"":150,""prior_core_state"":null,""prior_effective_evidence"":56.24389737392562,""prior_median_performance"":20.15,""prior_player_rating"":1515.2385959706976,""prior_q25_performance"":12.01,""prior_raw_observation_count"":150,""prior_residual_uncertainty"":0.1132741482010549,""prior_role_adjusted_kp"":0.10267501350695528,""prior_role_relative_rating"":0.15238595970697666,""prior_starter_reliability"":0.9379586126272359,""prior_team_state"":null,""prior_team_strength"":null,""schedule_opponent_context"":null}",,26.424,2026 - Split 1,lcs_fantasy_split1_2026_reconstructed_v1,"{""dataset"":""feature_provenance"",""max_source_timestamp"":""2024-07-21T20:54:21Z""}",RECONSTRUCTED_NON_OFFICIAL_SPLIT1_2026_RULES,RECONSTRUCTED_COMPLETE_UNDER_POLICY;RECONSTRUCTED_EXCLUDED_COMPONENTS;RECONSTRUCTED_PROXY_USED
oe:player:494fc60dffbb5da1caa2226baef0ec7,oe:team:b360f1d729b0a8e0f29a5243c4200fa,BOT,period:29c7eddc03e68fe96070,2024-07-27T20:09:19Z,true,protected_selection_2024,"{""bo_format_context"":null,""canonical_matchup_probability"":null,""playstyle_class_1_probability"":null,""playstyle_class_2_probability"":null,""playstyle_uncertainty"":null,""playstyle_unknown_probability"":null,""prior_above_role_median_rate"":0.45078759097028465,""prior_champion_observation_count"":20,""prior_core_state"":null,""prior_effective_evidence"":18.1581736878393,""prior_median_performance"":12.847,""prior_player_rating"":1495.190265006746,""prior_q25_performance"":7.470000000000001,""prior_raw_observation_count"":20,""prior_residual_uncertainty"":0.22064751012312508,""prior_role_adjusted_kp"":-0.014195220053441288,""prior_role_relative_rating"":-0.04809734993254066,""prior_starter_reliability"":0.8825210078270983,""prior_team_state"":null,""prior_team_strength"":null,""schedule_opponent_context"":null}",,21.435499999999998,2026 - Split 1,lcs_fantasy_split1_2026_reconstructed_v1,"{""dataset"":""feature_provenance"",""max_source_timestamp"":""2024-07-21T22:53:27Z""}",RECONSTRUCTED_NON_OFFICIAL_SPLIT1_2026_RULES,RECONSTRUCTED_COMPLETE_UNDER_POLICY;RECONSTRUCTED_EXCLUDED_COMPONENTS;RECONSTRUCTED_PROXY_USED
oe:player:4a18312b5b75f549d5551e5912ad6eb,oe:team:c334c629fea759876e9e04afbe4aee7,MID,period:29c7eddc03e68fe96070,2024-07-27T20:09:19Z,true,protected_selection_2024,"{""bo_format_context"":null,""canonical_matchup_probability"":null,""playstyle_class_1_probability"":null,""playstyle_class_2_probability"":null,""playstyle_uncertainty"":null,""playstyle_unknown_probability"":null,""prior_above_role_median_rate"":0.36173659822216375,""prior_champion_observation_count"":22,""prior_core_state"":null,""prior_effective_evidence"":19.880613774068284,""prior_median_performance"":13.48,""prior_player_rating"":1491.952585287764,""prior_q25_performance"":8.829999999999998,""prior_raw_observation_count"":22,""prior_residual_uncertainty"":0.17485217018541868,""prior_role_adjusted_kp"":-0.010628907428802563,""prior_role_relative_rating"":-0.08047414712236146,""prior_starter_reliability"":0.8881016111603943,""prior_team_state"":null,""prior_team_strength"":null,""schedule_opponent_context"":null}",,9.249,2026 - Split 1,lcs_fantasy_split1_2026_reconstructed_v1,"{""dataset"":""feature_provenance"",""max_source_timestamp"":""2024-07-20T23:21:38Z""}",RECONSTRUCTED_NON_OFFICIAL_SPLIT1_2026_RULES,RECONSTRUCTED_COMPLETE_UNDER_POLICY;RECONSTRUCTED_EXCLUDED_COMPONENTS;RECONSTRUCTED_PROXY_USED
oe:player:4db47d64e2721bf7a93ebf42e488852,oe:team:4bd1751425ef6a9bc9d4d8e9385b4a6,BOT,period:29c7eddc03e68fe96070,2024-07-27T20:09:19Z,true,protected_selection_2024,"{""bo_format_context"":null,""canonical_matchup_probability"":null,""playstyle_class_1_probability"":null,""playstyle_class_2_probability"":null,""playstyle_uncertainty"":null,""playstyle_unknown_probability"":null,""prior_above_role_median_rate"":0.380711009601109,""prior_champion_observation_count"":34,""prior_core_state"":null,""prior_effective_evidence"":31.432580878133916,""prior_median_performance"":12.22,""prior_player_rating"":1477.8438237647517,""prior_q25_performance"":4.05,""prior_raw_observation_count"":34,""prior_residual_uncertainty"":0.15816635599934012,""prior_role_adjusted_kp"":-0.28387330560358176,""prior_role_relative_rating"":-0.22156176235248215,""prior_starter_reliability"":0.9180043665010442,""prior_team_state"":null,""prior_team_strength"":null,""schedule_opponent_context"":null}",,7.503666666666668,2026 - Split 1,lcs_fantasy_split1_2026_reconstructed_v1,"{""dataset"":""feature_provenance"",""max_source_timestamp"":""2024-07-21T20:54:21Z""}",RECONSTRUCTED_NON_OFFICIAL_SPLIT1_2026_RULES,RECONSTRUCTED_COMPLETE_UNDER_POLICY;RECONSTRUCTED_EXCLUDED_COMPONENTS;RECONSTRUCTED_PROXY_USED
oe:player:4e0619e57cb50c4ab1230c2dd72df1b,oe:team:c334c629fea759876e9e04afbe4aee7,BOT,period:29c7eddc03e68fe96070,2024-07-27T20:09:19Z,true,protected_selection_2024,"{""bo_format_context"":null,""canonical_matchup_probability"":null,""playstyle_class_1_probability"":null,""playstyle_class_2_probability"":null,""playstyle_uncertainty"":null,""playstyle_unknown_probability"":null,""prior_above_role_median_rate"":0.3058670063846262,""prior_champion_observation_count"":217,""prior_core_state"":null,""prior_effective_evidence"":35.26212194096229,""prior_median_performance"":12.83,""prior_player_rating"":1493.749016288957,""prior_q25_performance"":7.21,""prior_raw_observation_count"":217,""prior_residual_uncertainty"":0.15339705436167292,""prior_role_adjusted_kp"":0.19325603148772702,""prior_role_relative_rating"":-0.06250983711043163,""prior_starter_reliability"":0.912997858302159,""prior_team_state"":null,""prior_team_strength"":null,""schedule_opponent_context"":null}",,4.595,2026 - Split 1,lcs_fantasy_split1_2026_reconstructed_v1,"{""dataset"":""feature_provenance"",""max_source_timestamp"":""2024-07-20T23:21:38Z""}",RECONSTRUCTED_NON_OFFICIAL_SPLIT1_2026_RULES,RECONSTRUCTED_COMPLETE_UNDER_POLICY;RECONSTRUCTED_EXCLUDED_COMPONENTS;RECONSTRUCTED_PROXY_USED
oe:player:5385f74da3e5deb5b66d9a1ee56cf97,oe:team:e758ebe9a5a2cc81b9c8078479c2d87,TOP,period:29c7eddc03e68fe96070,2024-07-27T20:09:19Z,true,protected_selection_2024,"{""bo_format_context"":null,""canonical_matchup_probability"":null,""playstyle_class_1_probability"":0.37109251188034914,""playstyle_class_2_probability"":0.4232043426683516,""playstyle_uncertainty"":0.33247634019927225,""playstyle_unknown_probability"":0.2057031454512993,""prior_above_role_median_rate"":0.47239523248997534,""prior_champion_observation_count"":127,""prior_core_state"":null,""prior_effective_evidence"":55.61407406101101,""prior_median_performance"":11.224,""prior_player_rating"":1486.735262115294,""prior_q25_performance"":5.05,""prior_raw_observation_count"":127,""prior_residual_uncertainty"":0.11998948966374975,""prior_role_adjusted_kp"":-0.14261613037825902,""prior_role_relative_rating"":-0.13264737884705974,""prior_starter_reliability"":0.9361920758027608,""prior_team_state"":null,""prior_team_strength"":null,""schedule_opponent_context"":null}",,9.825,2026 - Split 1,lcs_fantasy_split1_2026_reconstructed_v1,"{""dataset"":""feature_provenance"",""max_source_timestamp"":""2024-07-21T22:53:27Z""}",RECONSTRUCTED_NON_OFFICIAL_SPLIT1_2026_RULES,RECONSTRUCTED_COMPLETE_UNDER_POLICY;RECONSTRUCTED_EXCLUDED_COMPONENTS;RECONSTRUCTED_PROXY_USED
oe:player:6841f2d68619d53bdd1cdbf30b5be2c,oe:team:b360f1d729b0a8e0f29a5243c4200fa,SUP,period:29c7eddc03e68fe96070,2024-07-27T20:09:19Z,true,protected_selection_2024,"{""bo_format_context"":null,""canonical_matchup_probability"":null,""playstyle_class_1_probability"":0.5915883520381761,""playstyle_class_2_probability"":0.18410469761194087,""playstyle_uncertainty"":0.3403478378750879,""playstyle_unknown_probability"":0.2243069503498831,""prior_above_role_median_rate"":0.34525809205558633,""prior_champion_observation_count"":82,""prior_core_state"":null,""prior_effective_evidence"":19.949622710981085,""prior_median_performance"":12.9646,""prior_player_rating"":1485.8073883564077,""prior_q25_performance"":5.1129,""prior_raw_observation_count"":82,""prior_residual_uncertainty"":0.19378528484197985,""prior_role_adjusted_kp"":0.027388554048162834,""prior_role_relative_rating"":-0.14192611643592334,""prior_starter_reliability"":0.888431555940974,""prior_team_state"":null,""prior_team_strength"":null,""schedule_opponent_context"":null}",,15.457349999999998,2026 - Split 1,lcs_fantasy_split1_2026_reconstructed_v1,"{""dataset"":""feature_provenance"",""max_source_timestamp"":""2024-07-21T22:53:27Z""}",RECONSTRUCTED_NON_OFFICIAL_SPLIT1_2026_RULES,RECONSTRUCTED_COMPLETE_UNDER_POLICY;RECONSTRUCTED_EXCLUDED_COMPONENTS;RECONSTRUCTED_PROXY_USED
oe:player:73d2b65353d7b00e0f198ffdc085edc,oe:team:e758ebe9a5a2cc81b9c8078479c2d87,BOT,period:29c7eddc03e68fe96070,2024-07-27T20:09:19Z,true,protected_selection_2024,"{""bo_format_context"":null,""canonical_matchup_probability"":null,""playstyle_class_1_probability"":null,""playstyle_class_2_probability"":null,""playstyle_uncertainty"":null,""playstyle_unknown_probability"":null,""prior_above_role_median_rate"":0.5034889619456306,""prior_champion_observation_count"":295,""prior_core_state"":null,""prior_effective_evidence"":58.624430698291924,""prior_median_performance"":15.76,""prior_player_rating"":1498.9623096597848,""prior_q25_performance"":6.5,""prior_raw_observation_count"":295,""prior_residual_uncertainty"":0.1274827880774407,""prior_role_adjusted_kp"":0.11747891799374599,""prior_role_relative_rating"":-0.010376903402151524,""prior_starter_reliability"":0.937651566702642,""prior_team_state"":null,""prior_team_strength"":null,""schedule_opponent_context"":null}",,12.5945,2026 - Split 1,lcs_fantasy_split1_2026_reconstructed_v1,"{""dataset"":""feature_provenance"",""max_source_timestamp"":""2024-07-21T22:53:27Z""}",RECONSTRUCTED_NON_OFFICIAL_SPLIT1_2026_RULES,RECONSTRUCTED_COMPLETE_UNDER_POLICY;RECONSTRUCTED_EXCLUDED_COMPONENTS;RECONSTRUCTED_PROXY_USED
oe:player:7c3395efccd48fe73592001501bef83,oe:team:4bd1751425ef6a9bc9d4d8e9385b4a6,JGL,period:29c7eddc03e68fe96070,2024-07-27T20:09:19Z,true,protected_selection_2024,"{""bo_format_context"":null,""canonical_matchup_probability"":null,""playstyle_class_1_probability"":null,""playstyle_class_2_probability"":null,""playstyle_uncertainty"":null,""playstyle_unknown_probability"":null,""prior_above_role_median_rate"":0.48468441326543976,""prior_champion_observation_count"":149,""prior_core_state"":null,""prior_effective_evidence"":60.265882821380686,""prior_median_performance"":14.677000000000001,""prior_player_rating"":1489.9571215301512,""prior_q25_performance"":5.85,""prior_raw_observation_count"":149,""prior_residual_uncertainty"":0.11116659346121724,""prior_role_adjusted_kp"":-0.24462308144808534,""prior_role_relative_rating"":-0.10042878469848868,""prior_starter_reliability"":0.9400826525645541,""prior_team_state"":null,""prior_team_strength"":null,""schedule_opponent_context"":null}",,9.597,2026 - Split 1,lcs_fantasy_split1_2026_reconstructed_v1,"{""dataset"":""feature_provenance"",""max_source_timestamp"":""2024-07-21T20:54:21Z""}",RECONSTRUCTED_NON_OFFICIAL_SPLIT1_2026_RULES,RECONSTRUCTED_COMPLETE_UNDER_POLICY;RECONSTRUCTED_EXCLUDED_COMPONENTS;RECONSTRUCTED_PROXY_USED
oe:player:7e0e7ac2a199e8e2ecb30499a3b2153,oe:team:0dbb780176ecad18f17292d1f5653af,MID,period:29c7eddc03e68fe96070,2024-07-27T20:09:19Z,true,protected_selection_2024,"{""bo_format_context"":null,""canonical_matchup_probability"":null,""playstyle_class_1_probability"":null,""playstyle_class_2_probability"":null,""playstyle_uncertainty"":null,""playstyle_unknown_probability"":null,""prior_above_role_median_rate"":0.5664220770883267,""prior_champion_observation_count"":257,""prior_core_state"":null,""prior_effective_evidence"":54.33880278392076,""prior_median_performance"":17.12,""prior_player_rating"":1501.3506061538178,""prior_q25_performance"":8.218,""prior_raw_observation_count"":257,""prior_residual_uncertainty"":0.1426214314293725,""prior_role_adjusted_kp"":-0.12527827492668908,""prior_role_relative_rating"":0.013506061538178047,""prior_starter_reliability"":0.9400187675168391,""prior_team_state"":null,""prior_team_strength"":null,""schedule_opponent_context"":null}",,9.49,2026 - Split 1,lcs_fantasy_split1_2026_reconstructed_v1,"{""dataset"":""feature_provenance"",""max_source_timestamp"":""2024-07-20T21:46:03Z""}",RECONSTRUCTED_NON_OFFICIAL_SPLIT1_2026_RULES,RECONSTRUCTED_COMPLETE_UNDER_POLICY;RECONSTRUCTED_EXCLUDED_COMPONENTS;RECONSTRUCTED_PROXY_USED
oe:player:7e2505960c12cc54c96a0a6efb2e055,oe:team:2e66da41dc460dd378e3bcc57042d31,TOP,period:29c7eddc03e68fe96070,2024-07-27T20:09:19Z,true,protected_selection_2024,"{""bo_format_context"":null,""canonical_matchup_probability"":null,""playstyle_class_1_probability"":0.18381696118849242,""playstyle_class_2_probability"":0.5178977884136676,""playstyle_uncertainty"":0.37809929097817774,""playstyle_unknown_probability"":0.29828525039783993,""prior_above_role_median_rate"":0.5864828766994437,""prior_champion_observation_count"":116,""prior_core_state"":null,""prior_effective_evidence"":38.27216329751105,""prior_median_performance"":15.21,""prior_player_rating"":1514.3794936758966,""prior_q25_performance"":9.772000000000002,""prior_raw_observation_count"":116,""prior_residual_uncertainty"":0.13787186144425362,""prior_role_adjusted_kp"":0.13282808799802645,""prior_role_relative_rating"":0.1437949367589668,""prior_starter_reliability"":0.9282609813677505,""prior_team_state"":null,""prior_team_strength"":null,""schedule_opponent_context"":null}",,11.664333333333333,2026 - Split 1,lcs_fantasy_split1_2026_reconstructed_v1,"{""dataset"":""feature_provenance"",""max_source_timestamp"":""2024-07-20T23:21:38Z""}",RECONSTRUCTED_NON_OFFICIAL_SPLIT1_2026_RULES,RECONSTRUCTED_COMPLETE_UNDER_POLICY;RECONSTRUCTED_EXCLUDED_COMPONENTS;RECONSTRUCTED_PROXY_USED
oe:player:80fea0848c57b8e07a79675d41f582c,oe:team:c334c629fea759876e9e04afbe4aee7,TOP,period:29c7eddc03e68fe96070,2024-07-27T20:09:19Z,true,protected_selection_2024,"{""bo_format_context"":null,""canonical_matchup_probability"":null,""playstyle_class_1_probability"":0.21486855367045204,""playstyle_class_2_probability"":0.4326098611986529,""playstyle_uncertainty"":0.3410270614737232,""playstyle_unknown_probability"":0.352521585130895,""prior_above_role_median_rate"":0.39584793063990237,""prior_champion_observation_count"":22,""prior_core_state"":null,""prior_effective_evidence"":19.880613774068284,""prior_median_performance"":7.390000000000001,""prior_player_rating"":1489.2029397001047,""prior_q25_performance"":4.818,""prior_raw_observation_count"":22,""prior_residual_uncertainty"":0.19198610070793862,""prior_role_adjusted_kp"":0.1728884731251587,""prior_role_relative_rating"":-0.10797060299895349,""prior_starter_reliability"":0.8881016111603943,""prior_team_state"":null,""prior_team_strength"":null,""schedule_opponent_context"":null}",,7.01,2026 - Split 1,lcs_fantasy_split1_2026_reconstructed_v1,"{""dataset"":""feature_provenance"",""max_source_timestamp"":""2024-07-20T23:21:38Z""}",RECONSTRUCTED_NON_OFFICIAL_SPLIT1_2026_RULES,RECONSTRUCTED_COMPLETE_UNDER_POLICY;RECONSTRUCTED_EXCLUDED_COMPONENTS;RECONSTRUCTED_PROXY_USED
oe:player:81acc6bcde5c927c78e0990e9887f84,oe:team:fc8e90107dabb9a35c490b0d86adea0,SUP,period:29c7eddc03e68fe96070,2024-07-27T20:09:19Z,true,protected_selection_2024,"{""bo_format_context"":null,""canonical_matchup_probability"":null,""playstyle_class_1_probability"":0.48778940936965615,""playstyle_class_2_probability"":0.2862890880323475,""playstyle_uncertainty"":0.3685610814558665,""playstyle_unknown_probability"":0.22592150259799637,""prior_above_role_median_rate"":0.5834454324296408,""prior_champion_observation_count"":311,""prior_core_state"":null,""prior_effective_evidence"":51.203195194235114,""prior_median_performance"":17.647299999999998,""prior_player_rating"":1508.3354833271644,""prior_q25_performance"":10.326899999999998,""prior_raw_observation_count"":311,""prior_residual_uncertainty"":0.1205898358209612,""prior_role_adjusted_kp"":-0.09014751194667942,""prior_role_relative_rating"":0.08335483327164503,""prior_starter_reliability"":0.9346073980698942,""prior_team_state"":null,""prior_team_strength"":null,""schedule_opponent_context"":null}",,22.1496,2026 - Split 1,lcs_fantasy_split1_2026_reconstructed_v1,"{""dataset"":""feature_provenance"",""max_source_timestamp"":""2024-07-21T20:54:21Z""}",RECONSTRUCTED_NON_OFFICIAL_SPLIT1_2026_RULES,RECONSTRUCTED_COMPLETE_UNDER_POLICY;RECONSTRUCTED_EXCLUDED_COMPONENTS;RECONSTRUCTED_PROXY_USED
oe:player:83eb62484689106807fcf5ad55b5479,oe:team:fc8e90107dabb9a35c490b0d86adea0,MID,period:29c7eddc03e68fe96070,2024-07-27T20:09:19Z,true,protected_selection_2024,"{""bo_format_context"":null,""canonical_matchup_probability"":null,""playstyle_class_1_probability"":null,""playstyle_class_2_probability"":null,""playstyle_uncertainty"":null,""playstyle_unknown_probability"":null,""prior_above_role_median_rate"":0.5639283111126384,""prior_champion_observation_count"":172,""prior_core_state"":null,""prior_effective_evidence"":56.32935633482045,""prior_median_performance"":17.2,""prior_player_rating"":1506.979870081629,""prior_q25_performance"":11.9,""prior_raw_observation_count"":172,""prior_residual_uncertainty"":0.11479096692347329,""prior_role_adjusted_kp"":0.09417635572691647,""prior_role_relative_rating"":0.06979870081629082,""prior_starter_reliability"":0.9379289978225501,""prior_team_state"":null,""prior_team_strength"":null,""schedule_opponent_context"":null}",,12.414000000000001,2026 - Split 1,lcs_fantasy_split1_2026_reconstructed_v1,"{""dataset"":""feature_provenance"",""max_source_timestamp"":""2024-07-21T20:54:21Z""}",RECONSTRUCTED_NON_OFFICIAL_SPLIT1_2026_RULES,RECONSTRUCTED_COMPLETE_UNDER_POLICY;RECONSTRUCTED_EXCLUDED_COMPONENTS;RECONSTRUCTED_PROXY_USED
oe:player:8a5dbe19794784cfd0553556844f045,oe:team:e758ebe9a5a2cc81b9c8078479c2d87,JGL,period:29c7eddc03e68fe96070,2024-07-27T20:09:19Z,true,protected_selection_2024,"{""bo_format_context"":null,""canonical_matchup_probability"":null,""playstyle_class_1_probability"":null,""playstyle_class_2_probability"":null,""playstyle_uncertainty"":null,""playstyle_unknown_probability"":null,""prior_above_role_median_rate"":0.5258130920269042,""prior_champion_observation_count"":179,""prior_core_state"":null,""prior_effective_evidence"":57.00540859295616,""prior_median_performance"":15.32,""prior_player_rating"":1508.9275291865108,""prior_q25_performance"":9.34,""prior_raw_observation_count"":179,""prior_residual_uncertainty"":0.12272161667715699,""prior_role_adjusted_kp"":0.19576801525148968,""prior_role_relative_rating"":0.08927529186510905,""prior_starter_reliability"":0.9368839504741406,""prior_team_state"":null,""prior_team_strength"":null,""schedule_opponent_context"":null}",,7.155,2026 - Split 1,lcs_fantasy_split1_2026_reconstructed_v1,"{""dataset"":""feature_provenance"",""max_source_timestamp"":""2024-07-21T22:53:27Z""}",RECONSTRUCTED_NON_OFFICIAL_SPLIT1_2026_RULES,RECONSTRUCTED_COMPLETE_UNDER_POLICY;RECONSTRUCTED_EXCLUDED_COMPONENTS;RECONSTRUCTED_PROXY_USED
oe:player:8f8eaac8e99c203ee76e57c5c81c91f,oe:team:4bd1751425ef6a9bc9d4d8e9385b4a6,MID,period:29c7eddc03e68fe96070,2024-07-27T20:09:19Z,true,protected_selection_2024,"{""bo_format_context"":null,""canonical_matchup_probability"":null,""playstyle_class_1_probability"":null,""playstyle_class_2_probability"":null,""playstyle_uncertainty"":null,""playstyle_unknown_probability"":null,""prior_above_role_median_rate"":0.4990923792345687,""prior_champion_observation_count"":54,""prior_core_state"":null,""prior_effective_evidence"":40.31469885329181,""prior_median_performance"":15.9,""prior_player_rating"":1514.7166187852265,""prior_q25_performance"":11.343,""prior_raw_observation_count"":54,""prior_residual_uncertainty"":0.16129318688046082,""prior_role_adjusted_kp"":0.134223818301723,""prior_role_relative_rating"":0.14716618785226565,""prior_starter_reliability"":0.9273190494650863,""prior_team_state"":null,""prior_team_strength"":null,""schedule_opponent_context"":null}",,7.576666666666667,2026 - Split 1,lcs_fantasy_split1_2026_reconstructed_v1,"{""dataset"":""feature_provenance"",""max_source_timestamp"":""2024-07-21T20:54:21Z""}",RECONSTRUCTED_NON_OFFICIAL_SPLIT1_2026_RULES,RECONSTRUCTED_COMPLETE_UNDER_POLICY;RECONSTRUCTED_EXCLUDED_COMPONENTS;RECONSTRUCTED_PROXY_USED
oe:player:9191e392e93a6ef011ef76b5b83ee6c,oe:team:e758ebe9a5a2cc81b9c8078479c2d87,SUP,period:29c7eddc03e68fe96070,2024-07-27T20:09:19Z,true,protected_selection_2024,"{""bo_format_context"":null,""canonical_matchup_probability"":null,""playstyle_class_1_probability"":0.4962928198910278,""playstyle_class_2_probability"":0.18506190028613662,""playstyle_uncertainty"":0.40369962679604304,""playstyle_unknown_probability"":0.31864527982283564,""prior_above_role_median_rate"":0.46909722898388767,""prior_champion_observation_count"":286,""prior_core_state"":null,""prior_effective_evidence"":58.012130593644926,""prior_median_performance"":14.1606,""prior_player_rating"":1500.6737363115944,""prior_q25_performance"":9.1354,""prior_raw_observation_count"":286,""prior_residual_uncertainty"":0.11286681788471954,""prior_role_adjusted_kp"":-0.06598104328298178,""prior_role_relative_rating"":0.00673736311594538,""prior_starter_reliability"":0.9371011452520814,""prior_team_state"":null,""prior_team_strength"":null,""schedule_opponent_context"":null}",,16.21265,2026 - Split 1,lcs_fantasy_split1_2026_reconstructed_v1,"{""dataset"":""feature_provenance"",""max_source_timestamp"":""2024-07-21T22:53:27Z""}",RECONSTRUCTED_NON_OFFICIAL_SPLIT1_2026_RULES,RECONSTRUCTED_COMPLETE_UNDER_POLICY;RECONSTRUCTED_EXCLUDED_COMPONENTS;RECONSTRUCTED_PROXY_USED
oe:player:9ce0043331f3999cc2ee205ab7c2d73,oe:team:c334c629fea759876e9e04afbe4aee7,SUP,period:29c7eddc03e68fe96070,2024-07-27T20:09:19Z,true,protected_selection_2024,"{""bo_format_context"":null,""canonical_matchup_probability"":null,""playstyle_class_1_probability"":0.5292597684715579,""playstyle_class_2_probability"":0.15561376946139732,""playstyle_uncertainty"":0.38033026802640957,""playstyle_unknown_probability"":0.31512646206704487,""prior_above_role_median_rate"":0.24031170787287431,""prior_champion_observation_count"":65,""prior_core_state"":null,""prior_effective_evidence"":22.378251052570587,""prior_median_performance"":10.6857,""prior_player_rating"":1479.4748058077284,""prior_q25_performance"":7.618600000000001,""prior_raw_observation_count"":65,""prior_residual_uncertainty"":0.15436768404740822,""prior_role_adjusted_kp"":-0.0887289611752291,""prior_role_relative_rating"":-0.20525194192271592,""prior_starter_reliability"":0.8932415563242702,""prior_team_state"":null,""prior_team_strength"":null,""schedule_opponent_context"":null}",,3.9605000000000006,2026 - Split 1,lcs_fantasy_split1_2026_reconstructed_v1,"{""dataset"":""feature_provenance"",""max_source_timestamp"":""2024-07-20T23:21:38Z""}",RECONSTRUCTED_NON_OFFICIAL_SPLIT1_2026_RULES,RECONSTRUCTED_COMPLETE_UNDER_POLICY;RECONSTRUCTED_EXCLUDED_COMPONENTS;RECONSTRUCTED_PROXY_USED
oe:player:a04a853a0f540f156d08711204fe252,oe:team:c334c629fea759876e9e04afbe4aee7,JGL,period:29c7eddc03e68fe96070,2024-07-27T20:09:19Z,true,protected_selection_2024,"{""bo_format_context"":null,""canonical_matchup_probability"":null,""playstyle_class_1_probability"":null,""playstyle_class_2_probability"":null,""playstyle_uncertainty"":null,""playstyle_unknown_probability"":null,""prior_above_role_median_rate"":0.3422158560624173,""prior_champion_observation_count"":78,""prior_core_state"":null,""prior_effective_evidence"":27.122158500046833,""prior_median_performance"":11.17,""prior_player_rating"":1483.7493995397726,""prior_q25_performance"":3.5600000000000005,""prior_raw_observation_count"":78,""prior_residual_uncertainty"":0.16811275851762297,""prior_role_adjusted_kp"":0.010762130583098868,""prior_role_relative_rating"":-0.16250600460227305,""prior_starter_reliability"":0.9025639299861974,""prior_team_state"":null,""prior_team_strength"":null,""schedule_opponent_context"":null}",,4.015,2026 - Split 1,lcs_fantasy_split1_2026_reconstructed_v1,"{""dataset"":""feature_provenance"",""max_source_timestamp"":""2024-07-20T23:21:38Z""}",RECONSTRUCTED_NON_OFFICIAL_SPLIT1_2026_RULES,RECONSTRUCTED_COMPLETE_UNDER_POLICY;RECONSTRUCTED_EXCLUDED_COMPONENTS;RECONSTRUCTED_PROXY_USED
oe:player:a7f0b16a54f4bd0dcb6fb7bb625b3cb,oe:team:b360f1d729b0a8e0f29a5243c4200fa,JGL,period:29c7eddc03e68fe96070,2024-07-27T20:09:19Z,true,protected_selection_2024,"{""bo_format_context"":null,""canonical_matchup_probability"":null,""playstyle_class_1_probability"":null,""playstyle_class_2_probability"":null,""playstyle_uncertainty"":null,""playstyle_unknown_probability"":null,""prior_above_role_median_rate"":0.49037036033590764,""prior_champion_observation_count"":62,""prior_core_state"":null,""prior_effective_evidence"":35.40716568039295,""prior_median_performance"":14.168,""prior_player_rating"":1500.4866976989238,""prior_q25_performance"":7.25,""prior_raw_observation_count"":62,""prior_residual_uncertainty"":0.1467336576686433,""prior_role_adjusted_kp"":0.021989637200416266,""prior_role_relative_rating"":0.0048669769892375325,""prior_starter_reliability"":0.8918255244886524,""prior_team_state"":null,""prior_team_strength"":null,""schedule_opponent_context"":null}",,26.0985,2026 - Split 1,lcs_fantasy_split1_2026_reconstructed_v1,"{""dataset"":""feature_provenance"",""max_source_timestamp"":""2024-07-21T22:53:27Z""}",RECONSTRUCTED_NON_OFFICIAL_SPLIT1_2026_RULES,RECONSTRUCTED_COMPLETE_UNDER_POLICY;RECONSTRUCTED_EXCLUDED_COMPONENTS;RECONSTRUCTED_PROXY_USED
oe:player:a8307167f3a1c933295bb9e3d43700e,oe:team:2e66da41dc460dd378e3bcc57042d31,JGL,period:29c7eddc03e68fe96070,2024-07-27T20:09:19Z,true,protected_selection_2024,"{""bo_format_context"":null,""canonical_matchup_probability"":null,""playstyle_class_1_probability"":null,""playstyle_class_2_probability"":null,""playstyle_uncertainty"":null,""playstyle_unknown_probability"":null,""prior_above_role_median_rate"":0.6209427400171321,""prior_champion_observation_count"":147,""prior_core_state"":null,""prior_effective_evidence"":45.192104600716966,""prior_median_performance"":18.4,""prior_player_rating"":1508.68508232587,""prior_q25_performance"":10.61,""prior_raw_observation_count"":147,""prior_residual_uncertainty"":0.13243785683316733,""prior_role_adjusted_kp"":-0.2096610876498803,""prior_role_relative_rating"":0.08685082325870148,""prior_starter_reliability"":0.933569720785435,""prior_team_state"":null,""prior_team_strength"":null,""schedule_opponent_context"":null}",,20.699333333333332,2026 - Split 1,lcs_fantasy_split1_2026_reconstructed_v1,"{""dataset"":""feature_provenance"",""max_source_timestamp"":""2024-07-20T23:21:38Z""}",RECONSTRUCTED_NON_OFFICIAL_SPLIT1_2026_RULES,RECONSTRUCTED_COMPLETE_UNDER_POLICY;RECONSTRUCTED_EXCLUDED_COMPONENTS;RECONSTRUCTED_PROXY_USED
oe:player:c145139d26813639b8fe6f4d0b28228,oe:team:2e66da41dc460dd378e3bcc57042d31,BOT,period:29c7eddc03e68fe96070,2024-07-27T20:09:19Z,true,protected_selection_2024,"{""bo_format_context"":null,""canonical_matchup_probability"":null,""playstyle_class_1_probability"":null,""playstyle_class_2_probability"":null,""playstyle_uncertainty"":null,""playstyle_unknown_probability"":null,""prior_above_role_median_rate"":0.6923879770959098,""prior_champion_observation_count"":36,""prior_core_state"":null,""prior_effective_evidence"":33.29793356010416,""prior_median_performance"":18.744,""prior_player_rating"":1509.1932126531647,""prior_q25_performance"":12.84,""prior_raw_observation_count"":36,""prior_residual_uncertainty"":0.15002198840062156,""prior_role_adjusted_kp"":-0.13213796596158423,""prior_role_relative_rating"":0.09193212653164669,""prior_starter_reliability"":0.9237925819995122,""prior_team_state"":null,""prior_team_strength"":null,""schedule_opponent_context"":null}",,18.289,2026 - Split 1,lcs_fantasy_split1_2026_reconstructed_v1,"{""dataset"":""feature_provenance"",""max_source_timestamp"":""2024-07-20T23:21:38Z""}",RECONSTRUCTED_NON_OFFICIAL_SPLIT1_2026_RULES,RECONSTRUCTED_COMPLETE_UNDER_POLICY;RECONSTRUCTED_EXCLUDED_COMPONENTS;RECONSTRUCTED_PROXY_USED
oe:player:dbe844fcbbc7f54654e54242e79acac,oe:team:4bd1751425ef6a9bc9d4d8e9385b4a6,SUP,period:29c7eddc03e68fe96070,2024-07-27T20:09:19Z,true,protected_selection_2024,"{""bo_format_context"":null,""canonical_matchup_probability"":null,""playstyle_class_1_probability"":0.5258357527587243,""playstyle_class_2_probability"":0.2550825221445442,""playstyle_uncertainty"":0.33142038093677056,""playstyle_unknown_probability"":0.21908172509673154,""prior_above_role_median_rate"":0.4934472559757729,""prior_champion_observation_count"":97,""prior_core_state"":null,""prior_effective_evidence"":50.68560678902609,""prior_median_performance"":14.9464,""prior_player_rating"":1496.7167754321347,""prior_q25_performance"":6.7068,""prior_raw_observation_count"":97,""prior_residual_uncertainty"":0.12889665331647499,""prior_role_adjusted_kp"":-0.16335458995280452,""prior_role_relative_rating"":-0.03283224567865428,""prior_starter_reliability"":0.9349423947268916,""prior_team_state"":null,""prior_team_strength"":null,""schedule_opponent_context"":null}",,6.585433333333332,2026 - Split 1,lcs_fantasy_split1_2026_reconstructed_v1,"{""dataset"":""feature_provenance"",""max_source_timestamp"":""2024-07-21T20:54:21Z""}",RECONSTRUCTED_NON_OFFICIAL_SPLIT1_2026_RULES,RECONSTRUCTED_COMPLETE_UNDER_POLICY;RECONSTRUCTED_EXCLUDED_COMPONENTS;RECONSTRUCTED_PROXY_USED
oe:player:dc760d6884ce21614b2389ac1c05ec2,oe:team:b360f1d729b0a8e0f29a5243c4200fa,TOP,period:29c7eddc03e68fe96070,2024-07-27T20:09:19Z,true,protected_selection_2024,"{""bo_format_context"":null,""canonical_matchup_probability"":null,""playstyle_class_1_probability"":0.24196118251517412,""playstyle_class_2_probability"":0.5518356557992697,""playstyle_uncertainty"":0.44106077812800637,""playstyle_unknown_probability"":0.20620316168555616,""prior_above_role_median_rate"":0.2832091922220084,""prior_champion_observation_count"":109,""prior_core_state"":null,""prior_effective_evidence"":21.355742816877562,""prior_median_performance"":6.697,""prior_player_rating"":1471.4936808598165,""prior_q25_performance"":3.35,""prior_raw_observation_count"":109,""prior_residual_uncertainty"":0.17419776389624647,""prior_role_adjusted_kp"":-0.22400944185262933,""prior_role_relative_rating"":-0.2850631914018349,""prior_starter_reliability"":0.8913757066911684,""prior_team_state"":null,""prior_team_strength"":null,""schedule_opponent_context"":null}",,9.6475,2026 - Split 1,lcs_fantasy_split1_2026_reconstructed_v1,"{""dataset"":""feature_provenance"",""max_source_timestamp"":""2024-07-21T22:53:27Z""}",RECONSTRUCTED_NON_OFFICIAL_SPLIT1_2026_RULES,RECONSTRUCTED_COMPLETE_UNDER_POLICY;RECONSTRUCTED_EXCLUDED_COMPONENTS;RECONSTRUCTED_PROXY_USED
oe:player:e03d0722b6dce835cde3268c08c4f54,oe:team:0dbb780176ecad18f17292d1f5653af,TOP,period:29c7eddc03e68fe96070,2024-07-27T20:09:19Z,true,protected_selection_2024,"{""bo_format_context"":null,""canonical_matchup_probability"":null,""playstyle_class_1_probability"":0.37485412057412926,""playstyle_class_2_probability"":0.42476421967726613,""playstyle_uncertainty"":0.3552039219254893,""playstyle_unknown_probability"":0.20038165974860458,""prior_above_role_median_rate"":0.47954060222554595,""prior_champion_observation_count"":231,""prior_core_state"":null,""prior_effective_evidence"":35.69611166773257,""prior_median_performance"":11.915000000000001,""prior_player_rating"":1474.4531094919237,""prior_q25_performance"":3.47,""prior_raw_observation_count"":231,""prior_residual_uncertainty"":0.15795782933515107,""prior_role_adjusted_kp"":-0.605825362712612,""prior_role_relative_rating"":-0.25546890508076237,""prior_starter_reliability"":0.9097517884857912,""prior_team_state"":null,""prior_team_strength"":null,""schedule_opponent_context"":null}",,6.1395,2026 - Split 1,lcs_fantasy_split1_2026_reconstructed_v1,"{""dataset"":""feature_provenance"",""max_source_timestamp"":""2024-07-20T21:46:03Z""}",RECONSTRUCTED_NON_OFFICIAL_SPLIT1_2026_RULES,RECONSTRUCTED_COMPLETE_UNDER_POLICY;RECONSTRUCTED_EXCLUDED_COMPONENTS;RECONSTRUCTED_PROXY_USED
oe:player:e9017664588010860a92ceb5f8fcb82,oe:team:2e66da41dc460dd378e3bcc57042d31,MID,period:29c7eddc03e68fe96070,2024-07-27T20:09:19Z,true,protected_selection_2024,"{""bo_format_context"":null,""canonical_matchup_probability"":null,""playstyle_class_1_probability"":null,""playstyle_class_2_probability"":null,""playstyle_uncertainty"":null,""playstyle_unknown_probability"":null,""prior_above_role_median_rate"":0.5014785201315907,""prior_champion_observation_count"":10,""prior_core_state"":null,""prior_effective_evidence"":9.976007715019447,""prior_median_performance"":19.706,""prior_player_rating"":1498.681638487188,""prior_q25_performance"":12.715,""prior_raw_observation_count"":10,""prior_residual_uncertainty"":0.27090929592707186,""prior_role_adjusted_kp"":-0.4654752872203472,""prior_role_relative_rating"":-0.013183615128121174,""prior_starter_reliability"":0.845218920491766,""prior_team_state"":null,""prior_team_strength"":null,""schedule_opponent_context"":null}",,23.959666666666664,2026 - Split 1,lcs_fantasy_split1_2026_reconstructed_v1,"{""dataset"":""feature_provenance"",""max_source_timestamp"":""2024-07-20T23:21:38Z""}",RECONSTRUCTED_NON_OFFICIAL_SPLIT1_2026_RULES,RECONSTRUCTED_COMPLETE_UNDER_POLICY;RECONSTRUCTED_EXCLUDED_COMPONENTS;RECONSTRUCTED_PROXY_USED
oe:player:ea9ed09584feecae0991089f087d2ce,oe:team:8eb884e168f28402ce685bedebb5250,MID,period:29c7eddc03e68fe96070,2024-07-27T20:09:19Z,true,protected_selection_2024,"{""bo_format_context"":null,""canonical_matchup_probability"":null,""playstyle_class_1_probability"":null,""playstyle_class_2_probability"":null,""playstyle_uncertainty"":null,""playstyle_unknown_probability"":null,""prior_above_role_median_rate"":0.6590234754759661,""prior_champion_observation_count"":73,""prior_core_state"":null,""prior_effective_evidence"":54.27558829257634,""prior_median_performance"":18.374000000000002,""prior_player_rating"":1517.1681216704028,""prior_q25_performance"":14.19,""prior_raw_observation_count"":73,""prior_residual_uncertainty"":0.10746784213674247,""prior_role_adjusted_kp"":-0.05448283924226226,""prior_role_relative_rating"":0.1716812167040281,""prior_starter_reliability"":0.9433228163418491,""prior_team_state"":null,""prior_team_strength"":null,""schedule_opponent_context"":null}",,27.119500000000002,2026 - Split 1,lcs_fantasy_split1_2026_reconstructed_v1,"{""dataset"":""feature_provenance"",""max_source_timestamp"":""2024-07-20T21:46:03Z""}",RECONSTRUCTED_NON_OFFICIAL_SPLIT1_2026_RULES,RECONSTRUCTED_COMPLETE_UNDER_POLICY;RECONSTRUCTED_EXCLUDED_COMPONENTS;RECONSTRUCTED_PROXY_USED
oe:player:ed455f823b6586e9e3621dfb5aeb42e,oe:team:fc8e90107dabb9a35c490b0d86adea0,JGL,period:29c7eddc03e68fe96070,2024-07-27T20:09:19Z,true,protected_selection_2024,"{""bo_format_context"":null,""canonical_matchup_probability"":null,""playstyle_class_1_probability"":null,""playstyle_class_2_probability"":null,""playstyle_uncertainty"":null,""playstyle_unknown_probability"":null,""prior_above_role_median_rate"":0.6412154721407156,""prior_champion_observation_count"":313,""prior_core_state"":null,""prior_effective_evidence"":58.19198394848107,""prior_median_performance"":21.7,""prior_player_rating"":1515.158315255564,""prior_q25_performance"":9.879999999999999,""prior_raw_observation_count"":313,""prior_residual_uncertainty"":0.10630002959525504,""prior_role_adjusted_kp"":0.11699944603649101,""prior_role_relative_rating"":0.15158315255564148,""prior_starter_reliability"":0.9388850691036634,""prior_team_state"":null,""prior_team_strength"":null,""schedule_opponent_context"":null}",,23.772,2026 - Split 1,lcs_fantasy_split1_2026_reconstructed_v1,"{""dataset"":""feature_provenance"",""max_source_timestamp"":""2024-07-21T20:54:21Z""}",RECONSTRUCTED_NON_OFFICIAL_SPLIT1_2026_RULES,RECONSTRUCTED_COMPLETE_UNDER_POLICY;RECONSTRUCTED_EXCLUDED_COMPONENTS;RECONSTRUCTED_PROXY_USED
oe:player:ef97df9d746d0e65ed18786ab30031c,oe:team:b360f1d729b0a8e0f29a5243c4200fa,MID,period:29c7eddc03e68fe96070,2024-07-27T20:09:19Z,true,protected_selection_2024,"{""bo_format_context"":null,""canonical_matchup_probability"":null,""playstyle_class_1_probability"":null,""playstyle_class_2_probability"":null,""playstyle_uncertainty"":null,""playstyle_unknown_probability"":null,""prior_above_role_median_rate"":0.3113692494935362,""prior_champion_observation_count"":115,""prior_core_state"":null,""prior_effective_evidence"":31.3491318223819,""prior_median_performance"":11.86,""prior_player_rating"":1479.0525696247562,""prior_q25_performance"":5.8100000000000005,""prior_raw_observation_count"":115,""prior_residual_uncertainty"":0.16500315288995906,""prior_role_adjusted_kp"":-0.31465252049696807,""prior_role_relative_rating"":-0.2094743037524375,""prior_starter_reliability"":0.9091197214045096,""prior_team_state"":null,""prior_team_strength"":null,""schedule_opponent_context"":null}",,23.157,2026 - Split 1,lcs_fantasy_split1_2026_reconstructed_v1,"{""dataset"":""feature_provenance"",""max_source_timestamp"":""2024-07-21T22:53:27Z""}",RECONSTRUCTED_NON_OFFICIAL_SPLIT1_2026_RULES,RECONSTRUCTED_COMPLETE_UNDER_POLICY;RECONSTRUCTED_EXCLUDED_COMPONENTS;RECONSTRUCTED_PROXY_USED
oe:player:f6b8af05a5af22004a67a78f3046b92,oe:team:8eb884e168f28402ce685bedebb5250,BOT,period:29c7eddc03e68fe96070,2024-07-27T20:09:19Z,true,protected_selection_2024,"{""bo_format_context"":null,""canonical_matchup_probability"":null,""playstyle_class_1_probability"":null,""playstyle_class_2_probability"":null,""playstyle_uncertainty"":null,""playstyle_unknown_probability"":null,""prior_above_role_median_rate"":0.5821222355403295,""prior_champion_observation_count"":103,""prior_core_state"":null,""prior_effective_evidence"":63.782926449427094,""prior_median_performance"":18.72,""prior_player_rating"":1510.1106865985275,""prior_q25_performance"":11.44,""prior_raw_observation_count"":103,""prior_residual_uncertainty"":0.1134068723827918,""prior_role_adjusted_kp"":-0.15979756243508342,""prior_role_relative_rating"":0.1011068659852763,""prior_starter_reliability"":0.9476808121305169,""prior_team_state"":null,""prior_team_strength"":null,""schedule_opponent_context"":null}",,19.196,2026 - Split 1,lcs_fantasy_split1_2026_reconstructed_v1,"{""dataset"":""feature_provenance"",""max_source_timestamp"":""2024-07-20T21:46:03Z""}",RECONSTRUCTED_NON_OFFICIAL_SPLIT1_2026_RULES,RECONSTRUCTED_COMPLETE_UNDER_POLICY;RECONSTRUCTED_EXCLUDED_COMPONENTS;RECONSTRUCTED_PROXY_USED
oe:player:fbadcf84fcfb01a251de88055f631cb,oe:team:0dbb780176ecad18f17292d1f5653af,JGL,period:29c7eddc03e68fe96070,2024-07-27T20:09:19Z,true,protected_selection_2024,"{""bo_format_context"":null,""canonical_matchup_probability"":null,""playstyle_class_1_probability"":null,""playstyle_class_2_probability"":null,""playstyle_uncertainty"":null,""playstyle_unknown_probability"":null,""prior_above_role_median_rate"":0.4587633979104852,""prior_champion_observation_count"":228,""prior_core_state"":null,""prior_effective_evidence"":27.645920309721383,""prior_median_performance"":13.94,""prior_player_rating"":1492.8078291496925,""prior_q25_performance"":5.942,""prior_raw_observation_count"":228,""prior_residual_uncertainty"":0.16309037906787885,""prior_role_adjusted_kp"":0.0034273584158061206,""prior_role_relative_rating"":-0.07192170850307573,""prior_starter_reliability"":0.8979742662565139,""prior_team_state"":null,""prior_team_strength"":null,""schedule_opponent_context"":null}",,12.516,2026 - Split 1,lcs_fantasy_split1_2026_reconstructed_v1,"{""dataset"":""feature_provenance"",""max_source_timestamp"":""2024-07-20T21:46:03Z""}",RECONSTRUCTED_NON_OFFICIAL_SPLIT1_2026_RULES,RECONSTRUCTED_COMPLETE_UNDER_POLICY;RECONSTRUCTED_EXCLUDED_COMPONENTS;RECONSTRUCTED_PROXY_USED
oe:player:fddde6d256bee26713f64ad9b2a9394,oe:team:e758ebe9a5a2cc81b9c8078479c2d87,MID,period:29c7eddc03e68fe96070,2024-07-27T20:09:19Z,true,protected_selection_2024,"{""bo_format_context"":null,""canonical_matchup_probability"":null,""playstyle_class_1_probability"":null,""playstyle_class_2_probability"":null,""playstyle_uncertainty"":null,""playstyle_unknown_probability"":null,""prior_above_role_median_rate"":0.3904243494112979,""prior_champion_observation_count"":192,""prior_core_state"":null,""prior_effective_evidence"":57.18390026813642,""prior_median_performance"":14.7,""prior_player_rating"":1491.6242150177914,""prior_q25_performance"":9.52,""prior_raw_observation_count"":192,""prior_residual_uncertainty"":0.10642755265419432,""prior_role_adjusted_kp"":-0.08066777079479535,""prior_role_relative_rating"":-0.08375784982208627,""prior_starter_reliability"":0.936970258472484,""prior_team_state"":null,""prior_team_strength"":null,""schedule_opponent_context"":null}",,5.699,2026 - Split 1,lcs_fantasy_split1_2026_reconstructed_v1,"{""dataset"":""feature_provenance"",""max_source_timestamp"":""2024-07-21T22:53:27Z""}",RECONSTRUCTED_NON_OFFICIAL_SPLIT1_2026_RULES,RECONSTRUCTED_COMPLETE_UNDER_POLICY;RECONSTRUCTED_EXCLUDED_COMPONENTS;RECONSTRUCTED_PROXY_USED
oe:player:007be3acd5669d100711b13d79e2336,oe:team:4bd1751425ef6a9bc9d4d8e9385b4a6,TOP,period:3685f26c9338932445a9,2024-08-30T20:08:40Z,true,protected_selection_2024,"{""bo_format_context"":null,""canonical_matchup_probability"":null,""playstyle_class_1_probability"":0.22751486070002078,""playstyle_class_2_probability"":0.635428495533362,""playstyle_uncertainty"":0.22846417642508354,""playstyle_unknown_probability"":0.13705664376661725,""prior_above_role_median_rate"":0.44558670727470356,""prior_champion_observation_count"":48,""prior_core_state"":null,""prior_effective_evidence"":42.8370519331664,""prior_median_performance"":9.86,""prior_player_rating"":1474.0059906034483,""prior_q25_performance"":1.67,""prior_raw_observation_count"":48,""prior_residual_uncertainty"":0.14095570939217472,""prior_role_adjusted_kp"":-0.43041104772955807,""prior_role_relative_rating"":-0.25994009396551754,""prior_starter_reliability"":0.9426916751911265,""prior_team_state"":null,""prior_team_strength"":null,""schedule_opponent_context"":null}",,10.517666666666665,2026 - Split 1,lcs_fantasy_split1_2026_reconstructed_v1,"{""dataset"":""feature_provenance"",""max_source_timestamp"":""2024-08-24T21:47:58Z""}",RECONSTRUCTED_NON_OFFICIAL_SPLIT1_2026_RULES,RECONSTRUCTED_COMPLETE_UNDER_POLICY;RECONSTRUCTED_EXCLUDED_COMPONENTS;RECONSTRUCTED_PROXY_USED
oe:player:05fafeaf23dc3285558a4e968970b9f,oe:team:8eb884e168f28402ce685bedebb5250,SUP,period:3685f26c9338932445a9,2024-08-30T20:08:40Z,true,protected_selection_2024,"{""bo_format_context"":null,""canonical_matchup_probability"":null,""playstyle_class_1_probability"":0.5661630588192132,""playstyle_class_2_probability"":0.22717476600284242,""playstyle_uncertainty"":0.3507567813502226,""playstyle_unknown_probability"":0.20666217517794436,""prior_above_role_median_rate"":0.6640742150437192,""prior_champion_observation_count"":316,""prior_core_state"":null,""prior_effective_evidence"":73.18485053968816,""prior_median_performance"":18.890800000000002,""prior_player_rating"":1518.268359612968,""prior_q25_performance"":13.212,""prior_raw_observation_count"":316,""prior_residual_uncertainty"":0.1,""prior_role_adjusted_kp"":-0.2676444135235311,""prior_role_relative_rating"":0.18268359612968044,""prior_starter_reliability"":0.9553635240431178,""prior_team_state"":null,""prior_team_strength"":null,""schedule_opponent_context"":null}",,18.698539999999998,2026 - Split 1,lcs_fantasy_split1_2026_reconstructed_v1,"{""dataset"":""feature_provenance"",""max_source_timestamp"":""2024-08-24T21:47:58Z""}",RECONSTRUCTED_NON_OFFICIAL_SPLIT1_2026_RULES,RECONSTRUCTED_COMPLETE_UNDER_POLICY;RECONSTRUCTED_EXCLUDED_COMPONENTS;RECONSTRUCTED_PROXY_USED
oe:player:10fcffece0ac7be85f09c4b51a75762,oe:team:0dbb780176ecad18f17292d1f5653af,BOT,period:3685f26c9338932445a9,2024-08-30T20:08:40Z,true,protected_selection_2024,"{""bo_format_context"":null,""canonical_matchup_probability"":null,""playstyle_class_1_probability"":null,""playstyle_class_2_probability"":null,""playstyle_uncertainty"":null,""playstyle_unknown_probability"":null,""prior_above_role_median_rate"":0.5712364063018508,""prior_champion_observation_count"":267,""prior_core_state"":null,""prior_effective_evidence"":42.884991079986705,""prior_median_performance"":17.9532,""prior_player_rating"":1508.5254173630292,""prior_q25_performance"":9.2,""prior_raw_observation_count"":267,""prior_residual_uncertainty"":0.13992154198338877,""prior_role_adjusted_kp"":0.18171894979270764,""prior_role_relative_rating"":0.08525417363029132,""prior_starter_reliability"":0.9402465275063476,""prior_team_state"":null,""prior_team_strength"":null,""schedule_opponent_context"":null}",,14.100399999999999,2026 - Split 1,lcs_fantasy_split1_2026_reconstructed_v1,"{""dataset"":""feature_provenance"",""max_source_timestamp"":""2024-08-23T23:39:20Z""}",RECONSTRUCTED_NON_OFFICIAL_SPLIT1_2026_RULES,RECONSTRUCTED_COMPLETE_UNDER_POLICY;RECONSTRUCTED_EXCLUDED_COMPONENTS;RECONSTRUCTED_PROXY_USED
oe:player:1970fcb701acce66e0771946bbb3105,oe:team:8eb884e168f28402ce685bedebb5250,JGL,period:3685f26c9338932445a9,2024-08-30T20:08:40Z,true,protected_selection_2024,"{""bo_format_context"":null,""canonical_matchup_probability"":null,""playstyle_class_1_probability"":null,""playstyle_class_2_probability"":null,""playstyle_uncertainty"":null,""playstyle_unknown_probability"":null,""prior_above_role_median_rate"":0.6694908346541707,""prior_champion_observation_count"":53,""prior_core_state"":null,""prior_effective_evidence"":47.708599112789116,""prior_median_performance"":19.502000000000002,""prior_player_rating"":1514.145918861256,""prior_q25_performance"":14.377,""prior_raw_observation_count"":53,""prior_residual_uncertainty"":0.10455287473169765,""prior_role_adjusted_kp"":-0.2193463865155,""prior_role_relative_rating"":0.14145918861255852,""prior_starter_reliability"":0.9448347561622076,""prior_team_state"":null,""prior_team_strength"":null,""schedule_opponent_context"":null}",,14.5548,2026 - Split 1,lcs_fantasy_split1_2026_reconstructed_v1,"{""dataset"":""feature_provenance"",""max_source_timestamp"":""2024-08-24T21:47:58Z""}",RECONSTRUCTED_NON_OFFICIAL_SPLIT1_2026_RULES,RECONSTRUCTED_COMPLETE_UNDER_POLICY;RECONSTRUCTED_EXCLUDED_COMPONENTS;RECONSTRUCTED_PROXY_USED
oe:player:1efc4e5732e91520d03385900b903f9,oe:team:fc8e90107dabb9a35c490b0d86adea0,TOP,period:3685f26c9338932445a9,2024-08-30T20:08:40Z,true,protected_selection_2024,"{""bo_format_context"":null,""canonical_matchup_probability"":null,""playstyle_class_1_probability"":0.3297513785489225,""playstyle_class_2_probability"":0.45843504085085274,""playstyle_uncertainty"":0.2747406474077839,""playstyle_unknown_probability"":0.21181358060022482,""prior_above_role_median_rate"":0.5253494763457099,""prior_champion_observation_count"":20,""prior_core_state"":null,""prior_effective_evidence"":19.81264616300307,""prior_median_performance"":12.620000000000001,""prior_player_rating"":1498.9985690635176,""prior_q25_performance"":7.938,""prior_raw_observation_count"":20,""prior_residual_uncertainty"":0.18903349161556696,""prior_role_adjusted_kp"":-0.08431966196079309,""prior_role_relative_rating"":-0.01001430936482417,""prior_starter_reliability"":0.9061480934184306,""prior_team_state"":null,""prior_team_strength"":null,""schedule_opponent_context"":null}",,9.314499999999999,2026 - Split 1,lcs_fantasy_split1_2026_reconstructed_v1,"{""dataset"":""feature_provenance"",""max_source_timestamp"":""2024-08-25T22:51:53Z""}",RECONSTRUCTED_NON_OFFICIAL_SPLIT1_2026_RULES,RECONSTRUCTED_COMPLETE_UNDER_POLICY;RECONSTRUCTED_EXCLUDED_COMPONENTS;RECONSTRUCTED_PROXY_USED
oe:player:21f59b54f62b5b8b4bc0f63f0f617fc,oe:team:8eb884e168f28402ce685bedebb5250,TOP,period:3685f26c9338932445a9,2024-08-30T20:08:40Z,true,protected_selection_2024,"{""bo_format_context"":null,""canonical_matchup_probability"":null,""playstyle_class_1_probability"":0.3625718266364857,""playstyle_class_2_probability"":0.46567227663088756,""playstyle_uncertainty"":0.33865720148058537,""playstyle_unknown_probability"":0.1717558967326268,""prior_above_role_median_rate"":0.6713132642464179,""prior_champion_observation_count"":306,""prior_core_state"":null,""prior_effective_evidence"":66.90958505523696,""prior_median_performance"":15.415,""prior_player_rating"":1523.6070420142694,""prior_q25_performance"":10.103,""prior_raw_observation_count"":306,""prior_residual_uncertainty"":0.11989544927272894,""prior_role_adjusted_kp"":0.0016233501319177187,""prior_role_relative_rating"":0.23607042014269455,""prior_starter_reliability"":0.9531076584037406,""prior_team_state"":null,""prior_team_strength"":null,""schedule_opponent_context"":null}",,8.4068,2026 - Split 1,lcs_fantasy_split1_2026_reconstructed_v1,"{""dataset"":""feature_provenance"",""max_source_timestamp"":""2024-08-24T21:47:58Z""}",RECONSTRUCTED_NON_OFFICIAL_SPLIT1_2026_RULES,RECONSTRUCTED_COMPLETE_UNDER_POLICY;RECONSTRUCTED_EXCLUDED_COMPONENTS;RECONSTRUCTED_PROXY_USED
oe:player:3e722c8ede909c83af9342c41805a16,oe:team:2e66da41dc460dd378e3bcc57042d31,SUP,period:3685f26c9338932445a9,2024-08-30T20:08:40Z,true,protected_selection_2024,"{""bo_format_context"":null,""canonical_matchup_probability"":null,""playstyle_class_1_probability"":0.5034833179277631,""playstyle_class_2_probability"":0.21091928083071482,""playstyle_uncertainty"":0.35607603489834516,""playstyle_unknown_probability"":0.28559740124152205,""prior_above_role_median_rate"":0.6088141618543806,""prior_champion_observation_count"":103,""prior_core_state"":null,""prior_effective_evidence"":60.484379061621944,""prior_median_performance"":19.901699999999998,""prior_player_rating"":1511.5549174065159,""prior_q25_performance"":10.325,""prior_raw_observation_count"":103,""prior_residual_uncertainty"":0.11293781001247721,""prior_role_adjusted_kp"":-0.07386821857304954,""prior_role_relative_rating"":0.11554917406515856,""prior_starter_reliability"":0.9542099790108276,""prior_team_state"":null,""prior_team_strength"":null,""schedule_opponent_context"":null}",,16.05226,2026 - Split 1,lcs_fantasy_split1_2026_reconstructed_v1,"{""dataset"":""feature_provenance"",""max_source_timestamp"":""2024-08-25T22:51:53Z""}",RECONSTRUCTED_NON_OFFICIAL_SPLIT1_2026_RULES,RECONSTRUCTED_COMPLETE_UNDER_POLICY;RECONSTRUCTED_EXCLUDED_COMPONENTS;RECONSTRUCTED_PROXY_USED
oe:player:40704dfd2d966862568d29770de57bd,oe:team:0dbb780176ecad18f17292d1f5653af,SUP,period:3685f26c9338932445a9,2024-08-30T20:08:40Z,true,protected_selection_2024,"{""bo_format_context"":null,""canonical_matchup_probability"":null,""playstyle_class_1_probability"":0.6637021392681,""playstyle_class_2_probability"":0.14128840704520823,""playstyle_uncertainty"":0.27891256355932376,""playstyle_unknown_probability"":0.19500945368669176,""prior_above_role_median_rate"":0.35599193170815024,""prior_champion_observation_count"":59,""prior_core_state"":null,""prior_effective_evidence"":39.1593801924278,""prior_median_performance"":12.756499999999999,""prior_player_rating"":1489.8618523541995,""prior_q25_performance"":7.0286,""prior_raw_observation_count"":59,""prior_residual_uncertainty"":0.13352346435642412,""prior_role_adjusted_kp"":-0.031192628620384546,""prior_role_relative_rating"":-0.10138147645800381,""prior_starter_reliability"":0.9410217146434164,""prior_team_state"":null,""prior_team_strength"":null,""schedule_opponent_context"":null}",,16.58586,2026 - Split 1,lcs_fantasy_split1_2026_reconstructed_v1,"{""dataset"":""feature_provenance"",""max_source_timestamp"":""2024-08-23T23:39:20Z""}",RECONSTRUCTED_NON_OFFICIAL_SPLIT1_2026_RULES,RECONSTRUCTED_COMPLETE_UNDER_POLICY;RECONSTRUCTED_EXCLUDED_COMPONENTS;RECONSTRUCTED_PROXY_USED
oe:player:460ae5a7af8d68f7831b70307210ab3,oe:team:fc8e90107dabb9a35c490b0d86adea0,BOT,period:3685f26c9338932445a9,2024-08-30T20:08:40Z,true,protected_selection_2024,"{""bo_format_context"":null,""canonical_matchup_probability"":null,""playstyle_class_1_probability"":null,""playstyle_class_2_probability"":null,""playstyle_uncertainty"":null,""playstyle_unknown_probability"":null,""prior_above_role_median_rate"":0.5835408013492835,""prior_champion_observation_count"":161,""prior_core_state"":null,""prior_effective_evidence"":59.88487397172871,""prior_median_performance"":19.084,""prior_player_rating"":1511.9835278691899,""prior_q25_performance"":10.629999999999999,""prior_raw_observation_count"":161,""prior_residual_uncertainty"":0.12066716197774402,""prior_role_adjusted_kp"":0.14343192651422637,""prior_role_relative_rating"":0.11983527869189768,""prior_starter_reliability"":0.9487497666524387,""prior_team_state"":null,""prior_team_strength"":null,""schedule_opponent_context"":null}",,16.6535,2026 - Split 1,lcs_fantasy_split1_2026_reconstructed_v1,"{""dataset"":""feature_provenance"",""max_source_timestamp"":""2024-08-25T22:51:53Z""}",RECONSTRUCTED_NON_OFFICIAL_SPLIT1_2026_RULES,RECONSTRUCTED_COMPLETE_UNDER_POLICY;RECONSTRUCTED_EXCLUDED_COMPONENTS;RECONSTRUCTED_PROXY_USED
oe:player:6378658dafc3eeb902fa2e52f909172,oe:team:4bd1751425ef6a9bc9d4d8e9385b4a6,BOT,period:3685f26c9338932445a9,2024-08-30T20:08:40Z,true,protected_selection_2024,"{""bo_format_context"":null,""canonical_matchup_probability"":null,""playstyle_class_1_probability"":null,""playstyle_class_2_probability"":null,""playstyle_uncertainty"":null,""playstyle_unknown_probability"":null,""prior_above_role_median_rate"":0.5219663046293929,""prior_champion_observation_count"":78,""prior_core_state"":null,""prior_effective_evidence"":37.143781825838616,""prior_median_performance"":16.28,""prior_player_rating"":1499.8927819905327,""prior_q25_performance"":6.9399999999999995,""prior_raw_observation_count"":78,""prior_residual_uncertainty"":0.15144346713295181,""prior_role_adjusted_kp"":0.0032706791970422157,""prior_role_relative_rating"":-0.0010721800946733543,""prior_starter_reliability"":0.924709084139,""prior_team_state"":null,""prior_team_strength"":null,""schedule_opponent_context"":null}",,20.058111111111106,2026 - Split 1,lcs_fantasy_split1_2026_reconstructed_v1,"{""dataset"":""feature_provenance"",""max_source_timestamp"":""2024-08-24T21:47:58Z""}",RECONSTRUCTED_NON_OFFICIAL_SPLIT1_2026_RULES,RECONSTRUCTED_COMPLETE_UNDER_POLICY;RECONSTRUCTED_EXCLUDED_COMPONENTS;RECONSTRUCTED_PROXY_USED
oe:player:7c3395efccd48fe73592001501bef83,oe:team:4bd1751425ef6a9bc9d4d8e9385b4a6,JGL,period:3685f26c9338932445a9,2024-08-30T20:08:40Z,true,protected_selection_2024,"{""bo_format_context"":null,""canonical_matchup_probability"":null,""playstyle_class_1_probability"":null,""playstyle_class_2_probability"":null,""playstyle_uncertainty"":null,""playstyle_unknown_probability"":null,""prior_above_role_median_rate"":0.4660541567082903,""prior_champion_observation_count"":163,""prior_core_state"":null,""prior_effective_evidence"":65.03326932780766,""prior_median_performance"":14.604000000000001,""prior_player_rating"":1492.8505182961374,""prior_q25_performance"":8.43,""prior_raw_observation_count"":163,""prior_residual_uncertainty"":0.1,""prior_role_adjusted_kp"":-0.13521899280835023,""prior_role_relative_rating"":-0.07149481703862734,""prior_starter_reliability"":0.9532532905074206,""prior_team_state"":null,""prior_team_strength"":null,""schedule_opponent_context"":null}",,17.20566666666667,2026 - Split 1,lcs_fantasy_split1_2026_reconstructed_v1,"{""dataset"":""feature_provenance"",""max_source_timestamp"":""2024-08-24T21:47:58Z""}",RECONSTRUCTED_NON_OFFICIAL_SPLIT1_2026_RULES,RECONSTRUCTED_COMPLETE_UNDER_POLICY;RECONSTRUCTED_EXCLUDED_COMPONENTS;RECONSTRUCTED_PROXY_USED
oe:player:7e0e7ac2a199e8e2ecb30499a3b2153,oe:team:0dbb780176ecad18f17292d1f5653af,MID,period:3685f26c9338932445a9,2024-08-30T20:08:40Z,true,protected_selection_2024,"{""bo_format_context"":null,""canonical_matchup_probability"":null,""playstyle_class_1_probability"":null,""playstyle_class_2_probability"":null,""playstyle_uncertainty"":null,""playstyle_unknown_probability"":null,""prior_above_role_median_rate"":0.48380124703498795,""prior_champion_observation_count"":272,""prior_core_state"":null,""prior_effective_evidence"":62.3793110260197,""prior_median_performance"":15.32,""prior_player_rating"":1499.0767902865086,""prior_q25_performance"":8.218,""prior_raw_observation_count"":272,""prior_residual_uncertainty"":0.12722282803245002,""prior_role_adjusted_kp"":0.03059825810125844,""prior_role_relative_rating"":-0.0092320971349125,""prior_starter_reliability"":0.9543507016980133,""prior_team_state"":null,""prior_team_strength"":null,""schedule_opponent_context"":null}",,17.330800000000004,2026 - Split 1,lcs_fantasy_split1_2026_reconstructed_v1,"{""dataset"":""feature_provenance"",""max_source_timestamp"":""2024-08-23T23:39:20Z""}",RECONSTRUCTED_NON_OFFICIAL_SPLIT1_2026_RULES,RECONSTRUCTED_COMPLETE_UNDER_POLICY;RECONSTRUCTED_EXCLUDED_COMPONENTS;RECONSTRUCTED_PROXY_USED
oe:player:7e2505960c12cc54c96a0a6efb2e055,oe:team:2e66da41dc460dd378e3bcc57042d31,TOP,period:3685f26c9338932445a9,2024-08-30T20:08:40Z,true,protected_selection_2024,"{""bo_format_context"":null,""canonical_matchup_probability"":null,""playstyle_class_1_probability"":0.22212492202533707,""playstyle_class_2_probability"":0.5464693118091358,""playstyle_uncertainty"":0.34106983471322777,""playstyle_unknown_probability"":0.23140576616552713,""prior_above_role_median_rate"":0.5536201857018463,""prior_champion_observation_count"":132,""prior_core_state"":null,""prior_effective_evidence"":50.61249603089147,""prior_median_performance"":13.419,""prior_player_rating"":1508.91300385117,""prior_q25_performance"":8.608,""prior_raw_observation_count"":132,""prior_residual_uncertainty"":0.11766098333337673,""prior_role_adjusted_kp"":0.11782083782715683,""prior_role_relative_rating"":0.0891300385117008,""prior_starter_reliability"":0.9498874700159003,""prior_team_state"":null,""prior_team_strength"":null,""schedule_opponent_context"":null}",,14.8536,2026 - Split 1,lcs_fantasy_split1_2026_reconstructed_v1,"{""dataset"":""feature_provenance"",""max_source_timestamp"":""2024-08-25T22:51:53Z""}",RECONSTRUCTED_NON_OFFICIAL_SPLIT1_2026_RULES,RECONSTRUCTED_COMPLETE_UNDER_POLICY;RECONSTRUCTED_EXCLUDED_COMPONENTS;RECONSTRUCTED_PROXY_USED
oe:player:81acc6bcde5c927c78e0990e9887f84,oe:team:fc8e90107dabb9a35c490b0d86adea0,SUP,period:3685f26c9338932445a9,2024-08-30T20:08:40Z,true,protected_selection_2024,"{""bo_format_context"":null,""canonical_matchup_probability"":null,""playstyle_class_1_probability"":0.5136629821946367,""playstyle_class_2_probability"":0.262847286647312,""playstyle_uncertainty"":0.36470419764433004,""playstyle_unknown_probability"":0.22348973115805135,""prior_above_role_median_rate"":0.5429423798447732,""prior_champion_observation_count"":322,""prior_core_state"":null,""prior_effective_evidence"":55.81399580650114,""prior_median_performance"":16.308500000000002,""prior_player_rating"":1508.001843420616,""prior_q25_performance"":10.5587,""prior_raw_observation_count"":322,""prior_residual_uncertainty"":0.11466778942594867,""prior_role_adjusted_kp"":0.038004312824846835,""prior_role_relative_rating"":0.08001843420616103,""prior_starter_reliability"":0.9467729807198346,""prior_team_state"":null,""prior_team_strength"":null,""schedule_opponent_context"":null}",,14.728274999999998,2026 - Split 1,lcs_fantasy_split1_2026_reconstructed_v1,"{""dataset"":""feature_provenance"",""max_source_timestamp"":""2024-08-25T22:51:53Z""}",RECONSTRUCTED_NON_OFFICIAL_SPLIT1_2026_RULES,RECONSTRUCTED_COMPLETE_UNDER_POLICY;RECONSTRUCTED_EXCLUDED_COMPONENTS;RECONSTRUCTED_PROXY_USED
oe:player:83eb62484689106807fcf5ad55b5479,oe:team:fc8e90107dabb9a35c490b0d86adea0,MID,period:3685f26c9338932445a9,2024-08-30T20:08:40Z,true,protected_selection_2024,"{""bo_format_context"":null,""canonical_matchup_probability"":null,""playstyle_class_1_probability"":null,""playstyle_class_2_probability"":null,""playstyle_uncertainty"":null,""playstyle_unknown_probability"":null,""prior_above_role_median_rate"":0.4511755500433595,""prior_champion_observation_count"":183,""prior_core_state"":null,""prior_effective_evidence"":59.9218665991253,""prior_median_performance"":15.312,""prior_player_rating"":1493.5320593155147,""prior_q25_performance"":8.717,""prior_raw_observation_count"":183,""prior_residual_uncertainty"":0.11061506887497735,""prior_role_adjusted_kp"":-0.06630670836412156,""prior_role_relative_rating"":-0.0646794068448534,""prior_starter_reliability"":0.9487320402734821,""prior_team_state"":null,""prior_team_strength"":null,""schedule_opponent_context"":null}",,12.9555,2026 - Split 1,lcs_fantasy_split1_2026_reconstructed_v1,"{""dataset"":""feature_provenance"",""max_source_timestamp"":""2024-08-25T22:51:53Z""}",RECONSTRUCTED_NON_OFFICIAL_SPLIT1_2026_RULES,RECONSTRUCTED_COMPLETE_UNDER_POLICY;RECONSTRUCTED_EXCLUDED_COMPONENTS;RECONSTRUCTED_PROXY_USED
oe:player:8f8eaac8e99c203ee76e57c5c81c91f,oe:team:4bd1751425ef6a9bc9d4d8e9385b4a6,MID,period:3685f26c9338932445a9,2024-08-30T20:08:40Z,true,protected_selection_2024,"{""bo_format_context"":null,""canonical_matchup_probability"":null,""playstyle_class_1_probability"":null,""playstyle_class_2_probability"":null,""playstyle_uncertainty"":null,""playstyle_unknown_probability"":null,""prior_above_role_median_rate"":0.5257554826257317,""prior_champion_observation_count"":68,""prior_core_state"":null,""prior_effective_evidence"":49.933204928827884,""prior_median_performance"":19.189999999999998,""prior_player_rating"":1508.3541191133472,""prior_q25_performance"":10.94,""prior_raw_observation_count"":68,""prior_residual_uncertainty"":0.14567699135326417,""prior_role_adjusted_kp"":-0.10269811733017296,""prior_role_relative_rating"":0.08354119113347222,""prior_starter_reliability"":0.9468668936863596,""prior_team_state"":null,""prior_team_strength"":null,""schedule_opponent_context"":null}",,18.555333333333333,2026 - Split 1,lcs_fantasy_split1_2026_reconstructed_v1,"{""dataset"":""feature_provenance"",""max_source_timestamp"":""2024-08-24T21:47:58Z""}",RECONSTRUCTED_NON_OFFICIAL_SPLIT1_2026_RULES,RECONSTRUCTED_COMPLETE_UNDER_POLICY;RECONSTRUCTED_EXCLUDED_COMPONENTS;RECONSTRUCTED_PROXY_USED
oe:player:a8307167f3a1c933295bb9e3d43700e,oe:team:2e66da41dc460dd378e3bcc57042d31,JGL,period:3685f26c9338932445a9,2024-08-30T20:08:40Z,true,protected_selection_2024,"{""bo_format_context"":null,""canonical_matchup_probability"":null,""playstyle_class_1_probability"":null,""playstyle_class_2_probability"":null,""playstyle_uncertainty"":null,""playstyle_unknown_probability"":null,""prior_above_role_median_rate"":0.698367895649514,""prior_champion_observation_count"":163,""prior_core_state"":null,""prior_effective_evidence"":55.962662316853816,""prior_median_performance"":19.722,""prior_player_rating"":1516.7216483927855,""prior_q25_performance"":12.619,""prior_raw_observation_count"":163,""prior_residual_uncertainty"":0.10390073287669538,""prior_role_adjusted_kp"":-0.06427639799502045,""prior_role_relative_rating"":0.16721648392785562,""prior_starter_reliability"":0.9522270496122677,""prior_team_state"":null,""prior_team_strength"":null,""schedule_opponent_context"":null}",,16.7952,2026 - Split 1,lcs_fantasy_split1_2026_reconstructed_v1,"{""dataset"":""feature_provenance"",""max_source_timestamp"":""2024-08-25T22:51:53Z""}",RECONSTRUCTED_NON_OFFICIAL_SPLIT1_2026_RULES,RECONSTRUCTED_COMPLETE_UNDER_POLICY;RECONSTRUCTED_EXCLUDED_COMPONENTS;RECONSTRUCTED_PROXY_USED
oe:player:c145139d26813639b8fe6f4d0b28228,oe:team:2e66da41dc460dd378e3bcc57042d31,BOT,period:3685f26c9338932445a9,2024-08-30T20:08:40Z,true,protected_selection_2024,"{""bo_format_context"":null,""canonical_matchup_probability"":null,""playstyle_class_1_probability"":null,""playstyle_class_2_probability"":null,""playstyle_uncertainty"":null,""playstyle_unknown_probability"":null,""prior_above_role_median_rate"":0.6391973611610993,""prior_champion_observation_count"":52,""prior_core_state"":null,""prior_effective_evidence"":46.70534718813339,""prior_median_performance"":17.778,""prior_player_rating"":1509.3813828176155,""prior_q25_performance"":12.644,""prior_raw_observation_count"":52,""prior_residual_uncertainty"":0.1215167671575015,""prior_role_adjusted_kp"":-0.12163541216809363,""prior_role_relative_rating"":0.09381382817615586,""prior_starter_reliability"":0.9480196975554492,""prior_team_state"":null,""prior_team_strength"":null,""schedule_opponent_context"":null}",,19.5916,2026 - Split 1,lcs_fantasy_split1_2026_reconstructed_v1,"{""dataset"":""feature_provenance"",""max_source_timestamp"":""2024-08-25T22:51:53Z""}",RECONSTRUCTED_NON_OFFICIAL_SPLIT1_2026_RULES,RECONSTRUCTED_COMPLETE_UNDER_POLICY;RECONSTRUCTED_EXCLUDED_COMPONENTS;RECONSTRUCTED_PROXY_USED
oe:player:dbe844fcbbc7f54654e54242e79acac,oe:team:4bd1751425ef6a9bc9d4d8e9385b4a6,SUP,period:3685f26c9338932445a9,2024-08-30T20:08:40Z,true,protected_selection_2024,"{""bo_format_context"":null,""canonical_matchup_probability"":null,""playstyle_class_1_probability"":0.6404881590897559,""playstyle_class_2_probability"":0.1897002073896852,""playstyle_uncertainty"":0.3005566733801681,""playstyle_unknown_probability"":0.16981163352055895,""prior_above_role_median_rate"":0.5193712851629954,""prior_champion_observation_count"":111,""prior_core_state"":null,""prior_effective_evidence"":57.91606245451753,""prior_median_performance"":17.0946,""prior_player_rating"":1493.1601336821209,""prior_q25_performance"":6.7068,""prior_raw_observation_count"":111,""prior_residual_uncertainty"":0.11563846527881219,""prior_role_adjusted_kp"":-0.2679953899613674,""prior_role_relative_rating"":-0.0683986631787918,""prior_starter_reliability"":0.9505807715628906,""prior_team_state"":null,""prior_team_strength"":null,""schedule_opponent_context"":null}",,20.0946,2026 - Split 1,lcs_fantasy_split1_2026_reconstructed_v1,"{""dataset"":""feature_provenance"",""max_source_timestamp"":""2024-08-24T21:47:58Z""}",RECONSTRUCTED_NON_OFFICIAL_SPLIT1_2026_RULES,RECONSTRUCTED_COMPLETE_UNDER_POLICY;RECONSTRUCTED_EXCLUDED_COMPONENTS;RECONSTRUCTED_PROXY_USED
oe:player:e03d0722b6dce835cde3268c08c4f54,oe:team:0dbb780176ecad18f17292d1f5653af,TOP,period:3685f26c9338932445a9,2024-08-30T20:08:40Z,true,protected_selection_2024,"{""bo_format_context"":null,""canonical_matchup_probability"":null,""playstyle_class_1_probability"":0.3804054476856312,""playstyle_class_2_probability"":0.41206775633586823,""playstyle_uncertainty"":0.36362399735719564,""playstyle_unknown_probability"":0.20752679597850057,""prior_above_role_median_rate"":0.41160446463024397,""prior_champion_observation_count"":246,""prior_core_state"":null,""prior_effective_evidence"":44.2860984590211,""prior_median_performance"":11.15,""prior_player_rating"":1481.9485332646943,""prior_q25_performance"":3.74,""prior_raw_observation_count"":246,""prior_residual_uncertainty"":0.14154773912714536,""prior_role_adjusted_kp"":-0.2994146790367933,""prior_role_relative_rating"":-0.18051466735305768,""prior_starter_reliability"":0.9411798111514904,""prior_team_state"":null,""prior_team_strength"":null,""schedule_opponent_context"":null}",,11.8476,2026 - Split 1,lcs_fantasy_split1_2026_reconstructed_v1,"{""dataset"":""feature_provenance"",""max_source_timestamp"":""2024-08-23T23:39:20Z""}",RECONSTRUCTED_NON_OFFICIAL_SPLIT1_2026_RULES,RECONSTRUCTED_COMPLETE_UNDER_POLICY;RECONSTRUCTED_EXCLUDED_COMPONENTS;RECONSTRUCTED_PROXY_USED
oe:player:e9017664588010860a92ceb5f8fcb82,oe:team:2e66da41dc460dd378e3bcc57042d31,MID,period:3685f26c9338932445a9,2024-08-30T20:08:40Z,true,protected_selection_2024,"{""bo_format_context"":null,""canonical_matchup_probability"":null,""playstyle_class_1_probability"":null,""playstyle_class_2_probability"":null,""playstyle_uncertainty"":null,""playstyle_unknown_probability"":null,""prior_above_role_median_rate"":0.7493517433072427,""prior_champion_observation_count"":26,""prior_core_state"":null,""prior_effective_evidence"":25.768545337001537,""prior_median_performance"":22.62,""prior_player_rating"":1532.6390135953823,""prior_q25_performance"":16.2,""prior_raw_observation_count"":26,""prior_residual_uncertainty"":0.15013266537807218,""prior_role_adjusted_kp"":0.10305772363255795,""prior_role_relative_rating"":0.3263901359538233,""prior_starter_reliability"":0.925340679903053,""prior_team_state"":null,""prior_team_strength"":null,""schedule_opponent_context"":null}",,27.15,2026 - Split 1,lcs_fantasy_split1_2026_reconstructed_v1,"{""dataset"":""feature_provenance"",""max_source_timestamp"":""2024-08-25T22:51:53Z""}",RECONSTRUCTED_NON_OFFICIAL_SPLIT1_2026_RULES,RECONSTRUCTED_COMPLETE_UNDER_POLICY;RECONSTRUCTED_EXCLUDED_COMPONENTS;RECONSTRUCTED_PROXY_USED
oe:player:ea9ed09584feecae0991089f087d2ce,oe:team:8eb884e168f28402ce685bedebb5250,MID,period:3685f26c9338932445a9,2024-08-30T20:08:40Z,true,protected_selection_2024,"{""bo_format_context"":null,""canonical_matchup_probability"":null,""playstyle_class_1_probability"":null,""playstyle_class_2_probability"":null,""playstyle_uncertainty"":null,""playstyle_unknown_probability"":null,""prior_above_role_median_rate"":0.7450409927943897,""prior_champion_observation_count"":83,""prior_core_state"":null,""prior_effective_evidence"":59.970162890943406,""prior_median_performance"":20.009999999999998,""prior_player_rating"":1523.9816244895499,""prior_q25_performance"":15.41,""prior_raw_observation_count"":83,""prior_residual_uncertainty"":0.1012530520216358,""prior_role_adjusted_kp"":-0.14974372671008834,""prior_role_relative_rating"":0.23981624489549805,""prior_starter_reliability"":0.9508700918968673,""prior_team_state"":null,""prior_team_strength"":null,""schedule_opponent_context"":null}",,22.2522,2026 - Split 1,lcs_fantasy_split1_2026_reconstructed_v1,"{""dataset"":""feature_provenance"",""max_source_timestamp"":""2024-08-24T21:47:58Z""}",RECONSTRUCTED_NON_OFFICIAL_SPLIT1_2026_RULES,RECONSTRUCTED_COMPLETE_UNDER_POLICY;RECONSTRUCTED_EXCLUDED_COMPONENTS;RECONSTRUCTED_PROXY_USED
oe:player:ed455f823b6586e9e3621dfb5aeb42e,oe:team:fc8e90107dabb9a35c490b0d86adea0,JGL,period:3685f26c9338932445a9,2024-08-30T20:08:40Z,true,protected_selection_2024,"{""bo_format_context"":null,""canonical_matchup_probability"":null,""playstyle_class_1_probability"":null,""playstyle_class_2_probability"":null,""playstyle_uncertainty"":null,""playstyle_unknown_probability"":null,""prior_above_role_median_rate"":0.5846800094280644,""prior_champion_observation_count"":324,""prior_core_state"":null,""prior_effective_evidence"":61.351148071939335,""prior_median_performance"":17.222,""prior_player_rating"":1502.0273699908053,""prior_q25_performance"":7.95,""prior_raw_observation_count"":324,""prior_residual_uncertainty"":0.11005431350080386,""prior_role_adjusted_kp"":0.03153200250451036,""prior_role_relative_rating"":0.020273699908052167,""prior_starter_reliability"":0.9493066732576679,""prior_team_state"":null,""prior_team_strength"":null,""schedule_opponent_context"":null}",,13.3765,2026 - Split 1,lcs_fantasy_split1_2026_reconstructed_v1,"{""dataset"":""feature_provenance"",""max_source_timestamp"":""2024-08-25T22:51:53Z""}",RECONSTRUCTED_NON_OFFICIAL_SPLIT1_2026_RULES,RECONSTRUCTED_COMPLETE_UNDER_POLICY;RECONSTRUCTED_EXCLUDED_COMPONENTS;RECONSTRUCTED_PROXY_USED
oe:player:f6b8af05a5af22004a67a78f3046b92,oe:team:8eb884e168f28402ce685bedebb5250,BOT,period:3685f26c9338932445a9,2024-08-30T20:08:40Z,true,protected_selection_2024,"{""bo_format_context"":null,""canonical_matchup_probability"":null,""playstyle_class_1_probability"":null,""playstyle_class_2_probability"":null,""playstyle_uncertainty"":null,""playstyle_unknown_probability"":null,""prior_above_role_median_rate"":0.6327128762037336,""prior_champion_observation_count"":113,""prior_core_state"":null,""prior_effective_evidence"":67.922007482839,""prior_median_performance"":20.031,""prior_player_rating"":1518.605006192005,""prior_q25_performance"":13.61,""prior_raw_observation_count"":113,""prior_residual_uncertainty"":0.11054074902708119,""prior_role_adjusted_kp"":-0.1347577258747553,""prior_role_relative_rating"":0.18605006192005114,""prior_starter_reliability"":0.9537967726310868,""prior_team_state"":null,""prior_team_strength"":null,""schedule_opponent_context"":null}",,15.303,2026 - Split 1,lcs_fantasy_split1_2026_reconstructed_v1,"{""dataset"":""feature_provenance"",""max_source_timestamp"":""2024-08-24T21:47:58Z""}",RECONSTRUCTED_NON_OFFICIAL_SPLIT1_2026_RULES,RECONSTRUCTED_COMPLETE_UNDER_POLICY;RECONSTRUCTED_EXCLUDED_COMPONENTS;RECONSTRUCTED_PROXY_USED
oe:player:fbadcf84fcfb01a251de88055f631cb,oe:team:0dbb780176ecad18f17292d1f5653af,JGL,period:3685f26c9338932445a9,2024-08-30T20:08:40Z,true,protected_selection_2024,"{""bo_format_context"":null,""canonical_matchup_probability"":null,""playstyle_class_1_probability"":null,""playstyle_class_2_probability"":null,""playstyle_uncertainty"":null,""playstyle_unknown_probability"":null,""prior_above_role_median_rate"":0.5319820420938985,""prior_champion_observation_count"":243,""prior_core_state"":null,""prior_effective_evidence"":38.541435645218165,""prior_median_performance"":15.72,""prior_player_rating"":1496.737633076324,""prior_q25_performance"":7.0,""prior_raw_observation_count"":243,""prior_residual_uncertainty"":0.13100208019922335,""prior_role_adjusted_kp"":0.115646149208157,""prior_role_relative_rating"":-0.032623669236759766,""prior_starter_reliability"":0.9370230694402818,""prior_team_state"":null,""prior_team_strength"":null,""schedule_opponent_context"":null}",,14.4008,2026 - Split 1,lcs_fantasy_split1_2026_reconstructed_v1,"{""dataset"":""feature_provenance"",""max_source_timestamp"":""2024-08-23T23:39:20Z""}",RECONSTRUCTED_NON_OFFICIAL_SPLIT1_2026_RULES,RECONSTRUCTED_COMPLETE_UNDER_POLICY;RECONSTRUCTED_EXCLUDED_COMPONENTS;RECONSTRUCTED_PROXY_USED
oe:player:007be3acd5669d100711b13d79e2336,oe:team:4bd1751425ef6a9bc9d4d8e9385b4a6,TOP,period:448a8f91622619afdbe7,2024-03-14T20:08:02Z,true,protected_selection_2024,"{""bo_format_context"":null,""canonical_matchup_probability"":null,""playstyle_class_1_probability"":0.22358514684068856,""playstyle_class_2_probability"":0.5541581025586078,""playstyle_uncertainty"":0.27303999514468136,""playstyle_unknown_probability"":0.22225675060070382,""prior_above_role_median_rate"":0.6578491640398856,""prior_champion_observation_count"":14,""prior_core_state"":null,""prior_effective_evidence"":13.93176146637807,""prior_median_performance"":15.305000000000001,""prior_player_rating"":1511.998539429538,""prior_q25_performance"":9.706,""prior_raw_observation_count"":14,""prior_residual_uncertainty"":0.2614074531706345,""prior_role_adjusted_kp"":0.013460977782606983,""prior_role_relative_rating"":0.11998539429537886,""prior_starter_reliability"":0.8787621950717374,""prior_team_state"":null,""prior_team_strength"":null,""schedule_opponent_context"":null}",,9.370875,2026 - Split 1,lcs_fantasy_split1_2026_reconstructed_v1,"{""dataset"":""feature_provenance"",""max_source_timestamp"":""2024-03-10T20:56:40Z""}",RECONSTRUCTED_NON_OFFICIAL_SPLIT1_2026_RULES,RECONSTRUCTED_COMPLETE_UNDER_POLICY;RECONSTRUCTED_EXCLUDED_COMPONENTS;RECONSTRUCTED_PROXY_USED
oe:player:05fafeaf23dc3285558a4e968970b9f,oe:team:8eb884e168f28402ce685bedebb5250,SUP,period:448a8f91622619afdbe7,2024-03-14T20:08:02Z,true,protected_selection_2024,"{""bo_format_context"":null,""canonical_matchup_probability"":null,""playstyle_class_1_probability"":0.4695418398203923,""playstyle_class_2_probability"":0.2939467630701522,""playstyle_uncertainty"":0.3650379859368192,""playstyle_unknown_probability"":0.23651139710945537,""prior_above_role_median_rate"":0.5889011826482422,""prior_champion_observation_count"":277,""prior_core_state"":null,""prior_effective_evidence"":60.8471457659176,""prior_median_performance"":15.983699999999999,""prior_player_rating"":1503.617427391533,""prior_q25_performance"":9.6165,""prior_raw_observation_count"":277,""prior_residual_uncertainty"":0.1,""prior_role_adjusted_kp"":-0.12279983858111128,""prior_role_relative_rating"":0.036174273915330124,""prior_starter_reliability"":0.9423829044781333,""prior_team_state"":null,""prior_team_strength"":null,""schedule_opponent_context"":null}",,24.485062499999998,2026 - Split 1,lcs_fantasy_split1_2026_reconstructed_v1,"{""dataset"":""feature_provenance"",""max_source_timestamp"":""2024-03-10T20:07:55Z""}",RECONSTRUCTED_NON_OFFICIAL_SPLIT1_2026_RULES,RECONSTRUCTED_COMPLETE_UNDER_POLICY;RECONSTRUCTED_EXCLUDED_COMPONENTS;RECONSTRUCTED_PROXY_USED
oe:player:08936c56ab5a6453c58974a619651c3,oe:team:0dbb780176ecad18f17292d1f5653af,JGL,period:448a8f91622619afdbe7,2024-03-14T20:08:02Z,true,protected_selection_2024,"{""bo_format_context"":null,""canonical_matchup_probability"":null,""playstyle_class_1_probability"":null,""playstyle_class_2_probability"":null,""playstyle_uncertainty"":null,""playstyle_unknown_probability"":null,""prior_above_role_median_rate"":0.4667646675822182,""prior_champion_observation_count"":24,""prior_core_state"":null,""prior_effective_evidence"":15.823117885963024,""prior_median_performance"":11.582,""prior_player_rating"":1482.5019154805657,""prior_q25_performance"":3.98,""prior_raw_observation_count"":24,""prior_residual_uncertainty"":0.21390947779237998,""prior_role_adjusted_kp"":-0.24943661769355965,""prior_role_relative_rating"":-0.1749808451943439,""prior_starter_reliability"":0.8882327826224544,""prior_team_state"":null,""prior_team_strength"":null,""schedule_opponent_context"":null}",,8.185,2026 - Split 1,lcs_fantasy_split1_2026_reconstructed_v1,"{""dataset"":""feature_provenance"",""max_source_timestamp"":""2024-03-10T23:49:34Z""}",RECONSTRUCTED_NON_OFFICIAL_SPLIT1_2026_RULES,RECONSTRUCTED_COMPLETE_UNDER_POLICY;RECONSTRUCTED_EXCLUDED_COMPONENTS;RECONSTRUCTED_PROXY_USED
oe:player:1970fcb701acce66e0771946bbb3105,oe:team:8eb884e168f28402ce685bedebb5250,JGL,period:448a8f91622619afdbe7,2024-03-14T20:08:02Z,true,protected_selection_2024,"{""bo_format_context"":null,""canonical_matchup_probability"":null,""playstyle_class_1_probability"":null,""playstyle_class_2_probability"":null,""playstyle_uncertainty"":null,""playstyle_unknown_probability"":null,""prior_above_role_median_rate"":0.29485839475457276,""prior_champion_observation_count"":14,""prior_core_state"":null,""prior_effective_evidence"":13.931828021399927,""prior_median_performance"":12.0,""prior_player_rating"":1479.281034576233,""prior_q25_performance"":6.09,""prior_raw_observation_count"":14,""prior_residual_uncertainty"":0.1885499240229916,""prior_role_adjusted_kp"":-0.29178236582384603,""prior_role_relative_rating"":-0.20718965423767052,""prior_starter_reliability"":0.8787606622828363,""prior_team_state"":null,""prior_team_strength"":null,""schedule_opponent_context"":null}",,20.692,2026 - Split 1,lcs_fantasy_split1_2026_reconstructed_v1,"{""dataset"":""feature_provenance"",""max_source_timestamp"":""2024-03-10T20:07:55Z""}",RECONSTRUCTED_NON_OFFICIAL_SPLIT1_2026_RULES,RECONSTRUCTED_COMPLETE_UNDER_POLICY;RECONSTRUCTED_EXCLUDED_COMPONENTS;RECONSTRUCTED_PROXY_USED
oe:player:1d22c812efd7b8a4244d93c51acc399,oe:team:0dbb780176ecad18f17292d1f5653af,MID,period:448a8f91622619afdbe7,2024-03-14T20:08:02Z,true,protected_selection_2024,"{""bo_format_context"":null,""canonical_matchup_probability"":null,""playstyle_class_1_probability"":null,""playstyle_class_2_probability"":null,""playstyle_uncertainty"":null,""playstyle_unknown_probability"":null,""prior_above_role_median_rate"":0.39658853395181365,""prior_champion_observation_count"":15,""prior_core_state"":null,""prior_effective_evidence"":14.922896436069053,""prior_median_performance"":15.65,""prior_player_rating"":1485.8928290105139,""prior_q25_performance"":7.73,""prior_raw_observation_count"":15,""prior_residual_uncertainty"":0.19459440609058423,""prior_role_adjusted_kp"":-0.10822154945501239,""prior_role_relative_rating"":-0.14107170989486034,""prior_starter_reliability"":0.8855957385202252,""prior_team_state"":null,""prior_team_strength"":null,""schedule_opponent_context"":null}",,3.5060000000000002,2026 - Split 1,lcs_fantasy_split1_2026_reconstructed_v1,"{""dataset"":""feature_provenance"",""max_source_timestamp"":""2024-03-10T23:49:34Z""}",RECONSTRUCTED_NON_OFFICIAL_SPLIT1_2026_RULES,RECONSTRUCTED_COMPLETE_UNDER_POLICY;RECONSTRUCTED_EXCLUDED_COMPONENTS;RECONSTRUCTED_PROXY_USED
oe:player:21f59b54f62b5b8b4bc0f63f0f617fc,oe:team:8eb884e168f28402ce685bedebb5250,TOP,period:448a8f91622619afdbe7,2024-03-14T20:08:02Z,true,protected_selection_2024,"{""bo_format_context"":null,""canonical_matchup_probability"":null,""playstyle_class_1_probability"":0.33642941307572893,""playstyle_class_2_probability"":0.5059452831799713,""playstyle_uncertainty"":0.3271327805501262,""playstyle_unknown_probability"":0.15762530374429973,""prior_above_role_median_rate"":0.4672778521950817,""prior_champion_observation_count"":267,""prior_core_state"":null,""prior_effective_evidence"":50.28064790232622,""prior_median_performance"":11.698,""prior_player_rating"":1498.8567795194701,""prior_q25_performance"":6.66,""prior_raw_observation_count"":267,""prior_residual_uncertainty"":0.12026134677078235,""prior_role_adjusted_kp"":0.0447347857004092,""prior_role_relative_rating"":-0.011432204805299231,""prior_starter_reliability"":0.9336001250289758,""prior_team_state"":null,""prior_team_strength"":null,""schedule_opponent_context"":null}",,19.242250000000002,2026 - Split 1,lcs_fantasy_split1_2026_reconstructed_v1,"{""dataset"":""feature_provenance"",""max_source_timestamp"":""2024-03-10T20:07:55Z""}",RECONSTRUCTED_NON_OFFICIAL_SPLIT1_2026_RULES,RECONSTRUCTED_COMPLETE_UNDER_POLICY;RECONSTRUCTED_EXCLUDED_COMPONENTS;RECONSTRUCTED_PROXY_USED
oe:player:3e722c8ede909c83af9342c41805a16,oe:team:2e66da41dc460dd378e3bcc57042d31,SUP,period:448a8f91622619afdbe7,2024-03-14T20:08:02Z,true,protected_selection_2024,"{""bo_format_context"":null,""canonical_matchup_probability"":null,""playstyle_class_1_probability"":0.382701208225579,""playstyle_class_2_probability"":0.32508740027479766,""playstyle_uncertainty"":0.3363627251928878,""playstyle_unknown_probability"":0.2922113914996233,""prior_above_role_median_rate"":0.5832227020881438,""prior_champion_observation_count"":65,""prior_core_state"":null,""prior_effective_evidence"":40.16535746172117,""prior_median_performance"":19.4742,""prior_player_rating"":1513.50822286175,""prior_q25_performance"":10.7698,""prior_raw_observation_count"":65,""prior_residual_uncertainty"":0.12023054170117728,""prior_role_adjusted_kp"":0.13884582285577443,""prior_role_relative_rating"":0.13508222861749952,""prior_starter_reliability"":0.9274747753405217,""prior_team_state"":null,""prior_team_strength"":null,""schedule_opponent_context"":null}",,20.96902,2026 - Split 1,lcs_fantasy_split1_2026_reconstructed_v1,"{""dataset"":""feature_provenance"",""max_source_timestamp"":""2024-03-10T22:55:33Z""}",RECONSTRUCTED_NON_OFFICIAL_SPLIT1_2026_RULES,RECONSTRUCTED_COMPLETE_UNDER_POLICY;RECONSTRUCTED_EXCLUDED_COMPONENTS;RECONSTRUCTED_PROXY_USED
oe:player:40704dfd2d966862568d29770de57bd,oe:team:0dbb780176ecad18f17292d1f5653af,SUP,period:448a8f91622619afdbe7,2024-03-14T20:08:02Z,true,protected_selection_2024,"{""bo_format_context"":null,""canonical_matchup_probability"":null,""playstyle_class_1_probability"":0.3891584096237873,""playstyle_class_2_probability"":0.28733694249124864,""playstyle_uncertainty"":0.3842261043707818,""playstyle_unknown_probability"":0.3235046478849641,""prior_above_role_median_rate"":0.5951815942738726,""prior_champion_observation_count"":31,""prior_core_state"":null,""prior_effective_evidence"":15.776915685438912,""prior_median_performance"":21.255200000000002,""prior_player_rating"":1510.8593496332992,""prior_q25_performance"":8.987300000000001,""prior_raw_observation_count"":31,""prior_residual_uncertainty"":0.20722425084040774,""prior_role_adjusted_kp"":0.09611869048127614,""prior_role_relative_rating"":0.10859349633299119,""prior_starter_reliability"":0.8880668367332835,""prior_team_state"":null,""prior_team_strength"":null,""schedule_opponent_context"":null}",,9.663933333333334,2026 - Split 1,lcs_fantasy_split1_2026_reconstructed_v1,"{""dataset"":""feature_provenance"",""max_source_timestamp"":""2024-03-10T23:49:34Z""}",RECONSTRUCTED_NON_OFFICIAL_SPLIT1_2026_RULES,RECONSTRUCTED_COMPLETE_UNDER_POLICY;RECONSTRUCTED_EXCLUDED_COMPONENTS;RECONSTRUCTED_PROXY_USED
oe:player:460ae5a7af8d68f7831b70307210ab3,oe:team:fc8e90107dabb9a35c490b0d86adea0,BOT,period:448a8f91622619afdbe7,2024-03-14T20:08:02Z,true,protected_selection_2024,"{""bo_format_context"":null,""canonical_matchup_probability"":null,""playstyle_class_1_probability"":null,""playstyle_class_2_probability"":null,""playstyle_uncertainty"":null,""playstyle_unknown_probability"":null,""prior_above_role_median_rate"":0.5559972172606529,""prior_champion_observation_count"":132,""prior_core_state"":null,""prior_effective_evidence"":54.964300439970515,""prior_median_performance"":19.084,""prior_player_rating"":1511.219242250087,""prior_q25_performance"":11.129999999999999,""prior_raw_observation_count"":132,""prior_residual_uncertainty"":0.11876734144119858,""prior_role_adjusted_kp"":-0.005819106500993059,""prior_role_relative_rating"":0.11219242250087114,""prior_starter_reliability"":0.938336497312065,""prior_team_state"":null,""prior_team_strength"":null,""schedule_opponent_context"":null}",,21.236666666666668,2026 - Split 1,lcs_fantasy_split1_2026_reconstructed_v1,"{""dataset"":""feature_provenance"",""max_source_timestamp"":""2024-03-10T21:46:38Z""}",RECONSTRUCTED_NON_OFFICIAL_SPLIT1_2026_RULES,RECONSTRUCTED_COMPLETE_UNDER_POLICY;RECONSTRUCTED_EXCLUDED_COMPONENTS;RECONSTRUCTED_PROXY_USED
oe:player:4db47d64e2721bf7a93ebf42e488852,oe:team:4bd1751425ef6a9bc9d4d8e9385b4a6,BOT,period:448a8f91622619afdbe7,2024-03-14T20:08:02Z,true,protected_selection_2024,"{""bo_format_context"":null,""canonical_matchup_probability"":null,""playstyle_class_1_probability"":null,""playstyle_class_2_probability"":null,""playstyle_uncertainty"":null,""playstyle_unknown_probability"":null,""prior_above_role_median_rate"":0.5790396998367661,""prior_champion_observation_count"":14,""prior_core_state"":null,""prior_effective_evidence"":13.93176146637807,""prior_median_performance"":23.053,""prior_player_rating"":1506.6570719755787,""prior_q25_performance"":12.22,""prior_raw_observation_count"":14,""prior_residual_uncertainty"":0.23221733524773266,""prior_role_adjusted_kp"":-0.10027570149309448,""prior_role_relative_rating"":0.06657071975578585,""prior_starter_reliability"":0.8787621950717374,""prior_team_state"":null,""prior_team_strength"":null,""schedule_opponent_context"":null}",,9.473875,2026 - Split 1,lcs_fantasy_split1_2026_reconstructed_v1,"{""dataset"":""feature_provenance"",""max_source_timestamp"":""2024-03-10T20:56:40Z""}",RECONSTRUCTED_NON_OFFICIAL_SPLIT1_2026_RULES,RECONSTRUCTED_COMPLETE_UNDER_POLICY;RECONSTRUCTED_EXCLUDED_COMPONENTS;RECONSTRUCTED_PROXY_USED
oe:player:5385f74da3e5deb5b66d9a1ee56cf97,oe:team:e758ebe9a5a2cc81b9c8078479c2d87,TOP,period:448a8f91622619afdbe7,2024-03-14T20:08:02Z,true,protected_selection_2024,"{""bo_format_context"":null,""canonical_matchup_probability"":null,""playstyle_class_1_probability"":0.31353793246263534,""playstyle_class_2_probability"":0.5036245733358589,""playstyle_uncertainty"":0.3023756175267663,""playstyle_unknown_probability"":0.18283749420150583,""prior_above_role_median_rate"":0.49497576296511403,""prior_champion_observation_count"":113,""prior_core_state"":null,""prior_effective_evidence"":58.135613357102585,""prior_median_performance"":12.43,""prior_player_rating"":1489.6260152458265,""prior_q25_performance"":5.05,""prior_raw_observation_count"":113,""prior_residual_uncertainty"":0.1137933138440335,""prior_role_adjusted_kp"":-0.12048254112803486,""prior_role_relative_rating"":-0.10373984754173572,""prior_starter_reliability"":0.9427972674671404,""prior_team_state"":null,""prior_team_strength"":null,""schedule_opponent_context"":null}",,13.4192,2026 - Split 1,lcs_fantasy_split1_2026_reconstructed_v1,"{""dataset"":""feature_provenance"",""max_source_timestamp"":""2024-03-10T23:49:34Z""}",RECONSTRUCTED_NON_OFFICIAL_SPLIT1_2026_RULES,RECONSTRUCTED_COMPLETE_UNDER_POLICY;RECONSTRUCTED_EXCLUDED_COMPONENTS;RECONSTRUCTED_PROXY_USED
oe:player:6378658dafc3eeb902fa2e52f909172,oe:team:0dbb780176ecad18f17292d1f5653af,BOT,period:448a8f91622619afdbe7,2024-03-14T20:08:02Z,true,protected_selection_2024,"{""bo_format_context"":null,""canonical_matchup_probability"":null,""playstyle_class_1_probability"":null,""playstyle_class_2_probability"":null,""playstyle_uncertainty"":null,""playstyle_unknown_probability"":null,""prior_above_role_median_rate"":0.4914160273866387,""prior_champion_observation_count"":64,""prior_core_state"":null,""prior_effective_evidence"":35.6924812043735,""prior_median_performance"":15.01,""prior_player_rating"":1497.1030937672645,""prior_q25_performance"":6.890000000000001,""prior_raw_observation_count"":64,""prior_residual_uncertainty"":0.15982677595456313,""prior_role_adjusted_kp"":-0.06879069300768265,""prior_role_relative_rating"":-0.028969062327356132,""prior_starter_reliability"":0.925770076931227,""prior_team_state"":null,""prior_team_strength"":null,""schedule_opponent_context"":null}",,7.050666666666667,2026 - Split 1,lcs_fantasy_split1_2026_reconstructed_v1,"{""dataset"":""feature_provenance"",""max_source_timestamp"":""2024-03-10T23:49:34Z""}",RECONSTRUCTED_NON_OFFICIAL_SPLIT1_2026_RULES,RECONSTRUCTED_COMPLETE_UNDER_POLICY;RECONSTRUCTED_EXCLUDED_COMPONENTS;RECONSTRUCTED_PROXY_USED
oe:player:6fbf57b984dbf130701e09ea4110bb8,oe:team:0dbb780176ecad18f17292d1f5653af,TOP,period:448a8f91622619afdbe7,2024-03-14T20:08:02Z,true,protected_selection_2024,"{""bo_format_context"":null,""canonical_matchup_probability"":null,""playstyle_class_1_probability"":0.3264416811755599,""playstyle_class_2_probability"":0.41354371847942534,""playstyle_uncertainty"":0.29840730762495565,""playstyle_unknown_probability"":0.26001460034501483,""prior_above_role_median_rate"":0.45753634724656633,""prior_champion_observation_count"":42,""prior_core_state"":null,""prior_effective_evidence"":31.554761431319577,""prior_median_performance"":10.843,""prior_player_rating"":1497.5180999943457,""prior_q25_performance"":5.26,""prior_raw_observation_count"":42,""prior_residual_uncertainty"":0.16011646700117127,""prior_role_adjusted_kp"":0.11832052035040695,""prior_role_relative_rating"":-0.02481900005654215,""prior_starter_reliability"":0.921263333722871,""prior_team_state"":null,""prior_team_strength"":null,""schedule_opponent_context"":null}",,8.775,2026 - Split 1,lcs_fantasy_split1_2026_reconstructed_v1,"{""dataset"":""feature_provenance"",""max_source_timestamp"":""2024-03-10T23:49:34Z""}",RECONSTRUCTED_NON_OFFICIAL_SPLIT1_2026_RULES,RECONSTRUCTED_COMPLETE_UNDER_POLICY;RECONSTRUCTED_EXCLUDED_COMPONENTS;RECONSTRUCTED_PROXY_USED
oe:player:73d2b65353d7b00e0f198ffdc085edc,oe:team:e758ebe9a5a2cc81b9c8078479c2d87,BOT,period:448a8f91622619afdbe7,2024-03-14T20:08:02Z,true,protected_selection_2024,"{""bo_format_context"":null,""canonical_matchup_probability"":null,""playstyle_class_1_probability"":null,""playstyle_class_2_probability"":null,""playstyle_uncertainty"":null,""playstyle_unknown_probability"":null,""prior_above_role_median_rate"":0.5444775519538376,""prior_champion_observation_count"":281,""prior_core_state"":null,""prior_effective_evidence"":63.35429813951829,""prior_median_performance"":16.65,""prior_player_rating"":1509.3688181246337,""prior_q25_performance"":9.780000000000001,""prior_raw_observation_count"":281,""prior_residual_uncertainty"":0.11619573473593763,""prior_role_adjusted_kp"":0.16680139995145932,""prior_role_relative_rating"":0.09368818124633727,""prior_starter_reliability"":0.9449558117112298,""prior_team_state"":null,""prior_team_strength"":null,""schedule_opponent_context"":null}",,20.0152,2026 - Split 1,lcs_fantasy_split1_2026_reconstructed_v1,"{""dataset"":""feature_provenance"",""max_source_timestamp"":""2024-03-10T23:49:34Z""}",RECONSTRUCTED_NON_OFFICIAL_SPLIT1_2026_RULES,RECONSTRUCTED_COMPLETE_UNDER_POLICY;RECONSTRUCTED_EXCLUDED_COMPONENTS;RECONSTRUCTED_PROXY_USED
oe:player:7c3395efccd48fe73592001501bef83,oe:team:4bd1751425ef6a9bc9d4d8e9385b4a6,JGL,period:448a8f91622619afdbe7,2024-03-14T20:08:02Z,true,protected_selection_2024,"{""bo_format_context"":null,""canonical_matchup_probability"":null,""playstyle_class_1_probability"":null,""playstyle_class_2_probability"":null,""playstyle_uncertainty"":null,""playstyle_unknown_probability"":null,""prior_above_role_median_rate"":0.6242121923963878,""prior_champion_observation_count"":129,""prior_core_state"":null,""prior_effective_evidence"":57.09558716658086,""prior_median_performance"":16.64,""prior_player_rating"":1502.3470176538517,""prior_q25_performance"":8.883,""prior_raw_observation_count"":129,""prior_residual_uncertainty"":0.10991436038766021,""prior_role_adjusted_kp"":-0.20491339144247717,""prior_role_relative_rating"":0.023470176538515953,""prior_starter_reliability"":0.9399248590147363,""prior_team_state"":null,""prior_team_strength"":null,""schedule_opponent_context"":null}",,14.867125,2026 - Split 1,lcs_fantasy_split1_2026_reconstructed_v1,"{""dataset"":""feature_provenance"",""max_source_timestamp"":""2024-03-10T20:56:40Z""}",RECONSTRUCTED_NON_OFFICIAL_SPLIT1_2026_RULES,RECONSTRUCTED_COMPLETE_UNDER_POLICY;RECONSTRUCTED_EXCLUDED_COMPONENTS;RECONSTRUCTED_PROXY_USED
oe:player:7e0e7ac2a199e8e2ecb30499a3b2153,oe:team:2e66da41dc460dd378e3bcc57042d31,MID,period:448a8f91622619afdbe7,2024-03-14T20:08:02Z,true,protected_selection_2024,"{""bo_format_context"":null,""canonical_matchup_probability"":null,""playstyle_class_1_probability"":null,""playstyle_class_2_probability"":null,""playstyle_uncertainty"":null,""playstyle_unknown_probability"":null,""prior_above_role_median_rate"":0.5632190346383439,""prior_champion_observation_count"":235,""prior_core_state"":null,""prior_effective_evidence"":46.563969823122534,""prior_median_performance"":17.116,""prior_player_rating"":1503.2575175425914,""prior_q25_performance"":9.034,""prior_raw_observation_count"":235,""prior_residual_uncertainty"":0.14365040412321053,""prior_role_adjusted_kp"":0.03779007883490396,""prior_role_relative_rating"":0.032575175425913615,""prior_starter_reliability"":0.9324215912468258,""prior_team_state"":null,""prior_team_strength"":null,""schedule_opponent_context"":null}",,24.602600000000002,2026 - Split 1,lcs_fantasy_split1_2026_reconstructed_v1,"{""dataset"":""feature_provenance"",""max_source_timestamp"":""2024-03-10T22:55:33Z""}",RECONSTRUCTED_NON_OFFICIAL_SPLIT1_2026_RULES,RECONSTRUCTED_COMPLETE_UNDER_POLICY;RECONSTRUCTED_EXCLUDED_COMPONENTS;RECONSTRUCTED_PROXY_USED
oe:player:7e2505960c12cc54c96a0a6efb2e055,oe:team:2e66da41dc460dd378e3bcc57042d31,TOP,period:448a8f91622619afdbe7,2024-03-14T20:08:02Z,true,protected_selection_2024,"{""bo_format_context"":null,""canonical_matchup_probability"":null,""playstyle_class_1_probability"":0.17810060865869468,""playstyle_class_2_probability"":0.563684959322768,""playstyle_uncertainty"":0.37117072413623214,""playstyle_unknown_probability"":0.2582144320185374,""prior_above_role_median_rate"":0.5755594496278632,""prior_champion_observation_count"":94,""prior_core_state"":null,""prior_effective_evidence"":21.31840271713333,""prior_median_performance"":15.049999999999999,""prior_player_rating"":1506.6391182807708,""prior_q25_performance"":9.36,""prior_raw_observation_count"":94,""prior_residual_uncertainty"":0.1937161326571906,""prior_role_adjusted_kp"":-0.03314477406246269,""prior_role_relative_rating"":0.06639118280770916,""prior_starter_reliability"":0.8977070679425067,""prior_team_state"":null,""prior_team_strength"":null,""schedule_opponent_context"":null}",,17.9926,2026 - Split 1,lcs_fantasy_split1_2026_reconstructed_v1,"{""dataset"":""feature_provenance"",""max_source_timestamp"":""2024-03-10T22:55:33Z""}",RECONSTRUCTED_NON_OFFICIAL_SPLIT1_2026_RULES,RECONSTRUCTED_COMPLETE_UNDER_POLICY;RECONSTRUCTED_EXCLUDED_COMPONENTS;RECONSTRUCTED_PROXY_USED
oe:player:81acc6bcde5c927c78e0990e9887f84,oe:team:fc8e90107dabb9a35c490b0d86adea0,SUP,period:448a8f91622619afdbe7,2024-03-14T20:08:02Z,true,protected_selection_2024,"{""bo_format_context"":null,""canonical_matchup_probability"":null,""playstyle_class_1_probability"":0.40046734728110633,""playstyle_class_2_probability"":0.3457922764487307,""playstyle_uncertainty"":0.3801366385952717,""playstyle_unknown_probability"":0.25374037627016305,""prior_above_role_median_rate"":0.4539428199179359,""prior_champion_observation_count"":293,""prior_core_state"":null,""prior_effective_evidence"":47.92328005590986,""prior_median_performance"":13.971799999999998,""prior_player_rating"":1502.4583411821063,""prior_q25_performance"":8.7787,""prior_raw_observation_count"":293,""prior_residual_uncertainty"":0.12787571153202462,""prior_role_adjusted_kp"":-0.04555302717686498,""prior_role_relative_rating"":0.02458341182106432,""prior_starter_reliability"":0.9318498778348556,""prior_team_state"":null,""prior_team_strength"":null,""schedule_opponent_context"":null}",,24.247666666666664,2026 - Split 1,lcs_fantasy_split1_2026_reconstructed_v1,"{""dataset"":""feature_provenance"",""max_source_timestamp"":""2024-03-10T21:46:38Z""}",RECONSTRUCTED_NON_OFFICIAL_SPLIT1_2026_RULES,RECONSTRUCTED_COMPLETE_UNDER_POLICY;RECONSTRUCTED_EXCLUDED_COMPONENTS;RECONSTRUCTED_PROXY_USED
oe:player:83eb62484689106807fcf5ad55b5479,oe:team:fc8e90107dabb9a35c490b0d86adea0,MID,period:448a8f91622619afdbe7,2024-03-14T20:08:02Z,true,protected_selection_2024,"{""bo_format_context"":null,""canonical_matchup_probability"":null,""playstyle_class_1_probability"":null,""playstyle_class_2_probability"":null,""playstyle_uncertainty"":null,""playstyle_unknown_probability"":null,""prior_above_role_median_rate"":0.649329940699767,""prior_champion_observation_count"":154,""prior_core_state"":null,""prior_effective_evidence"":55.33828010076326,""prior_median_performance"":17.434,""prior_player_rating"":1512.4943409860784,""prior_q25_performance"":10.11,""prior_raw_observation_count"":154,""prior_residual_uncertainty"":0.13082849653445386,""prior_role_adjusted_kp"":0.20989484399324507,""prior_role_relative_rating"":0.12494340986078359,""prior_starter_reliability"":0.9382818068634643,""prior_team_state"":null,""prior_team_strength"":null,""schedule_opponent_context"":null}",,21.850333333333328,2026 - Split 1,lcs_fantasy_split1_2026_reconstructed_v1,"{""dataset"":""feature_provenance"",""max_source_timestamp"":""2024-03-10T21:46:38Z""}",RECONSTRUCTED_NON_OFFICIAL_SPLIT1_2026_RULES,RECONSTRUCTED_COMPLETE_UNDER_POLICY;RECONSTRUCTED_EXCLUDED_COMPONENTS;RECONSTRUCTED_PROXY_USED
oe:player:8a5dbe19794784cfd0553556844f045,oe:team:e758ebe9a5a2cc81b9c8078479c2d87,JGL,period:448a8f91622619afdbe7,2024-03-14T20:08:02Z,true,protected_selection_2024,"{""bo_format_context"":null,""canonical_matchup_probability"":null,""playstyle_class_1_probability"":null,""playstyle_class_2_probability"":null,""playstyle_uncertainty"":null,""playstyle_unknown_probability"":null,""prior_above_role_median_rate"":0.5241684613058123,""prior_champion_observation_count"":165,""prior_core_state"":null,""prior_effective_evidence"":60.52602582559102,""prior_median_performance"":15.25,""prior_player_rating"":1501.468002857908,""prior_q25_performance"":6.61,""prior_raw_observation_count"":165,""prior_residual_uncertainty"":0.11836252715199279,""prior_role_adjusted_kp"":-0.010375354313695911,""prior_role_relative_rating"":0.014680028579080458,""prior_starter_reliability"":0.943828781417613,""prior_team_state"":null,""prior_team_strength"":null,""schedule_opponent_context"":null}",,12.7732,2026 - Split 1,lcs_fantasy_split1_2026_reconstructed_v1,"{""dataset"":""feature_provenance"",""max_source_timestamp"":""2024-03-10T23:49:34Z""}",RECONSTRUCTED_NON_OFFICIAL_SPLIT1_2026_RULES,RECONSTRUCTED_COMPLETE_UNDER_POLICY;RECONSTRUCTED_EXCLUDED_COMPONENTS;RECONSTRUCTED_PROXY_USED
oe:player:8f8eaac8e99c203ee76e57c5c81c91f,oe:team:4bd1751425ef6a9bc9d4d8e9385b4a6,MID,period:448a8f91622619afdbe7,2024-03-14T20:08:02Z,true,protected_selection_2024,"{""bo_format_context"":null,""canonical_matchup_probability"":null,""playstyle_class_1_probability"":null,""playstyle_class_2_probability"":null,""playstyle_uncertainty"":null,""playstyle_unknown_probability"":null,""prior_above_role_median_rate"":0.5442809476600429,""prior_champion_observation_count"":34,""prior_core_state"":null,""prior_effective_evidence"":26.026622915461974,""prior_median_performance"":20.92,""prior_player_rating"":1504.1103661973377,""prior_q25_performance"":11.118,""prior_raw_observation_count"":34,""prior_residual_uncertainty"":0.17611827404975156,""prior_role_adjusted_kp"":-0.08808725088361746,""prior_role_relative_rating"":0.04110366197337725,""prior_starter_reliability"":0.9104661561450588,""prior_team_state"":null,""prior_team_strength"":null,""schedule_opponent_context"":null}",,23.560625,2026 - Split 1,lcs_fantasy_split1_2026_reconstructed_v1,"{""dataset"":""feature_provenance"",""max_source_timestamp"":""2024-03-10T20:56:40Z""}",RECONSTRUCTED_NON_OFFICIAL_SPLIT1_2026_RULES,RECONSTRUCTED_COMPLETE_UNDER_POLICY;RECONSTRUCTED_EXCLUDED_COMPONENTS;RECONSTRUCTED_PROXY_USED
oe:player:9191e392e93a6ef011ef76b5b83ee6c,oe:team:e758ebe9a5a2cc81b9c8078479c2d87,SUP,period:448a8f91622619afdbe7,2024-03-14T20:08:02Z,true,protected_selection_2024,"{""bo_format_context"":null,""canonical_matchup_probability"":null,""playstyle_class_1_probability"":0.4923299794869918,""playstyle_class_2_probability"":0.22344532375093637,""playstyle_uncertainty"":0.3809399064468507,""playstyle_unknown_probability"":0.2842246967620718,""prior_above_role_median_rate"":0.4388287024300107,""prior_champion_observation_count"":272,""prior_core_state"":null,""prior_effective_evidence"":63.02825072047852,""prior_median_performance"":14.1606,""prior_player_rating"":1500.1013491968936,""prior_q25_performance"":8.9501,""prior_raw_observation_count"":272,""prior_residual_uncertainty"":0.11159270823404073,""prior_role_adjusted_kp"":-0.22825210571319354,""prior_role_relative_rating"":0.0010134919689358604,""prior_starter_reliability"":0.9441495110862598,""prior_team_state"":null,""prior_team_strength"":null,""schedule_opponent_context"":null}",,15.56602,2026 - Split 1,lcs_fantasy_split1_2026_reconstructed_v1,"{""dataset"":""feature_provenance"",""max_source_timestamp"":""2024-03-10T23:49:34Z""}",RECONSTRUCTED_NON_OFFICIAL_SPLIT1_2026_RULES,RECONSTRUCTED_COMPLETE_UNDER_POLICY;RECONSTRUCTED_EXCLUDED_COMPONENTS;RECONSTRUCTED_PROXY_USED
oe:player:a8307167f3a1c933295bb9e3d43700e,oe:team:2e66da41dc460dd378e3bcc57042d31,JGL,period:448a8f91622619afdbe7,2024-03-14T20:08:02Z,true,protected_selection_2024,"{""bo_format_context"":null,""canonical_matchup_probability"":null,""playstyle_class_1_probability"":null,""playstyle_class_2_probability"":null,""playstyle_uncertainty"":null,""playstyle_unknown_probability"":null,""prior_above_role_median_rate"":0.6656599513580869,""prior_champion_observation_count"":125,""prior_core_state"":null,""prior_effective_evidence"":32.43398448891085,""prior_median_performance"":18.259999999999998,""prior_player_rating"":1504.0572944170801,""prior_q25_performance"":9.01,""prior_raw_observation_count"":125,""prior_residual_uncertainty"":0.1494268496721151,""prior_role_adjusted_kp"":-0.2369955055006232,""prior_role_relative_rating"":0.04057294417080188,""prior_starter_reliability"":0.9156649498566143,""prior_team_state"":null,""prior_team_strength"":null,""schedule_opponent_context"":null}",,23.344,2026 - Split 1,lcs_fantasy_split1_2026_reconstructed_v1,"{""dataset"":""feature_provenance"",""max_source_timestamp"":""2024-03-10T22:55:33Z""}",RECONSTRUCTED_NON_OFFICIAL_SPLIT1_2026_RULES,RECONSTRUCTED_COMPLETE_UNDER_POLICY;RECONSTRUCTED_EXCLUDED_COMPONENTS;RECONSTRUCTED_PROXY_USED
oe:player:c145139d26813639b8fe6f4d0b28228,oe:team:2e66da41dc460dd378e3bcc57042d31,BOT,period:448a8f91622619afdbe7,2024-03-14T20:08:02Z,true,protected_selection_2024,"{""bo_format_context"":null,""canonical_matchup_probability"":null,""playstyle_class_1_probability"":null,""playstyle_class_2_probability"":null,""playstyle_uncertainty"":null,""playstyle_unknown_probability"":null,""prior_above_role_median_rate"":0.5719957173058486,""prior_champion_observation_count"":14,""prior_core_state"":null,""prior_effective_evidence"":13.931956451449462,""prior_median_performance"":18.744,""prior_player_rating"":1489.524253219948,""prior_q25_performance"":6.133,""prior_raw_observation_count"":14,""prior_residual_uncertainty"":0.23063439143905654,""prior_role_adjusted_kp"":-0.31132482372318365,""prior_role_relative_rating"":-0.10475746780052014,""prior_starter_reliability"":0.8787661870927098,""prior_team_state"":null,""prior_team_strength"":null,""schedule_opponent_context"":null}",,25.3636,2026 - Split 1,lcs_fantasy_split1_2026_reconstructed_v1,"{""dataset"":""feature_provenance"",""max_source_timestamp"":""2024-03-10T22:55:33Z""}",RECONSTRUCTED_NON_OFFICIAL_SPLIT1_2026_RULES,RECONSTRUCTED_COMPLETE_UNDER_POLICY;RECONSTRUCTED_EXCLUDED_COMPONENTS;RECONSTRUCTED_PROXY_USED
oe:player:dbe844fcbbc7f54654e54242e79acac,oe:team:4bd1751425ef6a9bc9d4d8e9385b4a6,SUP,period:448a8f91622619afdbe7,2024-03-14T20:08:02Z,true,protected_selection_2024,"{""bo_format_context"":null,""canonical_matchup_probability"":null,""playstyle_class_1_probability"":0.5112995869887148,""playstyle_class_2_probability"":0.27239592487640657,""playstyle_uncertainty"":0.30320006079685147,""playstyle_unknown_probability"":0.21630448813487863,""prior_above_role_median_rate"":0.563865561049377,""prior_champion_observation_count"":77,""prior_core_state"":null,""prior_effective_evidence"":41.556702197818424,""prior_median_performance"":19.410999999999998,""prior_player_rating"":1510.4657659477275,""prior_q25_performance"":10.2896,""prior_raw_observation_count"":77,""prior_residual_uncertainty"":0.1367526744650001,""prior_role_adjusted_kp"":0.0008207597880221395,""prior_role_relative_rating"":0.10465765947727484,""prior_starter_reliability"":0.9294864839054507,""prior_team_state"":null,""prior_team_strength"":null,""schedule_opponent_context"":null}",,16.0383375,2026 - Split 1,lcs_fantasy_split1_2026_reconstructed_v1,"{""dataset"":""feature_provenance"",""max_source_timestamp"":""2024-03-10T20:56:40Z""}",RECONSTRUCTED_NON_OFFICIAL_SPLIT1_2026_RULES,RECONSTRUCTED_COMPLETE_UNDER_POLICY;RECONSTRUCTED_EXCLUDED_COMPONENTS;RECONSTRUCTED_PROXY_USED
oe:player:ea9ed09584feecae0991089f087d2ce,oe:team:8eb884e168f28402ce685bedebb5250,MID,period:448a8f91622619afdbe7,2024-03-14T20:08:02Z,true,protected_selection_2024,"{""bo_format_context"":null,""canonical_matchup_probability"":null,""playstyle_class_1_probability"":null,""playstyle_class_2_probability"":null,""playstyle_uncertainty"":null,""playstyle_unknown_probability"":null,""prior_above_role_median_rate"":0.4752055578961408,""prior_champion_observation_count"":44,""prior_core_state"":null,""prior_effective_evidence"":33.99208426357455,""prior_median_performance"":15.41,""prior_player_rating"":1495.3924757665025,""prior_q25_performance"":9.46,""prior_raw_observation_count"":44,""prior_residual_uncertainty"":0.12761085107209655,""prior_role_adjusted_kp"":0.0068929035408314835,""prior_role_relative_rating"":-0.04607524233497533,""prior_starter_reliability"":0.923026369714697,""prior_team_state"":null,""prior_team_strength"":null,""schedule_opponent_context"":null}",,20.509625,2026 - Split 1,lcs_fantasy_split1_2026_reconstructed_v1,"{""dataset"":""feature_provenance"",""max_source_timestamp"":""2024-03-10T20:07:55Z""}",RECONSTRUCTED_NON_OFFICIAL_SPLIT1_2026_RULES,RECONSTRUCTED_COMPLETE_UNDER_POLICY;RECONSTRUCTED_EXCLUDED_COMPONENTS;RECONSTRUCTED_PROXY_USED
oe:player:ed455f823b6586e9e3621dfb5aeb42e,oe:team:fc8e90107dabb9a35c490b0d86adea0,JGL,period:448a8f91622619afdbe7,2024-03-14T20:08:02Z,true,protected_selection_2024,"{""bo_format_context"":null,""canonical_matchup_probability"":null,""playstyle_class_1_probability"":null,""playstyle_class_2_probability"":null,""playstyle_uncertainty"":null,""playstyle_unknown_probability"":null,""prior_above_role_median_rate"":0.6694822067694534,""prior_champion_observation_count"":295,""prior_core_state"":null,""prior_effective_evidence"":58.498814558569656,""prior_median_performance"":19.703,""prior_player_rating"":1519.0110700244802,""prior_q25_performance"":11.39,""prior_raw_observation_count"":295,""prior_residual_uncertainty"":0.10381208490653104,""prior_role_adjusted_kp"":0.1726557214509099,""prior_role_relative_rating"":0.19011070024480115,""prior_starter_reliability"":0.9400250921343406,""prior_team_state"":null,""prior_team_strength"":null,""schedule_opponent_context"":null}",,22.234333333333336,2026 - Split 1,lcs_fantasy_split1_2026_reconstructed_v1,"{""dataset"":""feature_provenance"",""max_source_timestamp"":""2024-03-10T21:46:38Z""}",RECONSTRUCTED_NON_OFFICIAL_SPLIT1_2026_RULES,RECONSTRUCTED_COMPLETE_UNDER_POLICY;RECONSTRUCTED_EXCLUDED_COMPONENTS;RECONSTRUCTED_PROXY_USED
oe:player:f02f1c8275084050765b4b6414bdfda,oe:team:fc8e90107dabb9a35c490b0d86adea0,TOP,period:448a8f91622619afdbe7,2024-03-14T20:08:02Z,true,protected_selection_2024,"{""bo_format_context"":null,""canonical_matchup_probability"":null,""playstyle_class_1_probability"":0.20053346690769117,""playstyle_class_2_probability"":0.6084061898319422,""playstyle_uncertainty"":0.32584628584770214,""playstyle_unknown_probability"":0.19106034326036672,""prior_above_role_median_rate"":0.5907304241998914,""prior_champion_observation_count"":238,""prior_core_state"":null,""prior_effective_evidence"":58.27759722113323,""prior_median_performance"":14.039,""prior_player_rating"":1512.6217260696662,""prior_q25_performance"":9.835,""prior_raw_observation_count"":238,""prior_residual_uncertainty"":0.1154858572971681,""prior_role_adjusted_kp"":0.07225843898980429,""prior_role_relative_rating"":0.12621726069666134,""prior_starter_reliability"":0.9399249260958491,""prior_team_state"":null,""prior_team_strength"":null,""schedule_opponent_context"":null}",,22.707333333333334,2026 - Split 1,lcs_fantasy_split1_2026_reconstructed_v1,"{""dataset"":""feature_provenance"",""max_source_timestamp"":""2024-03-10T21:46:38Z""}",RECONSTRUCTED_NON_OFFICIAL_SPLIT1_2026_RULES,RECONSTRUCTED_COMPLETE_UNDER_POLICY;RECONSTRUCTED_EXCLUDED_COMPONENTS;RECONSTRUCTED_PROXY_USED
oe:player:f6b8af05a5af22004a67a78f3046b92,oe:team:8eb884e168f28402ce685bedebb5250,BOT,period:448a8f91622619afdbe7,2024-03-14T20:08:02Z,true,protected_selection_2024,"{""bo_format_context"":null,""canonical_matchup_probability"":null,""playstyle_class_1_probability"":null,""playstyle_class_2_probability"":null,""playstyle_uncertainty"":null,""playstyle_unknown_probability"":null,""prior_above_role_median_rate"":0.4810376398946587,""prior_champion_observation_count"":74,""prior_core_state"":null,""prior_effective_evidence"":49.1111404596624,""prior_median_performance"":14.65,""prior_player_rating"":1497.587894679704,""prior_q25_performance"":10.15,""prior_raw_observation_count"":74,""prior_residual_uncertainty"":0.100661933938874,""prior_role_adjusted_kp"":-0.025279868014332296,""prior_role_relative_rating"":-0.024121053202958882,""prior_starter_reliability"":0.9364585910241935,""prior_team_state"":null,""prior_team_strength"":null,""schedule_opponent_context"":null}",,24.274875,2026 - Split 1,lcs_fantasy_split1_2026_reconstructed_v1,"{""dataset"":""feature_provenance"",""max_source_timestamp"":""2024-03-10T20:07:55Z""}",RECONSTRUCTED_NON_OFFICIAL_SPLIT1_2026_RULES,RECONSTRUCTED_COMPLETE_UNDER_POLICY;RECONSTRUCTED_EXCLUDED_COMPONENTS;RECONSTRUCTED_PROXY_USED
oe:player:fddde6d256bee26713f64ad9b2a9394,oe:team:e758ebe9a5a2cc81b9c8078479c2d87,MID,period:448a8f91622619afdbe7,2024-03-14T20:08:02Z,true,protected_selection_2024,"{""bo_format_context"":null,""canonical_matchup_probability"":null,""playstyle_class_1_probability"":null,""playstyle_class_2_probability"":null,""playstyle_uncertainty"":null,""playstyle_unknown_probability"":null,""prior_above_role_median_rate"":0.5024142157531409,""prior_champion_observation_count"":178,""prior_core_state"":null,""prior_effective_evidence"":60.83601021120752,""prior_median_performance"":15.373,""prior_player_rating"":1503.9653414850472,""prior_q25_performance"":10.95,""prior_raw_observation_count"":178,""prior_residual_uncertainty"":0.10735990783947473,""prior_role_adjusted_kp"":0.09850991084273492,""prior_role_relative_rating"":0.03965341485047324,""prior_starter_reliability"":0.9439564067850932,""prior_team_state"":null,""prior_team_strength"":null,""schedule_opponent_context"":null}",,13.0828,2026 - Split 1,lcs_fantasy_split1_2026_reconstructed_v1,"{""dataset"":""feature_provenance"",""max_source_timestamp"":""2024-03-10T23:49:34Z""}",RECONSTRUCTED_NON_OFFICIAL_SPLIT1_2026_RULES,RECONSTRUCTED_COMPLETE_UNDER_POLICY;RECONSTRUCTED_EXCLUDED_COMPONENTS;RECONSTRUCTED_PROXY_USED
oe:player:007be3acd5669d100711b13d79e2336,oe:team:4bd1751425ef6a9bc9d4d8e9385b4a6,TOP,period:5218e82018c8910d187b,2024-08-17T20:07:21Z,true,protected_selection_2024,"{""bo_format_context"":null,""canonical_matchup_probability"":null,""playstyle_class_1_probability"":0.2373711429876271,""playstyle_class_2_probability"":0.6084260833675327,""playstyle_uncertainty"":0.23785371822696855,""playstyle_unknown_probability"":0.15420277364484022,""prior_above_role_median_rate"":0.4346035298118541,""prior_champion_observation_count"":42,""prior_core_state"":null,""prior_effective_evidence"":37.74747662849374,""prior_median_performance"":9.86,""prior_player_rating"":1478.9805056557673,""prior_q25_performance"":3.21,""prior_raw_observation_count"":42,""prior_residual_uncertainty"":0.15015683002840324,""prior_role_adjusted_kp"":-0.2789643122364255,""prior_role_relative_rating"":-0.21019494344232764,""prior_starter_reliability"":0.9342159148114261,""prior_team_state"":null,""prior_team_strength"":null,""schedule_opponent_context"":null}",,17.366333333333333,2026 - Split 1,lcs_fantasy_split1_2026_reconstructed_v1,"{""dataset"":""feature_provenance"",""max_source_timestamp"":""2024-08-10T23:06:13Z""}",RECONSTRUCTED_NON_OFFICIAL_SPLIT1_2026_RULES,RECONSTRUCTED_COMPLETE_UNDER_POLICY;RECONSTRUCTED_EXCLUDED_COMPONENTS;RECONSTRUCTED_PROXY_USED
oe:player:10fcffece0ac7be85f09c4b51a75762,oe:team:0dbb780176ecad18f17292d1f5653af,BOT,period:5218e82018c8910d187b,2024-08-17T20:07:21Z,true,protected_selection_2024,"{""bo_format_context"":null,""canonical_matchup_probability"":null,""playstyle_class_1_probability"":null,""playstyle_class_2_probability"":null,""playstyle_uncertainty"":null,""playstyle_unknown_probability"":null,""prior_above_role_median_rate"":0.5949803590627869,""prior_champion_observation_count"":259,""prior_core_state"":null,""prior_effective_evidence"":36.960405064839506,""prior_median_performance"":17.9532,""prior_player_rating"":1512.5564721823878,""prior_q25_performance"":10.9624,""prior_raw_observation_count"":259,""prior_residual_uncertainty"":0.14829302747444498,""prior_role_adjusted_kp"":0.100746901749609,""prior_role_relative_rating"":0.1255647218238788,""prior_starter_reliability"":0.9255542619671341,""prior_team_state"":null,""prior_team_strength"":null,""schedule_opponent_context"":null}",,6.279333333333334,2026 - Split 1,lcs_fantasy_split1_2026_reconstructed_v1,"{""dataset"":""feature_provenance"",""max_source_timestamp"":""2024-08-11T23:48:41Z""}",RECONSTRUCTED_NON_OFFICIAL_SPLIT1_2026_RULES,RECONSTRUCTED_COMPLETE_UNDER_POLICY;RECONSTRUCTED_EXCLUDED_COMPONENTS;RECONSTRUCTED_PROXY_USED
oe:player:3e722c8ede909c83af9342c41805a16,oe:team:2e66da41dc460dd378e3bcc57042d31,SUP,period:5218e82018c8910d187b,2024-08-17T20:07:21Z,true,protected_selection_2024,"{""bo_format_context"":null,""canonical_matchup_probability"":null,""playstyle_class_1_probability"":0.46374682448899,""playstyle_class_2_probability"":0.22538669818761842,""playstyle_uncertainty"":0.37283104305697273,""playstyle_unknown_probability"":0.31086647732339157,""prior_above_role_median_rate"":0.6052901999484975,""prior_champion_observation_count"":95,""prior_core_state"":null,""prior_effective_evidence"":55.03181874286034,""prior_median_performance"":18.4884,""prior_player_rating"":1508.5125631739688,""prior_q25_performance"":10.325,""prior_raw_observation_count"":95,""prior_residual_uncertainty"":0.1152500610950505,""prior_role_adjusted_kp"":-0.1086230456106417,""prior_role_relative_rating"":0.0851256317396879,""prior_starter_reliability"":0.9467692627397195,""prior_team_state"":null,""prior_team_strength"":null,""schedule_opponent_context"":null}",,24.1296,2026 - Split 1,lcs_fantasy_split1_2026_reconstructed_v1,"{""dataset"":""feature_provenance"",""max_source_timestamp"":""2024-08-11T20:52:02Z""}",RECONSTRUCTED_NON_OFFICIAL_SPLIT1_2026_RULES,RECONSTRUCTED_COMPLETE_UNDER_POLICY;RECONSTRUCTED_EXCLUDED_COMPONENTS;RECONSTRUCTED_PROXY_USED
oe:player:40704dfd2d966862568d29770de57bd,oe:team:0dbb780176ecad18f17292d1f5653af,SUP,period:5218e82018c8910d187b,2024-08-17T20:07:21Z,true,protected_selection_2024,"{""bo_format_context"":null,""canonical_matchup_probability"":null,""playstyle_class_1_probability"":0.6493863891023764,""playstyle_class_2_probability"":0.14392719347724112,""playstyle_uncertainty"":0.28823871269533746,""playstyle_unknown_probability"":0.20668641742038238,""prior_above_role_median_rate"":0.43601675677697266,""prior_champion_observation_count"":51,""prior_core_state"":null,""prior_effective_evidence"":31.987303108564152,""prior_median_performance"":14.645999999999999,""prior_player_rating"":1497.7368783776974,""prior_q25_performance"":8.987300000000001,""prior_raw_observation_count"":51,""prior_residual_uncertainty"":0.1400270394750587,""prior_role_adjusted_kp"":0.0140385660103125,""prior_role_relative_rating"":-0.02263121622302644,""prior_starter_reliability"":0.9268142323116951,""prior_team_state"":null,""prior_team_strength"":null,""schedule_opponent_context"":null}",,5.546399999999999,2026 - Split 1,lcs_fantasy_split1_2026_reconstructed_v1,"{""dataset"":""feature_provenance"",""max_source_timestamp"":""2024-08-11T23:48:41Z""}",RECONSTRUCTED_NON_OFFICIAL_SPLIT1_2026_RULES,RECONSTRUCTED_COMPLETE_UNDER_POLICY;RECONSTRUCTED_EXCLUDED_COMPONENTS;RECONSTRUCTED_PROXY_USED
oe:player:5385f74da3e5deb5b66d9a1ee56cf97,oe:team:e758ebe9a5a2cc81b9c8078479c2d87,TOP,period:5218e82018c8910d187b,2024-08-17T20:07:21Z,true,protected_selection_2024,"{""bo_format_context"":null,""canonical_matchup_probability"":null,""playstyle_class_1_probability"":0.3242321363486657,""playstyle_class_2_probability"":0.47046596563422255,""playstyle_uncertainty"":0.33774600610962174,""playstyle_unknown_probability"":0.20530189801711185,""prior_above_role_median_rate"":0.4459781285591757,""prior_champion_observation_count"":133,""prior_core_state"":null,""prior_effective_evidence"":56.75954142220703,""prior_median_performance"":10.75,""prior_player_rating"":1483.8075585800036,""prior_q25_performance"":5.01,""prior_raw_observation_count"":133,""prior_residual_uncertainty"":0.11704968195166071,""prior_role_adjusted_kp"":-0.19022947088120676,""prior_role_relative_rating"":-0.16192441419996442,""prior_starter_reliability"":0.9427046756759758,""prior_team_state"":null,""prior_team_strength"":null,""schedule_opponent_context"":null}",,8.74775,2026 - Split 1,lcs_fantasy_split1_2026_reconstructed_v1,"{""dataset"":""feature_provenance"",""max_source_timestamp"":""2024-08-10T20:51:54Z""}",RECONSTRUCTED_NON_OFFICIAL_SPLIT1_2026_RULES,RECONSTRUCTED_COMPLETE_UNDER_POLICY;RECONSTRUCTED_EXCLUDED_COMPONENTS;RECONSTRUCTED_PROXY_USED
oe:player:6378658dafc3eeb902fa2e52f909172,oe:team:4bd1751425ef6a9bc9d4d8e9385b4a6,BOT,period:5218e82018c8910d187b,2024-08-17T20:07:21Z,true,protected_selection_2024,"{""bo_format_context"":null,""canonical_matchup_probability"":null,""playstyle_class_1_probability"":null,""playstyle_class_2_probability"":null,""playstyle_uncertainty"":null,""playstyle_unknown_probability"":null,""prior_above_role_median_rate"":0.5885646696635503,""prior_champion_observation_count"":72,""prior_core_state"":null,""prior_effective_evidence"":34.63933184254096,""prior_median_performance"":16.46,""prior_player_rating"":1507.2843867267318,""prior_q25_performance"":9.262,""prior_raw_observation_count"":72,""prior_residual_uncertainty"":0.16097195128539463,""prior_role_adjusted_kp"":0.0768290485636103,""prior_role_relative_rating"":0.07284386726731884,""prior_starter_reliability"":0.9075753685524031,""prior_team_state"":null,""prior_team_strength"":null,""schedule_opponent_context"":null}",,23.904,2026 - Split 1,lcs_fantasy_split1_2026_reconstructed_v1,"{""dataset"":""feature_provenance"",""max_source_timestamp"":""2024-08-10T23:06:13Z""}",RECONSTRUCTED_NON_OFFICIAL_SPLIT1_2026_RULES,RECONSTRUCTED_COMPLETE_UNDER_POLICY;RECONSTRUCTED_EXCLUDED_COMPONENTS;RECONSTRUCTED_PROXY_USED
oe:player:73d2b65353d7b00e0f198ffdc085edc,oe:team:e758ebe9a5a2cc81b9c8078479c2d87,BOT,period:5218e82018c8910d187b,2024-08-17T20:07:21Z,true,protected_selection_2024,"{""bo_format_context"":null,""canonical_matchup_probability"":null,""playstyle_class_1_probability"":null,""playstyle_class_2_probability"":null,""playstyle_uncertainty"":null,""playstyle_unknown_probability"":null,""prior_above_role_median_rate"":0.41283216266334133,""prior_champion_observation_count"":301,""prior_core_state"":null,""prior_effective_evidence"":59.26253247173069,""prior_median_performance"":13.29,""prior_player_rating"":1495.9643199664147,""prior_q25_performance"":6.87,""prior_raw_observation_count"":301,""prior_residual_uncertainty"":0.11967743566697235,""prior_role_adjusted_kp"":0.13344748415236557,""prior_role_relative_rating"":-0.040356800335853725,""prior_starter_reliability"":0.9437943150176054,""prior_team_state"":null,""prior_team_strength"":null,""schedule_opponent_context"":null}",,11.871249999999998,2026 - Split 1,lcs_fantasy_split1_2026_reconstructed_v1,"{""dataset"":""feature_provenance"",""max_source_timestamp"":""2024-08-10T20:51:54Z""}",RECONSTRUCTED_NON_OFFICIAL_SPLIT1_2026_RULES,RECONSTRUCTED_COMPLETE_UNDER_POLICY;RECONSTRUCTED_EXCLUDED_COMPONENTS;RECONSTRUCTED_PROXY_USED
oe:player:7c3395efccd48fe73592001501bef83,oe:team:4bd1751425ef6a9bc9d4d8e9385b4a6,JGL,period:5218e82018c8910d187b,2024-08-17T20:07:21Z,true,protected_selection_2024,"{""bo_format_context"":null,""canonical_matchup_probability"":null,""playstyle_class_1_probability"":null,""playstyle_class_2_probability"":null,""playstyle_uncertainty"":null,""playstyle_unknown_probability"":null,""prior_above_role_median_rate"":0.46128406087365825,""prior_champion_observation_count"":157,""prior_core_state"":null,""prior_effective_evidence"":62.04646281398057,""prior_median_performance"":13.97,""prior_player_rating"":1489.9659148016713,""prior_q25_performance"":7.2,""prior_raw_observation_count"":157,""prior_residual_uncertainty"":0.10348124291975613,""prior_role_adjusted_kp"":-0.19646098768560044,""prior_role_relative_rating"":-0.10034085198328827,""prior_starter_reliability"":0.9483098635590648,""prior_team_state"":null,""prior_team_strength"":null,""schedule_opponent_context"":null}",,23.55666666666667,2026 - Split 1,lcs_fantasy_split1_2026_reconstructed_v1,"{""dataset"":""feature_provenance"",""max_source_timestamp"":""2024-08-10T23:06:13Z""}",RECONSTRUCTED_NON_OFFICIAL_SPLIT1_2026_RULES,RECONSTRUCTED_COMPLETE_UNDER_POLICY;RECONSTRUCTED_EXCLUDED_COMPONENTS;RECONSTRUCTED_PROXY_USED
oe:player:7e0e7ac2a199e8e2ecb30499a3b2153,oe:team:0dbb780176ecad18f17292d1f5653af,MID,period:5218e82018c8910d187b,2024-08-17T20:07:21Z,true,protected_selection_2024,"{""bo_format_context"":null,""canonical_matchup_probability"":null,""playstyle_class_1_probability"":null,""playstyle_class_2_probability"":null,""playstyle_uncertainty"":null,""playstyle_unknown_probability"":null,""prior_above_role_median_rate"":0.539539764601949,""prior_champion_observation_count"":264,""prior_core_state"":null,""prior_effective_evidence"":57.35503521860536,""prior_median_performance"":16.971,""prior_player_rating"":1504.1396796876843,""prior_q25_performance"":8.496,""prior_raw_observation_count"":264,""prior_residual_uncertainty"":0.1387511577822157,""prior_role_adjusted_kp"":-0.03679689830708238,""prior_role_relative_rating"":0.04139679687684327,""prior_starter_reliability"":0.9470023802843394,""prior_team_state"":null,""prior_team_strength"":null,""schedule_opponent_context"":null}",,7.035666666666667,2026 - Split 1,lcs_fantasy_split1_2026_reconstructed_v1,"{""dataset"":""feature_provenance"",""max_source_timestamp"":""2024-08-11T23:48:41Z""}",RECONSTRUCTED_NON_OFFICIAL_SPLIT1_2026_RULES,RECONSTRUCTED_COMPLETE_UNDER_POLICY;RECONSTRUCTED_EXCLUDED_COMPONENTS;RECONSTRUCTED_PROXY_USED
oe:player:7e2505960c12cc54c96a0a6efb2e055,oe:team:2e66da41dc460dd378e3bcc57042d31,TOP,period:5218e82018c8910d187b,2024-08-17T20:07:21Z,true,protected_selection_2024,"{""bo_format_context"":null,""canonical_matchup_probability"":null,""playstyle_class_1_probability"":0.24050914624638126,""playstyle_class_2_probability"":0.4874698368787097,""playstyle_uncertainty"":0.36597907374990374,""playstyle_unknown_probability"":0.27202101687490904,""prior_above_role_median_rate"":0.4996206994407865,""prior_champion_observation_count"":124,""prior_core_state"":null,""prior_effective_evidence"":44.12149965044975,""prior_median_performance"":12.780000000000001,""prior_player_rating"":1504.058810383088,""prior_q25_performance"":8.049,""prior_raw_observation_count"":124,""prior_residual_uncertainty"":0.12830618565984137,""prior_role_adjusted_kp"":0.056103418595776514,""prior_role_relative_rating"":0.040588103830879844,""prior_starter_reliability"":0.9404963797097561,""prior_team_state"":null,""prior_team_strength"":null,""schedule_opponent_context"":null}",,16.942,2026 - Split 1,lcs_fantasy_split1_2026_reconstructed_v1,"{""dataset"":""feature_provenance"",""max_source_timestamp"":""2024-08-11T20:52:02Z""}",RECONSTRUCTED_NON_OFFICIAL_SPLIT1_2026_RULES,RECONSTRUCTED_COMPLETE_UNDER_POLICY;RECONSTRUCTED_EXCLUDED_COMPONENTS;RECONSTRUCTED_PROXY_USED
oe:player:8a5dbe19794784cfd0553556844f045,oe:team:e758ebe9a5a2cc81b9c8078479c2d87,JGL,period:5218e82018c8910d187b,2024-08-17T20:07:21Z,true,protected_selection_2024,"{""bo_format_context"":null,""canonical_matchup_probability"":null,""playstyle_class_1_probability"":null,""playstyle_class_2_probability"":null,""playstyle_uncertainty"":null,""playstyle_unknown_probability"":null,""prior_above_role_median_rate"":0.4300456159122685,""prior_champion_observation_count"":185,""prior_core_state"":null,""prior_effective_evidence"":57.919056511516224,""prior_median_performance"":13.063,""prior_player_rating"":1499.7711195196953,""prior_q25_performance"":7.87,""prior_raw_observation_count"":185,""prior_residual_uncertainty"":0.12058258627028293,""prior_role_adjusted_kp"":0.20018845157119888,""prior_role_relative_rating"":-0.002288804803047952,""prior_starter_reliability"":0.9432201517766183,""prior_team_state"":null,""prior_team_strength"":null,""schedule_opponent_context"":null}",,15.764000000000001,2026 - Split 1,lcs_fantasy_split1_2026_reconstructed_v1,"{""dataset"":""feature_provenance"",""max_source_timestamp"":""2024-08-10T20:51:54Z""}",RECONSTRUCTED_NON_OFFICIAL_SPLIT1_2026_RULES,RECONSTRUCTED_COMPLETE_UNDER_POLICY;RECONSTRUCTED_EXCLUDED_COMPONENTS;RECONSTRUCTED_PROXY_USED
oe:player:8f8eaac8e99c203ee76e57c5c81c91f,oe:team:4bd1751425ef6a9bc9d4d8e9385b4a6,MID,period:5218e82018c8910d187b,2024-08-17T20:07:21Z,true,protected_selection_2024,"{""bo_format_context"":null,""canonical_matchup_probability"":null,""playstyle_class_1_probability"":null,""playstyle_class_2_probability"":null,""playstyle_uncertainty"":null,""playstyle_unknown_probability"":null,""prior_above_role_median_rate"":0.5325050064537908,""prior_champion_observation_count"":62,""prior_core_state"":null,""prior_effective_evidence"":45.41630104547584,""prior_median_performance"":19.189999999999998,""prior_player_rating"":1507.7173530712676,""prior_q25_performance"":10.030000000000001,""prior_raw_observation_count"":62,""prior_residual_uncertainty"":0.1549069143168625,""prior_role_adjusted_kp"":-0.061117919524492324,""prior_role_relative_rating"":0.07717353071267588,""prior_starter_reliability"":0.939914048737395,""prior_team_state"":null,""prior_team_strength"":null,""schedule_opponent_context"":null}",,28.033,2026 - Split 1,lcs_fantasy_split1_2026_reconstructed_v1,"{""dataset"":""feature_provenance"",""max_source_timestamp"":""2024-08-10T23:06:13Z""}",RECONSTRUCTED_NON_OFFICIAL_SPLIT1_2026_RULES,RECONSTRUCTED_COMPLETE_UNDER_POLICY;RECONSTRUCTED_EXCLUDED_COMPONENTS;RECONSTRUCTED_PROXY_USED
oe:player:9191e392e93a6ef011ef76b5b83ee6c,oe:team:e758ebe9a5a2cc81b9c8078479c2d87,SUP,period:5218e82018c8910d187b,2024-08-17T20:07:21Z,true,protected_selection_2024,"{""bo_format_context"":null,""canonical_matchup_probability"":null,""playstyle_class_1_probability"":0.5509225751146599,""playstyle_class_2_probability"":0.16458534777690098,""playstyle_uncertainty"":0.38795299009060874,""playstyle_unknown_probability"":0.28449207710843916,""prior_above_role_median_rate"":0.4133786998311737,""prior_champion_observation_count"":292,""prior_core_state"":null,""prior_effective_evidence"":58.67576236780988,""prior_median_performance"":13.2685,""prior_player_rating"":1494.4470256828827,""prior_q25_performance"":7.8247,""prior_raw_observation_count"":292,""prior_residual_uncertainty"":0.11208496083742972,""prior_role_adjusted_kp"":-0.0595687926335474,""prior_role_relative_rating"":-0.055529743171174324,""prior_starter_reliability"":0.9433823682209521,""prior_team_state"":null,""prior_team_strength"":null,""schedule_opponent_context"":null}",,11.190425000000001,2026 - Split 1,lcs_fantasy_split1_2026_reconstructed_v1,"{""dataset"":""feature_provenance"",""max_source_timestamp"":""2024-08-10T20:51:54Z""}",RECONSTRUCTED_NON_OFFICIAL_SPLIT1_2026_RULES,RECONSTRUCTED_COMPLETE_UNDER_POLICY;RECONSTRUCTED_EXCLUDED_COMPONENTS;RECONSTRUCTED_PROXY_USED
oe:player:a8307167f3a1c933295bb9e3d43700e,oe:team:2e66da41dc460dd378e3bcc57042d31,JGL,period:5218e82018c8910d187b,2024-08-17T20:07:21Z,true,protected_selection_2024,"{""bo_format_context"":null,""canonical_matchup_probability"":null,""playstyle_class_1_probability"":null,""playstyle_class_2_probability"":null,""playstyle_uncertainty"":null,""playstyle_unknown_probability"":null,""prior_above_role_median_rate"":0.6208091497325022,""prior_champion_observation_count"":155,""prior_core_state"":null,""prior_effective_evidence"":50.06548523639993,""prior_median_performance"":18.4,""prior_player_rating"":1509.6278126370069,""prior_q25_performance"":11.09,""prior_raw_observation_count"":155,""prior_residual_uncertainty"":0.11796677494657581,""prior_role_adjusted_kp"":-0.16407912425479426,""prior_role_relative_rating"":0.09627812637006901,""prior_starter_reliability"":0.9439245930507811,""prior_team_state"":null,""prior_team_strength"":null,""schedule_opponent_context"":null}",,21.3,2026 - Split 1,lcs_fantasy_split1_2026_reconstructed_v1,"{""dataset"":""feature_provenance"",""max_source_timestamp"":""2024-08-11T20:52:02Z""}",RECONSTRUCTED_NON_OFFICIAL_SPLIT1_2026_RULES,RECONSTRUCTED_COMPLETE_UNDER_POLICY;RECONSTRUCTED_EXCLUDED_COMPONENTS;RECONSTRUCTED_PROXY_USED
oe:player:c145139d26813639b8fe6f4d0b28228,oe:team:2e66da41dc460dd378e3bcc57042d31,BOT,period:5218e82018c8910d187b,2024-08-17T20:07:21Z,true,protected_selection_2024,"{""bo_format_context"":null,""canonical_matchup_probability"":null,""playstyle_class_1_probability"":null,""playstyle_class_2_probability"":null,""playstyle_uncertainty"":null,""playstyle_unknown_probability"":null,""prior_above_role_median_rate"":0.5713593949670271,""prior_champion_observation_count"":44,""prior_core_state"":null,""prior_effective_evidence"":39.808785456680674,""prior_median_performance"":17.21,""prior_player_rating"":1498.9069009328873,""prior_q25_performance"":10.43,""prior_raw_observation_count"":44,""prior_residual_uncertainty"":0.13240866850791014,""prior_role_adjusted_kp"":-0.258028474570922,""prior_role_relative_rating"":-0.010930990671126259,""prior_starter_reliability"":0.9377019090853199,""prior_team_state"":null,""prior_team_strength"":null,""schedule_opponent_context"":null}",,24.93125,2026 - Split 1,lcs_fantasy_split1_2026_reconstructed_v1,"{""dataset"":""feature_provenance"",""max_source_timestamp"":""2024-08-11T20:52:02Z""}",RECONSTRUCTED_NON_OFFICIAL_SPLIT1_2026_RULES,RECONSTRUCTED_COMPLETE_UNDER_POLICY;RECONSTRUCTED_EXCLUDED_COMPONENTS;RECONSTRUCTED_PROXY_USED
oe:player:dbe844fcbbc7f54654e54242e79acac,oe:team:4bd1751425ef6a9bc9d4d8e9385b4a6,SUP,period:5218e82018c8910d187b,2024-08-17T20:07:21Z,true,protected_selection_2024,"{""bo_format_context"":null,""canonical_matchup_probability"":null,""playstyle_class_1_probability"":0.5981047736199293,""playstyle_class_2_probability"":0.21366077831485902,""playstyle_uncertainty"":0.3154568977102507,""playstyle_unknown_probability"":0.18823444806521172,""prior_above_role_median_rate"":0.5552932836522081,""prior_champion_observation_count"":105,""prior_core_state"":null,""prior_effective_evidence"":54.15664995201812,""prior_median_performance"":18.066499999999998,""prior_player_rating"":1497.1413161437558,""prior_q25_performance"":6.7068,""prior_raw_observation_count"":105,""prior_residual_uncertainty"":0.1242612204000015,""prior_role_adjusted_kp"":-0.22728535341703504,""prior_role_relative_rating"":-0.02858683856244164,""prior_starter_reliability"":0.9448422508680998,""prior_team_state"":null,""prior_team_strength"":null,""schedule_opponent_context"":null}",,17.19373333333333,2026 - Split 1,lcs_fantasy_split1_2026_reconstructed_v1,"{""dataset"":""feature_provenance"",""max_source_timestamp"":""2024-08-10T23:06:13Z""}",RECONSTRUCTED_NON_OFFICIAL_SPLIT1_2026_RULES,RECONSTRUCTED_COMPLETE_UNDER_POLICY;RECONSTRUCTED_EXCLUDED_COMPONENTS;RECONSTRUCTED_PROXY_USED
oe:player:e03d0722b6dce835cde3268c08c4f54,oe:team:0dbb780176ecad18f17292d1f5653af,TOP,period:5218e82018c8910d187b,2024-08-17T20:07:21Z,true,protected_selection_2024,"{""bo_format_context"":null,""canonical_matchup_probability"":null,""playstyle_class_1_probability"":0.35700510256847795,""playstyle_class_2_probability"":0.42240201425889207,""playstyle_uncertainty"":0.3708445839554186,""playstyle_unknown_probability"":0.22059288317263004,""prior_above_role_median_rate"":0.4668517246385348,""prior_champion_observation_count"":238,""prior_core_state"":null,""prior_effective_evidence"":38.569153076357416,""prior_median_performance"":12.27,""prior_player_rating"":1485.0502615333655,""prior_q25_performance"":4.612,""prior_raw_observation_count"":238,""prior_residual_uncertainty"":0.14491641131916858,""prior_role_adjusted_kp"":-0.27501087007246444,""prior_role_relative_rating"":-0.14949738466634557,""prior_starter_reliability"":0.9270699609604813,""prior_team_state"":null,""prior_team_strength"":null,""schedule_opponent_context"":null}",,2.2670000000000003,2026 - Split 1,lcs_fantasy_split1_2026_reconstructed_v1,"{""dataset"":""feature_provenance"",""max_source_timestamp"":""2024-08-11T23:48:41Z""}",RECONSTRUCTED_NON_OFFICIAL_SPLIT1_2026_RULES,RECONSTRUCTED_COMPLETE_UNDER_POLICY;RECONSTRUCTED_EXCLUDED_COMPONENTS;RECONSTRUCTED_PROXY_USED
oe:player:e9017664588010860a92ceb5f8fcb82,oe:team:2e66da41dc460dd378e3bcc57042d31,MID,period:5218e82018c8910d187b,2024-08-17T20:07:21Z,true,protected_selection_2024,"{""bo_format_context"":null,""canonical_matchup_probability"":null,""playstyle_class_1_probability"":null,""playstyle_class_2_probability"":null,""playstyle_uncertainty"":null,""playstyle_unknown_probability"":null,""prior_above_role_median_rate"":0.6203129489196122,""prior_champion_observation_count"":18,""prior_core_state"":null,""prior_effective_evidence"":17.8847155717752,""prior_median_performance"":21.637999999999998,""prior_player_rating"":1514.621659773764,""prior_q25_performance"":12.778,""prior_raw_observation_count"":18,""prior_residual_uncertainty"":0.19635571742045974,""prior_role_adjusted_kp"":-0.14547392505002538,""prior_role_relative_rating"":0.14621659773763984,""prior_starter_reliability"":0.8990710330151738,""prior_team_state"":null,""prior_team_strength"":null,""schedule_opponent_context"":null}",,26.7565,2026 - Split 1,lcs_fantasy_split1_2026_reconstructed_v1,"{""dataset"":""feature_provenance"",""max_source_timestamp"":""2024-08-11T20:52:02Z""}",RECONSTRUCTED_NON_OFFICIAL_SPLIT1_2026_RULES,RECONSTRUCTED_COMPLETE_UNDER_POLICY;RECONSTRUCTED_EXCLUDED_COMPONENTS;RECONSTRUCTED_PROXY_USED
oe:player:fbadcf84fcfb01a251de88055f631cb,oe:team:0dbb780176ecad18f17292d1f5653af,JGL,period:5218e82018c8910d187b,2024-08-17T20:07:21Z,true,protected_selection_2024,"{""bo_format_context"":null,""canonical_matchup_probability"":null,""playstyle_class_1_probability"":null,""playstyle_class_2_probability"":null,""playstyle_uncertainty"":null,""playstyle_unknown_probability"":null,""prior_above_role_median_rate"":0.5426266277176892,""prior_champion_observation_count"":235,""prior_core_state"":null,""prior_effective_evidence"":32.020922652780655,""prior_median_performance"":18.2,""prior_player_rating"":1505.590239948251,""prior_q25_performance"":9.295,""prior_raw_observation_count"":235,""prior_residual_uncertainty"":0.1399686432558972,""prior_role_adjusted_kp"":0.2055679111308058,""prior_role_relative_rating"":0.055902399482512105,""prior_starter_reliability"":0.9202044504607457,""prior_team_state"":null,""prior_team_strength"":null,""schedule_opponent_context"":null}",,3.473333333333334,2026 - Split 1,lcs_fantasy_split1_2026_reconstructed_v1,"{""dataset"":""feature_provenance"",""max_source_timestamp"":""2024-08-11T23:48:41Z""}",RECONSTRUCTED_NON_OFFICIAL_SPLIT1_2026_RULES,RECONSTRUCTED_COMPLETE_UNDER_POLICY;RECONSTRUCTED_EXCLUDED_COMPONENTS;RECONSTRUCTED_PROXY_USED
oe:player:fddde6d256bee26713f64ad9b2a9394,oe:team:e758ebe9a5a2cc81b9c8078479c2d87,MID,period:5218e82018c8910d187b,2024-08-17T20:07:21Z,true,protected_selection_2024,"{""bo_format_context"":null,""canonical_matchup_probability"":null,""playstyle_class_1_probability"":null,""playstyle_class_2_probability"":null,""playstyle_uncertainty"":null,""playstyle_unknown_probability"":null,""prior_above_role_median_rate"":0.31940654273757246,""prior_champion_observation_count"":198,""prior_core_state"":null,""prior_effective_evidence"":58.06740270150987,""prior_median_performance"":11.536,""prior_player_rating"":1475.3402867961986,""prior_q25_performance"":6.288,""prior_raw_observation_count"":198,""prior_residual_uncertainty"":0.11160936438999415,""prior_role_adjusted_kp"":-0.31073713796732255,""prior_role_relative_rating"":-0.24659713203801428,""prior_starter_reliability"":0.9432845899367504,""prior_team_state"":null,""prior_team_strength"":null,""schedule_opponent_context"":null}",,15.10125,2026 - Split 1,lcs_fantasy_split1_2026_reconstructed_v1,"{""dataset"":""feature_provenance"",""max_source_timestamp"":""2024-08-10T20:51:54Z""}",RECONSTRUCTED_NON_OFFICIAL_SPLIT1_2026_RULES,RECONSTRUCTED_COMPLETE_UNDER_POLICY;RECONSTRUCTED_EXCLUDED_COMPONENTS;RECONSTRUCTED_PROXY_USED
oe:player:007be3acd5669d100711b13d79e2336,oe:team:4bd1751425ef6a9bc9d4d8e9385b4a6,TOP,period:697d8a8453920f1ff1c8,2024-06-15T20:11:50Z,true,protected_selection_2024,"{""bo_format_context"":null,""canonical_matchup_probability"":null,""playstyle_class_1_probability"":0.18316371586300495,""playstyle_class_2_probability"":0.6332753142946765,""playstyle_uncertainty"":0.24375519935983042,""playstyle_unknown_probability"":0.18356096984231846,""prior_above_role_median_rate"":0.5814264890046039,""prior_champion_observation_count"":26,""prior_core_state"":null,""prior_effective_evidence"":25.83255992913125,""prior_median_performance"":13.89,""prior_player_rating"":1496.8077737192082,""prior_q25_performance"":6.24,""prior_raw_observation_count"":26,""prior_residual_uncertainty"":0.18955576309655472,""prior_role_adjusted_kp"":-0.14786630817666593,""prior_role_relative_rating"":-0.03192226280791843,""prior_starter_reliability"":0.9058331911522033,""prior_team_state"":null,""prior_team_strength"":null,""schedule_opponent_context"":null}",,14.792000000000002,2026 - Split 1,lcs_fantasy_split1_2026_reconstructed_v1,"{""dataset"":""feature_provenance"",""max_source_timestamp"":""2024-03-22T22:49:47Z""}",RECONSTRUCTED_NON_OFFICIAL_SPLIT1_2026_RULES,RECONSTRUCTED_COMPLETE_UNDER_POLICY;RECONSTRUCTED_EXCLUDED_COMPONENTS;RECONSTRUCTED_PROXY_USED
oe:player:05fafeaf23dc3285558a4e968970b9f,oe:team:8eb884e168f28402ce685bedebb5250,SUP,period:697d8a8453920f1ff1c8,2024-06-15T20:11:50Z,true,protected_selection_2024,"{""bo_format_context"":null,""canonical_matchup_probability"":null,""playstyle_class_1_probability"":0.4994513790784228,""playstyle_class_2_probability"":0.24085890658055364,""playstyle_uncertainty"":0.3702957673505299,""playstyle_unknown_probability"":0.2596897143410235,""prior_above_role_median_rate"":0.6658070885366908,""prior_champion_observation_count"":296,""prior_core_state"":null,""prior_effective_evidence"":70.78062250029478,""prior_median_performance"":18.2848,""prior_player_rating"":1519.6812060826019,""prior_q25_performance"":12.5582,""prior_raw_observation_count"":296,""prior_residual_uncertainty"":0.1,""prior_role_adjusted_kp"":-0.09262926635200461,""prior_role_relative_rating"":0.1968120608260194,""prior_starter_reliability"":0.9489772702077826,""prior_team_state"":null,""prior_team_strength"":null,""schedule_opponent_context"":null}",,12.472533333333336,2026 - Split 1,lcs_fantasy_split1_2026_reconstructed_v1,"{""dataset"":""feature_provenance"",""max_source_timestamp"":""2024-03-31T22:47:00Z""}",RECONSTRUCTED_NON_OFFICIAL_SPLIT1_2026_RULES,RECONSTRUCTED_COMPLETE_UNDER_POLICY;RECONSTRUCTED_EXCLUDED_COMPONENTS;RECONSTRUCTED_PROXY_USED
oe:player:10fcffece0ac7be85f09c4b51a75762,oe:team:0dbb780176ecad18f17292d1f5653af,BOT,period:697d8a8453920f1ff1c8,2024-06-15T20:11:50Z,true,protected_selection_2024,"{""bo_format_context"":null,""canonical_matchup_probability"":null,""playstyle_class_1_probability"":null,""playstyle_class_2_probability"":null,""playstyle_uncertainty"":null,""playstyle_unknown_probability"":null,""prior_above_role_median_rate"":0.7161428897695925,""prior_champion_observation_count"":242,""prior_core_state"":null,""prior_effective_evidence"":73.00864995368174,""prior_median_performance"":20.3516,""prior_player_rating"":1523.1487452780293,""prior_q25_performance"":12.8314,""prior_raw_observation_count"":242,""prior_residual_uncertainty"":0.1,""prior_role_adjusted_kp"":0.05090625353030066,""prior_role_relative_rating"":0.23148745278029229,""prior_starter_reliability"":0.8680727456161239,""prior_team_state"":null,""prior_team_strength"":null,""schedule_opponent_context"":null}",,21.227333333333334,2026 - Split 1,lcs_fantasy_split1_2026_reconstructed_v1,"{""dataset"":""feature_provenance"",""max_source_timestamp"":""2023-08-20T23:14:37Z""}",RECONSTRUCTED_NON_OFFICIAL_SPLIT1_2026_RULES,RECONSTRUCTED_COMPLETE_UNDER_POLICY;RECONSTRUCTED_EXCLUDED_COMPONENTS;RECONSTRUCTED_PROXY_USED
oe:player:1970fcb701acce66e0771946bbb3105,oe:team:8eb884e168f28402ce685bedebb5250,JGL,period:697d8a8453920f1ff1c8,2024-06-15T20:11:50Z,true,protected_selection_2024,"{""bo_format_context"":null,""canonical_matchup_probability"":null,""playstyle_class_1_probability"":null,""playstyle_class_2_probability"":null,""playstyle_uncertainty"":null,""playstyle_unknown_probability"":null,""prior_above_role_median_rate"":0.5648208526291166,""prior_champion_observation_count"":33,""prior_core_state"":null,""prior_effective_evidence"":32.76053211806303,""prior_median_performance"":17.115000000000002,""prior_player_rating"":1504.375045041539,""prior_q25_performance"":11.45,""prior_raw_observation_count"":33,""prior_residual_uncertainty"":0.13384782684490495,""prior_role_adjusted_kp"":-0.21979084332329338,""prior_role_relative_rating"":0.04375045041538884,""prior_starter_reliability"":0.9244310560211236,""prior_team_state"":null,""prior_team_strength"":null,""schedule_opponent_context"":null}",,12.913333333333332,2026 - Split 1,lcs_fantasy_split1_2026_reconstructed_v1,"{""dataset"":""feature_provenance"",""max_source_timestamp"":""2024-03-31T22:47:00Z""}",RECONSTRUCTED_NON_OFFICIAL_SPLIT1_2026_RULES,RECONSTRUCTED_COMPLETE_UNDER_POLICY;RECONSTRUCTED_EXCLUDED_COMPONENTS;RECONSTRUCTED_PROXY_USED
oe:player:1efc4e5732e91520d03385900b903f9,oe:team:fc8e90107dabb9a35c490b0d86adea0,TOP,period:697d8a8453920f1ff1c8,2024-06-15T20:11:50Z,true,protected_selection_2024,"{""bo_format_context"":null,""canonical_matchup_probability"":null,""playstyle_class_1_probability"":0.25,""playstyle_class_2_probability"":0.25,""playstyle_uncertainty"":0.7196394630357186,""playstyle_unknown_probability"":0.5,""prior_above_role_median_rate"":0.5,""prior_champion_observation_count"":0,""prior_core_state"":null,""prior_effective_evidence"":0.0,""prior_median_performance"":12.45,""prior_player_rating"":1500.0,""prior_q25_performance"":12.45,""prior_raw_observation_count"":0,""prior_residual_uncertainty"":1.6606601717798213,""prior_role_adjusted_kp"":0.0,""prior_role_relative_rating"":0.0,""prior_starter_reliability"":0.5,""prior_team_state"":null,""prior_team_strength"":null,""schedule_opponent_context"":null}",,11.51,2026 - Split 1,lcs_fantasy_split1_2026_reconstructed_v1,"{""dataset"":""feature_provenance"",""max_source_timestamp"":null}",RECONSTRUCTED_NON_OFFICIAL_SPLIT1_2026_RULES,RECONSTRUCTED_COMPLETE_UNDER_POLICY;RECONSTRUCTED_EXCLUDED_COMPONENTS;RECONSTRUCTED_PROXY_USED
oe:player:21f59b54f62b5b8b4bc0f63f0f617fc,oe:team:8eb884e168f28402ce685bedebb5250,TOP,period:697d8a8453920f1ff1c8,2024-06-15T20:11:50Z,true,protected_selection_2024,"{""bo_format_context"":null,""canonical_matchup_probability"":null,""playstyle_class_1_probability"":0.37083842813166085,""playstyle_class_2_probability"":0.4645987475444075,""playstyle_uncertainty"":0.33320685746198636,""playstyle_unknown_probability"":0.16456282432393168,""prior_above_role_median_rate"":0.5600541699986467,""prior_champion_observation_count"":286,""prior_core_state"":null,""prior_effective_evidence"":61.79429867360484,""prior_median_performance"":14.626,""prior_player_rating"":1511.7977646645638,""prior_q25_performance"":8.489,""prior_raw_observation_count"":286,""prior_residual_uncertainty"":0.11073461049541306,""prior_role_adjusted_kp"":0.0495884426141996,""prior_role_relative_rating"":0.11797764664563756,""prior_starter_reliability"":0.9444273751883102,""prior_team_state"":null,""prior_team_strength"":null,""schedule_opponent_context"":null}",,13.103666666666669,2026 - Split 1,lcs_fantasy_split1_2026_reconstructed_v1,"{""dataset"":""feature_provenance"",""max_source_timestamp"":""2024-03-31T22:47:00Z""}",RECONSTRUCTED_NON_OFFICIAL_SPLIT1_2026_RULES,RECONSTRUCTED_COMPLETE_UNDER_POLICY;RECONSTRUCTED_EXCLUDED_COMPONENTS;RECONSTRUCTED_PROXY_USED
oe:player:3e722c8ede909c83af9342c41805a16,oe:team:2e66da41dc460dd378e3bcc57042d31,SUP,period:697d8a8453920f1ff1c8,2024-06-15T20:11:50Z,true,protected_selection_2024,"{""bo_format_context"":null,""canonical_matchup_probability"":null,""playstyle_class_1_probability"":0.39857435561549925,""playstyle_class_2_probability"":0.28329511338183017,""playstyle_uncertainty"":0.3626040562145125,""playstyle_unknown_probability"":0.3181305310026705,""prior_above_role_median_rate"":0.6098911501952606,""prior_champion_observation_count"":77,""prior_core_state"":null,""prior_effective_evidence"":48.547618329590826,""prior_median_performance"":20.7458,""prior_player_rating"":1513.2412601478004,""prior_q25_performance"":10.7698,""prior_raw_observation_count"":77,""prior_residual_uncertainty"":0.11748447098846655,""prior_role_adjusted_kp"":0.11378355677964813,""prior_role_relative_rating"":0.1324126014780038,""prior_starter_reliability"":0.9313796517697943,""prior_team_state"":null,""prior_team_strength"":null,""schedule_opponent_context"":null}",,19.9058,2026 - Split 1,lcs_fantasy_split1_2026_reconstructed_v1,"{""dataset"":""feature_provenance"",""max_source_timestamp"":""2024-03-31T22:47:00Z""}",RECONSTRUCTED_NON_OFFICIAL_SPLIT1_2026_RULES,RECONSTRUCTED_COMPLETE_UNDER_POLICY;RECONSTRUCTED_EXCLUDED_COMPONENTS;RECONSTRUCTED_PROXY_USED
oe:player:40704dfd2d966862568d29770de57bd,oe:team:0dbb780176ecad18f17292d1f5653af,SUP,period:697d8a8453920f1ff1c8,2024-06-15T20:11:50Z,true,protected_selection_2024,"{""bo_format_context"":null,""canonical_matchup_probability"":null,""playstyle_class_1_probability"":0.3968192082841267,""playstyle_class_2_probability"":0.2547728332441788,""playstyle_uncertainty"":0.3854894490522646,""playstyle_unknown_probability"":0.34840795847169453,""prior_above_role_median_rate"":0.4883059072046089,""prior_champion_observation_count"":34,""prior_core_state"":null,""prior_effective_evidence"":18.722253558221254,""prior_median_performance"":13.2797,""prior_player_rating"":1506.256004427529,""prior_q25_performance"":8.987300000000001,""prior_raw_observation_count"":34,""prior_residual_uncertainty"":0.18864359233511815,""prior_role_adjusted_kp"":0.2121621574979637,""prior_role_relative_rating"":0.06256004427529066,""prior_starter_reliability"":0.8735366831477493,""prior_team_state"":null,""prior_team_strength"":null,""schedule_opponent_context"":null}",,19.131966666666667,2026 - Split 1,lcs_fantasy_split1_2026_reconstructed_v1,"{""dataset"":""feature_provenance"",""max_source_timestamp"":""2024-03-17T21:43:44Z""}",RECONSTRUCTED_NON_OFFICIAL_SPLIT1_2026_RULES,RECONSTRUCTED_COMPLETE_UNDER_POLICY;RECONSTRUCTED_EXCLUDED_COMPONENTS;RECONSTRUCTED_PROXY_USED
oe:player:460ae5a7af8d68f7831b70307210ab3,oe:team:fc8e90107dabb9a35c490b0d86adea0,BOT,period:697d8a8453920f1ff1c8,2024-06-15T20:11:50Z,true,protected_selection_2024,"{""bo_format_context"":null,""canonical_matchup_probability"":null,""playstyle_class_1_probability"":null,""playstyle_class_2_probability"":null,""playstyle_uncertainty"":null,""playstyle_unknown_probability"":null,""prior_above_role_median_rate"":0.5268807103422595,""prior_champion_observation_count"":141,""prior_core_state"":null,""prior_effective_evidence"":58.53742970970608,""prior_median_performance"":17.27,""prior_player_rating"":1507.253503917233,""prior_q25_performance"":10.629999999999999,""prior_raw_observation_count"":141,""prior_residual_uncertainty"":0.11237185491230019,""prior_role_adjusted_kp"":0.04137770535943592,""prior_role_relative_rating"":0.07253503917232937,""prior_starter_reliability"":0.9341538251740616,""prior_team_state"":null,""prior_team_strength"":null,""schedule_opponent_context"":null}",,23.43433333333333,2026 - Split 1,lcs_fantasy_split1_2026_reconstructed_v1,"{""dataset"":""feature_provenance"",""max_source_timestamp"":""2024-03-30T22:05:18Z""}",RECONSTRUCTED_NON_OFFICIAL_SPLIT1_2026_RULES,RECONSTRUCTED_COMPLETE_UNDER_POLICY;RECONSTRUCTED_EXCLUDED_COMPONENTS;RECONSTRUCTED_PROXY_USED
oe:player:494fc60dffbb5da1caa2226baef0ec7,oe:team:b360f1d729b0a8e0f29a5243c4200fa,BOT,period:697d8a8453920f1ff1c8,2024-06-15T20:11:50Z,true,protected_selection_2024,"{""bo_format_context"":null,""canonical_matchup_probability"":null,""playstyle_class_1_probability"":null,""playstyle_class_2_probability"":null,""playstyle_uncertainty"":null,""playstyle_unknown_probability"":null,""prior_above_role_median_rate"":0.6732690731960856,""prior_champion_observation_count"":12,""prior_core_state"":null,""prior_effective_evidence"":11.951315704130632,""prior_median_performance"":16.02,""prior_player_rating"":1517.1601494692693,""prior_q25_performance"":15.67,""prior_raw_observation_count"":12,""prior_residual_uncertainty"":0.24854671074516554,""prior_role_adjusted_kp"":0.07172291385376701,""prior_role_relative_rating"":0.1716014946926936,""prior_starter_reliability"":0.8275493193775144,""prior_team_state"":null,""prior_team_strength"":null,""schedule_opponent_context"":null}",,8.2585,2026 - Split 1,lcs_fantasy_split1_2026_reconstructed_v1,"{""dataset"":""feature_provenance"",""max_source_timestamp"":""2024-03-10T21:46:38Z""}",RECONSTRUCTED_NON_OFFICIAL_SPLIT1_2026_RULES,RECONSTRUCTED_COMPLETE_UNDER_POLICY;RECONSTRUCTED_EXCLUDED_COMPONENTS;RECONSTRUCTED_PROXY_USED
oe:player:4a18312b5b75f549d5551e5912ad6eb,oe:team:c334c629fea759876e9e04afbe4aee7,MID,period:697d8a8453920f1ff1c8,2024-06-15T20:11:50Z,true,protected_selection_2024,"{""bo_format_context"":null,""canonical_matchup_probability"":null,""playstyle_class_1_probability"":null,""playstyle_class_2_probability"":null,""playstyle_uncertainty"":null,""playstyle_unknown_probability"":null,""prior_above_role_median_rate"":0.4949702413447872,""prior_champion_observation_count"":14,""prior_core_state"":null,""prior_effective_evidence"":13.932155251777854,""prior_median_performance"":13.48,""prior_player_rating"":1496.7326290221667,""prior_q25_performance"":8.829999999999998,""prior_raw_observation_count"":14,""prior_residual_uncertainty"":0.19921540675126084,""prior_role_adjusted_kp"":0.0682911521343848,""prior_role_relative_rating"":-0.032673709778333636,""prior_starter_reliability"":0.8429495022632546,""prior_team_state"":null,""prior_team_strength"":null,""schedule_opponent_context"":null}",,29.497,2026 - Split 1,lcs_fantasy_split1_2026_reconstructed_v1,"{""dataset"":""feature_provenance"",""max_source_timestamp"":""2024-03-10T20:07:55Z""}",RECONSTRUCTED_NON_OFFICIAL_SPLIT1_2026_RULES,RECONSTRUCTED_COMPLETE_UNDER_POLICY;RECONSTRUCTED_EXCLUDED_COMPONENTS;RECONSTRUCTED_PROXY_USED
oe:player:4db47d64e2721bf7a93ebf42e488852,oe:team:4bd1751425ef6a9bc9d4d8e9385b4a6,BOT,period:697d8a8453920f1ff1c8,2024-06-15T20:11:50Z,true,protected_selection_2024,"{""bo_format_context"":null,""canonical_matchup_probability"":null,""playstyle_class_1_probability"":null,""playstyle_class_2_probability"":null,""playstyle_uncertainty"":null,""playstyle_unknown_probability"":null,""prior_above_role_median_rate"":0.4587950914916926,""prior_champion_observation_count"":26,""prior_core_state"":null,""prior_effective_evidence"":25.83255992913125,""prior_median_performance"":14.64,""prior_player_rating"":1483.8244969894367,""prior_q25_performance"":4.29,""prior_raw_observation_count"":26,""prior_residual_uncertainty"":0.17921697801706207,""prior_role_adjusted_kp"":-0.25927832555277097,""prior_role_relative_rating"":-0.16175503010563202,""prior_starter_reliability"":0.9058331911522033,""prior_team_state"":null,""prior_team_strength"":null,""schedule_opponent_context"":null}",,25.8255,2026 - Split 1,lcs_fantasy_split1_2026_reconstructed_v1,"{""dataset"":""feature_provenance"",""max_source_timestamp"":""2024-03-22T22:49:47Z""}",RECONSTRUCTED_NON_OFFICIAL_SPLIT1_2026_RULES,RECONSTRUCTED_COMPLETE_UNDER_POLICY;RECONSTRUCTED_EXCLUDED_COMPONENTS;RECONSTRUCTED_PROXY_USED
oe:player:4e0619e57cb50c4ab1230c2dd72df1b,oe:team:c334c629fea759876e9e04afbe4aee7,BOT,period:697d8a8453920f1ff1c8,2024-06-15T20:11:50Z,true,protected_selection_2024,"{""bo_format_context"":null,""canonical_matchup_probability"":null,""playstyle_class_1_probability"":null,""playstyle_class_2_probability"":null,""playstyle_uncertainty"":null,""playstyle_unknown_probability"":null,""prior_above_role_median_rate"":0.3473436886659447,""prior_champion_observation_count"":209,""prior_core_state"":null,""prior_effective_evidence"":37.110913499989024,""prior_median_performance"":13.752,""prior_player_rating"":1493.0348730928395,""prior_q25_performance"":7.21,""prior_raw_observation_count"":209,""prior_residual_uncertainty"":0.12857494115002058,""prior_role_adjusted_kp"":0.18607323278822055,""prior_role_relative_rating"":-0.06965126907160445,""prior_starter_reliability"":0.8969879084844555,""prior_team_state"":null,""prior_team_strength"":null,""schedule_opponent_context"":null}",,33.569,2026 - Split 1,lcs_fantasy_split1_2026_reconstructed_v1,"{""dataset"":""feature_provenance"",""max_source_timestamp"":""2024-03-10T20:07:55Z""}",RECONSTRUCTED_NON_OFFICIAL_SPLIT1_2026_RULES,RECONSTRUCTED_COMPLETE_UNDER_POLICY;RECONSTRUCTED_EXCLUDED_COMPONENTS;RECONSTRUCTED_PROXY_USED
oe:player:5385f74da3e5deb5b66d9a1ee56cf97,oe:team:e758ebe9a5a2cc81b9c8078479c2d87,TOP,period:697d8a8453920f1ff1c8,2024-06-15T20:11:50Z,true,protected_selection_2024,"{""bo_format_context"":null,""canonical_matchup_probability"":null,""playstyle_class_1_probability"":0.33375162096650973,""playstyle_class_2_probability"":0.4757357118698235,""playstyle_uncertainty"":0.31304664224576195,""playstyle_unknown_probability"":0.19051266716366672,""prior_above_role_median_rate"":0.4816800271965041,""prior_champion_observation_count"":118,""prior_core_state"":null,""prior_effective_evidence"":60.08997349480756,""prior_median_performance"":11.64,""prior_player_rating"":1491.436529011067,""prior_q25_performance"":5.263,""prior_raw_observation_count"":118,""prior_residual_uncertainty"":0.10624291220476068,""prior_role_adjusted_kp"":-0.035391808629722965,""prior_role_relative_rating"":-0.08563470988933017,""prior_starter_reliability"":0.9314261628448017,""prior_team_state"":null,""prior_team_strength"":null,""schedule_opponent_context"":null}",,3.8234999999999997,2026 - Split 1,lcs_fantasy_split1_2026_reconstructed_v1,"{""dataset"":""feature_provenance"",""max_source_timestamp"":""2024-03-16T23:44:56Z""}",RECONSTRUCTED_NON_OFFICIAL_SPLIT1_2026_RULES,RECONSTRUCTED_COMPLETE_UNDER_POLICY;RECONSTRUCTED_EXCLUDED_COMPONENTS;RECONSTRUCTED_PROXY_USED
oe:player:6841f2d68619d53bdd1cdbf30b5be2c,oe:team:b360f1d729b0a8e0f29a5243c4200fa,SUP,period:697d8a8453920f1ff1c8,2024-06-15T20:11:50Z,true,protected_selection_2024,"{""bo_format_context"":null,""canonical_matchup_probability"":null,""playstyle_class_1_probability"":0.44051595122683557,""playstyle_class_2_probability"":0.260371011408928,""playstyle_uncertainty"":0.39030791552750527,""playstyle_unknown_probability"":0.29911303736423644,""prior_above_role_median_rate"":0.4246634074260909,""prior_champion_observation_count"":74,""prior_core_state"":null,""prior_effective_evidence"":14.060022779443921,""prior_median_performance"":13.0751,""prior_player_rating"":1496.4844838782658,""prior_q25_performance"":7.788699999999999,""prior_raw_observation_count"":74,""prior_residual_uncertainty"":0.24240302740212713,""prior_role_adjusted_kp"":-0.06946456154319153,""prior_role_relative_rating"":-0.03515516121734225,""prior_starter_reliability"":0.8434507757208727,""prior_team_state"":null,""prior_team_strength"":null,""schedule_opponent_context"":null}",,10.27765,2026 - Split 1,lcs_fantasy_split1_2026_reconstructed_v1,"{""dataset"":""feature_provenance"",""max_source_timestamp"":""2024-03-10T21:46:38Z""}",RECONSTRUCTED_NON_OFFICIAL_SPLIT1_2026_RULES,RECONSTRUCTED_COMPLETE_UNDER_POLICY;RECONSTRUCTED_EXCLUDED_COMPONENTS;RECONSTRUCTED_PROXY_USED
oe:player:6ebdf3a3b56c113137109c45c2abc8f,oe:team:b360f1d729b0a8e0f29a5243c4200fa,JGL,period:697d8a8453920f1ff1c8,2024-06-15T20:11:50Z,true,protected_selection_2024,"{""bo_format_context"":null,""canonical_matchup_probability"":null,""playstyle_class_1_probability"":null,""playstyle_class_2_probability"":null,""playstyle_uncertainty"":null,""playstyle_unknown_probability"":null,""prior_above_role_median_rate"":0.5,""prior_champion_observation_count"":0,""prior_core_state"":null,""prior_effective_evidence"":0.0,""prior_median_performance"":15.492,""prior_player_rating"":1500.0,""prior_q25_performance"":15.492,""prior_raw_observation_count"":0,""prior_residual_uncertainty"":1.6606601717798213,""prior_role_adjusted_kp"":0.0,""prior_role_relative_rating"":0.0,""prior_starter_reliability"":0.5,""prior_team_state"":null,""prior_team_strength"":null,""schedule_opponent_context"":null}",,6.1445,2026 - Split 1,lcs_fantasy_split1_2026_reconstructed_v1,"{""dataset"":""feature_provenance"",""max_source_timestamp"":null}",RECONSTRUCTED_NON_OFFICIAL_SPLIT1_2026_RULES,RECONSTRUCTED_COMPLETE_UNDER_POLICY;RECONSTRUCTED_EXCLUDED_COMPONENTS;RECONSTRUCTED_PROXY_USED
oe:player:73d2b65353d7b00e0f198ffdc085edc,oe:team:e758ebe9a5a2cc81b9c8078479c2d87,BOT,period:697d8a8453920f1ff1c8,2024-06-15T20:11:50Z,true,protected_selection_2024,"{""bo_format_context"":null,""canonical_matchup_probability"":null,""playstyle_class_1_probability"":null,""playstyle_class_2_probability"":null,""playstyle_uncertainty"":null,""playstyle_unknown_probability"":null,""prior_above_role_median_rate"":0.5249900978432993,""prior_champion_observation_count"":286,""prior_core_state"":null,""prior_effective_evidence"":64.71952582929173,""prior_median_performance"":16.313000000000002,""prior_player_rating"":1504.1754471800748,""prior_q25_performance"":6.87,""prior_raw_observation_count"":286,""prior_residual_uncertainty"":0.12748855207930776,""prior_role_adjusted_kp"":0.05848774789958993,""prior_role_relative_rating"":0.04175447180074909,""prior_starter_reliability"":0.933607747086927,""prior_team_state"":null,""prior_team_strength"":null,""schedule_opponent_context"":null}",,8.15,2026 - Split 1,lcs_fantasy_split1_2026_reconstructed_v1,"{""dataset"":""feature_provenance"",""max_source_timestamp"":""2024-03-16T23:44:56Z""}",RECONSTRUCTED_NON_OFFICIAL_SPLIT1_2026_RULES,RECONSTRUCTED_COMPLETE_UNDER_POLICY;RECONSTRUCTED_EXCLUDED_COMPONENTS;RECONSTRUCTED_PROXY_USED
oe:player:7c3395efccd48fe73592001501bef83,oe:team:4bd1751425ef6a9bc9d4d8e9385b4a6,JGL,period:697d8a8453920f1ff1c8,2024-06-15T20:11:50Z,true,protected_selection_2024,"{""bo_format_context"":null,""canonical_matchup_probability"":null,""playstyle_class_1_probability"":null,""playstyle_class_2_probability"":null,""playstyle_uncertainty"":null,""playstyle_unknown_probability"":null,""prior_above_role_median_rate"":0.563170179346315,""prior_champion_observation_count"":141,""prior_core_state"":null,""prior_effective_evidence"":62.809939161832375,""prior_median_performance"":16.2,""prior_player_rating"":1494.6824004147593,""prior_q25_performance"":5.85,""prior_raw_observation_count"":141,""prior_residual_uncertainty"":0.11589714027752224,""prior_role_adjusted_kp"":-0.2039862530151371,""prior_role_relative_rating"":-0.053175995852406344,""prior_starter_reliability"":0.9393541231358089,""prior_team_state"":null,""prior_team_strength"":null,""schedule_opponent_context"":null}",,17.788,2026 - Split 1,lcs_fantasy_split1_2026_reconstructed_v1,"{""dataset"":""feature_provenance"",""max_source_timestamp"":""2024-03-22T22:49:47Z""}",RECONSTRUCTED_NON_OFFICIAL_SPLIT1_2026_RULES,RECONSTRUCTED_COMPLETE_UNDER_POLICY;RECONSTRUCTED_EXCLUDED_COMPONENTS;RECONSTRUCTED_PROXY_USED
oe:player:7e0e7ac2a199e8e2ecb30499a3b2153,oe:team:0dbb780176ecad18f17292d1f5653af,MID,period:697d8a8453920f1ff1c8,2024-06-15T20:11:50Z,true,protected_selection_2024,"{""bo_format_context"":null,""canonical_matchup_probability"":null,""playstyle_class_1_probability"":null,""playstyle_class_2_probability"":null,""playstyle_uncertainty"":null,""playstyle_unknown_probability"":null,""prior_above_role_median_rate"":0.5949983998416343,""prior_champion_observation_count"":247,""prior_core_state"":null,""prior_effective_evidence"":53.68555072794144,""prior_median_performance"":18.095,""prior_player_rating"":1506.641003404008,""prior_q25_performance"":8.218,""prior_raw_observation_count"":247,""prior_residual_uncertainty"":0.14048063695217905,""prior_role_adjusted_kp"":0.11588877277783367,""prior_role_relative_rating"":0.06641003404007889,""prior_starter_reliability"":0.9345482439594827,""prior_team_state"":null,""prior_team_strength"":null,""schedule_opponent_context"":null}",,21.566999999999997,2026 - Split 1,lcs_fantasy_split1_2026_reconstructed_v1,"{""dataset"":""feature_provenance"",""max_source_timestamp"":""2024-03-31T22:47:00Z""}",RECONSTRUCTED_NON_OFFICIAL_SPLIT1_2026_RULES,RECONSTRUCTED_COMPLETE_UNDER_POLICY;RECONSTRUCTED_EXCLUDED_COMPONENTS;RECONSTRUCTED_PROXY_USED
oe:player:7e2505960c12cc54c96a0a6efb2e055,oe:team:2e66da41dc460dd378e3bcc57042d31,TOP,period:697d8a8453920f1ff1c8,2024-06-15T20:11:50Z,true,protected_selection_2024,"{""bo_format_context"":null,""canonical_matchup_probability"":null,""playstyle_class_1_probability"":0.1364962597401567,""playstyle_class_2_probability"":0.6072446604131372,""playstyle_uncertainty"":0.3551331705328793,""playstyle_unknown_probability"":0.25625907984670615,""prior_above_role_median_rate"":0.5773628052240458,""prior_champion_observation_count"":106,""prior_core_state"":null,""prior_effective_evidence"":32.32934991905732,""prior_median_performance"":15.21,""prior_player_rating"":1512.6529385476304,""prior_q25_performance"":9.873000000000001,""prior_raw_observation_count"":106,""prior_residual_uncertainty"":0.14562301605171737,""prior_role_adjusted_kp"":0.1622379263175463,""prior_role_relative_rating"":0.12652938547630255,""prior_starter_reliability"":0.9150260776466118,""prior_team_state"":null,""prior_team_strength"":null,""schedule_opponent_context"":null}",,13.152333333333333,2026 - Split 1,lcs_fantasy_split1_2026_reconstructed_v1,"{""dataset"":""feature_provenance"",""max_source_timestamp"":""2024-03-31T22:47:00Z""}",RECONSTRUCTED_NON_OFFICIAL_SPLIT1_2026_RULES,RECONSTRUCTED_COMPLETE_UNDER_POLICY;RECONSTRUCTED_EXCLUDED_COMPONENTS;RECONSTRUCTED_PROXY_USED
oe:player:80fea0848c57b8e07a79675d41f582c,oe:team:c334c629fea759876e9e04afbe4aee7,TOP,period:697d8a8453920f1ff1c8,2024-06-15T20:11:50Z,true,protected_selection_2024,"{""bo_format_context"":null,""canonical_matchup_probability"":null,""playstyle_class_1_probability"":0.19771048054873075,""playstyle_class_2_probability"":0.4666702971789717,""playstyle_uncertainty"":0.3277051627651406,""playstyle_unknown_probability"":0.33561922227229746,""prior_above_role_median_rate"":0.42012069086629483,""prior_champion_observation_count"":14,""prior_core_state"":null,""prior_effective_evidence"":13.932155251777854,""prior_median_performance"":7.390000000000001,""prior_player_rating"":1489.616363877469,""prior_q25_performance"":5.1,""prior_raw_observation_count"":14,""prior_residual_uncertainty"":0.249857385952767,""prior_role_adjusted_kp"":-0.037781480662915604,""prior_role_relative_rating"":-0.10383636122530941,""prior_starter_reliability"":0.8429495022632546,""prior_team_state"":null,""prior_team_strength"":null,""schedule_opponent_context"":null}",,16.965,2026 - Split 1,lcs_fantasy_split1_2026_reconstructed_v1,"{""dataset"":""feature_provenance"",""max_source_timestamp"":""2024-03-10T20:07:55Z""}",RECONSTRUCTED_NON_OFFICIAL_SPLIT1_2026_RULES,RECONSTRUCTED_COMPLETE_UNDER_POLICY;RECONSTRUCTED_EXCLUDED_COMPONENTS;RECONSTRUCTED_PROXY_USED
oe:player:81acc6bcde5c927c78e0990e9887f84,oe:team:fc8e90107dabb9a35c490b0d86adea0,SUP,period:697d8a8453920f1ff1c8,2024-06-15T20:11:50Z,true,protected_selection_2024,"{""bo_format_context"":null,""canonical_matchup_probability"":null,""playstyle_class_1_probability"":0.37790591683928565,""playstyle_class_2_probability"":0.3550791289080463,""playstyle_uncertainty"":0.38671923565587,""playstyle_unknown_probability"":0.267014954252668,""prior_above_role_median_rate"":0.448602165475461,""prior_champion_observation_count"":302,""prior_core_state"":null,""prior_effective_evidence"":52.14485383012609,""prior_median_performance"":14.012400000000001,""prior_player_rating"":1498.1691039680002,""prior_q25_performance"":8.7787,""prior_raw_observation_count"":302,""prior_residual_uncertainty"":0.12163287071273624,""prior_role_adjusted_kp"":-0.14615955028808375,""prior_role_relative_rating"":-0.018308960319997403,""prior_starter_reliability"":0.9291182136375422,""prior_team_state"":null,""prior_team_strength"":null,""schedule_opponent_context"":null}",,18.19073333333333,2026 - Split 1,lcs_fantasy_split1_2026_reconstructed_v1,"{""dataset"":""feature_provenance"",""max_source_timestamp"":""2024-03-30T22:05:18Z""}",RECONSTRUCTED_NON_OFFICIAL_SPLIT1_2026_RULES,RECONSTRUCTED_COMPLETE_UNDER_POLICY;RECONSTRUCTED_EXCLUDED_COMPONENTS;RECONSTRUCTED_PROXY_USED
oe:player:83eb62484689106807fcf5ad55b5479,oe:team:fc8e90107dabb9a35c490b0d86adea0,MID,period:697d8a8453920f1ff1c8,2024-06-15T20:11:50Z,true,protected_selection_2024,"{""bo_format_context"":null,""canonical_matchup_probability"":null,""playstyle_class_1_probability"":null,""playstyle_class_2_probability"":null,""playstyle_uncertainty"":null,""playstyle_unknown_probability"":null,""prior_above_role_median_rate"":0.57046694638621,""prior_champion_observation_count"":163,""prior_core_state"":null,""prior_effective_evidence"":58.75977554969905,""prior_median_performance"":17.2,""prior_player_rating"":1500.9845135365183,""prior_q25_performance"":7.65,""prior_raw_observation_count"":163,""prior_residual_uncertainty"":0.12787154348318447,""prior_role_adjusted_kp"":0.05386662828857658,""prior_role_relative_rating"":0.009845135365182368,""prior_starter_reliability"":0.9341102457031525,""prior_team_state"":null,""prior_team_strength"":null,""schedule_opponent_context"":null}",,20.317999999999998,2026 - Split 1,lcs_fantasy_split1_2026_reconstructed_v1,"{""dataset"":""feature_provenance"",""max_source_timestamp"":""2024-03-30T22:05:18Z""}",RECONSTRUCTED_NON_OFFICIAL_SPLIT1_2026_RULES,RECONSTRUCTED_COMPLETE_UNDER_POLICY;RECONSTRUCTED_EXCLUDED_COMPONENTS;RECONSTRUCTED_PROXY_USED
oe:player:8a5dbe19794784cfd0553556844f045,oe:team:e758ebe9a5a2cc81b9c8078479c2d87,JGL,period:697d8a8453920f1ff1c8,2024-06-15T20:11:50Z,true,protected_selection_2024,"{""bo_format_context"":null,""canonical_matchup_probability"":null,""playstyle_class_1_probability"":null,""playstyle_class_2_probability"":null,""playstyle_uncertainty"":null,""playstyle_unknown_probability"":null,""prior_above_role_median_rate"":0.5070865813059424,""prior_champion_observation_count"":170,""prior_core_state"":null,""prior_effective_evidence"":62.21645143291476,""prior_median_performance"":15.25,""prior_player_rating"":1498.6588267045533,""prior_q25_performance"":6.08,""prior_raw_observation_count"":170,""prior_residual_uncertainty"":0.11704853955474573,""prior_role_adjusted_kp"":0.011015028003203241,""prior_role_relative_rating"":-0.013411732954466703,""prior_starter_reliability"":0.9324653482150872,""prior_team_state"":null,""prior_team_strength"":null,""schedule_opponent_context"":null}",,8.559999999999999,2026 - Split 1,lcs_fantasy_split1_2026_reconstructed_v1,"{""dataset"":""feature_provenance"",""max_source_timestamp"":""2024-03-16T23:44:56Z""}",RECONSTRUCTED_NON_OFFICIAL_SPLIT1_2026_RULES,RECONSTRUCTED_COMPLETE_UNDER_POLICY;RECONSTRUCTED_EXCLUDED_COMPONENTS;RECONSTRUCTED_PROXY_USED
oe:player:8f8eaac8e99c203ee76e57c5c81c91f,oe:team:4bd1751425ef6a9bc9d4d8e9385b4a6,MID,period:697d8a8453920f1ff1c8,2024-06-15T20:11:50Z,true,protected_selection_2024,"{""bo_format_context"":null,""canonical_matchup_probability"":null,""playstyle_class_1_probability"":null,""playstyle_class_2_probability"":null,""playstyle_uncertainty"":null,""playstyle_unknown_probability"":null,""prior_above_role_median_rate"":0.5597980334683692,""prior_champion_observation_count"":46,""prior_core_state"":null,""prior_effective_evidence"":36.84075849687593,""prior_median_performance"":20.92,""prior_player_rating"":1519.895736355843,""prior_q25_performance"":11.343,""prior_raw_observation_count"":46,""prior_residual_uncertainty"":0.16638948403814333,""prior_role_adjusted_kp"":0.308734029629074,""prior_role_relative_rating"":0.19895736355842897,""prior_starter_reliability"":0.9210170705183242,""prior_team_state"":null,""prior_team_strength"":null,""schedule_opponent_context"":null}",,35.1355,2026 - Split 1,lcs_fantasy_split1_2026_reconstructed_v1,"{""dataset"":""feature_provenance"",""max_source_timestamp"":""2024-03-22T22:49:47Z""}",RECONSTRUCTED_NON_OFFICIAL_SPLIT1_2026_RULES,RECONSTRUCTED_COMPLETE_UNDER_POLICY;RECONSTRUCTED_EXCLUDED_COMPONENTS;RECONSTRUCTED_PROXY_USED
oe:player:9191e392e93a6ef011ef76b5b83ee6c,oe:team:e758ebe9a5a2cc81b9c8078479c2d87,SUP,period:697d8a8453920f1ff1c8,2024-06-15T20:11:50Z,true,protected_selection_2024,"{""bo_format_context"":null,""canonical_matchup_probability"":null,""playstyle_class_1_probability"":0.4677387886450409,""playstyle_class_2_probability"":0.2233832405295484,""playstyle_uncertainty"":0.3974480283398422,""playstyle_unknown_probability"":0.3088779708254107,""prior_above_role_median_rate"":0.4335138660134405,""prior_champion_observation_count"":277,""prior_core_state"":null,""prior_effective_evidence"":64.25064084634862,""prior_median_performance"":13.389500000000002,""prior_player_rating"":1500.4053474938944,""prior_q25_performance"":9.1354,""prior_raw_observation_count"":277,""prior_residual_uncertainty"":0.11121471817543978,""prior_role_adjusted_kp"":-0.14748807925941063,""prior_role_relative_rating"":0.00405347493894403,""prior_starter_reliability"":0.9327897059013278,""prior_team_state"":null,""prior_team_strength"":null,""schedule_opponent_context"":null}",,11.41845,2026 - Split 1,lcs_fantasy_split1_2026_reconstructed_v1,"{""dataset"":""feature_provenance"",""max_source_timestamp"":""2024-03-16T23:44:56Z""}",RECONSTRUCTED_NON_OFFICIAL_SPLIT1_2026_RULES,RECONSTRUCTED_COMPLETE_UNDER_POLICY;RECONSTRUCTED_EXCLUDED_COMPONENTS;RECONSTRUCTED_PROXY_USED
oe:player:9ce0043331f3999cc2ee205ab7c2d73,oe:team:c334c629fea759876e9e04afbe4aee7,SUP,period:697d8a8453920f1ff1c8,2024-06-15T20:11:50Z,true,protected_selection_2024,"{""bo_format_context"":null,""canonical_matchup_probability"":null,""playstyle_class_1_probability"":0.46240716054738645,""playstyle_class_2_probability"":0.1604174334292616,""playstyle_uncertainty"":0.4197930571594083,""playstyle_unknown_probability"":0.3771754060233519,""prior_above_role_median_rate"":0.35593407481848743,""prior_champion_observation_count"":57,""prior_core_state"":null,""prior_effective_evidence"":17.641110064785792,""prior_median_performance"":12.092699999999999,""prior_player_rating"":1496.218624692753,""prior_q25_performance"":10.500499999999999,""prior_raw_observation_count"":57,""prior_residual_uncertainty"":0.17971100189678063,""prior_role_adjusted_kp"":0.0062378605175971245,""prior_role_relative_rating"":-0.037813753072468766,""prior_starter_reliability"":0.8556866758056546,""prior_team_state"":null,""prior_team_strength"":null,""schedule_opponent_context"":null}",,17.60335,2026 - Split 1,lcs_fantasy_split1_2026_reconstructed_v1,"{""dataset"":""feature_provenance"",""max_source_timestamp"":""2024-03-10T20:07:55Z""}",RECONSTRUCTED_NON_OFFICIAL_SPLIT1_2026_RULES,RECONSTRUCTED_COMPLETE_UNDER_POLICY;RECONSTRUCTED_EXCLUDED_COMPONENTS;RECONSTRUCTED_PROXY_USED
oe:player:a04a853a0f540f156d08711204fe252,oe:team:c334c629fea759876e9e04afbe4aee7,JGL,period:697d8a8453920f1ff1c8,2024-06-15T20:11:50Z,true,protected_selection_2024,"{""bo_format_context"":null,""canonical_matchup_probability"":null,""playstyle_class_1_probability"":null,""playstyle_class_2_probability"":null,""playstyle_uncertainty"":null,""playstyle_unknown_probability"":null,""prior_above_role_median_rate"":0.42258888739006334,""prior_champion_observation_count"":70,""prior_core_state"":null,""prior_effective_evidence"":24.243506626096472,""prior_median_performance"":13.45,""prior_player_rating"":1503.3698923139284,""prior_q25_performance"":9.89,""prior_raw_observation_count"":70,""prior_residual_uncertainty"":0.16944742849440525,""prior_role_adjusted_kp"":0.2925215225183471,""prior_role_relative_rating"":0.033698923139284354,""prior_starter_reliability"":0.8765423342475275,""prior_team_state"":null,""prior_team_strength"":null,""schedule_opponent_context"":null}",,25.826999999999998,2026 - Split 1,lcs_fantasy_split1_2026_reconstructed_v1,"{""dataset"":""feature_provenance"",""max_source_timestamp"":""2024-03-10T20:07:55Z""}",RECONSTRUCTED_NON_OFFICIAL_SPLIT1_2026_RULES,RECONSTRUCTED_COMPLETE_UNDER_POLICY;RECONSTRUCTED_EXCLUDED_COMPONENTS;RECONSTRUCTED_PROXY_USED
oe:player:a8307167f3a1c933295bb9e3d43700e,oe:team:2e66da41dc460dd378e3bcc57042d31,JGL,period:697d8a8453920f1ff1c8,2024-06-15T20:11:50Z,true,protected_selection_2024,"{""bo_format_context"":null,""canonical_matchup_probability"":null,""playstyle_class_1_probability"":null,""playstyle_class_2_probability"":null,""playstyle_uncertainty"":null,""playstyle_unknown_probability"":null,""prior_above_role_median_rate"":0.6324429421024654,""prior_champion_observation_count"":137,""prior_core_state"":null,""prior_effective_evidence"":41.57852034004355,""prior_median_performance"":19.722,""prior_player_rating"":1504.7904279206784,""prior_q25_performance"":9.01,""prior_raw_observation_count"":137,""prior_residual_uncertainty"":0.13543783521625893,""prior_role_adjusted_kp"":-0.1332354013742041,""prior_role_relative_rating"":0.047904279206783966,""prior_starter_reliability"":0.9243760403376694,""prior_team_state"":null,""prior_team_strength"":null,""schedule_opponent_context"":null}",,22.66933333333333,2026 - Split 1,lcs_fantasy_split1_2026_reconstructed_v1,"{""dataset"":""feature_provenance"",""max_source_timestamp"":""2024-03-31T22:47:00Z""}",RECONSTRUCTED_NON_OFFICIAL_SPLIT1_2026_RULES,RECONSTRUCTED_COMPLETE_UNDER_POLICY;RECONSTRUCTED_EXCLUDED_COMPONENTS;RECONSTRUCTED_PROXY_USED
oe:player:c145139d26813639b8fe6f4d0b28228,oe:team:2e66da41dc460dd378e3bcc57042d31,BOT,period:697d8a8453920f1ff1c8,2024-06-15T20:11:50Z,true,protected_selection_2024,"{""bo_format_context"":null,""canonical_matchup_probability"":null,""playstyle_class_1_probability"":null,""playstyle_class_2_probability"":null,""playstyle_uncertainty"":null,""playstyle_unknown_probability"":null,""prior_above_role_median_rate"":0.6161239929091041,""prior_champion_observation_count"":26,""prior_core_state"":null,""prior_effective_evidence"":25.793110060291124,""prior_median_performance"":18.48,""prior_player_rating"":1506.180265194671,""prior_q25_performance"":10.77,""prior_raw_observation_count"":26,""prior_residual_uncertainty"":0.18620385182585514,""prior_role_adjusted_kp"":-0.005946933643632437,""prior_role_relative_rating"":0.061802651946708344,""prior_starter_reliability"":0.9065486208843082,""prior_team_state"":null,""prior_team_strength"":null,""schedule_opponent_context"":null}",,11.93,2026 - Split 1,lcs_fantasy_split1_2026_reconstructed_v1,"{""dataset"":""feature_provenance"",""max_source_timestamp"":""2024-03-31T22:47:00Z""}",RECONSTRUCTED_NON_OFFICIAL_SPLIT1_2026_RULES,RECONSTRUCTED_COMPLETE_UNDER_POLICY;RECONSTRUCTED_EXCLUDED_COMPONENTS;RECONSTRUCTED_PROXY_USED
oe:player:dbe844fcbbc7f54654e54242e79acac,oe:team:4bd1751425ef6a9bc9d4d8e9385b4a6,SUP,period:697d8a8453920f1ff1c8,2024-06-15T20:11:50Z,true,protected_selection_2024,"{""bo_format_context"":null,""canonical_matchup_probability"":null,""playstyle_class_1_probability"":0.4885144366792365,""playstyle_class_2_probability"":0.28386280851224877,""playstyle_uncertainty"":0.3180181772255118,""playstyle_unknown_probability"":0.2276227548085147,""prior_above_role_median_rate"":0.5429258716271098,""prior_champion_observation_count"":89,""prior_core_state"":null,""prior_effective_evidence"":50.12745244133429,""prior_median_performance"":17.0946,""prior_player_rating"":1501.9546512669153,""prior_q25_performance"":7.7232,""prior_raw_observation_count"":89,""prior_residual_uncertainty"":0.13001692462107117,""prior_role_adjusted_kp"":-0.1590690926517647,""prior_role_relative_rating"":0.019546512669153877,""prior_starter_reliability"":0.9322804589546144,""prior_team_state"":null,""prior_team_strength"":null,""schedule_opponent_context"":null}",,29.198,2026 - Split 1,lcs_fantasy_split1_2026_reconstructed_v1,"{""dataset"":""feature_provenance"",""max_source_timestamp"":""2024-03-22T22:49:47Z""}",RECONSTRUCTED_NON_OFFICIAL_SPLIT1_2026_RULES,RECONSTRUCTED_COMPLETE_UNDER_POLICY;RECONSTRUCTED_EXCLUDED_COMPONENTS;RECONSTRUCTED_PROXY_USED
oe:player:dc760d6884ce21614b2389ac1c05ec2,oe:team:b360f1d729b0a8e0f29a5243c4200fa,TOP,period:697d8a8453920f1ff1c8,2024-06-15T20:11:50Z,true,protected_selection_2024,"{""bo_format_context"":null,""canonical_matchup_probability"":null,""playstyle_class_1_probability"":0.18384206142480053,""playstyle_class_2_probability"":0.5501174003574011,""playstyle_uncertainty"":0.4684074718523713,""playstyle_unknown_probability"":0.26604053821779844,""prior_above_role_median_rate"":0.2951833799455864,""prior_champion_observation_count"":101,""prior_core_state"":null,""prior_effective_evidence"":16.14375644899525,""prior_median_performance"":11.11,""prior_player_rating"":1476.0446740642478,""prior_q25_performance"":3.35,""prior_raw_observation_count"":101,""prior_residual_uncertainty"":0.23870846435638263,""prior_role_adjusted_kp"":-0.2743643965275307,""prior_role_relative_rating"":-0.23955325935752167,""prior_starter_reliability"":0.8508593323698554,""prior_team_state"":null,""prior_team_strength"":null,""schedule_opponent_context"":null}",,6.936,2026 - Split 1,lcs_fantasy_split1_2026_reconstructed_v1,"{""dataset"":""feature_provenance"",""max_source_timestamp"":""2024-03-10T21:46:38Z""}",RECONSTRUCTED_NON_OFFICIAL_SPLIT1_2026_RULES,RECONSTRUCTED_COMPLETE_UNDER_POLICY;RECONSTRUCTED_EXCLUDED_COMPONENTS;RECONSTRUCTED_PROXY_USED
oe:player:e03d0722b6dce835cde3268c08c4f54,oe:team:0dbb780176ecad18f17292d1f5653af,TOP,period:697d8a8453920f1ff1c8,2024-06-15T20:11:50Z,true,protected_selection_2024,"{""bo_format_context"":null,""canonical_matchup_probability"":null,""playstyle_class_1_probability"":0.3004024203375296,""playstyle_class_2_probability"":0.44222530897718504,""playstyle_uncertainty"":0.37155288876135595,""playstyle_unknown_probability"":0.25737227068528523,""prior_above_role_median_rate"":0.5613455928889496,""prior_champion_observation_count"":221,""prior_core_state"":null,""prior_effective_evidence"":76.51727265835258,""prior_median_performance"":13.25,""prior_player_rating"":1496.3135390327784,""prior_q25_performance"":6.91,""prior_raw_observation_count"":221,""prior_residual_uncertainty"":0.1,""prior_role_adjusted_kp"":-0.22852089925163235,""prior_role_relative_rating"":-0.036864609672215304,""prior_starter_reliability"":0.8746125971570229,""prior_team_state"":null,""prior_team_strength"":null,""schedule_opponent_context"":null}",,9.386666666666665,2026 - Split 1,lcs_fantasy_split1_2026_reconstructed_v1,"{""dataset"":""feature_provenance"",""max_source_timestamp"":""2023-08-14T01:25:01Z""}",RECONSTRUCTED_NON_OFFICIAL_SPLIT1_2026_RULES,RECONSTRUCTED_COMPLETE_UNDER_POLICY;RECONSTRUCTED_EXCLUDED_COMPONENTS;RECONSTRUCTED_PROXY_USED
oe:player:e9017664588010860a92ceb5f8fcb82,oe:team:2e66da41dc460dd378e3bcc57042d31,MID,period:697d8a8453920f1ff1c8,2024-06-15T20:11:50Z,true,protected_selection_2024,"{""bo_format_context"":null,""canonical_matchup_probability"":null,""playstyle_class_1_probability"":null,""playstyle_class_2_probability"":null,""playstyle_uncertainty"":null,""playstyle_unknown_probability"":null,""prior_above_role_median_rate"":0.5,""prior_champion_observation_count"":0,""prior_core_state"":null,""prior_effective_evidence"":0.0,""prior_median_performance"":16.314,""prior_player_rating"":1500.0,""prior_q25_performance"":16.314,""prior_raw_observation_count"":0,""prior_residual_uncertainty"":1.6606601717798213,""prior_role_adjusted_kp"":0.0,""prior_role_relative_rating"":0.0,""prior_starter_reliability"":0.5,""prior_team_state"":null,""prior_team_strength"":null,""schedule_opponent_context"":null}",,14.338333333333331,2026 - Split 1,lcs_fantasy_split1_2026_reconstructed_v1,"{""dataset"":""feature_provenance"",""max_source_timestamp"":null}",RECONSTRUCTED_NON_OFFICIAL_SPLIT1_2026_RULES,RECONSTRUCTED_COMPLETE_UNDER_POLICY;RECONSTRUCTED_EXCLUDED_COMPONENTS;RECONSTRUCTED_PROXY_USED
oe:player:ea9ed09584feecae0991089f087d2ce,oe:team:8eb884e168f28402ce685bedebb5250,MID,period:697d8a8453920f1ff1c8,2024-06-15T20:11:50Z,true,protected_selection_2024,"{""bo_format_context"":null,""canonical_matchup_probability"":null,""playstyle_class_1_probability"":null,""playstyle_class_2_probability"":null,""playstyle_uncertainty"":null,""playstyle_unknown_probability"":null,""prior_above_role_median_rate"":0.599296186890649,""prior_champion_observation_count"":63,""prior_core_state"":null,""prior_effective_evidence"":50.16813205025527,""prior_median_performance"":18.374000000000002,""prior_player_rating"":1509.9038282795295,""prior_q25_performance"":12.620000000000001,""prior_raw_observation_count"":63,""prior_residual_uncertainty"":0.1123102486769771,""prior_role_adjusted_kp"":-0.04478179736175083,""prior_role_relative_rating"":0.09903828279529465,""prior_starter_reliability"":0.9395712731749066,""prior_team_state"":null,""prior_team_strength"":null,""schedule_opponent_context"":null}",,19.305333333333333,2026 - Split 1,lcs_fantasy_split1_2026_reconstructed_v1,"{""dataset"":""feature_provenance"",""max_source_timestamp"":""2024-03-31T22:47:00Z""}",RECONSTRUCTED_NON_OFFICIAL_SPLIT1_2026_RULES,RECONSTRUCTED_COMPLETE_UNDER_POLICY;RECONSTRUCTED_EXCLUDED_COMPONENTS;RECONSTRUCTED_PROXY_USED
oe:player:ed455f823b6586e9e3621dfb5aeb42e,oe:team:fc8e90107dabb9a35c490b0d86adea0,JGL,period:697d8a8453920f1ff1c8,2024-06-15T20:11:50Z,true,protected_selection_2024,"{""bo_format_context"":null,""canonical_matchup_probability"":null,""playstyle_class_1_probability"":null,""playstyle_class_2_probability"":null,""playstyle_uncertainty"":null,""playstyle_unknown_probability"":null,""prior_above_role_median_rate"":0.5860472356965593,""prior_champion_observation_count"":304,""prior_core_state"":null,""prior_effective_evidence"":61.37175498474412,""prior_median_performance"":16.9,""prior_player_rating"":1506.2689674050384,""prior_q25_performance"":8.296,""prior_raw_observation_count"":304,""prior_residual_uncertainty"":0.10311091910664895,""prior_role_adjusted_kp"":0.0362420785644588,""prior_role_relative_rating"":0.06268967405038516,""prior_starter_reliability"":0.9355090777273977,""prior_team_state"":null,""prior_team_strength"":null,""schedule_opponent_context"":null}",,21.626666666666665,2026 - Split 1,lcs_fantasy_split1_2026_reconstructed_v1,"{""dataset"":""feature_provenance"",""max_source_timestamp"":""2024-03-30T22:05:18Z""}",RECONSTRUCTED_NON_OFFICIAL_SPLIT1_2026_RULES,RECONSTRUCTED_COMPLETE_UNDER_POLICY;RECONSTRUCTED_EXCLUDED_COMPONENTS;RECONSTRUCTED_PROXY_USED
oe:player:ef97df9d746d0e65ed18786ab30031c,oe:team:b360f1d729b0a8e0f29a5243c4200fa,MID,period:697d8a8453920f1ff1c8,2024-06-15T20:11:50Z,true,protected_selection_2024,"{""bo_format_context"":null,""canonical_matchup_probability"":null,""playstyle_class_1_probability"":null,""playstyle_class_2_probability"":null,""playstyle_uncertainty"":null,""playstyle_unknown_probability"":null,""prior_above_role_median_rate"":0.42867470798073365,""prior_champion_observation_count"":107,""prior_core_state"":null,""prior_effective_evidence"":30.43277159903287,""prior_median_performance"":11.86,""prior_player_rating"":1483.254994988702,""prior_q25_performance"":4.701,""prior_raw_observation_count"":107,""prior_residual_uncertainty"":0.18052712233943174,""prior_role_adjusted_kp"":-0.2475090256553135,""prior_role_relative_rating"":-0.1674500501129786,""prior_starter_reliability"":0.8895371856780421,""prior_team_state"":null,""prior_team_strength"":null,""schedule_opponent_context"":null}",,5.8105,2026 - Split 1,lcs_fantasy_split1_2026_reconstructed_v1,"{""dataset"":""feature_provenance"",""max_source_timestamp"":""2024-03-10T21:46:38Z""}",RECONSTRUCTED_NON_OFFICIAL_SPLIT1_2026_RULES,RECONSTRUCTED_COMPLETE_UNDER_POLICY;RECONSTRUCTED_EXCLUDED_COMPONENTS;RECONSTRUCTED_PROXY_USED
oe:player:f6b8af05a5af22004a67a78f3046b92,oe:team:8eb884e168f28402ce685bedebb5250,BOT,period:697d8a8453920f1ff1c8,2024-06-15T20:11:50Z,true,protected_selection_2024,"{""bo_format_context"":null,""canonical_matchup_probability"":null,""playstyle_class_1_probability"":null,""playstyle_class_2_probability"":null,""playstyle_uncertainty"":null,""playstyle_unknown_probability"":null,""prior_above_role_median_rate"":0.5437558273218995,""prior_champion_observation_count"":93,""prior_core_state"":null,""prior_effective_evidence"":62.20090418117263,""prior_median_performance"":16.41,""prior_player_rating"":1512.3181582098264,""prior_q25_performance"":10.33,""prior_raw_observation_count"":93,""prior_residual_uncertainty"":0.11594997378521783,""prior_role_adjusted_kp"":0.04507589579307422,""prior_role_relative_rating"":0.12318158209826421,""prior_starter_reliability"":0.9458523681764173,""prior_team_state"":null,""prior_team_strength"":null,""schedule_opponent_context"":null}",,14.648666666666665,2026 - Split 1,lcs_fantasy_split1_2026_reconstructed_v1,"{""dataset"":""feature_provenance"",""max_source_timestamp"":""2024-03-31T22:47:00Z""}",RECONSTRUCTED_NON_OFFICIAL_SPLIT1_2026_RULES,RECONSTRUCTED_COMPLETE_UNDER_POLICY;RECONSTRUCTED_EXCLUDED_COMPONENTS;RECONSTRUCTED_PROXY_USED
oe:player:fbadcf84fcfb01a251de88055f631cb,oe:team:0dbb780176ecad18f17292d1f5653af,JGL,period:697d8a8453920f1ff1c8,2024-06-15T20:11:50Z,true,protected_selection_2024,"{""bo_format_context"":null,""canonical_matchup_probability"":null,""playstyle_class_1_probability"":null,""playstyle_class_2_probability"":null,""playstyle_uncertainty"":null,""playstyle_unknown_probability"":null,""prior_above_role_median_rate"":0.5473822628353887,""prior_champion_observation_count"":218,""prior_core_state"":null,""prior_effective_evidence"":65.8024201510452,""prior_median_performance"":16.195999999999998,""prior_player_rating"":1501.573637604044,""prior_q25_performance"":7.316,""prior_raw_observation_count"":218,""prior_residual_uncertainty"":0.1,""prior_role_adjusted_kp"":0.14857519665647886,""prior_role_relative_rating"":0.01573637604044105,""prior_starter_reliability"":0.841385026351872,""prior_team_state"":null,""prior_team_strength"":null,""schedule_opponent_context"":null}",,14.735999999999999,2026 - Split 1,lcs_fantasy_split1_2026_reconstructed_v1,"{""dataset"":""feature_provenance"",""max_source_timestamp"":""2023-07-22T00:46:01Z""}",RECONSTRUCTED_NON_OFFICIAL_SPLIT1_2026_RULES,RECONSTRUCTED_COMPLETE_UNDER_POLICY;RECONSTRUCTED_EXCLUDED_COMPONENTS;RECONSTRUCTED_PROXY_USED
oe:player:fddde6d256bee26713f64ad9b2a9394,oe:team:e758ebe9a5a2cc81b9c8078479c2d87,MID,period:697d8a8453920f1ff1c8,2024-06-15T20:11:50Z,true,protected_selection_2024,"{""bo_format_context"":null,""canonical_matchup_probability"":null,""playstyle_class_1_probability"":null,""playstyle_class_2_probability"":null,""playstyle_uncertainty"":null,""playstyle_unknown_probability"":null,""prior_above_role_median_rate"":0.46090483546453315,""prior_champion_observation_count"":183,""prior_core_state"":null,""prior_effective_evidence"":62.49131759775637,""prior_median_performance"":14.9,""prior_player_rating"":1499.850077363267,""prior_q25_performance"":9.22,""prior_raw_observation_count"":183,""prior_residual_uncertainty"":0.10511391969353628,""prior_role_adjusted_kp"":0.1743394464151464,""prior_role_relative_rating"":-0.0014992263673287787,""prior_starter_reliability"":0.932594346399934,""prior_team_state"":null,""prior_team_strength"":null,""schedule_opponent_context"":null}",,8.620000000000001,2026 - Split 1,lcs_fantasy_split1_2026_reconstructed_v1,"{""dataset"":""feature_provenance"",""max_source_timestamp"":""2024-03-16T23:44:56Z""}",RECONSTRUCTED_NON_OFFICIAL_SPLIT1_2026_RULES,RECONSTRUCTED_COMPLETE_UNDER_POLICY;RECONSTRUCTED_EXCLUDED_COMPONENTS;RECONSTRUCTED_PROXY_USED
oe:player:007be3acd5669d100711b13d79e2336,oe:team:4bd1751425ef6a9bc9d4d8e9385b4a6,TOP,period:77186dc9e4b5f1acc2df,2024-09-06T20:13:13Z,true,protected_selection_2024,"{""bo_format_context"":null,""canonical_matchup_probability"":null,""playstyle_class_1_probability"":0.22671307772608282,""playstyle_class_2_probability"":0.658347008432616,""playstyle_uncertainty"":0.21741379037950267,""playstyle_unknown_probability"":0.11493991384130117,""prior_above_role_median_rate"":0.4706185146846135,""prior_champion_observation_count"":57,""prior_core_state"":null,""prior_effective_evidence"":50.85650276395768,""prior_median_performance"":12.028,""prior_player_rating"":1473.9362393810595,""prior_q25_performance"":1.62,""prior_raw_observation_count"":57,""prior_residual_uncertainty"":0.12389222926461346,""prior_role_adjusted_kp"":-0.4296469206583661,""prior_role_relative_rating"":-0.26063760618940407,""prior_starter_reliability"":0.9533468036838195,""prior_team_state"":null,""prior_team_strength"":null,""schedule_opponent_context"":null}",,5.103333333333334,2026 - Split 1,lcs_fantasy_split1_2026_reconstructed_v1,"{""dataset"":""feature_provenance"",""max_source_timestamp"":""2024-09-01T22:37:27Z""}",RECONSTRUCTED_NON_OFFICIAL_SPLIT1_2026_RULES,RECONSTRUCTED_COMPLETE_UNDER_POLICY;RECONSTRUCTED_EXCLUDED_COMPONENTS;RECONSTRUCTED_PROXY_USED
oe:player:05fafeaf23dc3285558a4e968970b9f,oe:team:8eb884e168f28402ce685bedebb5250,SUP,period:77186dc9e4b5f1acc2df,2024-09-06T20:13:13Z,true,protected_selection_2024,"{""bo_format_context"":null,""canonical_matchup_probability"":null,""playstyle_class_1_probability"":0.5517309149557753,""playstyle_class_2_probability"":0.22513366029036722,""playstyle_uncertainty"":0.3583417199619157,""playstyle_unknown_probability"":0.22313542475385753,""prior_above_role_median_rate"":0.6789691958727749,""prior_champion_observation_count"":321,""prior_core_state"":null,""prior_effective_evidence"":75.5593049515422,""prior_median_performance"":19.4683,""prior_player_rating"":1519.7032558018404,""prior_q25_performance"":13.444700000000001,""prior_raw_observation_count"":321,""prior_residual_uncertainty"":0.1,""prior_role_adjusted_kp"":-0.15672033633743826,""prior_role_relative_rating"":0.1970325580184035,""prior_starter_reliability"":0.958854362661971,""prior_team_state"":null,""prior_team_strength"":null,""schedule_opponent_context"":null}",,13.758875000000002,2026 - Split 1,lcs_fantasy_split1_2026_reconstructed_v1,"{""dataset"":""feature_provenance"",""max_source_timestamp"":""2024-08-31T23:47:37Z""}",RECONSTRUCTED_NON_OFFICIAL_SPLIT1_2026_RULES,RECONSTRUCTED_COMPLETE_UNDER_POLICY;RECONSTRUCTED_EXCLUDED_COMPONENTS;RECONSTRUCTED_PROXY_USED
oe:player:1970fcb701acce66e0771946bbb3105,oe:team:8eb884e168f28402ce685bedebb5250,JGL,period:77186dc9e4b5f1acc2df,2024-09-06T20:13:13Z,true,protected_selection_2024,"{""bo_format_context"":null,""canonical_matchup_probability"":null,""playstyle_class_1_probability"":null,""playstyle_class_2_probability"":null,""playstyle_uncertainty"":null,""playstyle_unknown_probability"":null,""prior_above_role_median_rate"":0.6331920170079645,""prior_champion_observation_count"":58,""prior_core_state"":null,""prior_effective_evidence"":51.75228760889463,""prior_median_performance"":19.502000000000002,""prior_player_rating"":1511.8109741441785,""prior_q25_performance"":13.67,""prior_raw_observation_count"":58,""prior_residual_uncertainty"":0.10143512119176253,""prior_role_adjusted_kp"":-0.12821918224778966,""prior_role_relative_rating"":0.11810974144178595,""prior_starter_reliability"":0.9503520937936852,""prior_team_state"":null,""prior_team_strength"":null,""schedule_opponent_context"":null}",,7.772499999999999,2026 - Split 1,lcs_fantasy_split1_2026_reconstructed_v1,"{""dataset"":""feature_provenance"",""max_source_timestamp"":""2024-08-31T23:47:37Z""}",RECONSTRUCTED_NON_OFFICIAL_SPLIT1_2026_RULES,RECONSTRUCTED_COMPLETE_UNDER_POLICY;RECONSTRUCTED_EXCLUDED_COMPONENTS;RECONSTRUCTED_PROXY_USED
oe:player:21f59b54f62b5b8b4bc0f63f0f617fc,oe:team:8eb884e168f28402ce685bedebb5250,TOP,period:77186dc9e4b5f1acc2df,2024-09-06T20:13:13Z,true,protected_selection_2024,"{""bo_format_context"":null,""canonical_matchup_probability"":null,""playstyle_class_1_probability"":0.4146084545163018,""playstyle_class_2_probability"":0.426320064871434,""playstyle_uncertainty"":0.33207033956448617,""playstyle_unknown_probability"":0.1590714806122642,""prior_above_role_median_rate"":0.6171213184646617,""prior_champion_observation_count"":311,""prior_core_state"":null,""prior_effective_evidence"":69.68610248769923,""prior_median_performance"":14.914,""prior_player_rating"":1517.4198593026408,""prior_q25_performance"":8.82,""prior_raw_observation_count"":311,""prior_residual_uncertainty"":0.11675989994264725,""prior_role_adjusted_kp"":0.04644854734337199,""prior_role_relative_rating"":0.1741985930264084,""prior_starter_reliability"":0.9569981830277992,""prior_team_state"":null,""prior_team_strength"":null,""schedule_opponent_context"":null}",,12.0185,2026 - Split 1,lcs_fantasy_split1_2026_reconstructed_v1,"{""dataset"":""feature_provenance"",""max_source_timestamp"":""2024-08-31T23:47:37Z""}",RECONSTRUCTED_NON_OFFICIAL_SPLIT1_2026_RULES,RECONSTRUCTED_COMPLETE_UNDER_POLICY;RECONSTRUCTED_EXCLUDED_COMPONENTS;RECONSTRUCTED_PROXY_USED
oe:player:3e722c8ede909c83af9342c41805a16,oe:team:2e66da41dc460dd378e3bcc57042d31,SUP,period:77186dc9e4b5f1acc2df,2024-09-06T20:13:13Z,true,protected_selection_2024,"{""bo_format_context"":null,""canonical_matchup_probability"":null,""playstyle_class_1_probability"":0.4935201013669367,""playstyle_class_2_probability"":0.24414601616790155,""playstyle_uncertainty"":0.34513969807365164,""playstyle_unknown_probability"":0.26233388246516176,""prior_above_role_median_rate"":0.5853589184098151,""prior_champion_observation_count"":108,""prior_core_state"":null,""prior_effective_evidence"":64.30455346974367,""prior_median_performance"":19.4038,""prior_player_rating"":1509.6496855004248,""prior_q25_performance"":10.325,""prior_raw_observation_count"":108,""prior_residual_uncertainty"":0.11163488640351654,""prior_role_adjusted_kp"":-0.09380604187685208,""prior_role_relative_rating"":0.09649685500424797,""prior_starter_reliability"":0.957902796824646,""prior_team_state"":null,""prior_team_strength"":null,""schedule_opponent_context"":null}",,19.52771428571429,2026 - Split 1,lcs_fantasy_split1_2026_reconstructed_v1,"{""dataset"":""feature_provenance"",""max_source_timestamp"":""2024-08-31T23:47:37Z""}",RECONSTRUCTED_NON_OFFICIAL_SPLIT1_2026_RULES,RECONSTRUCTED_COMPLETE_UNDER_POLICY;RECONSTRUCTED_EXCLUDED_COMPONENTS;RECONSTRUCTED_PROXY_USED
oe:player:6378658dafc3eeb902fa2e52f909172,oe:team:4bd1751425ef6a9bc9d4d8e9385b4a6,BOT,period:77186dc9e4b5f1acc2df,2024-09-06T20:13:13Z,true,protected_selection_2024,"{""bo_format_context"":null,""canonical_matchup_probability"":null,""playstyle_class_1_probability"":null,""playstyle_class_2_probability"":null,""playstyle_uncertainty"":null,""playstyle_unknown_probability"":null,""prior_above_role_median_rate"":0.5634264756366923,""prior_champion_observation_count"":87,""prior_core_state"":null,""prior_effective_evidence"":43.839153629125946,""prior_median_performance"":16.46,""prior_player_rating"":1505.1310219929794,""prior_q25_performance"":9.262,""prior_raw_observation_count"":87,""prior_residual_uncertainty"":0.139547313714901,""prior_role_adjusted_kp"":0.0019423874097078773,""prior_role_relative_rating"":0.0513102199297933,""prior_starter_reliability"":0.9424559539378362,""prior_team_state"":null,""prior_team_strength"":null,""schedule_opponent_context"":null}",,11.306333333333333,2026 - Split 1,lcs_fantasy_split1_2026_reconstructed_v1,"{""dataset"":""feature_provenance"",""max_source_timestamp"":""2024-09-01T22:37:27Z""}",RECONSTRUCTED_NON_OFFICIAL_SPLIT1_2026_RULES,RECONSTRUCTED_COMPLETE_UNDER_POLICY;RECONSTRUCTED_EXCLUDED_COMPONENTS;RECONSTRUCTED_PROXY_USED
oe:player:7c3395efccd48fe73592001501bef83,oe:team:4bd1751425ef6a9bc9d4d8e9385b4a6,JGL,period:77186dc9e4b5f1acc2df,2024-09-06T20:13:13Z,true,protected_selection_2024,"{""bo_format_context"":null,""canonical_matchup_probability"":null,""playstyle_class_1_probability"":null,""playstyle_class_2_probability"":null,""playstyle_uncertainty"":null,""playstyle_unknown_probability"":null,""prior_above_role_median_rate"":0.50401281250036,""prior_champion_observation_count"":172,""prior_core_state"":null,""prior_effective_evidence"":71.01704393698405,""prior_median_performance"":15.22,""prior_player_rating"":1496.1341859106956,""prior_q25_performance"":8.96,""prior_raw_observation_count"":172,""prior_residual_uncertainty"":0.1,""prior_role_adjusted_kp"":-0.05380367782187679,""prior_role_relative_rating"":-0.03865814089304456,""prior_starter_reliability"":0.9604309373212155,""prior_team_state"":null,""prior_team_strength"":null,""schedule_opponent_context"":null}",,8.493333333333334,2026 - Split 1,lcs_fantasy_split1_2026_reconstructed_v1,"{""dataset"":""feature_provenance"",""max_source_timestamp"":""2024-09-01T22:37:27Z""}",RECONSTRUCTED_NON_OFFICIAL_SPLIT1_2026_RULES,RECONSTRUCTED_COMPLETE_UNDER_POLICY;RECONSTRUCTED_EXCLUDED_COMPONENTS;RECONSTRUCTED_PROXY_USED
oe:player:7e2505960c12cc54c96a0a6efb2e055,oe:team:2e66da41dc460dd378e3bcc57042d31,TOP,period:77186dc9e4b5f1acc2df,2024-09-06T20:13:13Z,true,protected_selection_2024,"{""bo_format_context"":null,""canonical_matchup_probability"":null,""playstyle_class_1_probability"":0.20177314624204493,""playstyle_class_2_probability"":0.5683639621445669,""playstyle_uncertainty"":0.33673824150952153,""playstyle_unknown_probability"":0.2298628916133882,""prior_above_role_median_rate"":0.5347763546773432,""prior_champion_observation_count"":137,""prior_core_state"":null,""prior_effective_evidence"":54.892670920496215,""prior_median_performance"":13.419,""prior_player_rating"":1508.961958883331,""prior_q25_performance"":8.049,""prior_raw_observation_count"":137,""prior_residual_uncertainty"":0.11627568397740576,""prior_role_adjusted_kp"":0.13027912258074476,""prior_role_relative_rating"":0.08961958883330859,""prior_starter_reliability"":0.954381514611928,""prior_team_state"":null,""prior_team_strength"":null,""schedule_opponent_context"":null}",,17.051000000000005,2026 - Split 1,lcs_fantasy_split1_2026_reconstructed_v1,"{""dataset"":""feature_provenance"",""max_source_timestamp"":""2024-08-31T23:47:37Z""}",RECONSTRUCTED_NON_OFFICIAL_SPLIT1_2026_RULES,RECONSTRUCTED_COMPLETE_UNDER_POLICY;RECONSTRUCTED_EXCLUDED_COMPONENTS;RECONSTRUCTED_PROXY_USED
oe:player:8f8eaac8e99c203ee76e57c5c81c91f,oe:team:4bd1751425ef6a9bc9d4d8e9385b4a6,MID,period:77186dc9e4b5f1acc2df,2024-09-06T20:13:13Z,true,protected_selection_2024,"{""bo_format_context"":null,""canonical_matchup_probability"":null,""playstyle_class_1_probability"":null,""playstyle_class_2_probability"":null,""playstyle_uncertainty"":null,""playstyle_unknown_probability"":null,""prior_above_role_median_rate"":0.5320304970069131,""prior_champion_observation_count"":77,""prior_core_state"":null,""prior_effective_evidence"":57.3911477336609,""prior_median_performance"":18.618000000000002,""prior_player_rating"":1508.151370611364,""prior_q25_performance"":11.118,""prior_raw_observation_count"":77,""prior_residual_uncertainty"":0.12827091404500018,""prior_role_adjusted_kp"":-0.08826594809872992,""prior_role_relative_rating"":0.0815137061136395,""prior_starter_reliability"":0.9560815241711778,""prior_team_state"":null,""prior_team_strength"":null,""schedule_opponent_context"":null}",,6.930333333333334,2026 - Split 1,lcs_fantasy_split1_2026_reconstructed_v1,"{""dataset"":""feature_provenance"",""max_source_timestamp"":""2024-09-01T22:37:27Z""}",RECONSTRUCTED_NON_OFFICIAL_SPLIT1_2026_RULES,RECONSTRUCTED_COMPLETE_UNDER_POLICY;RECONSTRUCTED_EXCLUDED_COMPONENTS;RECONSTRUCTED_PROXY_USED
oe:player:a8307167f3a1c933295bb9e3d43700e,oe:team:2e66da41dc460dd378e3bcc57042d31,JGL,period:77186dc9e4b5f1acc2df,2024-09-06T20:13:13Z,true,protected_selection_2024,"{""bo_format_context"":null,""canonical_matchup_probability"":null,""playstyle_class_1_probability"":null,""playstyle_class_2_probability"":null,""playstyle_uncertainty"":null,""playstyle_unknown_probability"":null,""prior_above_role_median_rate"":0.6634366980411097,""prior_champion_observation_count"":168,""prior_core_state"":null,""prior_effective_evidence"":59.98355858903119,""prior_median_performance"":19.46,""prior_player_rating"":1515.1842107875982,""prior_q25_performance"":12.231,""prior_raw_observation_count"":168,""prior_residual_uncertainty"":0.10338460503761553,""prior_role_adjusted_kp"":-0.038548528998699316,""prior_role_relative_rating"":0.15184210787598112,""prior_starter_reliability"":0.9562787903677015,""prior_team_state"":null,""prior_team_strength"":null,""schedule_opponent_context"":null}",,21.663142857142855,2026 - Split 1,lcs_fantasy_split1_2026_reconstructed_v1,"{""dataset"":""feature_provenance"",""max_source_timestamp"":""2024-08-31T23:47:37Z""}",RECONSTRUCTED_NON_OFFICIAL_SPLIT1_2026_RULES,RECONSTRUCTED_COMPLETE_UNDER_POLICY;RECONSTRUCTED_EXCLUDED_COMPONENTS;RECONSTRUCTED_PROXY_USED
oe:player:c145139d26813639b8fe6f4d0b28228,oe:team:2e66da41dc460dd378e3bcc57042d31,BOT,period:77186dc9e4b5f1acc2df,2024-09-06T20:13:13Z,true,protected_selection_2024,"{""bo_format_context"":null,""canonical_matchup_probability"":null,""playstyle_class_1_probability"":null,""playstyle_class_2_probability"":null,""playstyle_uncertainty"":null,""playstyle_unknown_probability"":null,""prior_above_role_median_rate"":0.634207030462859,""prior_champion_observation_count"":57,""prior_core_state"":null,""prior_effective_evidence"":51.16346183997517,""prior_median_performance"":18.48,""prior_player_rating"":1509.416643871412,""prior_q25_performance"":11.23,""prior_raw_observation_count"":57,""prior_residual_uncertainty"":0.11629429471333384,""prior_role_adjusted_kp"":-0.05100344814972678,""prior_role_relative_rating"":0.09416643871411837,""prior_starter_reliability"":0.9528812728809751,""prior_team_state"":null,""prior_team_strength"":null,""schedule_opponent_context"":null}",,20.819857142857142,2026 - Split 1,lcs_fantasy_split1_2026_reconstructed_v1,"{""dataset"":""feature_provenance"",""max_source_timestamp"":""2024-08-31T23:47:37Z""}",RECONSTRUCTED_NON_OFFICIAL_SPLIT1_2026_RULES,RECONSTRUCTED_COMPLETE_UNDER_POLICY;RECONSTRUCTED_EXCLUDED_COMPONENTS;RECONSTRUCTED_PROXY_USED
oe:player:dbe844fcbbc7f54654e54242e79acac,oe:team:4bd1751425ef6a9bc9d4d8e9385b4a6,SUP,period:77186dc9e4b5f1acc2df,2024-09-06T20:13:13Z,true,protected_selection_2024,"{""bo_format_context"":null,""canonical_matchup_probability"":null,""playstyle_class_1_probability"":0.6926963911753327,""playstyle_class_2_probability"":0.16148974324591428,""playstyle_uncertainty"":0.2808014887157405,""playstyle_unknown_probability"":0.14581386557875306,""prior_above_role_median_rate"":0.5486757521398343,""prior_champion_observation_count"":120,""prior_core_state"":null,""prior_effective_evidence"":64.6400145254856,""prior_median_performance"":17.464299999999998,""prior_player_rating"":1499.1816321561303,""prior_q25_performance"":7.7232,""prior_raw_observation_count"":120,""prior_residual_uncertainty"":0.10907415603744189,""prior_role_adjusted_kp"":-0.15280288597665279,""prior_role_relative_rating"":-0.008183678438697757,""prior_starter_reliability"":0.9585856304609296,""prior_team_state"":null,""prior_team_strength"":null,""schedule_opponent_context"":null}",,13.0674,2026 - Split 1,lcs_fantasy_split1_2026_reconstructed_v1,"{""dataset"":""feature_provenance"",""max_source_timestamp"":""2024-09-01T22:37:27Z""}",RECONSTRUCTED_NON_OFFICIAL_SPLIT1_2026_RULES,RECONSTRUCTED_COMPLETE_UNDER_POLICY;RECONSTRUCTED_EXCLUDED_COMPONENTS;RECONSTRUCTED_PROXY_USED
oe:player:e9017664588010860a92ceb5f8fcb82,oe:team:2e66da41dc460dd378e3bcc57042d31,MID,period:77186dc9e4b5f1acc2df,2024-09-06T20:13:13Z,true,protected_selection_2024,"{""bo_format_context"":null,""canonical_matchup_probability"":null,""playstyle_class_1_probability"":null,""playstyle_class_2_probability"":null,""playstyle_uncertainty"":null,""playstyle_unknown_probability"":null,""prior_above_role_median_rate"":0.7223763408392154,""prior_champion_observation_count"":31,""prior_core_state"":null,""prior_effective_evidence"":30.695142129858464,""prior_median_performance"":21.785,""prior_player_rating"":1533.7693277645885,""prior_q25_performance"":16.2,""prior_raw_observation_count"":31,""prior_residual_uncertainty"":0.16998398961051983,""prior_role_adjusted_kp"":0.09560647642540314,""prior_role_relative_rating"":0.3376932776458853,""prior_starter_reliability"":0.9356275407737148,""prior_team_state"":null,""prior_team_strength"":null,""schedule_opponent_context"":null}",,20.681000000000004,2026 - Split 1,lcs_fantasy_split1_2026_reconstructed_v1,"{""dataset"":""feature_provenance"",""max_source_timestamp"":""2024-08-31T23:47:37Z""}",RECONSTRUCTED_NON_OFFICIAL_SPLIT1_2026_RULES,RECONSTRUCTED_COMPLETE_UNDER_POLICY;RECONSTRUCTED_EXCLUDED_COMPONENTS;RECONSTRUCTED_PROXY_USED
oe:player:ea9ed09584feecae0991089f087d2ce,oe:team:8eb884e168f28402ce685bedebb5250,MID,period:77186dc9e4b5f1acc2df,2024-09-06T20:13:13Z,true,protected_selection_2024,"{""bo_format_context"":null,""canonical_matchup_probability"":null,""playstyle_class_1_probability"":null,""playstyle_class_2_probability"":null,""playstyle_uncertainty"":null,""playstyle_unknown_probability"":null,""prior_above_role_median_rate"":0.7516569741509302,""prior_champion_observation_count"":88,""prior_core_state"":null,""prior_effective_evidence"":63.29498170321608,""prior_median_performance"":21.189999999999998,""prior_player_rating"":1525.483450641725,""prior_q25_performance"":16.096,""prior_raw_observation_count"":88,""prior_residual_uncertainty"":0.1,""prior_role_adjusted_kp"":-0.16936033595943056,""prior_role_relative_rating"":0.25483450641725025,""prior_starter_reliability"":0.9551759059967923,""prior_team_state"":null,""prior_team_strength"":null,""schedule_opponent_context"":null}",,13.636500000000002,2026 - Split 1,lcs_fantasy_split1_2026_reconstructed_v1,"{""dataset"":""feature_provenance"",""max_source_timestamp"":""2024-08-31T23:47:37Z""}",RECONSTRUCTED_NON_OFFICIAL_SPLIT1_2026_RULES,RECONSTRUCTED_COMPLETE_UNDER_POLICY;RECONSTRUCTED_EXCLUDED_COMPONENTS;RECONSTRUCTED_PROXY_USED
oe:player:f6b8af05a5af22004a67a78f3046b92,oe:team:8eb884e168f28402ce685bedebb5250,BOT,period:77186dc9e4b5f1acc2df,2024-09-06T20:13:13Z,true,protected_selection_2024,"{""bo_format_context"":null,""canonical_matchup_probability"":null,""playstyle_class_1_probability"":null,""playstyle_class_2_probability"":null,""playstyle_uncertainty"":null,""playstyle_unknown_probability"":null,""prior_above_role_median_rate"":0.6063427438330855,""prior_champion_observation_count"":118,""prior_core_state"":null,""prior_effective_evidence"":70.70503747445866,""prior_median_performance"":19.060000000000002,""prior_player_rating"":1516.4570641106707,""prior_q25_performance"":13.911,""prior_raw_observation_count"":118,""prior_residual_uncertainty"":0.10647384441298538,""prior_role_adjusted_kp"":-0.11060738395515839,""prior_role_relative_rating"":0.1645706411067078,""prior_starter_reliability"":0.9575631652303873,""prior_team_state"":null,""prior_team_strength"":null,""schedule_opponent_context"":null}",,14.179249999999998,2026 - Split 1,lcs_fantasy_split1_2026_reconstructed_v1,"{""dataset"":""feature_provenance"",""max_source_timestamp"":""2024-08-31T23:47:37Z""}",RECONSTRUCTED_NON_OFFICIAL_SPLIT1_2026_RULES,RECONSTRUCTED_COMPLETE_UNDER_POLICY;RECONSTRUCTED_EXCLUDED_COMPONENTS;RECONSTRUCTED_PROXY_USED
oe:player:007be3acd5669d100711b13d79e2336,oe:team:4bd1751425ef6a9bc9d4d8e9385b4a6,TOP,period:789a06731adc1e0c8798,2024-03-02T21:07:29Z,true,protected_selection_2024,"{""bo_format_context"":null,""canonical_matchup_probability"":null,""playstyle_class_1_probability"":0.2860893141653009,""playstyle_class_2_probability"":0.4361061550855562,""playstyle_uncertainty"":0.30740060635455496,""playstyle_unknown_probability"":0.27780453074914285,""prior_above_role_median_rate"":0.565761356865592,""prior_champion_observation_count"":9,""prior_core_state"":null,""prior_effective_evidence"":8.992622892870953,""prior_median_performance"":13.89,""prior_player_rating"":1501.9956046190819,""prior_q25_performance"":9.706,""prior_raw_observation_count"":9,""prior_residual_uncertainty"":0.23929436799208448,""prior_role_adjusted_kp"":-0.11530097297124205,""prior_role_relative_rating"":0.019956046190818578,""prior_starter_reliability"":0.8333092544995802,""prior_team_state"":null,""prior_team_strength"":null,""schedule_opponent_context"":null}",,5.539,2026 - Split 1,lcs_fantasy_split1_2026_reconstructed_v1,"{""dataset"":""feature_provenance"",""max_source_timestamp"":""2024-02-11T21:07:51Z""}",RECONSTRUCTED_NON_OFFICIAL_SPLIT1_2026_RULES,RECONSTRUCTED_COMPLETE_UNDER_POLICY;RECONSTRUCTED_EXCLUDED_COMPONENTS;RECONSTRUCTED_PROXY_USED
oe:player:05fafeaf23dc3285558a4e968970b9f,oe:team:8eb884e168f28402ce685bedebb5250,SUP,period:789a06731adc1e0c8798,2024-03-02T21:07:29Z,true,protected_selection_2024,"{""bo_format_context"":null,""canonical_matchup_probability"":null,""playstyle_class_1_probability"":0.45769491176368493,""playstyle_class_2_probability"":0.3260492687229786,""playstyle_uncertainty"":0.35538751055529555,""playstyle_unknown_probability"":0.2162558195133365,""prior_above_role_median_rate"":0.5877019228762375,""prior_champion_observation_count"":272,""prior_core_state"":null,""prior_effective_evidence"":62.00135422628883,""prior_median_performance"":15.983699999999999,""prior_player_rating"":1503.0439658946445,""prior_q25_performance"":9.0762,""prior_raw_observation_count"":272,""prior_residual_uncertainty"":0.1,""prior_role_adjusted_kp"":-0.11343839708997795,""prior_role_relative_rating"":0.030439658946445573,""prior_starter_reliability"":0.9356342412922671,""prior_team_state"":null,""prior_team_strength"":null,""schedule_opponent_context"":null}",,17.599249999999998,2026 - Split 1,lcs_fantasy_split1_2026_reconstructed_v1,"{""dataset"":""feature_provenance"",""max_source_timestamp"":""2024-02-11T22:56:09Z""}",RECONSTRUCTED_NON_OFFICIAL_SPLIT1_2026_RULES,RECONSTRUCTED_COMPLETE_UNDER_POLICY;RECONSTRUCTED_EXCLUDED_COMPONENTS;RECONSTRUCTED_PROXY_USED
oe:player:08936c56ab5a6453c58974a619651c3,oe:team:0dbb780176ecad18f17292d1f5653af,JGL,period:789a06731adc1e0c8798,2024-03-02T21:07:29Z,true,protected_selection_2024,"{""bo_format_context"":null,""canonical_matchup_probability"":null,""playstyle_class_1_probability"":null,""playstyle_class_2_probability"":null,""playstyle_uncertainty"":null,""playstyle_unknown_probability"":null,""prior_above_role_median_rate"":0.4421609098325765,""prior_champion_observation_count"":18,""prior_core_state"":null,""prior_effective_evidence"":9.95839362115858,""prior_median_performance"":11.582,""prior_player_rating"":1492.2272016085,""prior_q25_performance"":7.877,""prior_raw_observation_count"":18,""prior_residual_uncertainty"":0.2810218878579589,""prior_role_adjusted_kp"":-0.1704551228515488,""prior_role_relative_rating"":-0.07772798391499806,""prior_starter_reliability"":0.839101401499635,""prior_team_state"":null,""prior_team_strength"":null,""schedule_opponent_context"":null}",,10.550999999999998,2026 - Split 1,lcs_fantasy_split1_2026_reconstructed_v1,"{""dataset"":""feature_provenance"",""max_source_timestamp"":""2024-02-11T22:11:25Z""}",RECONSTRUCTED_NON_OFFICIAL_SPLIT1_2026_RULES,RECONSTRUCTED_COMPLETE_UNDER_POLICY;RECONSTRUCTED_EXCLUDED_COMPONENTS;RECONSTRUCTED_PROXY_USED
oe:player:1970fcb701acce66e0771946bbb3105,oe:team:8eb884e168f28402ce685bedebb5250,JGL,period:789a06731adc1e0c8798,2024-03-02T21:07:29Z,true,protected_selection_2024,"{""bo_format_context"":null,""canonical_matchup_probability"":null,""playstyle_class_1_probability"":null,""playstyle_class_2_probability"":null,""playstyle_uncertainty"":null,""playstyle_unknown_probability"":null,""prior_above_role_median_rate"":0.22550535121218454,""prior_champion_observation_count"":9,""prior_core_state"":null,""prior_effective_evidence"":8.992616990163139,""prior_median_performance"":8.08,""prior_player_rating"":1480.5019798238204,""prior_q25_performance"":6.09,""prior_raw_observation_count"":9,""prior_residual_uncertainty"":0.25211175392890917,""prior_role_adjusted_kp"":-0.17569510922322404,""prior_role_relative_rating"":-0.19498020176179487,""prior_starter_reliability"":0.8333102549868695,""prior_team_state"":null,""prior_team_strength"":null,""schedule_opponent_context"":null}",,11.725,2026 - Split 1,lcs_fantasy_split1_2026_reconstructed_v1,"{""dataset"":""feature_provenance"",""max_source_timestamp"":""2024-02-11T22:56:09Z""}",RECONSTRUCTED_NON_OFFICIAL_SPLIT1_2026_RULES,RECONSTRUCTED_COMPLETE_UNDER_POLICY;RECONSTRUCTED_EXCLUDED_COMPONENTS;RECONSTRUCTED_PROXY_USED
oe:player:1d22c812efd7b8a4244d93c51acc399,oe:team:0dbb780176ecad18f17292d1f5653af,MID,period:789a06731adc1e0c8798,2024-03-02T21:07:29Z,true,protected_selection_2024,"{""bo_format_context"":null,""canonical_matchup_probability"":null,""playstyle_class_1_probability"":null,""playstyle_class_2_probability"":null,""playstyle_uncertainty"":null,""playstyle_unknown_probability"":null,""prior_above_role_median_rate"":0.4493581867754764,""prior_champion_observation_count"":9,""prior_core_state"":null,""prior_effective_evidence"":8.992693593716051,""prior_median_performance"":15.5,""prior_player_rating"":1484.7113764960177,""prior_q25_performance"":7.93,""prior_raw_observation_count"":9,""prior_residual_uncertainty"":0.2580653881138761,""prior_role_adjusted_kp"":-0.26238761261920207,""prior_role_relative_rating"":-0.1528862350398226,""prior_starter_reliability"":0.833309467975137,""prior_team_state"":null,""prior_team_strength"":null,""schedule_opponent_context"":null}",,23.239,2026 - Split 1,lcs_fantasy_split1_2026_reconstructed_v1,"{""dataset"":""feature_provenance"",""max_source_timestamp"":""2024-02-11T22:11:25Z""}",RECONSTRUCTED_NON_OFFICIAL_SPLIT1_2026_RULES,RECONSTRUCTED_COMPLETE_UNDER_POLICY;RECONSTRUCTED_EXCLUDED_COMPONENTS;RECONSTRUCTED_PROXY_USED
oe:player:21f59b54f62b5b8b4bc0f63f0f617fc,oe:team:8eb884e168f28402ce685bedebb5250,TOP,period:789a06731adc1e0c8798,2024-03-02T21:07:29Z,true,protected_selection_2024,"{""bo_format_context"":null,""canonical_matchup_probability"":null,""playstyle_class_1_probability"":0.3297762944691169,""playstyle_class_2_probability"":0.49714913587019294,""playstyle_uncertainty"":0.3339434217415484,""playstyle_unknown_probability"":0.17307456966069018,""prior_above_role_median_rate"":0.43803195496927144,""prior_champion_observation_count"":262,""prior_core_state"":null,""prior_effective_evidence"":51.091160311526636,""prior_median_performance"":10.76,""prior_player_rating"":1491.4795975101815,""prior_q25_performance"":6.390000000000001,""prior_raw_observation_count"":262,""prior_residual_uncertainty"":0.11426266441737003,""prior_role_adjusted_kp"":-0.04119074731736543,""prior_role_relative_rating"":-0.08520402489818463,""prior_starter_reliability"":0.9238520495081438,""prior_team_state"":null,""prior_team_strength"":null,""schedule_opponent_context"":null}",,19.956,2026 - Split 1,lcs_fantasy_split1_2026_reconstructed_v1,"{""dataset"":""feature_provenance"",""max_source_timestamp"":""2024-02-11T22:56:09Z""}",RECONSTRUCTED_NON_OFFICIAL_SPLIT1_2026_RULES,RECONSTRUCTED_COMPLETE_UNDER_POLICY;RECONSTRUCTED_EXCLUDED_COMPONENTS;RECONSTRUCTED_PROXY_USED
oe:player:3e722c8ede909c83af9342c41805a16,oe:team:2e66da41dc460dd378e3bcc57042d31,SUP,period:789a06731adc1e0c8798,2024-03-02T21:07:29Z,true,protected_selection_2024,"{""bo_format_context"":null,""canonical_matchup_probability"":null,""playstyle_class_1_probability"":0.41155881667034105,""playstyle_class_2_probability"":0.34445475473018666,""playstyle_uncertainty"":0.30813301989431613,""playstyle_unknown_probability"":0.24398642859947228,""prior_above_role_median_rate"":0.5783057094394152,""prior_champion_observation_count"":60,""prior_core_state"":null,""prior_effective_evidence"":38.42533819904891,""prior_median_performance"":19.4038,""prior_player_rating"":1509.7353149446733,""prior_q25_performance"":9.5612,""prior_raw_observation_count"":60,""prior_residual_uncertainty"":0.12209506665113463,""prior_role_adjusted_kp"":0.168890569509596,""prior_role_relative_rating"":0.09735314944673332,""prior_starter_reliability"":0.9152578032979938,""prior_team_state"":null,""prior_team_strength"":null,""schedule_opponent_context"":null}",,19.57855,2026 - Split 1,lcs_fantasy_split1_2026_reconstructed_v1,"{""dataset"":""feature_provenance"",""max_source_timestamp"":""2024-02-11T23:41:19Z""}",RECONSTRUCTED_NON_OFFICIAL_SPLIT1_2026_RULES,RECONSTRUCTED_COMPLETE_UNDER_POLICY;RECONSTRUCTED_EXCLUDED_COMPONENTS;RECONSTRUCTED_PROXY_USED
oe:player:40704dfd2d966862568d29770de57bd,oe:team:0dbb780176ecad18f17292d1f5653af,SUP,period:789a06731adc1e0c8798,2024-03-02T21:07:29Z,true,protected_selection_2024,"{""bo_format_context"":null,""canonical_matchup_probability"":null,""playstyle_class_1_probability"":0.30376825791882345,""playstyle_class_2_probability"":0.32707017590973975,""playstyle_uncertainty"":0.42235877007433126,""playstyle_unknown_probability"":0.3691615661714368,""prior_above_role_median_rate"":0.6640145613686991,""prior_champion_observation_count"":25,""prior_core_state"":null,""prior_effective_evidence"":9.909548095233005,""prior_median_performance"":21.255200000000002,""prior_player_rating"":1516.523865306182,""prior_q25_performance"":12.756499999999999,""prior_raw_observation_count"":25,""prior_residual_uncertainty"":0.25741896568688394,""prior_role_adjusted_kp"":0.1718351335400334,""prior_role_relative_rating"":0.1652386530618204,""prior_starter_reliability"":0.8387410145222389,""prior_team_state"":null,""prior_team_strength"":null,""schedule_opponent_context"":null}",,18.35305,2026 - Split 1,lcs_fantasy_split1_2026_reconstructed_v1,"{""dataset"":""feature_provenance"",""max_source_timestamp"":""2024-02-11T22:11:25Z""}",RECONSTRUCTED_NON_OFFICIAL_SPLIT1_2026_RULES,RECONSTRUCTED_COMPLETE_UNDER_POLICY;RECONSTRUCTED_EXCLUDED_COMPONENTS;RECONSTRUCTED_PROXY_USED
oe:player:460ae5a7af8d68f7831b70307210ab3,oe:team:fc8e90107dabb9a35c490b0d86adea0,BOT,period:789a06731adc1e0c8798,2024-03-02T21:07:29Z,true,protected_selection_2024,"{""bo_format_context"":null,""canonical_matchup_probability"":null,""playstyle_class_1_probability"":null,""playstyle_class_2_probability"":null,""playstyle_uncertainty"":null,""playstyle_unknown_probability"":null,""prior_above_role_median_rate"":0.5880941910846509,""prior_champion_observation_count"":127,""prior_core_state"":null,""prior_effective_evidence"":55.643760999981815,""prior_median_performance"":19.443,""prior_player_rating"":1515.366336193455,""prior_q25_performance"":11.137,""prior_raw_observation_count"":127,""prior_residual_uncertainty"":0.1189657864308399,""prior_role_adjusted_kp"":0.058601544579449105,""prior_role_relative_rating"":0.15366336193455,""prior_starter_reliability"":0.9302833208813055,""prior_team_state"":null,""prior_team_strength"":null,""schedule_opponent_context"":null}",,16.302500000000002,2026 - Split 1,lcs_fantasy_split1_2026_reconstructed_v1,"{""dataset"":""feature_provenance"",""max_source_timestamp"":""2024-02-11T21:07:51Z""}",RECONSTRUCTED_NON_OFFICIAL_SPLIT1_2026_RULES,RECONSTRUCTED_COMPLETE_UNDER_POLICY;RECONSTRUCTED_EXCLUDED_COMPONENTS;RECONSTRUCTED_PROXY_USED
oe:player:494fc60dffbb5da1caa2226baef0ec7,oe:team:b360f1d729b0a8e0f29a5243c4200fa,BOT,period:789a06731adc1e0c8798,2024-03-02T21:07:29Z,true,protected_selection_2024,"{""bo_format_context"":null,""canonical_matchup_probability"":null,""playstyle_class_1_probability"":null,""playstyle_class_2_probability"":null,""playstyle_uncertainty"":null,""playstyle_unknown_probability"":null,""prior_above_role_median_rate"":0.571857736982373,""prior_champion_observation_count"":7,""prior_core_state"":null,""prior_effective_evidence"":6.9970214950314515,""prior_median_performance"":16.759,""prior_player_rating"":1507.9119023098908,""prior_q25_performance"":10.4,""prior_raw_observation_count"":7,""prior_residual_uncertainty"":0.35763083706635085,""prior_role_adjusted_kp"":0.00661229803013336,""prior_role_relative_rating"":0.07911902309890868,""prior_starter_reliability"":0.8057236035671975,""prior_team_state"":null,""prior_team_strength"":null,""schedule_opponent_context"":null}",,23.569000000000003,2026 - Split 1,lcs_fantasy_split1_2026_reconstructed_v1,"{""dataset"":""feature_provenance"",""max_source_timestamp"":""2024-02-11T22:56:09Z""}",RECONSTRUCTED_NON_OFFICIAL_SPLIT1_2026_RULES,RECONSTRUCTED_COMPLETE_UNDER_POLICY;RECONSTRUCTED_EXCLUDED_COMPONENTS;RECONSTRUCTED_PROXY_USED
oe:player:4a18312b5b75f549d5551e5912ad6eb,oe:team:c334c629fea759876e9e04afbe4aee7,MID,period:789a06731adc1e0c8798,2024-03-02T21:07:29Z,true,protected_selection_2024,"{""bo_format_context"":null,""canonical_matchup_probability"":null,""playstyle_class_1_probability"":null,""playstyle_class_2_probability"":null,""playstyle_uncertainty"":null,""playstyle_unknown_probability"":null,""prior_above_role_median_rate"":0.5557501769704345,""prior_champion_observation_count"":9,""prior_core_state"":null,""prior_effective_evidence"":8.992677041127436,""prior_median_performance"":16.337,""prior_player_rating"":1507.4546505425653,""prior_q25_performance"":11.280000000000001,""prior_raw_observation_count"":9,""prior_residual_uncertainty"":0.2651803528190683,""prior_role_adjusted_kp"":0.18472965122891177,""prior_role_relative_rating"":0.07454650542565308,""prior_starter_reliability"":0.8333259384764677,""prior_team_state"":null,""prior_team_strength"":null,""schedule_opponent_context"":null}",,13.6745,2026 - Split 1,lcs_fantasy_split1_2026_reconstructed_v1,"{""dataset"":""feature_provenance"",""max_source_timestamp"":""2024-02-11T23:41:19Z""}",RECONSTRUCTED_NON_OFFICIAL_SPLIT1_2026_RULES,RECONSTRUCTED_COMPLETE_UNDER_POLICY;RECONSTRUCTED_EXCLUDED_COMPONENTS;RECONSTRUCTED_PROXY_USED
oe:player:4db47d64e2721bf7a93ebf42e488852,oe:team:4bd1751425ef6a9bc9d4d8e9385b4a6,BOT,period:789a06731adc1e0c8798,2024-03-02T21:07:29Z,true,protected_selection_2024,"{""bo_format_context"":null,""canonical_matchup_probability"":null,""playstyle_class_1_probability"":null,""playstyle_class_2_probability"":null,""playstyle_uncertainty"":null,""playstyle_unknown_probability"":null,""prior_above_role_median_rate"":0.565761356865592,""prior_champion_observation_count"":9,""prior_core_state"":null,""prior_effective_evidence"":8.992622892870953,""prior_median_performance"":24.114,""prior_player_rating"":1507.7315121227969,""prior_q25_performance"":12.22,""prior_raw_observation_count"":9,""prior_residual_uncertainty"":0.318143869760149,""prior_role_adjusted_kp"":-0.04517922325791751,""prior_role_relative_rating"":0.07731512122796895,""prior_starter_reliability"":0.8333092544995802,""prior_team_state"":null,""prior_team_strength"":null,""schedule_opponent_context"":null}",,16.81,2026 - Split 1,lcs_fantasy_split1_2026_reconstructed_v1,"{""dataset"":""feature_provenance"",""max_source_timestamp"":""2024-02-11T21:07:51Z""}",RECONSTRUCTED_NON_OFFICIAL_SPLIT1_2026_RULES,RECONSTRUCTED_COMPLETE_UNDER_POLICY;RECONSTRUCTED_EXCLUDED_COMPONENTS;RECONSTRUCTED_PROXY_USED
oe:player:4e0619e57cb50c4ab1230c2dd72df1b,oe:team:c334c629fea759876e9e04afbe4aee7,BOT,period:789a06731adc1e0c8798,2024-03-02T21:07:29Z,true,protected_selection_2024,"{""bo_format_context"":null,""canonical_matchup_probability"":null,""playstyle_class_1_probability"":null,""playstyle_class_2_probability"":null,""playstyle_uncertainty"":null,""playstyle_unknown_probability"":null,""prior_above_role_median_rate"":0.3883961993120573,""prior_champion_observation_count"":204,""prior_core_state"":null,""prior_effective_evidence"":35.260461142678174,""prior_median_performance"":12.83,""prior_player_rating"":1496.1383071470661,""prior_q25_performance"":7.0,""prior_raw_observation_count"":204,""prior_residual_uncertainty"":0.14604901190626549,""prior_role_adjusted_kp"":0.26367585213036704,""prior_role_relative_rating"":-0.03861692852933932,""prior_starter_reliability"":0.9091211767801441,""prior_team_state"":null,""prior_team_strength"":null,""schedule_opponent_context"":null}",,13.044,2026 - Split 1,lcs_fantasy_split1_2026_reconstructed_v1,"{""dataset"":""feature_provenance"",""max_source_timestamp"":""2024-02-11T23:41:19Z""}",RECONSTRUCTED_NON_OFFICIAL_SPLIT1_2026_RULES,RECONSTRUCTED_COMPLETE_UNDER_POLICY;RECONSTRUCTED_EXCLUDED_COMPONENTS;RECONSTRUCTED_PROXY_USED
oe:player:5385f74da3e5deb5b66d9a1ee56cf97,oe:team:e758ebe9a5a2cc81b9c8078479c2d87,TOP,period:789a06731adc1e0c8798,2024-03-02T21:07:29Z,true,protected_selection_2024,"{""bo_format_context"":null,""canonical_matchup_probability"":null,""playstyle_class_1_probability"":0.35756825954715243,""playstyle_class_2_probability"":0.4603775734457951,""playstyle_uncertainty"":0.3014901621257037,""playstyle_unknown_probability"":0.1820541670070524,""prior_above_role_median_rate"":0.45593500928756736,""prior_champion_observation_count"":107,""prior_core_state"":null,""prior_effective_evidence"":58.42755741014331,""prior_median_performance"":11.48,""prior_player_rating"":1483.6312141156734,""prior_q25_performance"":5.15,""prior_raw_observation_count"":107,""prior_residual_uncertainty"":0.11345364230042815,""prior_role_adjusted_kp"":-0.25346009978905104,""prior_role_relative_rating"":-0.16368785884326675,""prior_starter_reliability"":0.934002598441953,""prior_team_state"":null,""prior_team_strength"":null,""schedule_opponent_context"":null}",,21.359,2026 - Split 1,lcs_fantasy_split1_2026_reconstructed_v1,"{""dataset"":""feature_provenance"",""max_source_timestamp"":""2024-02-11T22:11:25Z""}",RECONSTRUCTED_NON_OFFICIAL_SPLIT1_2026_RULES,RECONSTRUCTED_COMPLETE_UNDER_POLICY;RECONSTRUCTED_EXCLUDED_COMPONENTS;RECONSTRUCTED_PROXY_USED
oe:player:6378658dafc3eeb902fa2e52f909172,oe:team:0dbb780176ecad18f17292d1f5653af,BOT,period:789a06731adc1e0c8798,2024-03-02T21:07:29Z,true,protected_selection_2024,"{""bo_format_context"":null,""canonical_matchup_probability"":null,""playstyle_class_1_probability"":null,""playstyle_class_2_probability"":null,""playstyle_uncertainty"":null,""playstyle_unknown_probability"":null,""prior_above_role_median_rate"":0.43064417744949374,""prior_champion_observation_count"":58,""prior_core_state"":null,""prior_effective_evidence"":32.28817550920264,""prior_median_performance"":12.5,""prior_player_rating"":1490.1191277610592,""prior_q25_performance"":6.456,""prior_raw_observation_count"":58,""prior_residual_uncertainty"":0.14488456927081955,""prior_role_adjusted_kp"":-0.08414678462567611,""prior_role_relative_rating"":-0.0988087223894078,""prior_starter_reliability"":0.9086992436903432,""prior_team_state"":null,""prior_team_strength"":null,""schedule_opponent_context"":null}",,16.2635,2026 - Split 1,lcs_fantasy_split1_2026_reconstructed_v1,"{""dataset"":""feature_provenance"",""max_source_timestamp"":""2024-02-11T22:11:25Z""}",RECONSTRUCTED_NON_OFFICIAL_SPLIT1_2026_RULES,RECONSTRUCTED_COMPLETE_UNDER_POLICY;RECONSTRUCTED_EXCLUDED_COMPONENTS;RECONSTRUCTED_PROXY_USED
oe:player:6841f2d68619d53bdd1cdbf30b5be2c,oe:team:b360f1d729b0a8e0f29a5243c4200fa,SUP,period:789a06731adc1e0c8798,2024-03-02T21:07:29Z,true,protected_selection_2024,"{""bo_format_context"":null,""canonical_matchup_probability"":null,""playstyle_class_1_probability"":0.3917164566737898,""playstyle_class_2_probability"":0.2806994626021697,""playstyle_uncertainty"":0.42343939968143374,""playstyle_unknown_probability"":0.3275840807240406,""prior_above_role_median_rate"":0.4440369415439929,""prior_champion_observation_count"":69,""prior_core_state"":null,""prior_effective_evidence"":9.12814216451265,""prior_median_performance"":13.7904,""prior_player_rating"":1505.44703792973,""prior_q25_performance"":10.882000000000001,""prior_raw_observation_count"":69,""prior_residual_uncertainty"":0.31773327228811593,""prior_role_adjusted_kp"":0.11898517872524467,""prior_role_relative_rating"":0.05447037929729862,""prior_starter_reliability"":0.8341539661090211,""prior_team_state"":null,""prior_team_strength"":null,""schedule_opponent_context"":null}",,23.416150000000002,2026 - Split 1,lcs_fantasy_split1_2026_reconstructed_v1,"{""dataset"":""feature_provenance"",""max_source_timestamp"":""2024-02-11T22:56:09Z""}",RECONSTRUCTED_NON_OFFICIAL_SPLIT1_2026_RULES,RECONSTRUCTED_COMPLETE_UNDER_POLICY;RECONSTRUCTED_EXCLUDED_COMPONENTS;RECONSTRUCTED_PROXY_USED
oe:player:6fbf57b984dbf130701e09ea4110bb8,oe:team:0dbb780176ecad18f17292d1f5653af,TOP,period:789a06731adc1e0c8798,2024-03-02T21:07:29Z,true,protected_selection_2024,"{""bo_format_context"":null,""canonical_matchup_probability"":null,""playstyle_class_1_probability"":0.36199633855143276,""playstyle_class_2_probability"":0.36262733812859876,""playstyle_uncertainty"":0.30420811599000896,""playstyle_unknown_probability"":0.27537632331996853,""prior_above_role_median_rate"":0.4413380839301268,""prior_champion_observation_count"":36,""prior_core_state"":null,""prior_effective_evidence"":27.43377461458619,""prior_median_performance"":10.843,""prior_player_rating"":1492.962967217925,""prior_q25_performance"":5.01,""prior_raw_observation_count"":36,""prior_residual_uncertainty"":0.17158769349242414,""prior_role_adjusted_kp"":0.011673001228728238,""prior_role_relative_rating"":-0.07037032782075,""prior_starter_reliability"":0.90143295743015,""prior_team_state"":null,""prior_team_strength"":null,""schedule_opponent_context"":null}",,14.245,2026 - Split 1,lcs_fantasy_split1_2026_reconstructed_v1,"{""dataset"":""feature_provenance"",""max_source_timestamp"":""2024-02-11T22:11:25Z""}",RECONSTRUCTED_NON_OFFICIAL_SPLIT1_2026_RULES,RECONSTRUCTED_COMPLETE_UNDER_POLICY;RECONSTRUCTED_EXCLUDED_COMPONENTS;RECONSTRUCTED_PROXY_USED
oe:player:73d2b65353d7b00e0f198ffdc085edc,oe:team:e758ebe9a5a2cc81b9c8078479c2d87,BOT,period:789a06731adc1e0c8798,2024-03-02T21:07:29Z,true,protected_selection_2024,"{""bo_format_context"":null,""canonical_matchup_probability"":null,""playstyle_class_1_probability"":null,""playstyle_class_2_probability"":null,""playstyle_uncertainty"":null,""playstyle_unknown_probability"":null,""prior_above_role_median_rate"":0.5552816608381113,""prior_champion_observation_count"":275,""prior_core_state"":null,""prior_effective_evidence"":64.91096913594643,""prior_median_performance"":16.65,""prior_player_rating"":1511.9857410971874,""prior_q25_performance"":9.405000000000001,""prior_raw_observation_count"":275,""prior_residual_uncertainty"":0.11898782990454712,""prior_role_adjusted_kp"":0.23208512874829915,""prior_role_relative_rating"":0.11985741097187541,""prior_starter_reliability"":0.9369878666143566,""prior_team_state"":null,""prior_team_strength"":null,""schedule_opponent_context"":null}",,24.085,2026 - Split 1,lcs_fantasy_split1_2026_reconstructed_v1,"{""dataset"":""feature_provenance"",""max_source_timestamp"":""2024-02-11T22:11:25Z""}",RECONSTRUCTED_NON_OFFICIAL_SPLIT1_2026_RULES,RECONSTRUCTED_COMPLETE_UNDER_POLICY;RECONSTRUCTED_EXCLUDED_COMPONENTS;RECONSTRUCTED_PROXY_USED
oe:player:7c3395efccd48fe73592001501bef83,oe:team:4bd1751425ef6a9bc9d4d8e9385b4a6,JGL,period:789a06731adc1e0c8798,2024-03-02T21:07:29Z,true,protected_selection_2024,"{""bo_format_context"":null,""canonical_matchup_probability"":null,""playstyle_class_1_probability"":null,""playstyle_class_2_probability"":null,""playstyle_uncertainty"":null,""playstyle_unknown_probability"":null,""prior_above_role_median_rate"":0.588735831228474,""prior_champion_observation_count"":124,""prior_core_state"":null,""prior_effective_evidence"":57.92524639743728,""prior_median_performance"":16.752000000000002,""prior_player_rating"":1500.6707274731116,""prior_q25_performance"":6.5600000000000005,""prior_raw_observation_count"":124,""prior_residual_uncertainty"":0.11683027050997014,""prior_role_adjusted_kp"":-0.16129563026549482,""prior_role_relative_rating"":0.006707274731114902,""prior_starter_reliability"":0.9323979866107616,""prior_team_state"":null,""prior_team_strength"":null,""schedule_opponent_context"":null}",,14.885,2026 - Split 1,lcs_fantasy_split1_2026_reconstructed_v1,"{""dataset"":""feature_provenance"",""max_source_timestamp"":""2024-02-11T21:07:51Z""}",RECONSTRUCTED_NON_OFFICIAL_SPLIT1_2026_RULES,RECONSTRUCTED_COMPLETE_UNDER_POLICY;RECONSTRUCTED_EXCLUDED_COMPONENTS;RECONSTRUCTED_PROXY_USED
oe:player:7e0e7ac2a199e8e2ecb30499a3b2153,oe:team:2e66da41dc460dd378e3bcc57042d31,MID,period:789a06731adc1e0c8798,2024-03-02T21:07:29Z,true,protected_selection_2024,"{""bo_format_context"":null,""canonical_matchup_probability"":null,""playstyle_class_1_probability"":null,""playstyle_class_2_probability"":null,""playstyle_uncertainty"":null,""playstyle_unknown_probability"":null,""prior_above_role_median_rate"":0.5540947742931458,""prior_champion_observation_count"":230,""prior_core_state"":null,""prior_effective_evidence"":45.999687890083116,""prior_median_performance"":17.116,""prior_player_rating"":1504.599661149577,""prior_q25_performance"":10.91,""prior_raw_observation_count"":230,""prior_residual_uncertainty"":0.12860179510079497,""prior_role_adjusted_kp"":0.007371417479135968,""prior_role_relative_rating"":0.04599661149577037,""prior_starter_reliability"":0.9222236748754438,""prior_team_state"":null,""prior_team_strength"":null,""schedule_opponent_context"":null}",,20.675,2026 - Split 1,lcs_fantasy_split1_2026_reconstructed_v1,"{""dataset"":""feature_provenance"",""max_source_timestamp"":""2024-02-11T23:41:19Z""}",RECONSTRUCTED_NON_OFFICIAL_SPLIT1_2026_RULES,RECONSTRUCTED_COMPLETE_UNDER_POLICY;RECONSTRUCTED_EXCLUDED_COMPONENTS;RECONSTRUCTED_PROXY_USED
oe:player:7e2505960c12cc54c96a0a6efb2e055,oe:team:2e66da41dc460dd378e3bcc57042d31,TOP,period:789a06731adc1e0c8798,2024-03-02T21:07:29Z,true,protected_selection_2024,"{""bo_format_context"":null,""canonical_matchup_probability"":null,""playstyle_class_1_probability"":0.2133587914556426,""playstyle_class_2_probability"":0.4799294070684351,""playstyle_uncertainty"":0.4017291415360166,""playstyle_unknown_probability"":0.3067118014759223,""prior_above_role_median_rate"":0.6555947199837411,""prior_champion_observation_count"":89,""prior_core_state"":null,""prior_effective_evidence"":17.263045066879894,""prior_median_performance"":15.049999999999999,""prior_player_rating"":1509.4105048972237,""prior_q25_performance"":9.827,""prior_raw_observation_count"":89,""prior_residual_uncertainty"":0.2076344680366075,""prior_role_adjusted_kp"":-0.05129138077064704,""prior_role_relative_rating"":0.09410504897223722,""prior_starter_reliability"":0.8684026836838594,""prior_team_state"":null,""prior_team_strength"":null,""schedule_opponent_context"":null}",,13.314,2026 - Split 1,lcs_fantasy_split1_2026_reconstructed_v1,"{""dataset"":""feature_provenance"",""max_source_timestamp"":""2024-02-11T23:41:19Z""}",RECONSTRUCTED_NON_OFFICIAL_SPLIT1_2026_RULES,RECONSTRUCTED_COMPLETE_UNDER_POLICY;RECONSTRUCTED_EXCLUDED_COMPONENTS;RECONSTRUCTED_PROXY_USED
oe:player:80fea0848c57b8e07a79675d41f582c,oe:team:c334c629fea759876e9e04afbe4aee7,TOP,period:789a06731adc1e0c8798,2024-03-02T21:07:29Z,true,protected_selection_2024,"{""bo_format_context"":null,""canonical_matchup_probability"":null,""playstyle_class_1_probability"":0.23910596244411164,""playstyle_class_2_probability"":0.43321611088776385,""playstyle_uncertainty"":0.3361940897069704,""playstyle_unknown_probability"":0.32767792666812445,""prior_above_role_median_rate"":0.558803046769806,""prior_champion_observation_count"":9,""prior_core_state"":null,""prior_effective_evidence"":8.992677041127436,""prior_median_performance"":13.2,""prior_player_rating"":1500.5443035885621,""prior_q25_performance"":5.1,""prior_raw_observation_count"":9,""prior_residual_uncertainty"":0.3175832106884267,""prior_role_adjusted_kp"":0.26304963995457775,""prior_role_relative_rating"":0.005443035885621511,""prior_starter_reliability"":0.8333259384764677,""prior_team_state"":null,""prior_team_strength"":null,""schedule_opponent_context"":null}",,3.4585000000000004,2026 - Split 1,lcs_fantasy_split1_2026_reconstructed_v1,"{""dataset"":""feature_provenance"",""max_source_timestamp"":""2024-02-11T23:41:19Z""}",RECONSTRUCTED_NON_OFFICIAL_SPLIT1_2026_RULES,RECONSTRUCTED_COMPLETE_UNDER_POLICY;RECONSTRUCTED_EXCLUDED_COMPONENTS;RECONSTRUCTED_PROXY_USED
oe:player:81acc6bcde5c927c78e0990e9887f84,oe:team:fc8e90107dabb9a35c490b0d86adea0,SUP,period:789a06731adc1e0c8798,2024-03-02T21:07:29Z,true,protected_selection_2024,"{""bo_format_context"":null,""canonical_matchup_probability"":null,""playstyle_class_1_probability"":0.4030183050364185,""playstyle_class_2_probability"":0.33960831561079574,""playstyle_uncertainty"":0.38078858059773735,""playstyle_unknown_probability"":0.2573733793527858,""prior_above_role_median_rate"":0.513492136381648,""prior_champion_observation_count"":288,""prior_core_state"":null,""prior_effective_evidence"":48.331456898706165,""prior_median_performance"":15.0932,""prior_player_rating"":1510.0536771522097,""prior_q25_performance"":9.0972,""prior_raw_observation_count"":288,""prior_residual_uncertainty"":0.12388000356681439,""prior_role_adjusted_kp"":0.1856697888400827,""prior_role_relative_rating"":0.10053677152209746,""prior_starter_reliability"":0.9214297598073409,""prior_team_state"":null,""prior_team_strength"":null,""schedule_opponent_context"":null}",,10.02365,2026 - Split 1,lcs_fantasy_split1_2026_reconstructed_v1,"{""dataset"":""feature_provenance"",""max_source_timestamp"":""2024-02-11T21:07:51Z""}",RECONSTRUCTED_NON_OFFICIAL_SPLIT1_2026_RULES,RECONSTRUCTED_COMPLETE_UNDER_POLICY;RECONSTRUCTED_EXCLUDED_COMPONENTS;RECONSTRUCTED_PROXY_USED
oe:player:83eb62484689106807fcf5ad55b5479,oe:team:fc8e90107dabb9a35c490b0d86adea0,MID,period:789a06731adc1e0c8798,2024-03-02T21:07:29Z,true,protected_selection_2024,"{""bo_format_context"":null,""canonical_matchup_probability"":null,""playstyle_class_1_probability"":null,""playstyle_class_2_probability"":null,""playstyle_uncertainty"":null,""playstyle_unknown_probability"":null,""prior_above_role_median_rate"":0.6186538780442918,""prior_champion_observation_count"":149,""prior_core_state"":null,""prior_effective_evidence"":56.23396219867266,""prior_median_performance"":17.2,""prior_player_rating"":1511.41233388473,""prior_q25_performance"":8.866,""prior_raw_observation_count"":149,""prior_residual_uncertainty"":0.1324834181058161,""prior_role_adjusted_kp"":0.25274081390576053,""prior_role_relative_rating"":0.11412333884730085,""prior_starter_reliability"":0.9302101060705072,""prior_team_state"":null,""prior_team_strength"":null,""schedule_opponent_context"":null}",,25.775,2026 - Split 1,lcs_fantasy_split1_2026_reconstructed_v1,"{""dataset"":""feature_provenance"",""max_source_timestamp"":""2024-02-11T21:07:51Z""}",RECONSTRUCTED_NON_OFFICIAL_SPLIT1_2026_RULES,RECONSTRUCTED_COMPLETE_UNDER_POLICY;RECONSTRUCTED_EXCLUDED_COMPONENTS;RECONSTRUCTED_PROXY_USED
oe:player:8a5dbe19794784cfd0553556844f045,oe:team:e758ebe9a5a2cc81b9c8078479c2d87,JGL,period:789a06731adc1e0c8798,2024-03-02T21:07:29Z,true,protected_selection_2024,"{""bo_format_context"":null,""canonical_matchup_probability"":null,""playstyle_class_1_probability"":null,""playstyle_class_2_probability"":null,""playstyle_uncertainty"":null,""playstyle_unknown_probability"":null,""prior_above_role_median_rate"":0.5308086274783633,""prior_champion_observation_count"":159,""prior_core_state"":null,""prior_effective_evidence"":61.3818582008319,""prior_median_performance"":15.25,""prior_player_rating"":1506.6998435816379,""prior_q25_performance"":7.95,""prior_raw_observation_count"":159,""prior_residual_uncertainty"":0.11917783863497883,""prior_role_adjusted_kp"":0.10195688954692407,""prior_role_relative_rating"":0.06699843581637882,""prior_starter_reliability"":0.9354350106958381,""prior_team_state"":null,""prior_team_strength"":null,""schedule_opponent_context"":null}",,27.424,2026 - Split 1,lcs_fantasy_split1_2026_reconstructed_v1,"{""dataset"":""feature_provenance"",""max_source_timestamp"":""2024-02-11T22:11:25Z""}",RECONSTRUCTED_NON_OFFICIAL_SPLIT1_2026_RULES,RECONSTRUCTED_COMPLETE_UNDER_POLICY;RECONSTRUCTED_EXCLUDED_COMPONENTS;RECONSTRUCTED_PROXY_USED
oe:player:8f8eaac8e99c203ee76e57c5c81c91f,oe:team:4bd1751425ef6a9bc9d4d8e9385b4a6,MID,period:789a06731adc1e0c8798,2024-03-02T21:07:29Z,true,protected_selection_2024,"{""bo_format_context"":null,""canonical_matchup_probability"":null,""playstyle_class_1_probability"":null,""playstyle_class_2_probability"":null,""playstyle_uncertainty"":null,""playstyle_unknown_probability"":null,""prior_above_role_median_rate"":0.5970438313220664,""prior_champion_observation_count"":29,""prior_core_state"":null,""prior_effective_evidence"":22.160435036005243,""prior_median_performance"":20.92,""prior_player_rating"":1504.9891404338741,""prior_q25_performance"":9.694,""prior_raw_observation_count"":29,""prior_residual_uncertainty"":0.19608803233373473,""prior_role_adjusted_kp"":0.0709247088179702,""prior_role_relative_rating"":0.04989140433874172,""prior_starter_reliability"":0.889594112593202,""prior_team_state"":null,""prior_team_strength"":null,""schedule_opponent_context"":null}",,19.419,2026 - Split 1,lcs_fantasy_split1_2026_reconstructed_v1,"{""dataset"":""feature_provenance"",""max_source_timestamp"":""2024-02-11T21:07:51Z""}",RECONSTRUCTED_NON_OFFICIAL_SPLIT1_2026_RULES,RECONSTRUCTED_COMPLETE_UNDER_POLICY;RECONSTRUCTED_EXCLUDED_COMPONENTS;RECONSTRUCTED_PROXY_USED
oe:player:9191e392e93a6ef011ef76b5b83ee6c,oe:team:e758ebe9a5a2cc81b9c8078479c2d87,SUP,period:789a06731adc1e0c8798,2024-03-02T21:07:29Z,true,protected_selection_2024,"{""bo_format_context"":null,""canonical_matchup_probability"":null,""playstyle_class_1_probability"":0.4512061799461697,""playstyle_class_2_probability"":0.25174953060990923,""playstyle_uncertainty"":0.388477433451661,""playstyle_unknown_probability"":0.29704428944392114,""prior_above_role_median_rate"":0.46386524744948193,""prior_champion_observation_count"":266,""prior_core_state"":null,""prior_effective_evidence"":65.0647445263568,""prior_median_performance"":14.1606,""prior_player_rating"":1503.334989846544,""prior_q25_performance"":9.1354,""prior_raw_observation_count"":266,""prior_residual_uncertainty"":0.11264520678489542,""prior_role_adjusted_kp"":-0.13608167832378404,""prior_role_relative_rating"":0.033349898465439606,""prior_starter_reliability"":0.935878211605383,""prior_team_state"":null,""prior_team_strength"":null,""schedule_opponent_context"":null}",,25.20075,2026 - Split 1,lcs_fantasy_split1_2026_reconstructed_v1,"{""dataset"":""feature_provenance"",""max_source_timestamp"":""2024-02-11T22:11:25Z""}",RECONSTRUCTED_NON_OFFICIAL_SPLIT1_2026_RULES,RECONSTRUCTED_COMPLETE_UNDER_POLICY;RECONSTRUCTED_EXCLUDED_COMPONENTS;RECONSTRUCTED_PROXY_USED
oe:player:9ce0043331f3999cc2ee205ab7c2d73,oe:team:c334c629fea759876e9e04afbe4aee7,SUP,period:789a06731adc1e0c8798,2024-03-02T21:07:29Z,true,protected_selection_2024,"{""bo_format_context"":null,""canonical_matchup_probability"":null,""playstyle_class_1_probability"":0.43231791592114355,""playstyle_class_2_probability"":0.17755984437203823,""playstyle_uncertainty"":0.43991398174648433,""playstyle_unknown_probability"":0.39012223970681825,""prior_above_role_median_rate"":0.43678851547222924,""prior_champion_observation_count"":52,""prior_core_state"":null,""prior_effective_evidence"":13.039898020599079,""prior_median_performance"":14.0683,""prior_player_rating"":1502.0356141107864,""prior_q25_performance"":10.6857,""prior_raw_observation_count"":52,""prior_residual_uncertainty"":0.19207092973850798,""prior_role_adjusted_kp"":0.17803020803436273,""prior_role_relative_rating"":0.02035614110786424,""prior_starter_reliability"":0.8538362067955997,""prior_team_state"":null,""prior_team_strength"":null,""schedule_opponent_context"":null}",,7.9685999999999995,2026 - Split 1,lcs_fantasy_split1_2026_reconstructed_v1,"{""dataset"":""feature_provenance"",""max_source_timestamp"":""2024-02-11T23:41:19Z""}",RECONSTRUCTED_NON_OFFICIAL_SPLIT1_2026_RULES,RECONSTRUCTED_COMPLETE_UNDER_POLICY;RECONSTRUCTED_EXCLUDED_COMPONENTS;RECONSTRUCTED_PROXY_USED
oe:player:a04a853a0f540f156d08711204fe252,oe:team:c334c629fea759876e9e04afbe4aee7,JGL,period:789a06731adc1e0c8798,2024-03-02T21:07:29Z,true,protected_selection_2024,"{""bo_format_context"":null,""canonical_matchup_probability"":null,""playstyle_class_1_probability"":null,""playstyle_class_2_probability"":null,""playstyle_uncertainty"":null,""playstyle_unknown_probability"":null,""prior_above_role_median_rate"":0.43004156792330406,""prior_champion_observation_count"":65,""prior_core_state"":null,""prior_effective_evidence"":20.222167597922727,""prior_median_performance"":12.104,""prior_player_rating"":1500.574357889988,""prior_q25_performance"":5.143,""prior_raw_observation_count"":65,""prior_residual_uncertainty"":0.20956572062265483,""prior_role_adjusted_kp"":0.26308463078076505,""prior_role_relative_rating"":0.005743578899881276,""prior_starter_reliability"":0.8836568079399647,""prior_team_state"":null,""prior_team_strength"":null,""schedule_opponent_context"":null}",,11.616,2026 - Split 1,lcs_fantasy_split1_2026_reconstructed_v1,"{""dataset"":""feature_provenance"",""max_source_timestamp"":""2024-02-11T23:41:19Z""}",RECONSTRUCTED_NON_OFFICIAL_SPLIT1_2026_RULES,RECONSTRUCTED_COMPLETE_UNDER_POLICY;RECONSTRUCTED_EXCLUDED_COMPONENTS;RECONSTRUCTED_PROXY_USED
oe:player:a7f0b16a54f4bd0dcb6fb7bb625b3cb,oe:team:b360f1d729b0a8e0f29a5243c4200fa,JGL,period:789a06731adc1e0c8798,2024-03-02T21:07:29Z,true,protected_selection_2024,"{""bo_format_context"":null,""canonical_matchup_probability"":null,""playstyle_class_1_probability"":null,""playstyle_class_2_probability"":null,""playstyle_uncertainty"":null,""playstyle_unknown_probability"":null,""prior_above_role_median_rate"":0.41390299683950205,""prior_champion_observation_count"":55,""prior_core_state"":null,""prior_effective_evidence"":37.01814025673041,""prior_median_performance"":9.95,""prior_player_rating"":1496.5478277890538,""prior_q25_performance"":6.4399999999999995,""prior_raw_observation_count"":55,""prior_residual_uncertainty"":0.14503280395482324,""prior_role_adjusted_kp"":0.1222681901025283,""prior_role_relative_rating"":-0.03452172210946217,""prior_starter_reliability"":0.9146680395621725,""prior_team_state"":null,""prior_team_strength"":null,""schedule_opponent_context"":null}",,17.3195,2026 - Split 1,lcs_fantasy_split1_2026_reconstructed_v1,"{""dataset"":""feature_provenance"",""max_source_timestamp"":""2024-02-11T22:56:09Z""}",RECONSTRUCTED_NON_OFFICIAL_SPLIT1_2026_RULES,RECONSTRUCTED_COMPLETE_UNDER_POLICY;RECONSTRUCTED_EXCLUDED_COMPONENTS;RECONSTRUCTED_PROXY_USED
oe:player:a8307167f3a1c933295bb9e3d43700e,oe:team:2e66da41dc460dd378e3bcc57042d31,JGL,period:789a06731adc1e0c8798,2024-03-02T21:07:29Z,true,protected_selection_2024,"{""bo_format_context"":null,""canonical_matchup_probability"":null,""playstyle_class_1_probability"":null,""playstyle_class_2_probability"":null,""playstyle_uncertainty"":null,""playstyle_unknown_probability"":null,""prior_above_role_median_rate"":0.6864191822600798,""prior_champion_observation_count"":120,""prior_core_state"":null,""prior_effective_evidence"":30.390366001045734,""prior_median_performance"":17.084,""prior_player_rating"":1503.6842071133733,""prior_q25_performance"":10.61,""prior_raw_observation_count"":120,""prior_residual_uncertainty"":0.158825896092899,""prior_role_adjusted_kp"":-0.3556170538794909,""prior_role_relative_rating"":0.03684207113373408,""prior_starter_reliability"":0.8977365060976433,""prior_team_state"":null,""prior_team_strength"":null,""schedule_opponent_context"":null}",,19.348,2026 - Split 1,lcs_fantasy_split1_2026_reconstructed_v1,"{""dataset"":""feature_provenance"",""max_source_timestamp"":""2024-02-11T23:41:19Z""}",RECONSTRUCTED_NON_OFFICIAL_SPLIT1_2026_RULES,RECONSTRUCTED_COMPLETE_UNDER_POLICY;RECONSTRUCTED_EXCLUDED_COMPONENTS;RECONSTRUCTED_PROXY_USED
oe:player:c145139d26813639b8fe6f4d0b28228,oe:team:2e66da41dc460dd378e3bcc57042d31,BOT,period:789a06731adc1e0c8798,2024-03-02T21:07:29Z,true,protected_selection_2024,"{""bo_format_context"":null,""canonical_matchup_probability"":null,""playstyle_class_1_probability"":null,""playstyle_class_2_probability"":null,""playstyle_uncertainty"":null,""playstyle_unknown_probability"":null,""prior_above_role_median_rate"":0.552808156876446,""prior_champion_observation_count"":9,""prior_core_state"":null,""prior_effective_evidence"":8.992641191277036,""prior_median_performance"":16.417,""prior_player_rating"":1497.0827806634977,""prior_q25_performance"":12.83,""prior_raw_observation_count"":9,""prior_residual_uncertainty"":0.2590194662635827,""prior_role_adjusted_kp"":-0.15088786789959016,""prior_role_relative_rating"":-0.02917219336502233,""prior_starter_reliability"":0.8333232616903452,""prior_team_state"":null,""prior_team_strength"":null,""schedule_opponent_context"":null}",,12.94,2026 - Split 1,lcs_fantasy_split1_2026_reconstructed_v1,"{""dataset"":""feature_provenance"",""max_source_timestamp"":""2024-02-11T23:41:19Z""}",RECONSTRUCTED_NON_OFFICIAL_SPLIT1_2026_RULES,RECONSTRUCTED_COMPLETE_UNDER_POLICY;RECONSTRUCTED_EXCLUDED_COMPONENTS;RECONSTRUCTED_PROXY_USED
oe:player:dbe844fcbbc7f54654e54242e79acac,oe:team:4bd1751425ef6a9bc9d4d8e9385b4a6,SUP,period:789a06731adc1e0c8798,2024-03-02T21:07:29Z,true,protected_selection_2024,"{""bo_format_context"":null,""canonical_matchup_probability"":null,""playstyle_class_1_probability"":0.4728059146940548,""playstyle_class_2_probability"":0.3118442589809812,""playstyle_uncertainty"":0.3006246797027881,""playstyle_unknown_probability"":0.21534982632496394,""prior_above_role_median_rate"":0.5548862347284335,""prior_champion_observation_count"":72,""prior_core_state"":null,""prior_effective_evidence"":39.78663406429489,""prior_median_performance"":19.1584,""prior_player_rating"":1508.382518788925,""prior_q25_performance"":9.0735,""prior_raw_observation_count"":72,""prior_residual_uncertainty"":0.14639719738844897,""prior_role_adjusted_kp"":0.04148908691118851,""prior_role_relative_rating"":0.08382518788924825,""prior_starter_reliability"":0.918114589396391,""prior_team_state"":null,""prior_team_strength"":null,""schedule_opponent_context"":null}",,18.99085,2026 - Split 1,lcs_fantasy_split1_2026_reconstructed_v1,"{""dataset"":""feature_provenance"",""max_source_timestamp"":""2024-02-11T21:07:51Z""}",RECONSTRUCTED_NON_OFFICIAL_SPLIT1_2026_RULES,RECONSTRUCTED_COMPLETE_UNDER_POLICY;RECONSTRUCTED_EXCLUDED_COMPONENTS;RECONSTRUCTED_PROXY_USED
oe:player:dc760d6884ce21614b2389ac1c05ec2,oe:team:b360f1d729b0a8e0f29a5243c4200fa,TOP,period:789a06731adc1e0c8798,2024-03-02T21:07:29Z,true,protected_selection_2024,"{""bo_format_context"":null,""canonical_matchup_probability"":null,""playstyle_class_1_probability"":0.21301682691673463,""playstyle_class_2_probability"":0.5118842523234812,""playstyle_uncertainty"":0.4862352791717117,""playstyle_unknown_probability"":0.27509892075978426,""prior_above_role_median_rate"":0.23723274513626422,""prior_champion_observation_count"":96,""prior_core_state"":null,""prior_effective_evidence"":11.38030340703912,""prior_median_performance"":4.9670000000000005,""prior_player_rating"":1466.8419593423973,""prior_q25_performance"":2.5700000000000003,""prior_raw_observation_count"":96,""prior_residual_uncertainty"":0.23910350517438997,""prior_role_adjusted_kp"":-0.4234757874978858,""prior_role_relative_rating"":-0.33158040657602644,""prior_starter_reliability"":0.8462732598307368,""prior_team_state"":null,""prior_team_strength"":null,""schedule_opponent_context"":null}",,9.168,2026 - Split 1,lcs_fantasy_split1_2026_reconstructed_v1,"{""dataset"":""feature_provenance"",""max_source_timestamp"":""2024-02-11T22:56:09Z""}",RECONSTRUCTED_NON_OFFICIAL_SPLIT1_2026_RULES,RECONSTRUCTED_COMPLETE_UNDER_POLICY;RECONSTRUCTED_EXCLUDED_COMPONENTS;RECONSTRUCTED_PROXY_USED
oe:player:ea9ed09584feecae0991089f087d2ce,oe:team:8eb884e168f28402ce685bedebb5250,MID,period:789a06731adc1e0c8798,2024-03-02T21:07:29Z,true,protected_selection_2024,"{""bo_format_context"":null,""canonical_matchup_probability"":null,""playstyle_class_1_probability"":null,""playstyle_class_2_probability"":null,""playstyle_uncertainty"":null,""playstyle_unknown_probability"":null,""prior_above_role_median_rate"":0.3823424624187014,""prior_champion_observation_count"":39,""prior_core_state"":null,""prior_effective_evidence"":30.883405716048372,""prior_median_performance"":14.928,""prior_player_rating"":1489.537318119589,""prior_q25_performance"":8.71,""prior_raw_observation_count"":39,""prior_residual_uncertainty"":0.1393702327387537,""prior_role_adjusted_kp"":-0.0005468828241272799,""prior_role_relative_rating"":-0.10462681880411129,""prior_starter_reliability"":0.9088092505563736,""prior_team_state"":null,""prior_team_strength"":null,""schedule_opponent_context"":null}",,15.805,2026 - Split 1,lcs_fantasy_split1_2026_reconstructed_v1,"{""dataset"":""feature_provenance"",""max_source_timestamp"":""2024-02-11T22:56:09Z""}",RECONSTRUCTED_NON_OFFICIAL_SPLIT1_2026_RULES,RECONSTRUCTED_COMPLETE_UNDER_POLICY;RECONSTRUCTED_EXCLUDED_COMPONENTS;RECONSTRUCTED_PROXY_USED
oe:player:ed455f823b6586e9e3621dfb5aeb42e,oe:team:fc8e90107dabb9a35c490b0d86adea0,JGL,period:789a06731adc1e0c8798,2024-03-02T21:07:29Z,true,protected_selection_2024,"{""bo_format_context"":null,""canonical_matchup_probability"":null,""playstyle_class_1_probability"":null,""playstyle_class_2_probability"":null,""playstyle_uncertainty"":null,""playstyle_unknown_probability"":null,""prior_above_role_median_rate"":0.6439833307489108,""prior_champion_observation_count"":290,""prior_core_state"":null,""prior_effective_evidence"":59.958309054027524,""prior_median_performance"":19.209,""prior_player_rating"":1519.9767351347398,""prior_q25_performance"":11.39,""prior_raw_observation_count"":290,""prior_residual_uncertainty"":0.10735159669201039,""prior_role_adjusted_kp"":0.24300358602104813,""prior_role_relative_rating"":0.19976735134739687,""prior_starter_reliability"":0.9325321720591797,""prior_team_state"":null,""prior_team_strength"":null,""schedule_opponent_context"":null}",,22.575499999999998,2026 - Split 1,lcs_fantasy_split1_2026_reconstructed_v1,"{""dataset"":""feature_provenance"",""max_source_timestamp"":""2024-02-11T21:07:51Z""}",RECONSTRUCTED_NON_OFFICIAL_SPLIT1_2026_RULES,RECONSTRUCTED_COMPLETE_UNDER_POLICY;RECONSTRUCTED_EXCLUDED_COMPONENTS;RECONSTRUCTED_PROXY_USED
oe:player:ef97df9d746d0e65ed18786ab30031c,oe:team:b360f1d729b0a8e0f29a5243c4200fa,MID,period:789a06731adc1e0c8798,2024-03-02T21:07:29Z,true,protected_selection_2024,"{""bo_format_context"":null,""canonical_matchup_probability"":null,""playstyle_class_1_probability"":null,""playstyle_class_2_probability"":null,""playstyle_uncertainty"":null,""playstyle_unknown_probability"":null,""prior_above_role_median_rate"":0.3115852798358732,""prior_champion_observation_count"":102,""prior_core_state"":null,""prior_effective_evidence"":27.107273929203618,""prior_median_performance"":9.18,""prior_player_rating"":1471.604092472295,""prior_q25_performance"":4.15,""prior_raw_observation_count"":102,""prior_residual_uncertainty"":0.19138784828137612,""prior_role_adjusted_kp"":-0.3688615071148347,""prior_role_relative_rating"":-0.2839590752770494,""prior_starter_reliability"":0.9002211356989975,""prior_team_state"":null,""prior_team_strength"":null,""schedule_opponent_context"":null}",,26.2035,2026 - Split 1,lcs_fantasy_split1_2026_reconstructed_v1,"{""dataset"":""feature_provenance"",""max_source_timestamp"":""2024-02-11T22:56:09Z""}",RECONSTRUCTED_NON_OFFICIAL_SPLIT1_2026_RULES,RECONSTRUCTED_COMPLETE_UNDER_POLICY;RECONSTRUCTED_EXCLUDED_COMPONENTS;RECONSTRUCTED_PROXY_USED
oe:player:f02f1c8275084050765b4b6414bdfda,oe:team:fc8e90107dabb9a35c490b0d86adea0,TOP,period:789a06731adc1e0c8798,2024-03-02T21:07:29Z,true,protected_selection_2024,"{""bo_format_context"":null,""canonical_matchup_probability"":null,""playstyle_class_1_probability"":0.2235395680513481,""playstyle_class_2_probability"":0.5663287351349083,""playstyle_uncertainty"":0.33724022025174033,""playstyle_unknown_probability"":0.21013169681374363,""prior_above_role_median_rate"":0.5887713065696472,""prior_champion_observation_count"":233,""prior_core_state"":null,""prior_effective_evidence"":59.68671536534747,""prior_median_performance"":14.039,""prior_player_rating"":1513.4868095353795,""prior_q25_performance"":9.835,""prior_raw_observation_count"":233,""prior_residual_uncertainty"":0.11695146013661253,""prior_role_adjusted_kp"":0.047773254984170024,""prior_role_relative_rating"":0.13486809535379393,""prior_starter_reliability"":0.9323994009785228,""prior_team_state"":null,""prior_team_strength"":null,""schedule_opponent_context"":null}",,11.3535,2026 - Split 1,lcs_fantasy_split1_2026_reconstructed_v1,"{""dataset"":""feature_provenance"",""max_source_timestamp"":""2024-02-11T21:07:51Z""}",RECONSTRUCTED_NON_OFFICIAL_SPLIT1_2026_RULES,RECONSTRUCTED_COMPLETE_UNDER_POLICY;RECONSTRUCTED_EXCLUDED_COMPONENTS;RECONSTRUCTED_PROXY_USED
oe:player:f6b8af05a5af22004a67a78f3046b92,oe:team:8eb884e168f28402ce685bedebb5250,BOT,period:789a06731adc1e0c8798,2024-03-02T21:07:29Z,true,protected_selection_2024,"{""bo_format_context"":null,""canonical_matchup_probability"":null,""playstyle_class_1_probability"":null,""playstyle_class_2_probability"":null,""playstyle_uncertainty"":null,""playstyle_unknown_probability"":null,""prior_above_role_median_rate"":0.49760452261235216,""prior_champion_observation_count"":69,""prior_core_state"":null,""prior_effective_evidence"":48.03011640276971,""prior_median_performance"":14.83,""prior_player_rating"":1497.245729543994,""prior_q25_performance"":9.934999999999999,""prior_raw_observation_count"":69,""prior_residual_uncertainty"":0.10528634069562863,""prior_role_adjusted_kp"":-0.048267703575848725,""prior_role_relative_rating"":-0.027542704560059188,""prior_starter_reliability"":0.9277548424549105,""prior_team_state"":null,""prior_team_strength"":null,""schedule_opponent_context"":null}",,12.4605,2026 - Split 1,lcs_fantasy_split1_2026_reconstructed_v1,"{""dataset"":""feature_provenance"",""max_source_timestamp"":""2024-02-11T22:56:09Z""}",RECONSTRUCTED_NON_OFFICIAL_SPLIT1_2026_RULES,RECONSTRUCTED_COMPLETE_UNDER_POLICY;RECONSTRUCTED_EXCLUDED_COMPONENTS;RECONSTRUCTED_PROXY_USED
oe:player:fddde6d256bee26713f64ad9b2a9394,oe:team:e758ebe9a5a2cc81b9c8078479c2d87,MID,period:789a06731adc1e0c8798,2024-03-02T21:07:29Z,true,protected_selection_2024,"{""bo_format_context"":null,""canonical_matchup_probability"":null,""playstyle_class_1_probability"":null,""playstyle_class_2_probability"":null,""playstyle_uncertainty"":null,""playstyle_unknown_probability"":null,""prior_above_role_median_rate"":0.5039790244994131,""prior_champion_observation_count"":172,""prior_core_state"":null,""prior_effective_evidence"":61.76734188605584,""prior_median_performance"":15.373,""prior_player_rating"":1506.8365240957812,""prior_q25_performance"":10.016,""prior_raw_observation_count"":172,""prior_residual_uncertainty"":0.11230030819391436,""prior_role_adjusted_kp"":0.15830732946735482,""prior_role_relative_rating"":0.06836524095781135,""prior_starter_reliability"":0.9356114934390125,""prior_team_state"":null,""prior_team_strength"":null,""schedule_opponent_context"":null}",,19.0865,2026 - Split 1,lcs_fantasy_split1_2026_reconstructed_v1,"{""dataset"":""feature_provenance"",""max_source_timestamp"":""2024-02-11T22:11:25Z""}",RECONSTRUCTED_NON_OFFICIAL_SPLIT1_2026_RULES,RECONSTRUCTED_COMPLETE_UNDER_POLICY;RECONSTRUCTED_EXCLUDED_COMPONENTS;RECONSTRUCTED_PROXY_USED
oe:player:007be3acd5669d100711b13d79e2336,oe:team:4bd1751425ef6a9bc9d4d8e9385b4a6,TOP,period:a0f9da327c11cf3cc717,2024-03-08T21:07:46Z,true,protected_selection_2024,"{""bo_format_context"":null,""canonical_matchup_probability"":null,""playstyle_class_1_probability"":0.2573342086451416,""playstyle_class_2_probability"":0.4898123471796273,""playstyle_uncertainty"":0.29189871033340653,""playstyle_unknown_probability"":0.25285344417523103,""prior_above_role_median_rate"":0.5524047923543605,""prior_champion_observation_count"":11,""prior_core_state"":null,""prior_effective_evidence"":10.9675188238692,""prior_median_performance"":12.408,""prior_player_rating"":1491.3978271880408,""prior_q25_performance"":6.3100000000000005,""prior_raw_observation_count"":11,""prior_residual_uncertainty"":0.2364910504568003,""prior_role_adjusted_kp"":-0.20794179175239577,""prior_role_relative_rating"":-0.08602172811959188,""prior_starter_reliability"":0.8548020646951516,""prior_team_state"":null,""prior_team_strength"":null,""schedule_opponent_context"":null}",,26.587999999999997,2026 - Split 1,lcs_fantasy_split1_2026_reconstructed_v1,"{""dataset"":""feature_provenance"",""max_source_timestamp"":""2024-03-03T22:13:46Z""}",RECONSTRUCTED_NON_OFFICIAL_SPLIT1_2026_RULES,RECONSTRUCTED_COMPLETE_UNDER_POLICY;RECONSTRUCTED_EXCLUDED_COMPONENTS;RECONSTRUCTED_PROXY_USED
oe:player:05fafeaf23dc3285558a4e968970b9f,oe:team:8eb884e168f28402ce685bedebb5250,SUP,period:a0f9da327c11cf3cc717,2024-03-08T21:07:46Z,true,protected_selection_2024,"{""bo_format_context"":null,""canonical_matchup_probability"":null,""playstyle_class_1_probability"":0.4583871309696617,""playstyle_class_2_probability"":0.3124753471481701,""playstyle_uncertainty"":0.36161714958266866,""playstyle_unknown_probability"":0.22913752188216824,""prior_above_role_median_rate"":0.6161266986534741,""prior_champion_observation_count"":274,""prior_core_state"":null,""prior_effective_evidence"":61.132266812421406,""prior_median_performance"":16.104,""prior_player_rating"":1504.736100717612,""prior_q25_performance"":9.5964,""prior_raw_observation_count"":274,""prior_residual_uncertainty"":0.1,""prior_role_adjusted_kp"":-0.11077220291955364,""prior_role_relative_rating"":0.04736100717612002,""prior_starter_reliability"":0.9382962075097688,""prior_team_state"":null,""prior_team_strength"":null,""schedule_opponent_context"":null}",,14.902266666666668,2026 - Split 1,lcs_fantasy_split1_2026_reconstructed_v1,"{""dataset"":""feature_provenance"",""max_source_timestamp"":""2024-03-04T00:06:51Z""}",RECONSTRUCTED_NON_OFFICIAL_SPLIT1_2026_RULES,RECONSTRUCTED_COMPLETE_UNDER_POLICY;RECONSTRUCTED_EXCLUDED_COMPONENTS;RECONSTRUCTED_PROXY_USED
oe:player:08936c56ab5a6453c58974a619651c3,oe:team:0dbb780176ecad18f17292d1f5653af,JGL,period:a0f9da327c11cf3cc717,2024-03-08T21:07:46Z,true,protected_selection_2024,"{""bo_format_context"":null,""canonical_matchup_probability"":null,""playstyle_class_1_probability"":null,""playstyle_class_2_probability"":null,""playstyle_uncertainty"":null,""playstyle_unknown_probability"":null,""prior_above_role_median_rate"":0.45344980912932975,""prior_champion_observation_count"":20,""prior_core_state"":null,""prior_effective_evidence"":11.905538300669534,""prior_median_performance"":11.582,""prior_player_rating"":1486.1362617059008,""prior_q25_performance"":4.534,""prior_raw_observation_count"":20,""prior_residual_uncertainty"":0.24673584588167607,""prior_role_adjusted_kp"":-0.23512404334951834,""prior_role_relative_rating"":-0.13863738294099107,""prior_starter_reliability"":0.8591201013828386,""prior_team_state"":null,""prior_team_strength"":null,""schedule_opponent_context"":null}",,11.4625,2026 - Split 1,lcs_fantasy_split1_2026_reconstructed_v1,"{""dataset"":""feature_provenance"",""max_source_timestamp"":""2024-03-03T23:04:02Z""}",RECONSTRUCTED_NON_OFFICIAL_SPLIT1_2026_RULES,RECONSTRUCTED_COMPLETE_UNDER_POLICY;RECONSTRUCTED_EXCLUDED_COMPONENTS;RECONSTRUCTED_PROXY_USED
oe:player:1970fcb701acce66e0771946bbb3105,oe:team:8eb884e168f28402ce685bedebb5250,JGL,period:a0f9da327c11cf3cc717,2024-03-08T21:07:46Z,true,protected_selection_2024,"{""bo_format_context"":null,""canonical_matchup_probability"":null,""playstyle_class_1_probability"":null,""playstyle_class_2_probability"":null,""playstyle_uncertainty"":null,""playstyle_unknown_probability"":null,""prior_above_role_median_rate"":0.1803131194762341,""prior_champion_observation_count"":11,""prior_core_state"":null,""prior_effective_evidence"":10.967485818076021,""prior_median_performance"":11.45,""prior_player_rating"":1477.2878866442463,""prior_q25_performance"":6.09,""prior_raw_observation_count"":11,""prior_residual_uncertainty"":0.21266631197982772,""prior_role_adjusted_kp"":-0.2892258839970177,""prior_role_relative_rating"":-0.22712113355753694,""prior_starter_reliability"":0.8548041901177701,""prior_team_state"":null,""prior_team_strength"":null,""schedule_opponent_context"":null}",,14.898333333333333,2026 - Split 1,lcs_fantasy_split1_2026_reconstructed_v1,"{""dataset"":""feature_provenance"",""max_source_timestamp"":""2024-03-04T00:06:51Z""}",RECONSTRUCTED_NON_OFFICIAL_SPLIT1_2026_RULES,RECONSTRUCTED_COMPLETE_UNDER_POLICY;RECONSTRUCTED_EXCLUDED_COMPONENTS;RECONSTRUCTED_PROXY_USED
oe:player:1d22c812efd7b8a4244d93c51acc399,oe:team:0dbb780176ecad18f17292d1f5653af,MID,period:a0f9da327c11cf3cc717,2024-03-08T21:07:46Z,true,protected_selection_2024,"{""bo_format_context"":null,""canonical_matchup_probability"":null,""playstyle_class_1_probability"":null,""playstyle_class_2_probability"":null,""playstyle_uncertainty"":null,""playstyle_unknown_probability"":null,""prior_above_role_median_rate"":0.5597098019381028,""prior_champion_observation_count"":11,""prior_core_state"":null,""prior_effective_evidence"":10.967557020386689,""prior_median_performance"":16.751,""prior_player_rating"":1494.956373645516,""prior_q25_performance"":7.93,""prior_raw_observation_count"":11,""prior_residual_uncertainty"":0.24164267970418224,""prior_role_adjusted_kp"":0.017844540114356624,""prior_role_relative_rating"":-0.05043626354484019,""prior_starter_reliability"":0.8548036132432906,""prior_team_state"":null,""prior_team_strength"":null,""schedule_opponent_context"":null}",,11.3875,2026 - Split 1,lcs_fantasy_split1_2026_reconstructed_v1,"{""dataset"":""feature_provenance"",""max_source_timestamp"":""2024-03-03T23:04:02Z""}",RECONSTRUCTED_NON_OFFICIAL_SPLIT1_2026_RULES,RECONSTRUCTED_COMPLETE_UNDER_POLICY;RECONSTRUCTED_EXCLUDED_COMPONENTS;RECONSTRUCTED_PROXY_USED
oe:player:21f59b54f62b5b8b4bc0f63f0f617fc,oe:team:8eb884e168f28402ce685bedebb5250,TOP,period:a0f9da327c11cf3cc717,2024-03-08T21:07:46Z,true,protected_selection_2024,"{""bo_format_context"":null,""canonical_matchup_probability"":null,""playstyle_class_1_probability"":0.33711289212671347,""playstyle_class_2_probability"":0.49600402490519996,""playstyle_uncertainty"":0.331314475287741,""playstyle_unknown_probability"":0.1668830829680866,""prior_above_role_median_rate"":0.48445040520417854,""prior_champion_observation_count"":264,""prior_core_state"":null,""prior_effective_evidence"":50.290814072068734,""prior_median_performance"":12.585,""prior_player_rating"":1498.0767894287208,""prior_q25_performance"":6.9,""prior_raw_observation_count"":264,""prior_residual_uncertainty"":0.11676495577138314,""prior_role_adjusted_kp"":0.029446366534406215,""prior_role_relative_rating"":-0.01923210571279297,""prior_starter_reliability"":0.9278368318019757,""prior_team_state"":null,""prior_team_strength"":null,""schedule_opponent_context"":null}",,14.642999999999999,2026 - Split 1,lcs_fantasy_split1_2026_reconstructed_v1,"{""dataset"":""feature_provenance"",""max_source_timestamp"":""2024-03-04T00:06:51Z""}",RECONSTRUCTED_NON_OFFICIAL_SPLIT1_2026_RULES,RECONSTRUCTED_COMPLETE_UNDER_POLICY;RECONSTRUCTED_EXCLUDED_COMPONENTS;RECONSTRUCTED_PROXY_USED
oe:player:3e722c8ede909c83af9342c41805a16,oe:team:2e66da41dc460dd378e3bcc57042d31,SUP,period:a0f9da327c11cf3cc717,2024-03-08T21:07:46Z,true,protected_selection_2024,"{""bo_format_context"":null,""canonical_matchup_probability"":null,""playstyle_class_1_probability"":0.38785864594251646,""playstyle_class_2_probability"":0.32488064441811976,""playstyle_uncertainty"":0.3310298343598976,""playstyle_unknown_probability"":0.2872607096393638,""prior_above_role_median_rate"":0.5711314418885324,""prior_champion_observation_count"":62,""prior_core_state"":null,""prior_effective_evidence"":38.87603563908389,""prior_median_performance"":19.4038,""prior_player_rating"":1511.1443392638964,""prior_q25_performance"":10.6304,""prior_raw_observation_count"":62,""prior_residual_uncertainty"":0.12273538497870376,""prior_role_adjusted_kp"":0.13487600173866962,""prior_role_relative_rating"":0.11144339263896463,""prior_starter_reliability"":0.9203558793789914,""prior_team_state"":null,""prior_team_strength"":null,""schedule_opponent_context"":null}",,20.741600000000002,2026 - Split 1,lcs_fantasy_split1_2026_reconstructed_v1,"{""dataset"":""feature_provenance"",""max_source_timestamp"":""2024-03-03T22:13:46Z""}",RECONSTRUCTED_NON_OFFICIAL_SPLIT1_2026_RULES,RECONSTRUCTED_COMPLETE_UNDER_POLICY;RECONSTRUCTED_EXCLUDED_COMPONENTS;RECONSTRUCTED_PROXY_USED
oe:player:40704dfd2d966862568d29770de57bd,oe:team:0dbb780176ecad18f17292d1f5653af,SUP,period:a0f9da327c11cf3cc717,2024-03-08T21:07:46Z,true,protected_selection_2024,"{""bo_format_context"":null,""canonical_matchup_probability"":null,""playstyle_class_1_probability"":0.36908631835500316,""playstyle_class_2_probability"":0.295256003451349,""playstyle_uncertainty"":0.3985769195836239,""playstyle_unknown_probability"":0.3356576781936478,""prior_above_role_median_rate"":0.6325994172938034,""prior_champion_observation_count"":27,""prior_core_state"":null,""prior_effective_evidence"":11.857804574650242,""prior_median_performance"":21.255200000000002,""prior_player_rating"":1515.4436753471123,""prior_q25_performance"":11.8752,""prior_raw_observation_count"":27,""prior_residual_uncertainty"":0.22866382117259276,""prior_role_adjusted_kp"":0.15533003303470538,""prior_role_relative_rating"":0.1544367534711224,""prior_starter_reliability"":0.8588502109396087,""prior_team_state"":null,""prior_team_strength"":null,""schedule_opponent_context"":null}",,16.881625,2026 - Split 1,lcs_fantasy_split1_2026_reconstructed_v1,"{""dataset"":""feature_provenance"",""max_source_timestamp"":""2024-03-03T23:04:02Z""}",RECONSTRUCTED_NON_OFFICIAL_SPLIT1_2026_RULES,RECONSTRUCTED_COMPLETE_UNDER_POLICY;RECONSTRUCTED_EXCLUDED_COMPONENTS;RECONSTRUCTED_PROXY_USED
oe:player:460ae5a7af8d68f7831b70307210ab3,oe:team:fc8e90107dabb9a35c490b0d86adea0,BOT,period:a0f9da327c11cf3cc717,2024-03-08T21:07:46Z,true,protected_selection_2024,"{""bo_format_context"":null,""canonical_matchup_probability"":null,""playstyle_class_1_probability"":null,""playstyle_class_2_probability"":null,""playstyle_uncertainty"":null,""playstyle_unknown_probability"":null,""prior_above_role_median_rate"":0.5815568729990601,""prior_champion_observation_count"":129,""prior_core_state"":null,""prior_effective_evidence"":54.96494408285396,""prior_median_performance"":19.443,""prior_player_rating"":1513.1385119289978,""prior_q25_performance"":11.129999999999999,""prior_raw_observation_count"":129,""prior_residual_uncertainty"":0.11700961116183461,""prior_role_adjusted_kp"":0.01023043946390558,""prior_role_relative_rating"":0.13138511928997737,""prior_starter_reliability"":0.9335158808282212,""prior_team_state"":null,""prior_team_strength"":null,""schedule_opponent_context"":null}",,16.792666666666666,2026 - Split 1,lcs_fantasy_split1_2026_reconstructed_v1,"{""dataset"":""feature_provenance"",""max_source_timestamp"":""2024-03-04T00:06:51Z""}",RECONSTRUCTED_NON_OFFICIAL_SPLIT1_2026_RULES,RECONSTRUCTED_COMPLETE_UNDER_POLICY;RECONSTRUCTED_EXCLUDED_COMPONENTS;RECONSTRUCTED_PROXY_USED
oe:player:494fc60dffbb5da1caa2226baef0ec7,oe:team:b360f1d729b0a8e0f29a5243c4200fa,BOT,period:a0f9da327c11cf3cc717,2024-03-08T21:07:46Z,true,protected_selection_2024,"{""bo_format_context"":null,""canonical_matchup_probability"":null,""playstyle_class_1_probability"":null,""playstyle_class_2_probability"":null,""playstyle_uncertainty"":null,""playstyle_unknown_probability"":null,""prior_above_role_median_rate"":0.6752548769076371,""prior_champion_observation_count"":9,""prior_core_state"":null,""prior_effective_evidence"":8.977855391604294,""prior_median_performance"":16.759,""prior_player_rating"":1518.707412946033,""prior_q25_performance"":15.67,""prior_raw_observation_count"":9,""prior_residual_uncertainty"":0.30582210531308246,""prior_role_adjusted_kp"":0.12594869071531944,""prior_role_relative_rating"":0.18707412946033047,""prior_starter_reliability"":0.8348367584529005,""prior_team_state"":null,""prior_team_strength"":null,""schedule_opponent_context"":null}",,17.13,2026 - Split 1,lcs_fantasy_split1_2026_reconstructed_v1,"{""dataset"":""feature_provenance"",""max_source_timestamp"":""2024-03-03T23:04:02Z""}",RECONSTRUCTED_NON_OFFICIAL_SPLIT1_2026_RULES,RECONSTRUCTED_COMPLETE_UNDER_POLICY;RECONSTRUCTED_EXCLUDED_COMPONENTS;RECONSTRUCTED_PROXY_USED
oe:player:4a18312b5b75f549d5551e5912ad6eb,oe:team:c334c629fea759876e9e04afbe4aee7,MID,period:a0f9da327c11cf3cc717,2024-03-08T21:07:46Z,true,protected_selection_2024,"{""bo_format_context"":null,""canonical_matchup_probability"":null,""playstyle_class_1_probability"":null,""playstyle_class_2_probability"":null,""playstyle_uncertainty"":null,""playstyle_unknown_probability"":null,""prior_above_role_median_rate"":0.5447751715929419,""prior_champion_observation_count"":11,""prior_core_state"":null,""prior_effective_evidence"":10.967774298754659,""prior_median_performance"":16.337,""prior_player_rating"":1504.0868749319875,""prior_q25_performance"":11.09,""prior_raw_observation_count"":11,""prior_residual_uncertainty"":0.23149860176485473,""prior_role_adjusted_kp"":0.1138283192606216,""prior_role_relative_rating"":0.04086874931987399,""prior_starter_reliability"":0.8548077685509167,""prior_team_state"":null,""prior_team_strength"":null,""schedule_opponent_context"":null}",,12.059666666666667,2026 - Split 1,lcs_fantasy_split1_2026_reconstructed_v1,"{""dataset"":""feature_provenance"",""max_source_timestamp"":""2024-03-03T21:07:18Z""}",RECONSTRUCTED_NON_OFFICIAL_SPLIT1_2026_RULES,RECONSTRUCTED_COMPLETE_UNDER_POLICY;RECONSTRUCTED_EXCLUDED_COMPONENTS;RECONSTRUCTED_PROXY_USED
oe:player:4db47d64e2721bf7a93ebf42e488852,oe:team:4bd1751425ef6a9bc9d4d8e9385b4a6,BOT,period:a0f9da327c11cf3cc717,2024-03-08T21:07:46Z,true,protected_selection_2024,"{""bo_format_context"":null,""canonical_matchup_probability"":null,""playstyle_class_1_probability"":null,""playstyle_class_2_probability"":null,""playstyle_uncertainty"":null,""playstyle_unknown_probability"":null,""prior_above_role_median_rate"":0.5524047923543605,""prior_champion_observation_count"":11,""prior_core_state"":null,""prior_effective_evidence"":10.9675188238692,""prior_median_performance"":24.114,""prior_player_rating"":1502.85834802357,""prior_q25_performance"":6.96,""prior_raw_observation_count"":11,""prior_residual_uncertainty"":0.28414847274937527,""prior_role_adjusted_kp"":-0.0029606040772213417,""prior_role_relative_rating"":0.02858348023570075,""prior_starter_reliability"":0.8548020646951516,""prior_team_state"":null,""prior_team_strength"":null,""schedule_opponent_context"":null}",,18.784333333333333,2026 - Split 1,lcs_fantasy_split1_2026_reconstructed_v1,"{""dataset"":""feature_provenance"",""max_source_timestamp"":""2024-03-03T22:13:46Z""}",RECONSTRUCTED_NON_OFFICIAL_SPLIT1_2026_RULES,RECONSTRUCTED_COMPLETE_UNDER_POLICY;RECONSTRUCTED_EXCLUDED_COMPONENTS;RECONSTRUCTED_PROXY_USED
oe:player:4e0619e57cb50c4ab1230c2dd72df1b,oe:team:c334c629fea759876e9e04afbe4aee7,BOT,period:a0f9da327c11cf3cc717,2024-03-08T21:07:46Z,true,protected_selection_2024,"{""bo_format_context"":null,""canonical_matchup_probability"":null,""playstyle_class_1_probability"":null,""playstyle_class_2_probability"":null,""playstyle_uncertainty"":null,""playstyle_unknown_probability"":null,""prior_above_role_median_rate"":0.3495034133516932,""prior_champion_observation_count"":206,""prior_core_state"":null,""prior_effective_evidence"":35.74155745742167,""prior_median_performance"":12.83,""prior_player_rating"":1494.185780069019,""prior_q25_performance"":7.0,""prior_raw_observation_count"":206,""prior_residual_uncertainty"":0.13894245321101614,""prior_role_adjusted_kp"":0.22671656331056547,""prior_role_relative_rating"":-0.058142199309808594,""prior_starter_reliability"":0.9150891434459393,""prior_team_state"":null,""prior_team_strength"":null,""schedule_opponent_context"":null}",,14.684,2026 - Split 1,lcs_fantasy_split1_2026_reconstructed_v1,"{""dataset"":""feature_provenance"",""max_source_timestamp"":""2024-03-03T21:07:18Z""}",RECONSTRUCTED_NON_OFFICIAL_SPLIT1_2026_RULES,RECONSTRUCTED_COMPLETE_UNDER_POLICY;RECONSTRUCTED_EXCLUDED_COMPONENTS;RECONSTRUCTED_PROXY_USED
oe:player:5385f74da3e5deb5b66d9a1ee56cf97,oe:team:e758ebe9a5a2cc81b9c8078479c2d87,TOP,period:a0f9da327c11cf3cc717,2024-03-08T21:07:46Z,true,protected_selection_2024,"{""bo_format_context"":null,""canonical_matchup_probability"":null,""playstyle_class_1_probability"":0.34161169585801904,""playstyle_class_2_probability"":0.46098969302835235,""playstyle_uncertainty"":0.3097297132601878,""playstyle_unknown_probability"":0.1973986111136286,""prior_above_role_median_rate"":0.4944533474023269,""prior_champion_observation_count"":109,""prior_core_state"":null,""prior_effective_evidence"":57.85793847188255,""prior_median_performance"":12.43,""prior_player_rating"":1489.0371634006176,""prior_q25_performance"":5.15,""prior_raw_observation_count"":109,""prior_residual_uncertainty"":0.1162402768859611,""prior_role_adjusted_kp"":-0.15793587921126767,""prior_role_relative_rating"":-0.10962836599382386,""prior_starter_reliability"":0.9368323880991589,""prior_team_state"":null,""prior_team_strength"":null,""schedule_opponent_context"":null}",,9.9325,2026 - Split 1,lcs_fantasy_split1_2026_reconstructed_v1,"{""dataset"":""feature_provenance"",""max_source_timestamp"":""2024-03-03T21:07:18Z""}",RECONSTRUCTED_NON_OFFICIAL_SPLIT1_2026_RULES,RECONSTRUCTED_COMPLETE_UNDER_POLICY;RECONSTRUCTED_EXCLUDED_COMPONENTS;RECONSTRUCTED_PROXY_USED
oe:player:6378658dafc3eeb902fa2e52f909172,oe:team:0dbb780176ecad18f17292d1f5653af,BOT,period:a0f9da327c11cf3cc717,2024-03-08T21:07:46Z,true,protected_selection_2024,"{""bo_format_context"":null,""canonical_matchup_probability"":null,""playstyle_class_1_probability"":null,""playstyle_class_2_probability"":null,""playstyle_uncertainty"":null,""playstyle_unknown_probability"":null,""prior_above_role_median_rate"":0.43772015793310204,""prior_champion_observation_count"":60,""prior_core_state"":null,""prior_effective_evidence"":33.20372154378711,""prior_median_performance"":12.5,""prior_player_rating"":1490.3502981879212,""prior_q25_performance"":6.890000000000001,""prior_raw_observation_count"":60,""prior_residual_uncertainty"":0.13857916553636168,""prior_role_adjusted_kp"":-0.09600934104167748,""prior_role_relative_rating"":-0.09649701812078741,""prior_starter_reliability"":0.9147321442322872,""prior_team_state"":null,""prior_team_strength"":null,""schedule_opponent_context"":null}",,24.004499999999997,2026 - Split 1,lcs_fantasy_split1_2026_reconstructed_v1,"{""dataset"":""feature_provenance"",""max_source_timestamp"":""2024-03-03T23:04:02Z""}",RECONSTRUCTED_NON_OFFICIAL_SPLIT1_2026_RULES,RECONSTRUCTED_COMPLETE_UNDER_POLICY;RECONSTRUCTED_EXCLUDED_COMPONENTS;RECONSTRUCTED_PROXY_USED
oe:player:6841f2d68619d53bdd1cdbf30b5be2c,oe:team:b360f1d729b0a8e0f29a5243c4200fa,SUP,period:a0f9da327c11cf3cc717,2024-03-08T21:07:46Z,true,protected_selection_2024,"{""bo_format_context"":null,""canonical_matchup_probability"":null,""playstyle_class_1_probability"":0.4005685105049253,""playstyle_class_2_probability"":0.3018512830412831,""playstyle_uncertainty"":0.40414025743303433,""playstyle_unknown_probability"":0.2975802064537917,""prior_above_role_median_rate"":0.5547578335634968,""prior_champion_observation_count"":71,""prior_core_state"":null,""prior_effective_evidence"":11.099715967424746,""prior_median_performance"":16.67,""prior_player_rating"":1511.6462079502148,""prior_q25_performance"":10.882000000000001,""prior_raw_observation_count"":71,""prior_residual_uncertainty"":0.27709963846239666,""prior_role_adjusted_kp"":0.16965461867683934,""prior_role_relative_rating"":0.11646207950214857,""prior_starter_reliability"":0.8554254129043252,""prior_team_state"":null,""prior_team_strength"":null,""schedule_opponent_context"":null}",,8.473233333333333,2026 - Split 1,lcs_fantasy_split1_2026_reconstructed_v1,"{""dataset"":""feature_provenance"",""max_source_timestamp"":""2024-03-03T23:04:02Z""}",RECONSTRUCTED_NON_OFFICIAL_SPLIT1_2026_RULES,RECONSTRUCTED_COMPLETE_UNDER_POLICY;RECONSTRUCTED_EXCLUDED_COMPONENTS;RECONSTRUCTED_PROXY_USED
oe:player:6fbf57b984dbf130701e09ea4110bb8,oe:team:0dbb780176ecad18f17292d1f5653af,TOP,period:a0f9da327c11cf3cc717,2024-03-08T21:07:46Z,true,protected_selection_2024,"{""bo_format_context"":null,""canonical_matchup_probability"":null,""playstyle_class_1_probability"":0.36994109595158875,""playstyle_class_2_probability"":0.37064527230735295,""playstyle_uncertainty"":0.29702446505357766,""playstyle_unknown_probability"":0.25941363174105836,""prior_above_role_median_rate"":0.4478668954150427,""prior_champion_observation_count"":38,""prior_core_state"":null,""prior_effective_evidence"":28.650076740374526,""prior_median_performance"":10.843,""prior_player_rating"":1495.1627655248265,""prior_q25_performance"":5.26,""prior_raw_observation_count"":38,""prior_residual_uncertainty"":0.17011866377902352,""prior_role_adjusted_kp"":0.05258633760034373,""prior_role_relative_rating"":-0.048372344751735845,""prior_starter_reliability"":0.9085819469133964,""prior_team_state"":null,""prior_team_strength"":null,""schedule_opponent_context"":null}",,13.64675,2026 - Split 1,lcs_fantasy_split1_2026_reconstructed_v1,"{""dataset"":""feature_provenance"",""max_source_timestamp"":""2024-03-03T23:04:02Z""}",RECONSTRUCTED_NON_OFFICIAL_SPLIT1_2026_RULES,RECONSTRUCTED_COMPLETE_UNDER_POLICY;RECONSTRUCTED_EXCLUDED_COMPONENTS;RECONSTRUCTED_PROXY_USED
oe:player:73d2b65353d7b00e0f198ffdc085edc,oe:team:e758ebe9a5a2cc81b9c8078479c2d87,BOT,period:a0f9da327c11cf3cc717,2024-03-08T21:07:46Z,true,protected_selection_2024,"{""bo_format_context"":null,""canonical_matchup_probability"":null,""playstyle_class_1_probability"":null,""playstyle_class_2_probability"":null,""playstyle_uncertainty"":null,""playstyle_unknown_probability"":null,""prior_above_role_median_rate"":0.5852468029885769,""prior_champion_observation_count"":277,""prior_core_state"":null,""prior_effective_evidence"":63.81773092266358,""prior_median_performance"":18.41,""prior_player_rating"":1514.067182593935,""prior_q25_performance"":9.780000000000001,""prior_raw_observation_count"":277,""prior_residual_uncertainty"":0.1171662763905014,""prior_role_adjusted_kp"":0.272621511011841,""prior_role_relative_rating"":0.14067182593935162,""prior_starter_reliability"":0.9395125285672751,""prior_team_state"":null,""prior_team_strength"":null,""schedule_opponent_context"":null}",,12.125,2026 - Split 1,lcs_fantasy_split1_2026_reconstructed_v1,"{""dataset"":""feature_provenance"",""max_source_timestamp"":""2024-03-03T21:07:18Z""}",RECONSTRUCTED_NON_OFFICIAL_SPLIT1_2026_RULES,RECONSTRUCTED_COMPLETE_UNDER_POLICY;RECONSTRUCTED_EXCLUDED_COMPONENTS;RECONSTRUCTED_PROXY_USED
oe:player:7c3395efccd48fe73592001501bef83,oe:team:4bd1751425ef6a9bc9d4d8e9385b4a6,JGL,period:a0f9da327c11cf3cc717,2024-03-08T21:07:46Z,true,protected_selection_2024,"{""bo_format_context"":null,""canonical_matchup_probability"":null,""playstyle_class_1_probability"":null,""playstyle_class_2_probability"":null,""playstyle_uncertainty"":null,""playstyle_unknown_probability"":null,""prior_above_role_median_rate"":0.5822240924827828,""prior_champion_observation_count"":126,""prior_core_state"":null,""prior_effective_evidence"":57.19005294474737,""prior_median_performance"":16.752000000000002,""prior_player_rating"":1501.4976564875042,""prior_q25_performance"":7.696,""prior_raw_observation_count"":126,""prior_residual_uncertainty"":0.11450151501153526,""prior_role_adjusted_kp"":-0.14081879496549535,""prior_role_relative_rating"":0.014976564875040937,""prior_starter_reliability"":0.9353989705262408,""prior_team_state"":null,""prior_team_strength"":null,""schedule_opponent_context"":null}",,18.643333333333334,2026 - Split 1,lcs_fantasy_split1_2026_reconstructed_v1,"{""dataset"":""feature_provenance"",""max_source_timestamp"":""2024-03-03T22:13:46Z""}",RECONSTRUCTED_NON_OFFICIAL_SPLIT1_2026_RULES,RECONSTRUCTED_COMPLETE_UNDER_POLICY;RECONSTRUCTED_EXCLUDED_COMPONENTS;RECONSTRUCTED_PROXY_USED
oe:player:7e0e7ac2a199e8e2ecb30499a3b2153,oe:team:2e66da41dc460dd378e3bcc57042d31,MID,period:a0f9da327c11cf3cc717,2024-03-08T21:07:46Z,true,protected_selection_2024,"{""bo_format_context"":null,""canonical_matchup_probability"":null,""playstyle_class_1_probability"":null,""playstyle_class_2_probability"":null,""playstyle_uncertainty"":null,""playstyle_unknown_probability"":null,""prior_above_role_median_rate"":0.5496056249613781,""prior_champion_observation_count"":232,""prior_core_state"":null,""prior_effective_evidence"":45.89135824417318,""prior_median_performance"":17.116,""prior_player_rating"":1502.212921037923,""prior_q25_performance"":9.034,""prior_raw_observation_count"":232,""prior_residual_uncertainty"":0.1456562170895924,""prior_role_adjusted_kp"":-0.020055103263493954,""prior_role_relative_rating"":0.022129210379229675,""prior_starter_reliability"":0.9264089067870561,""prior_team_state"":null,""prior_team_strength"":null,""schedule_opponent_context"":null}",,18.040333333333333,2026 - Split 1,lcs_fantasy_split1_2026_reconstructed_v1,"{""dataset"":""feature_provenance"",""max_source_timestamp"":""2024-03-03T22:13:46Z""}",RECONSTRUCTED_NON_OFFICIAL_SPLIT1_2026_RULES,RECONSTRUCTED_COMPLETE_UNDER_POLICY;RECONSTRUCTED_EXCLUDED_COMPONENTS;RECONSTRUCTED_PROXY_USED
oe:player:7e2505960c12cc54c96a0a6efb2e055,oe:team:2e66da41dc460dd378e3bcc57042d31,TOP,period:a0f9da327c11cf3cc717,2024-03-08T21:07:46Z,true,protected_selection_2024,"{""bo_format_context"":null,""canonical_matchup_probability"":null,""playstyle_class_1_probability"":0.19782217583604333,""playstyle_class_2_probability"":0.5165819052339348,""playstyle_uncertainty"":0.3887501455718713,""playstyle_unknown_probability"":0.2855959189300219,""prior_above_role_median_rate"":0.6321208564008899,""prior_champion_observation_count"":91,""prior_core_state"":null,""prior_effective_evidence"":18.797879351630687,""prior_median_performance"":15.049999999999999,""prior_player_rating"":1508.4115029894658,""prior_q25_performance"":9.36,""prior_raw_observation_count"":91,""prior_residual_uncertainty"":0.21121210997325904,""prior_role_adjusted_kp"":-0.02071416766321075,""prior_role_relative_rating"":0.08411502989465902,""prior_starter_reliability"":0.8816605025509588,""prior_team_state"":null,""prior_team_strength"":null,""schedule_opponent_context"":null}",,13.011333333333333,2026 - Split 1,lcs_fantasy_split1_2026_reconstructed_v1,"{""dataset"":""feature_provenance"",""max_source_timestamp"":""2024-03-03T22:13:46Z""}",RECONSTRUCTED_NON_OFFICIAL_SPLIT1_2026_RULES,RECONSTRUCTED_COMPLETE_UNDER_POLICY;RECONSTRUCTED_EXCLUDED_COMPONENTS;RECONSTRUCTED_PROXY_USED
oe:player:80fea0848c57b8e07a79675d41f582c,oe:team:c334c629fea759876e9e04afbe4aee7,TOP,period:a0f9da327c11cf3cc717,2024-03-08T21:07:46Z,true,protected_selection_2024,"{""bo_format_context"":null,""canonical_matchup_probability"":null,""playstyle_class_1_probability"":0.21555572304538903,""playstyle_class_2_probability"":0.48722234909226003,""playstyle_uncertainty"":0.3160159618417779,""playstyle_unknown_probability"":0.29722192786235097,""prior_above_role_median_rate"":0.44686408874907735,""prior_champion_observation_count"":11,""prior_core_state"":null,""prior_effective_evidence"":10.967774298754659,""prior_median_performance"":7.390000000000001,""prior_player_rating"":1485.785413206733,""prior_q25_performance"":2.2800000000000002,""prior_raw_observation_count"":11,""prior_residual_uncertainty"":0.2864135358624057,""prior_role_adjusted_kp"":-0.020667637850433806,""prior_role_relative_rating"":-0.14214586793267112,""prior_starter_reliability"":0.8548077685509167,""prior_team_state"":null,""prior_team_strength"":null,""schedule_opponent_context"":null}",,13.165,2026 - Split 1,lcs_fantasy_split1_2026_reconstructed_v1,"{""dataset"":""feature_provenance"",""max_source_timestamp"":""2024-03-03T21:07:18Z""}",RECONSTRUCTED_NON_OFFICIAL_SPLIT1_2026_RULES,RECONSTRUCTED_COMPLETE_UNDER_POLICY;RECONSTRUCTED_EXCLUDED_COMPONENTS;RECONSTRUCTED_PROXY_USED
oe:player:81acc6bcde5c927c78e0990e9887f84,oe:team:fc8e90107dabb9a35c490b0d86adea0,SUP,period:a0f9da327c11cf3cc717,2024-03-08T21:07:46Z,true,protected_selection_2024,"{""bo_format_context"":null,""canonical_matchup_probability"":null,""playstyle_class_1_probability"":0.43015312851330956,""playstyle_class_2_probability"":0.3232067828929779,""playstyle_uncertainty"":0.37551526645065697,""playstyle_unknown_probability"":0.24664008859371253,""prior_above_role_median_rate"":0.46961662473083643,""prior_champion_observation_count"":290,""prior_core_state"":null,""prior_effective_evidence"":47.71862025290617,""prior_median_performance"":12.8473,""prior_player_rating"":1503.2465089408577,""prior_q25_performance"":8.7787,""prior_raw_observation_count"":290,""prior_residual_uncertainty"":0.12303271994467521,""prior_role_adjusted_kp"":0.03773924964851763,""prior_role_relative_rating"":0.03246508940857669,""prior_starter_reliability"":0.9257157233518328,""prior_team_state"":null,""prior_team_strength"":null,""schedule_opponent_context"":null}",,17.817899999999998,2026 - Split 1,lcs_fantasy_split1_2026_reconstructed_v1,"{""dataset"":""feature_provenance"",""max_source_timestamp"":""2024-03-04T00:06:51Z""}",RECONSTRUCTED_NON_OFFICIAL_SPLIT1_2026_RULES,RECONSTRUCTED_COMPLETE_UNDER_POLICY;RECONSTRUCTED_EXCLUDED_COMPONENTS;RECONSTRUCTED_PROXY_USED
oe:player:83eb62484689106807fcf5ad55b5479,oe:team:fc8e90107dabb9a35c490b0d86adea0,MID,period:a0f9da327c11cf3cc717,2024-03-08T21:07:46Z,true,protected_selection_2024,"{""bo_format_context"":null,""canonical_matchup_probability"":null,""playstyle_class_1_probability"":null,""playstyle_class_2_probability"":null,""playstyle_uncertainty"":null,""playstyle_unknown_probability"":null,""prior_above_role_median_rate"":0.6473242531957292,""prior_champion_observation_count"":151,""prior_core_state"":null,""prior_effective_evidence"":55.44576533971174,""prior_median_performance"":18.407,""prior_player_rating"":1514.5167454085126,""prior_q25_performance"":10.113,""prior_raw_observation_count"":151,""prior_residual_uncertainty"":0.13182023683261693,""prior_role_adjusted_kp"":0.25443757877518147,""prior_role_relative_rating"":0.1451674540851254,""prior_starter_reliability"":0.9334508235849447,""prior_team_state"":null,""prior_team_strength"":null,""schedule_opponent_context"":null}",,16.108666666666668,2026 - Split 1,lcs_fantasy_split1_2026_reconstructed_v1,"{""dataset"":""feature_provenance"",""max_source_timestamp"":""2024-03-04T00:06:51Z""}",RECONSTRUCTED_NON_OFFICIAL_SPLIT1_2026_RULES,RECONSTRUCTED_COMPLETE_UNDER_POLICY;RECONSTRUCTED_EXCLUDED_COMPONENTS;RECONSTRUCTED_PROXY_USED
oe:player:8a5dbe19794784cfd0553556844f045,oe:team:e758ebe9a5a2cc81b9c8078479c2d87,JGL,period:a0f9da327c11cf3cc717,2024-03-08T21:07:46Z,true,protected_selection_2024,"{""bo_format_context"":null,""canonical_matchup_probability"":null,""playstyle_class_1_probability"":null,""playstyle_class_2_probability"":null,""playstyle_uncertainty"":null,""playstyle_unknown_probability"":null,""prior_above_role_median_rate"":0.5632555093978147,""prior_champion_observation_count"":161,""prior_core_state"":null,""prior_effective_evidence"":60.5792219494322,""prior_median_performance"":16.240000000000002,""prior_player_rating"":1510.646625446915,""prior_q25_performance"":8.621,""prior_raw_observation_count"":161,""prior_residual_uncertainty"":0.11895183103496668,""prior_role_adjusted_kp"":0.15969159757820556,""prior_role_relative_rating"":0.10646625446915071,""prior_starter_reliability"":0.938116430195068,""prior_team_state"":null,""prior_team_strength"":null,""schedule_opponent_context"":null}",,8.60625,2026 - Split 1,lcs_fantasy_split1_2026_reconstructed_v1,"{""dataset"":""feature_provenance"",""max_source_timestamp"":""2024-03-03T21:07:18Z""}",RECONSTRUCTED_NON_OFFICIAL_SPLIT1_2026_RULES,RECONSTRUCTED_COMPLETE_UNDER_POLICY;RECONSTRUCTED_EXCLUDED_COMPONENTS;RECONSTRUCTED_PROXY_USED
oe:player:8f8eaac8e99c203ee76e57c5c81c91f,oe:team:4bd1751425ef6a9bc9d4d8e9385b4a6,MID,period:a0f9da327c11cf3cc717,2024-03-08T21:07:46Z,true,protected_selection_2024,"{""bo_format_context"":null,""canonical_matchup_probability"":null,""playstyle_class_1_probability"":null,""playstyle_class_2_probability"":null,""playstyle_uncertainty"":null,""playstyle_unknown_probability"":null,""prior_above_role_median_rate"":0.5848654900762604,""prior_champion_observation_count"":31,""prior_core_state"":null,""prior_effective_evidence"":23.62270474493071,""prior_median_performance"":20.92,""prior_player_rating"":1503.9322160389336,""prior_q25_performance"":10.030000000000001,""prior_raw_observation_count"":31,""prior_residual_uncertainty"":0.187991080082601,""prior_role_adjusted_kp"":-0.039359940621165594,""prior_role_relative_rating"":0.039322160389335094,""prior_starter_reliability"":0.8987408403451336,""prior_team_state"":null,""prior_team_strength"":null,""schedule_opponent_context"":null}",,19.658,2026 - Split 1,lcs_fantasy_split1_2026_reconstructed_v1,"{""dataset"":""feature_provenance"",""max_source_timestamp"":""2024-03-03T22:13:46Z""}",RECONSTRUCTED_NON_OFFICIAL_SPLIT1_2026_RULES,RECONSTRUCTED_COMPLETE_UNDER_POLICY;RECONSTRUCTED_EXCLUDED_COMPONENTS;RECONSTRUCTED_PROXY_USED
oe:player:9191e392e93a6ef011ef76b5b83ee6c,oe:team:e758ebe9a5a2cc81b9c8078479c2d87,SUP,period:a0f9da327c11cf3cc717,2024-03-08T21:07:46Z,true,protected_selection_2024,"{""bo_format_context"":null,""canonical_matchup_probability"":null,""playstyle_class_1_probability"":0.47222226663556455,""playstyle_class_2_probability"":0.24166994461196314,""playstyle_uncertainty"":0.3827590554437496,""playstyle_unknown_probability"":0.2861077887524722,""prior_above_role_median_rate"":0.5006696857346373,""prior_champion_observation_count"":268,""prior_core_state"":null,""prior_effective_evidence"":63.743550258279164,""prior_median_performance"":14.674199999999999,""prior_player_rating"":1505.7120625851626,""prior_q25_performance"":9.1354,""prior_raw_observation_count"":268,""prior_residual_uncertainty"":0.1122555190446981,""prior_role_adjusted_kp"":-0.12033657280279732,""prior_role_relative_rating"":0.05712062585162626,""prior_starter_reliability"":0.9385144563821635,""prior_team_state"":null,""prior_team_strength"":null,""schedule_opponent_context"":null}",,9.659625,2026 - Split 1,lcs_fantasy_split1_2026_reconstructed_v1,"{""dataset"":""feature_provenance"",""max_source_timestamp"":""2024-03-03T21:07:18Z""}",RECONSTRUCTED_NON_OFFICIAL_SPLIT1_2026_RULES,RECONSTRUCTED_COMPLETE_UNDER_POLICY;RECONSTRUCTED_EXCLUDED_COMPONENTS;RECONSTRUCTED_PROXY_USED
oe:player:9ce0043331f3999cc2ee205ab7c2d73,oe:team:c334c629fea759876e9e04afbe4aee7,SUP,period:a0f9da327c11cf3cc717,2024-03-08T21:07:46Z,true,protected_selection_2024,"{""bo_format_context"":null,""canonical_matchup_probability"":null,""playstyle_class_1_probability"":0.4783186972493255,""playstyle_class_2_probability"":0.16332307589391062,""playstyle_uncertainty"":0.4189830371628889,""playstyle_unknown_probability"":0.3583582268567639,""prior_above_role_median_rate"":0.3618974578122465,""prior_champion_observation_count"":54,""prior_core_state"":null,""prior_effective_evidence"":14.84919457024291,""prior_median_performance"":13.546,""prior_player_rating"":1495.145923501122,""prior_q25_performance"":10.500499999999999,""prior_raw_observation_count"":54,""prior_residual_uncertainty"":0.1806137475846374,""prior_role_adjusted_kp"":0.06493103933373895,""prior_role_relative_rating"":-0.048540764988778885,""prior_starter_reliability"":0.8702999437716361,""prior_team_state"":null,""prior_team_strength"":null,""schedule_opponent_context"":null}",,17.191433333333332,2026 - Split 1,lcs_fantasy_split1_2026_reconstructed_v1,"{""dataset"":""feature_provenance"",""max_source_timestamp"":""2024-03-03T21:07:18Z""}",RECONSTRUCTED_NON_OFFICIAL_SPLIT1_2026_RULES,RECONSTRUCTED_COMPLETE_UNDER_POLICY;RECONSTRUCTED_EXCLUDED_COMPONENTS;RECONSTRUCTED_PROXY_USED
oe:player:a04a853a0f540f156d08711204fe252,oe:team:c334c629fea759876e9e04afbe4aee7,JGL,period:a0f9da327c11cf3cc717,2024-03-08T21:07:46Z,true,protected_selection_2024,"{""bo_format_context"":null,""canonical_matchup_probability"":null,""playstyle_class_1_probability"":null,""playstyle_class_2_probability"":null,""playstyle_uncertainty"":null,""playstyle_unknown_probability"":null,""prior_above_role_median_rate"":0.3733270299517148,""prior_champion_observation_count"":67,""prior_core_state"":null,""prior_effective_evidence"":21.756202753248566,""prior_median_performance"":12.104,""prior_player_rating"":1502.0483510647252,""prior_q25_performance"":9.530000000000001,""prior_raw_observation_count"":67,""prior_residual_uncertainty"":0.19254955698782905,""prior_role_adjusted_kp"":0.223969712352142,""prior_role_relative_rating"":0.020483510647251586,""prior_starter_reliability"":0.8938841548477854,""prior_team_state"":null,""prior_team_strength"":null,""schedule_opponent_context"":null}",,15.460666666666668,2026 - Split 1,lcs_fantasy_split1_2026_reconstructed_v1,"{""dataset"":""feature_provenance"",""max_source_timestamp"":""2024-03-03T21:07:18Z""}",RECONSTRUCTED_NON_OFFICIAL_SPLIT1_2026_RULES,RECONSTRUCTED_COMPLETE_UNDER_POLICY;RECONSTRUCTED_EXCLUDED_COMPONENTS;RECONSTRUCTED_PROXY_USED
oe:player:a7f0b16a54f4bd0dcb6fb7bb625b3cb,oe:team:b360f1d729b0a8e0f29a5243c4200fa,JGL,period:a0f9da327c11cf3cc717,2024-03-08T21:07:46Z,true,protected_selection_2024,"{""bo_format_context"":null,""canonical_matchup_probability"":null,""playstyle_class_1_probability"":null,""playstyle_class_2_probability"":null,""playstyle_uncertainty"":null,""playstyle_unknown_probability"":null,""prior_above_role_median_rate"":0.42185314904543414,""prior_champion_observation_count"":57,""prior_core_state"":null,""prior_effective_evidence"":37.63906711552615,""prior_median_performance"":9.95,""prior_player_rating"":1496.5352510478285,""prior_q25_performance"":6.25,""prior_raw_observation_count"":57,""prior_residual_uncertainty"":0.14763489070166627,""prior_role_adjusted_kp"":0.09771411857899352,""prior_role_relative_rating"":-0.034647489521714696,""prior_starter_reliability"":0.9198470531644298,""prior_team_state"":null,""prior_team_strength"":null,""schedule_opponent_context"":null}",,11.422666666666666,2026 - Split 1,lcs_fantasy_split1_2026_reconstructed_v1,"{""dataset"":""feature_provenance"",""max_source_timestamp"":""2024-03-03T23:04:02Z""}",RECONSTRUCTED_NON_OFFICIAL_SPLIT1_2026_RULES,RECONSTRUCTED_COMPLETE_UNDER_POLICY;RECONSTRUCTED_EXCLUDED_COMPONENTS;RECONSTRUCTED_PROXY_USED
oe:player:a8307167f3a1c933295bb9e3d43700e,oe:team:2e66da41dc460dd378e3bcc57042d31,JGL,period:a0f9da327c11cf3cc717,2024-03-08T21:07:46Z,true,protected_selection_2024,"{""bo_format_context"":null,""canonical_matchup_probability"":null,""playstyle_class_1_probability"":null,""playstyle_class_2_probability"":null,""playstyle_uncertainty"":null,""playstyle_unknown_probability"":null,""prior_above_role_median_rate"":0.6652546138350226,""prior_champion_observation_count"":122,""prior_core_state"":null,""prior_effective_evidence"":30.925880953910426,""prior_median_performance"":17.084,""prior_player_rating"":1503.9329861454446,""prior_q25_performance"":9.01,""prior_raw_observation_count"":122,""prior_residual_uncertainty"":0.15721194713635583,""prior_role_adjusted_kp"":-0.2645034561163791,""prior_role_relative_rating"":0.03932986145444673,""prior_starter_reliability"":0.9054838191405368,""prior_team_state"":null,""prior_team_strength"":null,""schedule_opponent_context"":null}",,17.544666666666668,2026 - Split 1,lcs_fantasy_split1_2026_reconstructed_v1,"{""dataset"":""feature_provenance"",""max_source_timestamp"":""2024-03-03T22:13:46Z""}",RECONSTRUCTED_NON_OFFICIAL_SPLIT1_2026_RULES,RECONSTRUCTED_COMPLETE_UNDER_POLICY;RECONSTRUCTED_EXCLUDED_COMPONENTS;RECONSTRUCTED_PROXY_USED
oe:player:c145139d26813639b8fe6f4d0b28228,oe:team:2e66da41dc460dd378e3bcc57042d31,BOT,period:a0f9da327c11cf3cc717,2024-03-08T21:07:46Z,true,protected_selection_2024,"{""bo_format_context"":null,""canonical_matchup_probability"":null,""playstyle_class_1_probability"":null,""playstyle_class_2_probability"":null,""playstyle_uncertainty"":null,""playstyle_unknown_probability"":null,""prior_above_role_median_rate"":0.5424218284764458,""prior_champion_observation_count"":11,""prior_core_state"":null,""prior_effective_evidence"":10.967656678200646,""prior_median_performance"":16.417,""prior_player_rating"":1488.184351760656,""prior_q25_performance"":6.133,""prior_raw_observation_count"":11,""prior_residual_uncertainty"":0.22844638144700166,""prior_role_adjusted_kp"":-0.24750849029649363,""prior_role_relative_rating"":-0.1181564823934389,""prior_starter_reliability"":0.8548092605746974,""prior_team_state"":null,""prior_team_strength"":null,""schedule_opponent_context"":null}",,19.054333333333332,2026 - Split 1,lcs_fantasy_split1_2026_reconstructed_v1,"{""dataset"":""feature_provenance"",""max_source_timestamp"":""2024-03-03T22:13:46Z""}",RECONSTRUCTED_NON_OFFICIAL_SPLIT1_2026_RULES,RECONSTRUCTED_COMPLETE_UNDER_POLICY;RECONSTRUCTED_EXCLUDED_COMPONENTS;RECONSTRUCTED_PROXY_USED
oe:player:dbe844fcbbc7f54654e54242e79acac,oe:team:4bd1751425ef6a9bc9d4d8e9385b4a6,SUP,period:a0f9da327c11cf3cc717,2024-03-08T21:07:46Z,true,protected_selection_2024,"{""bo_format_context"":null,""canonical_matchup_probability"":null,""playstyle_class_1_probability"":0.4729178959755592,""playstyle_class_2_probability"":0.2948500551114817,""playstyle_uncertainty"":0.3101604782239082,""playstyle_unknown_probability"":0.23223204891295915,""prior_above_role_median_rate"":0.5499014371976225,""prior_champion_observation_count"":74,""prior_core_state"":null,""prior_effective_evidence"":40.26424275097966,""prior_median_performance"":19.1584,""prior_player_rating"":1509.187891577876,""prior_q25_performance"":9.4453,""prior_raw_observation_count"":74,""prior_residual_uncertainty"":0.14329280082213158,""prior_role_adjusted_kp"":0.04561681544893023,""prior_role_relative_rating"":0.09187891577875956,""prior_starter_reliability"":0.922829345837609,""prior_team_state"":null,""prior_team_strength"":null,""schedule_opponent_context"":null}",,20.002366666666667,2026 - Split 1,lcs_fantasy_split1_2026_reconstructed_v1,"{""dataset"":""feature_provenance"",""max_source_timestamp"":""2024-03-03T22:13:46Z""}",RECONSTRUCTED_NON_OFFICIAL_SPLIT1_2026_RULES,RECONSTRUCTED_COMPLETE_UNDER_POLICY;RECONSTRUCTED_EXCLUDED_COMPONENTS;RECONSTRUCTED_PROXY_USED
oe:player:dc760d6884ce21614b2389ac1c05ec2,oe:team:b360f1d729b0a8e0f29a5243c4200fa,TOP,period:a0f9da327c11cf3cc717,2024-03-08T21:07:46Z,true,protected_selection_2024,"{""bo_format_context"":null,""canonical_matchup_probability"":null,""playstyle_class_1_probability"":0.19483014095036794,""playstyle_class_2_probability"":0.5517576717202254,""playstyle_uncertainty"":0.47237473857984014,""playstyle_unknown_probability"":0.2534121873294067,""prior_above_role_median_rate"":0.28485687252706365,""prior_champion_observation_count"":98,""prior_core_state"":null,""prior_effective_evidence"":13.270119996470836,""prior_median_performance"":4.9670000000000005,""prior_player_rating"":1466.9976555599155,""prior_q25_performance"":2.5700000000000003,""prior_raw_observation_count"":98,""prior_residual_uncertainty"":0.21572150445984448,""prior_role_adjusted_kp"":-0.44244267036773116,""prior_role_relative_rating"":-0.3300234444008456,""prior_starter_reliability"":0.8645233818181559,""prior_team_state"":null,""prior_team_strength"":null,""schedule_opponent_context"":null}",,16.080333333333332,2026 - Split 1,lcs_fantasy_split1_2026_reconstructed_v1,"{""dataset"":""feature_provenance"",""max_source_timestamp"":""2024-03-03T23:04:02Z""}",RECONSTRUCTED_NON_OFFICIAL_SPLIT1_2026_RULES,RECONSTRUCTED_COMPLETE_UNDER_POLICY;RECONSTRUCTED_EXCLUDED_COMPONENTS;RECONSTRUCTED_PROXY_USED
oe:player:ea9ed09584feecae0991089f087d2ce,oe:team:8eb884e168f28402ce685bedebb5250,MID,period:a0f9da327c11cf3cc717,2024-03-08T21:07:46Z,true,protected_selection_2024,"{""bo_format_context"":null,""canonical_matchup_probability"":null,""playstyle_class_1_probability"":null,""playstyle_class_2_probability"":null,""playstyle_uncertainty"":null,""playstyle_unknown_probability"":null,""prior_above_role_median_rate"":0.39407162827849374,""prior_champion_observation_count"":41,""prior_core_state"":null,""prior_effective_evidence"":31.999166371411516,""prior_median_performance"":14.928,""prior_player_rating"":1489.1461829641098,""prior_q25_performance"":8.77,""prior_raw_observation_count"":41,""prior_residual_uncertainty"":0.13155892664366653,""prior_role_adjusted_kp"":-0.05170448874353488,""prior_role_relative_rating"":-0.1085381703589017,""prior_starter_reliability"":0.9148259095552749,""prior_team_state"":null,""prior_team_strength"":null,""schedule_opponent_context"":null}",,21.628333333333334,2026 - Split 1,lcs_fantasy_split1_2026_reconstructed_v1,"{""dataset"":""feature_provenance"",""max_source_timestamp"":""2024-03-04T00:06:51Z""}",RECONSTRUCTED_NON_OFFICIAL_SPLIT1_2026_RULES,RECONSTRUCTED_COMPLETE_UNDER_POLICY;RECONSTRUCTED_EXCLUDED_COMPONENTS;RECONSTRUCTED_PROXY_USED
oe:player:ed455f823b6586e9e3621dfb5aeb42e,oe:team:fc8e90107dabb9a35c490b0d86adea0,JGL,period:a0f9da327c11cf3cc717,2024-03-08T21:07:46Z,true,protected_selection_2024,"{""bo_format_context"":null,""canonical_matchup_probability"":null,""playstyle_class_1_probability"":null,""playstyle_class_2_probability"":null,""playstyle_uncertainty"":null,""playstyle_unknown_probability"":null,""prior_above_role_median_rate"":0.6697945434189063,""prior_champion_observation_count"":292,""prior_core_state"":null,""prior_effective_evidence"":58.90769644387934,""prior_median_performance"":20.223,""prior_player_rating"":1520.5433793124218,""prior_q25_performance"":11.39,""prior_raw_observation_count"":292,""prior_residual_uncertainty"":0.10510186972587829,""prior_role_adjusted_kp"":0.2261613563904694,""prior_role_relative_rating"":0.20543379312421892,""prior_starter_reliability"":0.9355187116172281,""prior_team_state"":null,""prior_team_strength"":null,""schedule_opponent_context"":null}",,17.898333333333333,2026 - Split 1,lcs_fantasy_split1_2026_reconstructed_v1,"{""dataset"":""feature_provenance"",""max_source_timestamp"":""2024-03-04T00:06:51Z""}",RECONSTRUCTED_NON_OFFICIAL_SPLIT1_2026_RULES,RECONSTRUCTED_COMPLETE_UNDER_POLICY;RECONSTRUCTED_EXCLUDED_COMPONENTS;RECONSTRUCTED_PROXY_USED
oe:player:ef97df9d746d0e65ed18786ab30031c,oe:team:b360f1d729b0a8e0f29a5243c4200fa,MID,period:a0f9da327c11cf3cc717,2024-03-08T21:07:46Z,true,protected_selection_2024,"{""bo_format_context"":null,""canonical_matchup_probability"":null,""playstyle_class_1_probability"":null,""playstyle_class_2_probability"":null,""playstyle_uncertainty"":null,""playstyle_unknown_probability"":null,""prior_above_role_median_rate"":0.38802937296594286,""prior_champion_observation_count"":104,""prior_core_state"":null,""prior_effective_evidence"":28.314317251899443,""prior_median_performance"":9.969,""prior_player_rating"":1479.3739324941923,""prior_q25_performance"":4.59,""prior_raw_observation_count"":104,""prior_residual_uncertainty"":0.1938814242227636,""prior_role_adjusted_kp"":-0.27640513178041803,""prior_role_relative_rating"":-0.20626067505807705,""prior_starter_reliability"":0.907562559963474,""prior_team_state"":null,""prior_team_strength"":null,""schedule_opponent_context"":null}",,19.183666666666667,2026 - Split 1,lcs_fantasy_split1_2026_reconstructed_v1,"{""dataset"":""feature_provenance"",""max_source_timestamp"":""2024-03-03T23:04:02Z""}",RECONSTRUCTED_NON_OFFICIAL_SPLIT1_2026_RULES,RECONSTRUCTED_COMPLETE_UNDER_POLICY;RECONSTRUCTED_EXCLUDED_COMPONENTS;RECONSTRUCTED_PROXY_USED
oe:player:f02f1c8275084050765b4b6414bdfda,oe:team:fc8e90107dabb9a35c490b0d86adea0,TOP,period:a0f9da327c11cf3cc717,2024-03-08T21:07:46Z,true,protected_selection_2024,"{""bo_format_context"":null,""canonical_matchup_probability"":null,""playstyle_class_1_probability"":0.2138407761725431,""playstyle_class_2_probability"":0.5837850939996995,""playstyle_uncertainty"":0.3325228629842269,""playstyle_unknown_probability"":0.20237412982775732,""prior_above_role_median_rate"":0.5822460390089946,""prior_champion_observation_count"":235,""prior_core_state"":null,""prior_effective_evidence"":58.66015802831166,""prior_median_performance"":13.960999999999999,""prior_player_rating"":1511.660043624976,""prior_q25_performance"":9.835,""prior_raw_observation_count"":235,""prior_residual_uncertainty"":0.11492747797149502,""prior_role_adjusted_kp"":0.025963265828561132,""prior_role_relative_rating"":0.11660043624976021,""prior_starter_reliability"":0.9354002203626559,""prior_team_state"":null,""prior_team_strength"":null,""schedule_opponent_context"":null}",,14.844333333333333,2026 - Split 1,lcs_fantasy_split1_2026_reconstructed_v1,"{""dataset"":""feature_provenance"",""max_source_timestamp"":""2024-03-04T00:06:51Z""}",RECONSTRUCTED_NON_OFFICIAL_SPLIT1_2026_RULES,RECONSTRUCTED_COMPLETE_UNDER_POLICY;RECONSTRUCTED_EXCLUDED_COMPONENTS;RECONSTRUCTED_PROXY_USED
oe:player:f6b8af05a5af22004a67a78f3046b92,oe:team:8eb884e168f28402ce685bedebb5250,BOT,period:a0f9da327c11cf3cc717,2024-03-08T21:07:46Z,true,protected_selection_2024,"{""bo_format_context"":null,""canonical_matchup_probability"":null,""playstyle_class_1_probability"":null,""playstyle_class_2_probability"":null,""playstyle_uncertainty"":null,""playstyle_unknown_probability"":null,""prior_above_role_median_rate"":0.4587727119790595,""prior_champion_observation_count"":71,""prior_core_state"":null,""prior_effective_evidence"":48.210250500153705,""prior_median_performance"":14.65,""prior_player_rating"":1495.7644539625155,""prior_q25_performance"":10.15,""prior_raw_observation_count"":71,""prior_residual_uncertainty"":0.1023417661090866,""prior_role_adjusted_kp"":-0.05634289906013986,""prior_role_relative_rating"":-0.04235546037484539,""prior_starter_reliability"":0.9312748274202914,""prior_team_state"":null,""prior_team_strength"":null,""schedule_opponent_context"":null}",,18.818,2026 - Split 1,lcs_fantasy_split1_2026_reconstructed_v1,"{""dataset"":""feature_provenance"",""max_source_timestamp"":""2024-03-04T00:06:51Z""}",RECONSTRUCTED_NON_OFFICIAL_SPLIT1_2026_RULES,RECONSTRUCTED_COMPLETE_UNDER_POLICY;RECONSTRUCTED_EXCLUDED_COMPONENTS;RECONSTRUCTED_PROXY_USED
oe:player:fddde6d256bee26713f64ad9b2a9394,oe:team:e758ebe9a5a2cc81b9c8078479c2d87,MID,period:a0f9da327c11cf3cc717,2024-03-08T21:07:46Z,true,protected_selection_2024,"{""bo_format_context"":null,""canonical_matchup_probability"":null,""playstyle_class_1_probability"":null,""playstyle_class_2_probability"":null,""playstyle_uncertainty"":null,""playstyle_unknown_probability"":null,""prior_above_role_median_rate"":0.5381811042619599,""prior_champion_observation_count"":174,""prior_core_state"":null,""prior_effective_evidence"":60.93342954483477,""prior_median_performance"":16.619,""prior_player_rating"":1507.8174169370468,""prior_q25_performance"":10.95,""prior_raw_observation_count"":174,""prior_residual_uncertainty"":0.1097395979078524,""prior_role_adjusted_kp"":0.15101817070225146,""prior_role_relative_rating"":0.07817416937046845,""prior_starter_reliability"":0.938274882816803,""prior_team_state"":null,""prior_team_strength"":null,""schedule_opponent_context"":null}",,11.572750000000001,2026 - Split 1,lcs_fantasy_split1_2026_reconstructed_v1,"{""dataset"":""feature_provenance"",""max_source_timestamp"":""2024-03-03T21:07:18Z""}",RECONSTRUCTED_NON_OFFICIAL_SPLIT1_2026_RULES,RECONSTRUCTED_COMPLETE_UNDER_POLICY;RECONSTRUCTED_EXCLUDED_COMPONENTS;RECONSTRUCTED_PROXY_USED
oe:player:007be3acd5669d100711b13d79e2336,oe:team:4bd1751425ef6a9bc9d4d8e9385b4a6,TOP,period:ab546300266e49331659,2024-01-27T20:15:48Z,true,protected_selection_2024,"{""bo_format_context"":null,""canonical_matchup_probability"":null,""playstyle_class_1_probability"":0.20919284491804765,""playstyle_class_2_probability"":0.37242146524585706,""playstyle_uncertainty"":0.4343876585985839,""playstyle_unknown_probability"":0.4183856898360953,""prior_above_role_median_rate"":0.0,""prior_champion_observation_count"":2,""prior_core_state"":null,""prior_effective_evidence"":1.999992042813196,""prior_median_performance"":6.24,""prior_player_rating"":1490.5197203276402,""prior_q25_performance"":6.24,""prior_raw_observation_count"":2,""prior_residual_uncertainty"":0.5429507770240182,""prior_role_adjusted_kp"":-0.06163828458490615,""prior_role_relative_rating"":-0.09480279672359866,""prior_starter_reliability"":0.6639048352302306,""prior_team_state"":null,""prior_team_strength"":null,""schedule_opponent_context"":null}",,11.798,2026 - Split 1,lcs_fantasy_split1_2026_reconstructed_v1,"{""dataset"":""feature_provenance"",""max_source_timestamp"":""2024-01-21T21:06:48Z""}",RECONSTRUCTED_NON_OFFICIAL_SPLIT1_2026_RULES,RECONSTRUCTED_COMPLETE_UNDER_POLICY;RECONSTRUCTED_EXCLUDED_COMPONENTS;RECONSTRUCTED_PROXY_USED
oe:player:05fafeaf23dc3285558a4e968970b9f,oe:team:8eb884e168f28402ce685bedebb5250,SUP,period:ab546300266e49331659,2024-01-27T20:15:48Z,true,protected_selection_2024,"{""bo_format_context"":null,""canonical_matchup_probability"":null,""playstyle_class_1_probability"":0.4914554721775204,""playstyle_class_2_probability"":0.289553168171496,""playstyle_uncertainty"":0.352433427899578,""playstyle_unknown_probability"":0.21899135965098362,""prior_above_role_median_rate"":0.5480885433775907,""prior_champion_observation_count"":265,""prior_core_state"":null,""prior_effective_evidence"":70.09494020902774,""prior_median_performance"":15.108600000000001,""prior_player_rating"":1505.602920062043,""prior_q25_performance"":9.406099999999999,""prior_raw_observation_count"":265,""prior_residual_uncertainty"":0.1,""prior_role_adjusted_kp"":-0.07530441097873017,""prior_role_relative_rating"":0.05602920062043133,""prior_starter_reliability"":0.9280050521965353,""prior_team_state"":null,""prior_team_strength"":null,""schedule_opponent_context"":null}",,9.97305,2026 - Split 1,lcs_fantasy_split1_2026_reconstructed_v1,"{""dataset"":""feature_provenance"",""max_source_timestamp"":""2024-01-21T20:12:13Z""}",RECONSTRUCTED_NON_OFFICIAL_SPLIT1_2026_RULES,RECONSTRUCTED_COMPLETE_UNDER_POLICY;RECONSTRUCTED_EXCLUDED_COMPONENTS;RECONSTRUCTED_PROXY_USED
oe:player:08936c56ab5a6453c58974a619651c3,oe:team:0dbb780176ecad18f17292d1f5653af,JGL,period:ab546300266e49331659,2024-01-27T20:15:48Z,true,protected_selection_2024,"{""bo_format_context"":null,""canonical_matchup_probability"":null,""playstyle_class_1_probability"":null,""playstyle_class_2_probability"":null,""playstyle_uncertainty"":null,""playstyle_unknown_probability"":null,""prior_above_role_median_rate"":0.460622266900375,""prior_champion_observation_count"":11,""prior_core_state"":null,""prior_effective_evidence"":3.0932230425581064,""prior_median_performance"":7.877,""prior_player_rating"":1494.3686119696347,""prior_q25_performance"":7.877,""prior_raw_observation_count"":11,""prior_residual_uncertainty"":0.5021848717620685,""prior_role_adjusted_kp"":-0.30205751898354233,""prior_role_relative_rating"":-0.05631388030365289,""prior_starter_reliability"":0.6897200400313827,""prior_team_state"":null,""prior_team_strength"":null,""schedule_opponent_context"":null}",,4.67,2026 - Split 1,lcs_fantasy_split1_2026_reconstructed_v1,"{""dataset"":""feature_provenance"",""max_source_timestamp"":""2024-01-21T23:00:01Z""}",RECONSTRUCTED_NON_OFFICIAL_SPLIT1_2026_RULES,RECONSTRUCTED_COMPLETE_UNDER_POLICY;RECONSTRUCTED_EXCLUDED_COMPONENTS;RECONSTRUCTED_PROXY_USED
oe:player:1970fcb701acce66e0771946bbb3105,oe:team:8eb884e168f28402ce685bedebb5250,JGL,period:ab546300266e49331659,2024-01-27T20:15:48Z,true,protected_selection_2024,"{""bo_format_context"":null,""canonical_matchup_probability"":null,""playstyle_class_1_probability"":null,""playstyle_class_2_probability"":null,""playstyle_uncertainty"":null,""playstyle_unknown_probability"":null,""prior_above_role_median_rate"":0.0,""prior_champion_observation_count"":2,""prior_core_state"":null,""prior_effective_evidence"":1.999992614452831,""prior_median_performance"":12.629999999999999,""prior_player_rating"":1481.717922108874,""prior_q25_performance"":5.12,""prior_raw_observation_count"":2,""prior_residual_uncertainty"":0.5412193272457607,""prior_role_adjusted_kp"":-0.47969119472482535,""prior_role_relative_rating"":-0.18282077891126042,""prior_starter_reliability"":0.663896778688459,""prior_team_state"":null,""prior_team_strength"":null,""schedule_opponent_context"":null}",,14.023499999999999,2026 - Split 1,lcs_fantasy_split1_2026_reconstructed_v1,"{""dataset"":""feature_provenance"",""max_source_timestamp"":""2024-01-21T20:12:13Z""}",RECONSTRUCTED_NON_OFFICIAL_SPLIT1_2026_RULES,RECONSTRUCTED_COMPLETE_UNDER_POLICY;RECONSTRUCTED_EXCLUDED_COMPONENTS;RECONSTRUCTED_PROXY_USED
oe:player:1d22c812efd7b8a4244d93c51acc399,oe:team:0dbb780176ecad18f17292d1f5653af,MID,period:ab546300266e49331659,2024-01-27T20:15:48Z,true,protected_selection_2024,"{""bo_format_context"":null,""canonical_matchup_probability"":null,""playstyle_class_1_probability"":null,""playstyle_class_2_probability"":null,""playstyle_uncertainty"":null,""playstyle_unknown_probability"":null,""prior_above_role_median_rate"":0.4990573641837879,""prior_champion_observation_count"":2,""prior_core_state"":null,""prior_effective_evidence"":1.9999928915270093,""prior_median_performance"":15.5,""prior_player_rating"":1498.401830624915,""prior_q25_performance"":15.5,""prior_raw_observation_count"":2,""prior_residual_uncertainty"":0.5307098519615183,""prior_role_adjusted_kp"":-0.23115477188756453,""prior_role_relative_rating"":-0.01598169375085069,""prior_starter_reliability"":0.6639502222063811,""prior_team_state"":null,""prior_team_strength"":null,""schedule_opponent_context"":null}",,6.944999999999999,2026 - Split 1,lcs_fantasy_split1_2026_reconstructed_v1,"{""dataset"":""feature_provenance"",""max_source_timestamp"":""2024-01-21T23:00:01Z""}",RECONSTRUCTED_NON_OFFICIAL_SPLIT1_2026_RULES,RECONSTRUCTED_COMPLETE_UNDER_POLICY;RECONSTRUCTED_EXCLUDED_COMPONENTS;RECONSTRUCTED_PROXY_USED
oe:player:21f59b54f62b5b8b4bc0f63f0f617fc,oe:team:8eb884e168f28402ce685bedebb5250,TOP,period:ab546300266e49331659,2024-01-27T20:15:48Z,true,protected_selection_2024,"{""bo_format_context"":null,""canonical_matchup_probability"":null,""playstyle_class_1_probability"":0.3145884195688136,""playstyle_class_2_probability"":0.4923751679687382,""playstyle_uncertainty"":0.33997477220632666,""playstyle_unknown_probability"":0.1930364124624482,""prior_above_role_median_rate"":0.4399550297581451,""prior_champion_observation_count"":255,""prior_core_state"":null,""prior_effective_evidence"":63.11859327557698,""prior_median_performance"":11.120000000000001,""prior_player_rating"":1492.7839511392538,""prior_q25_performance"":6.66,""prior_raw_observation_count"":255,""prior_residual_uncertainty"":0.1078670881861506,""prior_role_adjusted_kp"":-0.11114188024024571,""prior_role_relative_rating"":-0.07216048860746153,""prior_starter_reliability"":0.9102234166447434,""prior_team_state"":null,""prior_team_strength"":null,""schedule_opponent_context"":null}",,9.41,2026 - Split 1,lcs_fantasy_split1_2026_reconstructed_v1,"{""dataset"":""feature_provenance"",""max_source_timestamp"":""2024-01-21T20:12:13Z""}",RECONSTRUCTED_NON_OFFICIAL_SPLIT1_2026_RULES,RECONSTRUCTED_COMPLETE_UNDER_POLICY;RECONSTRUCTED_EXCLUDED_COMPONENTS;RECONSTRUCTED_PROXY_USED
oe:player:3e722c8ede909c83af9342c41805a16,oe:team:2e66da41dc460dd378e3bcc57042d31,SUP,period:ab546300266e49331659,2024-01-27T20:15:48Z,true,protected_selection_2024,"{""bo_format_context"":null,""canonical_matchup_probability"":null,""playstyle_class_1_probability"":0.44816423522955284,""playstyle_class_2_probability"":0.32977859152091604,""playstyle_uncertainty"":0.2752441380291117,""playstyle_unknown_probability"":0.2220571732495311,""prior_above_role_median_rate"":0.5141126433424795,""prior_champion_observation_count"":53,""prior_core_state"":null,""prior_effective_evidence"":40.83333606323112,""prior_median_performance"":16.198999999999998,""prior_player_rating"":1502.4888513875403,""prior_q25_performance"":8.203100000000001,""prior_raw_observation_count"":53,""prior_residual_uncertainty"":0.12494247657612818,""prior_role_adjusted_kp"":0.1444340856168037,""prior_role_relative_rating"":0.02488851387540258,""prior_starter_reliability"":0.8959886539597874,""prior_team_state"":null,""prior_team_strength"":null,""schedule_opponent_context"":null}",,18.2284,2026 - Split 1,lcs_fantasy_split1_2026_reconstructed_v1,"{""dataset"":""feature_provenance"",""max_source_timestamp"":""2024-01-21T21:58:19Z""}",RECONSTRUCTED_NON_OFFICIAL_SPLIT1_2026_RULES,RECONSTRUCTED_COMPLETE_UNDER_POLICY;RECONSTRUCTED_EXCLUDED_COMPONENTS;RECONSTRUCTED_PROXY_USED
oe:player:40704dfd2d966862568d29770de57bd,oe:team:0dbb780176ecad18f17292d1f5653af,SUP,period:ab546300266e49331659,2024-01-27T20:15:48Z,true,protected_selection_2024,"{""bo_format_context"":null,""canonical_matchup_probability"":null,""playstyle_class_1_probability"":0.31527961383285746,""playstyle_class_2_probability"":0.28220496999759354,""playstyle_uncertainty"":0.47160420794548996,""playstyle_unknown_probability"":0.402515416169549,""prior_above_role_median_rate"":0.5031360612214733,""prior_champion_observation_count"":18,""prior_core_state"":null,""prior_effective_evidence"":3.0380417385768466,""prior_median_performance"":13.6617,""prior_player_rating"":1500.4409476416456,""prior_q25_performance"":7.194,""prior_raw_observation_count"":18,""prior_residual_uncertainty"":0.5252450370370265,""prior_role_adjusted_kp"":-0.07315045670834272,""prior_role_relative_rating"":0.004409476416456225,""prior_starter_reliability"":0.6881820932136902,""prior_team_state"":null,""prior_team_strength"":null,""schedule_opponent_context"":null}",,17.005850000000002,2026 - Split 1,lcs_fantasy_split1_2026_reconstructed_v1,"{""dataset"":""feature_provenance"",""max_source_timestamp"":""2024-01-21T23:00:01Z""}",RECONSTRUCTED_NON_OFFICIAL_SPLIT1_2026_RULES,RECONSTRUCTED_COMPLETE_UNDER_POLICY;RECONSTRUCTED_EXCLUDED_COMPONENTS;RECONSTRUCTED_PROXY_USED
oe:player:460ae5a7af8d68f7831b70307210ab3,oe:team:fc8e90107dabb9a35c490b0d86adea0,BOT,period:ab546300266e49331659,2024-01-27T20:15:48Z,true,protected_selection_2024,"{""bo_format_context"":null,""canonical_matchup_probability"":null,""playstyle_class_1_probability"":null,""playstyle_class_2_probability"":null,""playstyle_uncertainty"":null,""playstyle_unknown_probability"":null,""prior_above_role_median_rate"":0.6413067591840517,""prior_champion_observation_count"":120,""prior_core_state"":null,""prior_effective_evidence"":63.919891548851524,""prior_median_performance"":19.945999999999998,""prior_player_rating"":1517.2297025129506,""prior_q25_performance"":13.68,""prior_raw_observation_count"":120,""prior_residual_uncertainty"":0.10350475501097592,""prior_role_adjusted_kp"":-0.1314641894615643,""prior_role_relative_rating"":0.17229702512950562,""prior_starter_reliability"":0.9201648103017941,""prior_team_state"":null,""prior_team_strength"":null,""schedule_opponent_context"":null}",,12.775500000000001,2026 - Split 1,lcs_fantasy_split1_2026_reconstructed_v1,"{""dataset"":""feature_provenance"",""max_source_timestamp"":""2024-01-21T21:06:48Z""}",RECONSTRUCTED_NON_OFFICIAL_SPLIT1_2026_RULES,RECONSTRUCTED_COMPLETE_UNDER_POLICY;RECONSTRUCTED_EXCLUDED_COMPONENTS;RECONSTRUCTED_PROXY_USED
oe:player:494fc60dffbb5da1caa2226baef0ec7,oe:team:b360f1d729b0a8e0f29a5243c4200fa,BOT,period:ab546300266e49331659,2024-01-27T20:15:48Z,true,protected_selection_2024,"{""bo_format_context"":null,""canonical_matchup_probability"":null,""playstyle_class_1_probability"":null,""playstyle_class_2_probability"":null,""playstyle_uncertainty"":null,""playstyle_unknown_probability"":null,""prior_above_role_median_rate"":0.5,""prior_champion_observation_count"":0,""prior_core_state"":null,""prior_effective_evidence"":0.0,""prior_median_performance"":15.681999999999999,""prior_player_rating"":1500.0,""prior_q25_performance"":15.681999999999999,""prior_raw_observation_count"":0,""prior_residual_uncertainty"":1.6606601717798213,""prior_role_adjusted_kp"":0.0,""prior_role_relative_rating"":0.0,""prior_starter_reliability"":0.5,""prior_team_state"":null,""prior_team_strength"":null,""schedule_opponent_context"":null}",,22.4815,2026 - Split 1,lcs_fantasy_split1_2026_reconstructed_v1,"{""dataset"":""feature_provenance"",""max_source_timestamp"":null}",RECONSTRUCTED_NON_OFFICIAL_SPLIT1_2026_RULES,RECONSTRUCTED_COMPLETE_UNDER_POLICY;RECONSTRUCTED_EXCLUDED_COMPONENTS;RECONSTRUCTED_PROXY_USED
oe:player:4a18312b5b75f549d5551e5912ad6eb,oe:team:c334c629fea759876e9e04afbe4aee7,MID,period:ab546300266e49331659,2024-01-27T20:15:48Z,true,protected_selection_2024,"{""bo_format_context"":null,""canonical_matchup_probability"":null,""playstyle_class_1_probability"":null,""playstyle_class_2_probability"":null,""playstyle_uncertainty"":null,""playstyle_unknown_probability"":null,""prior_above_role_median_rate"":0.0,""prior_champion_observation_count"":2,""prior_core_state"":null,""prior_effective_evidence"":1.999993500036592,""prior_median_performance"":11.09,""prior_player_rating"":1490.206408708956,""prior_q25_performance"":6.73,""prior_raw_observation_count"":2,""prior_residual_uncertainty"":0.5350724100732722,""prior_role_adjusted_kp"":0.2575456801419422,""prior_role_relative_rating"":-0.09793591291044204,""prior_starter_reliability"":0.6639411149998873,""prior_team_state"":null,""prior_team_strength"":null,""schedule_opponent_context"":null}",,26.836499999999997,2026 - Split 1,lcs_fantasy_split1_2026_reconstructed_v1,"{""dataset"":""feature_provenance"",""max_source_timestamp"":""2024-01-21T21:58:19Z""}",RECONSTRUCTED_NON_OFFICIAL_SPLIT1_2026_RULES,RECONSTRUCTED_COMPLETE_UNDER_POLICY;RECONSTRUCTED_EXCLUDED_COMPONENTS;RECONSTRUCTED_PROXY_USED
oe:player:4db47d64e2721bf7a93ebf42e488852,oe:team:4bd1751425ef6a9bc9d4d8e9385b4a6,BOT,period:ab546300266e49331659,2024-01-27T20:15:48Z,true,protected_selection_2024,"{""bo_format_context"":null,""canonical_matchup_probability"":null,""playstyle_class_1_probability"":null,""playstyle_class_2_probability"":null,""playstyle_uncertainty"":null,""playstyle_unknown_probability"":null,""prior_above_role_median_rate"":0.0,""prior_champion_observation_count"":2,""prior_core_state"":null,""prior_effective_evidence"":1.999992042813196,""prior_median_performance"":2.16,""prior_player_rating"":1487.153427484974,""prior_q25_performance"":2.16,""prior_raw_observation_count"":2,""prior_residual_uncertainty"":0.5678818820668814,""prior_role_adjusted_kp"":0.08152199520183058,""prior_role_relative_rating"":-0.12846572515025995,""prior_starter_reliability"":0.6639048352302306,""prior_team_state"":null,""prior_team_strength"":null,""schedule_opponent_context"":null}",,18.167,2026 - Split 1,lcs_fantasy_split1_2026_reconstructed_v1,"{""dataset"":""feature_provenance"",""max_source_timestamp"":""2024-01-21T21:06:48Z""}",RECONSTRUCTED_NON_OFFICIAL_SPLIT1_2026_RULES,RECONSTRUCTED_COMPLETE_UNDER_POLICY;RECONSTRUCTED_EXCLUDED_COMPONENTS;RECONSTRUCTED_PROXY_USED
oe:player:4e0619e57cb50c4ab1230c2dd72df1b,oe:team:c334c629fea759876e9e04afbe4aee7,BOT,period:ab546300266e49331659,2024-01-27T20:15:48Z,true,protected_selection_2024,"{""bo_format_context"":null,""canonical_matchup_probability"":null,""playstyle_class_1_probability"":null,""playstyle_class_2_probability"":null,""playstyle_uncertainty"":null,""playstyle_unknown_probability"":null,""prior_above_role_median_rate"":0.3691501178312696,""prior_champion_observation_count"":197,""prior_core_state"":null,""prior_effective_evidence"":38.82176737682737,""prior_median_performance"":12.61,""prior_player_rating"":1491.6913489138085,""prior_q25_performance"":5.354,""prior_raw_observation_count"":197,""prior_residual_uncertainty"":0.1353388344087064,""prior_role_adjusted_kp"":0.2795010644050087,""prior_role_relative_rating"":-0.08308651086191574,""prior_starter_reliability"":0.88508883280449,""prior_team_state"":null,""prior_team_strength"":null,""schedule_opponent_context"":null}",,24.7015,2026 - Split 1,lcs_fantasy_split1_2026_reconstructed_v1,"{""dataset"":""feature_provenance"",""max_source_timestamp"":""2024-01-21T21:58:19Z""}",RECONSTRUCTED_NON_OFFICIAL_SPLIT1_2026_RULES,RECONSTRUCTED_COMPLETE_UNDER_POLICY;RECONSTRUCTED_EXCLUDED_COMPONENTS;RECONSTRUCTED_PROXY_USED
oe:player:5385f74da3e5deb5b66d9a1ee56cf97,oe:team:e758ebe9a5a2cc81b9c8078479c2d87,TOP,period:ab546300266e49331659,2024-01-27T20:15:48Z,true,protected_selection_2024,"{""bo_format_context"":null,""canonical_matchup_probability"":null,""playstyle_class_1_probability"":0.3252633416304593,""playstyle_class_2_probability"":0.49762866041390913,""playstyle_uncertainty"":0.2887159978743782,""playstyle_unknown_probability"":0.17710799795563156,""prior_above_role_median_rate"":0.4671195221685358,""prior_champion_observation_count"":100,""prior_core_state"":null,""prior_effective_evidence"":64.78322326535961,""prior_median_performance"":11.64,""prior_player_rating"":1491.9334111941678,""prior_q25_performance"":5.968,""prior_raw_observation_count"":100,""prior_residual_uncertainty"":0.11193711292477548,""prior_role_adjusted_kp"":-0.1354707154274954,""prior_role_relative_rating"":-0.08066588805832149,""prior_starter_reliability"":0.9256523812344803,""prior_team_state"":null,""prior_team_strength"":null,""schedule_opponent_context"":null}",,13.6315,2026 - Split 1,lcs_fantasy_split1_2026_reconstructed_v1,"{""dataset"":""feature_provenance"",""max_source_timestamp"":""2024-01-21T23:00:01Z""}",RECONSTRUCTED_NON_OFFICIAL_SPLIT1_2026_RULES,RECONSTRUCTED_COMPLETE_UNDER_POLICY;RECONSTRUCTED_EXCLUDED_COMPONENTS;RECONSTRUCTED_PROXY_USED
oe:player:6378658dafc3eeb902fa2e52f909172,oe:team:0dbb780176ecad18f17292d1f5653af,BOT,period:ab546300266e49331659,2024-01-27T20:15:48Z,true,protected_selection_2024,"{""bo_format_context"":null,""canonical_matchup_probability"":null,""playstyle_class_1_probability"":null,""playstyle_class_2_probability"":null,""playstyle_uncertainty"":null,""playstyle_unknown_probability"":null,""prior_above_role_median_rate"":0.4278005350078757,""prior_champion_observation_count"":51,""prior_core_state"":null,""prior_effective_evidence"":31.583222880648385,""prior_median_performance"":12.86,""prior_player_rating"":1487.3220903689087,""prior_q25_performance"":6.59,""prior_raw_observation_count"":51,""prior_residual_uncertainty"":0.13439787459978084,""prior_role_adjusted_kp"":-0.10457210682799367,""prior_role_relative_rating"":-0.12677909631091358,""prior_starter_reliability"":0.8843253512736491,""prior_team_state"":null,""prior_team_strength"":null,""schedule_opponent_context"":null}",,9.719999999999999,2026 - Split 1,lcs_fantasy_split1_2026_reconstructed_v1,"{""dataset"":""feature_provenance"",""max_source_timestamp"":""2024-01-21T23:00:01Z""}",RECONSTRUCTED_NON_OFFICIAL_SPLIT1_2026_RULES,RECONSTRUCTED_COMPLETE_UNDER_POLICY;RECONSTRUCTED_EXCLUDED_COMPONENTS;RECONSTRUCTED_PROXY_USED
oe:player:6841f2d68619d53bdd1cdbf30b5be2c,oe:team:b360f1d729b0a8e0f29a5243c4200fa,SUP,period:ab546300266e49331659,2024-01-27T20:15:48Z,true,protected_selection_2024,"{""bo_format_context"":null,""canonical_matchup_probability"":null,""playstyle_class_1_probability"":0.21690504163638732,""playstyle_class_2_probability"":0.3671076713605912,""playstyle_uncertainty"":0.5113530725971595,""playstyle_unknown_probability"":0.41598728700302146,""prior_above_role_median_rate"":0.4989379001338801,""prior_champion_observation_count"":62,""prior_core_state"":null,""prior_effective_evidence"":2.1433759421785283,""prior_median_performance"":10.882000000000001,""prior_player_rating"":1506.2230904251583,""prior_q25_performance"":10.882000000000001,""prior_raw_observation_count"":62,""prior_residual_uncertainty"":0.5242896924604457,""prior_role_adjusted_kp"":0.16875668241520836,""prior_role_relative_rating"":0.06223090425158229,""prior_starter_reliability"":0.6677559978561103,""prior_team_state"":null,""prior_team_strength"":null,""schedule_opponent_context"":null}",,23.4145,2026 - Split 1,lcs_fantasy_split1_2026_reconstructed_v1,"{""dataset"":""feature_provenance"",""max_source_timestamp"":""2024-01-21T20:12:13Z""}",RECONSTRUCTED_NON_OFFICIAL_SPLIT1_2026_RULES,RECONSTRUCTED_COMPLETE_UNDER_POLICY;RECONSTRUCTED_EXCLUDED_COMPONENTS;RECONSTRUCTED_PROXY_USED
oe:player:6fbf57b984dbf130701e09ea4110bb8,oe:team:0dbb780176ecad18f17292d1f5653af,TOP,period:ab546300266e49331659,2024-01-27T20:15:48Z,true,protected_selection_2024,"{""bo_format_context"":null,""canonical_matchup_probability"":null,""playstyle_class_1_probability"":0.3500168929620404,""playstyle_class_2_probability"":0.3500940856409158,""playstyle_uncertainty"":0.3133941248661447,""playstyle_unknown_probability"":0.2998890213970439,""prior_above_role_median_rate"":0.44929659547296014,""prior_champion_observation_count"":29,""prior_core_state"":null,""prior_effective_evidence"":24.90232893115632,""prior_median_performance"":12.120000000000001,""prior_player_rating"":1492.5732485871422,""prior_q25_performance"":5.01,""prior_raw_observation_count"":29,""prior_residual_uncertainty"":0.16940909412300553,""prior_role_adjusted_kp"":0.12127592418291504,""prior_role_relative_rating"":-0.07426751412857759,""prior_starter_reliability"":0.8704810321906095,""prior_team_state"":null,""prior_team_strength"":null,""schedule_opponent_context"":null}",,8.3205,2026 - Split 1,lcs_fantasy_split1_2026_reconstructed_v1,"{""dataset"":""feature_provenance"",""max_source_timestamp"":""2024-01-21T23:00:01Z""}",RECONSTRUCTED_NON_OFFICIAL_SPLIT1_2026_RULES,RECONSTRUCTED_COMPLETE_UNDER_POLICY;RECONSTRUCTED_EXCLUDED_COMPONENTS;RECONSTRUCTED_PROXY_USED
oe:player:73d2b65353d7b00e0f198ffdc085edc,oe:team:e758ebe9a5a2cc81b9c8078479c2d87,BOT,period:ab546300266e49331659,2024-01-27T20:15:48Z,true,protected_selection_2024,"{""bo_format_context"":null,""canonical_matchup_probability"":null,""playstyle_class_1_probability"":null,""playstyle_class_2_probability"":null,""playstyle_uncertainty"":null,""playstyle_unknown_probability"":null,""prior_above_role_median_rate"":0.5948732569866352,""prior_champion_observation_count"":268,""prior_core_state"":null,""prior_effective_evidence"":74.26233302188675,""prior_median_performance"":17.58,""prior_player_rating"":1510.8822040826733,""prior_q25_performance"":9.405000000000001,""prior_raw_observation_count"":268,""prior_residual_uncertainty"":0.11081026218990504,""prior_role_adjusted_kp"":0.1432118763982871,""prior_role_relative_rating"":0.10882204082673337,""prior_starter_reliability"":0.9299320711939507,""prior_team_state"":null,""prior_team_strength"":null,""schedule_opponent_context"":null}",,32.129,2026 - Split 1,lcs_fantasy_split1_2026_reconstructed_v1,"{""dataset"":""feature_provenance"",""max_source_timestamp"":""2024-01-21T23:00:01Z""}",RECONSTRUCTED_NON_OFFICIAL_SPLIT1_2026_RULES,RECONSTRUCTED_COMPLETE_UNDER_POLICY;RECONSTRUCTED_EXCLUDED_COMPONENTS;RECONSTRUCTED_PROXY_USED
oe:player:7c3395efccd48fe73592001501bef83,oe:team:4bd1751425ef6a9bc9d4d8e9385b4a6,JGL,period:ab546300266e49331659,2024-01-27T20:15:48Z,true,protected_selection_2024,"{""bo_format_context"":null,""canonical_matchup_probability"":null,""playstyle_class_1_probability"":null,""playstyle_class_2_probability"":null,""playstyle_uncertainty"":null,""playstyle_unknown_probability"":null,""prior_above_role_median_rate"":0.5462426803534752,""prior_champion_observation_count"":117,""prior_core_state"":null,""prior_effective_evidence"":65.99120854153445,""prior_median_performance"":16.995,""prior_player_rating"":1501.3349296824113,""prior_q25_performance"":5.84,""prior_raw_observation_count"":117,""prior_residual_uncertainty"":0.11391078969607815,""prior_role_adjusted_kp"":-0.021382012620948805,""prior_role_relative_rating"":0.013349296824111605,""prior_starter_reliability"":0.9233057980019602,""prior_team_state"":null,""prior_team_strength"":null,""schedule_opponent_context"":null}",,19.28,2026 - Split 1,lcs_fantasy_split1_2026_reconstructed_v1,"{""dataset"":""feature_provenance"",""max_source_timestamp"":""2024-01-21T21:06:48Z""}",RECONSTRUCTED_NON_OFFICIAL_SPLIT1_2026_RULES,RECONSTRUCTED_COMPLETE_UNDER_POLICY;RECONSTRUCTED_EXCLUDED_COMPONENTS;RECONSTRUCTED_PROXY_USED
oe:player:7e0e7ac2a199e8e2ecb30499a3b2153,oe:team:2e66da41dc460dd378e3bcc57042d31,MID,period:ab546300266e49331659,2024-01-27T20:15:48Z,true,protected_selection_2024,"{""bo_format_context"":null,""canonical_matchup_probability"":null,""playstyle_class_1_probability"":null,""playstyle_class_2_probability"":null,""playstyle_uncertainty"":null,""playstyle_unknown_probability"":null,""prior_above_role_median_rate"":0.603731959730552,""prior_champion_observation_count"":223,""prior_core_state"":null,""prior_effective_evidence"":51.822981286474636,""prior_median_performance"":17.351,""prior_player_rating"":1507.232862469113,""prior_q25_performance"":9.034,""prior_raw_observation_count"":223,""prior_residual_uncertainty"":0.12374462851315694,""prior_role_adjusted_kp"":0.1879295533945688,""prior_role_relative_rating"":0.07232862469112955,""prior_starter_reliability"":0.9076116927627836,""prior_team_state"":null,""prior_team_strength"":null,""schedule_opponent_context"":null}",,8.1495,2026 - Split 1,lcs_fantasy_split1_2026_reconstructed_v1,"{""dataset"":""feature_provenance"",""max_source_timestamp"":""2024-01-21T21:58:19Z""}",RECONSTRUCTED_NON_OFFICIAL_SPLIT1_2026_RULES,RECONSTRUCTED_COMPLETE_UNDER_POLICY;RECONSTRUCTED_EXCLUDED_COMPONENTS;RECONSTRUCTED_PROXY_USED
oe:player:7e2505960c12cc54c96a0a6efb2e055,oe:team:2e66da41dc460dd378e3bcc57042d31,TOP,period:ab546300266e49331659,2024-01-27T20:15:48Z,true,protected_selection_2024,"{""bo_format_context"":null,""canonical_matchup_probability"":null,""playstyle_class_1_probability"":0.18285886767721019,""playstyle_class_2_probability"":0.46470891448577056,""playstyle_uncertainty"":0.4211007268730632,""playstyle_unknown_probability"":0.3524322178370193,""prior_above_role_median_rate"":0.580605884141064,""prior_champion_observation_count"":82,""prior_core_state"":null,""prior_effective_evidence"":15.014903769193001,""prior_median_performance"":16.581000000000003,""prior_player_rating"":1505.7116501065577,""prior_q25_performance"":9.873000000000001,""prior_raw_observation_count"":82,""prior_residual_uncertainty"":0.23376546976261417,""prior_role_adjusted_kp"":-0.1314070457416105,""prior_role_relative_rating"":0.05711650106557762,""prior_starter_reliability"":0.7919223712985313,""prior_team_state"":null,""prior_team_strength"":null,""schedule_opponent_context"":null}",,8.635,2026 - Split 1,lcs_fantasy_split1_2026_reconstructed_v1,"{""dataset"":""feature_provenance"",""max_source_timestamp"":""2024-01-21T21:58:19Z""}",RECONSTRUCTED_NON_OFFICIAL_SPLIT1_2026_RULES,RECONSTRUCTED_COMPLETE_UNDER_POLICY;RECONSTRUCTED_EXCLUDED_COMPONENTS;RECONSTRUCTED_PROXY_USED
oe:player:80fea0848c57b8e07a79675d41f582c,oe:team:c334c629fea759876e9e04afbe4aee7,TOP,period:ab546300266e49331659,2024-01-27T20:15:48Z,true,protected_selection_2024,"{""bo_format_context"":null,""canonical_matchup_probability"":null,""playstyle_class_1_probability"":0.20918160023629503,""playstyle_class_2_probability"":0.3724551992911148,""playstyle_uncertainty"":0.43438161915931833,""playstyle_unknown_probability"":0.41836320047259007,""prior_above_role_median_rate"":0.0,""prior_champion_observation_count"":2,""prior_core_state"":null,""prior_effective_evidence"":1.999993500036592,""prior_median_performance"":0.7800000000000002,""prior_player_rating"":1474.6220331736038,""prior_q25_performance"":0.7800000000000002,""prior_raw_observation_count"":2,""prior_residual_uncertainty"":0.5464422749594158,""prior_role_adjusted_kp"":-0.3558153177187457,""prior_role_relative_rating"":-0.25377966826396214,""prior_starter_reliability"":0.6639411149998873,""prior_team_state"":null,""prior_team_strength"":null,""schedule_opponent_context"":null}",,20.519,2026 - Split 1,lcs_fantasy_split1_2026_reconstructed_v1,"{""dataset"":""feature_provenance"",""max_source_timestamp"":""2024-01-21T21:58:19Z""}",RECONSTRUCTED_NON_OFFICIAL_SPLIT1_2026_RULES,RECONSTRUCTED_COMPLETE_UNDER_POLICY;RECONSTRUCTED_EXCLUDED_COMPONENTS;RECONSTRUCTED_PROXY_USED
oe:player:81acc6bcde5c927c78e0990e9887f84,oe:team:fc8e90107dabb9a35c490b0d86adea0,SUP,period:ab546300266e49331659,2024-01-27T20:15:48Z,true,protected_selection_2024,"{""bo_format_context"":null,""canonical_matchup_probability"":null,""playstyle_class_1_probability"":0.48575179268826885,""playstyle_class_2_probability"":0.273086254674614,""playstyle_uncertainty"":0.3665674789672117,""playstyle_unknown_probability"":0.2411619526371172,""prior_above_role_median_rate"":0.5470868643987757,""prior_champion_observation_count"":281,""prior_core_state"":null,""prior_effective_evidence"":59.48689583305842,""prior_median_performance"":15.892,""prior_player_rating"":1507.7755532198005,""prior_q25_performance"":9.8798,""prior_raw_observation_count"":281,""prior_residual_uncertainty"":0.11655834686430797,""prior_role_adjusted_kp"":-0.06788164658915555,""prior_role_relative_rating"":0.07775553219800505,""prior_starter_reliability"":0.9063322975787488,""prior_team_state"":null,""prior_team_strength"":null,""schedule_opponent_context"":null}",,18.4116,2026 - Split 1,lcs_fantasy_split1_2026_reconstructed_v1,"{""dataset"":""feature_provenance"",""max_source_timestamp"":""2024-01-21T21:06:48Z""}",RECONSTRUCTED_NON_OFFICIAL_SPLIT1_2026_RULES,RECONSTRUCTED_COMPLETE_UNDER_POLICY;RECONSTRUCTED_EXCLUDED_COMPONENTS;RECONSTRUCTED_PROXY_USED
oe:player:83eb62484689106807fcf5ad55b5479,oe:team:fc8e90107dabb9a35c490b0d86adea0,MID,period:ab546300266e49331659,2024-01-27T20:15:48Z,true,protected_selection_2024,"{""bo_format_context"":null,""canonical_matchup_probability"":null,""playstyle_class_1_probability"":null,""playstyle_class_2_probability"":null,""playstyle_uncertainty"":null,""playstyle_unknown_probability"":null,""prior_above_role_median_rate"":0.6359837271203114,""prior_champion_observation_count"":142,""prior_core_state"":null,""prior_effective_evidence"":65.4590192056736,""prior_median_performance"":18.84,""prior_player_rating"":1515.7063262078102,""prior_q25_performance"":10.11,""prior_raw_observation_count"":142,""prior_residual_uncertainty"":0.13208628264852273,""prior_role_adjusted_kp"":0.16784177735278424,""prior_role_relative_rating"":0.15706326207810273,""prior_starter_reliability"":0.9200548971717283,""prior_team_state"":null,""prior_team_strength"":null,""schedule_opponent_context"":null}",,20.386,2026 - Split 1,lcs_fantasy_split1_2026_reconstructed_v1,"{""dataset"":""feature_provenance"",""max_source_timestamp"":""2024-01-21T21:06:48Z""}",RECONSTRUCTED_NON_OFFICIAL_SPLIT1_2026_RULES,RECONSTRUCTED_COMPLETE_UNDER_POLICY;RECONSTRUCTED_EXCLUDED_COMPONENTS;RECONSTRUCTED_PROXY_USED
oe:player:8a5dbe19794784cfd0553556844f045,oe:team:e758ebe9a5a2cc81b9c8078479c2d87,JGL,period:ab546300266e49331659,2024-01-27T20:15:48Z,true,protected_selection_2024,"{""bo_format_context"":null,""canonical_matchup_probability"":null,""playstyle_class_1_probability"":null,""playstyle_class_2_probability"":null,""playstyle_uncertainty"":null,""playstyle_unknown_probability"":null,""prior_above_role_median_rate"":0.5208230966523851,""prior_champion_observation_count"":152,""prior_core_state"":null,""prior_effective_evidence"":69.05740700249893,""prior_median_performance"":15.25,""prior_player_rating"":1506.00708276484,""prior_q25_performance"":8.19,""prior_raw_observation_count"":152,""prior_residual_uncertainty"":0.11238386638449258,""prior_role_adjusted_kp"":0.07523028123160916,""prior_role_relative_rating"":0.06007082764840137,""prior_starter_reliability"":0.9277197800838087,""prior_team_state"":null,""prior_team_strength"":null,""schedule_opponent_context"":null}",,25.6615,2026 - Split 1,lcs_fantasy_split1_2026_reconstructed_v1,"{""dataset"":""feature_provenance"",""max_source_timestamp"":""2024-01-21T23:00:01Z""}",RECONSTRUCTED_NON_OFFICIAL_SPLIT1_2026_RULES,RECONSTRUCTED_COMPLETE_UNDER_POLICY;RECONSTRUCTED_EXCLUDED_COMPONENTS;RECONSTRUCTED_PROXY_USED
oe:player:8f8eaac8e99c203ee76e57c5c81c91f,oe:team:4bd1751425ef6a9bc9d4d8e9385b4a6,MID,period:ab546300266e49331659,2024-01-27T20:15:48Z,true,protected_selection_2024,"{""bo_format_context"":null,""canonical_matchup_probability"":null,""playstyle_class_1_probability"":null,""playstyle_class_2_probability"":null,""playstyle_uncertainty"":null,""playstyle_unknown_probability"":null,""prior_above_role_median_rate"":0.4989191868552077,""prior_champion_observation_count"":22,""prior_core_state"":null,""prior_effective_evidence"":18.373830753031125,""prior_median_performance"":15.26,""prior_player_rating"":1502.5995900561807,""prior_q25_performance"":10.030000000000001,""prior_raw_observation_count"":22,""prior_residual_uncertainty"":0.20550854102450627,""prior_role_adjusted_kp"":0.12804958840613395,""prior_role_relative_rating"":0.025995900561807502,""prior_starter_reliability"":0.8455707240156352,""prior_team_state"":null,""prior_team_strength"":null,""schedule_opponent_context"":null}",,13.7975,2026 - Split 1,lcs_fantasy_split1_2026_reconstructed_v1,"{""dataset"":""feature_provenance"",""max_source_timestamp"":""2024-01-21T21:06:48Z""}",RECONSTRUCTED_NON_OFFICIAL_SPLIT1_2026_RULES,RECONSTRUCTED_COMPLETE_UNDER_POLICY;RECONSTRUCTED_EXCLUDED_COMPONENTS;RECONSTRUCTED_PROXY_USED
oe:player:9191e392e93a6ef011ef76b5b83ee6c,oe:team:e758ebe9a5a2cc81b9c8078479c2d87,SUP,period:ab546300266e49331659,2024-01-27T20:15:48Z,true,protected_selection_2024,"{""bo_format_context"":null,""canonical_matchup_probability"":null,""playstyle_class_1_probability"":0.4608526299749441,""playstyle_class_2_probability"":0.2911187428696052,""playstyle_uncertainty"":0.36345327462987287,""playstyle_unknown_probability"":0.2480286271554508,""prior_above_role_median_rate"":0.47696382898008544,""prior_champion_observation_count"":259,""prior_core_state"":null,""prior_effective_evidence"":76.58797607668603,""prior_median_performance"":14.1606,""prior_player_rating"":1504.2148195269544,""prior_q25_performance"":10.381499999999999,""prior_raw_observation_count"":259,""prior_residual_uncertainty"":0.1,""prior_role_adjusted_kp"":-0.2075924303128708,""prior_role_relative_rating"":0.042148195269543956,""prior_starter_reliability"":0.9283542361437528,""prior_team_state"":null,""prior_team_strength"":null,""schedule_opponent_context"":null}",,32.79485,2026 - Split 1,lcs_fantasy_split1_2026_reconstructed_v1,"{""dataset"":""feature_provenance"",""max_source_timestamp"":""2024-01-21T23:00:01Z""}",RECONSTRUCTED_NON_OFFICIAL_SPLIT1_2026_RULES,RECONSTRUCTED_COMPLETE_UNDER_POLICY;RECONSTRUCTED_EXCLUDED_COMPONENTS;RECONSTRUCTED_PROXY_USED
oe:player:9ce0043331f3999cc2ee205ab7c2d73,oe:team:c334c629fea759876e9e04afbe4aee7,SUP,period:ab546300266e49331659,2024-01-27T20:15:48Z,true,protected_selection_2024,"{""bo_format_context"":null,""canonical_matchup_probability"":null,""playstyle_class_1_probability"":0.38425997917903043,""playstyle_class_2_probability"":0.2508160398145901,""playstyle_uncertainty"":0.43043367030047686,""playstyle_unknown_probability"":0.3649239810063795,""prior_above_role_median_rate"":0.20225598693026278,""prior_champion_observation_count"":45,""prior_core_state"":null,""prior_effective_evidence"":7.514256869721197,""prior_median_performance"":12.092699999999999,""prior_player_rating"":1499.689888480204,""prior_q25_performance"":9.2829,""prior_raw_observation_count"":45,""prior_residual_uncertainty"":0.26926763883958205,""prior_role_adjusted_kp"":0.4904569317328306,""prior_role_relative_rating"":-0.0031011151979602643,""prior_starter_reliability"":0.7461401263769631,""prior_team_state"":null,""prior_team_strength"":null,""schedule_opponent_context"":null}",,23.764699999999998,2026 - Split 1,lcs_fantasy_split1_2026_reconstructed_v1,"{""dataset"":""feature_provenance"",""max_source_timestamp"":""2024-01-21T21:58:19Z""}",RECONSTRUCTED_NON_OFFICIAL_SPLIT1_2026_RULES,RECONSTRUCTED_COMPLETE_UNDER_POLICY;RECONSTRUCTED_EXCLUDED_COMPONENTS;RECONSTRUCTED_PROXY_USED
oe:player:a04a853a0f540f156d08711204fe252,oe:team:c334c629fea759876e9e04afbe4aee7,JGL,period:ab546300266e49331659,2024-01-27T20:15:48Z,true,protected_selection_2024,"{""bo_format_context"":null,""canonical_matchup_probability"":null,""playstyle_class_1_probability"":null,""playstyle_class_2_probability"":null,""playstyle_uncertainty"":null,""playstyle_unknown_probability"":null,""prior_above_role_median_rate"":0.43128914907376326,""prior_champion_observation_count"":58,""prior_core_state"":null,""prior_effective_evidence"":16.166959347444784,""prior_median_performance"":12.1,""prior_player_rating"":1508.2522233100135,""prior_q25_performance"":5.143,""prior_raw_observation_count"":58,""prior_residual_uncertainty"":0.2421493387892595,""prior_role_adjusted_kp"":0.6519236751732569,""prior_role_relative_rating"":0.08252223310013461,""prior_starter_reliability"":0.8318224621884099,""prior_team_state"":null,""prior_team_strength"":null,""schedule_opponent_context"":null}",,20.7805,2026 - Split 1,lcs_fantasy_split1_2026_reconstructed_v1,"{""dataset"":""feature_provenance"",""max_source_timestamp"":""2024-01-21T21:58:19Z""}",RECONSTRUCTED_NON_OFFICIAL_SPLIT1_2026_RULES,RECONSTRUCTED_COMPLETE_UNDER_POLICY;RECONSTRUCTED_EXCLUDED_COMPONENTS;RECONSTRUCTED_PROXY_USED
oe:player:a7f0b16a54f4bd0dcb6fb7bb625b3cb,oe:team:b360f1d729b0a8e0f29a5243c4200fa,JGL,period:ab546300266e49331659,2024-01-27T20:15:48Z,true,protected_selection_2024,"{""bo_format_context"":null,""canonical_matchup_probability"":null,""playstyle_class_1_probability"":null,""playstyle_class_2_probability"":null,""playstyle_uncertainty"":null,""playstyle_unknown_probability"":null,""prior_above_role_median_rate"":0.33825484931004596,""prior_champion_observation_count"":48,""prior_core_state"":null,""prior_effective_evidence"":38.01672757214095,""prior_median_performance"":8.513,""prior_player_rating"":1494.892971639201,""prior_q25_performance"":7.25,""prior_raw_observation_count"":48,""prior_residual_uncertainty"":0.14040987402350508,""prior_role_adjusted_kp"":0.20979253234320674,""prior_role_relative_rating"":-0.05107028360798842,""prior_starter_reliability"":0.8949673610335274,""prior_team_state"":null,""prior_team_strength"":null,""schedule_opponent_context"":null}",,19.124499999999998,2026 - Split 1,lcs_fantasy_split1_2026_reconstructed_v1,"{""dataset"":""feature_provenance"",""max_source_timestamp"":""2024-01-21T20:12:13Z""}",RECONSTRUCTED_NON_OFFICIAL_SPLIT1_2026_RULES,RECONSTRUCTED_COMPLETE_UNDER_POLICY;RECONSTRUCTED_EXCLUDED_COMPONENTS;RECONSTRUCTED_PROXY_USED
oe:player:a8307167f3a1c933295bb9e3d43700e,oe:team:2e66da41dc460dd378e3bcc57042d31,JGL,period:ab546300266e49331659,2024-01-27T20:15:48Z,true,protected_selection_2024,"{""bo_format_context"":null,""canonical_matchup_probability"":null,""playstyle_class_1_probability"":null,""playstyle_class_2_probability"":null,""playstyle_uncertainty"":null,""playstyle_unknown_probability"":null,""prior_above_role_median_rate"":0.6676682237249458,""prior_champion_observation_count"":113,""prior_core_state"":null,""prior_effective_evidence"":37.27648608621092,""prior_median_performance"":18.11,""prior_player_rating"":1510.828736127148,""prior_q25_performance"":10.754999999999999,""prior_raw_observation_count"":113,""prior_residual_uncertainty"":0.12587926868003058,""prior_role_adjusted_kp"":-0.040827245775739616,""prior_role_relative_rating"":0.10828736127148086,""prior_starter_reliability"":0.8630223784336162,""prior_team_state"":null,""prior_team_strength"":null,""schedule_opponent_context"":null}",,7.5395,2026 - Split 1,lcs_fantasy_split1_2026_reconstructed_v1,"{""dataset"":""feature_provenance"",""max_source_timestamp"":""2024-01-21T21:58:19Z""}",RECONSTRUCTED_NON_OFFICIAL_SPLIT1_2026_RULES,RECONSTRUCTED_COMPLETE_UNDER_POLICY;RECONSTRUCTED_EXCLUDED_COMPONENTS;RECONSTRUCTED_PROXY_USED
oe:player:c145139d26813639b8fe6f4d0b28228,oe:team:2e66da41dc460dd378e3bcc57042d31,BOT,period:ab546300266e49331659,2024-01-27T20:15:48Z,true,protected_selection_2024,"{""bo_format_context"":null,""canonical_matchup_probability"":null,""playstyle_class_1_probability"":null,""playstyle_class_2_probability"":null,""playstyle_uncertainty"":null,""playstyle_unknown_probability"":null,""prior_above_role_median_rate"":0.5009412875891164,""prior_champion_observation_count"":2,""prior_core_state"":null,""prior_effective_evidence"":1.9999929118465176,""prior_median_performance"":22.408,""prior_player_rating"":1504.4882446137578,""prior_q25_performance"":12.83,""prior_raw_observation_count"":2,""prior_residual_uncertainty"":0.5508211355071202,""prior_role_adjusted_kp"":0.10724790382294488,""prior_role_relative_rating"":0.044882446137577886,""prior_starter_reliability"":0.6639323381262614,""prior_team_state"":null,""prior_team_strength"":null,""schedule_opponent_context"":null}",,12.487000000000002,2026 - Split 1,lcs_fantasy_split1_2026_reconstructed_v1,"{""dataset"":""feature_provenance"",""max_source_timestamp"":""2024-01-21T21:58:19Z""}",RECONSTRUCTED_NON_OFFICIAL_SPLIT1_2026_RULES,RECONSTRUCTED_COMPLETE_UNDER_POLICY;RECONSTRUCTED_EXCLUDED_COMPONENTS;RECONSTRUCTED_PROXY_USED
oe:player:dbe844fcbbc7f54654e54242e79acac,oe:team:4bd1751425ef6a9bc9d4d8e9385b4a6,SUP,period:ab546300266e49331659,2024-01-27T20:15:48Z,true,protected_selection_2024,"{""bo_format_context"":null,""canonical_matchup_probability"":null,""playstyle_class_1_probability"":0.5252655333604515,""playstyle_class_2_probability"":0.28749341190203065,""playstyle_uncertainty"":0.2797958446919289,""playstyle_unknown_probability"":0.18724105473751787,""prior_above_role_median_rate"":0.4817978375299176,""prior_champion_observation_count"":65,""prior_core_state"":null,""prior_effective_evidence"":41.39519686004391,""prior_median_performance"":14.070899999999998,""prior_player_rating"":1500.9321565709542,""prior_q25_performance"":7.6981,""prior_raw_observation_count"":65,""prior_residual_uncertainty"":0.13407066876337892,""prior_role_adjusted_kp"":0.05435586391584144,""prior_role_relative_rating"":0.009321565709542215,""prior_starter_reliability"":0.9008509528683234,""prior_team_state"":null,""prior_team_strength"":null,""schedule_opponent_context"":null}",,21.03815,2026 - Split 1,lcs_fantasy_split1_2026_reconstructed_v1,"{""dataset"":""feature_provenance"",""max_source_timestamp"":""2024-01-21T21:06:48Z""}",RECONSTRUCTED_NON_OFFICIAL_SPLIT1_2026_RULES,RECONSTRUCTED_COMPLETE_UNDER_POLICY;RECONSTRUCTED_EXCLUDED_COMPONENTS;RECONSTRUCTED_PROXY_USED
oe:player:dc760d6884ce21614b2389ac1c05ec2,oe:team:b360f1d729b0a8e0f29a5243c4200fa,TOP,period:ab546300266e49331659,2024-01-27T20:15:48Z,true,protected_selection_2024,"{""bo_format_context"":null,""canonical_matchup_probability"":null,""playstyle_class_1_probability"":0.17500635109806054,""playstyle_class_2_probability"":0.4402507257066208,""playstyle_uncertainty"":0.5410802995622291,""playstyle_unknown_probability"":0.3847429231953187,""prior_above_role_median_rate"":0.1333249493550764,""prior_champion_observation_count"":89,""prior_core_state"":null,""prior_effective_evidence"":5.013414365731228,""prior_median_performance"":3.35,""prior_player_rating"":1464.791761972419,""prior_q25_performance"":1.08,""prior_raw_observation_count"":89,""prior_residual_uncertainty"":0.36969385504178653,""prior_role_adjusted_kp"":-0.688273182356564,""prior_role_relative_rating"":-0.35208238027581096,""prior_starter_reliability"":0.7186156639590623,""prior_team_state"":null,""prior_team_strength"":null,""schedule_opponent_context"":null}",,12.059999999999999,2026 - Split 1,lcs_fantasy_split1_2026_reconstructed_v1,"{""dataset"":""feature_provenance"",""max_source_timestamp"":""2024-01-21T20:12:13Z""}",RECONSTRUCTED_NON_OFFICIAL_SPLIT1_2026_RULES,RECONSTRUCTED_COMPLETE_UNDER_POLICY;RECONSTRUCTED_EXCLUDED_COMPONENTS;RECONSTRUCTED_PROXY_USED
oe:player:ea9ed09584feecae0991089f087d2ce,oe:team:8eb884e168f28402ce685bedebb5250,MID,period:ab546300266e49331659,2024-01-27T20:15:48Z,true,protected_selection_2024,"{""bo_format_context"":null,""canonical_matchup_probability"":null,""playstyle_class_1_probability"":null,""playstyle_class_2_probability"":null,""playstyle_uncertainty"":null,""playstyle_unknown_probability"":null,""prior_above_role_median_rate"":0.436573290119363,""prior_champion_observation_count"":32,""prior_core_state"":null,""prior_effective_evidence"":28.511941313789233,""prior_median_performance"":13.65,""prior_player_rating"":1489.2892726742912,""prior_q25_performance"":8.71,""prior_raw_observation_count"":32,""prior_residual_uncertainty"":0.14486488584794568,""prior_role_adjusted_kp"":-0.16141514505112575,""prior_role_relative_rating"":-0.10710727325708735,""prior_starter_reliability"":0.8845205881521462,""prior_team_state"":null,""prior_team_strength"":null,""schedule_opponent_context"":null}",,15.062,2026 - Split 1,lcs_fantasy_split1_2026_reconstructed_v1,"{""dataset"":""feature_provenance"",""max_source_timestamp"":""2024-01-21T20:12:13Z""}",RECONSTRUCTED_NON_OFFICIAL_SPLIT1_2026_RULES,RECONSTRUCTED_COMPLETE_UNDER_POLICY;RECONSTRUCTED_EXCLUDED_COMPONENTS;RECONSTRUCTED_PROXY_USED
oe:player:ed455f823b6586e9e3621dfb5aeb42e,oe:team:fc8e90107dabb9a35c490b0d86adea0,JGL,period:ab546300266e49331659,2024-01-27T20:15:48Z,true,protected_selection_2024,"{""bo_format_context"":null,""canonical_matchup_probability"":null,""playstyle_class_1_probability"":null,""playstyle_class_2_probability"":null,""playstyle_uncertainty"":null,""playstyle_unknown_probability"":null,""prior_above_role_median_rate"":0.712741500513254,""prior_champion_observation_count"":283,""prior_core_state"":null,""prior_effective_evidence"":70.54485039161473,""prior_median_performance"":20.549,""prior_player_rating"":1522.6620967038712,""prior_q25_performance"":12.882,""prior_raw_observation_count"":283,""prior_residual_uncertainty"":0.1,""prior_role_adjusted_kp"":0.0034592175033543748,""prior_role_relative_rating"":0.22662096703871185,""prior_starter_reliability"":0.9235063061426072,""prior_team_state"":null,""prior_team_strength"":null,""schedule_opponent_context"":null}",,16.556,2026 - Split 1,lcs_fantasy_split1_2026_reconstructed_v1,"{""dataset"":""feature_provenance"",""max_source_timestamp"":""2024-01-21T21:06:48Z""}",RECONSTRUCTED_NON_OFFICIAL_SPLIT1_2026_RULES,RECONSTRUCTED_COMPLETE_UNDER_POLICY;RECONSTRUCTED_EXCLUDED_COMPONENTS;RECONSTRUCTED_PROXY_USED
oe:player:ef97df9d746d0e65ed18786ab30031c,oe:team:b360f1d729b0a8e0f29a5243c4200fa,MID,period:ab546300266e49331659,2024-01-27T20:15:48Z,true,protected_selection_2024,"{""bo_format_context"":null,""canonical_matchup_probability"":null,""playstyle_class_1_probability"":null,""playstyle_class_2_probability"":null,""playstyle_uncertainty"":null,""playstyle_unknown_probability"":null,""prior_above_role_median_rate"":0.3306484086591591,""prior_champion_observation_count"":95,""prior_core_state"":null,""prior_effective_evidence"":24.795450160296404,""prior_median_performance"":7.5600000000000005,""prior_player_rating"":1483.7084995134387,""prior_q25_performance"":4.15,""prior_raw_observation_count"":95,""prior_residual_uncertainty"":0.22127134454114075,""prior_role_adjusted_kp"":-0.1298327361506438,""prior_role_relative_rating"":-0.16291500486561394,""prior_starter_reliability"":0.8680562803831371,""prior_team_state"":null,""prior_team_strength"":null,""schedule_opponent_context"":null}",,15.715,2026 - Split 1,lcs_fantasy_split1_2026_reconstructed_v1,"{""dataset"":""feature_provenance"",""max_source_timestamp"":""2024-01-21T20:12:13Z""}",RECONSTRUCTED_NON_OFFICIAL_SPLIT1_2026_RULES,RECONSTRUCTED_COMPLETE_UNDER_POLICY;RECONSTRUCTED_EXCLUDED_COMPONENTS;RECONSTRUCTED_PROXY_USED
oe:player:f02f1c8275084050765b4b6414bdfda,oe:team:fc8e90107dabb9a35c490b0d86adea0,TOP,period:ab546300266e49331659,2024-01-27T20:15:48Z,true,protected_selection_2024,"{""bo_format_context"":null,""canonical_matchup_probability"":null,""playstyle_class_1_probability"":0.2361480774721077,""playstyle_class_2_probability"":0.526979628159769,""playstyle_uncertainty"":0.34785907615996464,""playstyle_unknown_probability"":0.23687229436812335,""prior_above_role_median_rate"":0.639727901117152,""prior_champion_observation_count"":226,""prior_core_state"":null,""prior_effective_evidence"":70.12185313992195,""prior_median_performance"":14.870000000000001,""prior_player_rating"":1520.3105778075867,""prior_q25_performance"":11.06,""prior_raw_observation_count"":226,""prior_residual_uncertainty"":0.1,""prior_role_adjusted_kp"":0.05215337362520427,""prior_role_relative_rating"":0.2031057780758673,""prior_starter_reliability"":0.9233108680088092,""prior_team_state"":null,""prior_team_strength"":null,""schedule_opponent_context"":null}",,16.424999999999997,2026 - Split 1,lcs_fantasy_split1_2026_reconstructed_v1,"{""dataset"":""feature_provenance"",""max_source_timestamp"":""2024-01-21T21:06:48Z""}",RECONSTRUCTED_NON_OFFICIAL_SPLIT1_2026_RULES,RECONSTRUCTED_COMPLETE_UNDER_POLICY;RECONSTRUCTED_EXCLUDED_COMPONENTS;RECONSTRUCTED_PROXY_USED
oe:player:f6b8af05a5af22004a67a78f3046b92,oe:team:8eb884e168f28402ce685bedebb5250,BOT,period:ab546300266e49331659,2024-01-27T20:15:48Z,true,protected_selection_2024,"{""bo_format_context"":null,""canonical_matchup_probability"":null,""playstyle_class_1_probability"":null,""playstyle_class_2_probability"":null,""playstyle_uncertainty"":null,""playstyle_unknown_probability"":null,""prior_above_role_median_rate"":0.5221527009219766,""prior_champion_observation_count"":62,""prior_core_state"":null,""prior_effective_evidence"":50.259281212009064,""prior_median_performance"":16.09,""prior_player_rating"":1498.415485667978,""prior_q25_performance"":9.934999999999999,""prior_raw_observation_count"":62,""prior_residual_uncertainty"":0.10319251159872263,""prior_role_adjusted_kp"":-0.09709790902875533,""prior_role_relative_rating"":-0.015845143320219753,""prior_starter_reliability"":0.916322622852213,""prior_team_state"":null,""prior_team_strength"":null,""schedule_opponent_context"":null}",,12.1465,2026 - Split 1,lcs_fantasy_split1_2026_reconstructed_v1,"{""dataset"":""feature_provenance"",""max_source_timestamp"":""2024-01-21T20:12:13Z""}",RECONSTRUCTED_NON_OFFICIAL_SPLIT1_2026_RULES,RECONSTRUCTED_COMPLETE_UNDER_POLICY;RECONSTRUCTED_EXCLUDED_COMPONENTS;RECONSTRUCTED_PROXY_USED
oe:player:fddde6d256bee26713f64ad9b2a9394,oe:team:e758ebe9a5a2cc81b9c8078479c2d87,MID,period:ab546300266e49331659,2024-01-27T20:15:48Z,true,protected_selection_2024,"{""bo_format_context"":null,""canonical_matchup_probability"":null,""playstyle_class_1_probability"":null,""playstyle_class_2_probability"":null,""playstyle_uncertainty"":null,""playstyle_unknown_probability"":null,""prior_above_role_median_rate"":0.5713973740104796,""prior_champion_observation_count"":165,""prior_core_state"":null,""prior_effective_evidence"":69.6223041341657,""prior_median_performance"":16.92,""prior_player_rating"":1511.819146880705,""prior_q25_performance"":10.016,""prior_raw_observation_count"":165,""prior_residual_uncertainty"":0.10633833488187834,""prior_role_adjusted_kp"":0.14269570652455493,""prior_role_relative_rating"":0.11819146880704866,""prior_starter_reliability"":0.9279727139374425,""prior_team_state"":null,""prior_team_strength"":null,""schedule_opponent_context"":null}",,19.2605,2026 - Split 1,lcs_fantasy_split1_2026_reconstructed_v1,"{""dataset"":""feature_provenance"",""max_source_timestamp"":""2024-01-21T23:00:01Z""}",RECONSTRUCTED_NON_OFFICIAL_SPLIT1_2026_RULES,RECONSTRUCTED_COMPLETE_UNDER_POLICY;RECONSTRUCTED_EXCLUDED_COMPONENTS;RECONSTRUCTED_PROXY_USED
oe:player:007be3acd5669d100711b13d79e2336,oe:team:4bd1751425ef6a9bc9d4d8e9385b4a6,TOP,period:c0a1c4ffff2a32aacb10,2024-08-23T20:07:51Z,true,protected_selection_2024,"{""bo_format_context"":null,""canonical_matchup_probability"":null,""playstyle_class_1_probability"":0.24447054761841377,""playstyle_class_2_probability"":0.6106422102291347,""playstyle_uncertainty"":0.23389013325136337,""playstyle_unknown_probability"":0.14488724215245152,""prior_above_role_median_rate"":0.49229872795699625,""prior_champion_observation_count"":45,""prior_core_state"":null,""prior_effective_evidence"":40.270588887632904,""prior_median_performance"":12.342,""prior_player_rating"":1484.2967022532566,""prior_q25_performance"":4.73,""prior_raw_observation_count"":45,""prior_residual_uncertainty"":0.14274671612801706,""prior_role_adjusted_kp"":-0.31439574985097124,""prior_role_relative_rating"":-0.15703297746743416,""prior_starter_reliability"":0.9388963511301641,""prior_team_state"":null,""prior_team_strength"":null,""schedule_opponent_context"":null}",,-0.06999999999999977,2026 - Split 1,lcs_fantasy_split1_2026_reconstructed_v1,"{""dataset"":""feature_provenance"",""max_source_timestamp"":""2024-08-17T21:40:59Z""}",RECONSTRUCTED_NON_OFFICIAL_SPLIT1_2026_RULES,RECONSTRUCTED_COMPLETE_UNDER_POLICY;RECONSTRUCTED_EXCLUDED_COMPONENTS;RECONSTRUCTED_PROXY_USED
oe:player:05fafeaf23dc3285558a4e968970b9f,oe:team:8eb884e168f28402ce685bedebb5250,SUP,period:c0a1c4ffff2a32aacb10,2024-08-23T20:07:51Z,true,protected_selection_2024,"{""bo_format_context"":null,""canonical_matchup_probability"":null,""playstyle_class_1_probability"":0.5446797041571831,""playstyle_class_2_probability"":0.2391109238685038,""playstyle_uncertainty"":0.3571617263477842,""playstyle_unknown_probability"":0.2162093719743131,""prior_above_role_median_rate"":0.6380702530934212,""prior_champion_observation_count"":313,""prior_core_state"":null,""prior_effective_evidence"":72.1295586704464,""prior_median_performance"":18.738300000000002,""prior_player_rating"":1516.5182083161492,""prior_q25_performance"":13.044799999999999,""prior_raw_observation_count"":313,""prior_residual_uncertainty"":0.1,""prior_role_adjusted_kp"":-0.253992788752014,""prior_role_relative_rating"":0.16518208316149235,""prior_starter_reliability"":0.9533902177523664,""prior_team_state"":null,""prior_team_strength"":null,""schedule_opponent_context"":null}",,23.995666666666665,2026 - Split 1,lcs_fantasy_split1_2026_reconstructed_v1,"{""dataset"":""feature_provenance"",""max_source_timestamp"":""2024-08-10T20:51:54Z""}",RECONSTRUCTED_NON_OFFICIAL_SPLIT1_2026_RULES,RECONSTRUCTED_COMPLETE_UNDER_POLICY;RECONSTRUCTED_EXCLUDED_COMPONENTS;RECONSTRUCTED_PROXY_USED
oe:player:10fcffece0ac7be85f09c4b51a75762,oe:team:0dbb780176ecad18f17292d1f5653af,BOT,period:c0a1c4ffff2a32aacb10,2024-08-23T20:07:51Z,true,protected_selection_2024,"{""bo_format_context"":null,""canonical_matchup_probability"":null,""playstyle_class_1_probability"":null,""playstyle_class_2_probability"":null,""playstyle_uncertainty"":null,""playstyle_unknown_probability"":null,""prior_above_role_median_rate"":0.5259632715168218,""prior_champion_observation_count"":262,""prior_core_state"":null,""prior_effective_evidence"":39.01927355334716,""prior_median_performance"":16.14,""prior_player_rating"":1504.0801015957722,""prior_q25_performance"":9.2,""prior_raw_observation_count"":262,""prior_residual_uncertainty"":0.14701039973877086,""prior_role_adjusted_kp"":0.04405025372677274,""prior_role_relative_rating"":0.04080101595772285,""prior_starter_reliability"":0.9316818106761336,""prior_team_state"":null,""prior_team_strength"":null,""schedule_opponent_context"":null}",,20.5912,2026 - Split 1,lcs_fantasy_split1_2026_reconstructed_v1,"{""dataset"":""feature_provenance"",""max_source_timestamp"":""2024-08-17T21:40:59Z""}",RECONSTRUCTED_NON_OFFICIAL_SPLIT1_2026_RULES,RECONSTRUCTED_COMPLETE_UNDER_POLICY;RECONSTRUCTED_EXCLUDED_COMPONENTS;RECONSTRUCTED_PROXY_USED
oe:player:1970fcb701acce66e0771946bbb3105,oe:team:8eb884e168f28402ce685bedebb5250,JGL,period:c0a1c4ffff2a32aacb10,2024-08-23T20:07:51Z,true,protected_selection_2024,"{""bo_format_context"":null,""canonical_matchup_probability"":null,""playstyle_class_1_probability"":null,""playstyle_class_2_probability"":null,""playstyle_uncertainty"":null,""playstyle_unknown_probability"":null,""prior_above_role_median_rate"":0.669768796610907,""prior_champion_observation_count"":50,""prior_core_state"":null,""prior_effective_evidence"":45.39415700962169,""prior_median_performance"":19.502000000000002,""prior_player_rating"":1513.5908410796953,""prior_q25_performance"":13.67,""prior_raw_observation_count"":50,""prior_residual_uncertainty"":0.10932024412777612,""prior_role_adjusted_kp"":-0.16277403070200064,""prior_role_relative_rating"":0.1359084107969533,""prior_starter_reliability"":0.94139036661137,""prior_team_state"":null,""prior_team_strength"":null,""schedule_opponent_context"":null}",,22.191666666666666,2026 - Split 1,lcs_fantasy_split1_2026_reconstructed_v1,"{""dataset"":""feature_provenance"",""max_source_timestamp"":""2024-08-10T20:51:54Z""}",RECONSTRUCTED_NON_OFFICIAL_SPLIT1_2026_RULES,RECONSTRUCTED_COMPLETE_UNDER_POLICY;RECONSTRUCTED_EXCLUDED_COMPONENTS;RECONSTRUCTED_PROXY_USED
oe:player:1efc4e5732e91520d03385900b903f9,oe:team:fc8e90107dabb9a35c490b0d86adea0,TOP,period:c0a1c4ffff2a32aacb10,2024-08-23T20:07:51Z,true,protected_selection_2024,"{""bo_format_context"":null,""canonical_matchup_probability"":null,""playstyle_class_1_probability"":0.21689432837052358,""playstyle_class_2_probability"":0.5386522020260247,""playstyle_uncertainty"":0.28543724726339215,""playstyle_unknown_probability"":0.24445346960345168,""prior_above_role_median_rate"":0.6060956326472384,""prior_champion_observation_count"":16,""prior_core_state"":null,""prior_effective_evidence"":15.893803797484763,""prior_median_performance"":12.641,""prior_player_rating"":1501.5206241072565,""prior_q25_performance"":9.3,""prior_raw_observation_count"":16,""prior_residual_uncertainty"":0.21175556407027993,""prior_role_adjusted_kp"":-0.31246869607765365,""prior_role_relative_rating"":0.015206241072565204,""prior_starter_reliability"":0.8873326531185877,""prior_team_state"":null,""prior_team_strength"":null,""schedule_opponent_context"":null}",,8.962499999999999,2026 - Split 1,lcs_fantasy_split1_2026_reconstructed_v1,"{""dataset"":""feature_provenance"",""max_source_timestamp"":""2024-08-11T20:52:02Z""}",RECONSTRUCTED_NON_OFFICIAL_SPLIT1_2026_RULES,RECONSTRUCTED_COMPLETE_UNDER_POLICY;RECONSTRUCTED_EXCLUDED_COMPONENTS;RECONSTRUCTED_PROXY_USED
oe:player:21f59b54f62b5b8b4bc0f63f0f617fc,oe:team:8eb884e168f28402ce685bedebb5250,TOP,period:c0a1c4ffff2a32aacb10,2024-08-23T20:07:51Z,true,protected_selection_2024,"{""bo_format_context"":null,""canonical_matchup_probability"":null,""playstyle_class_1_probability"":0.34613717020676443,""playstyle_class_2_probability"":0.4741659599771976,""playstyle_uncertainty"":0.34282652650520523,""playstyle_unknown_probability"":0.179696869816038,""prior_above_role_median_rate"":0.644334245451142,""prior_champion_observation_count"":303,""prior_core_state"":null,""prior_effective_evidence"":65.55676829226019,""prior_median_performance"":14.973,""prior_player_rating"":1516.9942262289926,""prior_q25_performance"":8.620000000000001,""prior_raw_observation_count"":303,""prior_residual_uncertainty"":0.11687287980602556,""prior_role_adjusted_kp"":-0.0280661134858894,""prior_role_relative_rating"":0.16994226228992623,""prior_starter_reliability"":0.9508539520182455,""prior_team_state"":null,""prior_team_strength"":null,""schedule_opponent_context"":null}",,26.848,2026 - Split 1,lcs_fantasy_split1_2026_reconstructed_v1,"{""dataset"":""feature_provenance"",""max_source_timestamp"":""2024-08-10T20:51:54Z""}",RECONSTRUCTED_NON_OFFICIAL_SPLIT1_2026_RULES,RECONSTRUCTED_COMPLETE_UNDER_POLICY;RECONSTRUCTED_EXCLUDED_COMPONENTS;RECONSTRUCTED_PROXY_USED
oe:player:3e722c8ede909c83af9342c41805a16,oe:team:2e66da41dc460dd378e3bcc57042d31,SUP,period:c0a1c4ffff2a32aacb10,2024-08-23T20:07:51Z,true,protected_selection_2024,"{""bo_format_context"":null,""canonical_matchup_probability"":null,""playstyle_class_1_probability"":0.46558231561433705,""playstyle_class_2_probability"":0.22738715293713269,""playstyle_uncertainty"":0.369306455276274,""playstyle_unknown_probability"":0.3070305314485303,""prior_above_role_median_rate"":0.6207543727835128,""prior_champion_observation_count"":99,""prior_core_state"":null,""prior_effective_evidence"":57.63762929013411,""prior_median_performance"":19.901699999999998,""prior_player_rating"":1512.1261020838556,""prior_q25_performance"":10.6304,""prior_raw_observation_count"":99,""prior_residual_uncertainty"":0.11498691975528623,""prior_role_adjusted_kp"":-0.06257469564610552,""prior_role_relative_rating"":0.12126102083855533,""prior_starter_reliability"":0.9508961732251667,""prior_team_state"":null,""prior_team_strength"":null,""schedule_opponent_context"":null}",,18.516475,2026 - Split 1,lcs_fantasy_split1_2026_reconstructed_v1,"{""dataset"":""feature_provenance"",""max_source_timestamp"":""2024-08-18T22:50:10Z""}",RECONSTRUCTED_NON_OFFICIAL_SPLIT1_2026_RULES,RECONSTRUCTED_COMPLETE_UNDER_POLICY;RECONSTRUCTED_EXCLUDED_COMPONENTS;RECONSTRUCTED_PROXY_USED
oe:player:40704dfd2d966862568d29770de57bd,oe:team:0dbb780176ecad18f17292d1f5653af,SUP,period:c0a1c4ffff2a32aacb10,2024-08-23T20:07:51Z,true,protected_selection_2024,"{""bo_format_context"":null,""canonical_matchup_probability"":null,""playstyle_class_1_probability"":0.6482872442903571,""playstyle_class_2_probability"":0.15963034648621086,""playstyle_uncertainty"":0.2811090909731542,""playstyle_unknown_probability"":0.1920824092234321,""prior_above_role_median_rate"":0.3863277860827556,""prior_champion_observation_count"":54,""prior_core_state"":null,""prior_effective_evidence"":34.63555825457096,""prior_median_performance"":13.2797,""prior_player_rating"":1489.9314510571012,""prior_q25_performance"":7.1438999999999995,""prior_raw_observation_count"":54,""prior_residual_uncertainty"":0.13703536697148452,""prior_role_adjusted_kp"":-0.054612387700659244,""prior_role_relative_rating"":-0.10068548942898849,""prior_starter_reliability"":0.9327204820338909,""prior_team_state"":null,""prior_team_strength"":null,""schedule_opponent_context"":null}",,15.05752,2026 - Split 1,lcs_fantasy_split1_2026_reconstructed_v1,"{""dataset"":""feature_provenance"",""max_source_timestamp"":""2024-08-17T21:40:59Z""}",RECONSTRUCTED_NON_OFFICIAL_SPLIT1_2026_RULES,RECONSTRUCTED_COMPLETE_UNDER_POLICY;RECONSTRUCTED_EXCLUDED_COMPONENTS;RECONSTRUCTED_PROXY_USED
oe:player:460ae5a7af8d68f7831b70307210ab3,oe:team:fc8e90107dabb9a35c490b0d86adea0,BOT,period:c0a1c4ffff2a32aacb10,2024-08-23T20:07:51Z,true,protected_selection_2024,"{""bo_format_context"":null,""canonical_matchup_probability"":null,""playstyle_class_1_probability"":null,""playstyle_class_2_probability"":null,""playstyle_uncertainty"":null,""playstyle_unknown_probability"":null,""prior_above_role_median_rate"":0.5940877936946145,""prior_champion_observation_count"":157,""prior_core_state"":null,""prior_effective_evidence"":58.14634406189116,""prior_median_performance"":19.945999999999998,""prior_player_rating"":1516.0920366591017,""prior_q25_performance"":11.137,""prior_raw_observation_count"":157,""prior_residual_uncertainty"":0.12184765136361914,""prior_role_adjusted_kp"":0.1463837395536555,""prior_role_relative_rating"":0.1609203665910163,""prior_starter_reliability"":0.94436631621748,""prior_team_state"":null,""prior_team_strength"":null,""schedule_opponent_context"":null}",,11.40025,2026 - Split 1,lcs_fantasy_split1_2026_reconstructed_v1,"{""dataset"":""feature_provenance"",""max_source_timestamp"":""2024-08-11T20:52:02Z""}",RECONSTRUCTED_NON_OFFICIAL_SPLIT1_2026_RULES,RECONSTRUCTED_COMPLETE_UNDER_POLICY;RECONSTRUCTED_EXCLUDED_COMPONENTS;RECONSTRUCTED_PROXY_USED
oe:player:5385f74da3e5deb5b66d9a1ee56cf97,oe:team:e758ebe9a5a2cc81b9c8078479c2d87,TOP,period:c0a1c4ffff2a32aacb10,2024-08-23T20:07:51Z,true,protected_selection_2024,"{""bo_format_context"":null,""canonical_matchup_probability"":null,""playstyle_class_1_probability"":0.31807697144593944,""playstyle_class_2_probability"":0.49135381430058933,""playstyle_uncertainty"":0.3353334839642996,""playstyle_unknown_probability"":0.1905692142534712,""prior_above_role_median_rate"":0.42343761184768575,""prior_champion_observation_count"":137,""prior_core_state"":null,""prior_effective_evidence"":58.46118096693575,""prior_median_performance"":8.77,""prior_player_rating"":1481.2533249466564,""prior_q25_performance"":3.5,""prior_raw_observation_count"":137,""prior_residual_uncertainty"":0.11583079948720845,""prior_role_adjusted_kp"":-0.17158646637415567,""prior_role_relative_rating"":-0.18746675053343473,""prior_starter_reliability"":0.9475416581229222,""prior_team_state"":null,""prior_team_strength"":null,""schedule_opponent_context"":null}",,14.703,2026 - Split 1,lcs_fantasy_split1_2026_reconstructed_v1,"{""dataset"":""feature_provenance"",""max_source_timestamp"":""2024-08-18T22:50:10Z""}",RECONSTRUCTED_NON_OFFICIAL_SPLIT1_2026_RULES,RECONSTRUCTED_COMPLETE_UNDER_POLICY;RECONSTRUCTED_EXCLUDED_COMPONENTS;RECONSTRUCTED_PROXY_USED
oe:player:6378658dafc3eeb902fa2e52f909172,oe:team:4bd1751425ef6a9bc9d4d8e9385b4a6,BOT,period:c0a1c4ffff2a32aacb10,2024-08-23T20:07:51Z,true,protected_selection_2024,"{""bo_format_context"":null,""canonical_matchup_probability"":null,""playstyle_class_1_probability"":null,""playstyle_class_2_probability"":null,""playstyle_uncertainty"":null,""playstyle_unknown_probability"":null,""prior_above_role_median_rate"":0.5999181938871894,""prior_champion_observation_count"":75,""prior_core_state"":null,""prior_effective_evidence"":35.54951747342714,""prior_median_performance"":16.46,""prior_player_rating"":1510.6016467856477,""prior_q25_performance"":10.76,""prior_raw_observation_count"":75,""prior_residual_uncertainty"":0.15377807006045935,""prior_role_adjusted_kp"":0.04212127719462852,""prior_role_relative_rating"":0.10601646785647721,""prior_starter_reliability"":0.9172466183687812,""prior_team_state"":null,""prior_team_strength"":null,""schedule_opponent_context"":null}",,7.010000000000001,2026 - Split 1,lcs_fantasy_split1_2026_reconstructed_v1,"{""dataset"":""feature_provenance"",""max_source_timestamp"":""2024-08-17T21:40:59Z""}",RECONSTRUCTED_NON_OFFICIAL_SPLIT1_2026_RULES,RECONSTRUCTED_COMPLETE_UNDER_POLICY;RECONSTRUCTED_EXCLUDED_COMPONENTS;RECONSTRUCTED_PROXY_USED
oe:player:73d2b65353d7b00e0f198ffdc085edc,oe:team:e758ebe9a5a2cc81b9c8078479c2d87,BOT,period:c0a1c4ffff2a32aacb10,2024-08-23T20:07:51Z,true,protected_selection_2024,"{""bo_format_context"":null,""canonical_matchup_probability"":null,""playstyle_class_1_probability"":null,""playstyle_class_2_probability"":null,""playstyle_uncertainty"":null,""playstyle_unknown_probability"":null,""prior_above_role_median_rate"":0.39445959419258847,""prior_champion_observation_count"":305,""prior_core_state"":null,""prior_effective_evidence"":60.74070371773409,""prior_median_performance"":13.05,""prior_player_rating"":1493.8459513823568,""prior_q25_performance"":6.873,""prior_raw_observation_count"":305,""prior_residual_uncertainty"":0.11383181200390703,""prior_role_adjusted_kp"":0.13199422754632956,""prior_role_relative_rating"":-0.06154048617643235,""prior_starter_reliability"":0.9484360121982589,""prior_team_state"":null,""prior_team_strength"":null,""schedule_opponent_context"":null}",,21.5036,2026 - Split 1,lcs_fantasy_split1_2026_reconstructed_v1,"{""dataset"":""feature_provenance"",""max_source_timestamp"":""2024-08-18T22:50:10Z""}",RECONSTRUCTED_NON_OFFICIAL_SPLIT1_2026_RULES,RECONSTRUCTED_COMPLETE_UNDER_POLICY;RECONSTRUCTED_EXCLUDED_COMPONENTS;RECONSTRUCTED_PROXY_USED
oe:player:7c3395efccd48fe73592001501bef83,oe:team:4bd1751425ef6a9bc9d4d8e9385b4a6,JGL,period:c0a1c4ffff2a32aacb10,2024-08-23T20:07:51Z,true,protected_selection_2024,"{""bo_format_context"":null,""canonical_matchup_probability"":null,""playstyle_class_1_probability"":null,""playstyle_class_2_probability"":null,""playstyle_uncertainty"":null,""playstyle_unknown_probability"":null,""prior_above_role_median_rate"":0.5041666895197453,""prior_champion_observation_count"":160,""prior_core_state"":null,""prior_effective_evidence"":63.43026616032924,""prior_median_performance"":15.22,""prior_player_rating"":1494.7070741089765,""prior_q25_performance"":8.96,""prior_raw_observation_count"":160,""prior_residual_uncertainty"":0.10300495242995196,""prior_role_adjusted_kp"":-0.19984264215448913,""prior_role_relative_rating"":-0.05292925891023545,""prior_starter_reliability"":0.9510182509412516,""prior_team_state"":null,""prior_team_strength"":null,""schedule_opponent_context"":null}",,10.271333333333333,2026 - Split 1,lcs_fantasy_split1_2026_reconstructed_v1,"{""dataset"":""feature_provenance"",""max_source_timestamp"":""2024-08-17T21:40:59Z""}",RECONSTRUCTED_NON_OFFICIAL_SPLIT1_2026_RULES,RECONSTRUCTED_COMPLETE_UNDER_POLICY;RECONSTRUCTED_EXCLUDED_COMPONENTS;RECONSTRUCTED_PROXY_USED
oe:player:7e0e7ac2a199e8e2ecb30499a3b2153,oe:team:0dbb780176ecad18f17292d1f5653af,MID,period:c0a1c4ffff2a32aacb10,2024-08-23T20:07:51Z,true,protected_selection_2024,"{""bo_format_context"":null,""canonical_matchup_probability"":null,""playstyle_class_1_probability"":null,""playstyle_class_2_probability"":null,""playstyle_uncertainty"":null,""playstyle_unknown_probability"":null,""prior_above_role_median_rate"":0.49547563957257446,""prior_champion_observation_count"":267,""prior_core_state"":null,""prior_effective_evidence"":59.07719871657164,""prior_median_performance"":13.530000000000001,""prior_player_rating"":1500.218087456771,""prior_q25_performance"":7.68,""prior_raw_observation_count"":267,""prior_residual_uncertainty"":0.1363065135024262,""prior_role_adjusted_kp"":0.015943839917099387,""prior_role_relative_rating"":0.002180874567709587,""prior_starter_reliability"":0.9498731550818751,""prior_team_state"":null,""prior_team_strength"":null,""schedule_opponent_context"":null}",,14.2726,2026 - Split 1,lcs_fantasy_split1_2026_reconstructed_v1,"{""dataset"":""feature_provenance"",""max_source_timestamp"":""2024-08-17T21:40:59Z""}",RECONSTRUCTED_NON_OFFICIAL_SPLIT1_2026_RULES,RECONSTRUCTED_COMPLETE_UNDER_POLICY;RECONSTRUCTED_EXCLUDED_COMPONENTS;RECONSTRUCTED_PROXY_USED
oe:player:7e2505960c12cc54c96a0a6efb2e055,oe:team:2e66da41dc460dd378e3bcc57042d31,TOP,period:c0a1c4ffff2a32aacb10,2024-08-23T20:07:51Z,true,protected_selection_2024,"{""bo_format_context"":null,""canonical_matchup_probability"":null,""playstyle_class_1_probability"":0.24135825034728817,""playstyle_class_2_probability"":0.5086168831412835,""playstyle_uncertainty"":0.3535040572048874,""playstyle_unknown_probability"":0.25002486651142847,""prior_above_role_median_rate"":0.5295269519526725,""prior_champion_observation_count"":128,""prior_core_state"":null,""prior_effective_evidence"":47.303119266693265,""prior_median_performance"":13.419,""prior_player_rating"":1507.056455224043,""prior_q25_performance"":8.049,""prior_raw_observation_count"":128,""prior_residual_uncertainty"":0.12723570720016228,""prior_role_adjusted_kp"":0.10030301133434391,""prior_role_relative_rating"":0.07056455224043096,""prior_starter_reliability"":0.9457400782739247,""prior_team_state"":null,""prior_team_strength"":null,""schedule_opponent_context"":null}",,14.3185,2026 - Split 1,lcs_fantasy_split1_2026_reconstructed_v1,"{""dataset"":""feature_provenance"",""max_source_timestamp"":""2024-08-18T22:50:10Z""}",RECONSTRUCTED_NON_OFFICIAL_SPLIT1_2026_RULES,RECONSTRUCTED_COMPLETE_UNDER_POLICY;RECONSTRUCTED_EXCLUDED_COMPONENTS;RECONSTRUCTED_PROXY_USED
oe:player:81acc6bcde5c927c78e0990e9887f84,oe:team:fc8e90107dabb9a35c490b0d86adea0,SUP,period:c0a1c4ffff2a32aacb10,2024-08-23T20:07:51Z,true,protected_selection_2024,"{""bo_format_context"":null,""canonical_matchup_probability"":null,""playstyle_class_1_probability"":0.49491106806779744,""playstyle_class_2_probability"":0.2854849285541848,""playstyle_uncertainty"":0.36430135352198595,""playstyle_unknown_probability"":0.2196040033780177,""prior_above_role_median_rate"":0.5817237565972044,""prior_champion_observation_count"":318,""prior_core_state"":null,""prior_effective_evidence"":53.78190769787647,""prior_median_performance"":18.161099999999998,""prior_player_rating"":1511.600984570056,""prior_q25_performance"":10.5587,""prior_raw_observation_count"":318,""prior_residual_uncertainty"":0.11497243775034598,""prior_role_adjusted_kp"":0.036421573419546605,""prior_role_relative_rating"":0.11600984570055882,""prior_starter_reliability"":0.9419625890792496,""prior_team_state"":null,""prior_team_strength"":null,""schedule_opponent_context"":null}",,9.923675000000001,2026 - Split 1,lcs_fantasy_split1_2026_reconstructed_v1,"{""dataset"":""feature_provenance"",""max_source_timestamp"":""2024-08-11T20:52:02Z""}",RECONSTRUCTED_NON_OFFICIAL_SPLIT1_2026_RULES,RECONSTRUCTED_COMPLETE_UNDER_POLICY;RECONSTRUCTED_EXCLUDED_COMPONENTS;RECONSTRUCTED_PROXY_USED
oe:player:83eb62484689106807fcf5ad55b5479,oe:team:fc8e90107dabb9a35c490b0d86adea0,MID,period:c0a1c4ffff2a32aacb10,2024-08-23T20:07:51Z,true,protected_selection_2024,"{""bo_format_context"":null,""canonical_matchup_probability"":null,""playstyle_class_1_probability"":null,""playstyle_class_2_probability"":null,""playstyle_uncertainty"":null,""playstyle_unknown_probability"":null,""prior_above_role_median_rate"":0.5081353677727618,""prior_champion_observation_count"":179,""prior_core_state"":null,""prior_effective_evidence"":58.195317625618266,""prior_median_performance"":16.051000000000002,""prior_player_rating"":1500.0556516030472,""prior_q25_performance"":10.18,""prior_raw_observation_count"":179,""prior_residual_uncertainty"":0.11319991575587302,""prior_role_adjusted_kp"":-0.01758486728638101,""prior_role_relative_rating"":0.0005565160304728195,""prior_starter_reliability"":0.9443448562556666,""prior_team_state"":null,""prior_team_strength"":null,""schedule_opponent_context"":null}",,9.27175,2026 - Split 1,lcs_fantasy_split1_2026_reconstructed_v1,"{""dataset"":""feature_provenance"",""max_source_timestamp"":""2024-08-11T20:52:02Z""}",RECONSTRUCTED_NON_OFFICIAL_SPLIT1_2026_RULES,RECONSTRUCTED_COMPLETE_UNDER_POLICY;RECONSTRUCTED_EXCLUDED_COMPONENTS;RECONSTRUCTED_PROXY_USED
oe:player:8a5dbe19794784cfd0553556844f045,oe:team:e758ebe9a5a2cc81b9c8078479c2d87,JGL,period:c0a1c4ffff2a32aacb10,2024-08-23T20:07:51Z,true,protected_selection_2024,"{""bo_format_context"":null,""canonical_matchup_probability"":null,""playstyle_class_1_probability"":null,""playstyle_class_2_probability"":null,""playstyle_uncertainty"":null,""playstyle_unknown_probability"":null,""prior_above_role_median_rate"":0.43802229685240507,""prior_champion_observation_count"":189,""prior_core_state"":null,""prior_effective_evidence"":59.518345198270495,""prior_median_performance"":13.063,""prior_player_rating"":1499.9383697623487,""prior_q25_performance"":7.578,""prior_raw_observation_count"":189,""prior_residual_uncertainty"":0.11945804734628014,""prior_role_adjusted_kp"":0.20453941915068688,""prior_role_relative_rating"":-0.0006163023765144151,""prior_starter_reliability"":0.9479643035187579,""prior_team_state"":null,""prior_team_strength"":null,""schedule_opponent_context"":null}",,18.624599999999997,2026 - Split 1,lcs_fantasy_split1_2026_reconstructed_v1,"{""dataset"":""feature_provenance"",""max_source_timestamp"":""2024-08-18T22:50:10Z""}",RECONSTRUCTED_NON_OFFICIAL_SPLIT1_2026_RULES,RECONSTRUCTED_COMPLETE_UNDER_POLICY;RECONSTRUCTED_EXCLUDED_COMPONENTS;RECONSTRUCTED_PROXY_USED
oe:player:8f8eaac8e99c203ee76e57c5c81c91f,oe:team:4bd1751425ef6a9bc9d4d8e9385b4a6,MID,period:c0a1c4ffff2a32aacb10,2024-08-23T20:07:51Z,true,protected_selection_2024,"{""bo_format_context"":null,""canonical_matchup_probability"":null,""playstyle_class_1_probability"":null,""playstyle_class_2_probability"":null,""playstyle_uncertainty"":null,""playstyle_unknown_probability"":null,""prior_above_role_median_rate"":0.5759498870603078,""prior_champion_observation_count"":65,""prior_core_state"":null,""prior_effective_evidence"":47.63038170700594,""prior_median_performance"":19.73,""prior_player_rating"":1512.486565340765,""prior_q25_performance"":11.118,""prior_raw_observation_count"":65,""prior_residual_uncertainty"":0.1501335098054237,""prior_role_adjusted_kp"":-0.07270912995778592,""prior_role_relative_rating"":0.12486565340764991,""prior_starter_reliability"":0.9437389545166265,""prior_team_state"":null,""prior_team_strength"":null,""schedule_opponent_context"":null}",,9.816666666666666,2026 - Split 1,lcs_fantasy_split1_2026_reconstructed_v1,"{""dataset"":""feature_provenance"",""max_source_timestamp"":""2024-08-17T21:40:59Z""}",RECONSTRUCTED_NON_OFFICIAL_SPLIT1_2026_RULES,RECONSTRUCTED_COMPLETE_UNDER_POLICY;RECONSTRUCTED_EXCLUDED_COMPONENTS;RECONSTRUCTED_PROXY_USED
oe:player:9191e392e93a6ef011ef76b5b83ee6c,oe:team:e758ebe9a5a2cc81b9c8078479c2d87,SUP,period:c0a1c4ffff2a32aacb10,2024-08-23T20:07:51Z,true,protected_selection_2024,"{""bo_format_context"":null,""canonical_matchup_probability"":null,""playstyle_class_1_probability"":0.5835138036189913,""playstyle_class_2_probability"":0.15253145268989773,""playstyle_uncertainty"":0.3756360949580286,""playstyle_unknown_probability"":0.26395474369111094,""prior_above_role_median_rate"":0.3948094248918217,""prior_champion_observation_count"":296,""prior_core_state"":null,""prior_effective_evidence"":60.17552201035427,""prior_median_performance"":12.343,""prior_player_rating"":1492.4486416836658,""prior_q25_performance"":7.6476,""prior_raw_observation_count"":296,""prior_residual_uncertainty"":0.107614201466331,""prior_role_adjusted_kp"":-0.038990666509916824,""prior_role_relative_rating"":-0.07551358316334329,""prior_starter_reliability"":0.9480974727565098,""prior_team_state"":null,""prior_team_strength"":null,""schedule_opponent_context"":null}",,23.27054,2026 - Split 1,lcs_fantasy_split1_2026_reconstructed_v1,"{""dataset"":""feature_provenance"",""max_source_timestamp"":""2024-08-18T22:50:10Z""}",RECONSTRUCTED_NON_OFFICIAL_SPLIT1_2026_RULES,RECONSTRUCTED_COMPLETE_UNDER_POLICY;RECONSTRUCTED_EXCLUDED_COMPONENTS;RECONSTRUCTED_PROXY_USED
oe:player:a8307167f3a1c933295bb9e3d43700e,oe:team:2e66da41dc460dd378e3bcc57042d31,JGL,period:c0a1c4ffff2a32aacb10,2024-08-23T20:07:51Z,true,protected_selection_2024,"{""bo_format_context"":null,""canonical_matchup_probability"":null,""playstyle_class_1_probability"":null,""playstyle_class_2_probability"":null,""playstyle_uncertainty"":null,""playstyle_unknown_probability"":null,""prior_above_role_median_rate"":0.6634896917351476,""prior_champion_observation_count"":159,""prior_core_state"":null,""prior_effective_evidence"":52.91630608889608,""prior_median_performance"":19.46,""prior_player_rating"":1512.0489092061503,""prior_q25_performance"":11.527000000000001,""prior_raw_observation_count"":159,""prior_residual_uncertainty"":0.10998897251355572,""prior_role_adjusted_kp"":-0.15349387365407263,""prior_role_relative_rating"":0.12048909206150314,""prior_starter_reliability"":0.9485431821469846,""prior_team_state"":null,""prior_team_strength"":null,""schedule_opponent_context"":null}",,23.451999999999998,2026 - Split 1,lcs_fantasy_split1_2026_reconstructed_v1,"{""dataset"":""feature_provenance"",""max_source_timestamp"":""2024-08-18T22:50:10Z""}",RECONSTRUCTED_NON_OFFICIAL_SPLIT1_2026_RULES,RECONSTRUCTED_COMPLETE_UNDER_POLICY;RECONSTRUCTED_EXCLUDED_COMPONENTS;RECONSTRUCTED_PROXY_USED
oe:player:c145139d26813639b8fe6f4d0b28228,oe:team:2e66da41dc460dd378e3bcc57042d31,BOT,period:c0a1c4ffff2a32aacb10,2024-08-23T20:07:51Z,true,protected_selection_2024,"{""bo_format_context"":null,""canonical_matchup_probability"":null,""playstyle_class_1_probability"":null,""playstyle_class_2_probability"":null,""playstyle_uncertainty"":null,""playstyle_unknown_probability"":null,""prior_above_role_median_rate"":0.6249570326111463,""prior_champion_observation_count"":48,""prior_core_state"":null,""prior_effective_evidence"":43.21600769003447,""prior_median_performance"":17.57,""prior_player_rating"":1505.3999944321736,""prior_q25_performance"":11.23,""prior_raw_observation_count"":48,""prior_residual_uncertainty"":0.13012556858688157,""prior_role_adjusted_kp"":-0.16788987914835615,""prior_role_relative_rating"":0.05399994432173538,""prior_starter_reliability"":0.9434810603579864,""prior_team_state"":null,""prior_team_strength"":null,""schedule_opponent_context"":null}",,22.188000000000002,2026 - Split 1,lcs_fantasy_split1_2026_reconstructed_v1,"{""dataset"":""feature_provenance"",""max_source_timestamp"":""2024-08-18T22:50:10Z""}",RECONSTRUCTED_NON_OFFICIAL_SPLIT1_2026_RULES,RECONSTRUCTED_COMPLETE_UNDER_POLICY;RECONSTRUCTED_EXCLUDED_COMPONENTS;RECONSTRUCTED_PROXY_USED
oe:player:dbe844fcbbc7f54654e54242e79acac,oe:team:4bd1751425ef6a9bc9d4d8e9385b4a6,SUP,period:c0a1c4ffff2a32aacb10,2024-08-23T20:07:51Z,true,protected_selection_2024,"{""bo_format_context"":null,""canonical_matchup_probability"":null,""playstyle_class_1_probability"":0.6205490433867046,""playstyle_class_2_probability"":0.20103476114630947,""playstyle_uncertainty"":0.3076955784800497,""playstyle_unknown_probability"":0.17841619546698584,""prior_above_role_median_rate"":0.5647739729269587,""prior_champion_observation_count"":108,""prior_core_state"":null,""prior_effective_evidence"":55.96038565435317,""prior_median_performance"":18.066499999999998,""prior_player_rating"":1497.383931807066,""prior_q25_performance"":7.7232,""prior_raw_observation_count"":108,""prior_residual_uncertainty"":0.11759493250393081,""prior_role_adjusted_kp"":-0.2629901857875089,""prior_role_relative_rating"":-0.026160681929342185,""prior_starter_reliability"":0.9479906608100506,""prior_team_state"":null,""prior_team_strength"":null,""schedule_opponent_context"":null}",,6.6497,2026 - Split 1,lcs_fantasy_split1_2026_reconstructed_v1,"{""dataset"":""feature_provenance"",""max_source_timestamp"":""2024-08-17T21:40:59Z""}",RECONSTRUCTED_NON_OFFICIAL_SPLIT1_2026_RULES,RECONSTRUCTED_COMPLETE_UNDER_POLICY;RECONSTRUCTED_EXCLUDED_COMPONENTS;RECONSTRUCTED_PROXY_USED
oe:player:e03d0722b6dce835cde3268c08c4f54,oe:team:0dbb780176ecad18f17292d1f5653af,TOP,period:c0a1c4ffff2a32aacb10,2024-08-23T20:07:51Z,true,protected_selection_2024,"{""bo_format_context"":null,""canonical_matchup_probability"":null,""playstyle_class_1_probability"":0.3547347567683252,""playstyle_class_2_probability"":0.4387564092168862,""playstyle_uncertainty"":0.363347576423413,""playstyle_unknown_probability"":0.2065088340147886,""prior_above_role_median_rate"":0.4138417022502856,""prior_champion_observation_count"":241,""prior_core_state"":null,""prior_effective_evidence"":40.532708261335735,""prior_median_performance"":11.15,""prior_player_rating"":1478.3952369416043,""prior_q25_performance"":3.47,""prior_raw_observation_count"":241,""prior_residual_uncertainty"":0.14192804416497504,""prior_role_adjusted_kp"":-0.31843231375323083,""prior_role_relative_rating"":-0.21604763058395773,""prior_starter_reliability"":0.9329317391307759,""prior_team_state"":null,""prior_team_strength"":null,""schedule_opponent_context"":null}",,14.380600000000001,2026 - Split 1,lcs_fantasy_split1_2026_reconstructed_v1,"{""dataset"":""feature_provenance"",""max_source_timestamp"":""2024-08-17T21:40:59Z""}",RECONSTRUCTED_NON_OFFICIAL_SPLIT1_2026_RULES,RECONSTRUCTED_COMPLETE_UNDER_POLICY;RECONSTRUCTED_EXCLUDED_COMPONENTS;RECONSTRUCTED_PROXY_USED
oe:player:e9017664588010860a92ceb5f8fcb82,oe:team:2e66da41dc460dd378e3bcc57042d31,MID,period:c0a1c4ffff2a32aacb10,2024-08-23T20:07:51Z,true,protected_selection_2024,"{""bo_format_context"":null,""canonical_matchup_probability"":null,""playstyle_class_1_probability"":null,""playstyle_class_2_probability"":null,""playstyle_uncertainty"":null,""playstyle_unknown_probability"":null,""prior_above_role_median_rate"":0.6972051696343439,""prior_champion_observation_count"":22,""prior_core_state"":null,""prior_effective_evidence"":21.827779132591377,""prior_median_performance"":21.785,""prior_player_rating"":1525.9714406110586,""prior_q25_performance"":15.84,""prior_raw_observation_count"":22,""prior_residual_uncertainty"":0.1711788408142117,""prior_role_adjusted_kp"":-0.021517658184154805,""prior_role_relative_rating"":0.2597144061105867,""prior_starter_reliability"":0.9144540269398598,""prior_team_state"":null,""prior_team_strength"":null,""schedule_opponent_context"":null}",,26.53225,2026 - Split 1,lcs_fantasy_split1_2026_reconstructed_v1,"{""dataset"":""feature_provenance"",""max_source_timestamp"":""2024-08-18T22:50:10Z""}",RECONSTRUCTED_NON_OFFICIAL_SPLIT1_2026_RULES,RECONSTRUCTED_COMPLETE_UNDER_POLICY;RECONSTRUCTED_EXCLUDED_COMPONENTS;RECONSTRUCTED_PROXY_USED
oe:player:ea9ed09584feecae0991089f087d2ce,oe:team:8eb884e168f28402ce685bedebb5250,MID,period:c0a1c4ffff2a32aacb10,2024-08-23T20:07:51Z,true,protected_selection_2024,"{""bo_format_context"":null,""canonical_matchup_probability"":null,""playstyle_class_1_probability"":null,""playstyle_class_2_probability"":null,""playstyle_uncertainty"":null,""playstyle_unknown_probability"":null,""prior_above_role_median_rate"":0.7229101073091118,""prior_champion_observation_count"":80,""prior_core_state"":null,""prior_effective_evidence"":58.19396014204405,""prior_median_performance"":19.1,""prior_player_rating"":1522.7681883937917,""prior_q25_performance"":15.06,""prior_raw_observation_count"":80,""prior_residual_uncertainty"":0.10446475583912804,""prior_role_adjusted_kp"":-0.09423831599492447,""prior_role_relative_rating"":0.22768188393791725,""prior_starter_reliability"":0.9483197025976139,""prior_team_state"":null,""prior_team_strength"":null,""schedule_opponent_context"":null}",,25.501000000000005,2026 - Split 1,lcs_fantasy_split1_2026_reconstructed_v1,"{""dataset"":""feature_provenance"",""max_source_timestamp"":""2024-08-10T20:51:54Z""}",RECONSTRUCTED_NON_OFFICIAL_SPLIT1_2026_RULES,RECONSTRUCTED_COMPLETE_UNDER_POLICY;RECONSTRUCTED_EXCLUDED_COMPONENTS;RECONSTRUCTED_PROXY_USED
oe:player:ed455f823b6586e9e3621dfb5aeb42e,oe:team:fc8e90107dabb9a35c490b0d86adea0,JGL,period:c0a1c4ffff2a32aacb10,2024-08-23T20:07:51Z,true,protected_selection_2024,"{""bo_format_context"":null,""canonical_matchup_probability"":null,""playstyle_class_1_probability"":null,""playstyle_class_2_probability"":null,""playstyle_uncertainty"":null,""playstyle_unknown_probability"":null,""prior_above_role_median_rate"":0.6263466989558493,""prior_champion_observation_count"":320,""prior_core_state"":null,""prior_effective_evidence"":59.75002558052076,""prior_median_performance"":19.855,""prior_player_rating"":1512.3782374328243,""prior_q25_performance"":9.879999999999999,""prior_raw_observation_count"":320,""prior_residual_uncertainty"":0.10311911856079573,""prior_role_adjusted_kp"":0.14048431885003024,""prior_role_relative_rating"":0.12378237432824331,""prior_starter_reliability"":0.9450396504634887,""prior_team_state"":null,""prior_team_strength"":null,""schedule_opponent_context"":null}",,5.291250000000001,2026 - Split 1,lcs_fantasy_split1_2026_reconstructed_v1,"{""dataset"":""feature_provenance"",""max_source_timestamp"":""2024-08-11T20:52:02Z""}",RECONSTRUCTED_NON_OFFICIAL_SPLIT1_2026_RULES,RECONSTRUCTED_COMPLETE_UNDER_POLICY;RECONSTRUCTED_EXCLUDED_COMPONENTS;RECONSTRUCTED_PROXY_USED
oe:player:f6b8af05a5af22004a67a78f3046b92,oe:team:8eb884e168f28402ce685bedebb5250,BOT,period:c0a1c4ffff2a32aacb10,2024-08-23T20:07:51Z,true,protected_selection_2024,"{""bo_format_context"":null,""canonical_matchup_probability"":null,""playstyle_class_1_probability"":null,""playstyle_class_2_probability"":null,""playstyle_uncertainty"":null,""playstyle_unknown_probability"":null,""prior_above_role_median_rate"":0.6299783040744042,""prior_champion_observation_count"":110,""prior_core_state"":null,""prior_effective_evidence"":66.55448797555665,""prior_median_performance"":19.945,""prior_player_rating"":1517.888102184675,""prior_q25_performance"":13.61,""prior_raw_observation_count"":110,""prior_residual_uncertainty"":0.11329599609960932,""prior_role_adjusted_kp"":-0.12221687289454869,""prior_role_relative_rating"":0.17888102184675167,""prior_starter_reliability"":0.9516307051457131,""prior_team_state"":null,""prior_team_strength"":null,""schedule_opponent_context"":null}",,25.658666666666665,2026 - Split 1,lcs_fantasy_split1_2026_reconstructed_v1,"{""dataset"":""feature_provenance"",""max_source_timestamp"":""2024-08-10T20:51:54Z""}",RECONSTRUCTED_NON_OFFICIAL_SPLIT1_2026_RULES,RECONSTRUCTED_COMPLETE_UNDER_POLICY;RECONSTRUCTED_EXCLUDED_COMPONENTS;RECONSTRUCTED_PROXY_USED
oe:player:fbadcf84fcfb01a251de88055f631cb,oe:team:0dbb780176ecad18f17292d1f5653af,JGL,period:c0a1c4ffff2a32aacb10,2024-08-23T20:07:51Z,true,protected_selection_2024,"{""bo_format_context"":null,""canonical_matchup_probability"":null,""playstyle_class_1_probability"":null,""playstyle_class_2_probability"":null,""playstyle_uncertainty"":null,""playstyle_unknown_probability"":null,""prior_above_role_median_rate"":0.4749713404220529,""prior_champion_observation_count"":238,""prior_core_state"":null,""prior_effective_evidence"":34.35319725643582,""prior_median_performance"":15.082,""prior_player_rating"":1495.0494382022243,""prior_q25_performance"":7.0,""prior_raw_observation_count"":238,""prior_residual_uncertainty"":0.14315234823924988,""prior_role_adjusted_kp"":0.0987234800400316,""prior_role_relative_rating"":-0.04950561797775738,""prior_starter_reliability"":0.9273117698003986,""prior_team_state"":null,""prior_team_strength"":null,""schedule_opponent_context"":null}",,17.0352,2026 - Split 1,lcs_fantasy_split1_2026_reconstructed_v1,"{""dataset"":""feature_provenance"",""max_source_timestamp"":""2024-08-17T21:40:59Z""}",RECONSTRUCTED_NON_OFFICIAL_SPLIT1_2026_RULES,RECONSTRUCTED_COMPLETE_UNDER_POLICY;RECONSTRUCTED_EXCLUDED_COMPONENTS;RECONSTRUCTED_PROXY_USED
oe:player:fddde6d256bee26713f64ad9b2a9394,oe:team:e758ebe9a5a2cc81b9c8078479c2d87,MID,period:c0a1c4ffff2a32aacb10,2024-08-23T20:07:51Z,true,protected_selection_2024,"{""bo_format_context"":null,""canonical_matchup_probability"":null,""playstyle_class_1_probability"":null,""playstyle_class_2_probability"":null,""playstyle_uncertainty"":null,""playstyle_unknown_probability"":null,""prior_above_role_median_rate"":0.3399694307866038,""prior_champion_observation_count"":202,""prior_core_state"":null,""prior_effective_evidence"":59.65342187317917,""prior_median_performance"":11.536,""prior_player_rating"":1477.1852521358041,""prior_q25_performance"":6.288,""prior_raw_observation_count"":202,""prior_residual_uncertainty"":0.114370802378883,""prior_role_adjusted_kp"":-0.2969581494664594,""prior_role_relative_rating"":-0.22814747864195936,""prior_starter_reliability"":0.9480171935724946,""prior_team_state"":null,""prior_team_strength"":null,""schedule_opponent_context"":null}",,25.0066,2026 - Split 1,lcs_fantasy_split1_2026_reconstructed_v1,"{""dataset"":""feature_provenance"",""max_source_timestamp"":""2024-08-18T22:50:10Z""}",RECONSTRUCTED_NON_OFFICIAL_SPLIT1_2026_RULES,RECONSTRUCTED_COMPLETE_UNDER_POLICY;RECONSTRUCTED_EXCLUDED_COMPONENTS;RECONSTRUCTED_PROXY_USED
oe:player:007be3acd5669d100711b13d79e2336,oe:team:4bd1751425ef6a9bc9d4d8e9385b4a6,TOP,period:cdd6b3ae49979eef3d9f,2024-08-10T20:07:50Z,true,protected_selection_2024,"{""bo_format_context"":null,""canonical_matchup_probability"":null,""playstyle_class_1_probability"":0.22916095555314964,""playstyle_class_2_probability"":0.6062653076960195,""playstyle_uncertainty"":0.24219782980154875,""playstyle_unknown_probability"":0.16457373675083087,""prior_above_role_median_rate"":0.4886715772593408,""prior_champion_observation_count"":39,""prior_core_state"":null,""prior_effective_evidence"":35.292860738773705,""prior_median_performance"":12.342,""prior_player_rating"":1479.627884337653,""prior_q25_performance"":2.38,""prior_raw_observation_count"":39,""prior_residual_uncertainty"":0.16292977321918684,""prior_role_adjusted_kp"":-0.25129432777244404,""prior_role_relative_rating"":-0.20372115662346946,""prior_starter_reliability"":0.9288832561574789,""prior_team_state"":null,""prior_team_strength"":null,""schedule_opponent_context"":null}",,9.531,2026 - Split 1,lcs_fantasy_split1_2026_reconstructed_v1,"{""dataset"":""feature_provenance"",""max_source_timestamp"":""2024-08-03T22:53:02Z""}",RECONSTRUCTED_NON_OFFICIAL_SPLIT1_2026_RULES,RECONSTRUCTED_COMPLETE_UNDER_POLICY;RECONSTRUCTED_EXCLUDED_COMPONENTS;RECONSTRUCTED_PROXY_USED
oe:player:05fafeaf23dc3285558a4e968970b9f,oe:team:8eb884e168f28402ce685bedebb5250,SUP,period:cdd6b3ae49979eef3d9f,2024-08-10T20:07:50Z,true,protected_selection_2024,"{""bo_format_context"":null,""canonical_matchup_probability"":null,""playstyle_class_1_probability"":0.5314043561210757,""playstyle_class_2_probability"":0.2473734418570093,""playstyle_uncertainty"":0.3577569340290066,""playstyle_unknown_probability"":0.22122220202191506,""prior_above_role_median_rate"":0.6194641679032089,""prior_champion_observation_count"":311,""prior_core_state"":null,""prior_effective_evidence"":71.40498286463695,""prior_median_performance"":18.2698,""prior_player_rating"":1513.5591343578308,""prior_q25_performance"":12.9636,""prior_raw_observation_count"":311,""prior_residual_uncertainty"":0.1,""prior_role_adjusted_kp"":-0.29153776021057354,""prior_role_relative_rating"":0.13559134357830743,""prior_starter_reliability"":0.9533872783187274,""prior_team_state"":null,""prior_team_strength"":null,""schedule_opponent_context"":null}",,31.696199999999997,2026 - Split 1,lcs_fantasy_split1_2026_reconstructed_v1,"{""dataset"":""feature_provenance"",""max_source_timestamp"":""2024-08-04T21:43:36Z""}",RECONSTRUCTED_NON_OFFICIAL_SPLIT1_2026_RULES,RECONSTRUCTED_COMPLETE_UNDER_POLICY;RECONSTRUCTED_EXCLUDED_COMPONENTS;RECONSTRUCTED_PROXY_USED
oe:player:10fcffece0ac7be85f09c4b51a75762,oe:team:0dbb780176ecad18f17292d1f5653af,BOT,period:cdd6b3ae49979eef3d9f,2024-08-10T20:07:50Z,true,protected_selection_2024,"{""bo_format_context"":null,""canonical_matchup_probability"":null,""playstyle_class_1_probability"":null,""playstyle_class_2_probability"":null,""playstyle_uncertainty"":null,""playstyle_unknown_probability"":null,""prior_above_role_median_rate"":0.5353878865687784,""prior_champion_observation_count"":256,""prior_core_state"":null,""prior_effective_evidence"":35.227091293723035,""prior_median_performance"":16.14,""prior_player_rating"":1507.0823396102298,""prior_q25_performance"":8.73,""prior_raw_observation_count"":256,""prior_residual_uncertainty"":0.15960277823514193,""prior_role_adjusted_kp"":0.060187424328437086,""prior_role_relative_rating"":0.07082339610229789,""prior_starter_reliability"":0.9182907160747542,""prior_team_state"":null,""prior_team_strength"":null,""schedule_opponent_context"":null}",,21.265666666666668,2026 - Split 1,lcs_fantasy_split1_2026_reconstructed_v1,"{""dataset"":""feature_provenance"",""max_source_timestamp"":""2024-08-03T20:53:30Z""}",RECONSTRUCTED_NON_OFFICIAL_SPLIT1_2026_RULES,RECONSTRUCTED_COMPLETE_UNDER_POLICY;RECONSTRUCTED_EXCLUDED_COMPONENTS;RECONSTRUCTED_PROXY_USED
oe:player:1970fcb701acce66e0771946bbb3105,oe:team:8eb884e168f28402ce685bedebb5250,JGL,period:cdd6b3ae49979eef3d9f,2024-08-10T20:07:50Z,true,protected_selection_2024,"{""bo_format_context"":null,""canonical_matchup_probability"":null,""playstyle_class_1_probability"":null,""playstyle_class_2_probability"":null,""playstyle_uncertainty"":null,""playstyle_unknown_probability"":null,""prior_above_role_median_rate"":0.6475074946014265,""prior_champion_observation_count"":48,""prior_core_state"":null,""prior_effective_evidence"":43.80724134429931,""prior_median_performance"":19.47,""prior_player_rating"":1508.489692607929,""prior_q25_performance"":12.629999999999999,""prior_raw_observation_count"":48,""prior_residual_uncertainty"":0.10745648656788978,""prior_role_adjusted_kp"":-0.22156721439994545,""prior_role_relative_rating"":0.08489692607929006,""prior_starter_reliability"":0.9406006137011436,""prior_team_state"":null,""prior_team_strength"":null,""schedule_opponent_context"":null}",,31.2405,2026 - Split 1,lcs_fantasy_split1_2026_reconstructed_v1,"{""dataset"":""feature_provenance"",""max_source_timestamp"":""2024-08-04T21:43:36Z""}",RECONSTRUCTED_NON_OFFICIAL_SPLIT1_2026_RULES,RECONSTRUCTED_COMPLETE_UNDER_POLICY;RECONSTRUCTED_EXCLUDED_COMPONENTS;RECONSTRUCTED_PROXY_USED
oe:player:1efc4e5732e91520d03385900b903f9,oe:team:fc8e90107dabb9a35c490b0d86adea0,TOP,period:cdd6b3ae49979eef3d9f,2024-08-10T20:07:50Z,true,protected_selection_2024,"{""bo_format_context"":null,""canonical_matchup_probability"":null,""playstyle_class_1_probability"":0.19081421558319914,""playstyle_class_2_probability"":0.5487124863864637,""playstyle_uncertainty"":0.2927826126044046,""playstyle_unknown_probability"":0.2604732980303372,""prior_above_role_median_rate"":0.7038457844419587,""prior_champion_observation_count"":14,""prior_core_state"":null,""prior_effective_evidence"":13.91918803122912,""prior_median_performance"":15.871,""prior_player_rating"":1506.2167778789822,""prior_q25_performance"":11.620000000000001,""prior_raw_observation_count"":14,""prior_residual_uncertainty"":0.23542025035714423,""prior_role_adjusted_kp"":-0.39250618314799524,""prior_role_relative_rating"":0.06216777878982227,""prior_starter_reliability"":0.8784155115925125,""prior_team_state"":null,""prior_team_strength"":null,""schedule_opponent_context"":null}",,9.759,2026 - Split 1,lcs_fantasy_split1_2026_reconstructed_v1,"{""dataset"":""feature_provenance"",""max_source_timestamp"":""2024-08-04T21:43:36Z""}",RECONSTRUCTED_NON_OFFICIAL_SPLIT1_2026_RULES,RECONSTRUCTED_COMPLETE_UNDER_POLICY;RECONSTRUCTED_EXCLUDED_COMPONENTS;RECONSTRUCTED_PROXY_USED
oe:player:21f59b54f62b5b8b4bc0f63f0f617fc,oe:team:8eb884e168f28402ce685bedebb5250,TOP,period:cdd6b3ae49979eef3d9f,2024-08-10T20:07:50Z,true,protected_selection_2024,"{""bo_format_context"":null,""canonical_matchup_probability"":null,""playstyle_class_1_probability"":0.32287666101491225,""playstyle_class_2_probability"":0.49382242470619864,""playstyle_uncertainty"":0.34458260773753874,""playstyle_unknown_probability"":0.1833009142788892,""prior_above_role_median_rate"":0.6248864682684292,""prior_champion_observation_count"":301,""prior_core_state"":null,""prior_effective_evidence"":64.62960225406336,""prior_median_performance"":14.25,""prior_player_rating"":1514.608862557311,""prior_q25_performance"":8.343,""prior_raw_observation_count"":301,""prior_residual_uncertainty"":0.12019650309890009,""prior_role_adjusted_kp"":-0.03694633705922898,""prior_role_relative_rating"":0.14608862557311084,""prior_starter_reliability"":0.9507129974131497,""prior_team_state"":null,""prior_team_strength"":null,""schedule_opponent_context"":null}",,19.2915,2026 - Split 1,lcs_fantasy_split1_2026_reconstructed_v1,"{""dataset"":""feature_provenance"",""max_source_timestamp"":""2024-08-04T21:43:36Z""}",RECONSTRUCTED_NON_OFFICIAL_SPLIT1_2026_RULES,RECONSTRUCTED_COMPLETE_UNDER_POLICY;RECONSTRUCTED_EXCLUDED_COMPONENTS;RECONSTRUCTED_PROXY_USED
oe:player:3e722c8ede909c83af9342c41805a16,oe:team:2e66da41dc460dd378e3bcc57042d31,SUP,period:cdd6b3ae49979eef3d9f,2024-08-10T20:07:50Z,true,protected_selection_2024,"{""bo_format_context"":null,""canonical_matchup_probability"":null,""playstyle_class_1_probability"":0.4420626026432146,""playstyle_class_2_probability"":0.23488001990592267,""playstyle_uncertainty"":0.38025182679694597,""playstyle_unknown_probability"":0.32305737745086277,""prior_above_role_median_rate"":0.6117967361561776,""prior_champion_observation_count"":93,""prior_core_state"":null,""prior_effective_evidence"":53.830791056279445,""prior_median_performance"":19.901699999999998,""prior_player_rating"":1510.1359624758372,""prior_q25_performance"":10.5007,""prior_raw_observation_count"":93,""prior_residual_uncertainty"":0.1170866117295228,""prior_role_adjusted_kp"":-0.10174868087420072,""prior_role_relative_rating"":0.10135962475837211,""prior_starter_reliability"":0.9451779546164872,""prior_team_state"":null,""prior_team_strength"":null,""schedule_opponent_context"":null}",,11.84075,2026 - Split 1,lcs_fantasy_split1_2026_reconstructed_v1,"{""dataset"":""feature_provenance"",""max_source_timestamp"":""2024-08-05T00:15:54Z""}",RECONSTRUCTED_NON_OFFICIAL_SPLIT1_2026_RULES,RECONSTRUCTED_COMPLETE_UNDER_POLICY;RECONSTRUCTED_EXCLUDED_COMPONENTS;RECONSTRUCTED_PROXY_USED
oe:player:40704dfd2d966862568d29770de57bd,oe:team:0dbb780176ecad18f17292d1f5653af,SUP,period:cdd6b3ae49979eef3d9f,2024-08-10T20:07:50Z,true,protected_selection_2024,"{""bo_format_context"":null,""canonical_matchup_probability"":null,""playstyle_class_1_probability"":0.6199616867015842,""playstyle_class_2_probability"":0.15649724308849058,""playstyle_uncertainty"":0.3004290586463589,""playstyle_unknown_probability"":0.22354107020992522,""prior_above_role_median_rate"":0.450774929894058,""prior_champion_observation_count"":48,""prior_core_state"":null,""prior_effective_evidence"":29.405569837660472,""prior_median_performance"":13.2857,""prior_player_rating"":1498.7657569306873,""prior_q25_performance"":9.1067,""prior_raw_observation_count"":48,""prior_residual_uncertainty"":0.1475929028889861,""prior_role_adjusted_kp"":0.038561405226221576,""prior_role_relative_rating"":-0.012342430693127356,""prior_starter_reliability"":0.9198466568332196,""prior_team_state"":null,""prior_team_strength"":null,""schedule_opponent_context"":null}",,16.137766666666664,2026 - Split 1,lcs_fantasy_split1_2026_reconstructed_v1,"{""dataset"":""feature_provenance"",""max_source_timestamp"":""2024-08-03T20:53:30Z""}",RECONSTRUCTED_NON_OFFICIAL_SPLIT1_2026_RULES,RECONSTRUCTED_COMPLETE_UNDER_POLICY;RECONSTRUCTED_EXCLUDED_COMPONENTS;RECONSTRUCTED_PROXY_USED
oe:player:460ae5a7af8d68f7831b70307210ab3,oe:team:fc8e90107dabb9a35c490b0d86adea0,BOT,period:cdd6b3ae49979eef3d9f,2024-08-10T20:07:50Z,true,protected_selection_2024,"{""bo_format_context"":null,""canonical_matchup_probability"":null,""playstyle_class_1_probability"":null,""playstyle_class_2_probability"":null,""playstyle_uncertainty"":null,""playstyle_unknown_probability"":null,""prior_above_role_median_rate"":0.6000714427698045,""prior_champion_observation_count"":155,""prior_core_state"":null,""prior_effective_evidence"":57.36144901961964,""prior_median_performance"":19.945999999999998,""prior_player_rating"":1516.4098963859487,""prior_q25_performance"":11.129999999999999,""prior_raw_observation_count"":155,""prior_residual_uncertainty"":0.12470047457454647,""prior_role_adjusted_kp"":0.1388811687145482,""prior_role_relative_rating"":0.16409896385948705,""prior_starter_reliability"":0.9437913855042352,""prior_team_state"":null,""prior_team_strength"":null,""schedule_opponent_context"":null}",,19.226,2026 - Split 1,lcs_fantasy_split1_2026_reconstructed_v1,"{""dataset"":""feature_provenance"",""max_source_timestamp"":""2024-08-04T21:43:36Z""}",RECONSTRUCTED_NON_OFFICIAL_SPLIT1_2026_RULES,RECONSTRUCTED_COMPLETE_UNDER_POLICY;RECONSTRUCTED_EXCLUDED_COMPONENTS;RECONSTRUCTED_PROXY_USED
oe:player:494fc60dffbb5da1caa2226baef0ec7,oe:team:b360f1d729b0a8e0f29a5243c4200fa,BOT,period:cdd6b3ae49979eef3d9f,2024-08-10T20:07:50Z,true,protected_selection_2024,"{""bo_format_context"":null,""canonical_matchup_probability"":null,""playstyle_class_1_probability"":null,""playstyle_class_2_probability"":null,""playstyle_uncertainty"":null,""playstyle_unknown_probability"":null,""prior_above_role_median_rate"":0.4913611613750795,""prior_champion_observation_count"":25,""prior_core_state"":null,""prior_effective_evidence"":22.58681631744825,""prior_median_performance"":15.67,""prior_player_rating"":1493.5680791778782,""prior_q25_performance"":7.300000000000001,""prior_raw_observation_count"":25,""prior_residual_uncertainty"":0.1854095035932824,""prior_role_adjusted_kp"":-0.11375276959530903,""prior_role_relative_rating"":-0.06431920822121914,""prior_starter_reliability"":0.9055245421937601,""prior_team_state"":null,""prior_team_strength"":null,""schedule_opponent_context"":null}",,11.591333333333333,2026 - Split 1,lcs_fantasy_split1_2026_reconstructed_v1,"{""dataset"":""feature_provenance"",""max_source_timestamp"":""2024-08-05T00:15:54Z""}",RECONSTRUCTED_NON_OFFICIAL_SPLIT1_2026_RULES,RECONSTRUCTED_COMPLETE_UNDER_POLICY;RECONSTRUCTED_EXCLUDED_COMPONENTS;RECONSTRUCTED_PROXY_USED
oe:player:4a18312b5b75f549d5551e5912ad6eb,oe:team:c334c629fea759876e9e04afbe4aee7,MID,period:cdd6b3ae49979eef3d9f,2024-08-10T20:07:50Z,true,protected_selection_2024,"{""bo_format_context"":null,""canonical_matchup_probability"":null,""playstyle_class_1_probability"":null,""playstyle_class_2_probability"":null,""playstyle_uncertainty"":null,""playstyle_unknown_probability"":null,""prior_above_role_median_rate"":0.3930603362560525,""prior_champion_observation_count"":26,""prior_core_state"":null,""prior_effective_evidence"":23.296823797569314,""prior_median_performance"":13.48,""prior_player_rating"":1491.5309406461872,""prior_q25_performance"":8.829999999999998,""prior_raw_observation_count"":26,""prior_residual_uncertainty"":0.16114578518018555,""prior_role_adjusted_kp"":-0.03803671742034885,""prior_role_relative_rating"":-0.08469059353812841,""prior_starter_reliability"":0.9047435912070138,""prior_team_state"":null,""prior_team_strength"":null,""schedule_opponent_context"":null}",,13.969,2026 - Split 1,lcs_fantasy_split1_2026_reconstructed_v1,"{""dataset"":""feature_provenance"",""max_source_timestamp"":""2024-08-03T22:53:02Z""}",RECONSTRUCTED_NON_OFFICIAL_SPLIT1_2026_RULES,RECONSTRUCTED_COMPLETE_UNDER_POLICY;RECONSTRUCTED_EXCLUDED_COMPONENTS;RECONSTRUCTED_PROXY_USED
oe:player:4e0619e57cb50c4ab1230c2dd72df1b,oe:team:c334c629fea759876e9e04afbe4aee7,BOT,period:cdd6b3ae49979eef3d9f,2024-08-10T20:07:50Z,true,protected_selection_2024,"{""bo_format_context"":null,""canonical_matchup_probability"":null,""playstyle_class_1_probability"":null,""playstyle_class_2_probability"":null,""playstyle_uncertainty"":null,""playstyle_unknown_probability"":null,""prior_above_role_median_rate"":0.2965213567919279,""prior_champion_observation_count"":221,""prior_core_state"":null,""prior_effective_evidence"":37.02006332553867,""prior_median_performance"":12.18,""prior_player_rating"":1488.812486755141,""prior_q25_performance"":6.618,""prior_raw_observation_count"":221,""prior_residual_uncertainty"":0.14738994630543506,""prior_role_adjusted_kp"":0.13239951575815842,""prior_role_relative_rating"":-0.11187513244859087,""prior_starter_reliability"":0.9226069979021022,""prior_team_state"":null,""prior_team_strength"":null,""schedule_opponent_context"":null}",,9.097999999999999,2026 - Split 1,lcs_fantasy_split1_2026_reconstructed_v1,"{""dataset"":""feature_provenance"",""max_source_timestamp"":""2024-08-03T22:53:02Z""}",RECONSTRUCTED_NON_OFFICIAL_SPLIT1_2026_RULES,RECONSTRUCTED_COMPLETE_UNDER_POLICY;RECONSTRUCTED_EXCLUDED_COMPONENTS;RECONSTRUCTED_PROXY_USED
oe:player:5385f74da3e5deb5b66d9a1ee56cf97,oe:team:e758ebe9a5a2cc81b9c8078479c2d87,TOP,period:cdd6b3ae49979eef3d9f,2024-08-10T20:07:50Z,true,protected_selection_2024,"{""bo_format_context"":null,""canonical_matchup_probability"":null,""playstyle_class_1_probability"":0.3387538494730545,""playstyle_class_2_probability"":0.44877629031456046,""playstyle_uncertainty"":0.3402849143160706,""playstyle_unknown_probability"":0.21246986021238512,""prior_above_role_median_rate"":0.4759604586401362,""prior_champion_observation_count"":131,""prior_core_state"":null,""prior_effective_evidence"":56.15809636405275,""prior_median_performance"":11.224,""prior_player_rating"":1488.4061187424977,""prior_q25_performance"":5.43,""prior_raw_observation_count"":131,""prior_residual_uncertainty"":0.11520538851221576,""prior_role_adjusted_kp"":-0.10575403216377238,""prior_role_relative_rating"":-0.11593881257502325,""prior_starter_reliability"":0.9407427607927213,""prior_team_state"":null,""prior_team_strength"":null,""schedule_opponent_context"":null}",,0.8249999999999997,2026 - Split 1,lcs_fantasy_split1_2026_reconstructed_v1,"{""dataset"":""feature_provenance"",""max_source_timestamp"":""2024-08-03T20:53:30Z""}",RECONSTRUCTED_NON_OFFICIAL_SPLIT1_2026_RULES,RECONSTRUCTED_COMPLETE_UNDER_POLICY;RECONSTRUCTED_EXCLUDED_COMPONENTS;RECONSTRUCTED_PROXY_USED
oe:player:6378658dafc3eeb902fa2e52f909172,oe:team:4bd1751425ef6a9bc9d4d8e9385b4a6,BOT,period:cdd6b3ae49979eef3d9f,2024-08-10T20:07:50Z,true,protected_selection_2024,"{""bo_format_context"":null,""canonical_matchup_probability"":null,""playstyle_class_1_probability"":null,""playstyle_class_2_probability"":null,""playstyle_uncertainty"":null,""playstyle_unknown_probability"":null,""prior_above_role_median_rate"":0.5069024577022327,""prior_champion_observation_count"":69,""prior_core_state"":null,""prior_effective_evidence"":35.29269473017672,""prior_median_performance"":16.3,""prior_player_rating"":1497.6483824036968,""prior_q25_performance"":6.9399999999999995,""prior_raw_observation_count"":69,""prior_residual_uncertainty"":0.15549558882693326,""prior_role_adjusted_kp"":-0.01910131800482366,""prior_role_relative_rating"":-0.023516175963030825,""prior_starter_reliability"":0.895398119543639,""prior_team_state"":null,""prior_team_strength"":null,""schedule_opponent_context"":null}",,23.905666666666672,2026 - Split 1,lcs_fantasy_split1_2026_reconstructed_v1,"{""dataset"":""feature_provenance"",""max_source_timestamp"":""2024-08-03T22:53:02Z""}",RECONSTRUCTED_NON_OFFICIAL_SPLIT1_2026_RULES,RECONSTRUCTED_COMPLETE_UNDER_POLICY;RECONSTRUCTED_EXCLUDED_COMPONENTS;RECONSTRUCTED_PROXY_USED
oe:player:6841f2d68619d53bdd1cdbf30b5be2c,oe:team:b360f1d729b0a8e0f29a5243c4200fa,SUP,period:cdd6b3ae49979eef3d9f,2024-08-10T20:07:50Z,true,protected_selection_2024,"{""bo_format_context"":null,""canonical_matchup_probability"":null,""playstyle_class_1_probability"":0.6537077551930658,""playstyle_class_2_probability"":0.1545006371230517,""playstyle_uncertainty"":0.3167749858035387,""playstyle_unknown_probability"":0.19179160768388245,""prior_above_role_median_rate"":0.35958893432709377,""prior_champion_observation_count"":87,""prior_core_state"":null,""prior_effective_evidence"":24.257897652817245,""prior_median_performance"":13.0751,""prior_player_rating"":1481.1843998911552,""prior_q25_performance"":5.62,""prior_raw_observation_count"":87,""prior_residual_uncertainty"":0.1628793618017491,""prior_role_adjusted_kp"":-0.16614438246003815,""prior_role_relative_rating"":-0.18815600108844763,""prior_starter_reliability"":0.9091903156177581,""prior_team_state"":null,""prior_team_strength"":null,""schedule_opponent_context"":null}",,16.221500000000002,2026 - Split 1,lcs_fantasy_split1_2026_reconstructed_v1,"{""dataset"":""feature_provenance"",""max_source_timestamp"":""2024-08-05T00:15:54Z""}",RECONSTRUCTED_NON_OFFICIAL_SPLIT1_2026_RULES,RECONSTRUCTED_COMPLETE_UNDER_POLICY;RECONSTRUCTED_EXCLUDED_COMPONENTS;RECONSTRUCTED_PROXY_USED
oe:player:73d2b65353d7b00e0f198ffdc085edc,oe:team:e758ebe9a5a2cc81b9c8078479c2d87,BOT,period:cdd6b3ae49979eef3d9f,2024-08-10T20:07:50Z,true,protected_selection_2024,"{""bo_format_context"":null,""canonical_matchup_probability"":null,""playstyle_class_1_probability"":null,""playstyle_class_2_probability"":null,""playstyle_uncertainty"":null,""playstyle_unknown_probability"":null,""prior_above_role_median_rate"":0.4399524099237938,""prior_champion_observation_count"":299,""prior_core_state"":null,""prior_effective_evidence"":58.80237532539404,""prior_median_performance"":13.58,""prior_player_rating"":1502.2447718861824,""prior_q25_performance"":9.297,""prior_raw_observation_count"":299,""prior_residual_uncertainty"":0.12032529974801959,""prior_role_adjusted_kp"":0.22195956605894748,""prior_role_relative_rating"":0.022447718861823958,""prior_starter_reliability"":0.9419387231350493,""prior_team_state"":null,""prior_team_strength"":null,""schedule_opponent_context"":null}",,6.484999999999999,2026 - Split 1,lcs_fantasy_split1_2026_reconstructed_v1,"{""dataset"":""feature_provenance"",""max_source_timestamp"":""2024-08-03T20:53:30Z""}",RECONSTRUCTED_NON_OFFICIAL_SPLIT1_2026_RULES,RECONSTRUCTED_COMPLETE_UNDER_POLICY;RECONSTRUCTED_EXCLUDED_COMPONENTS;RECONSTRUCTED_PROXY_USED
oe:player:7c3395efccd48fe73592001501bef83,oe:team:4bd1751425ef6a9bc9d4d8e9385b4a6,JGL,period:cdd6b3ae49979eef3d9f,2024-08-10T20:07:50Z,true,protected_selection_2024,"{""bo_format_context"":null,""canonical_matchup_probability"":null,""playstyle_class_1_probability"":null,""playstyle_class_2_probability"":null,""playstyle_uncertainty"":null,""playstyle_unknown_probability"":null,""prior_above_role_median_rate"":0.47305247257586736,""prior_champion_observation_count"":154,""prior_core_state"":null,""prior_effective_evidence"":60.97959885824496,""prior_median_performance"":14.677000000000001,""prior_player_rating"":1490.3580216743374,""prior_q25_performance"":5.85,""prior_raw_observation_count"":154,""prior_residual_uncertainty"":0.10778534180426431,""prior_role_adjusted_kp"":-0.14741744365214673,""prior_role_relative_rating"":-0.09641978325662694,""prior_starter_reliability"":0.9454131547689651,""prior_team_state"":null,""prior_team_strength"":null,""schedule_opponent_context"":null}",,12.993333333333332,2026 - Split 1,lcs_fantasy_split1_2026_reconstructed_v1,"{""dataset"":""feature_provenance"",""max_source_timestamp"":""2024-08-03T22:53:02Z""}",RECONSTRUCTED_NON_OFFICIAL_SPLIT1_2026_RULES,RECONSTRUCTED_COMPLETE_UNDER_POLICY;RECONSTRUCTED_EXCLUDED_COMPONENTS;RECONSTRUCTED_PROXY_USED
oe:player:7e0e7ac2a199e8e2ecb30499a3b2153,oe:team:0dbb780176ecad18f17292d1f5653af,MID,period:cdd6b3ae49979eef3d9f,2024-08-10T20:07:50Z,true,protected_selection_2024,"{""bo_format_context"":null,""canonical_matchup_probability"":null,""playstyle_class_1_probability"":null,""playstyle_class_2_probability"":null,""playstyle_uncertainty"":null,""playstyle_unknown_probability"":null,""prior_above_role_median_rate"":0.5591665878590959,""prior_champion_observation_count"":261,""prior_core_state"":null,""prior_effective_evidence"":55.89145601778925,""prior_median_performance"":17.12,""prior_player_rating"":1505.3752759430597,""prior_q25_performance"":8.529,""prior_raw_observation_count"":261,""prior_residual_uncertainty"":0.14260347266811008,""prior_role_adjusted_kp"":-0.015456940041378476,""prior_role_relative_rating"":0.05375275943059669,""prior_starter_reliability"":0.9438933601131715,""prior_team_state"":null,""prior_team_strength"":null,""schedule_opponent_context"":null}",,17.26033333333333,2026 - Split 1,lcs_fantasy_split1_2026_reconstructed_v1,"{""dataset"":""feature_provenance"",""max_source_timestamp"":""2024-08-03T20:53:30Z""}",RECONSTRUCTED_NON_OFFICIAL_SPLIT1_2026_RULES,RECONSTRUCTED_COMPLETE_UNDER_POLICY;RECONSTRUCTED_EXCLUDED_COMPONENTS;RECONSTRUCTED_PROXY_USED
oe:player:7e2505960c12cc54c96a0a6efb2e055,oe:team:2e66da41dc460dd378e3bcc57042d31,TOP,period:cdd6b3ae49979eef3d9f,2024-08-10T20:07:50Z,true,protected_selection_2024,"{""bo_format_context"":null,""canonical_matchup_probability"":null,""playstyle_class_1_probability"":0.22801096851428307,""playstyle_class_2_probability"":0.5123837372742559,""playstyle_uncertainty"":0.3597694741427747,""playstyle_unknown_probability"":0.25960529421146095,""prior_above_role_median_rate"":0.5349273686142868,""prior_champion_observation_count"":122,""prior_core_state"":null,""prior_effective_evidence"":42.581729193547716,""prior_median_performance"":14.603,""prior_player_rating"":1507.2998982260658,""prior_q25_performance"":9.266,""prior_raw_observation_count"":122,""prior_residual_uncertainty"":0.13058995133580256,""prior_role_adjusted_kp"":0.03268387154986866,""prior_role_relative_rating"":0.07299898226065758,""prior_starter_reliability"":0.938295567866896,""prior_team_state"":null,""prior_team_strength"":null,""schedule_opponent_context"":null}",,6.284000000000001,2026 - Split 1,lcs_fantasy_split1_2026_reconstructed_v1,"{""dataset"":""feature_provenance"",""max_source_timestamp"":""2024-08-05T00:15:54Z""}",RECONSTRUCTED_NON_OFFICIAL_SPLIT1_2026_RULES,RECONSTRUCTED_COMPLETE_UNDER_POLICY;RECONSTRUCTED_EXCLUDED_COMPONENTS;RECONSTRUCTED_PROXY_USED
oe:player:80fea0848c57b8e07a79675d41f582c,oe:team:c334c629fea759876e9e04afbe4aee7,TOP,period:cdd6b3ae49979eef3d9f,2024-08-10T20:07:50Z,true,protected_selection_2024,"{""bo_format_context"":null,""canonical_matchup_probability"":null,""playstyle_class_1_probability"":0.22001599552432688,""playstyle_class_2_probability"":0.47367364110095916,""playstyle_uncertainty"":0.31766242195141897,""playstyle_unknown_probability"":0.30631036337471396,""prior_above_role_median_rate"":0.4194432524633171,""prior_champion_observation_count"":26,""prior_core_state"":null,""prior_effective_evidence"":23.296823797569314,""prior_median_performance"":7.390000000000001,""prior_player_rating"":1486.9762651265714,""prior_q25_performance"":4.63,""prior_raw_observation_count"":26,""prior_residual_uncertainty"":0.1716245977729644,""prior_role_adjusted_kp"":0.19715002776743232,""prior_role_relative_rating"":-0.13023734873428566,""prior_starter_reliability"":0.9047435912070138,""prior_team_state"":null,""prior_team_strength"":null,""schedule_opponent_context"":null}",,9.101333333333333,2026 - Split 1,lcs_fantasy_split1_2026_reconstructed_v1,"{""dataset"":""feature_provenance"",""max_source_timestamp"":""2024-08-03T22:53:02Z""}",RECONSTRUCTED_NON_OFFICIAL_SPLIT1_2026_RULES,RECONSTRUCTED_COMPLETE_UNDER_POLICY;RECONSTRUCTED_EXCLUDED_COMPONENTS;RECONSTRUCTED_PROXY_USED
oe:player:81acc6bcde5c927c78e0990e9887f84,oe:team:fc8e90107dabb9a35c490b0d86adea0,SUP,period:cdd6b3ae49979eef3d9f,2024-08-10T20:07:50Z,true,protected_selection_2024,"{""bo_format_context"":null,""canonical_matchup_probability"":null,""playstyle_class_1_probability"":0.4759516529010596,""playstyle_class_2_probability"":0.2981063860084007,""playstyle_uncertainty"":0.3686838475773983,""playstyle_unknown_probability"":0.22594196109053974,""prior_above_role_median_rate"":0.5537447817189448,""prior_champion_observation_count"":316,""prior_core_state"":null,""prior_effective_evidence"":52.83431589306351,""prior_median_performance"":16.308500000000002,""prior_player_rating"":1510.6438411991383,""prior_q25_performance"":10.5587,""prior_raw_observation_count"":316,""prior_residual_uncertainty"":0.11900043042253686,""prior_role_adjusted_kp"":0.008121912258883736,""prior_role_relative_rating"":0.10643841199138271,""prior_starter_reliability"":0.9412048105501116,""prior_team_state"":null,""prior_team_strength"":null,""schedule_opponent_context"":null}",,20.751649999999998,2026 - Split 1,lcs_fantasy_split1_2026_reconstructed_v1,"{""dataset"":""feature_provenance"",""max_source_timestamp"":""2024-08-04T21:43:36Z""}",RECONSTRUCTED_NON_OFFICIAL_SPLIT1_2026_RULES,RECONSTRUCTED_COMPLETE_UNDER_POLICY;RECONSTRUCTED_EXCLUDED_COMPONENTS;RECONSTRUCTED_PROXY_USED
oe:player:83eb62484689106807fcf5ad55b5479,oe:team:fc8e90107dabb9a35c490b0d86adea0,MID,period:cdd6b3ae49979eef3d9f,2024-08-10T20:07:50Z,true,protected_selection_2024,"{""bo_format_context"":null,""canonical_matchup_probability"":null,""playstyle_class_1_probability"":null,""playstyle_class_2_probability"":null,""playstyle_uncertainty"":null,""playstyle_unknown_probability"":null,""prior_above_role_median_rate"":0.5086508642141525,""prior_champion_observation_count"":177,""prior_core_state"":null,""prior_effective_evidence"":57.41798348010882,""prior_median_performance"":16.051000000000002,""prior_player_rating"":1499.9369762952883,""prior_q25_performance"":10.18,""prior_raw_observation_count"":177,""prior_residual_uncertainty"":0.11704420470068506,""prior_role_adjusted_kp"":-0.03374761916032171,""prior_role_relative_rating"":-0.0006302370471171241,""prior_starter_reliability"":0.9437683546225221,""prior_team_state"":null,""prior_team_strength"":null,""schedule_opponent_context"":null}",,17.7155,2026 - Split 1,lcs_fantasy_split1_2026_reconstructed_v1,"{""dataset"":""feature_provenance"",""max_source_timestamp"":""2024-08-04T21:43:36Z""}",RECONSTRUCTED_NON_OFFICIAL_SPLIT1_2026_RULES,RECONSTRUCTED_COMPLETE_UNDER_POLICY;RECONSTRUCTED_EXCLUDED_COMPONENTS;RECONSTRUCTED_PROXY_USED
oe:player:8a5dbe19794784cfd0553556844f045,oe:team:e758ebe9a5a2cc81b9c8078479c2d87,JGL,period:cdd6b3ae49979eef3d9f,2024-08-10T20:07:50Z,true,protected_selection_2024,"{""bo_format_context"":null,""canonical_matchup_probability"":null,""playstyle_class_1_probability"":null,""playstyle_class_2_probability"":null,""playstyle_uncertainty"":null,""playstyle_unknown_probability"":null,""prior_above_role_median_rate"":0.45864388654098887,""prior_champion_observation_count"":183,""prior_core_state"":null,""prior_effective_evidence"":57.3822440178308,""prior_median_performance"":13.625,""prior_player_rating"":1502.8210285641233,""prior_q25_performance"":7.87,""prior_raw_observation_count"":183,""prior_residual_uncertainty"":0.12008724063870857,""prior_role_adjusted_kp"":0.21970528946041798,""prior_role_relative_rating"":0.02821028564123158,""prior_starter_reliability"":0.9413088893050611,""prior_team_state"":null,""prior_team_strength"":null,""schedule_opponent_context"":null}",,4.555,2026 - Split 1,lcs_fantasy_split1_2026_reconstructed_v1,"{""dataset"":""feature_provenance"",""max_source_timestamp"":""2024-08-03T20:53:30Z""}",RECONSTRUCTED_NON_OFFICIAL_SPLIT1_2026_RULES,RECONSTRUCTED_COMPLETE_UNDER_POLICY;RECONSTRUCTED_EXCLUDED_COMPONENTS;RECONSTRUCTED_PROXY_USED
oe:player:8f8eaac8e99c203ee76e57c5c81c91f,oe:team:4bd1751425ef6a9bc9d4d8e9385b4a6,MID,period:cdd6b3ae49979eef3d9f,2024-08-10T20:07:50Z,true,protected_selection_2024,"{""bo_format_context"":null,""canonical_matchup_probability"":null,""playstyle_class_1_probability"":null,""playstyle_class_2_probability"":null,""playstyle_uncertainty"":null,""playstyle_unknown_probability"":null,""prior_above_role_median_rate"":0.517639374790616,""prior_champion_observation_count"":59,""prior_core_state"":null,""prior_effective_evidence"":43.33532477138562,""prior_median_performance"":17.512999999999998,""prior_player_rating"":1507.9947554032944,""prior_q25_performance"":10.030000000000001,""prior_raw_observation_count"":59,""prior_residual_uncertainty"":0.16170945247718127,""prior_role_adjusted_kp"":-0.060244246973165744,""prior_role_relative_rating"":0.07994755403294551,""prior_starter_reliability"":0.9356596736594275,""prior_team_state"":null,""prior_team_strength"":null,""schedule_opponent_context"":null}",,17.894333333333332,2026 - Split 1,lcs_fantasy_split1_2026_reconstructed_v1,"{""dataset"":""feature_provenance"",""max_source_timestamp"":""2024-08-03T22:53:02Z""}",RECONSTRUCTED_NON_OFFICIAL_SPLIT1_2026_RULES,RECONSTRUCTED_COMPLETE_UNDER_POLICY;RECONSTRUCTED_EXCLUDED_COMPONENTS;RECONSTRUCTED_PROXY_USED
oe:player:9191e392e93a6ef011ef76b5b83ee6c,oe:team:e758ebe9a5a2cc81b9c8078479c2d87,SUP,period:cdd6b3ae49979eef3d9f,2024-08-10T20:07:50Z,true,protected_selection_2024,"{""bo_format_context"":null,""canonical_matchup_probability"":null,""playstyle_class_1_probability"":0.5339214617975173,""playstyle_class_2_probability"":0.1709577792713286,""playstyle_uncertainty"":0.3915443879744883,""playstyle_unknown_probability"":0.2951207589311541,""prior_above_role_median_rate"":0.44077417620933657,""prior_champion_observation_count"":290,""prior_core_state"":null,""prior_effective_evidence"":58.20520438127948,""prior_median_performance"":14.1606,""prior_player_rating"":1500.7221596535558,""prior_q25_performance"":9.1354,""prior_raw_observation_count"":290,""prior_residual_uncertainty"":0.10776681406087604,""prior_role_adjusted_kp"":-0.006093423000692009,""prior_role_relative_rating"":0.007221596535558022,""prior_starter_reliability"":0.9414869140789784,""prior_team_state"":null,""prior_team_strength"":null,""schedule_opponent_context"":null}",,1.3288500000000003,2026 - Split 1,lcs_fantasy_split1_2026_reconstructed_v1,"{""dataset"":""feature_provenance"",""max_source_timestamp"":""2024-08-03T20:53:30Z""}",RECONSTRUCTED_NON_OFFICIAL_SPLIT1_2026_RULES,RECONSTRUCTED_COMPLETE_UNDER_POLICY;RECONSTRUCTED_EXCLUDED_COMPONENTS;RECONSTRUCTED_PROXY_USED
oe:player:9ce0043331f3999cc2ee205ab7c2d73,oe:team:c334c629fea759876e9e04afbe4aee7,SUP,period:cdd6b3ae49979eef3d9f,2024-08-10T20:07:50Z,true,protected_selection_2024,"{""bo_format_context"":null,""canonical_matchup_probability"":null,""playstyle_class_1_probability"":0.5855124444192313,""playstyle_class_2_probability"":0.13705487156117316,""playstyle_uncertainty"":0.35520591546559677,""playstyle_unknown_probability"":0.2774326840195954,""prior_above_role_median_rate"":0.24302367217142753,""prior_champion_observation_count"":69,""prior_core_state"":null,""prior_effective_evidence"":25.549608341861983,""prior_median_performance"":9.2829,""prior_player_rating"":1475.3463036245912,""prior_q25_performance"":6.445600000000001,""prior_raw_observation_count"":69,""prior_residual_uncertainty"":0.14216698930762237,""prior_role_adjusted_kp"":-0.09287012776330526,""prior_role_relative_rating"":-0.24653696375408762,""prior_starter_reliability"":0.9083045163712485,""prior_team_state"":null,""prior_team_strength"":null,""schedule_opponent_context"":null}",,15.6802,2026 - Split 1,lcs_fantasy_split1_2026_reconstructed_v1,"{""dataset"":""feature_provenance"",""max_source_timestamp"":""2024-08-03T22:53:02Z""}",RECONSTRUCTED_NON_OFFICIAL_SPLIT1_2026_RULES,RECONSTRUCTED_COMPLETE_UNDER_POLICY;RECONSTRUCTED_EXCLUDED_COMPONENTS;RECONSTRUCTED_PROXY_USED
oe:player:a04a853a0f540f156d08711204fe252,oe:team:c334c629fea759876e9e04afbe4aee7,JGL,period:cdd6b3ae49979eef3d9f,2024-08-10T20:07:50Z,true,protected_selection_2024,"{""bo_format_context"":null,""canonical_matchup_probability"":null,""playstyle_class_1_probability"":null,""playstyle_class_2_probability"":null,""playstyle_uncertainty"":null,""playstyle_unknown_probability"":null,""prior_above_role_median_rate"":0.32457860516238146,""prior_champion_observation_count"":82,""prior_core_state"":null,""prior_effective_evidence"":29.85744110690815,""prior_median_performance"":10.67,""prior_player_rating"":1478.2132336890409,""prior_q25_performance"":3.3019999999999996,""prior_raw_observation_count"":82,""prior_residual_uncertainty"":0.15534648653641,""prior_role_adjusted_kp"":-0.07667052905704906,""prior_role_relative_rating"":-0.21786766310959177,""prior_starter_reliability"":0.9149285789278373,""prior_team_state"":null,""prior_team_strength"":null,""schedule_opponent_context"":null}",,8.113333333333333,2026 - Split 1,lcs_fantasy_split1_2026_reconstructed_v1,"{""dataset"":""feature_provenance"",""max_source_timestamp"":""2024-08-03T22:53:02Z""}",RECONSTRUCTED_NON_OFFICIAL_SPLIT1_2026_RULES,RECONSTRUCTED_COMPLETE_UNDER_POLICY;RECONSTRUCTED_EXCLUDED_COMPONENTS;RECONSTRUCTED_PROXY_USED
oe:player:a7f0b16a54f4bd0dcb6fb7bb625b3cb,oe:team:b360f1d729b0a8e0f29a5243c4200fa,JGL,period:cdd6b3ae49979eef3d9f,2024-08-10T20:07:50Z,true,protected_selection_2024,"{""bo_format_context"":null,""canonical_matchup_probability"":null,""playstyle_class_1_probability"":null,""playstyle_class_2_probability"":null,""playstyle_uncertainty"":null,""playstyle_unknown_probability"":null,""prior_above_role_median_rate"":0.5176104666811382,""prior_champion_observation_count"":67,""prior_core_state"":null,""prior_effective_evidence"":34.480411283544115,""prior_median_performance"":19.73,""prior_player_rating"":1507.266641616169,""prior_q25_performance"":8.36,""prior_raw_observation_count"":67,""prior_residual_uncertainty"":0.15039398386859273,""prior_role_adjusted_kp"":0.1226236410584821,""prior_role_relative_rating"":0.07266641616169064,""prior_starter_reliability"":0.9113357277747891,""prior_team_state"":null,""prior_team_strength"":null,""schedule_opponent_context"":null}",,23.328666666666663,2026 - Split 1,lcs_fantasy_split1_2026_reconstructed_v1,"{""dataset"":""feature_provenance"",""max_source_timestamp"":""2024-08-05T00:15:54Z""}",RECONSTRUCTED_NON_OFFICIAL_SPLIT1_2026_RULES,RECONSTRUCTED_COMPLETE_UNDER_POLICY;RECONSTRUCTED_EXCLUDED_COMPONENTS;RECONSTRUCTED_PROXY_USED
oe:player:a8307167f3a1c933295bb9e3d43700e,oe:team:2e66da41dc460dd378e3bcc57042d31,JGL,period:cdd6b3ae49979eef3d9f,2024-08-10T20:07:50Z,true,protected_selection_2024,"{""bo_format_context"":null,""canonical_matchup_probability"":null,""playstyle_class_1_probability"":null,""playstyle_class_2_probability"":null,""playstyle_uncertainty"":null,""playstyle_unknown_probability"":null,""prior_above_role_median_rate"":0.6616457560734147,""prior_champion_observation_count"":153,""prior_core_state"":null,""prior_effective_evidence"":48.722188614225914,""prior_median_performance"":19.46,""prior_player_rating"":1513.3258193276574,""prior_q25_performance"":12.231,""prior_raw_observation_count"":153,""prior_residual_uncertainty"":0.11945861854689892,""prior_role_adjusted_kp"":-0.163459726194275,""prior_role_relative_rating"":0.1332581932765749,""prior_starter_reliability"":0.9420685841573015,""prior_team_state"":null,""prior_team_strength"":null,""schedule_opponent_context"":null}",,9.1995,2026 - Split 1,lcs_fantasy_split1_2026_reconstructed_v1,"{""dataset"":""feature_provenance"",""max_source_timestamp"":""2024-08-05T00:15:54Z""}",RECONSTRUCTED_NON_OFFICIAL_SPLIT1_2026_RULES,RECONSTRUCTED_COMPLETE_UNDER_POLICY;RECONSTRUCTED_EXCLUDED_COMPONENTS;RECONSTRUCTED_PROXY_USED
oe:player:c145139d26813639b8fe6f4d0b28228,oe:team:2e66da41dc460dd378e3bcc57042d31,BOT,period:cdd6b3ae49979eef3d9f,2024-08-10T20:07:50Z,true,protected_selection_2024,"{""bo_format_context"":null,""canonical_matchup_probability"":null,""playstyle_class_1_probability"":null,""playstyle_class_2_probability"":null,""playstyle_uncertainty"":null,""playstyle_unknown_probability"":null,""prior_above_role_median_rate"":0.6140635887689875,""prior_champion_observation_count"":42,""prior_core_state"":null,""prior_effective_evidence"":38.135490214829275,""prior_median_performance"":17.57,""prior_player_rating"":1501.2670444012263,""prior_q25_performance"":10.77,""prior_raw_observation_count"":42,""prior_residual_uncertainty"":0.1369495982848676,""prior_role_adjusted_kp"":-0.24704241553694156,""prior_role_relative_rating"":0.012670444012261502,""prior_starter_reliability"":0.9351989622121583,""prior_team_state"":null,""prior_team_strength"":null,""schedule_opponent_context"":null}",,10.199,2026 - Split 1,lcs_fantasy_split1_2026_reconstructed_v1,"{""dataset"":""feature_provenance"",""max_source_timestamp"":""2024-08-05T00:15:54Z""}",RECONSTRUCTED_NON_OFFICIAL_SPLIT1_2026_RULES,RECONSTRUCTED_COMPLETE_UNDER_POLICY;RECONSTRUCTED_EXCLUDED_COMPONENTS;RECONSTRUCTED_PROXY_USED
oe:player:dbe844fcbbc7f54654e54242e79acac,oe:team:4bd1751425ef6a9bc9d4d8e9385b4a6,SUP,period:cdd6b3ae49979eef3d9f,2024-08-10T20:07:50Z,true,protected_selection_2024,"{""bo_format_context"":null,""canonical_matchup_probability"":null,""playstyle_class_1_probability"":0.5733455937931835,""playstyle_class_2_probability"":0.2277290993951292,""playstyle_uncertainty"":0.32370495135210947,""playstyle_unknown_probability"":0.19892530681168735,""prior_above_role_median_rate"":0.5110134564410073,""prior_champion_observation_count"":102,""prior_core_state"":null,""prior_effective_evidence"":52.57518939174135,""prior_median_performance"":16.8354,""prior_player_rating"":1494.1245002343308,""prior_q25_performance"":6.7068,""prior_raw_observation_count"":102,""prior_residual_uncertainty"":0.1296862298248105,""prior_role_adjusted_kp"":-0.2620029628703709,""prior_role_relative_rating"":-0.058754997656691635,""prior_starter_reliability"":0.9414175940955086,""prior_team_state"":null,""prior_team_strength"":null,""schedule_opponent_context"":null}",,21.907,2026 - Split 1,lcs_fantasy_split1_2026_reconstructed_v1,"{""dataset"":""feature_provenance"",""max_source_timestamp"":""2024-08-03T22:53:02Z""}",RECONSTRUCTED_NON_OFFICIAL_SPLIT1_2026_RULES,RECONSTRUCTED_COMPLETE_UNDER_POLICY;RECONSTRUCTED_EXCLUDED_COMPONENTS;RECONSTRUCTED_PROXY_USED
oe:player:dc760d6884ce21614b2389ac1c05ec2,oe:team:b360f1d729b0a8e0f29a5243c4200fa,TOP,period:cdd6b3ae49979eef3d9f,2024-08-10T20:07:50Z,true,protected_selection_2024,"{""bo_format_context"":null,""canonical_matchup_probability"":null,""playstyle_class_1_probability"":0.23479329536932755,""playstyle_class_2_probability"":0.5554789911852129,""playstyle_uncertainty"":0.442321421486042,""playstyle_unknown_probability"":0.20972771344545946,""prior_above_role_median_rate"":0.3150030158806685,""prior_champion_observation_count"":114,""prior_core_state"":null,""prior_effective_evidence"":25.504973856196838,""prior_median_performance"":8.0,""prior_player_rating"":1478.80888312428,""prior_q25_performance"":4.68,""prior_raw_observation_count"":114,""prior_residual_uncertainty"":0.16495923339469423,""prior_role_adjusted_kp"":-0.13124317290599022,""prior_role_relative_rating"":-0.2119111687571982,""prior_starter_reliability"":0.9110496596831701,""prior_team_state"":null,""prior_team_strength"":null,""schedule_opponent_context"":null}",,13.167333333333332,2026 - Split 1,lcs_fantasy_split1_2026_reconstructed_v1,"{""dataset"":""feature_provenance"",""max_source_timestamp"":""2024-08-05T00:15:54Z""}",RECONSTRUCTED_NON_OFFICIAL_SPLIT1_2026_RULES,RECONSTRUCTED_COMPLETE_UNDER_POLICY;RECONSTRUCTED_EXCLUDED_COMPONENTS;RECONSTRUCTED_PROXY_USED
oe:player:e03d0722b6dce835cde3268c08c4f54,oe:team:0dbb780176ecad18f17292d1f5653af,TOP,period:cdd6b3ae49979eef3d9f,2024-08-10T20:07:50Z,true,protected_selection_2024,"{""bo_format_context"":null,""canonical_matchup_probability"":null,""playstyle_class_1_probability"":0.3597298781783691,""playstyle_class_2_probability"":0.40373679414261576,""playstyle_uncertainty"":0.37565549301092915,""playstyle_unknown_probability"":0.23653332767901522,""prior_above_role_median_rate"":0.4382457601190914,""prior_champion_observation_count"":235,""prior_core_state"":null,""prior_effective_evidence"":36.96580250183002,""prior_median_performance"":11.915000000000001,""prior_player_rating"":1477.4111665295381,""prior_q25_performance"":4.15,""prior_raw_observation_count"":235,""prior_residual_uncertainty"":0.14587401604339856,""prior_role_adjusted_kp"":-0.3787767726602167,""prior_role_relative_rating"":-0.22588833470461855,""prior_starter_reliability"":0.9201616388220772,""prior_team_state"":null,""prior_team_strength"":null,""schedule_opponent_context"":null}",,18.226,2026 - Split 1,lcs_fantasy_split1_2026_reconstructed_v1,"{""dataset"":""feature_provenance"",""max_source_timestamp"":""2024-08-03T20:53:30Z""}",RECONSTRUCTED_NON_OFFICIAL_SPLIT1_2026_RULES,RECONSTRUCTED_COMPLETE_UNDER_POLICY;RECONSTRUCTED_EXCLUDED_COMPONENTS;RECONSTRUCTED_PROXY_USED
oe:player:e9017664588010860a92ceb5f8fcb82,oe:team:2e66da41dc460dd378e3bcc57042d31,MID,period:cdd6b3ae49979eef3d9f,2024-08-10T20:07:50Z,true,protected_selection_2024,"{""bo_format_context"":null,""canonical_matchup_probability"":null,""playstyle_class_1_probability"":null,""playstyle_class_2_probability"":null,""playstyle_uncertainty"":null,""playstyle_unknown_probability"":null,""prior_above_role_median_rate"":0.6372724330606139,""prior_champion_observation_count"":16,""prior_core_state"":null,""prior_effective_evidence"":15.910272936562961,""prior_median_performance"":21.785,""prior_player_rating"":1513.6207983077209,""prior_q25_performance"":12.778,""prior_raw_observation_count"":16,""prior_residual_uncertainty"":0.21715879073885472,""prior_role_adjusted_kp"":-0.2774141268096199,""prior_role_relative_rating"":0.13620798307720816,""prior_starter_reliability"":0.8903520355724449,""prior_team_state"":null,""prior_team_strength"":null,""schedule_opponent_context"":null}",,16.695,2026 - Split 1,lcs_fantasy_split1_2026_reconstructed_v1,"{""dataset"":""feature_provenance"",""max_source_timestamp"":""2024-08-05T00:15:54Z""}",RECONSTRUCTED_NON_OFFICIAL_SPLIT1_2026_RULES,RECONSTRUCTED_COMPLETE_UNDER_POLICY;RECONSTRUCTED_EXCLUDED_COMPONENTS;RECONSTRUCTED_PROXY_USED
oe:player:ea9ed09584feecae0991089f087d2ce,oe:team:8eb884e168f28402ce685bedebb5250,MID,period:cdd6b3ae49979eef3d9f,2024-08-10T20:07:50Z,true,protected_selection_2024,"{""bo_format_context"":null,""canonical_matchup_probability"":null,""playstyle_class_1_probability"":null,""playstyle_class_2_probability"":null,""playstyle_uncertainty"":null,""playstyle_unknown_probability"":null,""prior_above_role_median_rate"":0.7068369603985406,""prior_champion_observation_count"":78,""prior_core_state"":null,""prior_effective_evidence"":56.970631364153896,""prior_median_performance"":18.939999999999998,""prior_player_rating"":1521.0987603898288,""prior_q25_performance"":14.928,""prior_raw_observation_count"":78,""prior_residual_uncertainty"":0.10572090158750944,""prior_role_adjusted_kp"":-0.09224676509343527,""prior_role_relative_rating"":0.21098760389828808,""prior_starter_reliability"":0.9480258164843268,""prior_team_state"":null,""prior_team_strength"":null,""schedule_opponent_context"":null}",,27.517000000000003,2026 - Split 1,lcs_fantasy_split1_2026_reconstructed_v1,"{""dataset"":""feature_provenance"",""max_source_timestamp"":""2024-08-04T21:43:36Z""}",RECONSTRUCTED_NON_OFFICIAL_SPLIT1_2026_RULES,RECONSTRUCTED_COMPLETE_UNDER_POLICY;RECONSTRUCTED_EXCLUDED_COMPONENTS;RECONSTRUCTED_PROXY_USED
oe:player:ed455f823b6586e9e3621dfb5aeb42e,oe:team:fc8e90107dabb9a35c490b0d86adea0,JGL,period:cdd6b3ae49979eef3d9f,2024-08-10T20:07:50Z,true,protected_selection_2024,"{""bo_format_context"":null,""canonical_matchup_probability"":null,""playstyle_class_1_probability"":null,""playstyle_class_2_probability"":null,""playstyle_uncertainty"":null,""playstyle_unknown_probability"":null,""prior_above_role_median_rate"":0.6342612843118256,""prior_champion_observation_count"":318,""prior_core_state"":null,""prior_effective_evidence"":59.044238363552275,""prior_median_performance"":21.218000000000004,""prior_player_rating"":1513.7868532366567,""prior_q25_performance"":9.5,""prior_raw_observation_count"":318,""prior_residual_uncertainty"":0.10605593618411158,""prior_role_adjusted_kp"":0.1716256524998766,""prior_role_relative_rating"":0.1378685323665664,""prior_starter_reliability"":0.9445134484997991,""prior_team_state"":null,""prior_team_strength"":null,""schedule_opponent_context"":null}",,14.8385,2026 - Split 1,lcs_fantasy_split1_2026_reconstructed_v1,"{""dataset"":""feature_provenance"",""max_source_timestamp"":""2024-08-04T21:43:36Z""}",RECONSTRUCTED_NON_OFFICIAL_SPLIT1_2026_RULES,RECONSTRUCTED_COMPLETE_UNDER_POLICY;RECONSTRUCTED_EXCLUDED_COMPONENTS;RECONSTRUCTED_PROXY_USED
oe:player:ef97df9d746d0e65ed18786ab30031c,oe:team:b360f1d729b0a8e0f29a5243c4200fa,MID,period:cdd6b3ae49979eef3d9f,2024-08-10T20:07:50Z,true,protected_selection_2024,"{""bo_format_context"":null,""canonical_matchup_probability"":null,""playstyle_class_1_probability"":null,""playstyle_class_2_probability"":null,""playstyle_uncertainty"":null,""playstyle_unknown_probability"":null,""prior_above_role_median_rate"":0.2859879619130018,""prior_champion_observation_count"":120,""prior_core_state"":null,""prior_effective_evidence"":34.35027673350219,""prior_median_performance"":11.79,""prior_player_rating"":1477.0536997019265,""prior_q25_performance"":5.811,""prior_raw_observation_count"":120,""prior_residual_uncertainty"":0.15508097257270173,""prior_role_adjusted_kp"":-0.38445941313809007,""prior_role_relative_rating"":-0.22946300298073644,""prior_starter_reliability"":0.9227521331074714,""prior_team_state"":null,""prior_team_strength"":null,""schedule_opponent_context"":null}",,12.563666666666668,2026 - Split 1,lcs_fantasy_split1_2026_reconstructed_v1,"{""dataset"":""feature_provenance"",""max_source_timestamp"":""2024-08-05T00:15:54Z""}",RECONSTRUCTED_NON_OFFICIAL_SPLIT1_2026_RULES,RECONSTRUCTED_COMPLETE_UNDER_POLICY;RECONSTRUCTED_EXCLUDED_COMPONENTS;RECONSTRUCTED_PROXY_USED
oe:player:f6b8af05a5af22004a67a78f3046b92,oe:team:8eb884e168f28402ce685bedebb5250,BOT,period:cdd6b3ae49979eef3d9f,2024-08-10T20:07:50Z,true,protected_selection_2024,"{""bo_format_context"":null,""canonical_matchup_probability"":null,""playstyle_class_1_probability"":null,""playstyle_class_2_probability"":null,""playstyle_uncertainty"":null,""playstyle_unknown_probability"":null,""prior_above_role_median_rate"":0.6101185730675103,""prior_champion_observation_count"":108,""prior_core_state"":null,""prior_effective_evidence"":65.61205197431917,""prior_median_performance"":18.843,""prior_player_rating"":1514.0641783224169,""prior_q25_performance"":13.25,""prior_raw_observation_count"":108,""prior_residual_uncertainty"":0.10640093203903456,""prior_role_adjusted_kp"":-0.12936794134419705,""prior_role_relative_rating"":0.14064178322416887,""prior_starter_reliability"":0.951533611178851,""prior_team_state"":null,""prior_team_strength"":null,""schedule_opponent_context"":null}",,36.27,2026 - Split 1,lcs_fantasy_split1_2026_reconstructed_v1,"{""dataset"":""feature_provenance"",""max_source_timestamp"":""2024-08-04T21:43:36Z""}",RECONSTRUCTED_NON_OFFICIAL_SPLIT1_2026_RULES,RECONSTRUCTED_COMPLETE_UNDER_POLICY;RECONSTRUCTED_EXCLUDED_COMPONENTS;RECONSTRUCTED_PROXY_USED
oe:player:fbadcf84fcfb01a251de88055f631cb,oe:team:0dbb780176ecad18f17292d1f5653af,JGL,period:cdd6b3ae49979eef3d9f,2024-08-10T20:07:50Z,true,protected_selection_2024,"{""bo_format_context"":null,""canonical_matchup_probability"":null,""playstyle_class_1_probability"":null,""playstyle_class_2_probability"":null,""playstyle_uncertainty"":null,""playstyle_unknown_probability"":null,""prior_above_role_median_rate"":0.4686460108313171,""prior_champion_observation_count"":232,""prior_core_state"":null,""prior_effective_evidence"":29.91472403179859,""prior_median_performance"":15.082,""prior_player_rating"":1496.915482574116,""prior_q25_performance"":7.0,""prior_raw_observation_count"":232,""prior_residual_uncertainty"":0.14566773907999483,""prior_role_adjusted_kp"":0.16165906283345804,""prior_role_relative_rating"":-0.030845174258840084,""prior_starter_reliability"":0.9116087076370366,""prior_team_state"":null,""prior_team_strength"":null,""schedule_opponent_context"":null}",,24.34766666666667,2026 - Split 1,lcs_fantasy_split1_2026_reconstructed_v1,"{""dataset"":""feature_provenance"",""max_source_timestamp"":""2024-08-03T20:53:30Z""}",RECONSTRUCTED_NON_OFFICIAL_SPLIT1_2026_RULES,RECONSTRUCTED_COMPLETE_UNDER_POLICY;RECONSTRUCTED_EXCLUDED_COMPONENTS;RECONSTRUCTED_PROXY_USED
oe:player:fddde6d256bee26713f64ad9b2a9394,oe:team:e758ebe9a5a2cc81b9c8078479c2d87,MID,period:cdd6b3ae49979eef3d9f,2024-08-10T20:07:50Z,true,protected_selection_2024,"{""bo_format_context"":null,""canonical_matchup_probability"":null,""playstyle_class_1_probability"":null,""playstyle_class_2_probability"":null,""playstyle_uncertainty"":null,""playstyle_unknown_probability"":null,""prior_above_role_median_rate"":0.340618258559813,""prior_champion_observation_count"":196,""prior_core_state"":null,""prior_effective_evidence"":57.53898239448993,""prior_median_performance"":13.131,""prior_player_rating"":1478.322434107055,""prior_q25_performance"":6.65,""prior_raw_observation_count"":196,""prior_residual_uncertainty"":0.11136205384631455,""prior_role_adjusted_kp"":-0.3135166222280608,""prior_role_relative_rating"":-0.21677565892945014,""prior_starter_reliability"":0.9413796146356587,""prior_team_state"":null,""prior_team_strength"":null,""schedule_opponent_context"":null}",,3.84,2026 - Split 1,lcs_fantasy_split1_2026_reconstructed_v1,"{""dataset"":""feature_provenance"",""max_source_timestamp"":""2024-08-03T20:53:30Z""}",RECONSTRUCTED_NON_OFFICIAL_SPLIT1_2026_RULES,RECONSTRUCTED_COMPLETE_UNDER_POLICY;RECONSTRUCTED_EXCLUDED_COMPONENTS;RECONSTRUCTED_PROXY_USED
oe:player:007be3acd5669d100711b13d79e2336,oe:team:4bd1751425ef6a9bc9d4d8e9385b4a6,TOP,period:ea10f8bb7f189dc4197a,2024-06-22T20:11:50Z,true,protected_selection_2024,"{""bo_format_context"":null,""canonical_matchup_probability"":null,""playstyle_class_1_probability"":0.1713242039308583,""playstyle_class_2_probability"":0.65467115044688,""playstyle_uncertainty"":0.23803828345367978,""playstyle_unknown_probability"":0.17400464562226176,""prior_above_role_median_rate"":0.629388320197719,""prior_champion_observation_count"":28,""prior_core_state"":null,""prior_effective_evidence"":27.09105559547188,""prior_median_performance"":14.120000000000001,""prior_player_rating"":1497.387914511014,""prior_q25_performance"":6.3100000000000005,""prior_raw_observation_count"":28,""prior_residual_uncertainty"":0.1762390013332698,""prior_role_adjusted_kp"":-0.18320239113495362,""prior_role_relative_rating"":-0.026120854889859504,""prior_starter_reliability"":0.9050189073310826,""prior_team_state"":null,""prior_team_strength"":null,""schedule_opponent_context"":null}",,4.707,2026 - Split 1,lcs_fantasy_split1_2026_reconstructed_v1,"{""dataset"":""feature_provenance"",""max_source_timestamp"":""2024-06-16T20:57:47Z""}",RECONSTRUCTED_NON_OFFICIAL_SPLIT1_2026_RULES,RECONSTRUCTED_COMPLETE_UNDER_POLICY;RECONSTRUCTED_EXCLUDED_COMPONENTS;RECONSTRUCTED_PROXY_USED
oe:player:05fafeaf23dc3285558a4e968970b9f,oe:team:8eb884e168f28402ce685bedebb5250,SUP,period:ea10f8bb7f189dc4197a,2024-06-22T20:11:50Z,true,protected_selection_2024,"{""bo_format_context"":null,""canonical_matchup_probability"":null,""playstyle_class_1_probability"":0.5072988964947139,""playstyle_class_2_probability"":0.22782327810538042,""playstyle_uncertainty"":0.3725692607248448,""playstyle_unknown_probability"":0.26487782539990556,""prior_above_role_median_rate"":0.637045192178507,""prior_champion_observation_count"":299,""prior_core_state"":null,""prior_effective_evidence"":70.0061584944884,""prior_median_performance"":18.2848,""prior_player_rating"":1513.0995410338082,""prior_q25_performance"":12.2217,""prior_raw_observation_count"":299,""prior_residual_uncertainty"":0.1,""prior_role_adjusted_kp"":-0.24679851629131205,""prior_role_relative_rating"":0.13099541033808276,""prior_starter_reliability"":0.9470290486127492,""prior_team_state"":null,""prior_team_strength"":null,""schedule_opponent_context"":null}",,22.3433,2026 - Split 1,lcs_fantasy_split1_2026_reconstructed_v1,"{""dataset"":""feature_provenance"",""max_source_timestamp"":""2024-06-15T22:02:04Z""}",RECONSTRUCTED_NON_OFFICIAL_SPLIT1_2026_RULES,RECONSTRUCTED_COMPLETE_UNDER_POLICY;RECONSTRUCTED_EXCLUDED_COMPONENTS;RECONSTRUCTED_PROXY_USED
oe:player:10fcffece0ac7be85f09c4b51a75762,oe:team:0dbb780176ecad18f17292d1f5653af,BOT,period:ea10f8bb7f189dc4197a,2024-06-22T20:11:50Z,true,protected_selection_2024,"{""bo_format_context"":null,""canonical_matchup_probability"":null,""playstyle_class_1_probability"":null,""playstyle_class_2_probability"":null,""playstyle_uncertainty"":null,""playstyle_unknown_probability"":null,""prior_above_role_median_rate"":0.7047472264770137,""prior_champion_observation_count"":245,""prior_core_state"":null,""prior_effective_evidence"":38.80977632951924,""prior_median_performance"":19.2977,""prior_player_rating"":1521.768271188362,""prior_q25_performance"":12.4392,""prior_raw_observation_count"":245,""prior_residual_uncertainty"":0.13954266381578356,""prior_role_adjusted_kp"":-0.016071459803317183,""prior_role_relative_rating"":0.21768271188361973,""prior_starter_reliability"":0.8802297499764639,""prior_team_state"":null,""prior_team_strength"":null,""schedule_opponent_context"":null}",,31.947499999999998,2026 - Split 1,lcs_fantasy_split1_2026_reconstructed_v1,"{""dataset"":""feature_provenance"",""max_source_timestamp"":""2024-06-16T00:41:03Z""}",RECONSTRUCTED_NON_OFFICIAL_SPLIT1_2026_RULES,RECONSTRUCTED_COMPLETE_UNDER_POLICY;RECONSTRUCTED_EXCLUDED_COMPONENTS;RECONSTRUCTED_PROXY_USED
oe:player:1970fcb701acce66e0771946bbb3105,oe:team:8eb884e168f28402ce685bedebb5250,JGL,period:ea10f8bb7f189dc4197a,2024-06-22T20:11:50Z,true,protected_selection_2024,"{""bo_format_context"":null,""canonical_matchup_probability"":null,""playstyle_class_1_probability"":null,""playstyle_class_2_probability"":null,""playstyle_uncertainty"":null,""playstyle_unknown_probability"":null,""prior_above_role_median_rate"":0.5349142257099816,""prior_champion_observation_count"":36,""prior_core_state"":null,""prior_effective_evidence"":34.829371947015886,""prior_median_performance"":16.598,""prior_player_rating"":1500.3918356785725,""prior_q25_performance"":11.45,""prior_raw_observation_count"":36,""prior_residual_uncertainty"":0.12821505961039603,""prior_role_adjusted_kp"":-0.3026513912104353,""prior_role_relative_rating"":0.00391835678572598,""prior_starter_reliability"":0.9248183013455131,""prior_team_state"":null,""prior_team_strength"":null,""schedule_opponent_context"":null}",,14.666,2026 - Split 1,lcs_fantasy_split1_2026_reconstructed_v1,"{""dataset"":""feature_provenance"",""max_source_timestamp"":""2024-06-15T22:02:04Z""}",RECONSTRUCTED_NON_OFFICIAL_SPLIT1_2026_RULES,RECONSTRUCTED_COMPLETE_UNDER_POLICY;RECONSTRUCTED_EXCLUDED_COMPONENTS;RECONSTRUCTED_PROXY_USED
oe:player:1efc4e5732e91520d03385900b903f9,oe:team:fc8e90107dabb9a35c490b0d86adea0,TOP,period:ea10f8bb7f189dc4197a,2024-06-22T20:11:50Z,true,protected_selection_2024,"{""bo_format_context"":null,""canonical_matchup_probability"":null,""playstyle_class_1_probability"":0.268832243152669,""playstyle_class_2_probability"":0.3442271111430803,""playstyle_uncertainty"":0.3957375535677323,""playstyle_unknown_probability"":0.3869406457042507,""prior_above_role_median_rate"":0.6667152365676606,""prior_champion_observation_count"":3,""prior_core_state"":null,""prior_effective_evidence"":2.999999956315707,""prior_median_performance"":15.871,""prior_player_rating"":1492.204879261095,""prior_q25_performance"":1.58,""prior_raw_observation_count"":3,""prior_residual_uncertainty"":0.4980311777386961,""prior_role_adjusted_kp"":-0.17913679474643693,""prior_role_relative_rating"":-0.07795120738905083,""prior_starter_reliability"":0.711061093048364,""prior_team_state"":null,""prior_team_strength"":null,""schedule_opponent_context"":null}",,21.6935,2026 - Split 1,lcs_fantasy_split1_2026_reconstructed_v1,"{""dataset"":""feature_provenance"",""max_source_timestamp"":""2024-06-16T00:41:03Z""}",RECONSTRUCTED_NON_OFFICIAL_SPLIT1_2026_RULES,RECONSTRUCTED_COMPLETE_UNDER_POLICY;RECONSTRUCTED_EXCLUDED_COMPONENTS;RECONSTRUCTED_PROXY_USED
oe:player:21f59b54f62b5b8b4bc0f63f0f617fc,oe:team:8eb884e168f28402ce685bedebb5250,TOP,period:ea10f8bb7f189dc4197a,2024-06-22T20:11:50Z,true,protected_selection_2024,"{""bo_format_context"":null,""canonical_matchup_probability"":null,""playstyle_class_1_probability"":0.34854774014870493,""playstyle_class_2_probability"":0.45579791901936095,""playstyle_uncertainty"":0.3497947417557006,""playstyle_unknown_probability"":0.195654340831934,""prior_above_role_median_rate"":0.5386602780437324,""prior_champion_observation_count"":289,""prior_core_state"":null,""prior_effective_evidence"":61.57071671321678,""prior_median_performance"":14.19,""prior_player_rating"":1509.159769981431,""prior_q25_performance"":8.3,""prior_raw_observation_count"":289,""prior_residual_uncertainty"":0.12345193245285271,""prior_role_adjusted_kp"":-0.013858831662417834,""prior_role_relative_rating"":0.09159769981431046,""prior_starter_reliability"":0.9427672285095438,""prior_team_state"":null,""prior_team_strength"":null,""schedule_opponent_context"":null}",,14.6815,2026 - Split 1,lcs_fantasy_split1_2026_reconstructed_v1,"{""dataset"":""feature_provenance"",""max_source_timestamp"":""2024-06-15T22:02:04Z""}",RECONSTRUCTED_NON_OFFICIAL_SPLIT1_2026_RULES,RECONSTRUCTED_COMPLETE_UNDER_POLICY;RECONSTRUCTED_EXCLUDED_COMPONENTS;RECONSTRUCTED_PROXY_USED
oe:player:3e722c8ede909c83af9342c41805a16,oe:team:2e66da41dc460dd378e3bcc57042d31,SUP,period:ea10f8bb7f189dc4197a,2024-06-22T20:11:50Z,true,protected_selection_2024,"{""bo_format_context"":null,""canonical_matchup_probability"":null,""playstyle_class_1_probability"":0.39287747916295507,""playstyle_class_2_probability"":0.2625746389620493,""playstyle_uncertainty"":0.3771139441661382,""playstyle_unknown_probability"":0.34454788187499563,""prior_above_role_median_rate"":0.6165317166741444,""prior_champion_observation_count"":80,""prior_core_state"":null,""prior_effective_evidence"":48.48297274353111,""prior_median_performance"":21.169600000000003,""prior_player_rating"":1512.4611657268222,""prior_q25_performance"":10.6304,""prior_raw_observation_count"":80,""prior_residual_uncertainty"":0.11911384403643835,""prior_role_adjusted_kp"":0.024614208003043325,""prior_role_relative_rating"":0.12461165726822165,""prior_starter_reliability"":0.930915486715416,""prior_team_state"":null,""prior_team_strength"":null,""schedule_opponent_context"":null}",,14.795,2026 - Split 1,lcs_fantasy_split1_2026_reconstructed_v1,"{""dataset"":""feature_provenance"",""max_source_timestamp"":""2024-06-15T22:02:04Z""}",RECONSTRUCTED_NON_OFFICIAL_SPLIT1_2026_RULES,RECONSTRUCTED_COMPLETE_UNDER_POLICY;RECONSTRUCTED_EXCLUDED_COMPONENTS;RECONSTRUCTED_PROXY_USED
oe:player:40704dfd2d966862568d29770de57bd,oe:team:0dbb780176ecad18f17292d1f5653af,SUP,period:ea10f8bb7f189dc4197a,2024-06-22T20:11:50Z,true,protected_selection_2024,"{""bo_format_context"":null,""canonical_matchup_probability"":null,""playstyle_class_1_probability"":0.4663948459575966,""playstyle_class_2_probability"":0.22466822433369912,""playstyle_uncertainty"":0.3607743189400295,""playstyle_unknown_probability"":0.3089369297087042,""prior_above_role_median_rate"":0.5275603363033131,""prior_champion_observation_count"":37,""prior_core_state"":null,""prior_effective_evidence"":20.559767366083364,""prior_median_performance"":16.092100000000002,""prior_player_rating"":1507.9817130692813,""prior_q25_performance"":9.1067,""prior_raw_observation_count"":37,""prior_residual_uncertainty"":0.17619218139637216,""prior_role_adjusted_kp"":0.19381956027883795,""prior_role_relative_rating"":0.0798171306928141,""prior_starter_reliability"":0.8842086895669085,""prior_team_state"":null,""prior_team_strength"":null,""schedule_opponent_context"":null}",,19.2198,2026 - Split 1,lcs_fantasy_split1_2026_reconstructed_v1,"{""dataset"":""feature_provenance"",""max_source_timestamp"":""2024-06-16T00:41:03Z""}",RECONSTRUCTED_NON_OFFICIAL_SPLIT1_2026_RULES,RECONSTRUCTED_COMPLETE_UNDER_POLICY;RECONSTRUCTED_EXCLUDED_COMPONENTS;RECONSTRUCTED_PROXY_USED
oe:player:460ae5a7af8d68f7831b70307210ab3,oe:team:fc8e90107dabb9a35c490b0d86adea0,BOT,period:ea10f8bb7f189dc4197a,2024-06-22T20:11:50Z,true,protected_selection_2024,"{""bo_format_context"":null,""canonical_matchup_probability"":null,""playstyle_class_1_probability"":null,""playstyle_class_2_probability"":null,""playstyle_uncertainty"":null,""playstyle_unknown_probability"":null,""prior_above_role_median_rate"":0.5425789847746175,""prior_champion_observation_count"":144,""prior_core_state"":null,""prior_effective_evidence"":56.612987952528194,""prior_median_performance"":17.372,""prior_player_rating"":1510.711049924668,""prior_q25_performance"":11.129999999999999,""prior_raw_observation_count"":144,""prior_residual_uncertainty"":0.11607603756068287,""prior_role_adjusted_kp"":0.08299846238679255,""prior_role_relative_rating"":0.1071104992466811,""prior_starter_reliability"":0.9333933504985875,""prior_team_state"":null,""prior_team_strength"":null,""schedule_opponent_context"":null}",,23.195,2026 - Split 1,lcs_fantasy_split1_2026_reconstructed_v1,"{""dataset"":""feature_provenance"",""max_source_timestamp"":""2024-06-16T00:41:03Z""}",RECONSTRUCTED_NON_OFFICIAL_SPLIT1_2026_RULES,RECONSTRUCTED_COMPLETE_UNDER_POLICY;RECONSTRUCTED_EXCLUDED_COMPONENTS;RECONSTRUCTED_PROXY_USED
oe:player:494fc60dffbb5da1caa2226baef0ec7,oe:team:b360f1d729b0a8e0f29a5243c4200fa,BOT,period:ea10f8bb7f189dc4197a,2024-06-22T20:11:50Z,true,protected_selection_2024,"{""bo_format_context"":null,""canonical_matchup_probability"":null,""playstyle_class_1_probability"":null,""playstyle_class_2_probability"":null,""playstyle_uncertainty"":null,""playstyle_unknown_probability"":null,""prior_above_role_median_rate"":0.52041565037696,""prior_champion_observation_count"":14,""prior_core_state"":null,""prior_effective_evidence"":13.198790476491775,""prior_median_performance"":15.96,""prior_player_rating"":1502.2104841120733,""prior_q25_performance"":10.9,""prior_raw_observation_count"":14,""prior_residual_uncertainty"":0.24300218801569126,""prior_role_adjusted_kp"":-0.04959274466620241,""prior_role_relative_rating"":0.022104841120733108,""prior_starter_reliability"":0.8414063731356324,""prior_team_state"":null,""prior_team_strength"":null,""schedule_opponent_context"":null}",,7.61,2026 - Split 1,lcs_fantasy_split1_2026_reconstructed_v1,"{""dataset"":""feature_provenance"",""max_source_timestamp"":""2024-06-16T22:33:45Z""}",RECONSTRUCTED_NON_OFFICIAL_SPLIT1_2026_RULES,RECONSTRUCTED_COMPLETE_UNDER_POLICY;RECONSTRUCTED_EXCLUDED_COMPONENTS;RECONSTRUCTED_PROXY_USED
oe:player:4a18312b5b75f549d5551e5912ad6eb,oe:team:c334c629fea759876e9e04afbe4aee7,MID,period:ea10f8bb7f189dc4197a,2024-06-22T20:11:50Z,true,protected_selection_2024,"{""bo_format_context"":null,""canonical_matchup_probability"":null,""playstyle_class_1_probability"":null,""playstyle_class_2_probability"":null,""playstyle_uncertainty"":null,""playstyle_unknown_probability"":null,""prior_above_role_median_rate"":0.5977375989723406,""prior_champion_observation_count"":16,""prior_core_state"":null,""prior_effective_evidence"":15.096422203419126,""prior_median_performance"":18.058,""prior_player_rating"":1510.206487956965,""prior_q25_performance"":11.09,""prior_raw_observation_count"":16,""prior_residual_uncertainty"":0.2105090318545077,""prior_role_adjusted_kp"":0.21883816033838,""prior_role_relative_rating"":0.102064879569651,""prior_starter_reliability"":0.8530183530590129,""prior_team_state"":null,""prior_team_strength"":null,""schedule_opponent_context"":null}",,9.77,2026 - Split 1,lcs_fantasy_split1_2026_reconstructed_v1,"{""dataset"":""feature_provenance"",""max_source_timestamp"":""2024-06-16T22:33:45Z""}",RECONSTRUCTED_NON_OFFICIAL_SPLIT1_2026_RULES,RECONSTRUCTED_COMPLETE_UNDER_POLICY;RECONSTRUCTED_EXCLUDED_COMPONENTS;RECONSTRUCTED_PROXY_USED
oe:player:4db47d64e2721bf7a93ebf42e488852,oe:team:4bd1751425ef6a9bc9d4d8e9385b4a6,BOT,period:ea10f8bb7f189dc4197a,2024-06-22T20:11:50Z,true,protected_selection_2024,"{""bo_format_context"":null,""canonical_matchup_probability"":null,""playstyle_class_1_probability"":null,""playstyle_class_2_probability"":null,""playstyle_uncertainty"":null,""playstyle_unknown_probability"":null,""prior_above_role_median_rate"":0.5208085199120263,""prior_champion_observation_count"":28,""prior_core_state"":null,""prior_effective_evidence"":27.09105559547188,""prior_median_performance"":16.939999999999998,""prior_player_rating"":1491.252309728446,""prior_q25_performance"":6.96,""prior_raw_observation_count"":28,""prior_residual_uncertainty"":0.17516905776686653,""prior_role_adjusted_kp"":-0.2476192454680706,""prior_role_relative_rating"":-0.08747690271553799,""prior_starter_reliability"":0.9050189073310826,""prior_team_state"":null,""prior_team_strength"":null,""schedule_opponent_context"":null}",,8.610000000000001,2026 - Split 1,lcs_fantasy_split1_2026_reconstructed_v1,"{""dataset"":""feature_provenance"",""max_source_timestamp"":""2024-06-16T20:57:47Z""}",RECONSTRUCTED_NON_OFFICIAL_SPLIT1_2026_RULES,RECONSTRUCTED_COMPLETE_UNDER_POLICY;RECONSTRUCTED_EXCLUDED_COMPONENTS;RECONSTRUCTED_PROXY_USED
oe:player:4e0619e57cb50c4ab1230c2dd72df1b,oe:team:c334c629fea759876e9e04afbe4aee7,BOT,period:ea10f8bb7f189dc4197a,2024-06-22T20:11:50Z,true,protected_selection_2024,"{""bo_format_context"":null,""canonical_matchup_probability"":null,""playstyle_class_1_probability"":null,""playstyle_class_2_probability"":null,""playstyle_uncertainty"":null,""playstyle_unknown_probability"":null,""prior_above_role_median_rate"":0.42987481303210195,""prior_champion_observation_count"":211,""prior_core_state"":null,""prior_effective_evidence"":35.01702431135252,""prior_median_performance"":14.14,""prior_player_rating"":1503.7339174467593,""prior_q25_performance"":8.85,""prior_raw_observation_count"":211,""prior_residual_uncertainty"":0.16558877777813874,""prior_role_adjusted_kp"":0.1909157271712964,""prior_role_relative_rating"":0.03733917446759382,""prior_starter_reliability"":0.8972231364258583,""prior_team_state"":null,""prior_team_strength"":null,""schedule_opponent_context"":null}",,11.741499999999998,2026 - Split 1,lcs_fantasy_split1_2026_reconstructed_v1,"{""dataset"":""feature_provenance"",""max_source_timestamp"":""2024-06-16T22:33:45Z""}",RECONSTRUCTED_NON_OFFICIAL_SPLIT1_2026_RULES,RECONSTRUCTED_COMPLETE_UNDER_POLICY;RECONSTRUCTED_EXCLUDED_COMPONENTS;RECONSTRUCTED_PROXY_USED
oe:player:5385f74da3e5deb5b66d9a1ee56cf97,oe:team:e758ebe9a5a2cc81b9c8078479c2d87,TOP,period:ea10f8bb7f189dc4197a,2024-06-22T20:11:50Z,true,protected_selection_2024,"{""bo_format_context"":null,""canonical_matchup_probability"":null,""playstyle_class_1_probability"":0.34102602179930436,""playstyle_class_2_probability"":0.4519490103963931,""playstyle_uncertainty"":0.32421587037772936,""playstyle_unknown_probability"":0.20702496780430246,""prior_above_role_median_rate"":0.44245631152645964,""prior_champion_observation_count"":120,""prior_core_state"":null,""prior_effective_evidence"":57.61275549010663,""prior_median_performance"":10.89,""prior_player_rating"":1486.4989519518786,""prior_q25_performance"":5.15,""prior_raw_observation_count"":120,""prior_residual_uncertainty"":0.11067849835782385,""prior_role_adjusted_kp"":-0.1297165162957982,""prior_role_relative_rating"":-0.13501048048121483,""prior_starter_reliability"":0.9285743618821595,""prior_team_state"":null,""prior_team_strength"":null,""schedule_opponent_context"":null}",,4.324000000000001,2026 - Split 1,lcs_fantasy_split1_2026_reconstructed_v1,"{""dataset"":""feature_provenance"",""max_source_timestamp"":""2024-06-16T20:57:47Z""}",RECONSTRUCTED_NON_OFFICIAL_SPLIT1_2026_RULES,RECONSTRUCTED_COMPLETE_UNDER_POLICY;RECONSTRUCTED_EXCLUDED_COMPONENTS;RECONSTRUCTED_PROXY_USED
oe:player:6841f2d68619d53bdd1cdbf30b5be2c,oe:team:b360f1d729b0a8e0f29a5243c4200fa,SUP,period:ea10f8bb7f189dc4197a,2024-06-22T20:11:50Z,true,protected_selection_2024,"{""bo_format_context"":null,""canonical_matchup_probability"":null,""playstyle_class_1_probability"":0.4910193788347832,""playstyle_class_2_probability"":0.2355926421974239,""playstyle_uncertainty"":0.3750126660703431,""playstyle_unknown_probability"":0.27338797896779293,""prior_above_role_median_rate"":0.33856974658843925,""prior_champion_observation_count"":76,""prior_core_state"":null,""prior_effective_evidence"":15.207028892443379,""prior_median_performance"":13.0751,""prior_player_rating"":1488.5231031443886,""prior_q25_performance"":5.62,""prior_raw_observation_count"":76,""prior_residual_uncertainty"":0.2256189779538523,""prior_role_adjusted_kp"":-0.12386903344294675,""prior_role_relative_rating"":-0.11476896855611282,""prior_starter_reliability"":0.8534032175182396,""prior_team_state"":null,""prior_team_strength"":null,""schedule_opponent_context"":null}",,4.2654,2026 - Split 1,lcs_fantasy_split1_2026_reconstructed_v1,"{""dataset"":""feature_provenance"",""max_source_timestamp"":""2024-06-16T22:33:45Z""}",RECONSTRUCTED_NON_OFFICIAL_SPLIT1_2026_RULES,RECONSTRUCTED_COMPLETE_UNDER_POLICY;RECONSTRUCTED_EXCLUDED_COMPONENTS;RECONSTRUCTED_PROXY_USED
oe:player:6ebdf3a3b56c113137109c45c2abc8f,oe:team:b360f1d729b0a8e0f29a5243c4200fa,JGL,period:ea10f8bb7f189dc4197a,2024-06-22T20:11:50Z,true,protected_selection_2024,"{""bo_format_context"":null,""canonical_matchup_probability"":null,""playstyle_class_1_probability"":null,""playstyle_class_2_probability"":null,""playstyle_uncertainty"":null,""playstyle_unknown_probability"":null,""prior_above_role_median_rate"":0.0,""prior_champion_observation_count"":2,""prior_core_state"":null,""prior_effective_evidence"":1.9999999916296716,""prior_median_performance"":8.459,""prior_player_rating"":1483.0324449210827,""prior_q25_performance"":3.83,""prior_raw_observation_count"":2,""prior_residual_uncertainty"":0.5347870110774299,""prior_role_adjusted_kp"":-0.03903279389295618,""prior_role_relative_rating"":-0.169675550789173,""prior_starter_reliability"":0.6641441255343196,""prior_team_state"":null,""prior_team_strength"":null,""schedule_opponent_context"":null}",,1.7435,2026 - Split 1,lcs_fantasy_split1_2026_reconstructed_v1,"{""dataset"":""feature_provenance"",""max_source_timestamp"":""2024-06-16T22:33:45Z""}",RECONSTRUCTED_NON_OFFICIAL_SPLIT1_2026_RULES,RECONSTRUCTED_COMPLETE_UNDER_POLICY;RECONSTRUCTED_EXCLUDED_COMPONENTS;RECONSTRUCTED_PROXY_USED
oe:player:73d2b65353d7b00e0f198ffdc085edc,oe:team:e758ebe9a5a2cc81b9c8078479c2d87,BOT,period:ea10f8bb7f189dc4197a,2024-06-22T20:11:50Z,true,protected_selection_2024,"{""bo_format_context"":null,""canonical_matchup_probability"":null,""playstyle_class_1_probability"":null,""playstyle_class_2_probability"":null,""playstyle_uncertainty"":null,""playstyle_unknown_probability"":null,""prior_above_role_median_rate"":0.48368450043165706,""prior_champion_observation_count"":288,""prior_core_state"":null,""prior_effective_evidence"":61.68751251105449,""prior_median_performance"":14.24,""prior_player_rating"":1501.3397986406223,""prior_q25_performance"":6.58,""prior_raw_observation_count"":288,""prior_residual_uncertainty"":0.1300534327605359,""prior_role_adjusted_kp"":0.12773238054415384,""prior_role_relative_rating"":0.01339798640622319,""prior_starter_reliability"":0.9306536266751654,""prior_team_state"":null,""prior_team_strength"":null,""schedule_opponent_context"":null}",,8.193333333333333,2026 - Split 1,lcs_fantasy_split1_2026_reconstructed_v1,"{""dataset"":""feature_provenance"",""max_source_timestamp"":""2024-06-16T20:57:47Z""}",RECONSTRUCTED_NON_OFFICIAL_SPLIT1_2026_RULES,RECONSTRUCTED_COMPLETE_UNDER_POLICY;RECONSTRUCTED_EXCLUDED_COMPONENTS;RECONSTRUCTED_PROXY_USED
oe:player:7c3395efccd48fe73592001501bef83,oe:team:4bd1751425ef6a9bc9d4d8e9385b4a6,JGL,period:ea10f8bb7f189dc4197a,2024-06-22T20:11:50Z,true,protected_selection_2024,"{""bo_format_context"":null,""canonical_matchup_probability"":null,""playstyle_class_1_probability"":null,""playstyle_class_2_probability"":null,""playstyle_uncertainty"":null,""playstyle_unknown_probability"":null,""prior_above_role_median_rate"":0.5586567978198519,""prior_champion_observation_count"":143,""prior_core_state"":null,""prior_effective_evidence"":61.42075223759803,""prior_median_performance"":16.2,""prior_player_rating"":1494.2348365169228,""prior_q25_performance"":6.5600000000000005,""prior_raw_observation_count"":143,""prior_residual_uncertainty"":0.11368613529327364,""prior_role_adjusted_kp"":-0.2649042325459485,""prior_role_relative_rating"":-0.05765163483077211,""prior_starter_reliability"":0.9361864617369599,""prior_team_state"":null,""prior_team_strength"":null,""schedule_opponent_context"":null}",,10.085,2026 - Split 1,lcs_fantasy_split1_2026_reconstructed_v1,"{""dataset"":""feature_provenance"",""max_source_timestamp"":""2024-06-16T20:57:47Z""}",RECONSTRUCTED_NON_OFFICIAL_SPLIT1_2026_RULES,RECONSTRUCTED_COMPLETE_UNDER_POLICY;RECONSTRUCTED_EXCLUDED_COMPONENTS;RECONSTRUCTED_PROXY_USED
oe:player:7e0e7ac2a199e8e2ecb30499a3b2153,oe:team:0dbb780176ecad18f17292d1f5653af,MID,period:ea10f8bb7f189dc4197a,2024-06-22T20:11:50Z,true,protected_selection_2024,"{""bo_format_context"":null,""canonical_matchup_probability"":null,""playstyle_class_1_probability"":null,""playstyle_class_2_probability"":null,""playstyle_uncertainty"":null,""playstyle_unknown_probability"":null,""prior_above_role_median_rate"":0.6029892738769598,""prior_champion_observation_count"":250,""prior_core_state"":null,""prior_effective_evidence"":53.04489710895183,""prior_median_performance"":18.252000000000002,""prior_player_rating"":1509.683974750452,""prior_q25_performance"":9.034,""prior_raw_observation_count"":250,""prior_residual_uncertainty"":0.13712001619314987,""prior_role_adjusted_kp"":0.12381665606360304,""prior_role_relative_rating"":0.09683974750451974,""prior_starter_reliability"":0.9337471552360188,""prior_team_state"":null,""prior_team_strength"":null,""schedule_opponent_context"":null}",,21.704500000000003,2026 - Split 1,lcs_fantasy_split1_2026_reconstructed_v1,"{""dataset"":""feature_provenance"",""max_source_timestamp"":""2024-06-16T00:41:03Z""}",RECONSTRUCTED_NON_OFFICIAL_SPLIT1_2026_RULES,RECONSTRUCTED_COMPLETE_UNDER_POLICY;RECONSTRUCTED_EXCLUDED_COMPONENTS;RECONSTRUCTED_PROXY_USED
oe:player:7e2505960c12cc54c96a0a6efb2e055,oe:team:2e66da41dc460dd378e3bcc57042d31,TOP,period:ea10f8bb7f189dc4197a,2024-06-22T20:11:50Z,true,protected_selection_2024,"{""bo_format_context"":null,""canonical_matchup_probability"":null,""playstyle_class_1_probability"":0.12573330008602335,""playstyle_class_2_probability"":0.6095385390461197,""playstyle_uncertainty"":0.3574103143617677,""playstyle_unknown_probability"":0.264728160867857,""prior_above_role_median_rate"":0.5417909365473393,""prior_champion_observation_count"":109,""prior_core_state"":null,""prior_effective_evidence"":33.72217070214055,""prior_median_performance"":15.049999999999999,""prior_player_rating"":1511.1708117436244,""prior_q25_performance"":9.36,""prior_raw_observation_count"":109,""prior_residual_uncertainty"":0.15092392208446764,""prior_role_adjusted_kp"":0.17660930423451587,""prior_role_relative_rating"":0.11170811743624318,""prior_starter_reliability"":0.916791461501981,""prior_team_state"":null,""prior_team_strength"":null,""schedule_opponent_context"":null}",,14.534333333333334,2026 - Split 1,lcs_fantasy_split1_2026_reconstructed_v1,"{""dataset"":""feature_provenance"",""max_source_timestamp"":""2024-06-15T22:02:04Z""}",RECONSTRUCTED_NON_OFFICIAL_SPLIT1_2026_RULES,RECONSTRUCTED_COMPLETE_UNDER_POLICY;RECONSTRUCTED_EXCLUDED_COMPONENTS;RECONSTRUCTED_PROXY_USED
oe:player:80fea0848c57b8e07a79675d41f582c,oe:team:c334c629fea759876e9e04afbe4aee7,TOP,period:ea10f8bb7f189dc4197a,2024-06-22T20:11:50Z,true,protected_selection_2024,"{""bo_format_context"":null,""canonical_matchup_probability"":null,""playstyle_class_1_probability"":0.17949679231315058,""playstyle_class_2_probability"":0.41925783083969775,""playstyle_uncertainty"":0.36530720315206283,""playstyle_unknown_probability"":0.40124537684715167,""prior_above_role_median_rate"":0.5381190133834564,""prior_champion_observation_count"":16,""prior_core_state"":null,""prior_effective_evidence"":15.096422203419126,""prior_median_performance"":13.2,""prior_player_rating"":1496.3428524625094,""prior_q25_performance"":5.347,""prior_raw_observation_count"":16,""prior_residual_uncertainty"":0.2285933994947555,""prior_role_adjusted_kp"":0.07733239752076486,""prior_role_relative_rating"":-0.03657147537490605,""prior_starter_reliability"":0.8530183530590129,""prior_team_state"":null,""prior_team_strength"":null,""schedule_opponent_context"":null}",,4.369999999999999,2026 - Split 1,lcs_fantasy_split1_2026_reconstructed_v1,"{""dataset"":""feature_provenance"",""max_source_timestamp"":""2024-06-16T22:33:45Z""}",RECONSTRUCTED_NON_OFFICIAL_SPLIT1_2026_RULES,RECONSTRUCTED_COMPLETE_UNDER_POLICY;RECONSTRUCTED_EXCLUDED_COMPONENTS;RECONSTRUCTED_PROXY_USED
oe:player:81acc6bcde5c927c78e0990e9887f84,oe:team:fc8e90107dabb9a35c490b0d86adea0,SUP,period:ea10f8bb7f189dc4197a,2024-06-22T20:11:50Z,true,protected_selection_2024,"{""bo_format_context"":null,""canonical_matchup_probability"":null,""playstyle_class_1_probability"":0.41997407065751585,""playstyle_class_2_probability"":0.32995038387397163,""playstyle_uncertainty"":0.37917242969312176,""playstyle_unknown_probability"":0.25007554546851263,""prior_above_role_median_rate"":0.4750060059462517,""prior_champion_observation_count"":305,""prior_core_state"":null,""prior_effective_evidence"":50.76101642946331,""prior_median_performance"":14.407700000000002,""prior_player_rating"":1497.7149932538716,""prior_q25_performance"":8.463099999999999,""prior_raw_observation_count"":305,""prior_residual_uncertainty"":0.12267754719703743,""prior_role_adjusted_kp"":-0.16707307473803562,""prior_role_relative_rating"":-0.022850067461283468,""prior_starter_reliability"":0.9289182971870036,""prior_team_state"":null,""prior_team_strength"":null,""schedule_opponent_context"":null}",,21.631349999999998,2026 - Split 1,lcs_fantasy_split1_2026_reconstructed_v1,"{""dataset"":""feature_provenance"",""max_source_timestamp"":""2024-06-16T00:41:03Z""}",RECONSTRUCTED_NON_OFFICIAL_SPLIT1_2026_RULES,RECONSTRUCTED_COMPLETE_UNDER_POLICY;RECONSTRUCTED_EXCLUDED_COMPONENTS;RECONSTRUCTED_PROXY_USED
oe:player:83eb62484689106807fcf5ad55b5479,oe:team:fc8e90107dabb9a35c490b0d86adea0,MID,period:ea10f8bb7f189dc4197a,2024-06-22T20:11:50Z,true,protected_selection_2024,"{""bo_format_context"":null,""canonical_matchup_probability"":null,""playstyle_class_1_probability"":null,""playstyle_class_2_probability"":null,""playstyle_uncertainty"":null,""playstyle_unknown_probability"":null,""prior_above_role_median_rate"":0.61872033975853,""prior_champion_observation_count"":166,""prior_core_state"":null,""prior_effective_evidence"":56.765801394085905,""prior_median_performance"":17.985999999999997,""prior_player_rating"":1505.0431165762936,""prior_q25_performance"":8.717,""prior_raw_observation_count"":166,""prior_residual_uncertainty"":0.123910721113477,""prior_role_adjusted_kp"":0.11792045732842345,""prior_role_relative_rating"":0.05043116576293749,""prior_starter_reliability"":0.9333542880825385,""prior_team_state"":null,""prior_team_strength"":null,""schedule_opponent_context"":null}",,19.75,2026 - Split 1,lcs_fantasy_split1_2026_reconstructed_v1,"{""dataset"":""feature_provenance"",""max_source_timestamp"":""2024-06-16T00:41:03Z""}",RECONSTRUCTED_NON_OFFICIAL_SPLIT1_2026_RULES,RECONSTRUCTED_COMPLETE_UNDER_POLICY;RECONSTRUCTED_EXCLUDED_COMPONENTS;RECONSTRUCTED_PROXY_USED
oe:player:8a5dbe19794784cfd0553556844f045,oe:team:e758ebe9a5a2cc81b9c8078479c2d87,JGL,period:ea10f8bb7f189dc4197a,2024-06-22T20:11:50Z,true,protected_selection_2024,"{""bo_format_context"":null,""canonical_matchup_probability"":null,""playstyle_class_1_probability"":null,""playstyle_class_2_probability"":null,""playstyle_uncertainty"":null,""playstyle_unknown_probability"":null,""prior_above_role_median_rate"":0.4664594971305396,""prior_champion_observation_count"":172,""prior_core_state"":null,""prior_effective_evidence"":59.48801634939405,""prior_median_performance"":14.03,""prior_player_rating"":1496.8636133297687,""prior_q25_performance"":5.7509999999999994,""prior_raw_observation_count"":172,""prior_residual_uncertainty"":0.11856390083423214,""prior_role_adjusted_kp"":0.0796127270688695,""prior_role_relative_rating"":-0.03136386670231235,""prior_starter_reliability"":0.9295633622224021,""prior_team_state"":null,""prior_team_strength"":null,""schedule_opponent_context"":null}",,19.686666666666664,2026 - Split 1,lcs_fantasy_split1_2026_reconstructed_v1,"{""dataset"":""feature_provenance"",""max_source_timestamp"":""2024-06-16T20:57:47Z""}",RECONSTRUCTED_NON_OFFICIAL_SPLIT1_2026_RULES,RECONSTRUCTED_COMPLETE_UNDER_POLICY;RECONSTRUCTED_EXCLUDED_COMPONENTS;RECONSTRUCTED_PROXY_USED
oe:player:8f8eaac8e99c203ee76e57c5c81c91f,oe:team:4bd1751425ef6a9bc9d4d8e9385b4a6,MID,period:ea10f8bb7f189dc4197a,2024-06-22T20:11:50Z,true,protected_selection_2024,"{""bo_format_context"":null,""canonical_matchup_probability"":null,""playstyle_class_1_probability"":null,""playstyle_class_2_probability"":null,""playstyle_uncertainty"":null,""playstyle_unknown_probability"":null,""prior_above_role_median_rate"":0.6014940622241846,""prior_champion_observation_count"":48,""prior_core_state"":null,""prior_effective_evidence"":37.40947007848712,""prior_median_performance"":21.424,""prior_player_rating"":1524.7554187906148,""prior_q25_performance"":11.343,""prior_raw_observation_count"":48,""prior_residual_uncertainty"":0.1739718904519404,""prior_role_adjusted_kp"":0.2861772967791098,""prior_role_relative_rating"":0.24755418790614903,""prior_starter_reliability"":0.9188107727452388,""prior_team_state"":null,""prior_team_strength"":null,""schedule_opponent_context"":null}",,8.486,2026 - Split 1,lcs_fantasy_split1_2026_reconstructed_v1,"{""dataset"":""feature_provenance"",""max_source_timestamp"":""2024-06-16T20:57:47Z""}",RECONSTRUCTED_NON_OFFICIAL_SPLIT1_2026_RULES,RECONSTRUCTED_COMPLETE_UNDER_POLICY;RECONSTRUCTED_EXCLUDED_COMPONENTS;RECONSTRUCTED_PROXY_USED
oe:player:9191e392e93a6ef011ef76b5b83ee6c,oe:team:e758ebe9a5a2cc81b9c8078479c2d87,SUP,period:ea10f8bb7f189dc4197a,2024-06-22T20:11:50Z,true,protected_selection_2024,"{""bo_format_context"":null,""canonical_matchup_probability"":null,""playstyle_class_1_probability"":0.49008625241720505,""playstyle_class_2_probability"":0.21361245370391094,""playstyle_uncertainty"":0.3915568644199244,""playstyle_unknown_probability"":0.296301293878884,""prior_above_role_median_rate"":0.43881097624029863,""prior_champion_observation_count"":279,""prior_core_state"":null,""prior_effective_evidence"":61.13017566932267,""prior_median_performance"":13.389500000000002,""prior_player_rating"":1500.2439151478513,""prior_q25_performance"":8.9501,""prior_raw_observation_count"":279,""prior_residual_uncertainty"":0.1127910235647121,""prior_role_adjusted_kp"":-0.02524164137351367,""prior_role_relative_rating"":0.0024391514785138584,""prior_starter_reliability"":0.9298725938549376,""prior_team_state"":null,""prior_team_strength"":null,""schedule_opponent_context"":null}",,13.663966666666667,2026 - Split 1,lcs_fantasy_split1_2026_reconstructed_v1,"{""dataset"":""feature_provenance"",""max_source_timestamp"":""2024-06-16T20:57:47Z""}",RECONSTRUCTED_NON_OFFICIAL_SPLIT1_2026_RULES,RECONSTRUCTED_COMPLETE_UNDER_POLICY;RECONSTRUCTED_EXCLUDED_COMPONENTS;RECONSTRUCTED_PROXY_USED
oe:player:9ce0043331f3999cc2ee205ab7c2d73,oe:team:c334c629fea759876e9e04afbe4aee7,SUP,period:ea10f8bb7f189dc4197a,2024-06-22T20:11:50Z,true,protected_selection_2024,"{""bo_format_context"":null,""canonical_matchup_probability"":null,""playstyle_class_1_probability"":0.5060737072673421,""playstyle_class_2_probability"":0.14769332601026763,""playstyle_uncertainty"":0.40081150875050287,""playstyle_unknown_probability"":0.3462329667223901,""prior_above_role_median_rate"":0.38251840312853264,""prior_champion_observation_count"":59,""prior_core_state"":null,""prior_effective_evidence"":18.273208968369467,""prior_median_performance"":13.293199999999999,""prior_player_rating"":1494.9782479920057,""prior_q25_performance"":10.500499999999999,""prior_raw_observation_count"":59,""prior_residual_uncertainty"":0.16925564498589776,""prior_role_adjusted_kp"":-0.0826566051975912,""prior_role_relative_rating"":-0.05021752007994236,""prior_starter_reliability"":0.8629368725743762,""prior_team_state"":null,""prior_team_strength"":null,""schedule_opponent_context"":null}",,9.3322,2026 - Split 1,lcs_fantasy_split1_2026_reconstructed_v1,"{""dataset"":""feature_provenance"",""max_source_timestamp"":""2024-06-16T22:33:45Z""}",RECONSTRUCTED_NON_OFFICIAL_SPLIT1_2026_RULES,RECONSTRUCTED_COMPLETE_UNDER_POLICY;RECONSTRUCTED_EXCLUDED_COMPONENTS;RECONSTRUCTED_PROXY_USED
oe:player:a04a853a0f540f156d08711204fe252,oe:team:c334c629fea759876e9e04afbe4aee7,JGL,period:ea10f8bb7f189dc4197a,2024-06-22T20:11:50Z,true,protected_selection_2024,"{""bo_format_context"":null,""canonical_matchup_probability"":null,""playstyle_class_1_probability"":null,""playstyle_class_2_probability"":null,""playstyle_uncertainty"":null,""playstyle_unknown_probability"":null,""prior_above_role_median_rate"":0.5118729136615932,""prior_champion_observation_count"":72,""prior_core_state"":null,""prior_effective_evidence"":24.13530566383669,""prior_median_performance"":16.200000000000003,""prior_player_rating"":1508.8838128110694,""prior_q25_performance"":10.67,""prior_raw_observation_count"":72,""prior_residual_uncertainty"":0.17337540895223433,""prior_role_adjusted_kp"":0.2496629646607088,""prior_role_relative_rating"":0.0888381281106938,""prior_starter_reliability"":0.879828016676517,""prior_team_state"":null,""prior_team_strength"":null,""schedule_opponent_context"":null}",,3.845,2026 - Split 1,lcs_fantasy_split1_2026_reconstructed_v1,"{""dataset"":""feature_provenance"",""max_source_timestamp"":""2024-06-16T22:33:45Z""}",RECONSTRUCTED_NON_OFFICIAL_SPLIT1_2026_RULES,RECONSTRUCTED_COMPLETE_UNDER_POLICY;RECONSTRUCTED_EXCLUDED_COMPONENTS;RECONSTRUCTED_PROXY_USED
oe:player:a8307167f3a1c933295bb9e3d43700e,oe:team:2e66da41dc460dd378e3bcc57042d31,JGL,period:ea10f8bb7f189dc4197a,2024-06-22T20:11:50Z,true,protected_selection_2024,"{""bo_format_context"":null,""canonical_matchup_probability"":null,""playstyle_class_1_probability"":null,""playstyle_class_2_probability"":null,""playstyle_uncertainty"":null,""playstyle_unknown_probability"":null,""prior_above_role_median_rate"":0.6368624627525301,""prior_champion_observation_count"":140,""prior_core_state"":null,""prior_effective_evidence"":42.004499685617574,""prior_median_performance"":19.722,""prior_player_rating"":1507.786884545472,""prior_q25_performance"":9.01,""prior_raw_observation_count"":140,""prior_residual_uncertainty"":0.14244248865846187,""prior_role_adjusted_kp"":-0.12679627623238485,""prior_role_relative_rating"":0.07786884545472127,""prior_starter_reliability"":0.9247706012489562,""prior_team_state"":null,""prior_team_strength"":null,""schedule_opponent_context"":null}",,14.106,2026 - Split 1,lcs_fantasy_split1_2026_reconstructed_v1,"{""dataset"":""feature_provenance"",""max_source_timestamp"":""2024-06-15T22:02:04Z""}",RECONSTRUCTED_NON_OFFICIAL_SPLIT1_2026_RULES,RECONSTRUCTED_COMPLETE_UNDER_POLICY;RECONSTRUCTED_EXCLUDED_COMPONENTS;RECONSTRUCTED_PROXY_USED
oe:player:c145139d26813639b8fe6f4d0b28228,oe:team:2e66da41dc460dd378e3bcc57042d31,BOT,period:ea10f8bb7f189dc4197a,2024-06-22T20:11:50Z,true,protected_selection_2024,"{""bo_format_context"":null,""canonical_matchup_probability"":null,""playstyle_class_1_probability"":null,""playstyle_class_2_probability"":null,""playstyle_uncertainty"":null,""playstyle_unknown_probability"":null,""prior_above_role_median_rate"":0.6242426016132451,""prior_champion_observation_count"":29,""prior_core_state"":null,""prior_effective_evidence"":27.83800060250355,""prior_median_performance"":17.57,""prior_player_rating"":1502.3779868182078,""prior_q25_performance"":10.77,""prior_raw_observation_count"":29,""prior_residual_uncertainty"":0.17590158028650915,""prior_role_adjusted_kp"":-0.06893955033649027,""prior_role_relative_rating"":0.02377986818207719,""prior_starter_reliability"":0.9097696261634886,""prior_team_state"":null,""prior_team_strength"":null,""schedule_opponent_context"":null}",,21.54733333333333,2026 - Split 1,lcs_fantasy_split1_2026_reconstructed_v1,"{""dataset"":""feature_provenance"",""max_source_timestamp"":""2024-06-15T22:02:04Z""}",RECONSTRUCTED_NON_OFFICIAL_SPLIT1_2026_RULES,RECONSTRUCTED_COMPLETE_UNDER_POLICY;RECONSTRUCTED_EXCLUDED_COMPONENTS;RECONSTRUCTED_PROXY_USED
oe:player:dbe844fcbbc7f54654e54242e79acac,oe:team:4bd1751425ef6a9bc9d4d8e9385b4a6,SUP,period:ea10f8bb7f189dc4197a,2024-06-22T20:11:50Z,true,protected_selection_2024,"{""bo_format_context"":null,""canonical_matchup_probability"":null,""playstyle_class_1_probability"":0.5118976041325668,""playstyle_class_2_probability"":0.26978148602766805,""playstyle_uncertainty"":0.31536590870774545,""playstyle_unknown_probability"":0.2183209098397652,""prior_above_role_median_rate"":0.5796526691234302,""prior_champion_observation_count"":91,""prior_core_state"":null,""prior_effective_evidence"":49.7505977625203,""prior_median_performance"":19.410999999999998,""prior_player_rating"":1506.9745055506683,""prior_q25_performance"":9.0735,""prior_raw_observation_count"":91,""prior_residual_uncertainty"":0.1306246481762553,""prior_role_adjusted_kp"":-0.11645141312668021,""prior_role_relative_rating"":0.06974505550668361,""prior_starter_reliability"":0.9293872097302325,""prior_team_state"":null,""prior_team_strength"":null,""schedule_opponent_context"":null}",,14.8084,2026 - Split 1,lcs_fantasy_split1_2026_reconstructed_v1,"{""dataset"":""feature_provenance"",""max_source_timestamp"":""2024-06-16T20:57:47Z""}",RECONSTRUCTED_NON_OFFICIAL_SPLIT1_2026_RULES,RECONSTRUCTED_COMPLETE_UNDER_POLICY;RECONSTRUCTED_EXCLUDED_COMPONENTS;RECONSTRUCTED_PROXY_USED
oe:player:dc760d6884ce21614b2389ac1c05ec2,oe:team:b360f1d729b0a8e0f29a5243c4200fa,TOP,period:ea10f8bb7f189dc4197a,2024-06-22T20:11:50Z,true,protected_selection_2024,"{""bo_format_context"":null,""canonical_matchup_probability"":null,""playstyle_class_1_probability"":0.1684818855238956,""playstyle_class_2_probability"":0.5860535320263228,""playstyle_uncertainty"":0.4567232609354116,""playstyle_unknown_probability"":0.24546458244978156,""prior_above_role_median_rate"":0.23860197861604854,""prior_champion_observation_count"":103,""prior_core_state"":null,""prior_effective_evidence"":16.994230037253452,""prior_median_performance"":7.175,""prior_player_rating"":1476.0530359069799,""prior_q25_performance"":3.74,""prior_raw_observation_count"":103,""prior_residual_uncertainty"":0.21637109457281542,""prior_role_adjusted_kp"":-0.14390570532196456,""prior_role_relative_rating"":-0.23946964093020187,""prior_starter_reliability"":0.8591433788075883,""prior_team_state"":null,""prior_team_strength"":null,""schedule_opponent_context"":null}",,3.4905,2026 - Split 1,lcs_fantasy_split1_2026_reconstructed_v1,"{""dataset"":""feature_provenance"",""max_source_timestamp"":""2024-06-16T22:33:45Z""}",RECONSTRUCTED_NON_OFFICIAL_SPLIT1_2026_RULES,RECONSTRUCTED_COMPLETE_UNDER_POLICY;RECONSTRUCTED_EXCLUDED_COMPONENTS;RECONSTRUCTED_PROXY_USED
oe:player:e03d0722b6dce835cde3268c08c4f54,oe:team:0dbb780176ecad18f17292d1f5653af,TOP,period:ea10f8bb7f189dc4197a,2024-06-22T20:11:50Z,true,protected_selection_2024,"{""bo_format_context"":null,""canonical_matchup_probability"":null,""playstyle_class_1_probability"":0.3350897550118448,""playstyle_class_2_probability"":0.4301068445555715,""playstyle_uncertainty"":0.36478271367299775,""playstyle_unknown_probability"":0.23480340043258363,""prior_above_role_median_rate"":0.5115846172583605,""prior_champion_observation_count"":224,""prior_core_state"":null,""prior_effective_evidence"":41.915963189596205,""prior_median_performance"":12.7,""prior_player_rating"":1488.2919143438335,""prior_q25_performance"":5.370000000000001,""prior_raw_observation_count"":224,""prior_residual_uncertainty"":0.13057176301311188,""prior_role_adjusted_kp"":-0.37296255607469275,""prior_role_relative_rating"":-0.11708085656166484,""prior_starter_reliability"":0.8850002204266787,""prior_team_state"":null,""prior_team_strength"":null,""schedule_opponent_context"":null}",,13.4055,2026 - Split 1,lcs_fantasy_split1_2026_reconstructed_v1,"{""dataset"":""feature_provenance"",""max_source_timestamp"":""2024-06-16T00:41:03Z""}",RECONSTRUCTED_NON_OFFICIAL_SPLIT1_2026_RULES,RECONSTRUCTED_COMPLETE_UNDER_POLICY;RECONSTRUCTED_EXCLUDED_COMPONENTS;RECONSTRUCTED_PROXY_USED
oe:player:e9017664588010860a92ceb5f8fcb82,oe:team:2e66da41dc460dd378e3bcc57042d31,MID,period:ea10f8bb7f189dc4197a,2024-06-22T20:11:50Z,true,protected_selection_2024,"{""bo_format_context"":null,""canonical_matchup_probability"":null,""playstyle_class_1_probability"":null,""playstyle_class_2_probability"":null,""playstyle_uncertainty"":null,""playstyle_unknown_probability"":null,""prior_above_role_median_rate"":0.33328276800617396,""prior_champion_observation_count"":3,""prior_core_state"":null,""prior_effective_evidence"":2.999999956440486,""prior_median_performance"":12.715,""prior_player_rating"":1483.8406220927727,""prior_q25_performance"":1.62,""prior_raw_observation_count"":3,""prior_residual_uncertainty"":0.5458434228940063,""prior_role_adjusted_kp"":-0.4569854638950177,""prior_role_relative_rating"":-0.1615937790722717,""prior_starter_reliability"":0.7110100574512396,""prior_team_state"":null,""prior_team_strength"":null,""schedule_opponent_context"":null}",,22.956,2026 - Split 1,lcs_fantasy_split1_2026_reconstructed_v1,"{""dataset"":""feature_provenance"",""max_source_timestamp"":""2024-06-15T22:02:04Z""}",RECONSTRUCTED_NON_OFFICIAL_SPLIT1_2026_RULES,RECONSTRUCTED_COMPLETE_UNDER_POLICY;RECONSTRUCTED_EXCLUDED_COMPONENTS;RECONSTRUCTED_PROXY_USED
oe:player:ea9ed09584feecae0991089f087d2ce,oe:team:8eb884e168f28402ce685bedebb5250,MID,period:ea10f8bb7f189dc4197a,2024-06-22T20:11:50Z,true,protected_selection_2024,"{""bo_format_context"":null,""canonical_matchup_probability"":null,""playstyle_class_1_probability"":null,""playstyle_class_2_probability"":null,""playstyle_uncertainty"":null,""playstyle_unknown_probability"":null,""prior_above_role_median_rate"":0.6062215046740218,""prior_champion_observation_count"":66,""prior_core_state"":null,""prior_effective_evidence"":51.10389527007048,""prior_median_performance"":18.16,""prior_player_rating"":1509.4164774716075,""prior_q25_performance"":12.1,""prior_raw_observation_count"":66,""prior_residual_uncertainty"":0.10955615876373216,""prior_role_adjusted_kp"":-0.045173433248532575,""prior_role_relative_rating"":0.09416477471607453,""prior_starter_reliability"":0.938293218993464,""prior_team_state"":null,""prior_team_strength"":null,""schedule_opponent_context"":null}",,27.731499999999997,2026 - Split 1,lcs_fantasy_split1_2026_reconstructed_v1,"{""dataset"":""feature_provenance"",""max_source_timestamp"":""2024-06-15T22:02:04Z""}",RECONSTRUCTED_NON_OFFICIAL_SPLIT1_2026_RULES,RECONSTRUCTED_COMPLETE_UNDER_POLICY;RECONSTRUCTED_EXCLUDED_COMPONENTS;RECONSTRUCTED_PROXY_USED
oe:player:ed455f823b6586e9e3621dfb5aeb42e,oe:team:fc8e90107dabb9a35c490b0d86adea0,JGL,period:ea10f8bb7f189dc4197a,2024-06-22T20:11:50Z,true,protected_selection_2024,"{""bo_format_context"":null,""canonical_matchup_probability"":null,""playstyle_class_1_probability"":null,""playstyle_class_2_probability"":null,""playstyle_uncertainty"":null,""playstyle_unknown_probability"":null,""prior_above_role_median_rate"":0.5949128098800144,""prior_champion_observation_count"":307,""prior_core_state"":null,""prior_effective_evidence"":59.04728075638233,""prior_median_performance"":18.669,""prior_player_rating"":1508.2890784192894,""prior_q25_performance"":8.296,""prior_raw_observation_count"":307,""prior_residual_uncertainty"":0.10796484403266346,""prior_role_adjusted_kp"":0.07731281990892563,""prior_role_relative_rating"":0.08289078419289359,""prior_starter_reliability"":0.9346110739656425,""prior_team_state"":null,""prior_team_strength"":null,""schedule_opponent_context"":null}",,28.869999999999997,2026 - Split 1,lcs_fantasy_split1_2026_reconstructed_v1,"{""dataset"":""feature_provenance"",""max_source_timestamp"":""2024-06-16T00:41:03Z""}",RECONSTRUCTED_NON_OFFICIAL_SPLIT1_2026_RULES,RECONSTRUCTED_COMPLETE_UNDER_POLICY;RECONSTRUCTED_EXCLUDED_COMPONENTS;RECONSTRUCTED_PROXY_USED
oe:player:ef97df9d746d0e65ed18786ab30031c,oe:team:b360f1d729b0a8e0f29a5243c4200fa,MID,period:ea10f8bb7f189dc4197a,2024-06-22T20:11:50Z,true,protected_selection_2024,"{""bo_format_context"":null,""canonical_matchup_probability"":null,""playstyle_class_1_probability"":null,""playstyle_class_2_probability"":null,""playstyle_uncertainty"":null,""playstyle_unknown_probability"":null,""prior_above_role_median_rate"":0.37012180156195634,""prior_champion_observation_count"":109,""prior_core_state"":null,""prior_effective_evidence"":29.564531776174483,""prior_median_performance"":9.969,""prior_player_rating"":1478.1375015150134,""prior_q25_performance"":5.8100000000000005,""prior_raw_observation_count"":109,""prior_residual_uncertainty"":0.17930134697861794,""prior_role_adjusted_kp"":-0.3638553384903581,""prior_role_relative_rating"":-0.21862498484986592,""prior_starter_reliability"":0.8907842538916934,""prior_team_state"":null,""prior_team_strength"":null,""schedule_opponent_context"":null}",,13.282499999999999,2026 - Split 1,lcs_fantasy_split1_2026_reconstructed_v1,"{""dataset"":""feature_provenance"",""max_source_timestamp"":""2024-06-16T22:33:45Z""}",RECONSTRUCTED_NON_OFFICIAL_SPLIT1_2026_RULES,RECONSTRUCTED_COMPLETE_UNDER_POLICY;RECONSTRUCTED_EXCLUDED_COMPONENTS;RECONSTRUCTED_PROXY_USED
oe:player:f6b8af05a5af22004a67a78f3046b92,oe:team:8eb884e168f28402ce685bedebb5250,BOT,period:ea10f8bb7f189dc4197a,2024-06-22T20:11:50Z,true,protected_selection_2024,"{""bo_format_context"":null,""canonical_matchup_probability"":null,""playstyle_class_1_probability"":null,""playstyle_class_2_probability"":null,""playstyle_uncertainty"":null,""playstyle_unknown_probability"":null,""prior_above_role_median_rate"":0.5550532237184814,""prior_champion_observation_count"":96,""prior_core_state"":null,""prior_effective_evidence"":62.21404573274548,""prior_median_performance"":18.17,""prior_player_rating"":1508.2866471030286,""prior_q25_performance"":10.270999999999999,""prior_raw_observation_count"":96,""prior_residual_uncertainty"":0.11582321737664647,""prior_role_adjusted_kp"":-0.08804435642876215,""prior_role_relative_rating"":0.08286647103028505,""prior_starter_reliability"":0.944094642359696,""prior_team_state"":null,""prior_team_strength"":null,""schedule_opponent_context"":null}",,27.401,2026 - Split 1,lcs_fantasy_split1_2026_reconstructed_v1,"{""dataset"":""feature_provenance"",""max_source_timestamp"":""2024-06-15T22:02:04Z""}",RECONSTRUCTED_NON_OFFICIAL_SPLIT1_2026_RULES,RECONSTRUCTED_COMPLETE_UNDER_POLICY;RECONSTRUCTED_EXCLUDED_COMPONENTS;RECONSTRUCTED_PROXY_USED
oe:player:fbadcf84fcfb01a251de88055f631cb,oe:team:0dbb780176ecad18f17292d1f5653af,JGL,period:ea10f8bb7f189dc4197a,2024-06-22T20:11:50Z,true,protected_selection_2024,"{""bo_format_context"":null,""canonical_matchup_probability"":null,""playstyle_class_1_probability"":null,""playstyle_class_2_probability"":null,""playstyle_uncertainty"":null,""playstyle_unknown_probability"":null,""prior_above_role_median_rate"":0.5806904657718855,""prior_champion_observation_count"":221,""prior_core_state"":null,""prior_effective_evidence"":29.511721550199496,""prior_median_performance"":17.46,""prior_player_rating"":1499.7234408115626,""prior_q25_performance"":7.142,""prior_raw_observation_count"":221,""prior_residual_uncertainty"":0.14060988863395404,""prior_role_adjusted_kp"":0.06089937148124202,""prior_role_relative_rating"":-0.002765591884374592,""prior_starter_reliability"":0.8617260850365344,""prior_team_state"":null,""prior_team_strength"":null,""schedule_opponent_context"":null}",,22.3565,2026 - Split 1,lcs_fantasy_split1_2026_reconstructed_v1,"{""dataset"":""feature_provenance"",""max_source_timestamp"":""2024-06-16T00:41:03Z""}",RECONSTRUCTED_NON_OFFICIAL_SPLIT1_2026_RULES,RECONSTRUCTED_COMPLETE_UNDER_POLICY;RECONSTRUCTED_EXCLUDED_COMPONENTS;RECONSTRUCTED_PROXY_USED
oe:player:fddde6d256bee26713f64ad9b2a9394,oe:team:e758ebe9a5a2cc81b9c8078479c2d87,MID,period:ea10f8bb7f189dc4197a,2024-06-22T20:11:50Z,true,protected_selection_2024,"{""bo_format_context"":null,""canonical_matchup_probability"":null,""playstyle_class_1_probability"":null,""playstyle_class_2_probability"":null,""playstyle_uncertainty"":null,""playstyle_unknown_probability"":null,""prior_above_role_median_rate"":0.42405277628962473,""prior_champion_observation_count"":185,""prior_core_state"":null,""prior_effective_evidence"":59.72983172933612,""prior_median_performance"":13.21,""prior_player_rating"":1493.941424580929,""prior_q25_performance"":8.370000000000001,""prior_raw_observation_count"":185,""prior_residual_uncertainty"":0.1067608142370125,""prior_role_adjusted_kp"":0.035311456744853705,""prior_role_relative_rating"":-0.060585754190710425,""prior_starter_reliability"":0.9296863140192028,""prior_team_state"":null,""prior_team_strength"":null,""schedule_opponent_context"":null}",,12.502333333333333,2026 - Split 1,lcs_fantasy_split1_2026_reconstructed_v1,"{""dataset"":""feature_provenance"",""max_source_timestamp"":""2024-06-16T20:57:47Z""}",RECONSTRUCTED_NON_OFFICIAL_SPLIT1_2026_RULES,RECONSTRUCTED_COMPLETE_UNDER_POLICY;RECONSTRUCTED_EXCLUDED_COMPONENTS;RECONSTRUCTED_PROXY_USED
oe:player:007be3acd5669d100711b13d79e2336,oe:team:4bd1751425ef6a9bc9d4d8e9385b4a6,TOP,period:f82eb58c594ccc349383,2024-02-02T21:12:22Z,true,protected_selection_2024,"{""bo_format_context"":null,""canonical_matchup_probability"":null,""playstyle_class_1_probability"":0.32155292819925285,""playstyle_class_2_probability"":0.317795543610874,""playstyle_uncertainty"":0.3700228680419489,""playstyle_unknown_probability"":0.3606515281898733,""prior_above_role_median_rate"":0.253838414225449,""prior_champion_observation_count"":4,""prior_core_state"":null,""prior_effective_evidence"":3.999258332680228,""prior_median_performance"":9.706,""prior_player_rating"":1491.3530441450548,""prior_q25_performance"":9.706,""prior_raw_observation_count"":4,""prior_residual_uncertainty"":0.36961058201599606,""prior_role_adjusted_kp"":-0.19446221763373303,""prior_role_relative_rating"":-0.08646955854945255,""prior_starter_reliability"":0.7456699734257702,""prior_team_state"":null,""prior_team_strength"":null,""schedule_opponent_context"":null}",,13.013333333333335,2026 - Split 1,lcs_fantasy_split1_2026_reconstructed_v1,"{""dataset"":""feature_provenance"",""max_source_timestamp"":""2024-01-28T20:15:18Z""}",RECONSTRUCTED_NON_OFFICIAL_SPLIT1_2026_RULES,RECONSTRUCTED_COMPLETE_UNDER_POLICY;RECONSTRUCTED_EXCLUDED_COMPONENTS;RECONSTRUCTED_PROXY_USED
oe:player:05fafeaf23dc3285558a4e968970b9f,oe:team:8eb884e168f28402ce685bedebb5250,SUP,period:f82eb58c594ccc349383,2024-02-02T21:12:22Z,true,protected_selection_2024,"{""bo_format_context"":null,""canonical_matchup_probability"":null,""playstyle_class_1_probability"":0.4906635521347202,""playstyle_class_2_probability"":0.29817267939682435,""playstyle_uncertainty"":0.34908042406641926,""playstyle_unknown_probability"":0.21116376846845542,""prior_above_role_median_rate"":0.5444257957071003,""prior_champion_observation_count"":267,""prior_core_state"":null,""prior_effective_evidence"":65.97816426838297,""prior_median_performance"":14.9207,""prior_player_rating"":1501.7149985499684,""prior_q25_performance"":8.7713,""prior_raw_observation_count"":267,""prior_residual_uncertainty"":0.1,""prior_role_adjusted_kp"":-0.11191354848018426,""prior_role_relative_rating"":0.017149985499683343,""prior_starter_reliability"":0.9314872211351913,""prior_team_state"":null,""prior_team_strength"":null,""schedule_opponent_context"":null}",,14.2628,2026 - Split 1,lcs_fantasy_split1_2026_reconstructed_v1,"{""dataset"":""feature_provenance"",""max_source_timestamp"":""2024-01-28T22:51:09Z""}",RECONSTRUCTED_NON_OFFICIAL_SPLIT1_2026_RULES,RECONSTRUCTED_COMPLETE_UNDER_POLICY;RECONSTRUCTED_EXCLUDED_COMPONENTS;RECONSTRUCTED_PROXY_USED
oe:player:08936c56ab5a6453c58974a619651c3,oe:team:0dbb780176ecad18f17292d1f5653af,JGL,period:f82eb58c594ccc349383,2024-02-02T21:12:22Z,true,protected_selection_2024,"{""bo_format_context"":null,""canonical_matchup_probability"":null,""playstyle_class_1_probability"":null,""playstyle_class_2_probability"":null,""playstyle_uncertainty"":null,""playstyle_unknown_probability"":null,""prior_above_role_median_rate"":0.25318541415644924,""prior_champion_observation_count"":13,""prior_core_state"":null,""prior_effective_evidence"":5.023180925400784,""prior_median_performance"":7.877,""prior_player_rating"":1478.1489562838026,""prior_q25_performance"":0.96,""prior_raw_observation_count"":13,""prior_residual_uncertainty"":0.3916681326496929,""prior_role_adjusted_kp"":-0.37986405946808516,""prior_role_relative_rating"":-0.21851043716197377,""prior_starter_reliability"":0.7604033133516535,""prior_team_state"":null,""prior_team_strength"":null,""schedule_opponent_context"":null}",,12.297333333333334,2026 - Split 1,lcs_fantasy_split1_2026_reconstructed_v1,"{""dataset"":""feature_provenance"",""max_source_timestamp"":""2024-01-28T20:15:18Z""}",RECONSTRUCTED_NON_OFFICIAL_SPLIT1_2026_RULES,RECONSTRUCTED_COMPLETE_UNDER_POLICY;RECONSTRUCTED_EXCLUDED_COMPONENTS;RECONSTRUCTED_PROXY_USED
oe:player:1970fcb701acce66e0771946bbb3105,oe:team:8eb884e168f28402ce685bedebb5250,JGL,period:f82eb58c594ccc349383,2024-02-02T21:12:22Z,true,protected_selection_2024,"{""bo_format_context"":null,""canonical_matchup_probability"":null,""playstyle_class_1_probability"":null,""playstyle_class_2_probability"":null,""playstyle_uncertainty"":null,""playstyle_unknown_probability"":null,""prior_above_role_median_rate"":0.2539134984714336,""prior_champion_observation_count"":4,""prior_core_state"":null,""prior_effective_evidence"":3.9992372592489116,""prior_median_performance"":12.629999999999999,""prior_player_rating"":1488.7628603339726,""prior_q25_performance"":7.15,""prior_raw_observation_count"":4,""prior_residual_uncertainty"":0.3930888759186506,""prior_role_adjusted_kp"":-0.10231765277982213,""prior_role_relative_rating"":-0.11237139666027317,""prior_starter_reliability"":0.7456850962890993,""prior_team_state"":null,""prior_team_strength"":null,""schedule_opponent_context"":null}",,4.956666666666667,2026 - Split 1,lcs_fantasy_split1_2026_reconstructed_v1,"{""dataset"":""feature_provenance"",""max_source_timestamp"":""2024-01-28T22:51:09Z""}",RECONSTRUCTED_NON_OFFICIAL_SPLIT1_2026_RULES,RECONSTRUCTED_COMPLETE_UNDER_POLICY;RECONSTRUCTED_EXCLUDED_COMPONENTS;RECONSTRUCTED_PROXY_USED
oe:player:1d22c812efd7b8a4244d93c51acc399,oe:team:0dbb780176ecad18f17292d1f5653af,MID,period:f82eb58c594ccc349383,2024-02-02T21:12:22Z,true,protected_selection_2024,"{""bo_format_context"":null,""canonical_matchup_probability"":null,""playstyle_class_1_probability"":null,""playstyle_class_2_probability"":null,""playstyle_uncertainty"":null,""playstyle_unknown_probability"":null,""prior_above_role_median_rate"":0.24622563298002254,""prior_champion_observation_count"":4,""prior_core_state"":null,""prior_effective_evidence"":3.999284710916417,""prior_median_performance"":11.95,""prior_player_rating"":1479.6210978737997,""prior_q25_performance"":1.9399999999999995,""prior_raw_observation_count"":4,""prior_residual_uncertainty"":0.39568962826470144,""prior_role_adjusted_kp"":-0.3155258629769428,""prior_role_relative_rating"":-0.2037890212620031,""prior_starter_reliability"":0.7456904407808509,""prior_team_state"":null,""prior_team_strength"":null,""schedule_opponent_context"":null}",,10.714999999999998,2026 - Split 1,lcs_fantasy_split1_2026_reconstructed_v1,"{""dataset"":""feature_provenance"",""max_source_timestamp"":""2024-01-28T20:15:18Z""}",RECONSTRUCTED_NON_OFFICIAL_SPLIT1_2026_RULES,RECONSTRUCTED_COMPLETE_UNDER_POLICY;RECONSTRUCTED_EXCLUDED_COMPONENTS;RECONSTRUCTED_PROXY_USED
oe:player:21f59b54f62b5b8b4bc0f63f0f617fc,oe:team:8eb884e168f28402ce685bedebb5250,TOP,period:f82eb58c594ccc349383,2024-02-02T21:12:22Z,true,protected_selection_2024,"{""bo_format_context"":null,""canonical_matchup_probability"":null,""playstyle_class_1_probability"":0.323227710926789,""playstyle_class_2_probability"":0.49140568180822947,""playstyle_uncertainty"":0.33694440150491295,""playstyle_unknown_probability"":0.18536660726498155,""prior_above_role_median_rate"":0.44598626750155806,""prior_champion_observation_count"":257,""prior_core_state"":null,""prior_effective_evidence"":56.336154510467736,""prior_median_performance"":11.120000000000001,""prior_player_rating"":1490.8981306218375,""prior_q25_performance"":6.390000000000001,""prior_raw_observation_count"":257,""prior_residual_uncertainty"":0.11246416786383731,""prior_role_adjusted_kp"":-0.11319215244202972,""prior_role_relative_rating"":-0.09101869378162576,""prior_starter_reliability"":0.9160225430822603,""prior_team_state"":null,""prior_team_strength"":null,""schedule_opponent_context"":null}",,7.164000000000001,2026 - Split 1,lcs_fantasy_split1_2026_reconstructed_v1,"{""dataset"":""feature_provenance"",""max_source_timestamp"":""2024-01-28T22:51:09Z""}",RECONSTRUCTED_NON_OFFICIAL_SPLIT1_2026_RULES,RECONSTRUCTED_COMPLETE_UNDER_POLICY;RECONSTRUCTED_EXCLUDED_COMPONENTS;RECONSTRUCTED_PROXY_USED
oe:player:3e722c8ede909c83af9342c41805a16,oe:team:2e66da41dc460dd378e3bcc57042d31,SUP,period:f82eb58c594ccc349383,2024-02-02T21:12:22Z,true,protected_selection_2024,"{""bo_format_context"":null,""canonical_matchup_probability"":null,""playstyle_class_1_probability"":0.419252579405226,""playstyle_class_2_probability"":0.3703077895836927,""playstyle_uncertainty"":0.2731054204591447,""playstyle_unknown_probability"":0.21043963101108132,""prior_above_role_median_rate"":0.5123617899529096,""prior_champion_observation_count"":55,""prior_core_state"":null,""prior_effective_evidence"":38.62686061378662,""prior_median_performance"":16.198999999999998,""prior_player_rating"":1503.773162551764,""prior_q25_performance"":8.2141,""prior_raw_observation_count"":55,""prior_residual_uncertainty"":0.1248609265434952,""prior_role_adjusted_kp"":0.16512903749272373,""prior_role_relative_rating"":0.03773162551764033,""prior_starter_reliability"":0.9040169123352876,""prior_team_state"":null,""prior_team_strength"":null,""schedule_opponent_context"":null}",,24.697599999999998,2026 - Split 1,lcs_fantasy_split1_2026_reconstructed_v1,"{""dataset"":""feature_provenance"",""max_source_timestamp"":""2024-01-28T21:55:54Z""}",RECONSTRUCTED_NON_OFFICIAL_SPLIT1_2026_RULES,RECONSTRUCTED_COMPLETE_UNDER_POLICY;RECONSTRUCTED_EXCLUDED_COMPONENTS;RECONSTRUCTED_PROXY_USED
oe:player:40704dfd2d966862568d29770de57bd,oe:team:0dbb780176ecad18f17292d1f5653af,SUP,period:f82eb58c594ccc349383,2024-02-02T21:12:22Z,true,protected_selection_2024,"{""bo_format_context"":null,""canonical_matchup_probability"":null,""playstyle_class_1_probability"":0.27288566057229446,""playstyle_class_2_probability"":0.31017288082355093,""playstyle_uncertainty"":0.4743794372788928,""playstyle_unknown_probability"":0.41694145860415466,""prior_above_role_median_rate"":0.5021501152046002,""prior_champion_observation_count"":20,""prior_core_state"":null,""prior_effective_evidence"":4.971498082924625,""prior_median_performance"":13.6617,""prior_player_rating"":1506.706846664261,""prior_q25_performance"":8.829899999999999,""prior_raw_observation_count"":20,""prior_residual_uncertainty"":0.3815982887343952,""prior_role_adjusted_kp"":0.2013508167923207,""prior_role_relative_rating"":0.06706846664261129,""prior_starter_reliability"":0.7595084284539401,""prior_team_state"":null,""prior_team_strength"":null,""schedule_opponent_context"":null}",,18.006666666666664,2026 - Split 1,lcs_fantasy_split1_2026_reconstructed_v1,"{""dataset"":""feature_provenance"",""max_source_timestamp"":""2024-01-28T20:15:18Z""}",RECONSTRUCTED_NON_OFFICIAL_SPLIT1_2026_RULES,RECONSTRUCTED_COMPLETE_UNDER_POLICY;RECONSTRUCTED_EXCLUDED_COMPONENTS;RECONSTRUCTED_PROXY_USED
oe:player:460ae5a7af8d68f7831b70307210ab3,oe:team:fc8e90107dabb9a35c490b0d86adea0,BOT,period:f82eb58c594ccc349383,2024-02-02T21:12:22Z,true,protected_selection_2024,"{""bo_format_context"":null,""canonical_matchup_probability"":null,""playstyle_class_1_probability"":null,""playstyle_class_2_probability"":null,""playstyle_uncertainty"":null,""playstyle_unknown_probability"":null,""prior_above_role_median_rate"":0.6289374688936495,""prior_champion_observation_count"":122,""prior_core_state"":null,""prior_effective_evidence"":59.450526198611314,""prior_median_performance"":19.945999999999998,""prior_player_rating"":1514.9317188269329,""prior_q25_performance"":13.57,""prior_raw_observation_count"":122,""prior_residual_uncertainty"":0.11015434490600726,""prior_role_adjusted_kp"":-0.10025101602906865,""prior_role_relative_rating"":0.14931718826932974,""prior_starter_reliability"":0.924601183578247,""prior_team_state"":null,""prior_team_strength"":null,""schedule_opponent_context"":null}",,11.229999999999999,2026 - Split 1,lcs_fantasy_split1_2026_reconstructed_v1,"{""dataset"":""feature_provenance"",""max_source_timestamp"":""2024-01-28T21:10:15Z""}",RECONSTRUCTED_NON_OFFICIAL_SPLIT1_2026_RULES,RECONSTRUCTED_COMPLETE_UNDER_POLICY;RECONSTRUCTED_EXCLUDED_COMPONENTS;RECONSTRUCTED_PROXY_USED
oe:player:494fc60dffbb5da1caa2226baef0ec7,oe:team:b360f1d729b0a8e0f29a5243c4200fa,BOT,period:f82eb58c594ccc349383,2024-02-02T21:12:22Z,true,protected_selection_2024,"{""bo_format_context"":null,""canonical_matchup_probability"":null,""playstyle_class_1_probability"":null,""playstyle_class_2_probability"":null,""playstyle_uncertainty"":null,""playstyle_unknown_probability"":null,""prior_above_role_median_rate"":0.5008739987834421,""prior_champion_observation_count"":2,""prior_core_state"":null,""prior_effective_evidence"":1.9999938890276847,""prior_median_performance"":29.293,""prior_player_rating"":1513.3906844856945,""prior_q25_performance"":15.67,""prior_raw_observation_count"":2,""prior_residual_uncertainty"":0.5715477175301396,""prior_role_adjusted_kp"":0.28099596701804985,""prior_role_relative_rating"":0.13390684485694476,""prior_starter_reliability"":0.6643408704109489,""prior_team_state"":null,""prior_team_strength"":null,""schedule_opponent_context"":null}",,19.465333333333334,2026 - Split 1,lcs_fantasy_split1_2026_reconstructed_v1,"{""dataset"":""feature_provenance"",""max_source_timestamp"":""2024-01-28T21:10:15Z""}",RECONSTRUCTED_NON_OFFICIAL_SPLIT1_2026_RULES,RECONSTRUCTED_COMPLETE_UNDER_POLICY;RECONSTRUCTED_EXCLUDED_COMPONENTS;RECONSTRUCTED_PROXY_USED
oe:player:4a18312b5b75f549d5551e5912ad6eb,oe:team:c334c629fea759876e9e04afbe4aee7,MID,period:f82eb58c594ccc349383,2024-02-02T21:12:22Z,true,protected_selection_2024,"{""bo_format_context"":null,""canonical_matchup_probability"":null,""playstyle_class_1_probability"":null,""playstyle_class_2_probability"":null,""playstyle_uncertainty"":null,""playstyle_unknown_probability"":null,""prior_above_role_median_rate"":0.5067538444227747,""prior_champion_observation_count"":4,""prior_core_state"":null,""prior_effective_evidence"":3.9992566983996567,""prior_median_performance"":21.18,""prior_player_rating"":1508.0634217009733,""prior_q25_performance"":11.09,""prior_raw_observation_count"":4,""prior_residual_uncertainty"":0.4655508946265443,""prior_role_adjusted_kp"":0.26218819645864566,""prior_role_relative_rating"":0.08063421700973314,""prior_starter_reliability"":0.7457143778286747,""prior_team_state"":null,""prior_team_strength"":null,""schedule_opponent_context"":null}",,19.436,2026 - Split 1,lcs_fantasy_split1_2026_reconstructed_v1,"{""dataset"":""feature_provenance"",""max_source_timestamp"":""2024-01-28T22:51:09Z""}",RECONSTRUCTED_NON_OFFICIAL_SPLIT1_2026_RULES,RECONSTRUCTED_COMPLETE_UNDER_POLICY;RECONSTRUCTED_EXCLUDED_COMPONENTS;RECONSTRUCTED_PROXY_USED
oe:player:4db47d64e2721bf7a93ebf42e488852,oe:team:4bd1751425ef6a9bc9d4d8e9385b4a6,BOT,period:f82eb58c594ccc349383,2024-02-02T21:12:22Z,true,protected_selection_2024,"{""bo_format_context"":null,""canonical_matchup_probability"":null,""playstyle_class_1_probability"":null,""playstyle_class_2_probability"":null,""playstyle_uncertainty"":null,""playstyle_unknown_probability"":null,""prior_above_role_median_rate"":0.253838414225449,""prior_champion_observation_count"":4,""prior_core_state"":null,""prior_effective_evidence"":3.999258332680228,""prior_median_performance"":12.22,""prior_player_rating"":1493.3983521492507,""prior_q25_performance"":12.22,""prior_raw_observation_count"":4,""prior_residual_uncertainty"":0.4222046238546022,""prior_role_adjusted_kp"":-0.06821622993704142,""prior_role_relative_rating"":-0.06601647850749255,""prior_starter_reliability"":0.7456699734257702,""prior_team_state"":null,""prior_team_strength"":null,""schedule_opponent_context"":null}",,20.21966666666667,2026 - Split 1,lcs_fantasy_split1_2026_reconstructed_v1,"{""dataset"":""feature_provenance"",""max_source_timestamp"":""2024-01-28T20:15:18Z""}",RECONSTRUCTED_NON_OFFICIAL_SPLIT1_2026_RULES,RECONSTRUCTED_COMPLETE_UNDER_POLICY;RECONSTRUCTED_EXCLUDED_COMPONENTS;RECONSTRUCTED_PROXY_USED
oe:player:4e0619e57cb50c4ab1230c2dd72df1b,oe:team:c334c629fea759876e9e04afbe4aee7,BOT,period:f82eb58c594ccc349383,2024-02-02T21:12:22Z,true,protected_selection_2024,"{""bo_format_context"":null,""canonical_matchup_probability"":null,""playstyle_class_1_probability"":null,""playstyle_class_2_probability"":null,""playstyle_uncertainty"":null,""playstyle_unknown_probability"":null,""prior_above_role_median_rate"":0.3860511768554094,""prior_champion_observation_count"":199,""prior_core_state"":null,""prior_effective_evidence"":35.77135478619411,""prior_median_performance"":13.46,""prior_player_rating"":1497.5213454937928,""prior_q25_performance"":5.74,""prior_raw_observation_count"":199,""prior_residual_uncertainty"":0.15192856403892693,""prior_role_adjusted_kp"":0.29926783556913733,""prior_role_relative_rating"":-0.024786545062072965,""prior_starter_reliability"":0.8950422862615239,""prior_team_state"":null,""prior_team_strength"":null,""schedule_opponent_context"":null}",,17.209333333333333,2026 - Split 1,lcs_fantasy_split1_2026_reconstructed_v1,"{""dataset"":""feature_provenance"",""max_source_timestamp"":""2024-01-28T22:51:09Z""}",RECONSTRUCTED_NON_OFFICIAL_SPLIT1_2026_RULES,RECONSTRUCTED_COMPLETE_UNDER_POLICY;RECONSTRUCTED_EXCLUDED_COMPONENTS;RECONSTRUCTED_PROXY_USED
oe:player:5385f74da3e5deb5b66d9a1ee56cf97,oe:team:e758ebe9a5a2cc81b9c8078479c2d87,TOP,period:f82eb58c594ccc349383,2024-02-02T21:12:22Z,true,protected_selection_2024,"{""bo_format_context"":null,""canonical_matchup_probability"":null,""playstyle_class_1_probability"":0.33282567068008295,""playstyle_class_2_probability"":0.49637399793480835,""playstyle_uncertainty"":0.2865256247670813,""playstyle_unknown_probability"":0.17080033138510875,""prior_above_role_median_rate"":0.5100043120697184,""prior_champion_observation_count"":102,""prior_core_state"":null,""prior_effective_evidence"":61.3878464253212,""prior_median_performance"":12.71,""prior_player_rating"":1492.4338753808458,""prior_q25_performance"":6.259,""prior_raw_observation_count"":102,""prior_residual_uncertainty"":0.11089361736841119,""prior_role_adjusted_kp"":-0.17029455195957188,""prior_role_relative_rating"":-0.0756612461915415,""prior_starter_reliability"":0.9294095191299201,""prior_team_state"":null,""prior_team_strength"":null,""schedule_opponent_context"":null}",,8.56,2026 - Split 1,lcs_fantasy_split1_2026_reconstructed_v1,"{""dataset"":""feature_provenance"",""max_source_timestamp"":""2024-01-28T21:55:54Z""}",RECONSTRUCTED_NON_OFFICIAL_SPLIT1_2026_RULES,RECONSTRUCTED_COMPLETE_UNDER_POLICY;RECONSTRUCTED_EXCLUDED_COMPONENTS;RECONSTRUCTED_PROXY_USED
oe:player:6378658dafc3eeb902fa2e52f909172,oe:team:0dbb780176ecad18f17292d1f5653af,BOT,period:f82eb58c594ccc349383,2024-02-02T21:12:22Z,true,protected_selection_2024,"{""bo_format_context"":null,""canonical_matchup_probability"":null,""playstyle_class_1_probability"":null,""playstyle_class_2_probability"":null,""playstyle_uncertainty"":null,""playstyle_unknown_probability"":null,""prior_above_role_median_rate"":0.3717480839459048,""prior_champion_observation_count"":53,""prior_core_state"":null,""prior_effective_evidence"":30.776232997397447,""prior_median_performance"":12.5,""prior_player_rating"":1485.6878512484134,""prior_q25_performance"":6.93,""prior_raw_observation_count"":53,""prior_residual_uncertainty"":0.13242259160224176,""prior_role_adjusted_kp"":-0.07537780450671852,""prior_role_relative_rating"":-0.14312148751586695,""prior_starter_reliability"":0.8944154219954868,""prior_team_state"":null,""prior_team_strength"":null,""schedule_opponent_context"":null}",,15.684333333333335,2026 - Split 1,lcs_fantasy_split1_2026_reconstructed_v1,"{""dataset"":""feature_provenance"",""max_source_timestamp"":""2024-01-28T20:15:18Z""}",RECONSTRUCTED_NON_OFFICIAL_SPLIT1_2026_RULES,RECONSTRUCTED_COMPLETE_UNDER_POLICY;RECONSTRUCTED_EXCLUDED_COMPONENTS;RECONSTRUCTED_PROXY_USED
oe:player:6841f2d68619d53bdd1cdbf30b5be2c,oe:team:b360f1d729b0a8e0f29a5243c4200fa,SUP,period:f82eb58c594ccc349383,2024-02-02T21:12:22Z,true,protected_selection_2024,"{""bo_format_context"":null,""canonical_matchup_probability"":null,""playstyle_class_1_probability"":0.2563603257672896,""playstyle_class_2_probability"":0.38365902818398173,""playstyle_uncertainty"":0.4563258865082263,""playstyle_unknown_probability"":0.35998064604872854,""prior_above_role_median_rate"":0.49990230084469583,""prior_champion_observation_count"":64,""prior_core_state"":null,""prior_effective_evidence"":4.1394290630217325,""prior_median_performance"":13.0751,""prior_player_rating"":1512.7769782232892,""prior_q25_performance"":10.882000000000001,""prior_raw_observation_count"":64,""prior_residual_uncertainty"":0.44057290409216315,""prior_role_adjusted_kp"":0.34892359901547776,""prior_role_relative_rating"":0.1277697822328922,""prior_starter_reliability"":0.7478462954911963,""prior_team_state"":null,""prior_team_strength"":null,""schedule_opponent_context"":null}",,13.992600000000001,2026 - Split 1,lcs_fantasy_split1_2026_reconstructed_v1,"{""dataset"":""feature_provenance"",""max_source_timestamp"":""2024-01-28T21:10:15Z""}",RECONSTRUCTED_NON_OFFICIAL_SPLIT1_2026_RULES,RECONSTRUCTED_COMPLETE_UNDER_POLICY;RECONSTRUCTED_EXCLUDED_COMPONENTS;RECONSTRUCTED_PROXY_USED
oe:player:6fbf57b984dbf130701e09ea4110bb8,oe:team:0dbb780176ecad18f17292d1f5653af,TOP,period:f82eb58c594ccc349383,2024-02-02T21:12:22Z,true,protected_selection_2024,"{""bo_format_context"":null,""canonical_matchup_probability"":null,""playstyle_class_1_probability"":0.3976597704280282,""playstyle_class_2_probability"":0.323083179518628,""playstyle_uncertainty"":0.3041496861384607,""playstyle_unknown_probability"":0.2792570500533439,""prior_above_role_median_rate"":0.45699656684381795,""prior_champion_observation_count"":31,""prior_core_state"":null,""prior_effective_evidence"":24.884929563988738,""prior_median_performance"":12.120000000000001,""prior_player_rating"":1490.3640997441557,""prior_q25_performance"":5.01,""prior_raw_observation_count"":31,""prior_residual_uncertainty"":0.16698883881130297,""prior_role_adjusted_kp"":0.06794596875252068,""prior_role_relative_rating"":-0.09635900255844218,""prior_starter_reliability"":0.8832902244869131,""prior_team_state"":null,""prior_team_strength"":null,""schedule_opponent_context"":null}",,12.485000000000001,2026 - Split 1,lcs_fantasy_split1_2026_reconstructed_v1,"{""dataset"":""feature_provenance"",""max_source_timestamp"":""2024-01-28T20:15:18Z""}",RECONSTRUCTED_NON_OFFICIAL_SPLIT1_2026_RULES,RECONSTRUCTED_COMPLETE_UNDER_POLICY;RECONSTRUCTED_EXCLUDED_COMPONENTS;RECONSTRUCTED_PROXY_USED
oe:player:73d2b65353d7b00e0f198ffdc085edc,oe:team:e758ebe9a5a2cc81b9c8078479c2d87,BOT,period:f82eb58c594ccc349383,2024-02-02T21:12:22Z,true,protected_selection_2024,"{""bo_format_context"":null,""canonical_matchup_probability"":null,""playstyle_class_1_probability"":null,""playstyle_class_2_probability"":null,""playstyle_uncertainty"":null,""playstyle_unknown_probability"":null,""prior_above_role_median_rate"":0.6254589218796373,""prior_champion_observation_count"":270,""prior_core_state"":null,""prior_effective_evidence"":69.64193937120322,""prior_median_performance"":19.102,""prior_player_rating"":1516.3131719308333,""prior_q25_performance"":10.084,""prior_raw_observation_count"":270,""prior_residual_uncertainty"":0.11659849682964851,""prior_role_adjusted_kp"":0.1708172672785288,""prior_role_relative_rating"":0.16313171930833226,""prior_starter_reliability"":0.9331946699619081,""prior_team_state"":null,""prior_team_strength"":null,""schedule_opponent_context"":null}",,13.463333333333331,2026 - Split 1,lcs_fantasy_split1_2026_reconstructed_v1,"{""dataset"":""feature_provenance"",""max_source_timestamp"":""2024-01-28T21:55:54Z""}",RECONSTRUCTED_NON_OFFICIAL_SPLIT1_2026_RULES,RECONSTRUCTED_COMPLETE_UNDER_POLICY;RECONSTRUCTED_EXCLUDED_COMPONENTS;RECONSTRUCTED_PROXY_USED
oe:player:7c3395efccd48fe73592001501bef83,oe:team:4bd1751425ef6a9bc9d4d8e9385b4a6,JGL,period:f82eb58c594ccc349383,2024-02-02T21:12:22Z,true,protected_selection_2024,"{""bo_format_context"":null,""canonical_matchup_probability"":null,""playstyle_class_1_probability"":null,""playstyle_class_2_probability"":null,""playstyle_uncertainty"":null,""playstyle_unknown_probability"":null,""prior_above_role_median_rate"":0.5424713188172561,""prior_champion_observation_count"":119,""prior_core_state"":null,""prior_effective_evidence"":61.73225009922919,""prior_median_performance"":16.995,""prior_player_rating"":1502.7372768255743,""prior_q25_performance"":6.54,""prior_raw_observation_count"":119,""prior_residual_uncertainty"":0.11587381087161285,""prior_role_adjusted_kp"":-0.03990793262478042,""prior_role_relative_rating"":0.027372768255743418,""prior_starter_reliability"":0.927346752957133,""prior_team_state"":null,""prior_team_strength"":null,""schedule_opponent_context"":null}",,16.518333333333334,2026 - Split 1,lcs_fantasy_split1_2026_reconstructed_v1,"{""dataset"":""feature_provenance"",""max_source_timestamp"":""2024-01-28T20:15:18Z""}",RECONSTRUCTED_NON_OFFICIAL_SPLIT1_2026_RULES,RECONSTRUCTED_COMPLETE_UNDER_POLICY;RECONSTRUCTED_EXCLUDED_COMPONENTS;RECONSTRUCTED_PROXY_USED
oe:player:7e0e7ac2a199e8e2ecb30499a3b2153,oe:team:2e66da41dc460dd378e3bcc57042d31,MID,period:f82eb58c594ccc349383,2024-02-02T21:12:22Z,true,protected_selection_2024,"{""bo_format_context"":null,""canonical_matchup_probability"":null,""playstyle_class_1_probability"":null,""playstyle_class_2_probability"":null,""playstyle_uncertainty"":null,""playstyle_unknown_probability"":null,""prior_above_role_median_rate"":0.5421526349313108,""prior_champion_observation_count"":225,""prior_core_state"":null,""prior_effective_evidence"":48.1635000656298,""prior_median_performance"":15.92,""prior_player_rating"":1499.985834832738,""prior_q25_performance"":8.529,""prior_raw_observation_count"":225,""prior_residual_uncertainty"":0.12837796176136237,""prior_role_adjusted_kp"":0.06352261419737408,""prior_role_relative_rating"":-0.0001416516726211658,""prior_starter_reliability"":0.9137949025047367,""prior_team_state"":null,""prior_team_strength"":null,""schedule_opponent_context"":null}",,20.981666666666666,2026 - Split 1,lcs_fantasy_split1_2026_reconstructed_v1,"{""dataset"":""feature_provenance"",""max_source_timestamp"":""2024-01-28T21:55:54Z""}",RECONSTRUCTED_NON_OFFICIAL_SPLIT1_2026_RULES,RECONSTRUCTED_COMPLETE_UNDER_POLICY;RECONSTRUCTED_EXCLUDED_COMPONENTS;RECONSTRUCTED_PROXY_USED
oe:player:7e2505960c12cc54c96a0a6efb2e055,oe:team:2e66da41dc460dd378e3bcc57042d31,TOP,period:f82eb58c594ccc349383,2024-02-02T21:12:22Z,true,protected_selection_2024,"{""bo_format_context"":null,""canonical_matchup_probability"":null,""playstyle_class_1_probability"":0.16684193091908206,""playstyle_class_2_probability"":0.5114008609585636,""playstyle_uncertainty"":0.4055387815079315,""playstyle_unknown_probability"":0.32175720812235425,""prior_above_role_median_rate"":0.5591443022333697,""prior_champion_observation_count"":84,""prior_core_state"":null,""prior_effective_evidence"":14.126222289929805,""prior_median_performance"":15.049999999999999,""prior_player_rating"":1496.5914581381182,""prior_q25_performance"":7.729000000000001,""prior_raw_observation_count"":84,""prior_residual_uncertainty"":0.2454114919218073,""prior_role_adjusted_kp"":-0.23676968234042217,""prior_role_relative_rating"":-0.03408541861881699,""prior_starter_reliability"":0.8251931799615523,""prior_team_state"":null,""prior_team_strength"":null,""schedule_opponent_context"":null}",,17.85966666666667,2026 - Split 1,lcs_fantasy_split1_2026_reconstructed_v1,"{""dataset"":""feature_provenance"",""max_source_timestamp"":""2024-01-28T21:55:54Z""}",RECONSTRUCTED_NON_OFFICIAL_SPLIT1_2026_RULES,RECONSTRUCTED_COMPLETE_UNDER_POLICY;RECONSTRUCTED_EXCLUDED_COMPONENTS;RECONSTRUCTED_PROXY_USED
oe:player:80fea0848c57b8e07a79675d41f582c,oe:team:c334c629fea759876e9e04afbe4aee7,TOP,period:f82eb58c594ccc349383,2024-02-02T21:12:22Z,true,protected_selection_2024,"{""bo_format_context"":null,""canonical_matchup_probability"":null,""playstyle_class_1_probability"":0.2510743755762844,""playstyle_class_2_probability"":0.388309815219972,""playstyle_uncertainty"":0.3686642828114776,""playstyle_unknown_probability"":0.3606158092037436,""prior_above_role_median_rate"":0.5067538444227747,""prior_champion_observation_count"":4,""prior_core_state"":null,""prior_effective_evidence"":3.9992566983996567,""prior_median_performance"":17.546999999999997,""prior_player_rating"":1500.1343733734109,""prior_q25_performance"":7.390000000000001,""prior_raw_observation_count"":4,""prior_residual_uncertainty"":0.48425785034967583,""prior_role_adjusted_kp"":0.054589350379430274,""prior_role_relative_rating"":0.0013437337341092707,""prior_starter_reliability"":0.7457143778286747,""prior_team_state"":null,""prior_team_strength"":null,""schedule_opponent_context"":null}",,12.86,2026 - Split 1,lcs_fantasy_split1_2026_reconstructed_v1,"{""dataset"":""feature_provenance"",""max_source_timestamp"":""2024-01-28T22:51:09Z""}",RECONSTRUCTED_NON_OFFICIAL_SPLIT1_2026_RULES,RECONSTRUCTED_COMPLETE_UNDER_POLICY;RECONSTRUCTED_EXCLUDED_COMPONENTS;RECONSTRUCTED_PROXY_USED
oe:player:81acc6bcde5c927c78e0990e9887f84,oe:team:fc8e90107dabb9a35c490b0d86adea0,SUP,period:f82eb58c594ccc349383,2024-02-02T21:12:22Z,true,protected_selection_2024,"{""bo_format_context"":null,""canonical_matchup_probability"":null,""playstyle_class_1_probability"":0.460024326895666,""playstyle_class_2_probability"":0.3093752825426242,""playstyle_uncertainty"":0.3634532399489658,""playstyle_unknown_probability"":0.23060039056170975,""prior_above_role_median_rate"":0.5421083517720034,""prior_champion_observation_count"":283,""prior_core_state"":null,""prior_effective_evidence"":52.99598236060958,""prior_median_performance"":15.892,""prior_player_rating"":1507.8277645380886,""prior_q25_performance"":8.7787,""prior_raw_observation_count"":283,""prior_residual_uncertainty"":0.12376948054580958,""prior_role_adjusted_kp"":0.014956911271800254,""prior_role_relative_rating"":0.07827764538088526,""prior_starter_reliability"":0.9127061714102495,""prior_team_state"":null,""prior_team_strength"":null,""schedule_opponent_context"":null}",,10.931266666666666,2026 - Split 1,lcs_fantasy_split1_2026_reconstructed_v1,"{""dataset"":""feature_provenance"",""max_source_timestamp"":""2024-01-28T21:10:15Z""}",RECONSTRUCTED_NON_OFFICIAL_SPLIT1_2026_RULES,RECONSTRUCTED_COMPLETE_UNDER_POLICY;RECONSTRUCTED_EXCLUDED_COMPONENTS;RECONSTRUCTED_PROXY_USED
oe:player:83eb62484689106807fcf5ad55b5479,oe:team:fc8e90107dabb9a35c490b0d86adea0,MID,period:f82eb58c594ccc349383,2024-02-02T21:12:22Z,true,protected_selection_2024,"{""bo_format_context"":null,""canonical_matchup_probability"":null,""playstyle_class_1_probability"":null,""playstyle_class_2_probability"":null,""playstyle_uncertainty"":null,""playstyle_unknown_probability"":null,""prior_above_role_median_rate"":0.6676715245339688,""prior_champion_observation_count"":144,""prior_core_state"":null,""prior_effective_evidence"":60.52641292141861,""prior_median_performance"":18.84,""prior_player_rating"":1518.4923712276982,""prior_q25_performance"":10.505,""prior_raw_observation_count"":144,""prior_residual_uncertainty"":0.13205319236943844,""prior_role_adjusted_kp"":0.2351619323577325,""prior_role_relative_rating"":0.18492371227698212,""prior_starter_reliability"":0.9245054104491541,""prior_team_state"":null,""prior_team_strength"":null,""schedule_opponent_context"":null}",,9.933333333333334,2026 - Split 1,lcs_fantasy_split1_2026_reconstructed_v1,"{""dataset"":""feature_provenance"",""max_source_timestamp"":""2024-01-28T21:10:15Z""}",RECONSTRUCTED_NON_OFFICIAL_SPLIT1_2026_RULES,RECONSTRUCTED_COMPLETE_UNDER_POLICY;RECONSTRUCTED_EXCLUDED_COMPONENTS;RECONSTRUCTED_PROXY_USED
oe:player:8a5dbe19794784cfd0553556844f045,oe:team:e758ebe9a5a2cc81b9c8078479c2d87,JGL,period:f82eb58c594ccc349383,2024-02-02T21:12:22Z,true,protected_selection_2024,"{""bo_format_context"":null,""canonical_matchup_probability"":null,""playstyle_class_1_probability"":null,""playstyle_class_2_probability"":null,""playstyle_uncertainty"":null,""playstyle_unknown_probability"":null,""prior_above_role_median_rate"":0.558230287908204,""prior_champion_observation_count"":154,""prior_core_state"":null,""prior_effective_evidence"":65.1245551427435,""prior_median_performance"":15.426,""prior_player_rating"":1509.273655792246,""prior_q25_performance"":9.15,""prior_raw_observation_count"":154,""prior_residual_uncertainty"":0.11556795242665804,""prior_role_adjusted_kp"":0.04435972508774935,""prior_role_relative_rating"":0.09273655792245966,""prior_starter_reliability"":0.9312340749021126,""prior_team_state"":null,""prior_team_strength"":null,""schedule_opponent_context"":null}",,17.115,2026 - Split 1,lcs_fantasy_split1_2026_reconstructed_v1,"{""dataset"":""feature_provenance"",""max_source_timestamp"":""2024-01-28T21:55:54Z""}",RECONSTRUCTED_NON_OFFICIAL_SPLIT1_2026_RULES,RECONSTRUCTED_COMPLETE_UNDER_POLICY;RECONSTRUCTED_EXCLUDED_COMPONENTS;RECONSTRUCTED_PROXY_USED
oe:player:8f8eaac8e99c203ee76e57c5c81c91f,oe:team:4bd1751425ef6a9bc9d4d8e9385b4a6,MID,period:f82eb58c594ccc349383,2024-02-02T21:12:22Z,true,protected_selection_2024,"{""bo_format_context"":null,""canonical_matchup_probability"":null,""playstyle_class_1_probability"":null,""playstyle_class_2_probability"":null,""playstyle_uncertainty"":null,""playstyle_unknown_probability"":null,""prior_above_role_median_rate"":0.4992858214652484,""prior_champion_observation_count"":24,""prior_core_state"":null,""prior_effective_evidence"":18.84429377010882,""prior_median_performance"":15.26,""prior_player_rating"":1498.8272505262462,""prior_q25_performance"":9.694,""prior_raw_observation_count"":24,""prior_residual_uncertainty"":0.2057495093350089,""prior_role_adjusted_kp"":0.004603818425364295,""prior_role_relative_rating"":-0.011727494737538187,""prior_starter_reliability"":0.8639742180932325,""prior_team_state"":null,""prior_team_strength"":null,""schedule_opponent_context"":null}",,17.52633333333333,2026 - Split 1,lcs_fantasy_split1_2026_reconstructed_v1,"{""dataset"":""feature_provenance"",""max_source_timestamp"":""2024-01-28T20:15:18Z""}",RECONSTRUCTED_NON_OFFICIAL_SPLIT1_2026_RULES,RECONSTRUCTED_COMPLETE_UNDER_POLICY;RECONSTRUCTED_EXCLUDED_COMPONENTS;RECONSTRUCTED_PROXY_USED
oe:player:9191e392e93a6ef011ef76b5b83ee6c,oe:team:e758ebe9a5a2cc81b9c8078479c2d87,SUP,period:f82eb58c594ccc349383,2024-02-02T21:12:22Z,true,protected_selection_2024,"{""bo_format_context"":null,""canonical_matchup_probability"":null,""playstyle_class_1_probability"":0.4614902354467971,""playstyle_class_2_probability"":0.27885422561876766,""playstyle_uncertainty"":0.3689451194036655,""playstyle_unknown_probability"":0.2596555389344353,""prior_above_role_median_rate"":0.5174089163011647,""prior_champion_observation_count"":261,""prior_core_state"":null,""prior_effective_evidence"":70.89470441182583,""prior_median_performance"":14.982000000000001,""prior_player_rating"":1510.7960199410534,""prior_q25_performance"":11.0055,""prior_raw_observation_count"":261,""prior_residual_uncertainty"":0.10436644225959422,""prior_role_adjusted_kp"":-0.1492585771980786,""prior_role_relative_rating"":0.10796019941053332,""prior_starter_reliability"":0.9317954820942537,""prior_team_state"":null,""prior_team_strength"":null,""schedule_opponent_context"":null}",,14.396366666666667,2026 - Split 1,lcs_fantasy_split1_2026_reconstructed_v1,"{""dataset"":""feature_provenance"",""max_source_timestamp"":""2024-01-28T21:55:54Z""}",RECONSTRUCTED_NON_OFFICIAL_SPLIT1_2026_RULES,RECONSTRUCTED_COMPLETE_UNDER_POLICY;RECONSTRUCTED_EXCLUDED_COMPONENTS;RECONSTRUCTED_PROXY_USED
oe:player:9ce0043331f3999cc2ee205ab7c2d73,oe:team:c334c629fea759876e9e04afbe4aee7,SUP,period:f82eb58c594ccc349383,2024-02-02T21:12:22Z,true,protected_selection_2024,"{""bo_format_context"":null,""canonical_matchup_probability"":null,""playstyle_class_1_probability"":0.39512668720217853,""playstyle_class_2_probability"":0.22328627820732788,""playstyle_uncertainty"":0.44396851538086135,""playstyle_unknown_probability"":0.38158703459049353,""prior_above_role_median_rate"":0.4741003646781108,""prior_champion_observation_count"":47,""prior_core_state"":null,""prior_effective_evidence"":8.628400759338378,""prior_median_performance"":12.5751,""prior_player_rating"":1510.221732332281,""prior_q25_performance"":9.2829,""prior_raw_observation_count"":47,""prior_residual_uncertainty"":0.2791105285260468,""prior_role_adjusted_kp"":0.47977149376874656,""prior_role_relative_rating"":0.10221732332281011,""prior_starter_reliability"":0.7948275488774836,""prior_team_state"":null,""prior_team_strength"":null,""schedule_opponent_context"":null}",,13.761366666666666,2026 - Split 1,lcs_fantasy_split1_2026_reconstructed_v1,"{""dataset"":""feature_provenance"",""max_source_timestamp"":""2024-01-28T22:51:09Z""}",RECONSTRUCTED_NON_OFFICIAL_SPLIT1_2026_RULES,RECONSTRUCTED_COMPLETE_UNDER_POLICY;RECONSTRUCTED_EXCLUDED_COMPONENTS;RECONSTRUCTED_PROXY_USED
oe:player:a04a853a0f540f156d08711204fe252,oe:team:c334c629fea759876e9e04afbe4aee7,JGL,period:f82eb58c594ccc349383,2024-02-02T21:12:22Z,true,protected_selection_2024,"{""bo_format_context"":null,""canonical_matchup_probability"":null,""playstyle_class_1_probability"":null,""playstyle_class_2_probability"":null,""playstyle_uncertainty"":null,""playstyle_unknown_probability"":null,""prior_above_role_median_rate"":0.4450168300654685,""prior_champion_observation_count"":60,""prior_core_state"":null,""prior_effective_evidence"":16.708496555166803,""prior_median_performance"":12.1,""prior_player_rating"":1507.5873193157286,""prior_q25_performance"":5.143,""prior_raw_observation_count"":60,""prior_residual_uncertainty"":0.25858080707480713,""prior_role_adjusted_kp"":0.41621872479406724,""prior_role_relative_rating"":0.0758731931572856,""prior_starter_reliability"":0.8536884471732089,""prior_team_state"":null,""prior_team_strength"":null,""schedule_opponent_context"":null}",,12.354333333333335,2026 - Split 1,lcs_fantasy_split1_2026_reconstructed_v1,"{""dataset"":""feature_provenance"",""max_source_timestamp"":""2024-01-28T22:51:09Z""}",RECONSTRUCTED_NON_OFFICIAL_SPLIT1_2026_RULES,RECONSTRUCTED_COMPLETE_UNDER_POLICY;RECONSTRUCTED_EXCLUDED_COMPONENTS;RECONSTRUCTED_PROXY_USED
oe:player:a7f0b16a54f4bd0dcb6fb7bb625b3cb,oe:team:b360f1d729b0a8e0f29a5243c4200fa,JGL,period:f82eb58c594ccc349383,2024-02-02T21:12:22Z,true,protected_selection_2024,"{""bo_format_context"":null,""canonical_matchup_probability"":null,""playstyle_class_1_probability"":null,""playstyle_class_2_probability"":null,""playstyle_uncertainty"":null,""playstyle_unknown_probability"":null,""prior_above_role_median_rate"":0.35737763324199456,""prior_champion_observation_count"":50,""prior_core_state"":null,""prior_effective_evidence"":36.502205831317106,""prior_median_performance"":9.29,""prior_player_rating"":1497.6102034106405,""prior_q25_performance"":7.323,""prior_raw_observation_count"":50,""prior_residual_uncertainty"":0.14499315654679748,""prior_role_adjusted_kp"":0.2325931036436051,""prior_role_relative_rating"":-0.023897965893596027,""prior_starter_reliability"":0.903168095978353,""prior_team_state"":null,""prior_team_strength"":null,""schedule_opponent_context"":null}",,14.810333333333332,2026 - Split 1,lcs_fantasy_split1_2026_reconstructed_v1,"{""dataset"":""feature_provenance"",""max_source_timestamp"":""2024-01-28T21:10:15Z""}",RECONSTRUCTED_NON_OFFICIAL_SPLIT1_2026_RULES,RECONSTRUCTED_COMPLETE_UNDER_POLICY;RECONSTRUCTED_EXCLUDED_COMPONENTS;RECONSTRUCTED_PROXY_USED
oe:player:a8307167f3a1c933295bb9e3d43700e,oe:team:2e66da41dc460dd378e3bcc57042d31,JGL,period:f82eb58c594ccc349383,2024-02-02T21:12:22Z,true,protected_selection_2024,"{""bo_format_context"":null,""canonical_matchup_probability"":null,""playstyle_class_1_probability"":null,""playstyle_class_2_probability"":null,""playstyle_uncertainty"":null,""playstyle_unknown_probability"":null,""prior_above_role_median_rate"":0.6408565075387547,""prior_champion_observation_count"":115,""prior_core_state"":null,""prior_effective_evidence"":31.629055206714842,""prior_median_performance"":16.96,""prior_player_rating"":1500.5199235245057,""prior_q25_performance"":9.65,""prior_raw_observation_count"":115,""prior_residual_uncertainty"":0.1473458885423824,""prior_role_adjusted_kp"":-0.252564402415176,""prior_role_relative_rating"":0.005199235245057098,""prior_starter_reliability"":0.8774182300418362,""prior_team_state"":null,""prior_team_strength"":null,""schedule_opponent_context"":null}",,24.47666666666667,2026 - Split 1,lcs_fantasy_split1_2026_reconstructed_v1,"{""dataset"":""feature_provenance"",""max_source_timestamp"":""2024-01-28T21:55:54Z""}",RECONSTRUCTED_NON_OFFICIAL_SPLIT1_2026_RULES,RECONSTRUCTED_COMPLETE_UNDER_POLICY;RECONSTRUCTED_EXCLUDED_COMPONENTS;RECONSTRUCTED_PROXY_USED
oe:player:c145139d26813639b8fe6f4d0b28228,oe:team:2e66da41dc460dd378e3bcc57042d31,BOT,period:f82eb58c594ccc349383,2024-02-02T21:12:22Z,true,protected_selection_2024,"{""bo_format_context"":null,""canonical_matchup_probability"":null,""playstyle_class_1_probability"":null,""playstyle_class_2_probability"":null,""playstyle_uncertainty"":null,""playstyle_unknown_probability"":null,""prior_above_role_median_rate"":0.4999879879243611,""prior_champion_observation_count"":4,""prior_core_state"":null,""prior_effective_evidence"":3.9992596612067826,""prior_median_performance"":12.83,""prior_player_rating"":1493.8312037712794,""prior_q25_performance"":3.92,""prior_raw_observation_count"":4,""prior_residual_uncertainty"":0.4147313064361368,""prior_role_adjusted_kp"":-0.018871523685041844,""prior_role_relative_rating"":-0.06168796228720643,""prior_starter_reliability"":0.7457003006546055,""prior_team_state"":null,""prior_team_strength"":null,""schedule_opponent_context"":null}",,19.737666666666666,2026 - Split 1,lcs_fantasy_split1_2026_reconstructed_v1,"{""dataset"":""feature_provenance"",""max_source_timestamp"":""2024-01-28T21:55:54Z""}",RECONSTRUCTED_NON_OFFICIAL_SPLIT1_2026_RULES,RECONSTRUCTED_COMPLETE_UNDER_POLICY;RECONSTRUCTED_EXCLUDED_COMPONENTS;RECONSTRUCTED_PROXY_USED
oe:player:dbe844fcbbc7f54654e54242e79acac,oe:team:4bd1751425ef6a9bc9d4d8e9385b4a6,SUP,period:f82eb58c594ccc349383,2024-02-02T21:12:22Z,true,protected_selection_2024,"{""bo_format_context"":null,""canonical_matchup_probability"":null,""playstyle_class_1_probability"":0.5218271034761757,""playstyle_class_2_probability"":0.27033893589533137,""playstyle_uncertainty"":0.2908141631370101,""playstyle_unknown_probability"":0.20783396062849305,""prior_above_role_median_rate"":0.48390658348953747,""prior_champion_observation_count"":67,""prior_core_state"":null,""prior_effective_evidence"":39.67873951330176,""prior_median_performance"":14.070899999999998,""prior_player_rating"":1503.8713153190101,""prior_q25_performance"":8.4507,""prior_raw_observation_count"":67,""prior_residual_uncertainty"":0.1410499997394804,""prior_role_adjusted_kp"":0.051993874088605306,""prior_role_relative_rating"":0.03871315319010038,""prior_starter_reliability"":0.908079131489261,""prior_team_state"":null,""prior_team_strength"":null,""schedule_opponent_context"":null}",,19.067566666666664,2026 - Split 1,lcs_fantasy_split1_2026_reconstructed_v1,"{""dataset"":""feature_provenance"",""max_source_timestamp"":""2024-01-28T20:15:18Z""}",RECONSTRUCTED_NON_OFFICIAL_SPLIT1_2026_RULES,RECONSTRUCTED_COMPLETE_UNDER_POLICY;RECONSTRUCTED_EXCLUDED_COMPONENTS;RECONSTRUCTED_PROXY_USED
oe:player:dc760d6884ce21614b2389ac1c05ec2,oe:team:b360f1d729b0a8e0f29a5243c4200fa,TOP,period:f82eb58c594ccc349383,2024-02-02T21:12:22Z,true,protected_selection_2024,"{""bo_format_context"":null,""canonical_matchup_probability"":null,""playstyle_class_1_probability"":0.15580596175943945,""playstyle_class_2_probability"":0.5023349847875425,""playstyle_uncertainty"":0.5191547815059429,""playstyle_unknown_probability"":0.3418590534530182,""prior_above_role_median_rate"":0.27744115151250065,""prior_champion_observation_count"":91,""prior_core_state"":null,""prior_effective_evidence"":6.640888735799218,""prior_median_performance"":10.83,""prior_player_rating"":1474.7419352016198,""prior_q25_performance"":3.35,""prior_raw_observation_count"":91,""prior_residual_uncertainty"":0.3107994000606799,""prior_role_adjusted_kp"":-0.32078211450336463,""prior_role_relative_rating"":-0.2525806479838014,""prior_starter_reliability"":0.7776468925294248,""prior_team_state"":null,""prior_team_strength"":null,""schedule_opponent_context"":null}",,8.889666666666665,2026 - Split 1,lcs_fantasy_split1_2026_reconstructed_v1,"{""dataset"":""feature_provenance"",""max_source_timestamp"":""2024-01-28T21:10:15Z""}",RECONSTRUCTED_NON_OFFICIAL_SPLIT1_2026_RULES,RECONSTRUCTED_COMPLETE_UNDER_POLICY;RECONSTRUCTED_EXCLUDED_COMPONENTS;RECONSTRUCTED_PROXY_USED
oe:player:ea9ed09584feecae0991089f087d2ce,oe:team:8eb884e168f28402ce685bedebb5250,MID,period:f82eb58c594ccc349383,2024-02-02T21:12:22Z,true,protected_selection_2024,"{""bo_format_context"":null,""canonical_matchup_probability"":null,""playstyle_class_1_probability"":null,""playstyle_class_2_probability"":null,""playstyle_uncertainty"":null,""playstyle_unknown_probability"":null,""prior_above_role_median_rate"":0.44499849705808914,""prior_champion_observation_count"":34,""prior_core_state"":null,""prior_effective_evidence"":28.527705573592485,""prior_median_performance"":13.65,""prior_player_rating"":1491.083281301172,""prior_q25_performance"":8.71,""prior_raw_observation_count"":34,""prior_residual_uncertainty"":0.15491755686600958,""prior_role_adjusted_kp"":-0.06464617560880948,""prior_role_relative_rating"":-0.08916718698828044,""prior_starter_reliability"":0.8945785934693914,""prior_team_state"":null,""prior_team_strength"":null,""schedule_opponent_context"":null}",,12.796333333333331,2026 - Split 1,lcs_fantasy_split1_2026_reconstructed_v1,"{""dataset"":""feature_provenance"",""max_source_timestamp"":""2024-01-28T22:51:09Z""}",RECONSTRUCTED_NON_OFFICIAL_SPLIT1_2026_RULES,RECONSTRUCTED_COMPLETE_UNDER_POLICY;RECONSTRUCTED_EXCLUDED_COMPONENTS;RECONSTRUCTED_PROXY_USED
oe:player:ed455f823b6586e9e3621dfb5aeb42e,oe:team:fc8e90107dabb9a35c490b0d86adea0,JGL,period:f82eb58c594ccc349383,2024-02-02T21:12:22Z,true,protected_selection_2024,"{""bo_format_context"":null,""canonical_matchup_probability"":null,""playstyle_class_1_probability"":null,""playstyle_class_2_probability"":null,""playstyle_uncertainty"":null,""playstyle_unknown_probability"":null,""prior_above_role_median_rate"":0.6950049375196131,""prior_champion_observation_count"":285,""prior_core_state"":null,""prior_effective_evidence"":65.0897915390846,""prior_median_performance"":20.549,""prior_player_rating"":1522.2855332844163,""prior_q25_performance"":12.525,""prior_raw_observation_count"":285,""prior_residual_uncertainty"":0.10380283136899708,""prior_role_adjusted_kp"":0.08012648146252178,""prior_role_relative_rating"":0.22285533284416212,""prior_starter_reliability"":0.9275225648828744,""prior_team_state"":null,""prior_team_strength"":null,""schedule_opponent_context"":null}",,8.336,2026 - Split 1,lcs_fantasy_split1_2026_reconstructed_v1,"{""dataset"":""feature_provenance"",""max_source_timestamp"":""2024-01-28T21:10:15Z""}",RECONSTRUCTED_NON_OFFICIAL_SPLIT1_2026_RULES,RECONSTRUCTED_COMPLETE_UNDER_POLICY;RECONSTRUCTED_EXCLUDED_COMPONENTS;RECONSTRUCTED_PROXY_USED
oe:player:ef97df9d746d0e65ed18786ab30031c,oe:team:b360f1d729b0a8e0f29a5243c4200fa,MID,period:f82eb58c594ccc349383,2024-02-02T21:12:22Z,true,protected_selection_2024,"{""bo_format_context"":null,""canonical_matchup_probability"":null,""playstyle_class_1_probability"":null,""playstyle_class_2_probability"":null,""playstyle_uncertainty"":null,""playstyle_unknown_probability"":null,""prior_above_role_median_rate"":0.3565719401810748,""prior_champion_observation_count"":97,""prior_core_state"":null,""prior_effective_evidence"":24.64406957030746,""prior_median_performance"":9.18,""prior_player_rating"":1487.1184582972962,""prior_q25_performance"":5.13,""prior_raw_observation_count"":97,""prior_residual_uncertainty"":0.21125843239097772,""prior_role_adjusted_kp"":-0.028499767904182266,""prior_role_relative_rating"":-0.12881541702703872,""prior_starter_reliability"":0.881375376577453,""prior_team_state"":null,""prior_team_strength"":null,""schedule_opponent_context"":null}",,6.452999999999999,2026 - Split 1,lcs_fantasy_split1_2026_reconstructed_v1,"{""dataset"":""feature_provenance"",""max_source_timestamp"":""2024-01-28T21:10:15Z""}",RECONSTRUCTED_NON_OFFICIAL_SPLIT1_2026_RULES,RECONSTRUCTED_COMPLETE_UNDER_POLICY;RECONSTRUCTED_EXCLUDED_COMPONENTS;RECONSTRUCTED_PROXY_USED
oe:player:f02f1c8275084050765b4b6414bdfda,oe:team:fc8e90107dabb9a35c490b0d86adea0,TOP,period:f82eb58c594ccc349383,2024-02-02T21:12:22Z,true,protected_selection_2024,"{""bo_format_context"":null,""canonical_matchup_probability"":null,""playstyle_class_1_probability"":0.22526253843121116,""playstyle_class_2_probability"":0.5474258630575376,""playstyle_uncertainty"":0.3424862938959002,""playstyle_unknown_probability"":0.2273115985112512,""prior_above_role_median_rate"":0.6280178231552324,""prior_champion_observation_count"":228,""prior_core_state"":null,""prior_effective_evidence"":64.73173292368477,""prior_median_performance"":14.870000000000001,""prior_player_rating"":1519.6316970057737,""prior_q25_performance"":10.3,""prior_raw_observation_count"":228,""prior_residual_uncertainty"":0.11127225668008209,""prior_role_adjusted_kp"":0.10855360186173708,""prior_role_relative_rating"":0.1963169700577364,""prior_starter_reliability"":0.9273511765620647,""prior_team_state"":null,""prior_team_strength"":null,""schedule_opponent_context"":null}",,5.581666666666667,2026 - Split 1,lcs_fantasy_split1_2026_reconstructed_v1,"{""dataset"":""feature_provenance"",""max_source_timestamp"":""2024-01-28T21:10:15Z""}",RECONSTRUCTED_NON_OFFICIAL_SPLIT1_2026_RULES,RECONSTRUCTED_COMPLETE_UNDER_POLICY;RECONSTRUCTED_EXCLUDED_COMPONENTS;RECONSTRUCTED_PROXY_USED
oe:player:f6b8af05a5af22004a67a78f3046b92,oe:team:8eb884e168f28402ce685bedebb5250,BOT,period:f82eb58c594ccc349383,2024-02-02T21:12:22Z,true,protected_selection_2024,"{""bo_format_context"":null,""canonical_matchup_probability"":null,""playstyle_class_1_probability"":null,""playstyle_class_2_probability"":null,""playstyle_uncertainty"":null,""playstyle_unknown_probability"":null,""prior_above_role_median_rate"":0.5202148839484372,""prior_champion_observation_count"":64,""prior_core_state"":null,""prior_effective_evidence"":48.52241913050558,""prior_median_performance"":16.09,""prior_player_rating"":1496.6987652911575,""prior_q25_performance"":9.59,""prior_raw_observation_count"":64,""prior_residual_uncertainty"":0.10503447000240872,""prior_role_adjusted_kp"":-0.09261813597240155,""prior_role_relative_rating"":-0.03301234708842487,""prior_starter_reliability"":0.9212672394847766,""prior_team_state"":null,""prior_team_strength"":null,""schedule_opponent_context"":null}",,11.201999999999998,2026 - Split 1,lcs_fantasy_split1_2026_reconstructed_v1,"{""dataset"":""feature_provenance"",""max_source_timestamp"":""2024-01-28T22:51:09Z""}",RECONSTRUCTED_NON_OFFICIAL_SPLIT1_2026_RULES,RECONSTRUCTED_COMPLETE_UNDER_POLICY;RECONSTRUCTED_EXCLUDED_COMPONENTS;RECONSTRUCTED_PROXY_USED
oe:player:fddde6d256bee26713f64ad9b2a9394,oe:team:e758ebe9a5a2cc81b9c8078479c2d87,MID,period:f82eb58c594ccc349383,2024-02-02T21:12:22Z,true,protected_selection_2024,"{""bo_format_context"":null,""canonical_matchup_probability"":null,""playstyle_class_1_probability"":null,""playstyle_class_2_probability"":null,""playstyle_uncertainty"":null,""playstyle_unknown_probability"":null,""prior_above_role_median_rate"":0.5659217598189834,""prior_champion_observation_count"":167,""prior_core_state"":null,""prior_effective_evidence"":65.61598368033611,""prior_median_performance"":16.92,""prior_player_rating"":1512.165451757225,""prior_q25_performance"":11.16,""prior_raw_observation_count"":167,""prior_residual_uncertainty"":0.10637934037908421,""prior_role_adjusted_kp"":0.0883286096903931,""prior_role_relative_rating"":0.12165451757224795,""prior_starter_reliability"":0.9314578036142206,""prior_team_state"":null,""prior_team_strength"":null,""schedule_opponent_context"":null}",,14.192666666666668,2026 - Split 1,lcs_fantasy_split1_2026_reconstructed_v1,"{""dataset"":""feature_provenance"",""max_source_timestamp"":""2024-01-28T21:55:54Z""}",RECONSTRUCTED_NON_OFFICIAL_SPLIT1_2026_RULES,RECONSTRUCTED_COMPLETE_UNDER_POLICY;RECONSTRUCTED_EXCLUDED_COMPONENTS;RECONSTRUCTED_PROXY_USED
oe:player:007be3acd5669d100711b13d79e2336,oe:team:4bd1751425ef6a9bc9d4d8e9385b4a6,TOP,period:fb51ebc6418ce68c46c6,2024-06-27T20:07:21Z,true,protected_selection_2024,"{""bo_format_context"":null,""canonical_matchup_probability"":null,""playstyle_class_1_probability"":0.19308100541013,""playstyle_class_2_probability"":0.6421221216475154,""playstyle_uncertainty"":0.236362152943972,""playstyle_unknown_probability"":0.1647968729423547,""prior_above_role_median_rate"":0.5633138283034814,""prior_champion_observation_count"":30,""prior_core_state"":null,""prior_effective_evidence"":28.50653185804099,""prior_median_performance"":13.091,""prior_player_rating"":1491.6503717152434,""prior_q25_performance"":6.24,""prior_raw_observation_count"":30,""prior_residual_uncertainty"":0.17236351152001486,""prior_role_adjusted_kp"":-0.27640855708129936,""prior_role_relative_rating"":-0.08349628284756515,""prior_starter_reliability"":0.911872219173685,""prior_team_state"":null,""prior_team_strength"":null,""schedule_opponent_context"":null}",,1.29,2026 - Split 1,lcs_fantasy_split1_2026_reconstructed_v1,"{""dataset"":""feature_provenance"",""max_source_timestamp"":""2024-06-22T22:47:46Z""}",RECONSTRUCTED_NON_OFFICIAL_SPLIT1_2026_RULES,RECONSTRUCTED_COMPLETE_UNDER_POLICY;RECONSTRUCTED_EXCLUDED_COMPONENTS;RECONSTRUCTED_PROXY_USED
oe:player:05fafeaf23dc3285558a4e968970b9f,oe:team:8eb884e168f28402ce685bedebb5250,SUP,period:fb51ebc6418ce68c46c6,2024-06-27T20:07:21Z,true,protected_selection_2024,"{""bo_format_context"":null,""canonical_matchup_probability"":null,""playstyle_class_1_probability"":0.5061430030061997,""playstyle_class_2_probability"":0.23766732910498828,""playstyle_uncertainty"":0.36900921921262153,""playstyle_unknown_probability"":0.25618966788881203,""prior_above_role_median_rate"":0.6293499527512,""prior_champion_observation_count"":301,""prior_core_state"":null,""prior_effective_evidence"":69.91960877027623,""prior_median_performance"":18.2848,""prior_player_rating"":1514.6038929187744,""prior_q25_performance"":12.5582,""prior_raw_observation_count"":301,""prior_residual_uncertainty"":0.1,""prior_role_adjusted_kp"":-0.22907477594000633,""prior_role_relative_rating"":0.14603892918774464,""prior_starter_reliability"":0.9488276484241533,""prior_team_state"":null,""prior_team_strength"":null,""schedule_opponent_context"":null}",,28.0387,2026 - Split 1,lcs_fantasy_split1_2026_reconstructed_v1,"{""dataset"":""feature_provenance"",""max_source_timestamp"":""2024-06-23T23:33:13Z""}",RECONSTRUCTED_NON_OFFICIAL_SPLIT1_2026_RULES,RECONSTRUCTED_COMPLETE_UNDER_POLICY;RECONSTRUCTED_EXCLUDED_COMPONENTS;RECONSTRUCTED_PROXY_USED
oe:player:10fcffece0ac7be85f09c4b51a75762,oe:team:0dbb780176ecad18f17292d1f5653af,BOT,period:fb51ebc6418ce68c46c6,2024-06-27T20:07:21Z,true,protected_selection_2024,"{""bo_format_context"":null,""canonical_matchup_probability"":null,""playstyle_class_1_probability"":null,""playstyle_class_2_probability"":null,""playstyle_uncertainty"":null,""playstyle_unknown_probability"":null,""prior_above_role_median_rate"":0.7449335083978443,""prior_champion_observation_count"":247,""prior_core_state"":null,""prior_effective_evidence"":35.09679274460163,""prior_median_performance"":21.685200000000002,""prior_player_rating"":1527.9966605115292,""prior_q25_performance"":14.130000000000003,""prior_raw_observation_count"":247,""prior_residual_uncertainty"":0.15138538221969128,""prior_role_adjusted_kp"":-0.0739860814064283,""prior_role_relative_rating"":0.2799666051152915,""prior_starter_reliability"":0.8914176126593952,""prior_team_state"":null,""prior_team_strength"":null,""schedule_opponent_context"":null}",,3.66,2026 - Split 1,lcs_fantasy_split1_2026_reconstructed_v1,"{""dataset"":""feature_provenance"",""max_source_timestamp"":""2024-06-22T22:47:46Z""}",RECONSTRUCTED_NON_OFFICIAL_SPLIT1_2026_RULES,RECONSTRUCTED_COMPLETE_UNDER_POLICY;RECONSTRUCTED_EXCLUDED_COMPONENTS;RECONSTRUCTED_PROXY_USED
oe:player:1970fcb701acce66e0771946bbb3105,oe:team:8eb884e168f28402ce685bedebb5250,JGL,period:fb51ebc6418ce68c46c6,2024-06-27T20:07:21Z,true,protected_selection_2024,"{""bo_format_context"":null,""canonical_matchup_probability"":null,""playstyle_class_1_probability"":null,""playstyle_class_2_probability"":null,""playstyle_uncertainty"":null,""playstyle_unknown_probability"":null,""prior_above_role_median_rate"":0.532062247355404,""prior_champion_observation_count"":38,""prior_core_state"":null,""prior_effective_evidence"":36.30203859785338,""prior_median_performance"":16.598,""prior_player_rating"":1499.835037508502,""prior_q25_performance"":12.0,""prior_raw_observation_count"":38,""prior_residual_uncertainty"":0.12174182174954605,""prior_role_adjusted_kp"":-0.3528394991852778,""prior_role_relative_rating"":-0.0016496249149804867,""prior_starter_reliability"":0.9289314975902719,""prior_team_state"":null,""prior_team_strength"":null,""schedule_opponent_context"":null}",,25.6,2026 - Split 1,lcs_fantasy_split1_2026_reconstructed_v1,"{""dataset"":""feature_provenance"",""max_source_timestamp"":""2024-06-23T23:33:13Z""}",RECONSTRUCTED_NON_OFFICIAL_SPLIT1_2026_RULES,RECONSTRUCTED_COMPLETE_UNDER_POLICY;RECONSTRUCTED_EXCLUDED_COMPONENTS;RECONSTRUCTED_PROXY_USED
oe:player:1efc4e5732e91520d03385900b903f9,oe:team:fc8e90107dabb9a35c490b0d86adea0,TOP,period:fb51ebc6418ce68c46c6,2024-06-27T20:07:21Z,true,protected_selection_2024,"{""bo_format_context"":null,""canonical_matchup_probability"":null,""playstyle_class_1_probability"":0.23301949575811262,""playstyle_class_2_probability"":0.4297850358638932,""playstyle_uncertainty"":0.34827285451792545,""playstyle_unknown_probability"":0.3371954683779942,""prior_above_role_median_rate"":0.8021499741828814,""prior_champion_observation_count"":5,""prior_core_state"":null,""prior_effective_evidence"":4.999156484515123,""prior_median_performance"":17.079,""prior_player_rating"":1514.2823182725324,""prior_q25_performance"":15.871,""prior_raw_observation_count"":5,""prior_residual_uncertainty"":0.3977365850190563,""prior_role_adjusted_kp"":-0.09640530290210081,""prior_role_relative_rating"":0.14282318272532385,""prior_starter_reliability"":0.7734531117284322,""prior_team_state"":null,""prior_team_strength"":null,""schedule_opponent_context"":null}",,17.5435,2026 - Split 1,lcs_fantasy_split1_2026_reconstructed_v1,"{""dataset"":""feature_provenance"",""max_source_timestamp"":""2024-06-22T20:56:48Z""}",RECONSTRUCTED_NON_OFFICIAL_SPLIT1_2026_RULES,RECONSTRUCTED_COMPLETE_UNDER_POLICY;RECONSTRUCTED_EXCLUDED_COMPONENTS;RECONSTRUCTED_PROXY_USED
oe:player:21f59b54f62b5b8b4bc0f63f0f617fc,oe:team:8eb884e168f28402ce685bedebb5250,TOP,period:fb51ebc6418ce68c46c6,2024-06-27T20:07:21Z,true,protected_selection_2024,"{""bo_format_context"":null,""canonical_matchup_probability"":null,""playstyle_class_1_probability"":0.3540064553472749,""playstyle_class_2_probability"":0.4567311482960871,""playstyle_uncertainty"":0.346737285470173,""playstyle_unknown_probability"":0.18926239635663816,""prior_above_role_median_rate"":0.5667810882106461,""prior_champion_observation_count"":291,""prior_core_state"":null,""prior_effective_evidence"":61.806306193005064,""prior_median_performance"":14.25,""prior_player_rating"":1509.0966762009878,""prior_q25_performance"":8.3,""prior_raw_observation_count"":291,""prior_residual_uncertainty"":0.11969028930355773,""prior_role_adjusted_kp"":-0.04098698701027348,""prior_role_relative_rating"":0.0909667620098776,""prior_starter_reliability"":0.944942499291386,""prior_team_state"":null,""prior_team_strength"":null,""schedule_opponent_context"":null}",,24.110999999999997,2026 - Split 1,lcs_fantasy_split1_2026_reconstructed_v1,"{""dataset"":""feature_provenance"",""max_source_timestamp"":""2024-06-23T23:33:13Z""}",RECONSTRUCTED_NON_OFFICIAL_SPLIT1_2026_RULES,RECONSTRUCTED_COMPLETE_UNDER_POLICY;RECONSTRUCTED_EXCLUDED_COMPONENTS;RECONSTRUCTED_PROXY_USED
oe:player:3e722c8ede909c83af9342c41805a16,oe:team:2e66da41dc460dd378e3bcc57042d31,SUP,period:fb51ebc6418ce68c46c6,2024-06-27T20:07:21Z,true,protected_selection_2024,"{""bo_format_context"":null,""canonical_matchup_probability"":null,""playstyle_class_1_probability"":0.43421456334269365,""playstyle_class_2_probability"":0.2443650986726784,""playstyle_uncertainty"":0.3656814174780278,""playstyle_unknown_probability"":0.32142033798462805,""prior_above_role_median_rate"":0.6219325156149769,""prior_champion_observation_count"":83,""prior_core_state"":null,""prior_effective_evidence"":49.28720445972934,""prior_median_performance"":19.901699999999998,""prior_player_rating"":1509.5031981337872,""prior_q25_performance"":10.6304,""prior_raw_observation_count"":83,""prior_residual_uncertainty"":0.11530092395123762,""prior_role_adjusted_kp"":-0.07661279033133285,""prior_role_relative_rating"":0.09503198133787291,""prior_starter_reliability"":0.936364715973679,""prior_team_state"":null,""prior_team_strength"":null,""schedule_opponent_context"":null}",,26.954700000000003,2026 - Split 1,lcs_fantasy_split1_2026_reconstructed_v1,"{""dataset"":""feature_provenance"",""max_source_timestamp"":""2024-06-23T21:52:38Z""}",RECONSTRUCTED_NON_OFFICIAL_SPLIT1_2026_RULES,RECONSTRUCTED_COMPLETE_UNDER_POLICY;RECONSTRUCTED_EXCLUDED_COMPONENTS;RECONSTRUCTED_PROXY_USED
oe:player:40704dfd2d966862568d29770de57bd,oe:team:0dbb780176ecad18f17292d1f5653af,SUP,period:fb51ebc6418ce68c46c6,2024-06-27T20:07:21Z,true,protected_selection_2024,"{""bo_format_context"":null,""canonical_matchup_probability"":null,""playstyle_class_1_probability"":0.5044274667867139,""playstyle_class_2_probability"":0.20818108966532228,""playstyle_uncertainty"":0.346652451118846,""playstyle_unknown_probability"":0.2873914435479638,""prior_above_role_median_rate"":0.5239545413755792,""prior_champion_observation_count"":39,""prior_core_state"":null,""prior_effective_evidence"":22.070047604366724,""prior_median_performance"":16.092100000000002,""prior_player_rating"":1509.4514207133832,""prior_q25_performance"":11.8752,""prior_raw_observation_count"":39,""prior_residual_uncertainty"":0.16608272428974138,""prior_role_adjusted_kp"":0.07501784074790198,""prior_role_relative_rating"":0.09451420713383264,""prior_starter_reliability"":0.894637431362777,""prior_team_state"":null,""prior_team_strength"":null,""schedule_opponent_context"":null}",,1.5684500000000001,2026 - Split 1,lcs_fantasy_split1_2026_reconstructed_v1,"{""dataset"":""feature_provenance"",""max_source_timestamp"":""2024-06-22T22:47:46Z""}",RECONSTRUCTED_NON_OFFICIAL_SPLIT1_2026_RULES,RECONSTRUCTED_COMPLETE_UNDER_POLICY;RECONSTRUCTED_EXCLUDED_COMPONENTS;RECONSTRUCTED_PROXY_USED
oe:player:460ae5a7af8d68f7831b70307210ab3,oe:team:fc8e90107dabb9a35c490b0d86adea0,BOT,period:fb51ebc6418ce68c46c6,2024-06-27T20:07:21Z,true,protected_selection_2024,"{""bo_format_context"":null,""canonical_matchup_probability"":null,""playstyle_class_1_probability"":null,""playstyle_class_2_probability"":null,""playstyle_uncertainty"":null,""playstyle_unknown_probability"":null,""prior_above_role_median_rate"":0.5752222240096296,""prior_champion_observation_count"":146,""prior_core_state"":null,""prior_effective_evidence"":56.24604000504242,""prior_median_performance"":19.601,""prior_player_rating"":1514.0915156611313,""prior_q25_performance"":12.01,""prior_raw_observation_count"":146,""prior_residual_uncertainty"":0.11385396611126856,""prior_role_adjusted_kp"":0.12524768019873742,""prior_role_relative_rating"":0.14091515661131365,""prior_starter_reliability"":0.9364938373271786,""prior_team_state"":null,""prior_team_strength"":null,""schedule_opponent_context"":null}",,14.924,2026 - Split 1,lcs_fantasy_split1_2026_reconstructed_v1,"{""dataset"":""feature_provenance"",""max_source_timestamp"":""2024-06-22T20:56:48Z""}",RECONSTRUCTED_NON_OFFICIAL_SPLIT1_2026_RULES,RECONSTRUCTED_COMPLETE_UNDER_POLICY;RECONSTRUCTED_EXCLUDED_COMPONENTS;RECONSTRUCTED_PROXY_USED
oe:player:494fc60dffbb5da1caa2226baef0ec7,oe:team:b360f1d729b0a8e0f29a5243c4200fa,BOT,period:fb51ebc6418ce68c46c6,2024-06-27T20:07:21Z,true,protected_selection_2024,"{""bo_format_context"":null,""canonical_matchup_probability"":null,""playstyle_class_1_probability"":null,""playstyle_class_2_probability"":null,""playstyle_uncertainty"":null,""playstyle_unknown_probability"":null,""prior_above_role_median_rate"":0.42197914111392415,""prior_champion_observation_count"":16,""prior_core_state"":null,""prior_effective_evidence"":14.770540397698273,""prior_median_performance"":12.847,""prior_player_rating"":1495.279605897377,""prior_q25_performance"":7.75,""prior_raw_observation_count"":16,""prior_residual_uncertainty"":0.22531483998937502,""prior_role_adjusted_kp"":0.07867787199108402,""prior_role_relative_rating"":-0.04720394102622898,""prior_starter_reliability"":0.8612762333793447,""prior_team_state"":null,""prior_team_strength"":null,""schedule_opponent_context"":null}",,4.3,2026 - Split 1,lcs_fantasy_split1_2026_reconstructed_v1,"{""dataset"":""feature_provenance"",""max_source_timestamp"":""2024-06-23T23:33:13Z""}",RECONSTRUCTED_NON_OFFICIAL_SPLIT1_2026_RULES,RECONSTRUCTED_COMPLETE_UNDER_POLICY;RECONSTRUCTED_EXCLUDED_COMPONENTS;RECONSTRUCTED_PROXY_USED
oe:player:4a18312b5b75f549d5551e5912ad6eb,oe:team:c334c629fea759876e9e04afbe4aee7,MID,period:fb51ebc6418ce68c46c6,2024-06-27T20:07:21Z,true,protected_selection_2024,"{""bo_format_context"":null,""canonical_matchup_probability"":null,""playstyle_class_1_probability"":null,""playstyle_class_2_probability"":null,""playstyle_uncertainty"":null,""playstyle_unknown_probability"":null,""prior_above_role_median_rate"":0.49473767080560066,""prior_champion_observation_count"":18,""prior_core_state"":null,""prior_effective_evidence"":16.6042794884033,""prior_median_performance"":13.48,""prior_player_rating"":1503.2187750913408,""prior_q25_performance"":8.829999999999998,""prior_raw_observation_count"":18,""prior_residual_uncertainty"":0.20087493894113503,""prior_role_adjusted_kp"":0.26718849094093094,""prior_role_relative_rating"":0.032187750913408614,""prior_starter_reliability"":0.8700121074176794,""prior_team_state"":null,""prior_team_strength"":null,""schedule_opponent_context"":null}",,8.738,2026 - Split 1,lcs_fantasy_split1_2026_reconstructed_v1,"{""dataset"":""feature_provenance"",""max_source_timestamp"":""2024-06-22T20:56:48Z""}",RECONSTRUCTED_NON_OFFICIAL_SPLIT1_2026_RULES,RECONSTRUCTED_COMPLETE_UNDER_POLICY;RECONSTRUCTED_EXCLUDED_COMPONENTS;RECONSTRUCTED_PROXY_USED
oe:player:4db47d64e2721bf7a93ebf42e488852,oe:team:4bd1751425ef6a9bc9d4d8e9385b4a6,BOT,period:fb51ebc6418ce68c46c6,2024-06-27T20:07:21Z,true,protected_selection_2024,"{""bo_format_context"":null,""canonical_matchup_probability"":null,""playstyle_class_1_probability"":null,""playstyle_class_2_probability"":null,""playstyle_uncertainty"":null,""playstyle_unknown_probability"":null,""prior_above_role_median_rate"":0.46613296076506494,""prior_champion_observation_count"":30,""prior_core_state"":null,""prior_effective_evidence"":28.50653185804099,""prior_median_performance"":14.64,""prior_player_rating"":1486.9553624488403,""prior_q25_performance"":5.94,""prior_raw_observation_count"":30,""prior_residual_uncertainty"":0.16783207134007777,""prior_role_adjusted_kp"":-0.2772921708198178,""prior_role_relative_rating"":-0.13044637551159696,""prior_starter_reliability"":0.911872219173685,""prior_team_state"":null,""prior_team_strength"":null,""schedule_opponent_context"":null}",,6.6125,2026 - Split 1,lcs_fantasy_split1_2026_reconstructed_v1,"{""dataset"":""feature_provenance"",""max_source_timestamp"":""2024-06-22T22:47:46Z""}",RECONSTRUCTED_NON_OFFICIAL_SPLIT1_2026_RULES,RECONSTRUCTED_COMPLETE_UNDER_POLICY;RECONSTRUCTED_EXCLUDED_COMPONENTS;RECONSTRUCTED_PROXY_USED
oe:player:4e0619e57cb50c4ab1230c2dd72df1b,oe:team:c334c629fea759876e9e04afbe4aee7,BOT,period:fb51ebc6418ce68c46c6,2024-06-27T20:07:21Z,true,protected_selection_2024,"{""bo_format_context"":null,""canonical_matchup_probability"":null,""playstyle_class_1_probability"":null,""playstyle_class_2_probability"":null,""playstyle_uncertainty"":null,""playstyle_unknown_probability"":null,""prior_above_role_median_rate"":0.3806300539224461,""prior_champion_observation_count"":213,""prior_core_state"":null,""prior_effective_evidence"":34.54115980565345,""prior_median_performance"":13.678999999999998,""prior_player_rating"":1503.4328948647246,""prior_q25_performance"":9.780000000000001,""prior_raw_observation_count"":213,""prior_residual_uncertainty"":0.16040092776396464,""prior_role_adjusted_kp"":0.24576157640543222,""prior_role_relative_rating"":0.03432894864724556,""prior_starter_reliability"":0.9053344160283806,""prior_team_state"":null,""prior_team_strength"":null,""schedule_opponent_context"":null}",,6.739999999999999,2026 - Split 1,lcs_fantasy_split1_2026_reconstructed_v1,"{""dataset"":""feature_provenance"",""max_source_timestamp"":""2024-06-22T20:56:48Z""}",RECONSTRUCTED_NON_OFFICIAL_SPLIT1_2026_RULES,RECONSTRUCTED_COMPLETE_UNDER_POLICY;RECONSTRUCTED_EXCLUDED_COMPONENTS;RECONSTRUCTED_PROXY_USED
oe:player:5385f74da3e5deb5b66d9a1ee56cf97,oe:team:e758ebe9a5a2cc81b9c8078479c2d87,TOP,period:fb51ebc6418ce68c46c6,2024-06-27T20:07:21Z,true,protected_selection_2024,"{""bo_format_context"":null,""canonical_matchup_probability"":null,""playstyle_class_1_probability"":0.3849162160646109,""playstyle_class_2_probability"":0.42070143271449767,""playstyle_uncertainty"":0.3189942682706401,""playstyle_unknown_probability"":0.19438235122089148,""prior_above_role_median_rate"":0.43028863468307843,""prior_champion_observation_count"":123,""prior_core_state"":null,""prior_effective_evidence"":56.03349677004894,""prior_median_performance"":10.89,""prior_player_rating"":1479.494569187273,""prior_q25_performance"":4.37,""prior_raw_observation_count"":123,""prior_residual_uncertainty"":0.11565323887686832,""prior_role_adjusted_kp"":-0.2630447084037928,""prior_role_relative_rating"":-0.20505430812726927,""prior_starter_reliability"":0.9344225538080486,""prior_team_state"":null,""prior_team_strength"":null,""schedule_opponent_context"":null}",,18.834,2026 - Split 1,lcs_fantasy_split1_2026_reconstructed_v1,"{""dataset"":""feature_provenance"",""max_source_timestamp"":""2024-06-23T21:52:38Z""}",RECONSTRUCTED_NON_OFFICIAL_SPLIT1_2026_RULES,RECONSTRUCTED_COMPLETE_UNDER_POLICY;RECONSTRUCTED_EXCLUDED_COMPONENTS;RECONSTRUCTED_PROXY_USED
oe:player:6841f2d68619d53bdd1cdbf30b5be2c,oe:team:b360f1d729b0a8e0f29a5243c4200fa,SUP,period:fb51ebc6418ce68c46c6,2024-06-27T20:07:21Z,true,protected_selection_2024,"{""bo_format_context"":null,""canonical_matchup_probability"":null,""playstyle_class_1_probability"":0.5337006172325552,""playstyle_class_2_probability"":0.21501089739146428,""playstyle_uncertainty"":0.3611058877652836,""playstyle_unknown_probability"":0.2512884853759804,""prior_above_role_median_rate"":0.2802016266257608,""prior_champion_observation_count"":78,""prior_core_state"":null,""prior_effective_evidence"":16.694365490016434,""prior_median_performance"":12.9646,""prior_player_rating"":1480.3216218474408,""prior_q25_performance"":5.1129,""prior_raw_observation_count"":78,""prior_residual_uncertainty"":0.21870558803589074,""prior_role_adjusted_kp"":-0.21986609796241127,""prior_role_relative_rating"":-0.1967837815255908,""prior_starter_reliability"":0.870378078589611,""prior_team_state"":null,""prior_team_strength"":null,""schedule_opponent_context"":null}",,5.59945,2026 - Split 1,lcs_fantasy_split1_2026_reconstructed_v1,"{""dataset"":""feature_provenance"",""max_source_timestamp"":""2024-06-23T23:33:13Z""}",RECONSTRUCTED_NON_OFFICIAL_SPLIT1_2026_RULES,RECONSTRUCTED_COMPLETE_UNDER_POLICY;RECONSTRUCTED_EXCLUDED_COMPONENTS;RECONSTRUCTED_PROXY_USED
oe:player:6ebdf3a3b56c113137109c45c2abc8f,oe:team:b360f1d729b0a8e0f29a5243c4200fa,JGL,period:fb51ebc6418ce68c46c6,2024-06-27T20:07:21Z,true,protected_selection_2024,"{""bo_format_context"":null,""canonical_matchup_probability"":null,""playstyle_class_1_probability"":null,""playstyle_class_2_probability"":null,""playstyle_uncertainty"":null,""playstyle_unknown_probability"":null,""prior_above_role_median_rate"":0.0,""prior_champion_observation_count"":4,""prior_core_state"":null,""prior_effective_evidence"":3.9992646345754634,""prior_median_performance"":3.847,""prior_player_rating"":1461.7644400348013,""prior_q25_performance"":-0.3599999999999999,""prior_raw_observation_count"":4,""prior_residual_uncertainty"":0.364016534971615,""prior_role_adjusted_kp"":-0.4256305334495165,""prior_role_relative_rating"":-0.3823555996519865,""prior_starter_reliability"":0.7464528016804507,""prior_team_state"":null,""prior_team_strength"":null,""schedule_opponent_context"":null}",,4.970000000000001,2026 - Split 1,lcs_fantasy_split1_2026_reconstructed_v1,"{""dataset"":""feature_provenance"",""max_source_timestamp"":""2024-06-23T23:33:13Z""}",RECONSTRUCTED_NON_OFFICIAL_SPLIT1_2026_RULES,RECONSTRUCTED_COMPLETE_UNDER_POLICY;RECONSTRUCTED_EXCLUDED_COMPONENTS;RECONSTRUCTED_PROXY_USED
oe:player:73d2b65353d7b00e0f198ffdc085edc,oe:team:e758ebe9a5a2cc81b9c8078479c2d87,BOT,period:fb51ebc6418ce68c46c6,2024-06-27T20:07:21Z,true,protected_selection_2024,"{""bo_format_context"":null,""canonical_matchup_probability"":null,""playstyle_class_1_probability"":null,""playstyle_class_2_probability"":null,""playstyle_uncertainty"":null,""playstyle_unknown_probability"":null,""prior_above_role_median_rate"":0.4674252280717896,""prior_champion_observation_count"":291,""prior_core_state"":null,""prior_effective_evidence"":59.55113282122972,""prior_median_performance"":13.82,""prior_player_rating"":1495.5354818733986,""prior_q25_performance"":6.37,""prior_raw_observation_count"":291,""prior_residual_uncertainty"":0.13148820196010874,""prior_role_adjusted_kp"":0.0022308602971656995,""prior_role_relative_rating"":-0.04464518126601472,""prior_starter_reliability"":0.9361468505318196,""prior_team_state"":null,""prior_team_strength"":null,""schedule_opponent_context"":null}",,22.159499999999998,2026 - Split 1,lcs_fantasy_split1_2026_reconstructed_v1,"{""dataset"":""feature_provenance"",""max_source_timestamp"":""2024-06-23T21:52:38Z""}",RECONSTRUCTED_NON_OFFICIAL_SPLIT1_2026_RULES,RECONSTRUCTED_COMPLETE_UNDER_POLICY;RECONSTRUCTED_EXCLUDED_COMPONENTS;RECONSTRUCTED_PROXY_USED
oe:player:7c3395efccd48fe73592001501bef83,oe:team:4bd1751425ef6a9bc9d4d8e9385b4a6,JGL,period:fb51ebc6418ce68c46c6,2024-06-27T20:07:21Z,true,protected_selection_2024,"{""bo_format_context"":null,""canonical_matchup_probability"":null,""playstyle_class_1_probability"":null,""playstyle_class_2_probability"":null,""playstyle_uncertainty"":null,""playstyle_unknown_probability"":null,""prior_above_role_median_rate"":0.520564534620727,""prior_champion_observation_count"":145,""prior_core_state"":null,""prior_effective_evidence"":60.74894568445386,""prior_median_performance"":15.22,""prior_player_rating"":1493.2866537776995,""prior_q25_performance"":7.2,""prior_raw_observation_count"":145,""prior_residual_uncertainty"":0.11196904636920019,""prior_role_adjusted_kp"":-0.29625071801110714,""prior_role_relative_rating"":-0.06713346222300443,""prior_starter_reliability"":0.9389924084511334,""prior_team_state"":null,""prior_team_strength"":null,""schedule_opponent_context"":null}",,14.886500000000002,2026 - Split 1,lcs_fantasy_split1_2026_reconstructed_v1,"{""dataset"":""feature_provenance"",""max_source_timestamp"":""2024-06-22T22:47:46Z""}",RECONSTRUCTED_NON_OFFICIAL_SPLIT1_2026_RULES,RECONSTRUCTED_COMPLETE_UNDER_POLICY;RECONSTRUCTED_EXCLUDED_COMPONENTS;RECONSTRUCTED_PROXY_USED
oe:player:7e0e7ac2a199e8e2ecb30499a3b2153,oe:team:0dbb780176ecad18f17292d1f5653af,MID,period:fb51ebc6418ce68c46c6,2024-06-27T20:07:21Z,true,protected_selection_2024,"{""bo_format_context"":null,""canonical_matchup_probability"":null,""playstyle_class_1_probability"":null,""playstyle_class_2_probability"":null,""playstyle_uncertainty"":null,""playstyle_unknown_probability"":null,""prior_above_role_median_rate"":0.5956818456418274,""prior_champion_observation_count"":252,""prior_core_state"":null,""prior_effective_evidence"":53.2207229237662,""prior_median_performance"":18.252000000000002,""prior_player_rating"":1509.3288138758828,""prior_q25_performance"":9.370000000000001,""prior_raw_observation_count"":252,""prior_residual_uncertainty"":0.13805331247201788,""prior_role_adjusted_kp"":0.06384746739664442,""prior_role_relative_rating"":0.09328813875882869,""prior_starter_reliability"":0.9368105803738083,""prior_team_state"":null,""prior_team_strength"":null,""schedule_opponent_context"":null}",,4.175,2026 - Split 1,lcs_fantasy_split1_2026_reconstructed_v1,"{""dataset"":""feature_provenance"",""max_source_timestamp"":""2024-06-22T22:47:46Z""}",RECONSTRUCTED_NON_OFFICIAL_SPLIT1_2026_RULES,RECONSTRUCTED_COMPLETE_UNDER_POLICY;RECONSTRUCTED_EXCLUDED_COMPONENTS;RECONSTRUCTED_PROXY_USED
oe:player:7e2505960c12cc54c96a0a6efb2e055,oe:team:2e66da41dc460dd378e3bcc57042d31,TOP,period:fb51ebc6418ce68c46c6,2024-06-27T20:07:21Z,true,protected_selection_2024,"{""bo_format_context"":null,""canonical_matchup_probability"":null,""playstyle_class_1_probability"":0.14307809789442713,""playstyle_class_2_probability"":0.5586387643641815,""playstyle_uncertainty"":0.3762810864499432,""playstyle_unknown_probability"":0.2982831377413914,""prior_above_role_median_rate"":0.5581105388366224,""prior_champion_observation_count"":112,""prior_core_state"":null,""prior_effective_evidence"":35.58388977621682,""prior_median_performance"":14.603,""prior_player_rating"":1511.1040773429665,""prior_q25_performance"":9.36,""prior_raw_observation_count"":112,""prior_residual_uncertainty"":0.14255526516951963,""prior_role_adjusted_kp"":0.1476071399486175,""prior_role_relative_rating"":0.11104077342966533,""prior_starter_reliability"":0.9248366245318744,""prior_team_state"":null,""prior_team_strength"":null,""schedule_opponent_context"":null}",,17.305999999999997,2026 - Split 1,lcs_fantasy_split1_2026_reconstructed_v1,"{""dataset"":""feature_provenance"",""max_source_timestamp"":""2024-06-23T21:52:38Z""}",RECONSTRUCTED_NON_OFFICIAL_SPLIT1_2026_RULES,RECONSTRUCTED_COMPLETE_UNDER_POLICY;RECONSTRUCTED_EXCLUDED_COMPONENTS;RECONSTRUCTED_PROXY_USED
oe:player:80fea0848c57b8e07a79675d41f582c,oe:team:c334c629fea759876e9e04afbe4aee7,TOP,period:fb51ebc6418ce68c46c6,2024-06-27T20:07:21Z,true,protected_selection_2024,"{""bo_format_context"":null,""canonical_matchup_probability"":null,""playstyle_class_1_probability"":0.2084041205701915,""playstyle_class_2_probability"":0.3807862494786333,""playstyle_uncertainty"":0.37201327152352015,""playstyle_unknown_probability"":0.41080962995117515,""prior_above_role_median_rate"":0.4453923389715666,""prior_champion_observation_count"":18,""prior_core_state"":null,""prior_effective_evidence"":16.6042794884033,""prior_median_performance"":8.28,""prior_player_rating"":1490.5628382320199,""prior_q25_performance"":5.1,""prior_raw_observation_count"":18,""prior_residual_uncertainty"":0.21909877094862582,""prior_role_adjusted_kp"":0.11268005378488692,""prior_role_relative_rating"":-0.09437161767980091,""prior_starter_reliability"":0.8700121074176794,""prior_team_state"":null,""prior_team_strength"":null,""schedule_opponent_context"":null}",,6.01,2026 - Split 1,lcs_fantasy_split1_2026_reconstructed_v1,"{""dataset"":""feature_provenance"",""max_source_timestamp"":""2024-06-22T20:56:48Z""}",RECONSTRUCTED_NON_OFFICIAL_SPLIT1_2026_RULES,RECONSTRUCTED_COMPLETE_UNDER_POLICY;RECONSTRUCTED_EXCLUDED_COMPONENTS;RECONSTRUCTED_PROXY_USED
oe:player:81acc6bcde5c927c78e0990e9887f84,oe:team:fc8e90107dabb9a35c490b0d86adea0,SUP,period:fb51ebc6418ce68c46c6,2024-06-27T20:07:21Z,true,protected_selection_2024,"{""bo_format_context"":null,""canonical_matchup_probability"":null,""playstyle_class_1_probability"":0.44524882576660785,""playstyle_class_2_probability"":0.3148031443424974,""playstyle_uncertainty"":0.37400733292545674,""playstyle_unknown_probability"":0.23994802989089473,""prior_above_role_median_rate"":0.515181271408203,""prior_champion_observation_count"":307,""prior_core_state"":null,""prior_effective_evidence"":50.688195738096915,""prior_median_performance"":15.892,""prior_player_rating"":1499.322989235421,""prior_q25_performance"":8.7787,""prior_raw_observation_count"":307,""prior_residual_uncertainty"":0.11931609136276602,""prior_role_adjusted_kp"":-0.20752469569312018,""prior_role_relative_rating"":-0.006770107645790229,""prior_starter_reliability"":0.9325205159901041,""prior_team_state"":null,""prior_team_strength"":null,""schedule_opponent_context"":null}",,21.5056,2026 - Split 1,lcs_fantasy_split1_2026_reconstructed_v1,"{""dataset"":""feature_provenance"",""max_source_timestamp"":""2024-06-22T20:56:48Z""}",RECONSTRUCTED_NON_OFFICIAL_SPLIT1_2026_RULES,RECONSTRUCTED_COMPLETE_UNDER_POLICY;RECONSTRUCTED_EXCLUDED_COMPONENTS;RECONSTRUCTED_PROXY_USED
oe:player:83eb62484689106807fcf5ad55b5479,oe:team:fc8e90107dabb9a35c490b0d86adea0,MID,period:fb51ebc6418ce68c46c6,2024-06-27T20:07:21Z,true,protected_selection_2024,"{""bo_format_context"":null,""canonical_matchup_probability"":null,""playstyle_class_1_probability"":null,""playstyle_class_2_probability"":null,""playstyle_uncertainty"":null,""playstyle_unknown_probability"":null,""prior_above_role_median_rate"":0.6102448446480615,""prior_champion_observation_count"":168,""prior_core_state"":null,""prior_effective_evidence"":56.37055765307348,""prior_median_performance"":17.985999999999997,""prior_player_rating"":1506.3992536287426,""prior_q25_performance"":10.11,""prior_raw_observation_count"":168,""prior_residual_uncertainty"":0.1211711680010808,""prior_role_adjusted_kp"":0.10467639255728746,""prior_role_relative_rating"":0.06399253628742678,""prior_starter_reliability"":0.9364590050035241,""prior_team_state"":null,""prior_team_strength"":null,""schedule_opponent_context"":null}",,15.3505,2026 - Split 1,lcs_fantasy_split1_2026_reconstructed_v1,"{""dataset"":""feature_provenance"",""max_source_timestamp"":""2024-06-22T20:56:48Z""}",RECONSTRUCTED_NON_OFFICIAL_SPLIT1_2026_RULES,RECONSTRUCTED_COMPLETE_UNDER_POLICY;RECONSTRUCTED_EXCLUDED_COMPONENTS;RECONSTRUCTED_PROXY_USED
oe:player:8a5dbe19794784cfd0553556844f045,oe:team:e758ebe9a5a2cc81b9c8078479c2d87,JGL,period:fb51ebc6418ce68c46c6,2024-06-27T20:07:21Z,true,protected_selection_2024,"{""bo_format_context"":null,""canonical_matchup_probability"":null,""playstyle_class_1_probability"":null,""playstyle_class_2_probability"":null,""playstyle_uncertainty"":null,""playstyle_unknown_probability"":null,""prior_above_role_median_rate"":0.4518284152353324,""prior_champion_observation_count"":175,""prior_core_state"":null,""prior_effective_evidence"":57.65582974861548,""prior_median_performance"":14.03,""prior_player_rating"":1499.0681430062893,""prior_q25_performance"":6.08,""prior_raw_observation_count"":175,""prior_residual_uncertainty"":0.12150637557857161,""prior_role_adjusted_kp"":0.06939627956558198,""prior_role_relative_rating"":-0.009318569937106561,""prior_starter_reliability"":0.9352414681018837,""prior_team_state"":null,""prior_team_strength"":null,""schedule_opponent_context"":null}",,20.07,2026 - Split 1,lcs_fantasy_split1_2026_reconstructed_v1,"{""dataset"":""feature_provenance"",""max_source_timestamp"":""2024-06-23T21:52:38Z""}",RECONSTRUCTED_NON_OFFICIAL_SPLIT1_2026_RULES,RECONSTRUCTED_COMPLETE_UNDER_POLICY;RECONSTRUCTED_EXCLUDED_COMPONENTS;RECONSTRUCTED_PROXY_USED
oe:player:8f8eaac8e99c203ee76e57c5c81c91f,oe:team:4bd1751425ef6a9bc9d4d8e9385b4a6,MID,period:fb51ebc6418ce68c46c6,2024-06-27T20:07:21Z,true,protected_selection_2024,"{""bo_format_context"":null,""canonical_matchup_probability"":null,""playstyle_class_1_probability"":null,""playstyle_class_2_probability"":null,""playstyle_uncertainty"":null,""playstyle_unknown_probability"":null,""prior_above_role_median_rate"":0.5483271018695516,""prior_champion_observation_count"":50,""prior_core_state"":null,""prior_effective_evidence"":38.28343421309257,""prior_median_performance"":20.92,""prior_player_rating"":1517.790342723845,""prior_q25_performance"":11.343,""prior_raw_observation_count"":50,""prior_residual_uncertainty"":0.17396066585616363,""prior_role_adjusted_kp"":0.12526094465406706,""prior_role_relative_rating"":0.17790342723845018,""prior_starter_reliability"":0.9236732585555973,""prior_team_state"":null,""prior_team_strength"":null,""schedule_opponent_context"":null}",,17.095,2026 - Split 1,lcs_fantasy_split1_2026_reconstructed_v1,"{""dataset"":""feature_provenance"",""max_source_timestamp"":""2024-06-22T22:47:46Z""}",RECONSTRUCTED_NON_OFFICIAL_SPLIT1_2026_RULES,RECONSTRUCTED_COMPLETE_UNDER_POLICY;RECONSTRUCTED_EXCLUDED_COMPONENTS;RECONSTRUCTED_PROXY_USED
oe:player:9191e392e93a6ef011ef76b5b83ee6c,oe:team:e758ebe9a5a2cc81b9c8078479c2d87,SUP,period:fb51ebc6418ce68c46c6,2024-06-27T20:07:21Z,true,protected_selection_2024,"{""bo_format_context"":null,""canonical_matchup_probability"":null,""playstyle_class_1_probability"":0.5003764948316246,""playstyle_class_2_probability"":0.20012098885303403,""playstyle_uncertainty"":0.3922451917358573,""playstyle_unknown_probability"":0.2995025163153414,""prior_above_role_median_rate"":0.42727119777252887,""prior_champion_observation_count"":282,""prior_core_state"":null,""prior_effective_evidence"":58.946448667382874,""prior_median_performance"":12.441199999999998,""prior_player_rating"":1498.478645837915,""prior_q25_performance"":8.889,""prior_raw_observation_count"":282,""prior_residual_uncertainty"":0.11380816977783059,""prior_role_adjusted_kp"":-0.06040352491798736,""prior_role_relative_rating"":-0.01521354162084827,""prior_starter_reliability"":0.9354979821054009,""prior_team_state"":null,""prior_team_strength"":null,""schedule_opponent_context"":null}",,26.33975,2026 - Split 1,lcs_fantasy_split1_2026_reconstructed_v1,"{""dataset"":""feature_provenance"",""max_source_timestamp"":""2024-06-23T21:52:38Z""}",RECONSTRUCTED_NON_OFFICIAL_SPLIT1_2026_RULES,RECONSTRUCTED_COMPLETE_UNDER_POLICY;RECONSTRUCTED_EXCLUDED_COMPONENTS;RECONSTRUCTED_PROXY_USED
oe:player:9ce0043331f3999cc2ee205ab7c2d73,oe:team:c334c629fea759876e9e04afbe4aee7,SUP,period:fb51ebc6418ce68c46c6,2024-06-27T20:07:21Z,true,protected_selection_2024,"{""bo_format_context"":null,""canonical_matchup_probability"":null,""playstyle_class_1_probability"":0.5035970273964786,""playstyle_class_2_probability"":0.13665832868954567,""playstyle_uncertainty"":0.40578830182355136,""playstyle_unknown_probability"":0.3597446439139758,""prior_above_role_median_rate"":0.32175866273493486,""prior_champion_observation_count"":61,""prior_core_state"":null,""prior_effective_evidence"":19.479586420842224,""prior_median_performance"":12.092699999999999,""prior_player_rating"":1492.6350094389988,""prior_q25_performance"":10.500499999999999,""prior_raw_observation_count"":61,""prior_residual_uncertainty"":0.1610071440798667,""prior_role_adjusted_kp"":-0.0053694176237546526,""prior_role_relative_rating"":-0.07364990561001084,""prior_starter_reliability"":0.8776904858404251,""prior_team_state"":null,""prior_team_strength"":null,""schedule_opponent_context"":null}",,4.336,2026 - Split 1,lcs_fantasy_split1_2026_reconstructed_v1,"{""dataset"":""feature_provenance"",""max_source_timestamp"":""2024-06-22T20:56:48Z""}",RECONSTRUCTED_NON_OFFICIAL_SPLIT1_2026_RULES,RECONSTRUCTED_COMPLETE_UNDER_POLICY;RECONSTRUCTED_EXCLUDED_COMPONENTS;RECONSTRUCTED_PROXY_USED
oe:player:a04a853a0f540f156d08711204fe252,oe:team:c334c629fea759876e9e04afbe4aee7,JGL,period:fb51ebc6418ce68c46c6,2024-06-27T20:07:21Z,true,protected_selection_2024,"{""bo_format_context"":null,""canonical_matchup_probability"":null,""playstyle_class_1_probability"":null,""playstyle_class_2_probability"":null,""playstyle_uncertainty"":null,""playstyle_unknown_probability"":null,""prior_above_role_median_rate"":0.4419547302043343,""prior_champion_observation_count"":74,""prior_core_state"":null,""prior_effective_evidence"":24.865725465208854,""prior_median_performance"":13.45,""prior_player_rating"":1496.9277872297569,""prior_q25_performance"":5.143,""prior_raw_observation_count"":74,""prior_residual_uncertainty"":0.17599850135195017,""prior_role_adjusted_kp"":0.22694663386312633,""prior_role_relative_rating"":-0.030722127702432017,""prior_starter_reliability"":0.8910904783398744,""prior_team_state"":null,""prior_team_strength"":null,""schedule_opponent_context"":null}",,6.161,2026 - Split 1,lcs_fantasy_split1_2026_reconstructed_v1,"{""dataset"":""feature_provenance"",""max_source_timestamp"":""2024-06-22T20:56:48Z""}",RECONSTRUCTED_NON_OFFICIAL_SPLIT1_2026_RULES,RECONSTRUCTED_COMPLETE_UNDER_POLICY;RECONSTRUCTED_EXCLUDED_COMPONENTS;RECONSTRUCTED_PROXY_USED
oe:player:a8307167f3a1c933295bb9e3d43700e,oe:team:2e66da41dc460dd378e3bcc57042d31,JGL,period:fb51ebc6418ce68c46c6,2024-06-27T20:07:21Z,true,protected_selection_2024,"{""bo_format_context"":null,""canonical_matchup_probability"":null,""playstyle_class_1_probability"":null,""playstyle_class_2_probability"":null,""playstyle_uncertainty"":null,""playstyle_unknown_probability"":null,""prior_above_role_median_rate"":0.6011526311163075,""prior_champion_observation_count"":143,""prior_core_state"":null,""prior_effective_evidence"":43.1980751325785,""prior_median_performance"":18.4,""prior_player_rating"":1505.1949889149037,""prior_q25_performance"":10.178,""prior_raw_observation_count"":143,""prior_residual_uncertainty"":0.13463927309812407,""prior_role_adjusted_kp"":-0.2540799456560856,""prior_role_relative_rating"":0.05194988914903749,""prior_starter_reliability"":0.9312938470999585,""prior_team_state"":null,""prior_team_strength"":null,""schedule_opponent_context"":null}",,22.233,2026 - Split 1,lcs_fantasy_split1_2026_reconstructed_v1,"{""dataset"":""feature_provenance"",""max_source_timestamp"":""2024-06-23T21:52:38Z""}",RECONSTRUCTED_NON_OFFICIAL_SPLIT1_2026_RULES,RECONSTRUCTED_COMPLETE_UNDER_POLICY;RECONSTRUCTED_EXCLUDED_COMPONENTS;RECONSTRUCTED_PROXY_USED
oe:player:c145139d26813639b8fe6f4d0b28228,oe:team:2e66da41dc460dd378e3bcc57042d31,BOT,period:fb51ebc6418ce68c46c6,2024-06-27T20:07:21Z,true,protected_selection_2024,"{""bo_format_context"":null,""canonical_matchup_probability"":null,""playstyle_class_1_probability"":null,""playstyle_class_2_probability"":null,""playstyle_uncertainty"":null,""playstyle_unknown_probability"":null,""prior_above_role_median_rate"":0.6302769605218256,""prior_champion_observation_count"":32,""prior_core_state"":null,""prior_effective_evidence"":30.14467801990356,""prior_median_performance"":17.778,""prior_player_rating"":1504.9894721446685,""prior_q25_performance"":11.23,""prior_raw_observation_count"":32,""prior_residual_uncertainty"":0.1668242999144969,""prior_role_adjusted_kp"":-0.09607873342337846,""prior_role_relative_rating"":0.049894721446685095,""prior_starter_reliability"":0.9192696895256702,""prior_team_state"":null,""prior_team_strength"":null,""schedule_opponent_context"":null}",,20.7175,2026 - Split 1,lcs_fantasy_split1_2026_reconstructed_v1,"{""dataset"":""feature_provenance"",""max_source_timestamp"":""2024-06-23T21:52:38Z""}",RECONSTRUCTED_NON_OFFICIAL_SPLIT1_2026_RULES,RECONSTRUCTED_COMPLETE_UNDER_POLICY;RECONSTRUCTED_EXCLUDED_COMPONENTS;RECONSTRUCTED_PROXY_USED
oe:player:dbe844fcbbc7f54654e54242e79acac,oe:team:4bd1751425ef6a9bc9d4d8e9385b4a6,SUP,period:fb51ebc6418ce68c46c6,2024-06-27T20:07:21Z,true,protected_selection_2024,"{""bo_format_context"":null,""canonical_matchup_probability"":null,""playstyle_class_1_probability"":0.5101308169493792,""playstyle_class_2_probability"":0.25691038896676494,""playstyle_uncertainty"":0.32298501874553953,""playstyle_unknown_probability"":0.23295879408385584,""prior_above_role_median_rate"":0.5736014687556641,""prior_champion_observation_count"":93,""prior_core_state"":null,""prior_effective_evidence"":49.87727772305616,""prior_median_performance"":18.9814,""prior_player_rating"":1507.807418575134,""prior_q25_performance"":10.0491,""prior_raw_observation_count"":93,""prior_residual_uncertainty"":0.12742651125810248,""prior_role_adjusted_kp"":-0.13504500566180921,""prior_role_relative_rating"":0.07807418575134119,""prior_starter_reliability"":0.9329365153835671,""prior_team_state"":null,""prior_team_strength"":null,""schedule_opponent_context"":null}",,3.5150499999999996,2026 - Split 1,lcs_fantasy_split1_2026_reconstructed_v1,"{""dataset"":""feature_provenance"",""max_source_timestamp"":""2024-06-22T22:47:46Z""}",RECONSTRUCTED_NON_OFFICIAL_SPLIT1_2026_RULES,RECONSTRUCTED_COMPLETE_UNDER_POLICY;RECONSTRUCTED_EXCLUDED_COMPONENTS;RECONSTRUCTED_PROXY_USED
oe:player:dc760d6884ce21614b2389ac1c05ec2,oe:team:b360f1d729b0a8e0f29a5243c4200fa,TOP,period:fb51ebc6418ce68c46c6,2024-06-27T20:07:21Z,true,protected_selection_2024,"{""bo_format_context"":null,""canonical_matchup_probability"":null,""playstyle_class_1_probability"":0.19635665296931953,""playstyle_class_2_probability"":0.5763180944365137,""playstyle_uncertainty"":0.4502943227006924,""playstyle_unknown_probability"":0.22732525259416664,""prior_above_role_median_rate"":0.1993413000034893,""prior_champion_observation_count"":105,""prior_core_state"":null,""prior_effective_evidence"":18.31186908357072,""prior_median_performance"":6.697,""prior_player_rating"":1470.9940374305615,""prior_q25_performance"":3.35,""prior_raw_observation_count"":105,""prior_residual_uncertainty"":0.2015548271808177,""prior_role_adjusted_kp"":-0.17065905282248062,""prior_role_relative_rating"":-0.2900596256943854,""prior_starter_reliability"":0.8748033195316105,""prior_team_state"":null,""prior_team_strength"":null,""schedule_opponent_context"":null}",,3.37,2026 - Split 1,lcs_fantasy_split1_2026_reconstructed_v1,"{""dataset"":""feature_provenance"",""max_source_timestamp"":""2024-06-23T23:33:13Z""}",RECONSTRUCTED_NON_OFFICIAL_SPLIT1_2026_RULES,RECONSTRUCTED_COMPLETE_UNDER_POLICY;RECONSTRUCTED_EXCLUDED_COMPONENTS;RECONSTRUCTED_PROXY_USED
oe:player:e03d0722b6dce835cde3268c08c4f54,oe:team:0dbb780176ecad18f17292d1f5653af,TOP,period:fb51ebc6418ce68c46c6,2024-06-27T20:07:21Z,true,protected_selection_2024,"{""bo_format_context"":null,""canonical_matchup_probability"":null,""playstyle_class_1_probability"":0.34468465787671937,""playstyle_class_2_probability"":0.43331941297598614,""playstyle_uncertainty"":0.35986416756456613,""playstyle_unknown_probability"":0.22199592914729444,""prior_above_role_median_rate"":0.5750701572897449,""prior_champion_observation_count"":226,""prior_core_state"":null,""prior_effective_evidence"":37.7272685554666,""prior_median_performance"":12.841,""prior_player_rating"":1488.612934086159,""prior_q25_performance"":5.787,""prior_raw_observation_count"":226,""prior_residual_uncertainty"":0.13029453582496514,""prior_role_adjusted_kp"":-0.4553627915452605,""prior_role_relative_rating"":-0.11387065913841049,""prior_starter_reliability"":0.8952807866259951,""prior_team_state"":null,""prior_team_strength"":null,""schedule_opponent_context"":null}",,-1.016,2026 - Split 1,lcs_fantasy_split1_2026_reconstructed_v1,"{""dataset"":""feature_provenance"",""max_source_timestamp"":""2024-06-22T22:47:46Z""}",RECONSTRUCTED_NON_OFFICIAL_SPLIT1_2026_RULES,RECONSTRUCTED_COMPLETE_UNDER_POLICY;RECONSTRUCTED_EXCLUDED_COMPONENTS;RECONSTRUCTED_PROXY_USED
oe:player:e9017664588010860a92ceb5f8fcb82,oe:team:2e66da41dc460dd378e3bcc57042d31,MID,period:fb51ebc6418ce68c46c6,2024-06-27T20:07:21Z,true,protected_selection_2024,"{""bo_format_context"":null,""canonical_matchup_probability"":null,""playstyle_class_1_probability"":null,""playstyle_class_2_probability"":null,""playstyle_uncertainty"":null,""playstyle_unknown_probability"":null,""prior_above_role_median_rate"":0.5025422876958945,""prior_champion_observation_count"":6,""prior_core_state"":null,""prior_effective_evidence"":5.998579098788629,""prior_median_performance"":19.706,""prior_player_rating"":1501.733464057801,""prior_q25_performance"":12.715,""prior_raw_observation_count"":6,""prior_residual_uncertainty"":0.3860186134811997,""prior_role_adjusted_kp"":-0.25928403321934385,""prior_role_relative_rating"":0.01733464057800938,""prior_starter_reliability"":0.7963247171827936,""prior_team_state"":null,""prior_team_strength"":null,""schedule_opponent_context"":null}",,18.732000000000003,2026 - Split 1,lcs_fantasy_split1_2026_reconstructed_v1,"{""dataset"":""feature_provenance"",""max_source_timestamp"":""2024-06-23T21:52:38Z""}",RECONSTRUCTED_NON_OFFICIAL_SPLIT1_2026_RULES,RECONSTRUCTED_COMPLETE_UNDER_POLICY;RECONSTRUCTED_EXCLUDED_COMPONENTS;RECONSTRUCTED_PROXY_USED
oe:player:ea9ed09584feecae0991089f087d2ce,oe:team:8eb884e168f28402ce685bedebb5250,MID,period:fb51ebc6418ce68c46c6,2024-06-27T20:07:21Z,true,protected_selection_2024,"{""bo_format_context"":null,""canonical_matchup_probability"":null,""playstyle_class_1_probability"":null,""playstyle_class_2_probability"":null,""playstyle_uncertainty"":null,""playstyle_unknown_probability"":null,""prior_above_role_median_rate"":0.6322233072557171,""prior_champion_observation_count"":68,""prior_core_state"":null,""prior_effective_evidence"":51.95028056753404,""prior_median_performance"":19.1,""prior_player_rating"":1513.201935055949,""prior_q25_performance"":12.620000000000001,""prior_raw_observation_count"":68,""prior_residual_uncertainty"":0.10878657695803912,""prior_role_adjusted_kp"":-0.006552099283656794,""prior_role_relative_rating"":0.13201935055948924,""prior_starter_reliability"":0.9408988356072109,""prior_team_state"":null,""prior_team_strength"":null,""schedule_opponent_context"":null}",,25.656000000000002,2026 - Split 1,lcs_fantasy_split1_2026_reconstructed_v1,"{""dataset"":""feature_provenance"",""max_source_timestamp"":""2024-06-23T23:33:13Z""}",RECONSTRUCTED_NON_OFFICIAL_SPLIT1_2026_RULES,RECONSTRUCTED_COMPLETE_UNDER_POLICY;RECONSTRUCTED_EXCLUDED_COMPONENTS;RECONSTRUCTED_PROXY_USED
oe:player:ed455f823b6586e9e3621dfb5aeb42e,oe:team:fc8e90107dabb9a35c490b0d86adea0,JGL,period:fb51ebc6418ce68c46c6,2024-06-27T20:07:21Z,true,protected_selection_2024,"{""bo_format_context"":null,""canonical_matchup_probability"":null,""playstyle_class_1_probability"":null,""playstyle_class_2_probability"":null,""playstyle_uncertainty"":null,""playstyle_unknown_probability"":null,""prior_above_role_median_rate"":0.6232558268835094,""prior_champion_observation_count"":309,""prior_core_state"":null,""prior_effective_evidence"":58.492049007286106,""prior_median_performance"":20.549,""prior_player_rating"":1513.5760562928663,""prior_q25_performance"":9.5,""prior_raw_observation_count"":309,""prior_residual_uncertainty"":0.10872047716261998,""prior_role_adjusted_kp"":0.12921782687346556,""prior_role_relative_rating"":0.1357605629286628,""prior_starter_reliability"":0.9375810203998048,""prior_team_state"":null,""prior_team_strength"":null,""schedule_opponent_context"":null}",,17.494,2026 - Split 1,lcs_fantasy_split1_2026_reconstructed_v1,"{""dataset"":""feature_provenance"",""max_source_timestamp"":""2024-06-22T20:56:48Z""}",RECONSTRUCTED_NON_OFFICIAL_SPLIT1_2026_RULES,RECONSTRUCTED_COMPLETE_UNDER_POLICY;RECONSTRUCTED_EXCLUDED_COMPONENTS;RECONSTRUCTED_PROXY_USED
oe:player:ef97df9d746d0e65ed18786ab30031c,oe:team:b360f1d729b0a8e0f29a5243c4200fa,MID,period:fb51ebc6418ce68c46c6,2024-06-27T20:07:21Z,true,protected_selection_2024,"{""bo_format_context"":null,""canonical_matchup_probability"":null,""playstyle_class_1_probability"":null,""playstyle_class_2_probability"":null,""playstyle_uncertainty"":null,""playstyle_unknown_probability"":null,""prior_above_role_median_rate"":0.32456980390143836,""prior_champion_observation_count"":111,""prior_core_state"":null,""prior_effective_evidence"":29.77571936998395,""prior_median_performance"":11.86,""prior_player_rating"":1478.657476543738,""prior_q25_performance"":5.8100000000000005,""prior_raw_observation_count"":111,""prior_residual_uncertainty"":0.16902050335103816,""prior_role_adjusted_kp"":-0.2838746560512147,""prior_role_relative_rating"":-0.2134252345626201,""prior_starter_reliability"":0.900050025714313,""prior_team_state"":null,""prior_team_strength"":null,""schedule_opponent_context"":null}",,6.47,2026 - Split 1,lcs_fantasy_split1_2026_reconstructed_v1,"{""dataset"":""feature_provenance"",""max_source_timestamp"":""2024-06-23T23:33:13Z""}",RECONSTRUCTED_NON_OFFICIAL_SPLIT1_2026_RULES,RECONSTRUCTED_COMPLETE_UNDER_POLICY;RECONSTRUCTED_EXCLUDED_COMPONENTS;RECONSTRUCTED_PROXY_USED
oe:player:f6b8af05a5af22004a67a78f3046b92,oe:team:8eb884e168f28402ce685bedebb5250,BOT,period:fb51ebc6418ce68c46c6,2024-06-27T20:07:21Z,true,protected_selection_2024,"{""bo_format_context"":null,""canonical_matchup_probability"":null,""playstyle_class_1_probability"":null,""playstyle_class_2_probability"":null,""playstyle_uncertainty"":null,""playstyle_unknown_probability"":null,""prior_above_role_median_rate"":0.5815086919262046,""prior_champion_observation_count"":98,""prior_core_state"":null,""prior_effective_evidence"":62.55247025290631,""prior_median_performance"":18.717,""prior_player_rating"":1511.5040882521257,""prior_q25_performance"":10.684,""prior_raw_observation_count"":98,""prior_residual_uncertainty"":0.11449086697803056,""prior_role_adjusted_kp"":-0.057918780839088746,""prior_role_relative_rating"":0.11504088252125758,""prior_starter_reliability"":0.9461490926170172,""prior_team_state"":null,""prior_team_strength"":null,""schedule_opponent_context"":null}",,28.889,2026 - Split 1,lcs_fantasy_split1_2026_reconstructed_v1,"{""dataset"":""feature_provenance"",""max_source_timestamp"":""2024-06-23T23:33:13Z""}",RECONSTRUCTED_NON_OFFICIAL_SPLIT1_2026_RULES,RECONSTRUCTED_COMPLETE_UNDER_POLICY;RECONSTRUCTED_EXCLUDED_COMPONENTS;RECONSTRUCTED_PROXY_USED
oe:player:fbadcf84fcfb01a251de88055f631cb,oe:team:0dbb780176ecad18f17292d1f5653af,JGL,period:fb51ebc6418ce68c46c6,2024-06-27T20:07:21Z,true,protected_selection_2024,"{""bo_format_context"":null,""canonical_matchup_probability"":null,""playstyle_class_1_probability"":null,""playstyle_class_2_probability"":null,""playstyle_uncertainty"":null,""playstyle_unknown_probability"":null,""prior_above_role_median_rate"":0.5677444139299733,""prior_champion_observation_count"":223,""prior_core_state"":null,""prior_effective_evidence"":27.202221739221525,""prior_median_performance"":17.46,""prior_player_rating"":1500.5597613342582,""prior_q25_performance"":7.57,""prior_raw_observation_count"":223,""prior_residual_uncertainty"":0.15057227191279746,""prior_role_adjusted_kp"":-0.08262875019929354,""prior_role_relative_rating"":0.00559761334258157,""prior_starter_reliability"":0.8767500504423683,""prior_team_state"":null,""prior_team_strength"":null,""schedule_opponent_context"":null}",,1.14,2026 - Split 1,lcs_fantasy_split1_2026_reconstructed_v1,"{""dataset"":""feature_provenance"",""max_source_timestamp"":""2024-06-22T22:47:46Z""}",RECONSTRUCTED_NON_OFFICIAL_SPLIT1_2026_RULES,RECONSTRUCTED_COMPLETE_UNDER_POLICY;RECONSTRUCTED_EXCLUDED_COMPONENTS;RECONSTRUCTED_PROXY_USED
oe:player:fddde6d256bee26713f64ad9b2a9394,oe:team:e758ebe9a5a2cc81b9c8078479c2d87,MID,period:fb51ebc6418ce68c46c6,2024-06-27T20:07:21Z,true,protected_selection_2024,"{""bo_format_context"":null,""canonical_matchup_probability"":null,""playstyle_class_1_probability"":null,""playstyle_class_2_probability"":null,""playstyle_uncertainty"":null,""playstyle_unknown_probability"":null,""prior_above_role_median_rate"":0.41410024053372396,""prior_champion_observation_count"":188,""prior_core_state"":null,""prior_effective_evidence"":57.86448680381657,""prior_median_performance"":14.06,""prior_player_rating"":1491.7036021411252,""prior_q25_performance"":8.370000000000001,""prior_raw_observation_count"":188,""prior_residual_uncertainty"":0.1074579394097039,""prior_role_adjusted_kp"":-0.007957814741201845,""prior_role_relative_rating"":-0.08296397858874698,""prior_starter_reliability"":0.9353434326733837,""prior_team_state"":null,""prior_team_strength"":null,""schedule_opponent_context"":null}",,20.16,2026 - Split 1,lcs_fantasy_split1_2026_reconstructed_v1,"{""dataset"":""feature_provenance"",""max_source_timestamp"":""2024-06-23T21:52:38Z""}",RECONSTRUCTED_NON_OFFICIAL_SPLIT1_2026_RULES,RECONSTRUCTED_COMPLETE_UNDER_POLICY;RECONSTRUCTED_EXCLUDED_COMPONENTS;RECONSTRUCTED_PROXY_USED
