series_id,team_id,opponent_team_id,prediction_period_id,season,split,stage,series_date,series_format,target_cutoff,match_status,match_keys,evidence_class
oe_structural:2020:2020-01-25:e4094adae7b9,oe:team:0dbb780176ecad18f17292d1f5653af,nan,nan,nan,nan,nan,nan,nan,nan,UNMATCHED,no matching period found,nan
oe_structural:2024:2024-01-20:c7e6432db0a1,oe:team:0dbb780176ecad18f17292d1f5653af,nan,nan,nan,nan,nan,nan,nan,nan,UNMATCHED,no matching period found,nan
oe_structural:2026:2026-01-24:ae0b87cca71c,oe:team:289284911fb6f41c0ccaecc3a0c2891,nan,nan,nan,nan,nan,nan,nan,nan,UNMATCHED,no matching period found,nan
oe_structural:2024:2024-01-20:cebebeabf229,oe:team:2e66da41dc460dd378e3bcc57042d31,nan,nan,nan,nan,nan,nan,nan,nan,UNMATCHED,no matching period found,nan
oe_structural:2020:2020-01-25:0f2ff3f87a64,oe:team:4bd1751425ef6a9bc9d4d8e9385b4a6,nan,nan,nan,nan,nan,nan,nan,nan,UNMATCHED,no matching period found,nan
oe_structural:2021:2021-01-15:e80489b959a7,oe:team:4bd1751425ef6a9bc9d4d8e9385b4a6,nan,nan,nan,nan,nan,nan,nan,nan,UNMATCHED,no matching period found,nan
oe_structural:2022:2022-01-14:5d2f24b2a8a7,oe:team:4bd1751425ef6a9bc9d4d8e9385b4a6,nan,nan,nan,nan,nan,nan,nan,nan,UNMATCHED,no matching period found,nan
oe_structural:2023:2023-01-26:85783347cfc6,oe:team:4bd1751425ef6a9bc9d4d8e9385b4a6,nan,nan,nan,nan,nan,nan,nan,nan,UNMATCHED,no matching period found,nan
oe_structural:2024:2024-01-20:9739d2d3a8f2,oe:team:4bd1751425ef6a9bc9d4d8e9385b4a6,nan,nan,nan,nan,nan,nan,nan,nan,UNMATCHED,no matching period found,nan
oe_structural:2020:2020-01-25:0f2ff3f87a64,oe:team:87ee02298073abc2d55060f097d4041,nan,nan,nan,nan,nan,nan,nan,nan,UNMATCHED,no matching period found,nan
oe_structural:2022:2022-01-14:1f68e994aca8,oe:team:87ee02298073abc2d55060f097d4041,nan,nan,nan,nan,nan,nan,nan,nan,UNMATCHED,no matching period found,nan
oe_structural:2023:2023-01-26:9383c5c0a022,oe:team:87ee02298073abc2d55060f097d4041,nan,nan,nan,nan,nan,nan,nan,nan,UNMATCHED,no matching period found,nan
oe_structural:2020:2020-01-25:084416ff2c3c,oe:team:8eb884e168f28402ce685bedebb5250,nan,nan,nan,nan,nan,nan,nan,nan,UNMATCHED,no matching period found,nan
oe_structural:2021:2021-01-15:e0a5a7e5a4f7,oe:team:8eb884e168f28402ce685bedebb5250,nan,nan,nan,nan,nan,nan,nan,nan,UNMATCHED,no matching period found,nan
oe_structural:2024:2024-01-20:9739d2d3a8f2,oe:team:8eb884e168f28402ce685bedebb5250,nan,nan,nan,nan,nan,nan,nan,nan,UNMATCHED,no matching period found,nan
oe_structural:2026:2026-01-24:c9a2839a5ec3,oe:team:8eb884e168f28402ce685bedebb5250,nan,nan,nan,nan,nan,nan,nan,nan,UNMATCHED,no matching period found,nan
oe_structural:2021:2021-01-15:e80489b959a7,oe:team:a22510a4756fa424cb0771b13261139,nan,nan,nan,nan,nan,nan,nan,nan,UNMATCHED,no matching period found,nan
oe_structural:2022:2022-01-14:5d2f24b2a8a7,oe:team:a22510a4756fa424cb0771b13261139,nan,nan,nan,nan,nan,nan,nan,nan,UNMATCHED,no matching period found,nan
oe_structural:2024:2024-01-20:cebebeabf229,oe:team:b360f1d729b0a8e0f29a5243c4200fa,nan,nan,nan,nan,nan,nan,nan,nan,UNMATCHED,no matching period found,nan
oe_structural:2024:2024-01-20:c7e6432db0a1,oe:team:c334c629fea759876e9e04afbe4aee7,nan,nan,nan,nan,nan,nan,nan,nan,UNMATCHED,no matching period found,nan
oe_structural:2020:2020-01-25:e4094adae7b9,oe:team:cbfaf0ca2181f0903d2fcceb6c28f3b,nan,nan,nan,nan,nan,nan,nan,nan,UNMATCHED,no matching period found,nan
oe_structural:2021:2021-01-15:e0a5a7e5a4f7,oe:team:cbfaf0ca2181f0903d2fcceb6c28f3b,nan,nan,nan,nan,nan,nan,nan,nan,UNMATCHED,no matching period found,nan
oe_structural:2024:2024-01-20:4a19c2aa49ee,oe:team:e758ebe9a5a2cc81b9c8078479c2d87,nan,nan,nan,nan,nan,nan,nan,nan,UNMATCHED,no matching period found,nan
oe_structural:2023:2023-01-26:9383c5c0a022,oe:team:f7f7324c151aa6ed770b244ce08e027,nan,nan,nan,nan,nan,nan,nan,nan,UNMATCHED,no matching period found,nan
oe_structural:2026:2026-01-24:ae0b87cca71c,oe:team:f90422f1cbcb24bc2a855202582ec29,nan,nan,nan,nan,nan,nan,nan,nan,UNMATCHED,no matching period found,nan
oe_structural:2020:2020-01-25:084416ff2c3c,oe:team:fc8e90107dabb9a35c490b0d86adea0,nan,nan,nan,nan,nan,nan,nan,nan,UNMATCHED,no matching period found,nan
oe_structural:2022:2022-01-14:1f68e994aca8,oe:team:fc8e90107dabb9a35c490b0d86adea0,nan,nan,nan,nan,nan,nan,nan,nan,UNMATCHED,no matching period found,nan
oe_structural:2023:2023-01-26:85783347cfc6,oe:team:fc8e90107dabb9a35c490b0d86adea0,nan,nan,nan,nan,nan,nan,nan,nan,UNMATCHED,no matching period found,nan
oe_structural:2024:2024-01-20:4a19c2aa49ee,oe:team:fc8e90107dabb9a35c490b0d86adea0,nan,nan,nan,nan,nan,nan,nan,nan,UNMATCHED,no matching period found,nan
oe_structural:2026:2026-01-24:c9a2839a5ec3,oe:team:fc8e90107dabb9a35c490b0d86adea0,nan,nan,nan,nan,nan,nan,nan,nan,UNMATCHED,no matching period found,nan
oe_structural:2020:2020-01-26:a28179167c6f,oe:team:0dbb780176ecad18f17292d1f5653af,oe:team:f7f7324c151aa6ed770b244ce08e027,period:01bed218199c5fc6a295,2020.0,Spring,regular,2020-01-26,BO1,2020-01-25T21:37:53+00:00,HIGH_CONFIDENCE_STRUCTURAL,"season=2020, team=oe:team:0dbb780176ecad18f17292d1f5653af, cutoff<=2020-01-26T00:00:00+00:00",STRUCTURAL_RECONCILIATION_ONLY
oe_structural:2020:2020-02-01:f85e7fbacaeb,oe:team:0dbb780176ecad18f17292d1f5653af,oe:team:8eb884e168f28402ce685bedebb5250,period:01bed218199c5fc6a295,2020.0,Spring,regular,2020-02-01,BO1,2020-01-25T21:37:53+00:00,HIGH_CONFIDENCE_STRUCTURAL,"season=2020, team=oe:team:0dbb780176ecad18f17292d1f5653af, cutoff<=2020-02-01T00:00:00+00:00",STRUCTURAL_RECONCILIATION_ONLY
oe_structural:2020:2020-01-26:07cce5d43783,oe:team:2e66da41dc460dd378e3bcc57042d31,oe:team:c334c629fea759876e9e04afbe4aee7,period:01bed218199c5fc6a295,2020.0,Spring,regular,2020-01-26,BO1,2020-01-25T21:37:53+00:00,HIGH_CONFIDENCE_STRUCTURAL,"season=2020, team=oe:team:2e66da41dc460dd378e3bcc57042d31, cutoff<=2020-01-26T00:00:00+00:00",STRUCTURAL_RECONCILIATION_ONLY
oe_structural:2020:2020-01-26:ec2047abec64,oe:team:2e66da41dc460dd378e3bcc57042d31,oe:team:cbfaf0ca2181f0903d2fcceb6c28f3b,period:01bed218199c5fc6a295,2020.0,Spring,regular,2020-01-26,BO1,2020-01-25T21:37:53+00:00,HIGH_CONFIDENCE_STRUCTURAL,"season=2020, team=oe:team:2e66da41dc460dd378e3bcc57042d31, cutoff<=2020-01-26T00:00:00+00:00",STRUCTURAL_RECONCILIATION_ONLY
oe_structural:2020:2020-01-28:6c48bbf14b0e,oe:team:4bd1751425ef6a9bc9d4d8e9385b4a6,oe:team:f7f7324c151aa6ed770b244ce08e027,period:01bed218199c5fc6a295,2020.0,Spring,regular,2020-01-28,BO1,2020-01-25T21:37:53+00:00,HIGH_CONFIDENCE_STRUCTURAL,"season=2020, team=oe:team:4bd1751425ef6a9bc9d4d8e9385b4a6, cutoff<=2020-01-28T00:00:00+00:00",STRUCTURAL_RECONCILIATION_ONLY
oe_structural:2020:2020-02-01:315c982cd10f,oe:team:4bd1751425ef6a9bc9d4d8e9385b4a6,oe:team:cbfaf0ca2181f0903d2fcceb6c28f3b,period:01bed218199c5fc6a295,2020.0,Spring,regular,2020-02-01,BO1,2020-01-25T21:37:53+00:00,HIGH_CONFIDENCE_STRUCTURAL,"season=2020, team=oe:team:4bd1751425ef6a9bc9d4d8e9385b4a6, cutoff<=2020-02-01T00:00:00+00:00",STRUCTURAL_RECONCILIATION_ONLY
oe_structural:2020:2020-01-26:30faa5cc03ce,oe:team:87ee02298073abc2d55060f097d4041,oe:team:fc8e90107dabb9a35c490b0d86adea0,period:01bed218199c5fc6a295,2020.0,Spring,regular,2020-01-26,BO1,2020-01-25T21:37:53+00:00,HIGH_CONFIDENCE_STRUCTURAL,"season=2020, team=oe:team:87ee02298073abc2d55060f097d4041, cutoff<=2020-01-26T00:00:00+00:00",STRUCTURAL_RECONCILIATION_ONLY
oe_structural:2020:2020-01-28:abf777a4f61d,oe:team:8eb884e168f28402ce685bedebb5250,oe:team:a22510a4756fa424cb0771b13261139,period:01bed218199c5fc6a295,2020.0,Spring,regular,2020-01-28,BO1,2020-01-25T21:37:53+00:00,HIGH_CONFIDENCE_STRUCTURAL,"season=2020, team=oe:team:8eb884e168f28402ce685bedebb5250, cutoff<=2020-01-28T00:00:00+00:00",STRUCTURAL_RECONCILIATION_ONLY
oe_structural:2020:2020-02-01:f85e7fbacaeb,oe:team:8eb884e168f28402ce685bedebb5250,oe:team:0dbb780176ecad18f17292d1f5653af,period:01bed218199c5fc6a295,2020.0,Spring,regular,2020-02-01,BO1,2020-01-25T21:37:53+00:00,HIGH_CONFIDENCE_STRUCTURAL,"season=2020, team=oe:team:8eb884e168f28402ce685bedebb5250, cutoff<=2020-02-01T00:00:00+00:00",STRUCTURAL_RECONCILIATION_ONLY
oe_structural:2020:2020-01-26:1c572339d63b,oe:team:a22510a4756fa424cb0771b13261139,oe:team:c334c629fea759876e9e04afbe4aee7,period:01bed218199c5fc6a295,2020.0,Spring,regular,2020-01-26,BO1,2020-01-25T21:37:53+00:00,HIGH_CONFIDENCE_STRUCTURAL,"season=2020, team=oe:team:a22510a4756fa424cb0771b13261139, cutoff<=2020-01-26T00:00:00+00:00",STRUCTURAL_RECONCILIATION_ONLY
oe_structural:2020:2020-01-28:abf777a4f61d,oe:team:a22510a4756fa424cb0771b13261139,oe:team:8eb884e168f28402ce685bedebb5250,period:01bed218199c5fc6a295,2020.0,Spring,regular,2020-01-28,BO1,2020-01-25T21:37:53+00:00,HIGH_CONFIDENCE_STRUCTURAL,"season=2020, team=oe:team:a22510a4756fa424cb0771b13261139, cutoff<=2020-01-28T00:00:00+00:00",STRUCTURAL_RECONCILIATION_ONLY
oe_structural:2020:2020-01-26:07cce5d43783,oe:team:c334c629fea759876e9e04afbe4aee7,oe:team:2e66da41dc460dd378e3bcc57042d31,period:01bed218199c5fc6a295,2020.0,Spring,regular,2020-01-26,BO1,2020-01-25T21:37:53+00:00,HIGH_CONFIDENCE_STRUCTURAL,"season=2020, team=oe:team:c334c629fea759876e9e04afbe4aee7, cutoff<=2020-01-26T00:00:00+00:00",STRUCTURAL_RECONCILIATION_ONLY
oe_structural:2020:2020-01-26:1c572339d63b,oe:team:c334c629fea759876e9e04afbe4aee7,oe:team:a22510a4756fa424cb0771b13261139,period:01bed218199c5fc6a295,2020.0,Spring,regular,2020-01-26,BO1,2020-01-25T21:37:53+00:00,HIGH_CONFIDENCE_STRUCTURAL,"season=2020, team=oe:team:c334c629fea759876e9e04afbe4aee7, cutoff<=2020-01-26T00:00:00+00:00",STRUCTURAL_RECONCILIATION_ONLY
oe_structural:2020:2020-02-01:3c262238827f,oe:team:c334c629fea759876e9e04afbe4aee7,oe:team:fc8e90107dabb9a35c490b0d86adea0,period:01bed218199c5fc6a295,2020.0,Spring,regular,2020-02-01,BO1,2020-01-25T21:37:53+00:00,HIGH_CONFIDENCE_STRUCTURAL,"season=2020, team=oe:team:c334c629fea759876e9e04afbe4aee7, cutoff<=2020-02-01T00:00:00+00:00",STRUCTURAL_RECONCILIATION_ONLY
oe_structural:2020:2020-01-26:ec2047abec64,oe:team:cbfaf0ca2181f0903d2fcceb6c28f3b,oe:team:2e66da41dc460dd378e3bcc57042d31,period:01bed218199c5fc6a295,2020.0,Spring,regular,2020-01-26,BO1,2020-01-25T21:37:53+00:00,HIGH_CONFIDENCE_STRUCTURAL,"season=2020, team=oe:team:cbfaf0ca2181f0903d2fcceb6c28f3b, cutoff<=2020-01-26T00:00:00+00:00",STRUCTURAL_RECONCILIATION_ONLY
oe_structural:2020:2020-02-01:315c982cd10f,oe:team:cbfaf0ca2181f0903d2fcceb6c28f3b,oe:team:4bd1751425ef6a9bc9d4d8e9385b4a6,period:01bed218199c5fc6a295,2020.0,Spring,regular,2020-02-01,BO1,2020-01-25T21:37:53+00:00,HIGH_CONFIDENCE_STRUCTURAL,"season=2020, team=oe:team:cbfaf0ca2181f0903d2fcceb6c28f3b, cutoff<=2020-02-01T00:00:00+00:00",STRUCTURAL_RECONCILIATION_ONLY
oe_structural:2020:2020-01-26:a28179167c6f,oe:team:f7f7324c151aa6ed770b244ce08e027,oe:team:0dbb780176ecad18f17292d1f5653af,period:01bed218199c5fc6a295,2020.0,Spring,regular,2020-01-26,BO1,2020-01-25T21:37:53+00:00,HIGH_CONFIDENCE_STRUCTURAL,"season=2020, team=oe:team:f7f7324c151aa6ed770b244ce08e027, cutoff<=2020-01-26T00:00:00+00:00",STRUCTURAL_RECONCILIATION_ONLY
oe_structural:2020:2020-01-28:6c48bbf14b0e,oe:team:f7f7324c151aa6ed770b244ce08e027,oe:team:4bd1751425ef6a9bc9d4d8e9385b4a6,period:01bed218199c5fc6a295,2020.0,Spring,regular,2020-01-28,BO1,2020-01-25T21:37:53+00:00,HIGH_CONFIDENCE_STRUCTURAL,"season=2020, team=oe:team:f7f7324c151aa6ed770b244ce08e027, cutoff<=2020-01-28T00:00:00+00:00",STRUCTURAL_RECONCILIATION_ONLY
oe_structural:2020:2020-01-26:30faa5cc03ce,oe:team:fc8e90107dabb9a35c490b0d86adea0,oe:team:87ee02298073abc2d55060f097d4041,period:01bed218199c5fc6a295,2020.0,Spring,regular,2020-01-26,BO1,2020-01-25T21:37:53+00:00,HIGH_CONFIDENCE_STRUCTURAL,"season=2020, team=oe:team:fc8e90107dabb9a35c490b0d86adea0, cutoff<=2020-01-26T00:00:00+00:00",STRUCTURAL_RECONCILIATION_ONLY
oe_structural:2020:2020-02-01:3c262238827f,oe:team:fc8e90107dabb9a35c490b0d86adea0,oe:team:c334c629fea759876e9e04afbe4aee7,period:01bed218199c5fc6a295,2020.0,Spring,regular,2020-02-01,BO1,2020-01-25T21:37:53+00:00,HIGH_CONFIDENCE_STRUCTURAL,"season=2020, team=oe:team:fc8e90107dabb9a35c490b0d86adea0, cutoff<=2020-02-01T00:00:00+00:00",STRUCTURAL_RECONCILIATION_ONLY
oe_structural:2024:2024-08-04:cb7009a9e22f,oe:team:2e66da41dc460dd378e3bcc57042d31,oe:team:b360f1d729b0a8e0f29a5243c4200fa,period:03ffd32cfddfafb63d73,2024.0,Summer,regular,2024-08-04,BO3,2024-08-03T20:08:15+00:00,HIGH_CONFIDENCE_STRUCTURAL,"season=2024, team=oe:team:2e66da41dc460dd378e3bcc57042d31, cutoff<=2024-08-04T00:00:00+00:00",STRUCTURAL_RECONCILIATION_ONLY
oe_structural:2024:2024-08-05:c80f1a63182e,oe:team:2e66da41dc460dd378e3bcc57042d31,oe:team:b360f1d729b0a8e0f29a5243c4200fa,period:03ffd32cfddfafb63d73,2024.0,Summer,regular,2024-08-05,BO3,2024-08-03T20:08:15+00:00,HIGH_CONFIDENCE_STRUCTURAL,"season=2024, team=oe:team:2e66da41dc460dd378e3bcc57042d31, cutoff<=2024-08-05T00:00:00+00:00",STRUCTURAL_RECONCILIATION_ONLY
oe_structural:2024:2024-08-10:4c754058e203,oe:team:4bd1751425ef6a9bc9d4d8e9385b4a6,oe:team:b360f1d729b0a8e0f29a5243c4200fa,period:03ffd32cfddfafb63d73,2024.0,Summer,regular,2024-08-10,BO3,2024-08-03T20:08:15+00:00,HIGH_CONFIDENCE_STRUCTURAL,"season=2024, team=oe:team:4bd1751425ef6a9bc9d4d8e9385b4a6, cutoff<=2024-08-10T00:00:00+00:00",STRUCTURAL_RECONCILIATION_ONLY
oe_structural:2024:2024-08-04:8b04494a4762,oe:team:8eb884e168f28402ce685bedebb5250,oe:team:fc8e90107dabb9a35c490b0d86adea0,period:03ffd32cfddfafb63d73,2024.0,Summer,regular,2024-08-04,BO3,2024-08-03T20:08:15+00:00,HIGH_CONFIDENCE_STRUCTURAL,"season=2024, team=oe:team:8eb884e168f28402ce685bedebb5250, cutoff<=2024-08-04T00:00:00+00:00",STRUCTURAL_RECONCILIATION_ONLY
oe_structural:2024:2024-08-10:23655141ae9e,oe:team:8eb884e168f28402ce685bedebb5250,oe:team:e758ebe9a5a2cc81b9c8078479c2d87,period:03ffd32cfddfafb63d73,2024.0,Summer,regular,2024-08-10,BO3,2024-08-03T20:08:15+00:00,HIGH_CONFIDENCE_STRUCTURAL,"season=2024, team=oe:team:8eb884e168f28402ce685bedebb5250, cutoff<=2024-08-10T00:00:00+00:00",STRUCTURAL_RECONCILIATION_ONLY
oe_structural:2024:2024-08-04:cb7009a9e22f,oe:team:b360f1d729b0a8e0f29a5243c4200fa,oe:team:2e66da41dc460dd378e3bcc57042d31,period:03ffd32cfddfafb63d73,2024.0,Summer,regular,2024-08-04,BO3,2024-08-03T20:08:15+00:00,HIGH_CONFIDENCE_STRUCTURAL,"season=2024, team=oe:team:b360f1d729b0a8e0f29a5243c4200fa, cutoff<=2024-08-04T00:00:00+00:00",STRUCTURAL_RECONCILIATION_ONLY
oe_structural:2024:2024-08-05:c80f1a63182e,oe:team:b360f1d729b0a8e0f29a5243c4200fa,oe:team:2e66da41dc460dd378e3bcc57042d31,period:03ffd32cfddfafb63d73,2024.0,Summer,regular,2024-08-05,BO3,2024-08-03T20:08:15+00:00,HIGH_CONFIDENCE_STRUCTURAL,"season=2024, team=oe:team:b360f1d729b0a8e0f29a5243c4200fa, cutoff<=2024-08-05T00:00:00+00:00",STRUCTURAL_RECONCILIATION_ONLY
oe_structural:2024:2024-08-10:4c754058e203,oe:team:b360f1d729b0a8e0f29a5243c4200fa,oe:team:4bd1751425ef6a9bc9d4d8e9385b4a6,period:03ffd32cfddfafb63d73,2024.0,Summer,regular,2024-08-10,BO3,2024-08-03T20:08:15+00:00,HIGH_CONFIDENCE_STRUCTURAL,"season=2024, team=oe:team:b360f1d729b0a8e0f29a5243c4200fa, cutoff<=2024-08-10T00:00:00+00:00",STRUCTURAL_RECONCILIATION_ONLY
oe_structural:2024:2024-08-10:23655141ae9e,oe:team:e758ebe9a5a2cc81b9c8078479c2d87,oe:team:8eb884e168f28402ce685bedebb5250,period:03ffd32cfddfafb63d73,2024.0,Summer,regular,2024-08-10,BO3,2024-08-03T20:08:15+00:00,HIGH_CONFIDENCE_STRUCTURAL,"season=2024, team=oe:team:e758ebe9a5a2cc81b9c8078479c2d87, cutoff<=2024-08-10T00:00:00+00:00",STRUCTURAL_RECONCILIATION_ONLY
oe_structural:2024:2024-08-04:8b04494a4762,oe:team:fc8e90107dabb9a35c490b0d86adea0,oe:team:8eb884e168f28402ce685bedebb5250,period:03ffd32cfddfafb63d73,2024.0,Summer,regular,2024-08-04,BO3,2024-08-03T20:08:15+00:00,HIGH_CONFIDENCE_STRUCTURAL,"season=2024, team=oe:team:fc8e90107dabb9a35c490b0d86adea0, cutoff<=2024-08-04T00:00:00+00:00",STRUCTURAL_RECONCILIATION_ONLY
oe_structural:2026:2026-02-15:1e92140e8cd2,oe:team:289284911fb6f41c0ccaecc3a0c2891,oe:team:f90422f1cbcb24bc2a855202582ec29,period:0433ceb2175e1870c17a,2026.0,Lock-In,regular,2026-02-15,BO1,2026-02-14T21:11:50+00:00,HIGH_CONFIDENCE_STRUCTURAL,"season=2026, team=oe:team:289284911fb6f41c0ccaecc3a0c2891, cutoff<=2026-02-15T00:00:00+00:00",STRUCTURAL_RECONCILIATION_ONLY
oe_structural:2026:2026-02-20:c66ab44e68cc,oe:team:289284911fb6f41c0ccaecc3a0c2891,oe:team:8eb884e168f28402ce685bedebb5250,period:0433ceb2175e1870c17a,2026.0,Lock-In,regular,2026-02-20,BO1,2026-02-14T21:11:50+00:00,HIGH_CONFIDENCE_STRUCTURAL,"season=2026, team=oe:team:289284911fb6f41c0ccaecc3a0c2891, cutoff<=2026-02-20T00:00:00+00:00",STRUCTURAL_RECONCILIATION_ONLY
oe_structural:2026:2026-02-15:6113d9e252dc,oe:team:2e66da41dc460dd378e3bcc57042d31,oe:team:fc8e90107dabb9a35c490b0d86adea0,period:0433ceb2175e1870c17a,2026.0,Lock-In,regular,2026-02-15,BO1,2026-02-14T21:11:50+00:00,HIGH_CONFIDENCE_STRUCTURAL,"season=2026, team=oe:team:2e66da41dc460dd378e3bcc57042d31, cutoff<=2026-02-15T00:00:00+00:00",STRUCTURAL_RECONCILIATION_ONLY
oe_structural:2026:2026-02-15:1e92140e8cd2,oe:team:f90422f1cbcb24bc2a855202582ec29,oe:team:289284911fb6f41c0ccaecc3a0c2891,period:0433ceb2175e1870c17a,2026.0,Lock-In,regular,2026-02-15,BO1,2026-02-14T21:11:50+00:00,HIGH_CONFIDENCE_STRUCTURAL,"season=2026, team=oe:team:f90422f1cbcb24bc2a855202582ec29, cutoff<=2026-02-15T00:00:00+00:00",STRUCTURAL_RECONCILIATION_ONLY
oe_structural:2026:2026-02-15:6113d9e252dc,oe:team:fc8e90107dabb9a35c490b0d86adea0,oe:team:2e66da41dc460dd378e3bcc57042d31,period:0433ceb2175e1870c17a,2026.0,Lock-In,regular,2026-02-15,BO1,2026-02-14T21:11:50+00:00,HIGH_CONFIDENCE_STRUCTURAL,"season=2026, team=oe:team:fc8e90107dabb9a35c490b0d86adea0, cutoff<=2026-02-15T00:00:00+00:00",STRUCTURAL_RECONCILIATION_ONLY
oe_structural:2024:2024-02-11:a7b7697d2e92,oe:team:0dbb780176ecad18f17292d1f5653af,oe:team:e758ebe9a5a2cc81b9c8078479c2d87,period:06566a2ea584fecf6c15,2024.0,Spring,regular,2024-02-11,BO1,2024-02-10T21:07:54+00:00,HIGH_CONFIDENCE_STRUCTURAL,"season=2024, team=oe:team:0dbb780176ecad18f17292d1f5653af, cutoff<=2024-02-11T00:00:00+00:00",STRUCTURAL_RECONCILIATION_ONLY
oe_structural:2024:2024-02-11:7e4a082e2606,oe:team:2e66da41dc460dd378e3bcc57042d31,oe:team:c334c629fea759876e9e04afbe4aee7,period:06566a2ea584fecf6c15,2024.0,Spring,regular,2024-02-11,BO1,2024-02-10T21:07:54+00:00,HIGH_CONFIDENCE_STRUCTURAL,"season=2024, team=oe:team:2e66da41dc460dd378e3bcc57042d31, cutoff<=2024-02-11T00:00:00+00:00",STRUCTURAL_RECONCILIATION_ONLY
oe_structural:2024:2024-03-02:84bab55cb7cc,oe:team:2e66da41dc460dd378e3bcc57042d31,oe:team:fc8e90107dabb9a35c490b0d86adea0,period:06566a2ea584fecf6c15,2024.0,Spring,regular,2024-03-02,BO1,2024-02-10T21:07:54+00:00,HIGH_CONFIDENCE_STRUCTURAL,"season=2024, team=oe:team:2e66da41dc460dd378e3bcc57042d31, cutoff<=2024-03-02T00:00:00+00:00",STRUCTURAL_RECONCILIATION_ONLY
oe_structural:2024:2024-02-11:2cc5a58e351d,oe:team:4bd1751425ef6a9bc9d4d8e9385b4a6,oe:team:fc8e90107dabb9a35c490b0d86adea0,period:06566a2ea584fecf6c15,2024.0,Spring,regular,2024-02-11,BO1,2024-02-10T21:07:54+00:00,HIGH_CONFIDENCE_STRUCTURAL,"season=2024, team=oe:team:4bd1751425ef6a9bc9d4d8e9385b4a6, cutoff<=2024-02-11T00:00:00+00:00",STRUCTURAL_RECONCILIATION_ONLY
oe_structural:2024:2024-02-11:e454dfc0160b,oe:team:8eb884e168f28402ce685bedebb5250,oe:team:b360f1d729b0a8e0f29a5243c4200fa,period:06566a2ea584fecf6c15,2024.0,Spring,regular,2024-02-11,BO1,2024-02-10T21:07:54+00:00,HIGH_CONFIDENCE_STRUCTURAL,"season=2024, team=oe:team:8eb884e168f28402ce685bedebb5250, cutoff<=2024-02-11T00:00:00+00:00",STRUCTURAL_RECONCILIATION_ONLY
oe_structural:2024:2024-03-02:44cc4b3fdfa8,oe:team:8eb884e168f28402ce685bedebb5250,oe:team:e758ebe9a5a2cc81b9c8078479c2d87,period:06566a2ea584fecf6c15,2024.0,Spring,regular,2024-03-02,BO1,2024-02-10T21:07:54+00:00,HIGH_CONFIDENCE_STRUCTURAL,"season=2024, team=oe:team:8eb884e168f28402ce685bedebb5250, cutoff<=2024-03-02T00:00:00+00:00",STRUCTURAL_RECONCILIATION_ONLY
oe_structural:2024:2024-02-11:e454dfc0160b,oe:team:b360f1d729b0a8e0f29a5243c4200fa,oe:team:8eb884e168f28402ce685bedebb5250,period:06566a2ea584fecf6c15,2024.0,Spring,regular,2024-02-11,BO1,2024-02-10T21:07:54+00:00,HIGH_CONFIDENCE_STRUCTURAL,"season=2024, team=oe:team:b360f1d729b0a8e0f29a5243c4200fa, cutoff<=2024-02-11T00:00:00+00:00",STRUCTURAL_RECONCILIATION_ONLY
oe_structural:2024:2024-03-02:4a2a99fea1e0,oe:team:b360f1d729b0a8e0f29a5243c4200fa,oe:team:c334c629fea759876e9e04afbe4aee7,period:06566a2ea584fecf6c15,2024.0,Spring,regular,2024-03-02,BO1,2024-02-10T21:07:54+00:00,HIGH_CONFIDENCE_STRUCTURAL,"season=2024, team=oe:team:b360f1d729b0a8e0f29a5243c4200fa, cutoff<=2024-03-02T00:00:00+00:00",STRUCTURAL_RECONCILIATION_ONLY
oe_structural:2024:2024-02-11:7e4a082e2606,oe:team:c334c629fea759876e9e04afbe4aee7,oe:team:2e66da41dc460dd378e3bcc57042d31,period:06566a2ea584fecf6c15,2024.0,Spring,regular,2024-02-11,BO1,2024-02-10T21:07:54+00:00,HIGH_CONFIDENCE_STRUCTURAL,"season=2024, team=oe:team:c334c629fea759876e9e04afbe4aee7, cutoff<=2024-02-11T00:00:00+00:00",STRUCTURAL_RECONCILIATION_ONLY
oe_structural:2024:2024-03-02:4a2a99fea1e0,oe:team:c334c629fea759876e9e04afbe4aee7,oe:team:b360f1d729b0a8e0f29a5243c4200fa,period:06566a2ea584fecf6c15,2024.0,Spring,regular,2024-03-02,BO1,2024-02-10T21:07:54+00:00,HIGH_CONFIDENCE_STRUCTURAL,"season=2024, team=oe:team:c334c629fea759876e9e04afbe4aee7, cutoff<=2024-03-02T00:00:00+00:00",STRUCTURAL_RECONCILIATION_ONLY
oe_structural:2024:2024-02-11:a7b7697d2e92,oe:team:e758ebe9a5a2cc81b9c8078479c2d87,oe:team:0dbb780176ecad18f17292d1f5653af,period:06566a2ea584fecf6c15,2024.0,Spring,regular,2024-02-11,BO1,2024-02-10T21:07:54+00:00,HIGH_CONFIDENCE_STRUCTURAL,"season=2024, team=oe:team:e758ebe9a5a2cc81b9c8078479c2d87, cutoff<=2024-02-11T00:00:00+00:00",STRUCTURAL_RECONCILIATION_ONLY
oe_structural:2024:2024-03-02:44cc4b3fdfa8,oe:team:e758ebe9a5a2cc81b9c8078479c2d87,oe:team:8eb884e168f28402ce685bedebb5250,period:06566a2ea584fecf6c15,2024.0,Spring,regular,2024-03-02,BO1,2024-02-10T21:07:54+00:00,HIGH_CONFIDENCE_STRUCTURAL,"season=2024, team=oe:team:e758ebe9a5a2cc81b9c8078479c2d87, cutoff<=2024-03-02T00:00:00+00:00",STRUCTURAL_RECONCILIATION_ONLY
oe_structural:2024:2024-02-11:2cc5a58e351d,oe:team:fc8e90107dabb9a35c490b0d86adea0,oe:team:4bd1751425ef6a9bc9d4d8e9385b4a6,period:06566a2ea584fecf6c15,2024.0,Spring,regular,2024-02-11,BO1,2024-02-10T21:07:54+00:00,HIGH_CONFIDENCE_STRUCTURAL,"season=2024, team=oe:team:fc8e90107dabb9a35c490b0d86adea0, cutoff<=2024-02-11T00:00:00+00:00",STRUCTURAL_RECONCILIATION_ONLY
oe_structural:2024:2024-03-02:84bab55cb7cc,oe:team:fc8e90107dabb9a35c490b0d86adea0,oe:team:2e66da41dc460dd378e3bcc57042d31,period:06566a2ea584fecf6c15,2024.0,Spring,regular,2024-03-02,BO1,2024-02-10T21:07:54+00:00,HIGH_CONFIDENCE_STRUCTURAL,"season=2024, team=oe:team:fc8e90107dabb9a35c490b0d86adea0, cutoff<=2024-03-02T00:00:00+00:00",STRUCTURAL_RECONCILIATION_ONLY
oe_structural:2020:2020-08-15:3adc68f531c5,oe:team:0dbb780176ecad18f17292d1f5653af,oe:team:a22510a4756fa424cb0771b13261139,period:0836494c11a0b381c084,2020.0,Summer,playoffs,2020-08-15,BO5,2020-08-13T19:38:23+00:00,HIGH_CONFIDENCE_STRUCTURAL,"season=2020, team=oe:team:0dbb780176ecad18f17292d1f5653af, cutoff<=2020-08-15T00:00:00+00:00",STRUCTURAL_RECONCILIATION_ONLY
oe_structural:2020:2020-08-14:603abeb8637c,oe:team:2e66da41dc460dd378e3bcc57042d31,oe:team:f7f7324c151aa6ed770b244ce08e027,period:0836494c11a0b381c084,2020.0,Summer,playoffs,2020-08-14,BO5,2020-08-13T19:38:23+00:00,HIGH_CONFIDENCE_STRUCTURAL,"season=2020, team=oe:team:2e66da41dc460dd378e3bcc57042d31, cutoff<=2020-08-14T00:00:00+00:00",STRUCTURAL_RECONCILIATION_ONLY
oe_structural:2020:2020-08-15:3d10e4e97c2c,oe:team:2e66da41dc460dd378e3bcc57042d31,oe:team:f7f7324c151aa6ed770b244ce08e027,period:0836494c11a0b381c084,2020.0,Summer,playoffs,2020-08-15,BO5,2020-08-13T19:38:23+00:00,HIGH_CONFIDENCE_STRUCTURAL,"season=2020, team=oe:team:2e66da41dc460dd378e3bcc57042d31, cutoff<=2020-08-15T00:00:00+00:00",STRUCTURAL_RECONCILIATION_ONLY
oe_structural:2020:2020-08-20:642930f34142,oe:team:2e66da41dc460dd378e3bcc57042d31,oe:team:fc8e90107dabb9a35c490b0d86adea0,period:0836494c11a0b381c084,2020.0,Summer,playoffs,2020-08-20,BO5,2020-08-13T19:38:23+00:00,HIGH_CONFIDENCE_STRUCTURAL,"season=2020, team=oe:team:2e66da41dc460dd378e3bcc57042d31, cutoff<=2020-08-20T00:00:00+00:00",STRUCTURAL_RECONCILIATION_ONLY
oe_structural:2020:2020-08-16:2e378dfa3868,oe:team:4bd1751425ef6a9bc9d4d8e9385b4a6,oe:team:f7f7324c151aa6ed770b244ce08e027,period:0836494c11a0b381c084,2020.0,Summer,playoffs,2020-08-16,BO5,2020-08-13T19:38:23+00:00,HIGH_CONFIDENCE_STRUCTURAL,"season=2020, team=oe:team:4bd1751425ef6a9bc9d4d8e9385b4a6, cutoff<=2020-08-16T00:00:00+00:00",STRUCTURAL_RECONCILIATION_ONLY
oe_structural:2020:2020-08-15:3adc68f531c5,oe:team:a22510a4756fa424cb0771b13261139,oe:team:0dbb780176ecad18f17292d1f5653af,period:0836494c11a0b381c084,2020.0,Summer,playoffs,2020-08-15,BO5,2020-08-13T19:38:23+00:00,HIGH_CONFIDENCE_STRUCTURAL,"season=2020, team=oe:team:a22510a4756fa424cb0771b13261139, cutoff<=2020-08-15T00:00:00+00:00",STRUCTURAL_RECONCILIATION_ONLY
oe_structural:2020:2020-08-14:603abeb8637c,oe:team:f7f7324c151aa6ed770b244ce08e027,oe:team:2e66da41dc460dd378e3bcc57042d31,period:0836494c11a0b381c084,2020.0,Summer,playoffs,2020-08-14,BO5,2020-08-13T19:38:23+00:00,HIGH_CONFIDENCE_STRUCTURAL,"season=2020, team=oe:team:f7f7324c151aa6ed770b244ce08e027, cutoff<=2020-08-14T00:00:00+00:00",STRUCTURAL_RECONCILIATION_ONLY
oe_structural:2020:2020-08-15:3d10e4e97c2c,oe:team:f7f7324c151aa6ed770b244ce08e027,oe:team:2e66da41dc460dd378e3bcc57042d31,period:0836494c11a0b381c084,2020.0,Summer,playoffs,2020-08-15,BO5,2020-08-13T19:38:23+00:00,HIGH_CONFIDENCE_STRUCTURAL,"season=2020, team=oe:team:f7f7324c151aa6ed770b244ce08e027, cutoff<=2020-08-15T00:00:00+00:00",STRUCTURAL_RECONCILIATION_ONLY
oe_structural:2020:2020-08-16:2e378dfa3868,oe:team:f7f7324c151aa6ed770b244ce08e027,oe:team:4bd1751425ef6a9bc9d4d8e9385b4a6,period:0836494c11a0b381c084,2020.0,Summer,playoffs,2020-08-16,BO5,2020-08-13T19:38:23+00:00,HIGH_CONFIDENCE_STRUCTURAL,"season=2020, team=oe:team:f7f7324c151aa6ed770b244ce08e027, cutoff<=2020-08-16T00:00:00+00:00",STRUCTURAL_RECONCILIATION_ONLY
oe_structural:2026:2026-05-09:90197c708e72,oe:team:0dbb780176ecad18f17292d1f5653af,oe:team:289284911fb6f41c0ccaecc3a0c2891,period:0a890f671f8ce6bbde59,2026.0,Spring,regular,2026-05-09,BO1,2026-05-02T20:10:20+00:00,HIGH_CONFIDENCE_STRUCTURAL,"season=2026, team=oe:team:0dbb780176ecad18f17292d1f5653af, cutoff<=2026-05-09T00:00:00+00:00",STRUCTURAL_RECONCILIATION_ONLY
oe_structural:2026:2026-05-09:90197c708e72,oe:team:289284911fb6f41c0ccaecc3a0c2891,oe:team:0dbb780176ecad18f17292d1f5653af,period:0a890f671f8ce6bbde59,2026.0,Spring,regular,2026-05-09,BO1,2026-05-02T20:10:20+00:00,HIGH_CONFIDENCE_STRUCTURAL,"season=2026, team=oe:team:289284911fb6f41c0ccaecc3a0c2891, cutoff<=2026-05-09T00:00:00+00:00",STRUCTURAL_RECONCILIATION_ONLY
oe_structural:2026:2026-05-03:15c4f0e88fab,oe:team:2e66da41dc460dd378e3bcc57042d31,oe:team:b360f1d729b0a8e0f29a5243c4200fa,period:0a890f671f8ce6bbde59,2026.0,Spring,regular,2026-05-03,BO1,2026-05-02T20:10:20+00:00,HIGH_CONFIDENCE_STRUCTURAL,"season=2026, team=oe:team:2e66da41dc460dd378e3bcc57042d31, cutoff<=2026-05-03T00:00:00+00:00",STRUCTURAL_RECONCILIATION_ONLY
oe_structural:2026:2026-05-03:15c4f0e88fab,oe:team:b360f1d729b0a8e0f29a5243c4200fa,oe:team:2e66da41dc460dd378e3bcc57042d31,period:0a890f671f8ce6bbde59,2026.0,Spring,regular,2026-05-03,BO1,2026-05-02T20:10:20+00:00,HIGH_CONFIDENCE_STRUCTURAL,"season=2026, team=oe:team:b360f1d729b0a8e0f29a5243c4200fa, cutoff<=2026-05-03T00:00:00+00:00",STRUCTURAL_RECONCILIATION_ONLY
oe_structural:2026:2026-05-09:471eea01e1ac,oe:team:b360f1d729b0a8e0f29a5243c4200fa,oe:team:f90422f1cbcb24bc2a855202582ec29,period:0a890f671f8ce6bbde59,2026.0,Spring,regular,2026-05-09,BO1,2026-05-02T20:10:20+00:00,HIGH_CONFIDENCE_STRUCTURAL,"season=2026, team=oe:team:b360f1d729b0a8e0f29a5243c4200fa, cutoff<=2026-05-09T00:00:00+00:00",STRUCTURAL_RECONCILIATION_ONLY
oe_structural:2026:2026-05-03:f740f89f3945,oe:team:da1143bf9a245b78a8dc86417de85b3,oe:team:f90422f1cbcb24bc2a855202582ec29,period:0a890f671f8ce6bbde59,2026.0,Spring,regular,2026-05-03,BO1,2026-05-02T20:10:20+00:00,HIGH_CONFIDENCE_STRUCTURAL,"season=2026, team=oe:team:da1143bf9a245b78a8dc86417de85b3, cutoff<=2026-05-03T00:00:00+00:00",STRUCTURAL_RECONCILIATION_ONLY
oe_structural:2026:2026-05-03:f740f89f3945,oe:team:f90422f1cbcb24bc2a855202582ec29,oe:team:da1143bf9a245b78a8dc86417de85b3,period:0a890f671f8ce6bbde59,2026.0,Spring,regular,2026-05-03,BO1,2026-05-02T20:10:20+00:00,HIGH_CONFIDENCE_STRUCTURAL,"season=2026, team=oe:team:f90422f1cbcb24bc2a855202582ec29, cutoff<=2026-05-03T00:00:00+00:00",STRUCTURAL_RECONCILIATION_ONLY
oe_structural:2026:2026-05-09:471eea01e1ac,oe:team:f90422f1cbcb24bc2a855202582ec29,oe:team:b360f1d729b0a8e0f29a5243c4200fa,period:0a890f671f8ce6bbde59,2026.0,Spring,regular,2026-05-09,BO1,2026-05-02T20:10:20+00:00,HIGH_CONFIDENCE_STRUCTURAL,"season=2026, team=oe:team:f90422f1cbcb24bc2a855202582ec29, cutoff<=2026-05-09T00:00:00+00:00",STRUCTURAL_RECONCILIATION_ONLY
oe_structural:2024:2024-03-31:19ae50181c56,oe:team:2e66da41dc460dd378e3bcc57042d31,oe:team:8eb884e168f28402ce685bedebb5250,period:0c3bfca85acd014e625d,2024.0,Spring,playoffs,2024-03-31,BO5,2024-03-30T20:22:30+00:00,HIGH_CONFIDENCE_STRUCTURAL,"season=2024, team=oe:team:2e66da41dc460dd378e3bcc57042d31, cutoff<=2024-03-31T00:00:00+00:00",STRUCTURAL_RECONCILIATION_ONLY
oe_structural:2024:2024-06-15:add61d9c87b5,oe:team:2e66da41dc460dd378e3bcc57042d31,oe:team:8eb884e168f28402ce685bedebb5250,period:0c3bfca85acd014e625d,2024.0,Summer,regular,2024-06-15,BO3,2024-03-30T20:22:30+00:00,HIGH_CONFIDENCE_STRUCTURAL,"season=2024, team=oe:team:2e66da41dc460dd378e3bcc57042d31, cutoff<=2024-06-15T00:00:00+00:00",STRUCTURAL_RECONCILIATION_ONLY
oe_structural:2024:2024-03-31:19ae50181c56,oe:team:8eb884e168f28402ce685bedebb5250,oe:team:2e66da41dc460dd378e3bcc57042d31,period:0c3bfca85acd014e625d,2024.0,Spring,playoffs,2024-03-31,BO5,2024-03-30T20:22:30+00:00,HIGH_CONFIDENCE_STRUCTURAL,"season=2024, team=oe:team:8eb884e168f28402ce685bedebb5250, cutoff<=2024-03-31T00:00:00+00:00",STRUCTURAL_RECONCILIATION_ONLY
oe_structural:2024:2024-06-15:add61d9c87b5,oe:team:8eb884e168f28402ce685bedebb5250,oe:team:2e66da41dc460dd378e3bcc57042d31,period:0c3bfca85acd014e625d,2024.0,Summer,regular,2024-06-15,BO3,2024-03-30T20:22:30+00:00,HIGH_CONFIDENCE_STRUCTURAL,"season=2024, team=oe:team:8eb884e168f28402ce685bedebb5250, cutoff<=2024-06-15T00:00:00+00:00",STRUCTURAL_RECONCILIATION_ONLY
oe_structural:2024:2024-06-15:8aa191d3b28c,oe:team:fc8e90107dabb9a35c490b0d86adea0,oe:team:0dbb780176ecad18f17292d1f5653af,period:0c3bfca85acd014e625d,2024.0,Summer,regular,2024-06-15,BO3,2024-03-30T20:22:30+00:00,HIGH_CONFIDENCE_STRUCTURAL,"season=2024, team=oe:team:fc8e90107dabb9a35c490b0d86adea0, cutoff<=2024-06-15T00:00:00+00:00",STRUCTURAL_RECONCILIATION_ONLY
oe_structural:2024:2024-07-27:5f49c3b298b2,oe:team:0dbb780176ecad18f17292d1f5653af,oe:team:b360f1d729b0a8e0f29a5243c4200fa,period:0f3dd675ff7b55987f43,2024.0,Summer,regular,2024-07-27,BO3,2024-07-20T20:10:15+00:00,HIGH_CONFIDENCE_STRUCTURAL,"season=2024, team=oe:team:0dbb780176ecad18f17292d1f5653af, cutoff<=2024-07-27T00:00:00+00:00",STRUCTURAL_RECONCILIATION_ONLY
oe_structural:2024:2024-07-21:36995a656b68,oe:team:4bd1751425ef6a9bc9d4d8e9385b4a6,oe:team:fc8e90107dabb9a35c490b0d86adea0,period:0f3dd675ff7b55987f43,2024.0,Summer,regular,2024-07-21,BO3,2024-07-20T20:10:15+00:00,HIGH_CONFIDENCE_STRUCTURAL,"season=2024, team=oe:team:4bd1751425ef6a9bc9d4d8e9385b4a6, cutoff<=2024-07-21T00:00:00+00:00",STRUCTURAL_RECONCILIATION_ONLY
oe_structural:2024:2024-07-21:c2e52bbcd06d,oe:team:b360f1d729b0a8e0f29a5243c4200fa,oe:team:e758ebe9a5a2cc81b9c8078479c2d87,period:0f3dd675ff7b55987f43,2024.0,Summer,regular,2024-07-21,BO3,2024-07-20T20:10:15+00:00,HIGH_CONFIDENCE_STRUCTURAL,"season=2024, team=oe:team:b360f1d729b0a8e0f29a5243c4200fa, cutoff<=2024-07-21T00:00:00+00:00",STRUCTURAL_RECONCILIATION_ONLY
oe_structural:2024:2024-07-27:5f49c3b298b2,oe:team:b360f1d729b0a8e0f29a5243c4200fa,oe:team:0dbb780176ecad18f17292d1f5653af,period:0f3dd675ff7b55987f43,2024.0,Summer,regular,2024-07-27,BO3,2024-07-20T20:10:15+00:00,HIGH_CONFIDENCE_STRUCTURAL,"season=2024, team=oe:team:b360f1d729b0a8e0f29a5243c4200fa, cutoff<=2024-07-27T00:00:00+00:00",STRUCTURAL_RECONCILIATION_ONLY
oe_structural:2024:2024-07-21:c2e52bbcd06d,oe:team:e758ebe9a5a2cc81b9c8078479c2d87,oe:team:b360f1d729b0a8e0f29a5243c4200fa,period:0f3dd675ff7b55987f43,2024.0,Summer,regular,2024-07-21,BO3,2024-07-20T20:10:15+00:00,HIGH_CONFIDENCE_STRUCTURAL,"season=2024, team=oe:team:e758ebe9a5a2cc81b9c8078479c2d87, cutoff<=2024-07-21T00:00:00+00:00",STRUCTURAL_RECONCILIATION_ONLY
oe_structural:2024:2024-07-27:665bfcab3e86,oe:team:e758ebe9a5a2cc81b9c8078479c2d87,oe:team:fc8e90107dabb9a35c490b0d86adea0,period:0f3dd675ff7b55987f43,2024.0,Summer,regular,2024-07-27,BO3,2024-07-20T20:10:15+00:00,HIGH_CONFIDENCE_STRUCTURAL,"season=2024, team=oe:team:e758ebe9a5a2cc81b9c8078479c2d87, cutoff<=2024-07-27T00:00:00+00:00",STRUCTURAL_RECONCILIATION_ONLY
oe_structural:2024:2024-07-21:36995a656b68,oe:team:fc8e90107dabb9a35c490b0d86adea0,oe:team:4bd1751425ef6a9bc9d4d8e9385b4a6,period:0f3dd675ff7b55987f43,2024.0,Summer,regular,2024-07-21,BO3,2024-07-20T20:10:15+00:00,HIGH_CONFIDENCE_STRUCTURAL,"season=2024, team=oe:team:fc8e90107dabb9a35c490b0d86adea0, cutoff<=2024-07-21T00:00:00+00:00",STRUCTURAL_RECONCILIATION_ONLY
oe_structural:2024:2024-07-27:665bfcab3e86,oe:team:fc8e90107dabb9a35c490b0d86adea0,oe:team:e758ebe9a5a2cc81b9c8078479c2d87,period:0f3dd675ff7b55987f43,2024.0,Summer,regular,2024-07-27,BO3,2024-07-20T20:10:15+00:00,HIGH_CONFIDENCE_STRUCTURAL,"season=2024, team=oe:team:fc8e90107dabb9a35c490b0d86adea0, cutoff<=2024-07-27T00:00:00+00:00",STRUCTURAL_RECONCILIATION_ONLY
oe_structural:2021:2021-06-19:89994b45cecb,oe:team:0dbb780176ecad18f17292d1f5653af,oe:team:87ee02298073abc2d55060f097d4041,period:111e9dfa6ccd70cbab3b,2021.0,Summer,regular,2021-06-19,BO1,2021-06-18T21:02:38+00:00,HIGH_CONFIDENCE_STRUCTURAL,"season=2021, team=oe:team:0dbb780176ecad18f17292d1f5653af, cutoff<=2021-06-19T00:00:00+00:00",STRUCTURAL_RECONCILIATION_ONLY
oe_structural:2021:2021-06-19:bc0657f65c8b,oe:team:0dbb780176ecad18f17292d1f5653af,oe:team:a22510a4756fa424cb0771b13261139,period:111e9dfa6ccd70cbab3b,2021.0,Summer,regular,2021-06-19,BO1,2021-06-18T21:02:38+00:00,HIGH_CONFIDENCE_STRUCTURAL,"season=2021, team=oe:team:0dbb780176ecad18f17292d1f5653af, cutoff<=2021-06-19T00:00:00+00:00",STRUCTURAL_RECONCILIATION_ONLY
oe_structural:2021:2021-06-20:599415aec8ed,oe:team:0dbb780176ecad18f17292d1f5653af,oe:team:cbfaf0ca2181f0903d2fcceb6c28f3b,period:111e9dfa6ccd70cbab3b,2021.0,Summer,regular,2021-06-20,BO1,2021-06-18T21:02:38+00:00,HIGH_CONFIDENCE_STRUCTURAL,"season=2021, team=oe:team:0dbb780176ecad18f17292d1f5653af, cutoff<=2021-06-20T00:00:00+00:00",STRUCTURAL_RECONCILIATION_ONLY
oe_structural:2021:2021-06-25:2145e40a2bf2,oe:team:0dbb780176ecad18f17292d1f5653af,oe:team:4bd1751425ef6a9bc9d4d8e9385b4a6,period:111e9dfa6ccd70cbab3b,2021.0,Summer,regular,2021-06-25,BO1,2021-06-18T21:02:38+00:00,HIGH_CONFIDENCE_STRUCTURAL,"season=2021, team=oe:team:0dbb780176ecad18f17292d1f5653af, cutoff<=2021-06-25T00:00:00+00:00",STRUCTURAL_RECONCILIATION_ONLY
oe_structural:2021:2021-06-20:21099fa11506,oe:team:2e66da41dc460dd378e3bcc57042d31,oe:team:4bd1751425ef6a9bc9d4d8e9385b4a6,period:111e9dfa6ccd70cbab3b,2021.0,Summer,regular,2021-06-20,BO1,2021-06-18T21:02:38+00:00,HIGH_CONFIDENCE_STRUCTURAL,"season=2021, team=oe:team:2e66da41dc460dd378e3bcc57042d31, cutoff<=2021-06-20T00:00:00+00:00",STRUCTURAL_RECONCILIATION_ONLY
oe_structural:2021:2021-06-20:f78338e13d2b,oe:team:2e66da41dc460dd378e3bcc57042d31,oe:team:c334c629fea759876e9e04afbe4aee7,period:111e9dfa6ccd70cbab3b,2021.0,Summer,regular,2021-06-20,BO1,2021-06-18T21:02:38+00:00,HIGH_CONFIDENCE_STRUCTURAL,"season=2021, team=oe:team:2e66da41dc460dd378e3bcc57042d31, cutoff<=2021-06-20T00:00:00+00:00",STRUCTURAL_RECONCILIATION_ONLY
oe_structural:2021:2021-06-19:94dd7fc01663,oe:team:4bd1751425ef6a9bc9d4d8e9385b4a6,oe:team:cbfaf0ca2181f0903d2fcceb6c28f3b,period:111e9dfa6ccd70cbab3b,2021.0,Summer,regular,2021-06-19,BO1,2021-06-18T21:02:38+00:00,HIGH_CONFIDENCE_STRUCTURAL,"season=2021, team=oe:team:4bd1751425ef6a9bc9d4d8e9385b4a6, cutoff<=2021-06-19T00:00:00+00:00",STRUCTURAL_RECONCILIATION_ONLY
oe_structural:2021:2021-06-20:21099fa11506,oe:team:4bd1751425ef6a9bc9d4d8e9385b4a6,oe:team:2e66da41dc460dd378e3bcc57042d31,period:111e9dfa6ccd70cbab3b,2021.0,Summer,regular,2021-06-20,BO1,2021-06-18T21:02:38+00:00,HIGH_CONFIDENCE_STRUCTURAL,"season=2021, team=oe:team:4bd1751425ef6a9bc9d4d8e9385b4a6, cutoff<=2021-06-20T00:00:00+00:00",STRUCTURAL_RECONCILIATION_ONLY
oe_structural:2021:2021-06-20:e7c7f7b2e36d,oe:team:4bd1751425ef6a9bc9d4d8e9385b4a6,oe:team:8eb884e168f28402ce685bedebb5250,period:111e9dfa6ccd70cbab3b,2021.0,Summer,regular,2021-06-20,BO1,2021-06-18T21:02:38+00:00,HIGH_CONFIDENCE_STRUCTURAL,"season=2021, team=oe:team:4bd1751425ef6a9bc9d4d8e9385b4a6, cutoff<=2021-06-20T00:00:00+00:00",STRUCTURAL_RECONCILIATION_ONLY
oe_structural:2021:2021-06-25:2145e40a2bf2,oe:team:4bd1751425ef6a9bc9d4d8e9385b4a6,oe:team:0dbb780176ecad18f17292d1f5653af,period:111e9dfa6ccd70cbab3b,2021.0,Summer,regular,2021-06-25,BO1,2021-06-18T21:02:38+00:00,HIGH_CONFIDENCE_STRUCTURAL,"season=2021, team=oe:team:4bd1751425ef6a9bc9d4d8e9385b4a6, cutoff<=2021-06-25T00:00:00+00:00",STRUCTURAL_RECONCILIATION_ONLY
oe_structural:2021:2021-06-19:89994b45cecb,oe:team:87ee02298073abc2d55060f097d4041,oe:team:0dbb780176ecad18f17292d1f5653af,period:111e9dfa6ccd70cbab3b,2021.0,Summer,regular,2021-06-19,BO1,2021-06-18T21:02:38+00:00,HIGH_CONFIDENCE_STRUCTURAL,"season=2021, team=oe:team:87ee02298073abc2d55060f097d4041, cutoff<=2021-06-19T00:00:00+00:00",STRUCTURAL_RECONCILIATION_ONLY
oe_structural:2021:2021-06-20:d23d300b3911,oe:team:87ee02298073abc2d55060f097d4041,oe:team:8eb884e168f28402ce685bedebb5250,period:111e9dfa6ccd70cbab3b,2021.0,Summer,regular,2021-06-20,BO1,2021-06-18T21:02:38+00:00,HIGH_CONFIDENCE_STRUCTURAL,"season=2021, team=oe:team:87ee02298073abc2d55060f097d4041, cutoff<=2021-06-20T00:00:00+00:00",STRUCTURAL_RECONCILIATION_ONLY
oe_structural:2021:2021-06-21:b05e1876b4fc,oe:team:87ee02298073abc2d55060f097d4041,oe:team:f7f7324c151aa6ed770b244ce08e027,period:111e9dfa6ccd70cbab3b,2021.0,Summer,regular,2021-06-21,BO1,2021-06-18T21:02:38+00:00,HIGH_CONFIDENCE_STRUCTURAL,"season=2021, team=oe:team:87ee02298073abc2d55060f097d4041, cutoff<=2021-06-21T00:00:00+00:00",STRUCTURAL_RECONCILIATION_ONLY
oe_structural:2021:2021-06-20:d23d300b3911,oe:team:8eb884e168f28402ce685bedebb5250,oe:team:87ee02298073abc2d55060f097d4041,period:111e9dfa6ccd70cbab3b,2021.0,Summer,regular,2021-06-20,BO1,2021-06-18T21:02:38+00:00,HIGH_CONFIDENCE_STRUCTURAL,"season=2021, team=oe:team:8eb884e168f28402ce685bedebb5250, cutoff<=2021-06-20T00:00:00+00:00",STRUCTURAL_RECONCILIATION_ONLY
oe_structural:2021:2021-06-20:e7c7f7b2e36d,oe:team:8eb884e168f28402ce685bedebb5250,oe:team:4bd1751425ef6a9bc9d4d8e9385b4a6,period:111e9dfa6ccd70cbab3b,2021.0,Summer,regular,2021-06-20,BO1,2021-06-18T21:02:38+00:00,HIGH_CONFIDENCE_STRUCTURAL,"season=2021, team=oe:team:8eb884e168f28402ce685bedebb5250, cutoff<=2021-06-20T00:00:00+00:00",STRUCTURAL_RECONCILIATION_ONLY
oe_structural:2021:2021-06-25:ed4172f27dd1,oe:team:8eb884e168f28402ce685bedebb5250,oe:team:f7f7324c151aa6ed770b244ce08e027,period:111e9dfa6ccd70cbab3b,2021.0,Summer,regular,2021-06-25,BO1,2021-06-18T21:02:38+00:00,HIGH_CONFIDENCE_STRUCTURAL,"season=2021, team=oe:team:8eb884e168f28402ce685bedebb5250, cutoff<=2021-06-25T00:00:00+00:00",STRUCTURAL_RECONCILIATION_ONLY
oe_structural:2021:2021-06-19:bc0657f65c8b,oe:team:a22510a4756fa424cb0771b13261139,oe:team:0dbb780176ecad18f17292d1f5653af,period:111e9dfa6ccd70cbab3b,2021.0,Summer,regular,2021-06-19,BO1,2021-06-18T21:02:38+00:00,HIGH_CONFIDENCE_STRUCTURAL,"season=2021, team=oe:team:a22510a4756fa424cb0771b13261139, cutoff<=2021-06-19T00:00:00+00:00",STRUCTURAL_RECONCILIATION_ONLY
oe_structural:2021:2021-06-20:97b1e3035afb,oe:team:a22510a4756fa424cb0771b13261139,oe:team:fc8e90107dabb9a35c490b0d86adea0,period:111e9dfa6ccd70cbab3b,2021.0,Summer,regular,2021-06-20,BO1,2021-06-18T21:02:38+00:00,HIGH_CONFIDENCE_STRUCTURAL,"season=2021, team=oe:team:a22510a4756fa424cb0771b13261139, cutoff<=2021-06-20T00:00:00+00:00",STRUCTURAL_RECONCILIATION_ONLY
oe_structural:2021:2021-06-19:9b1dd023e40c,oe:team:c334c629fea759876e9e04afbe4aee7,oe:team:fc8e90107dabb9a35c490b0d86adea0,period:111e9dfa6ccd70cbab3b,2021.0,Summer,regular,2021-06-19,BO1,2021-06-18T21:02:38+00:00,HIGH_CONFIDENCE_STRUCTURAL,"season=2021, team=oe:team:c334c629fea759876e9e04afbe4aee7, cutoff<=2021-06-19T00:00:00+00:00",STRUCTURAL_RECONCILIATION_ONLY
oe_structural:2021:2021-06-20:f78338e13d2b,oe:team:c334c629fea759876e9e04afbe4aee7,oe:team:2e66da41dc460dd378e3bcc57042d31,period:111e9dfa6ccd70cbab3b,2021.0,Summer,regular,2021-06-20,BO1,2021-06-18T21:02:38+00:00,HIGH_CONFIDENCE_STRUCTURAL,"season=2021, team=oe:team:c334c629fea759876e9e04afbe4aee7, cutoff<=2021-06-20T00:00:00+00:00",STRUCTURAL_RECONCILIATION_ONLY
oe_structural:2021:2021-06-19:15e28909c1bc,oe:team:cbfaf0ca2181f0903d2fcceb6c28f3b,oe:team:f7f7324c151aa6ed770b244ce08e027,period:111e9dfa6ccd70cbab3b,2021.0,Summer,regular,2021-06-19,BO1,2021-06-18T21:02:38+00:00,HIGH_CONFIDENCE_STRUCTURAL,"season=2021, team=oe:team:cbfaf0ca2181f0903d2fcceb6c28f3b, cutoff<=2021-06-19T00:00:00+00:00",STRUCTURAL_RECONCILIATION_ONLY
oe_structural:2021:2021-06-19:94dd7fc01663,oe:team:cbfaf0ca2181f0903d2fcceb6c28f3b,oe:team:4bd1751425ef6a9bc9d4d8e9385b4a6,period:111e9dfa6ccd70cbab3b,2021.0,Summer,regular,2021-06-19,BO1,2021-06-18T21:02:38+00:00,HIGH_CONFIDENCE_STRUCTURAL,"season=2021, team=oe:team:cbfaf0ca2181f0903d2fcceb6c28f3b, cutoff<=2021-06-19T00:00:00+00:00",STRUCTURAL_RECONCILIATION_ONLY
oe_structural:2021:2021-06-20:599415aec8ed,oe:team:cbfaf0ca2181f0903d2fcceb6c28f3b,oe:team:0dbb780176ecad18f17292d1f5653af,period:111e9dfa6ccd70cbab3b,2021.0,Summer,regular,2021-06-20,BO1,2021-06-18T21:02:38+00:00,HIGH_CONFIDENCE_STRUCTURAL,"season=2021, team=oe:team:cbfaf0ca2181f0903d2fcceb6c28f3b, cutoff<=2021-06-20T00:00:00+00:00",STRUCTURAL_RECONCILIATION_ONLY
oe_structural:2021:2021-06-19:15e28909c1bc,oe:team:f7f7324c151aa6ed770b244ce08e027,oe:team:cbfaf0ca2181f0903d2fcceb6c28f3b,period:111e9dfa6ccd70cbab3b,2021.0,Summer,regular,2021-06-19,BO1,2021-06-18T21:02:38+00:00,HIGH_CONFIDENCE_STRUCTURAL,"season=2021, team=oe:team:f7f7324c151aa6ed770b244ce08e027, cutoff<=2021-06-19T00:00:00+00:00",STRUCTURAL_RECONCILIATION_ONLY
oe_structural:2021:2021-06-21:b05e1876b4fc,oe:team:f7f7324c151aa6ed770b244ce08e027,oe:team:87ee02298073abc2d55060f097d4041,period:111e9dfa6ccd70cbab3b,2021.0,Summer,regular,2021-06-21,BO1,2021-06-18T21:02:38+00:00,HIGH_CONFIDENCE_STRUCTURAL,"season=2021, team=oe:team:f7f7324c151aa6ed770b244ce08e027, cutoff<=2021-06-21T00:00:00+00:00",STRUCTURAL_RECONCILIATION_ONLY
oe_structural:2021:2021-06-25:ed4172f27dd1,oe:team:f7f7324c151aa6ed770b244ce08e027,oe:team:8eb884e168f28402ce685bedebb5250,period:111e9dfa6ccd70cbab3b,2021.0,Summer,regular,2021-06-25,BO1,2021-06-18T21:02:38+00:00,HIGH_CONFIDENCE_STRUCTURAL,"season=2021, team=oe:team:f7f7324c151aa6ed770b244ce08e027, cutoff<=2021-06-25T00:00:00+00:00",STRUCTURAL_RECONCILIATION_ONLY
oe_structural:2021:2021-06-19:9b1dd023e40c,oe:team:fc8e90107dabb9a35c490b0d86adea0,oe:team:c334c629fea759876e9e04afbe4aee7,period:111e9dfa6ccd70cbab3b,2021.0,Summer,regular,2021-06-19,BO1,2021-06-18T21:02:38+00:00,HIGH_CONFIDENCE_STRUCTURAL,"season=2021, team=oe:team:fc8e90107dabb9a35c490b0d86adea0, cutoff<=2021-06-19T00:00:00+00:00",STRUCTURAL_RECONCILIATION_ONLY
oe_structural:2021:2021-06-20:97b1e3035afb,oe:team:fc8e90107dabb9a35c490b0d86adea0,oe:team:a22510a4756fa424cb0771b13261139,period:111e9dfa6ccd70cbab3b,2021.0,Summer,regular,2021-06-20,BO1,2021-06-18T21:02:38+00:00,HIGH_CONFIDENCE_STRUCTURAL,"season=2021, team=oe:team:fc8e90107dabb9a35c490b0d86adea0, cutoff<=2021-06-20T00:00:00+00:00",STRUCTURAL_RECONCILIATION_ONLY
oe_structural:2020:2020-03-08:eb6735e067bd,oe:team:0dbb780176ecad18f17292d1f5653af,oe:team:87ee02298073abc2d55060f097d4041,period:14606e5066005561df07,2020.0,Spring,regular,2020-03-08,BO1,2020-03-07T21:40:12+00:00,HIGH_CONFIDENCE_STRUCTURAL,"season=2020, team=oe:team:0dbb780176ecad18f17292d1f5653af, cutoff<=2020-03-08T00:00:00+00:00",STRUCTURAL_RECONCILIATION_ONLY
oe_structural:2020:2020-03-08:23ad68aadd75,oe:team:2e66da41dc460dd378e3bcc57042d31,oe:team:a22510a4756fa424cb0771b13261139,period:14606e5066005561df07,2020.0,Spring,regular,2020-03-08,BO1,2020-03-07T21:40:12+00:00,HIGH_CONFIDENCE_STRUCTURAL,"season=2020, team=oe:team:2e66da41dc460dd378e3bcc57042d31, cutoff<=2020-03-08T00:00:00+00:00",STRUCTURAL_RECONCILIATION_ONLY
oe_structural:2020:2020-03-08:587b9a5e4920,oe:team:2e66da41dc460dd378e3bcc57042d31,oe:team:f7f7324c151aa6ed770b244ce08e027,period:14606e5066005561df07,2020.0,Spring,regular,2020-03-08,BO1,2020-03-07T21:40:12+00:00,HIGH_CONFIDENCE_STRUCTURAL,"season=2020, team=oe:team:2e66da41dc460dd378e3bcc57042d31, cutoff<=2020-03-08T00:00:00+00:00",STRUCTURAL_RECONCILIATION_ONLY
oe_structural:2020:2020-03-08:caa0bcbd676b,oe:team:4bd1751425ef6a9bc9d4d8e9385b4a6,oe:team:c334c629fea759876e9e04afbe4aee7,period:14606e5066005561df07,2020.0,Spring,regular,2020-03-08,BO1,2020-03-07T21:40:12+00:00,HIGH_CONFIDENCE_STRUCTURAL,"season=2020, team=oe:team:4bd1751425ef6a9bc9d4d8e9385b4a6, cutoff<=2020-03-08T00:00:00+00:00",STRUCTURAL_RECONCILIATION_ONLY
oe_structural:2020:2020-03-21:068fdf28aaa4,oe:team:4bd1751425ef6a9bc9d4d8e9385b4a6,oe:team:fc8e90107dabb9a35c490b0d86adea0,period:14606e5066005561df07,2020.0,Spring,regular,2020-03-21,BO1,2020-03-07T21:40:12+00:00,HIGH_CONFIDENCE_STRUCTURAL,"season=2020, team=oe:team:4bd1751425ef6a9bc9d4d8e9385b4a6, cutoff<=2020-03-21T00:00:00+00:00",STRUCTURAL_RECONCILIATION_ONLY
oe_structural:2020:2020-03-08:eb6735e067bd,oe:team:87ee02298073abc2d55060f097d4041,oe:team:0dbb780176ecad18f17292d1f5653af,period:14606e5066005561df07,2020.0,Spring,regular,2020-03-08,BO1,2020-03-07T21:40:12+00:00,HIGH_CONFIDENCE_STRUCTURAL,"season=2020, team=oe:team:87ee02298073abc2d55060f097d4041, cutoff<=2020-03-08T00:00:00+00:00",STRUCTURAL_RECONCILIATION_ONLY
oe_structural:2020:2020-03-10:53ebfbf4831f,oe:team:87ee02298073abc2d55060f097d4041,oe:team:fc8e90107dabb9a35c490b0d86adea0,period:14606e5066005561df07,2020.0,Spring,regular,2020-03-10,BO1,2020-03-07T21:40:12+00:00,HIGH_CONFIDENCE_STRUCTURAL,"season=2020, team=oe:team:87ee02298073abc2d55060f097d4041, cutoff<=2020-03-10T00:00:00+00:00",STRUCTURAL_RECONCILIATION_ONLY
oe_structural:2020:2020-03-21:61db43d93529,oe:team:87ee02298073abc2d55060f097d4041,oe:team:a22510a4756fa424cb0771b13261139,period:14606e5066005561df07,2020.0,Spring,regular,2020-03-21,BO1,2020-03-07T21:40:12+00:00,HIGH_CONFIDENCE_STRUCTURAL,"season=2020, team=oe:team:87ee02298073abc2d55060f097d4041, cutoff<=2020-03-21T00:00:00+00:00",STRUCTURAL_RECONCILIATION_ONLY
oe_structural:2020:2020-03-09:4b351e63201a,oe:team:8eb884e168f28402ce685bedebb5250,oe:team:c334c629fea759876e9e04afbe4aee7,period:14606e5066005561df07,2020.0,Spring,regular,2020-03-09,BO1,2020-03-07T21:40:12+00:00,HIGH_CONFIDENCE_STRUCTURAL,"season=2020, team=oe:team:8eb884e168f28402ce685bedebb5250, cutoff<=2020-03-09T00:00:00+00:00",STRUCTURAL_RECONCILIATION_ONLY
oe_structural:2020:2020-03-21:d6e18d02fa16,oe:team:8eb884e168f28402ce685bedebb5250,oe:team:f7f7324c151aa6ed770b244ce08e027,period:14606e5066005561df07,2020.0,Spring,regular,2020-03-21,BO1,2020-03-07T21:40:12+00:00,HIGH_CONFIDENCE_STRUCTURAL,"season=2020, team=oe:team:8eb884e168f28402ce685bedebb5250, cutoff<=2020-03-21T00:00:00+00:00",STRUCTURAL_RECONCILIATION_ONLY
oe_structural:2020:2020-03-08:23ad68aadd75,oe:team:a22510a4756fa424cb0771b13261139,oe:team:2e66da41dc460dd378e3bcc57042d31,period:14606e5066005561df07,2020.0,Spring,regular,2020-03-08,BO1,2020-03-07T21:40:12+00:00,HIGH_CONFIDENCE_STRUCTURAL,"season=2020, team=oe:team:a22510a4756fa424cb0771b13261139, cutoff<=2020-03-08T00:00:00+00:00",STRUCTURAL_RECONCILIATION_ONLY
oe_structural:2020:2020-03-21:61db43d93529,oe:team:a22510a4756fa424cb0771b13261139,oe:team:87ee02298073abc2d55060f097d4041,period:14606e5066005561df07,2020.0,Spring,regular,2020-03-21,BO1,2020-03-07T21:40:12+00:00,HIGH_CONFIDENCE_STRUCTURAL,"season=2020, team=oe:team:a22510a4756fa424cb0771b13261139, cutoff<=2020-03-21T00:00:00+00:00",STRUCTURAL_RECONCILIATION_ONLY
oe_structural:2020:2020-03-08:caa0bcbd676b,oe:team:c334c629fea759876e9e04afbe4aee7,oe:team:4bd1751425ef6a9bc9d4d8e9385b4a6,period:14606e5066005561df07,2020.0,Spring,regular,2020-03-08,BO1,2020-03-07T21:40:12+00:00,HIGH_CONFIDENCE_STRUCTURAL,"season=2020, team=oe:team:c334c629fea759876e9e04afbe4aee7, cutoff<=2020-03-08T00:00:00+00:00",STRUCTURAL_RECONCILIATION_ONLY
oe_structural:2020:2020-03-09:4b351e63201a,oe:team:c334c629fea759876e9e04afbe4aee7,oe:team:8eb884e168f28402ce685bedebb5250,period:14606e5066005561df07,2020.0,Spring,regular,2020-03-09,BO1,2020-03-07T21:40:12+00:00,HIGH_CONFIDENCE_STRUCTURAL,"season=2020, team=oe:team:c334c629fea759876e9e04afbe4aee7, cutoff<=2020-03-09T00:00:00+00:00",STRUCTURAL_RECONCILIATION_ONLY
oe_structural:2020:2020-03-08:e58cc3cf0066,oe:team:cbfaf0ca2181f0903d2fcceb6c28f3b,oe:team:f7f7324c151aa6ed770b244ce08e027,period:14606e5066005561df07,2020.0,Spring,regular,2020-03-08,BO1,2020-03-07T21:40:12+00:00,HIGH_CONFIDENCE_STRUCTURAL,"season=2020, team=oe:team:cbfaf0ca2181f0903d2fcceb6c28f3b, cutoff<=2020-03-08T00:00:00+00:00",STRUCTURAL_RECONCILIATION_ONLY
oe_structural:2020:2020-03-08:587b9a5e4920,oe:team:f7f7324c151aa6ed770b244ce08e027,oe:team:2e66da41dc460dd378e3bcc57042d31,period:14606e5066005561df07,2020.0,Spring,regular,2020-03-08,BO1,2020-03-07T21:40:12+00:00,HIGH_CONFIDENCE_STRUCTURAL,"season=2020, team=oe:team:f7f7324c151aa6ed770b244ce08e027, cutoff<=2020-03-08T00:00:00+00:00",STRUCTURAL_RECONCILIATION_ONLY
oe_structural:2020:2020-03-08:e58cc3cf0066,oe:team:f7f7324c151aa6ed770b244ce08e027,oe:team:cbfaf0ca2181f0903d2fcceb6c28f3b,period:14606e5066005561df07,2020.0,Spring,regular,2020-03-08,BO1,2020-03-07T21:40:12+00:00,HIGH_CONFIDENCE_STRUCTURAL,"season=2020, team=oe:team:f7f7324c151aa6ed770b244ce08e027, cutoff<=2020-03-08T00:00:00+00:00",STRUCTURAL_RECONCILIATION_ONLY
oe_structural:2020:2020-03-21:d6e18d02fa16,oe:team:f7f7324c151aa6ed770b244ce08e027,oe:team:8eb884e168f28402ce685bedebb5250,period:14606e5066005561df07,2020.0,Spring,regular,2020-03-21,BO1,2020-03-07T21:40:12+00:00,HIGH_CONFIDENCE_STRUCTURAL,"season=2020, team=oe:team:f7f7324c151aa6ed770b244ce08e027, cutoff<=2020-03-21T00:00:00+00:00",STRUCTURAL_RECONCILIATION_ONLY
oe_structural:2020:2020-03-10:53ebfbf4831f,oe:team:fc8e90107dabb9a35c490b0d86adea0,oe:team:87ee02298073abc2d55060f097d4041,period:14606e5066005561df07,2020.0,Spring,regular,2020-03-10,BO1,2020-03-07T21:40:12+00:00,HIGH_CONFIDENCE_STRUCTURAL,"season=2020, team=oe:team:fc8e90107dabb9a35c490b0d86adea0, cutoff<=2020-03-10T00:00:00+00:00",STRUCTURAL_RECONCILIATION_ONLY
oe_structural:2020:2020-03-21:068fdf28aaa4,oe:team:fc8e90107dabb9a35c490b0d86adea0,oe:team:4bd1751425ef6a9bc9d4d8e9385b4a6,period:14606e5066005561df07,2020.0,Spring,regular,2020-03-21,BO1,2020-03-07T21:40:12+00:00,HIGH_CONFIDENCE_STRUCTURAL,"season=2020, team=oe:team:fc8e90107dabb9a35c490b0d86adea0, cutoff<=2020-03-21T00:00:00+00:00",STRUCTURAL_RECONCILIATION_ONLY
oe_structural:2024:2024-03-23:1cda04028d9b,oe:team:2e66da41dc460dd378e3bcc57042d31,oe:team:fc8e90107dabb9a35c490b0d86adea0,period:18a8b98d7b5d7f0b7105,2024.0,Spring,playoffs,2024-03-23,BO5,2024-03-22T20:08:04+00:00,HIGH_CONFIDENCE_STRUCTURAL,"season=2024, team=oe:team:2e66da41dc460dd378e3bcc57042d31, cutoff<=2024-03-23T00:00:00+00:00",STRUCTURAL_RECONCILIATION_ONLY
oe_structural:2024:2024-03-30:2ff06abdf430,oe:team:8eb884e168f28402ce685bedebb5250,oe:team:fc8e90107dabb9a35c490b0d86adea0,period:18a8b98d7b5d7f0b7105,2024.0,Spring,playoffs,2024-03-30,BO5,2024-03-22T20:08:04+00:00,HIGH_CONFIDENCE_STRUCTURAL,"season=2024, team=oe:team:8eb884e168f28402ce685bedebb5250, cutoff<=2024-03-30T00:00:00+00:00",STRUCTURAL_RECONCILIATION_ONLY
oe_structural:2024:2024-03-23:1cda04028d9b,oe:team:fc8e90107dabb9a35c490b0d86adea0,oe:team:2e66da41dc460dd378e3bcc57042d31,period:18a8b98d7b5d7f0b7105,2024.0,Spring,playoffs,2024-03-23,BO5,2024-03-22T20:08:04+00:00,HIGH_CONFIDENCE_STRUCTURAL,"season=2024, team=oe:team:fc8e90107dabb9a35c490b0d86adea0, cutoff<=2024-03-23T00:00:00+00:00",STRUCTURAL_RECONCILIATION_ONLY
oe_structural:2024:2024-03-30:2ff06abdf430,oe:team:fc8e90107dabb9a35c490b0d86adea0,oe:team:8eb884e168f28402ce685bedebb5250,period:18a8b98d7b5d7f0b7105,2024.0,Spring,playoffs,2024-03-30,BO5,2024-03-22T20:08:04+00:00,HIGH_CONFIDENCE_STRUCTURAL,"season=2024, team=oe:team:fc8e90107dabb9a35c490b0d86adea0, cutoff<=2024-03-30T00:00:00+00:00",STRUCTURAL_RECONCILIATION_ONLY
oe_structural:2020:2020-02-04:8e9408aeb910,oe:team:0dbb780176ecad18f17292d1f5653af,oe:team:2e66da41dc460dd378e3bcc57042d31,period:18c306f73901eb8e548e,2020.0,Spring,regular,2020-02-04,BO1,2020-02-01T21:36:35+00:00,HIGH_CONFIDENCE_STRUCTURAL,"season=2020, team=oe:team:0dbb780176ecad18f17292d1f5653af, cutoff<=2020-02-04T00:00:00+00:00",STRUCTURAL_RECONCILIATION_ONLY
oe_structural:2020:2020-02-08:b28ef2f54fe8,oe:team:0dbb780176ecad18f17292d1f5653af,oe:team:a22510a4756fa424cb0771b13261139,period:18c306f73901eb8e548e,2020.0,Spring,regular,2020-02-08,BO1,2020-02-01T21:36:35+00:00,HIGH_CONFIDENCE_STRUCTURAL,"season=2020, team=oe:team:0dbb780176ecad18f17292d1f5653af, cutoff<=2020-02-08T00:00:00+00:00",STRUCTURAL_RECONCILIATION_ONLY
oe_structural:2020:2020-02-02:d7387f296af2,oe:team:2e66da41dc460dd378e3bcc57042d31,oe:team:8eb884e168f28402ce685bedebb5250,period:18c306f73901eb8e548e,2020.0,Spring,regular,2020-02-02,BO1,2020-02-01T21:36:35+00:00,HIGH_CONFIDENCE_STRUCTURAL,"season=2020, team=oe:team:2e66da41dc460dd378e3bcc57042d31, cutoff<=2020-02-02T00:00:00+00:00",STRUCTURAL_RECONCILIATION_ONLY
oe_structural:2020:2020-02-04:8e9408aeb910,oe:team:2e66da41dc460dd378e3bcc57042d31,oe:team:0dbb780176ecad18f17292d1f5653af,period:18c306f73901eb8e548e,2020.0,Spring,regular,2020-02-04,BO1,2020-02-01T21:36:35+00:00,HIGH_CONFIDENCE_STRUCTURAL,"season=2020, team=oe:team:2e66da41dc460dd378e3bcc57042d31, cutoff<=2020-02-04T00:00:00+00:00",STRUCTURAL_RECONCILIATION_ONLY
oe_structural:2020:2020-02-02:58aa4612b9e0,oe:team:4bd1751425ef6a9bc9d4d8e9385b4a6,oe:team:fc8e90107dabb9a35c490b0d86adea0,period:18c306f73901eb8e548e,2020.0,Spring,regular,2020-02-02,BO1,2020-02-01T21:36:35+00:00,HIGH_CONFIDENCE_STRUCTURAL,"season=2020, team=oe:team:4bd1751425ef6a9bc9d4d8e9385b4a6, cutoff<=2020-02-02T00:00:00+00:00",STRUCTURAL_RECONCILIATION_ONLY
oe_structural:2020:2020-02-08:84855a578355,oe:team:4bd1751425ef6a9bc9d4d8e9385b4a6,oe:team:8eb884e168f28402ce685bedebb5250,period:18c306f73901eb8e548e,2020.0,Spring,regular,2020-02-08,BO1,2020-02-01T21:36:35+00:00,HIGH_CONFIDENCE_STRUCTURAL,"season=2020, team=oe:team:4bd1751425ef6a9bc9d4d8e9385b4a6, cutoff<=2020-02-08T00:00:00+00:00",STRUCTURAL_RECONCILIATION_ONLY
oe_structural:2020:2020-02-02:109ed8cd15a8,oe:team:87ee02298073abc2d55060f097d4041,oe:team:c334c629fea759876e9e04afbe4aee7,period:18c306f73901eb8e548e,2020.0,Spring,regular,2020-02-02,BO1,2020-02-01T21:36:35+00:00,HIGH_CONFIDENCE_STRUCTURAL,"season=2020, team=oe:team:87ee02298073abc2d55060f097d4041, cutoff<=2020-02-02T00:00:00+00:00",STRUCTURAL_RECONCILIATION_ONLY
oe_structural:2020:2020-02-02:66435125aba7,oe:team:87ee02298073abc2d55060f097d4041,oe:team:f7f7324c151aa6ed770b244ce08e027,period:18c306f73901eb8e548e,2020.0,Spring,regular,2020-02-02,BO1,2020-02-01T21:36:35+00:00,HIGH_CONFIDENCE_STRUCTURAL,"season=2020, team=oe:team:87ee02298073abc2d55060f097d4041, cutoff<=2020-02-02T00:00:00+00:00",STRUCTURAL_RECONCILIATION_ONLY
oe_structural:2020:2020-02-02:d7387f296af2,oe:team:8eb884e168f28402ce685bedebb5250,oe:team:2e66da41dc460dd378e3bcc57042d31,period:18c306f73901eb8e548e,2020.0,Spring,regular,2020-02-02,BO1,2020-02-01T21:36:35+00:00,HIGH_CONFIDENCE_STRUCTURAL,"season=2020, team=oe:team:8eb884e168f28402ce685bedebb5250, cutoff<=2020-02-02T00:00:00+00:00",STRUCTURAL_RECONCILIATION_ONLY
oe_structural:2020:2020-02-08:84855a578355,oe:team:8eb884e168f28402ce685bedebb5250,oe:team:4bd1751425ef6a9bc9d4d8e9385b4a6,period:18c306f73901eb8e548e,2020.0,Spring,regular,2020-02-08,BO1,2020-02-01T21:36:35+00:00,HIGH_CONFIDENCE_STRUCTURAL,"season=2020, team=oe:team:8eb884e168f28402ce685bedebb5250, cutoff<=2020-02-08T00:00:00+00:00",STRUCTURAL_RECONCILIATION_ONLY
oe_structural:2020:2020-02-02:3bc8ddae1b1d,oe:team:a22510a4756fa424cb0771b13261139,oe:team:f7f7324c151aa6ed770b244ce08e027,period:18c306f73901eb8e548e,2020.0,Spring,regular,2020-02-02,BO1,2020-02-01T21:36:35+00:00,HIGH_CONFIDENCE_STRUCTURAL,"season=2020, team=oe:team:a22510a4756fa424cb0771b13261139, cutoff<=2020-02-02T00:00:00+00:00",STRUCTURAL_RECONCILIATION_ONLY
oe_structural:2020:2020-02-04:0a674f83cf2f,oe:team:a22510a4756fa424cb0771b13261139,oe:team:cbfaf0ca2181f0903d2fcceb6c28f3b,period:18c306f73901eb8e548e,2020.0,Spring,regular,2020-02-04,BO1,2020-02-01T21:36:35+00:00,HIGH_CONFIDENCE_STRUCTURAL,"season=2020, team=oe:team:a22510a4756fa424cb0771b13261139, cutoff<=2020-02-04T00:00:00+00:00",STRUCTURAL_RECONCILIATION_ONLY
oe_structural:2020:2020-02-08:b28ef2f54fe8,oe:team:a22510a4756fa424cb0771b13261139,oe:team:0dbb780176ecad18f17292d1f5653af,period:18c306f73901eb8e548e,2020.0,Spring,regular,2020-02-08,BO1,2020-02-01T21:36:35+00:00,HIGH_CONFIDENCE_STRUCTURAL,"season=2020, team=oe:team:a22510a4756fa424cb0771b13261139, cutoff<=2020-02-08T00:00:00+00:00",STRUCTURAL_RECONCILIATION_ONLY
oe_structural:2020:2020-02-02:109ed8cd15a8,oe:team:c334c629fea759876e9e04afbe4aee7,oe:team:87ee02298073abc2d55060f097d4041,period:18c306f73901eb8e548e,2020.0,Spring,regular,2020-02-02,BO1,2020-02-01T21:36:35+00:00,HIGH_CONFIDENCE_STRUCTURAL,"season=2020, team=oe:team:c334c629fea759876e9e04afbe4aee7, cutoff<=2020-02-02T00:00:00+00:00",STRUCTURAL_RECONCILIATION_ONLY
oe_structural:2020:2020-02-04:0a674f83cf2f,oe:team:cbfaf0ca2181f0903d2fcceb6c28f3b,oe:team:a22510a4756fa424cb0771b13261139,period:18c306f73901eb8e548e,2020.0,Spring,regular,2020-02-04,BO1,2020-02-01T21:36:35+00:00,HIGH_CONFIDENCE_STRUCTURAL,"season=2020, team=oe:team:cbfaf0ca2181f0903d2fcceb6c28f3b, cutoff<=2020-02-04T00:00:00+00:00",STRUCTURAL_RECONCILIATION_ONLY
oe_structural:2020:2020-02-08:e05a0193e549,oe:team:cbfaf0ca2181f0903d2fcceb6c28f3b,oe:team:f7f7324c151aa6ed770b244ce08e027,period:18c306f73901eb8e548e,2020.0,Spring,regular,2020-02-08,BO1,2020-02-01T21:36:35+00:00,HIGH_CONFIDENCE_STRUCTURAL,"season=2020, team=oe:team:cbfaf0ca2181f0903d2fcceb6c28f3b, cutoff<=2020-02-08T00:00:00+00:00",STRUCTURAL_RECONCILIATION_ONLY
oe_structural:2020:2020-02-02:3bc8ddae1b1d,oe:team:f7f7324c151aa6ed770b244ce08e027,oe:team:a22510a4756fa424cb0771b13261139,period:18c306f73901eb8e548e,2020.0,Spring,regular,2020-02-02,BO1,2020-02-01T21:36:35+00:00,HIGH_CONFIDENCE_STRUCTURAL,"season=2020, team=oe:team:f7f7324c151aa6ed770b244ce08e027, cutoff<=2020-02-02T00:00:00+00:00",STRUCTURAL_RECONCILIATION_ONLY
oe_structural:2020:2020-02-02:66435125aba7,oe:team:f7f7324c151aa6ed770b244ce08e027,oe:team:87ee02298073abc2d55060f097d4041,period:18c306f73901eb8e548e,2020.0,Spring,regular,2020-02-02,BO1,2020-02-01T21:36:35+00:00,HIGH_CONFIDENCE_STRUCTURAL,"season=2020, team=oe:team:f7f7324c151aa6ed770b244ce08e027, cutoff<=2020-02-02T00:00:00+00:00",STRUCTURAL_RECONCILIATION_ONLY
oe_structural:2020:2020-02-08:e05a0193e549,oe:team:f7f7324c151aa6ed770b244ce08e027,oe:team:cbfaf0ca2181f0903d2fcceb6c28f3b,period:18c306f73901eb8e548e,2020.0,Spring,regular,2020-02-08,BO1,2020-02-01T21:36:35+00:00,HIGH_CONFIDENCE_STRUCTURAL,"season=2020, team=oe:team:f7f7324c151aa6ed770b244ce08e027, cutoff<=2020-02-08T00:00:00+00:00",STRUCTURAL_RECONCILIATION_ONLY
oe_structural:2020:2020-02-02:58aa4612b9e0,oe:team:fc8e90107dabb9a35c490b0d86adea0,oe:team:4bd1751425ef6a9bc9d4d8e9385b4a6,period:18c306f73901eb8e548e,2020.0,Spring,regular,2020-02-02,BO1,2020-02-01T21:36:35+00:00,HIGH_CONFIDENCE_STRUCTURAL,"season=2020, team=oe:team:fc8e90107dabb9a35c490b0d86adea0, cutoff<=2020-02-02T00:00:00+00:00",STRUCTURAL_RECONCILIATION_ONLY
oe_structural:2020:2020-06-14:a62ada439a87,oe:team:0dbb780176ecad18f17292d1f5653af,oe:team:a22510a4756fa424cb0771b13261139,period:1970df0ebd4246c6ea3b,2020.0,Summer,regular,2020-06-14,BO1,2020-06-13T00:40:51+00:00,HIGH_CONFIDENCE_STRUCTURAL,"season=2020, team=oe:team:0dbb780176ecad18f17292d1f5653af, cutoff<=2020-06-14T00:00:00+00:00",STRUCTURAL_RECONCILIATION_ONLY
oe_structural:2020:2020-06-20:e7e4836ad258,oe:team:0dbb780176ecad18f17292d1f5653af,oe:team:cbfaf0ca2181f0903d2fcceb6c28f3b,period:1970df0ebd4246c6ea3b,2020.0,Summer,regular,2020-06-20,BO1,2020-06-13T00:40:51+00:00,HIGH_CONFIDENCE_STRUCTURAL,"season=2020, team=oe:team:0dbb780176ecad18f17292d1f5653af, cutoff<=2020-06-20T00:00:00+00:00",STRUCTURAL_RECONCILIATION_ONLY
oe_structural:2020:2020-06-20:d300fbe62689,oe:team:2e66da41dc460dd378e3bcc57042d31,oe:team:a22510a4756fa424cb0771b13261139,period:1970df0ebd4246c6ea3b,2020.0,Summer,regular,2020-06-20,BO1,2020-06-13T00:40:51+00:00,HIGH_CONFIDENCE_STRUCTURAL,"season=2020, team=oe:team:2e66da41dc460dd378e3bcc57042d31, cutoff<=2020-06-20T00:00:00+00:00",STRUCTURAL_RECONCILIATION_ONLY
oe_structural:2020:2020-06-14:55211b1e1295,oe:team:4bd1751425ef6a9bc9d4d8e9385b4a6,oe:team:fc8e90107dabb9a35c490b0d86adea0,period:1970df0ebd4246c6ea3b,2020.0,Summer,regular,2020-06-14,BO1,2020-06-13T00:40:51+00:00,HIGH_CONFIDENCE_STRUCTURAL,"season=2020, team=oe:team:4bd1751425ef6a9bc9d4d8e9385b4a6, cutoff<=2020-06-14T00:00:00+00:00",STRUCTURAL_RECONCILIATION_ONLY
oe_structural:2020:2020-06-20:13c13b08db96,oe:team:4bd1751425ef6a9bc9d4d8e9385b4a6,oe:team:8eb884e168f28402ce685bedebb5250,period:1970df0ebd4246c6ea3b,2020.0,Summer,regular,2020-06-20,BO1,2020-06-13T00:40:51+00:00,HIGH_CONFIDENCE_STRUCTURAL,"season=2020, team=oe:team:4bd1751425ef6a9bc9d4d8e9385b4a6, cutoff<=2020-06-20T00:00:00+00:00",STRUCTURAL_RECONCILIATION_ONLY
oe_structural:2020:2020-06-14:67dc602b0e98,oe:team:87ee02298073abc2d55060f097d4041,oe:team:8eb884e168f28402ce685bedebb5250,period:1970df0ebd4246c6ea3b,2020.0,Summer,regular,2020-06-14,BO1,2020-06-13T00:40:51+00:00,HIGH_CONFIDENCE_STRUCTURAL,"season=2020, team=oe:team:87ee02298073abc2d55060f097d4041, cutoff<=2020-06-14T00:00:00+00:00",STRUCTURAL_RECONCILIATION_ONLY
oe_structural:2020:2020-06-20:1c5fe8e4396b,oe:team:87ee02298073abc2d55060f097d4041,oe:team:cbfaf0ca2181f0903d2fcceb6c28f3b,period:1970df0ebd4246c6ea3b,2020.0,Summer,regular,2020-06-20,BO1,2020-06-13T00:40:51+00:00,HIGH_CONFIDENCE_STRUCTURAL,"season=2020, team=oe:team:87ee02298073abc2d55060f097d4041, cutoff<=2020-06-20T00:00:00+00:00",STRUCTURAL_RECONCILIATION_ONLY
oe_structural:2020:2020-06-14:67dc602b0e98,oe:team:8eb884e168f28402ce685bedebb5250,oe:team:87ee02298073abc2d55060f097d4041,period:1970df0ebd4246c6ea3b,2020.0,Summer,regular,2020-06-14,BO1,2020-06-13T00:40:51+00:00,HIGH_CONFIDENCE_STRUCTURAL,"season=2020, team=oe:team:8eb884e168f28402ce685bedebb5250, cutoff<=2020-06-14T00:00:00+00:00",STRUCTURAL_RECONCILIATION_ONLY
oe_structural:2020:2020-06-20:13c13b08db96,oe:team:8eb884e168f28402ce685bedebb5250,oe:team:4bd1751425ef6a9bc9d4d8e9385b4a6,period:1970df0ebd4246c6ea3b,2020.0,Summer,regular,2020-06-20,BO1,2020-06-13T00:40:51+00:00,HIGH_CONFIDENCE_STRUCTURAL,"season=2020, team=oe:team:8eb884e168f28402ce685bedebb5250, cutoff<=2020-06-20T00:00:00+00:00",STRUCTURAL_RECONCILIATION_ONLY
oe_structural:2020:2020-06-14:a62ada439a87,oe:team:a22510a4756fa424cb0771b13261139,oe:team:0dbb780176ecad18f17292d1f5653af,period:1970df0ebd4246c6ea3b,2020.0,Summer,regular,2020-06-14,BO1,2020-06-13T00:40:51+00:00,HIGH_CONFIDENCE_STRUCTURAL,"season=2020, team=oe:team:a22510a4756fa424cb0771b13261139, cutoff<=2020-06-14T00:00:00+00:00",STRUCTURAL_RECONCILIATION_ONLY
oe_structural:2020:2020-06-20:afa050580079,oe:team:a22510a4756fa424cb0771b13261139,oe:team:c334c629fea759876e9e04afbe4aee7,period:1970df0ebd4246c6ea3b,2020.0,Summer,regular,2020-06-20,BO1,2020-06-13T00:40:51+00:00,HIGH_CONFIDENCE_STRUCTURAL,"season=2020, team=oe:team:a22510a4756fa424cb0771b13261139, cutoff<=2020-06-20T00:00:00+00:00",STRUCTURAL_RECONCILIATION_ONLY
oe_structural:2020:2020-06-20:d300fbe62689,oe:team:a22510a4756fa424cb0771b13261139,oe:team:2e66da41dc460dd378e3bcc57042d31,period:1970df0ebd4246c6ea3b,2020.0,Summer,regular,2020-06-20,BO1,2020-06-13T00:40:51+00:00,HIGH_CONFIDENCE_STRUCTURAL,"season=2020, team=oe:team:a22510a4756fa424cb0771b13261139, cutoff<=2020-06-20T00:00:00+00:00",STRUCTURAL_RECONCILIATION_ONLY
oe_structural:2020:2020-06-14:09ee87e2d5b8,oe:team:c334c629fea759876e9e04afbe4aee7,oe:team:cbfaf0ca2181f0903d2fcceb6c28f3b,period:1970df0ebd4246c6ea3b,2020.0,Summer,regular,2020-06-14,BO1,2020-06-13T00:40:51+00:00,HIGH_CONFIDENCE_STRUCTURAL,"season=2020, team=oe:team:c334c629fea759876e9e04afbe4aee7, cutoff<=2020-06-14T00:00:00+00:00",STRUCTURAL_RECONCILIATION_ONLY
oe_structural:2020:2020-06-20:afa050580079,oe:team:c334c629fea759876e9e04afbe4aee7,oe:team:a22510a4756fa424cb0771b13261139,period:1970df0ebd4246c6ea3b,2020.0,Summer,regular,2020-06-20,BO1,2020-06-13T00:40:51+00:00,HIGH_CONFIDENCE_STRUCTURAL,"season=2020, team=oe:team:c334c629fea759876e9e04afbe4aee7, cutoff<=2020-06-20T00:00:00+00:00",STRUCTURAL_RECONCILIATION_ONLY
oe_structural:2020:2020-06-14:09ee87e2d5b8,oe:team:cbfaf0ca2181f0903d2fcceb6c28f3b,oe:team:c334c629fea759876e9e04afbe4aee7,period:1970df0ebd4246c6ea3b,2020.0,Summer,regular,2020-06-14,BO1,2020-06-13T00:40:51+00:00,HIGH_CONFIDENCE_STRUCTURAL,"season=2020, team=oe:team:cbfaf0ca2181f0903d2fcceb6c28f3b, cutoff<=2020-06-14T00:00:00+00:00",STRUCTURAL_RECONCILIATION_ONLY
oe_structural:2020:2020-06-20:1c5fe8e4396b,oe:team:cbfaf0ca2181f0903d2fcceb6c28f3b,oe:team:87ee02298073abc2d55060f097d4041,period:1970df0ebd4246c6ea3b,2020.0,Summer,regular,2020-06-20,BO1,2020-06-13T00:40:51+00:00,HIGH_CONFIDENCE_STRUCTURAL,"season=2020, team=oe:team:cbfaf0ca2181f0903d2fcceb6c28f3b, cutoff<=2020-06-20T00:00:00+00:00",STRUCTURAL_RECONCILIATION_ONLY
oe_structural:2020:2020-06-20:e7e4836ad258,oe:team:cbfaf0ca2181f0903d2fcceb6c28f3b,oe:team:0dbb780176ecad18f17292d1f5653af,period:1970df0ebd4246c6ea3b,2020.0,Summer,regular,2020-06-20,BO1,2020-06-13T00:40:51+00:00,HIGH_CONFIDENCE_STRUCTURAL,"season=2020, team=oe:team:cbfaf0ca2181f0903d2fcceb6c28f3b, cutoff<=2020-06-20T00:00:00+00:00",STRUCTURAL_RECONCILIATION_ONLY
oe_structural:2020:2020-06-20:6b9d329c98b2,oe:team:f7f7324c151aa6ed770b244ce08e027,oe:team:fc8e90107dabb9a35c490b0d86adea0,period:1970df0ebd4246c6ea3b,2020.0,Summer,regular,2020-06-20,BO1,2020-06-13T00:40:51+00:00,HIGH_CONFIDENCE_STRUCTURAL,"season=2020, team=oe:team:f7f7324c151aa6ed770b244ce08e027, cutoff<=2020-06-20T00:00:00+00:00",STRUCTURAL_RECONCILIATION_ONLY
oe_structural:2020:2020-06-14:55211b1e1295,oe:team:fc8e90107dabb9a35c490b0d86adea0,oe:team:4bd1751425ef6a9bc9d4d8e9385b4a6,period:1970df0ebd4246c6ea3b,2020.0,Summer,regular,2020-06-14,BO1,2020-06-13T00:40:51+00:00,HIGH_CONFIDENCE_STRUCTURAL,"season=2020, team=oe:team:fc8e90107dabb9a35c490b0d86adea0, cutoff<=2020-06-14T00:00:00+00:00",STRUCTURAL_RECONCILIATION_ONLY
oe_structural:2020:2020-06-20:6b9d329c98b2,oe:team:fc8e90107dabb9a35c490b0d86adea0,oe:team:f7f7324c151aa6ed770b244ce08e027,period:1970df0ebd4246c6ea3b,2020.0,Summer,regular,2020-06-20,BO1,2020-06-13T00:40:51+00:00,HIGH_CONFIDENCE_STRUCTURAL,"season=2020, team=oe:team:fc8e90107dabb9a35c490b0d86adea0, cutoff<=2020-06-20T00:00:00+00:00",STRUCTURAL_RECONCILIATION_ONLY
oe_structural:2021:2021-02-13:c4d595b95f80,oe:team:0dbb780176ecad18f17292d1f5653af,oe:team:c334c629fea759876e9e04afbe4aee7,period:19d1212ec047ea2c2e1c,2021.0,Spring,regular,2021-02-13,BO1,2021-02-12T22:29:59+00:00,HIGH_CONFIDENCE_STRUCTURAL,"season=2021, team=oe:team:0dbb780176ecad18f17292d1f5653af, cutoff<=2021-02-13T00:00:00+00:00",STRUCTURAL_RECONCILIATION_ONLY
oe_structural:2021:2021-02-13:cc175158e0e4,oe:team:0dbb780176ecad18f17292d1f5653af,oe:team:87ee02298073abc2d55060f097d4041,period:19d1212ec047ea2c2e1c,2021.0,Spring,regular,2021-02-13,BO1,2021-02-12T22:29:59+00:00,HIGH_CONFIDENCE_STRUCTURAL,"season=2021, team=oe:team:0dbb780176ecad18f17292d1f5653af, cutoff<=2021-02-13T00:00:00+00:00",STRUCTURAL_RECONCILIATION_ONLY
oe_structural:2021:2021-02-14:f1ffbb1f85e6,oe:team:0dbb780176ecad18f17292d1f5653af,oe:team:f7f7324c151aa6ed770b244ce08e027,period:19d1212ec047ea2c2e1c,2021.0,Spring,regular,2021-02-14,BO1,2021-02-12T22:29:59+00:00,HIGH_CONFIDENCE_STRUCTURAL,"season=2021, team=oe:team:0dbb780176ecad18f17292d1f5653af, cutoff<=2021-02-14T00:00:00+00:00",STRUCTURAL_RECONCILIATION_ONLY
oe_structural:2021:2021-02-19:37ccccc5444c,oe:team:0dbb780176ecad18f17292d1f5653af,oe:team:2e66da41dc460dd378e3bcc57042d31,period:19d1212ec047ea2c2e1c,2021.0,Spring,regular,2021-02-19,BO1,2021-02-12T22:29:59+00:00,HIGH_CONFIDENCE_STRUCTURAL,"season=2021, team=oe:team:0dbb780176ecad18f17292d1f5653af, cutoff<=2021-02-19T00:00:00+00:00",STRUCTURAL_RECONCILIATION_ONLY
oe_structural:2021:2021-02-13:bf2e3fbce676,oe:team:2e66da41dc460dd378e3bcc57042d31,oe:team:cbfaf0ca2181f0903d2fcceb6c28f3b,period:19d1212ec047ea2c2e1c,2021.0,Spring,regular,2021-02-13,BO1,2021-02-12T22:29:59+00:00,HIGH_CONFIDENCE_STRUCTURAL,"season=2021, team=oe:team:2e66da41dc460dd378e3bcc57042d31, cutoff<=2021-02-13T00:00:00+00:00",STRUCTURAL_RECONCILIATION_ONLY
oe_structural:2021:2021-02-14:3041f833efa7,oe:team:2e66da41dc460dd378e3bcc57042d31,oe:team:fc8e90107dabb9a35c490b0d86adea0,period:19d1212ec047ea2c2e1c,2021.0,Spring,regular,2021-02-14,BO1,2021-02-12T22:29:59+00:00,HIGH_CONFIDENCE_STRUCTURAL,"season=2021, team=oe:team:2e66da41dc460dd378e3bcc57042d31, cutoff<=2021-02-14T00:00:00+00:00",STRUCTURAL_RECONCILIATION_ONLY
oe_structural:2021:2021-02-19:37ccccc5444c,oe:team:2e66da41dc460dd378e3bcc57042d31,oe:team:0dbb780176ecad18f17292d1f5653af,period:19d1212ec047ea2c2e1c,2021.0,Spring,regular,2021-02-19,BO1,2021-02-12T22:29:59+00:00,HIGH_CONFIDENCE_STRUCTURAL,"season=2021, team=oe:team:2e66da41dc460dd378e3bcc57042d31, cutoff<=2021-02-19T00:00:00+00:00",STRUCTURAL_RECONCILIATION_ONLY
oe_structural:2021:2021-02-13:e5c4f3238a03,oe:team:4bd1751425ef6a9bc9d4d8e9385b4a6,oe:team:fc8e90107dabb9a35c490b0d86adea0,period:19d1212ec047ea2c2e1c,2021.0,Spring,regular,2021-02-13,BO1,2021-02-12T22:29:59+00:00,HIGH_CONFIDENCE_STRUCTURAL,"season=2021, team=oe:team:4bd1751425ef6a9bc9d4d8e9385b4a6, cutoff<=2021-02-13T00:00:00+00:00",STRUCTURAL_RECONCILIATION_ONLY
oe_structural:2021:2021-02-14:bc8b9c87dfd2,oe:team:4bd1751425ef6a9bc9d4d8e9385b4a6,oe:team:8eb884e168f28402ce685bedebb5250,period:19d1212ec047ea2c2e1c,2021.0,Spring,regular,2021-02-14,BO1,2021-02-12T22:29:59+00:00,HIGH_CONFIDENCE_STRUCTURAL,"season=2021, team=oe:team:4bd1751425ef6a9bc9d4d8e9385b4a6, cutoff<=2021-02-14T00:00:00+00:00",STRUCTURAL_RECONCILIATION_ONLY
oe_structural:2021:2021-02-13:cc175158e0e4,oe:team:87ee02298073abc2d55060f097d4041,oe:team:0dbb780176ecad18f17292d1f5653af,period:19d1212ec047ea2c2e1c,2021.0,Spring,regular,2021-02-13,BO1,2021-02-12T22:29:59+00:00,HIGH_CONFIDENCE_STRUCTURAL,"season=2021, team=oe:team:87ee02298073abc2d55060f097d4041, cutoff<=2021-02-13T00:00:00+00:00",STRUCTURAL_RECONCILIATION_ONLY
oe_structural:2021:2021-02-13:eab370dd06de,oe:team:87ee02298073abc2d55060f097d4041,oe:team:a22510a4756fa424cb0771b13261139,period:19d1212ec047ea2c2e1c,2021.0,Spring,regular,2021-02-13,BO1,2021-02-12T22:29:59+00:00,HIGH_CONFIDENCE_STRUCTURAL,"season=2021, team=oe:team:87ee02298073abc2d55060f097d4041, cutoff<=2021-02-13T00:00:00+00:00",STRUCTURAL_RECONCILIATION_ONLY
oe_structural:2021:2021-02-15:1035ed123b08,oe:team:87ee02298073abc2d55060f097d4041,oe:team:cbfaf0ca2181f0903d2fcceb6c28f3b,period:19d1212ec047ea2c2e1c,2021.0,Spring,regular,2021-02-15,BO1,2021-02-12T22:29:59+00:00,HIGH_CONFIDENCE_STRUCTURAL,"season=2021, team=oe:team:87ee02298073abc2d55060f097d4041, cutoff<=2021-02-15T00:00:00+00:00",STRUCTURAL_RECONCILIATION_ONLY
oe_structural:2021:2021-02-13:bc5079ddd441,oe:team:8eb884e168f28402ce685bedebb5250,oe:team:a22510a4756fa424cb0771b13261139,period:19d1212ec047ea2c2e1c,2021.0,Spring,regular,2021-02-13,BO1,2021-02-12T22:29:59+00:00,HIGH_CONFIDENCE_STRUCTURAL,"season=2021, team=oe:team:8eb884e168f28402ce685bedebb5250, cutoff<=2021-02-13T00:00:00+00:00",STRUCTURAL_RECONCILIATION_ONLY
oe_structural:2021:2021-02-14:bc8b9c87dfd2,oe:team:8eb884e168f28402ce685bedebb5250,oe:team:4bd1751425ef6a9bc9d4d8e9385b4a6,period:19d1212ec047ea2c2e1c,2021.0,Spring,regular,2021-02-14,BO1,2021-02-12T22:29:59+00:00,HIGH_CONFIDENCE_STRUCTURAL,"season=2021, team=oe:team:8eb884e168f28402ce685bedebb5250, cutoff<=2021-02-14T00:00:00+00:00",STRUCTURAL_RECONCILIATION_ONLY
oe_structural:2021:2021-02-13:bc5079ddd441,oe:team:a22510a4756fa424cb0771b13261139,oe:team:8eb884e168f28402ce685bedebb5250,period:19d1212ec047ea2c2e1c,2021.0,Spring,regular,2021-02-13,BO1,2021-02-12T22:29:59+00:00,HIGH_CONFIDENCE_STRUCTURAL,"season=2021, team=oe:team:a22510a4756fa424cb0771b13261139, cutoff<=2021-02-13T00:00:00+00:00",STRUCTURAL_RECONCILIATION_ONLY
oe_structural:2021:2021-02-13:eab370dd06de,oe:team:a22510a4756fa424cb0771b13261139,oe:team:87ee02298073abc2d55060f097d4041,period:19d1212ec047ea2c2e1c,2021.0,Spring,regular,2021-02-13,BO1,2021-02-12T22:29:59+00:00,HIGH_CONFIDENCE_STRUCTURAL,"season=2021, team=oe:team:a22510a4756fa424cb0771b13261139, cutoff<=2021-02-13T00:00:00+00:00",STRUCTURAL_RECONCILIATION_ONLY
oe_structural:2021:2021-02-14:99be6b6b3c39,oe:team:a22510a4756fa424cb0771b13261139,oe:team:c334c629fea759876e9e04afbe4aee7,period:19d1212ec047ea2c2e1c,2021.0,Spring,regular,2021-02-14,BO1,2021-02-12T22:29:59+00:00,HIGH_CONFIDENCE_STRUCTURAL,"season=2021, team=oe:team:a22510a4756fa424cb0771b13261139, cutoff<=2021-02-14T00:00:00+00:00",STRUCTURAL_RECONCILIATION_ONLY
oe_structural:2021:2021-02-13:c4d595b95f80,oe:team:c334c629fea759876e9e04afbe4aee7,oe:team:0dbb780176ecad18f17292d1f5653af,period:19d1212ec047ea2c2e1c,2021.0,Spring,regular,2021-02-13,BO1,2021-02-12T22:29:59+00:00,HIGH_CONFIDENCE_STRUCTURAL,"season=2021, team=oe:team:c334c629fea759876e9e04afbe4aee7, cutoff<=2021-02-13T00:00:00+00:00",STRUCTURAL_RECONCILIATION_ONLY
oe_structural:2021:2021-02-14:44580ca26901,oe:team:c334c629fea759876e9e04afbe4aee7,oe:team:f7f7324c151aa6ed770b244ce08e027,period:19d1212ec047ea2c2e1c,2021.0,Spring,regular,2021-02-14,BO1,2021-02-12T22:29:59+00:00,HIGH_CONFIDENCE_STRUCTURAL,"season=2021, team=oe:team:c334c629fea759876e9e04afbe4aee7, cutoff<=2021-02-14T00:00:00+00:00",STRUCTURAL_RECONCILIATION_ONLY
oe_structural:2021:2021-02-14:99be6b6b3c39,oe:team:c334c629fea759876e9e04afbe4aee7,oe:team:a22510a4756fa424cb0771b13261139,period:19d1212ec047ea2c2e1c,2021.0,Spring,regular,2021-02-14,BO1,2021-02-12T22:29:59+00:00,HIGH_CONFIDENCE_STRUCTURAL,"season=2021, team=oe:team:c334c629fea759876e9e04afbe4aee7, cutoff<=2021-02-14T00:00:00+00:00",STRUCTURAL_RECONCILIATION_ONLY
oe_structural:2021:2021-02-13:bf2e3fbce676,oe:team:cbfaf0ca2181f0903d2fcceb6c28f3b,oe:team:2e66da41dc460dd378e3bcc57042d31,period:19d1212ec047ea2c2e1c,2021.0,Spring,regular,2021-02-13,BO1,2021-02-12T22:29:59+00:00,HIGH_CONFIDENCE_STRUCTURAL,"season=2021, team=oe:team:cbfaf0ca2181f0903d2fcceb6c28f3b, cutoff<=2021-02-13T00:00:00+00:00",STRUCTURAL_RECONCILIATION_ONLY
oe_structural:2021:2021-02-15:1035ed123b08,oe:team:cbfaf0ca2181f0903d2fcceb6c28f3b,oe:team:87ee02298073abc2d55060f097d4041,period:19d1212ec047ea2c2e1c,2021.0,Spring,regular,2021-02-15,BO1,2021-02-12T22:29:59+00:00,HIGH_CONFIDENCE_STRUCTURAL,"season=2021, team=oe:team:cbfaf0ca2181f0903d2fcceb6c28f3b, cutoff<=2021-02-15T00:00:00+00:00",STRUCTURAL_RECONCILIATION_ONLY
oe_structural:2021:2021-02-19:4bc8baedca03,oe:team:cbfaf0ca2181f0903d2fcceb6c28f3b,oe:team:fc8e90107dabb9a35c490b0d86adea0,period:19d1212ec047ea2c2e1c,2021.0,Spring,regular,2021-02-19,BO1,2021-02-12T22:29:59+00:00,HIGH_CONFIDENCE_STRUCTURAL,"season=2021, team=oe:team:cbfaf0ca2181f0903d2fcceb6c28f3b, cutoff<=2021-02-19T00:00:00+00:00",STRUCTURAL_RECONCILIATION_ONLY
oe_structural:2021:2021-02-13:48c8baee6d37,oe:team:f7f7324c151aa6ed770b244ce08e027,oe:team:fc8e90107dabb9a35c490b0d86adea0,period:19d1212ec047ea2c2e1c,2021.0,Spring,regular,2021-02-13,BO1,2021-02-12T22:29:59+00:00,HIGH_CONFIDENCE_STRUCTURAL,"season=2021, team=oe:team:f7f7324c151aa6ed770b244ce08e027, cutoff<=2021-02-13T00:00:00+00:00",STRUCTURAL_RECONCILIATION_ONLY
oe_structural:2021:2021-02-14:44580ca26901,oe:team:f7f7324c151aa6ed770b244ce08e027,oe:team:c334c629fea759876e9e04afbe4aee7,period:19d1212ec047ea2c2e1c,2021.0,Spring,regular,2021-02-14,BO1,2021-02-12T22:29:59+00:00,HIGH_CONFIDENCE_STRUCTURAL,"season=2021, team=oe:team:f7f7324c151aa6ed770b244ce08e027, cutoff<=2021-02-14T00:00:00+00:00",STRUCTURAL_RECONCILIATION_ONLY
oe_structural:2021:2021-02-14:f1ffbb1f85e6,oe:team:f7f7324c151aa6ed770b244ce08e027,oe:team:0dbb780176ecad18f17292d1f5653af,period:19d1212ec047ea2c2e1c,2021.0,Spring,regular,2021-02-14,BO1,2021-02-12T22:29:59+00:00,HIGH_CONFIDENCE_STRUCTURAL,"season=2021, team=oe:team:f7f7324c151aa6ed770b244ce08e027, cutoff<=2021-02-14T00:00:00+00:00",STRUCTURAL_RECONCILIATION_ONLY
oe_structural:2021:2021-02-13:48c8baee6d37,oe:team:fc8e90107dabb9a35c490b0d86adea0,oe:team:f7f7324c151aa6ed770b244ce08e027,period:19d1212ec047ea2c2e1c,2021.0,Spring,regular,2021-02-13,BO1,2021-02-12T22:29:59+00:00,HIGH_CONFIDENCE_STRUCTURAL,"season=2021, team=oe:team:fc8e90107dabb9a35c490b0d86adea0, cutoff<=2021-02-13T00:00:00+00:00",STRUCTURAL_RECONCILIATION_ONLY
oe_structural:2021:2021-02-13:e5c4f3238a03,oe:team:fc8e90107dabb9a35c490b0d86adea0,oe:team:4bd1751425ef6a9bc9d4d8e9385b4a6,period:19d1212ec047ea2c2e1c,2021.0,Spring,regular,2021-02-13,BO1,2021-02-12T22:29:59+00:00,HIGH_CONFIDENCE_STRUCTURAL,"season=2021, team=oe:team:fc8e90107dabb9a35c490b0d86adea0, cutoff<=2021-02-13T00:00:00+00:00",STRUCTURAL_RECONCILIATION_ONLY
oe_structural:2021:2021-02-14:3041f833efa7,oe:team:fc8e90107dabb9a35c490b0d86adea0,oe:team:2e66da41dc460dd378e3bcc57042d31,period:19d1212ec047ea2c2e1c,2021.0,Spring,regular,2021-02-14,BO1,2021-02-12T22:29:59+00:00,HIGH_CONFIDENCE_STRUCTURAL,"season=2021, team=oe:team:fc8e90107dabb9a35c490b0d86adea0, cutoff<=2021-02-14T00:00:00+00:00",STRUCTURAL_RECONCILIATION_ONLY
oe_structural:2021:2021-02-19:4bc8baedca03,oe:team:fc8e90107dabb9a35c490b0d86adea0,oe:team:cbfaf0ca2181f0903d2fcceb6c28f3b,period:19d1212ec047ea2c2e1c,2021.0,Spring,regular,2021-02-19,BO1,2021-02-12T22:29:59+00:00,HIGH_CONFIDENCE_STRUCTURAL,"season=2021, team=oe:team:fc8e90107dabb9a35c490b0d86adea0, cutoff<=2021-02-19T00:00:00+00:00",STRUCTURAL_RECONCILIATION_ONLY
oe_structural:2026:2026-05-17:feca96e256ee,oe:team:0dbb780176ecad18f17292d1f5653af,oe:team:f90422f1cbcb24bc2a855202582ec29,period:1c76ac6866aa6a71a894,2026.0,Spring,regular,2026-05-17,BO1,2026-05-16T20:08:36+00:00,HIGH_CONFIDENCE_STRUCTURAL,"season=2026, team=oe:team:0dbb780176ecad18f17292d1f5653af, cutoff<=2026-05-17T00:00:00+00:00",STRUCTURAL_RECONCILIATION_ONLY
oe_structural:2026:2026-07-25:3d1705ec3f97,oe:team:0dbb780176ecad18f17292d1f5653af,oe:team:f90422f1cbcb24bc2a855202582ec29,period:1c76ac6866aa6a71a894,2026.0,Summer,regular,2026-07-25,BO1,2026-05-16T20:08:36+00:00,HIGH_CONFIDENCE_STRUCTURAL,"season=2026, team=oe:team:0dbb780176ecad18f17292d1f5653af, cutoff<=2026-07-25T00:00:00+00:00",STRUCTURAL_RECONCILIATION_ONLY
oe_structural:2026:2026-05-17:36e9fcd9cf55,oe:team:2e66da41dc460dd378e3bcc57042d31,oe:team:da1143bf9a245b78a8dc86417de85b3,period:1c76ac6866aa6a71a894,2026.0,Spring,regular,2026-05-17,BO1,2026-05-16T20:08:36+00:00,HIGH_CONFIDENCE_STRUCTURAL,"season=2026, team=oe:team:2e66da41dc460dd378e3bcc57042d31, cutoff<=2026-05-17T00:00:00+00:00",STRUCTURAL_RECONCILIATION_ONLY
oe_structural:2026:2026-05-23:7d4322f49ec3,oe:team:2e66da41dc460dd378e3bcc57042d31,oe:team:fc8e90107dabb9a35c490b0d86adea0,period:1c76ac6866aa6a71a894,2026.0,Spring,playoffs,2026-05-23,BO5,2026-05-16T20:08:36+00:00,HIGH_CONFIDENCE_STRUCTURAL,"season=2026, team=oe:team:2e66da41dc460dd378e3bcc57042d31, cutoff<=2026-05-23T00:00:00+00:00",STRUCTURAL_RECONCILIATION_ONLY
oe_structural:2026:2026-05-17:36e9fcd9cf55,oe:team:da1143bf9a245b78a8dc86417de85b3,oe:team:2e66da41dc460dd378e3bcc57042d31,period:1c76ac6866aa6a71a894,2026.0,Spring,regular,2026-05-17,BO1,2026-05-16T20:08:36+00:00,HIGH_CONFIDENCE_STRUCTURAL,"season=2026, team=oe:team:da1143bf9a245b78a8dc86417de85b3, cutoff<=2026-05-17T00:00:00+00:00",STRUCTURAL_RECONCILIATION_ONLY
oe_structural:2026:2026-05-17:feca96e256ee,oe:team:f90422f1cbcb24bc2a855202582ec29,oe:team:0dbb780176ecad18f17292d1f5653af,period:1c76ac6866aa6a71a894,2026.0,Spring,regular,2026-05-17,BO1,2026-05-16T20:08:36+00:00,HIGH_CONFIDENCE_STRUCTURAL,"season=2026, team=oe:team:f90422f1cbcb24bc2a855202582ec29, cutoff<=2026-05-17T00:00:00+00:00",STRUCTURAL_RECONCILIATION_ONLY
oe_structural:2026:2026-05-30:913e3fe19018,oe:team:f90422f1cbcb24bc2a855202582ec29,oe:team:2e66da41dc460dd378e3bcc57042d31,period:1c76ac6866aa6a71a894,2026.0,Spring,playoffs,2026-05-30,BO5,2026-05-16T20:08:36+00:00,HIGH_CONFIDENCE_STRUCTURAL,"season=2026, team=oe:team:f90422f1cbcb24bc2a855202582ec29, cutoff<=2026-05-30T00:00:00+00:00",STRUCTURAL_RECONCILIATION_ONLY
oe_structural:2026:2026-05-23:7d4322f49ec3,oe:team:fc8e90107dabb9a35c490b0d86adea0,oe:team:2e66da41dc460dd378e3bcc57042d31,period:1c76ac6866aa6a71a894,2026.0,Spring,playoffs,2026-05-23,BO5,2026-05-16T20:08:36+00:00,HIGH_CONFIDENCE_STRUCTURAL,"season=2026, team=oe:team:fc8e90107dabb9a35c490b0d86adea0, cutoff<=2026-05-23T00:00:00+00:00",STRUCTURAL_RECONCILIATION_ONLY
oe_structural:2020:2020-07-18:70a460b32240,oe:team:0dbb780176ecad18f17292d1f5653af,oe:team:cbfaf0ca2181f0903d2fcceb6c28f3b,period:1e2c5a7144cf9a8bc308,2020.0,Summer,regular,2020-07-18,BO1,2020-07-11T00:50:27+00:00,HIGH_CONFIDENCE_STRUCTURAL,"season=2020, team=oe:team:0dbb780176ecad18f17292d1f5653af, cutoff<=2020-07-18T00:00:00+00:00",STRUCTURAL_RECONCILIATION_ONLY
oe_structural:2020:2020-07-18:377de26207d6,oe:team:2e66da41dc460dd378e3bcc57042d31,oe:team:a22510a4756fa424cb0771b13261139,period:1e2c5a7144cf9a8bc308,2020.0,Summer,regular,2020-07-18,BO1,2020-07-11T00:50:27+00:00,HIGH_CONFIDENCE_STRUCTURAL,"season=2020, team=oe:team:2e66da41dc460dd378e3bcc57042d31, cutoff<=2020-07-18T00:00:00+00:00",STRUCTURAL_RECONCILIATION_ONLY
oe_structural:2020:2020-07-12:a7d6c0bc515b,oe:team:4bd1751425ef6a9bc9d4d8e9385b4a6,oe:team:fc8e90107dabb9a35c490b0d86adea0,period:1e2c5a7144cf9a8bc308,2020.0,Summer,regular,2020-07-12,BO1,2020-07-11T00:50:27+00:00,HIGH_CONFIDENCE_STRUCTURAL,"season=2020, team=oe:team:4bd1751425ef6a9bc9d4d8e9385b4a6, cutoff<=2020-07-12T00:00:00+00:00",STRUCTURAL_RECONCILIATION_ONLY
oe_structural:2020:2020-07-18:8d0d7f9c9fb0,oe:team:4bd1751425ef6a9bc9d4d8e9385b4a6,oe:team:a22510a4756fa424cb0771b13261139,period:1e2c5a7144cf9a8bc308,2020.0,Summer,regular,2020-07-18,BO1,2020-07-11T00:50:27+00:00,HIGH_CONFIDENCE_STRUCTURAL,"season=2020, team=oe:team:4bd1751425ef6a9bc9d4d8e9385b4a6, cutoff<=2020-07-18T00:00:00+00:00",STRUCTURAL_RECONCILIATION_ONLY
oe_structural:2020:2020-07-12:c7a340cc96f7,oe:team:87ee02298073abc2d55060f097d4041,oe:team:8eb884e168f28402ce685bedebb5250,period:1e2c5a7144cf9a8bc308,2020.0,Summer,regular,2020-07-12,BO1,2020-07-11T00:50:27+00:00,HIGH_CONFIDENCE_STRUCTURAL,"season=2020, team=oe:team:87ee02298073abc2d55060f097d4041, cutoff<=2020-07-12T00:00:00+00:00",STRUCTURAL_RECONCILIATION_ONLY
oe_structural:2020:2020-07-18:41c6ead0b3b9,oe:team:87ee02298073abc2d55060f097d4041,oe:team:c334c629fea759876e9e04afbe4aee7,period:1e2c5a7144cf9a8bc308,2020.0,Summer,regular,2020-07-18,BO1,2020-07-11T00:50:27+00:00,HIGH_CONFIDENCE_STRUCTURAL,"season=2020, team=oe:team:87ee02298073abc2d55060f097d4041, cutoff<=2020-07-18T00:00:00+00:00",STRUCTURAL_RECONCILIATION_ONLY
oe_structural:2020:2020-07-12:c7a340cc96f7,oe:team:8eb884e168f28402ce685bedebb5250,oe:team:87ee02298073abc2d55060f097d4041,period:1e2c5a7144cf9a8bc308,2020.0,Summer,regular,2020-07-12,BO1,2020-07-11T00:50:27+00:00,HIGH_CONFIDENCE_STRUCTURAL,"season=2020, team=oe:team:8eb884e168f28402ce685bedebb5250, cutoff<=2020-07-12T00:00:00+00:00",STRUCTURAL_RECONCILIATION_ONLY
oe_structural:2020:2020-07-18:365a6ab930b9,oe:team:8eb884e168f28402ce685bedebb5250,oe:team:f7f7324c151aa6ed770b244ce08e027,period:1e2c5a7144cf9a8bc308,2020.0,Summer,regular,2020-07-18,BO1,2020-07-11T00:50:27+00:00,HIGH_CONFIDENCE_STRUCTURAL,"season=2020, team=oe:team:8eb884e168f28402ce685bedebb5250, cutoff<=2020-07-18T00:00:00+00:00",STRUCTURAL_RECONCILIATION_ONLY
oe_structural:2020:2020-07-12:51199475c908,oe:team:a22510a4756fa424cb0771b13261139,oe:team:c334c629fea759876e9e04afbe4aee7,period:1e2c5a7144cf9a8bc308,2020.0,Summer,regular,2020-07-12,BO1,2020-07-11T00:50:27+00:00,HIGH_CONFIDENCE_STRUCTURAL,"season=2020, team=oe:team:a22510a4756fa424cb0771b13261139, cutoff<=2020-07-12T00:00:00+00:00",STRUCTURAL_RECONCILIATION_ONLY
oe_structural:2020:2020-07-18:377de26207d6,oe:team:a22510a4756fa424cb0771b13261139,oe:team:2e66da41dc460dd378e3bcc57042d31,period:1e2c5a7144cf9a8bc308,2020.0,Summer,regular,2020-07-18,BO1,2020-07-11T00:50:27+00:00,HIGH_CONFIDENCE_STRUCTURAL,"season=2020, team=oe:team:a22510a4756fa424cb0771b13261139, cutoff<=2020-07-18T00:00:00+00:00",STRUCTURAL_RECONCILIATION_ONLY
oe_structural:2020:2020-07-18:8d0d7f9c9fb0,oe:team:a22510a4756fa424cb0771b13261139,oe:team:4bd1751425ef6a9bc9d4d8e9385b4a6,period:1e2c5a7144cf9a8bc308,2020.0,Summer,regular,2020-07-18,BO1,2020-07-11T00:50:27+00:00,HIGH_CONFIDENCE_STRUCTURAL,"season=2020, team=oe:team:a22510a4756fa424cb0771b13261139, cutoff<=2020-07-18T00:00:00+00:00",STRUCTURAL_RECONCILIATION_ONLY
oe_structural:2020:2020-07-12:51199475c908,oe:team:c334c629fea759876e9e04afbe4aee7,oe:team:a22510a4756fa424cb0771b13261139,period:1e2c5a7144cf9a8bc308,2020.0,Summer,regular,2020-07-12,BO1,2020-07-11T00:50:27+00:00,HIGH_CONFIDENCE_STRUCTURAL,"season=2020, team=oe:team:c334c629fea759876e9e04afbe4aee7, cutoff<=2020-07-12T00:00:00+00:00",STRUCTURAL_RECONCILIATION_ONLY
oe_structural:2020:2020-07-18:41c6ead0b3b9,oe:team:c334c629fea759876e9e04afbe4aee7,oe:team:87ee02298073abc2d55060f097d4041,period:1e2c5a7144cf9a8bc308,2020.0,Summer,regular,2020-07-18,BO1,2020-07-11T00:50:27+00:00,HIGH_CONFIDENCE_STRUCTURAL,"season=2020, team=oe:team:c334c629fea759876e9e04afbe4aee7, cutoff<=2020-07-18T00:00:00+00:00",STRUCTURAL_RECONCILIATION_ONLY
oe_structural:2020:2020-07-12:09fc89dd0a0d,oe:team:cbfaf0ca2181f0903d2fcceb6c28f3b,oe:team:f7f7324c151aa6ed770b244ce08e027,period:1e2c5a7144cf9a8bc308,2020.0,Summer,regular,2020-07-12,BO1,2020-07-11T00:50:27+00:00,HIGH_CONFIDENCE_STRUCTURAL,"season=2020, team=oe:team:cbfaf0ca2181f0903d2fcceb6c28f3b, cutoff<=2020-07-12T00:00:00+00:00",STRUCTURAL_RECONCILIATION_ONLY
oe_structural:2020:2020-07-18:70a460b32240,oe:team:cbfaf0ca2181f0903d2fcceb6c28f3b,oe:team:0dbb780176ecad18f17292d1f5653af,period:1e2c5a7144cf9a8bc308,2020.0,Summer,regular,2020-07-18,BO1,2020-07-11T00:50:27+00:00,HIGH_CONFIDENCE_STRUCTURAL,"season=2020, team=oe:team:cbfaf0ca2181f0903d2fcceb6c28f3b, cutoff<=2020-07-18T00:00:00+00:00",STRUCTURAL_RECONCILIATION_ONLY
oe_structural:2020:2020-07-12:09fc89dd0a0d,oe:team:f7f7324c151aa6ed770b244ce08e027,oe:team:cbfaf0ca2181f0903d2fcceb6c28f3b,period:1e2c5a7144cf9a8bc308,2020.0,Summer,regular,2020-07-12,BO1,2020-07-11T00:50:27+00:00,HIGH_CONFIDENCE_STRUCTURAL,"season=2020, team=oe:team:f7f7324c151aa6ed770b244ce08e027, cutoff<=2020-07-12T00:00:00+00:00",STRUCTURAL_RECONCILIATION_ONLY
oe_structural:2020:2020-07-18:365a6ab930b9,oe:team:f7f7324c151aa6ed770b244ce08e027,oe:team:8eb884e168f28402ce685bedebb5250,period:1e2c5a7144cf9a8bc308,2020.0,Summer,regular,2020-07-18,BO1,2020-07-11T00:50:27+00:00,HIGH_CONFIDENCE_STRUCTURAL,"season=2020, team=oe:team:f7f7324c151aa6ed770b244ce08e027, cutoff<=2020-07-18T00:00:00+00:00",STRUCTURAL_RECONCILIATION_ONLY
oe_structural:2020:2020-07-18:8b5708e07c31,oe:team:f7f7324c151aa6ed770b244ce08e027,oe:team:fc8e90107dabb9a35c490b0d86adea0,period:1e2c5a7144cf9a8bc308,2020.0,Summer,regular,2020-07-18,BO1,2020-07-11T00:50:27+00:00,HIGH_CONFIDENCE_STRUCTURAL,"season=2020, team=oe:team:f7f7324c151aa6ed770b244ce08e027, cutoff<=2020-07-18T00:00:00+00:00",STRUCTURAL_RECONCILIATION_ONLY
oe_structural:2020:2020-07-12:a7d6c0bc515b,oe:team:fc8e90107dabb9a35c490b0d86adea0,oe:team:4bd1751425ef6a9bc9d4d8e9385b4a6,period:1e2c5a7144cf9a8bc308,2020.0,Summer,regular,2020-07-12,BO1,2020-07-11T00:50:27+00:00,HIGH_CONFIDENCE_STRUCTURAL,"season=2020, team=oe:team:fc8e90107dabb9a35c490b0d86adea0, cutoff<=2020-07-12T00:00:00+00:00",STRUCTURAL_RECONCILIATION_ONLY
oe_structural:2020:2020-07-18:8b5708e07c31,oe:team:fc8e90107dabb9a35c490b0d86adea0,oe:team:f7f7324c151aa6ed770b244ce08e027,period:1e2c5a7144cf9a8bc308,2020.0,Summer,regular,2020-07-18,BO1,2020-07-11T00:50:27+00:00,HIGH_CONFIDENCE_STRUCTURAL,"season=2020, team=oe:team:fc8e90107dabb9a35c490b0d86adea0, cutoff<=2020-07-18T00:00:00+00:00",STRUCTURAL_RECONCILIATION_ONLY
oe_structural:2021:2021-03-28:154d1361edd4,oe:team:0dbb780176ecad18f17292d1f5653af,oe:team:4bd1751425ef6a9bc9d4d8e9385b4a6,period:22dfd57f1594beeba715,2021.0,Spring,playoffs,2021-03-28,BO5,2021-03-27T19:16:36+00:00,HIGH_CONFIDENCE_STRUCTURAL,"season=2021, team=oe:team:0dbb780176ecad18f17292d1f5653af, cutoff<=2021-03-28T00:00:00+00:00",STRUCTURAL_RECONCILIATION_ONLY
oe_structural:2021:2021-06-04:7461b235aca9,oe:team:0dbb780176ecad18f17292d1f5653af,oe:team:f7f7324c151aa6ed770b244ce08e027,period:22dfd57f1594beeba715,2021.0,Summer,regular,2021-06-04,BO1,2021-03-27T19:16:36+00:00,HIGH_CONFIDENCE_STRUCTURAL,"season=2021, team=oe:team:0dbb780176ecad18f17292d1f5653af, cutoff<=2021-06-04T00:00:00+00:00",STRUCTURAL_RECONCILIATION_ONLY
oe_structural:2021:2021-03-28:154d1361edd4,oe:team:4bd1751425ef6a9bc9d4d8e9385b4a6,oe:team:0dbb780176ecad18f17292d1f5653af,period:22dfd57f1594beeba715,2021.0,Spring,playoffs,2021-03-28,BO5,2021-03-27T19:16:36+00:00,HIGH_CONFIDENCE_STRUCTURAL,"season=2021, team=oe:team:4bd1751425ef6a9bc9d4d8e9385b4a6, cutoff<=2021-03-28T00:00:00+00:00",STRUCTURAL_RECONCILIATION_ONLY
oe_structural:2021:2021-06-04:7461b235aca9,oe:team:f7f7324c151aa6ed770b244ce08e027,oe:team:0dbb780176ecad18f17292d1f5653af,period:22dfd57f1594beeba715,2021.0,Summer,regular,2021-06-04,BO1,2021-03-27T19:16:36+00:00,HIGH_CONFIDENCE_STRUCTURAL,"season=2021, team=oe:team:f7f7324c151aa6ed770b244ce08e027, cutoff<=2021-06-04T00:00:00+00:00",STRUCTURAL_RECONCILIATION_ONLY
oe_structural:2021:2021-06-13:33738f2f8384,oe:team:0dbb780176ecad18f17292d1f5653af,oe:team:fc8e90107dabb9a35c490b0d86adea0,period:24ddb9953986c3386cb5,2021.0,Summer,regular,2021-06-13,BO1,2021-06-11T21:37:50+00:00,HIGH_CONFIDENCE_STRUCTURAL,"season=2021, team=oe:team:0dbb780176ecad18f17292d1f5653af, cutoff<=2021-06-13T00:00:00+00:00",STRUCTURAL_RECONCILIATION_ONLY
oe_structural:2021:2021-06-13:f9edbefec59b,oe:team:0dbb780176ecad18f17292d1f5653af,oe:team:c334c629fea759876e9e04afbe4aee7,period:24ddb9953986c3386cb5,2021.0,Summer,regular,2021-06-13,BO1,2021-06-11T21:37:50+00:00,HIGH_CONFIDENCE_STRUCTURAL,"season=2021, team=oe:team:0dbb780176ecad18f17292d1f5653af, cutoff<=2021-06-13T00:00:00+00:00",STRUCTURAL_RECONCILIATION_ONLY
oe_structural:2021:2021-06-12:0ff603538bdb,oe:team:2e66da41dc460dd378e3bcc57042d31,oe:team:a22510a4756fa424cb0771b13261139,period:24ddb9953986c3386cb5,2021.0,Summer,regular,2021-06-12,BO1,2021-06-11T21:37:50+00:00,HIGH_CONFIDENCE_STRUCTURAL,"season=2021, team=oe:team:2e66da41dc460dd378e3bcc57042d31, cutoff<=2021-06-12T00:00:00+00:00",STRUCTURAL_RECONCILIATION_ONLY
oe_structural:2021:2021-06-12:c9a92fab948e,oe:team:2e66da41dc460dd378e3bcc57042d31,oe:team:fc8e90107dabb9a35c490b0d86adea0,period:24ddb9953986c3386cb5,2021.0,Summer,regular,2021-06-12,BO1,2021-06-11T21:37:50+00:00,HIGH_CONFIDENCE_STRUCTURAL,"season=2021, team=oe:team:2e66da41dc460dd378e3bcc57042d31, cutoff<=2021-06-12T00:00:00+00:00",STRUCTURAL_RECONCILIATION_ONLY
oe_structural:2021:2021-06-13:32fec1327e7e,oe:team:2e66da41dc460dd378e3bcc57042d31,oe:team:87ee02298073abc2d55060f097d4041,period:24ddb9953986c3386cb5,2021.0,Summer,regular,2021-06-13,BO1,2021-06-11T21:37:50+00:00,HIGH_CONFIDENCE_STRUCTURAL,"season=2021, team=oe:team:2e66da41dc460dd378e3bcc57042d31, cutoff<=2021-06-13T00:00:00+00:00",STRUCTURAL_RECONCILIATION_ONLY
oe_structural:2021:2021-06-18:9e60bdbc98c1,oe:team:2e66da41dc460dd378e3bcc57042d31,oe:team:8eb884e168f28402ce685bedebb5250,period:24ddb9953986c3386cb5,2021.0,Summer,regular,2021-06-18,BO1,2021-06-11T21:37:50+00:00,HIGH_CONFIDENCE_STRUCTURAL,"season=2021, team=oe:team:2e66da41dc460dd378e3bcc57042d31, cutoff<=2021-06-18T00:00:00+00:00",STRUCTURAL_RECONCILIATION_ONLY
oe_structural:2021:2021-06-12:02cd7b91d018,oe:team:4bd1751425ef6a9bc9d4d8e9385b4a6,oe:team:87ee02298073abc2d55060f097d4041,period:24ddb9953986c3386cb5,2021.0,Summer,regular,2021-06-12,BO1,2021-06-11T21:37:50+00:00,HIGH_CONFIDENCE_STRUCTURAL,"season=2021, team=oe:team:4bd1751425ef6a9bc9d4d8e9385b4a6, cutoff<=2021-06-12T00:00:00+00:00",STRUCTURAL_RECONCILIATION_ONLY
oe_structural:2021:2021-06-13:83ce20c51657,oe:team:4bd1751425ef6a9bc9d4d8e9385b4a6,oe:team:f7f7324c151aa6ed770b244ce08e027,period:24ddb9953986c3386cb5,2021.0,Summer,regular,2021-06-13,BO1,2021-06-11T21:37:50+00:00,HIGH_CONFIDENCE_STRUCTURAL,"season=2021, team=oe:team:4bd1751425ef6a9bc9d4d8e9385b4a6, cutoff<=2021-06-13T00:00:00+00:00",STRUCTURAL_RECONCILIATION_ONLY
oe_structural:2021:2021-06-12:02cd7b91d018,oe:team:87ee02298073abc2d55060f097d4041,oe:team:4bd1751425ef6a9bc9d4d8e9385b4a6,period:24ddb9953986c3386cb5,2021.0,Summer,regular,2021-06-12,BO1,2021-06-11T21:37:50+00:00,HIGH_CONFIDENCE_STRUCTURAL,"season=2021, team=oe:team:87ee02298073abc2d55060f097d4041, cutoff<=2021-06-12T00:00:00+00:00",STRUCTURAL_RECONCILIATION_ONLY
oe_structural:2021:2021-06-12:f3562af25bfe,oe:team:87ee02298073abc2d55060f097d4041,oe:team:cbfaf0ca2181f0903d2fcceb6c28f3b,period:24ddb9953986c3386cb5,2021.0,Summer,regular,2021-06-12,BO1,2021-06-11T21:37:50+00:00,HIGH_CONFIDENCE_STRUCTURAL,"season=2021, team=oe:team:87ee02298073abc2d55060f097d4041, cutoff<=2021-06-12T00:00:00+00:00",STRUCTURAL_RECONCILIATION_ONLY
oe_structural:2021:2021-06-13:32fec1327e7e,oe:team:87ee02298073abc2d55060f097d4041,oe:team:2e66da41dc460dd378e3bcc57042d31,period:24ddb9953986c3386cb5,2021.0,Summer,regular,2021-06-13,BO1,2021-06-11T21:37:50+00:00,HIGH_CONFIDENCE_STRUCTURAL,"season=2021, team=oe:team:87ee02298073abc2d55060f097d4041, cutoff<=2021-06-13T00:00:00+00:00",STRUCTURAL_RECONCILIATION_ONLY
oe_structural:2021:2021-06-12:bd24993669be,oe:team:8eb884e168f28402ce685bedebb5250,oe:team:f7f7324c151aa6ed770b244ce08e027,period:24ddb9953986c3386cb5,2021.0,Summer,regular,2021-06-12,BO1,2021-06-11T21:37:50+00:00,HIGH_CONFIDENCE_STRUCTURAL,"season=2021, team=oe:team:8eb884e168f28402ce685bedebb5250, cutoff<=2021-06-12T00:00:00+00:00",STRUCTURAL_RECONCILIATION_ONLY
oe_structural:2021:2021-06-13:d706f44b9634,oe:team:8eb884e168f28402ce685bedebb5250,oe:team:c334c629fea759876e9e04afbe4aee7,period:24ddb9953986c3386cb5,2021.0,Summer,regular,2021-06-13,BO1,2021-06-11T21:37:50+00:00,HIGH_CONFIDENCE_STRUCTURAL,"season=2021, team=oe:team:8eb884e168f28402ce685bedebb5250, cutoff<=2021-06-13T00:00:00+00:00",STRUCTURAL_RECONCILIATION_ONLY
oe_structural:2021:2021-06-18:9e60bdbc98c1,oe:team:8eb884e168f28402ce685bedebb5250,oe:team:2e66da41dc460dd378e3bcc57042d31,period:24ddb9953986c3386cb5,2021.0,Summer,regular,2021-06-18,BO1,2021-06-11T21:37:50+00:00,HIGH_CONFIDENCE_STRUCTURAL,"season=2021, team=oe:team:8eb884e168f28402ce685bedebb5250, cutoff<=2021-06-18T00:00:00+00:00",STRUCTURAL_RECONCILIATION_ONLY
oe_structural:2021:2021-06-12:0ff603538bdb,oe:team:a22510a4756fa424cb0771b13261139,oe:team:2e66da41dc460dd378e3bcc57042d31,period:24ddb9953986c3386cb5,2021.0,Summer,regular,2021-06-12,BO1,2021-06-11T21:37:50+00:00,HIGH_CONFIDENCE_STRUCTURAL,"season=2021, team=oe:team:a22510a4756fa424cb0771b13261139, cutoff<=2021-06-12T00:00:00+00:00",STRUCTURAL_RECONCILIATION_ONLY
oe_structural:2021:2021-06-13:deeed5ef050a,oe:team:a22510a4756fa424cb0771b13261139,oe:team:cbfaf0ca2181f0903d2fcceb6c28f3b,period:24ddb9953986c3386cb5,2021.0,Summer,regular,2021-06-13,BO1,2021-06-11T21:37:50+00:00,HIGH_CONFIDENCE_STRUCTURAL,"season=2021, team=oe:team:a22510a4756fa424cb0771b13261139, cutoff<=2021-06-13T00:00:00+00:00",STRUCTURAL_RECONCILIATION_ONLY
oe_structural:2021:2021-06-18:6a30f5d946f4,oe:team:a22510a4756fa424cb0771b13261139,oe:team:c334c629fea759876e9e04afbe4aee7,period:24ddb9953986c3386cb5,2021.0,Summer,regular,2021-06-18,BO1,2021-06-11T21:37:50+00:00,HIGH_CONFIDENCE_STRUCTURAL,"season=2021, team=oe:team:a22510a4756fa424cb0771b13261139, cutoff<=2021-06-18T00:00:00+00:00",STRUCTURAL_RECONCILIATION_ONLY
oe_structural:2021:2021-06-12:b587eaa86d10,oe:team:c334c629fea759876e9e04afbe4aee7,oe:team:f7f7324c151aa6ed770b244ce08e027,period:24ddb9953986c3386cb5,2021.0,Summer,regular,2021-06-12,BO1,2021-06-11T21:37:50+00:00,HIGH_CONFIDENCE_STRUCTURAL,"season=2021, team=oe:team:c334c629fea759876e9e04afbe4aee7, cutoff<=2021-06-12T00:00:00+00:00",STRUCTURAL_RECONCILIATION_ONLY
oe_structural:2021:2021-06-13:d706f44b9634,oe:team:c334c629fea759876e9e04afbe4aee7,oe:team:8eb884e168f28402ce685bedebb5250,period:24ddb9953986c3386cb5,2021.0,Summer,regular,2021-06-13,BO1,2021-06-11T21:37:50+00:00,HIGH_CONFIDENCE_STRUCTURAL,"season=2021, team=oe:team:c334c629fea759876e9e04afbe4aee7, cutoff<=2021-06-13T00:00:00+00:00",STRUCTURAL_RECONCILIATION_ONLY
oe_structural:2021:2021-06-13:f9edbefec59b,oe:team:c334c629fea759876e9e04afbe4aee7,oe:team:0dbb780176ecad18f17292d1f5653af,period:24ddb9953986c3386cb5,2021.0,Summer,regular,2021-06-13,BO1,2021-06-11T21:37:50+00:00,HIGH_CONFIDENCE_STRUCTURAL,"season=2021, team=oe:team:c334c629fea759876e9e04afbe4aee7, cutoff<=2021-06-13T00:00:00+00:00",STRUCTURAL_RECONCILIATION_ONLY
oe_structural:2021:2021-06-18:6a30f5d946f4,oe:team:c334c629fea759876e9e04afbe4aee7,oe:team:a22510a4756fa424cb0771b13261139,period:24ddb9953986c3386cb5,2021.0,Summer,regular,2021-06-18,BO1,2021-06-11T21:37:50+00:00,HIGH_CONFIDENCE_STRUCTURAL,"season=2021, team=oe:team:c334c629fea759876e9e04afbe4aee7, cutoff<=2021-06-18T00:00:00+00:00",STRUCTURAL_RECONCILIATION_ONLY
oe_structural:2021:2021-06-12:f3562af25bfe,oe:team:cbfaf0ca2181f0903d2fcceb6c28f3b,oe:team:87ee02298073abc2d55060f097d4041,period:24ddb9953986c3386cb5,2021.0,Summer,regular,2021-06-12,BO1,2021-06-11T21:37:50+00:00,HIGH_CONFIDENCE_STRUCTURAL,"season=2021, team=oe:team:cbfaf0ca2181f0903d2fcceb6c28f3b, cutoff<=2021-06-12T00:00:00+00:00",STRUCTURAL_RECONCILIATION_ONLY
oe_structural:2021:2021-06-13:c7bb4def5aa2,oe:team:cbfaf0ca2181f0903d2fcceb6c28f3b,oe:team:fc8e90107dabb9a35c490b0d86adea0,period:24ddb9953986c3386cb5,2021.0,Summer,regular,2021-06-13,BO1,2021-06-11T21:37:50+00:00,HIGH_CONFIDENCE_STRUCTURAL,"season=2021, team=oe:team:cbfaf0ca2181f0903d2fcceb6c28f3b, cutoff<=2021-06-13T00:00:00+00:00",STRUCTURAL_RECONCILIATION_ONLY
oe_structural:2021:2021-06-13:deeed5ef050a,oe:team:cbfaf0ca2181f0903d2fcceb6c28f3b,oe:team:a22510a4756fa424cb0771b13261139,period:24ddb9953986c3386cb5,2021.0,Summer,regular,2021-06-13,BO1,2021-06-11T21:37:50+00:00,HIGH_CONFIDENCE_STRUCTURAL,"season=2021, team=oe:team:cbfaf0ca2181f0903d2fcceb6c28f3b, cutoff<=2021-06-13T00:00:00+00:00",STRUCTURAL_RECONCILIATION_ONLY
oe_structural:2021:2021-06-12:b587eaa86d10,oe:team:f7f7324c151aa6ed770b244ce08e027,oe:team:c334c629fea759876e9e04afbe4aee7,period:24ddb9953986c3386cb5,2021.0,Summer,regular,2021-06-12,BO1,2021-06-11T21:37:50+00:00,HIGH_CONFIDENCE_STRUCTURAL,"season=2021, team=oe:team:f7f7324c151aa6ed770b244ce08e027, cutoff<=2021-06-12T00:00:00+00:00",STRUCTURAL_RECONCILIATION_ONLY
oe_structural:2021:2021-06-12:bd24993669be,oe:team:f7f7324c151aa6ed770b244ce08e027,oe:team:8eb884e168f28402ce685bedebb5250,period:24ddb9953986c3386cb5,2021.0,Summer,regular,2021-06-12,BO1,2021-06-11T21:37:50+00:00,HIGH_CONFIDENCE_STRUCTURAL,"season=2021, team=oe:team:f7f7324c151aa6ed770b244ce08e027, cutoff<=2021-06-12T00:00:00+00:00",STRUCTURAL_RECONCILIATION_ONLY
oe_structural:2021:2021-06-13:83ce20c51657,oe:team:f7f7324c151aa6ed770b244ce08e027,oe:team:4bd1751425ef6a9bc9d4d8e9385b4a6,period:24ddb9953986c3386cb5,2021.0,Summer,regular,2021-06-13,BO1,2021-06-11T21:37:50+00:00,HIGH_CONFIDENCE_STRUCTURAL,"season=2021, team=oe:team:f7f7324c151aa6ed770b244ce08e027, cutoff<=2021-06-13T00:00:00+00:00",STRUCTURAL_RECONCILIATION_ONLY
oe_structural:2021:2021-06-18:2e440ff4e72b,oe:team:f7f7324c151aa6ed770b244ce08e027,oe:team:fc8e90107dabb9a35c490b0d86adea0,period:24ddb9953986c3386cb5,2021.0,Summer,regular,2021-06-18,BO1,2021-06-11T21:37:50+00:00,HIGH_CONFIDENCE_STRUCTURAL,"season=2021, team=oe:team:f7f7324c151aa6ed770b244ce08e027, cutoff<=2021-06-18T00:00:00+00:00",STRUCTURAL_RECONCILIATION_ONLY
oe_structural:2021:2021-06-12:c9a92fab948e,oe:team:fc8e90107dabb9a35c490b0d86adea0,oe:team:2e66da41dc460dd378e3bcc57042d31,period:24ddb9953986c3386cb5,2021.0,Summer,regular,2021-06-12,BO1,2021-06-11T21:37:50+00:00,HIGH_CONFIDENCE_STRUCTURAL,"season=2021, team=oe:team:fc8e90107dabb9a35c490b0d86adea0, cutoff<=2021-06-12T00:00:00+00:00",STRUCTURAL_RECONCILIATION_ONLY
oe_structural:2021:2021-06-13:33738f2f8384,oe:team:fc8e90107dabb9a35c490b0d86adea0,oe:team:0dbb780176ecad18f17292d1f5653af,period:24ddb9953986c3386cb5,2021.0,Summer,regular,2021-06-13,BO1,2021-06-11T21:37:50+00:00,HIGH_CONFIDENCE_STRUCTURAL,"season=2021, team=oe:team:fc8e90107dabb9a35c490b0d86adea0, cutoff<=2021-06-13T00:00:00+00:00",STRUCTURAL_RECONCILIATION_ONLY
oe_structural:2021:2021-06-13:c7bb4def5aa2,oe:team:fc8e90107dabb9a35c490b0d86adea0,oe:team:cbfaf0ca2181f0903d2fcceb6c28f3b,period:24ddb9953986c3386cb5,2021.0,Summer,regular,2021-06-13,BO1,2021-06-11T21:37:50+00:00,HIGH_CONFIDENCE_STRUCTURAL,"season=2021, team=oe:team:fc8e90107dabb9a35c490b0d86adea0, cutoff<=2021-06-13T00:00:00+00:00",STRUCTURAL_RECONCILIATION_ONLY
oe_structural:2021:2021-06-18:2e440ff4e72b,oe:team:fc8e90107dabb9a35c490b0d86adea0,oe:team:f7f7324c151aa6ed770b244ce08e027,period:24ddb9953986c3386cb5,2021.0,Summer,regular,2021-06-18,BO1,2021-06-11T21:37:50+00:00,HIGH_CONFIDENCE_STRUCTURAL,"season=2021, team=oe:team:fc8e90107dabb9a35c490b0d86adea0, cutoff<=2021-06-18T00:00:00+00:00",STRUCTURAL_RECONCILIATION_ONLY
oe_structural:2022:2022-03-26:cc5db00da1de,oe:team:0dbb780176ecad18f17292d1f5653af,oe:team:8eb884e168f28402ce685bedebb5250,period:2543e9e0dda5edca0977,2022.0,Spring,regular,2022-03-26,BO1,2022-03-25T20:43:57+00:00,HIGH_CONFIDENCE_STRUCTURAL,"season=2022, team=oe:team:0dbb780176ecad18f17292d1f5653af, cutoff<=2022-03-26T00:00:00+00:00",STRUCTURAL_RECONCILIATION_ONLY
oe_structural:2022:2022-03-27:747cd651da48,oe:team:0dbb780176ecad18f17292d1f5653af,oe:team:4bd1751425ef6a9bc9d4d8e9385b4a6,period:2543e9e0dda5edca0977,2022.0,Spring,regular,2022-03-27,BO1,2022-03-25T20:43:57+00:00,HIGH_CONFIDENCE_STRUCTURAL,"season=2022, team=oe:team:0dbb780176ecad18f17292d1f5653af, cutoff<=2022-03-27T00:00:00+00:00",STRUCTURAL_RECONCILIATION_ONLY
oe_structural:2022:2022-03-27:9e9de495273b,oe:team:2e66da41dc460dd378e3bcc57042d31,oe:team:c334c629fea759876e9e04afbe4aee7,period:2543e9e0dda5edca0977,2022.0,Spring,regular,2022-03-27,BO1,2022-03-25T20:43:57+00:00,HIGH_CONFIDENCE_STRUCTURAL,"season=2022, team=oe:team:2e66da41dc460dd378e3bcc57042d31, cutoff<=2022-03-27T00:00:00+00:00",STRUCTURAL_RECONCILIATION_ONLY
oe_structural:2022:2022-03-27:abfabc0cdf82,oe:team:2e66da41dc460dd378e3bcc57042d31,oe:team:fc8e90107dabb9a35c490b0d86adea0,period:2543e9e0dda5edca0977,2022.0,Spring,regular,2022-03-27,BO1,2022-03-25T20:43:57+00:00,HIGH_CONFIDENCE_STRUCTURAL,"season=2022, team=oe:team:2e66da41dc460dd378e3bcc57042d31, cutoff<=2022-03-27T00:00:00+00:00",STRUCTURAL_RECONCILIATION_ONLY
oe_structural:2022:2022-03-28:23f288dd8df1,oe:team:2e66da41dc460dd378e3bcc57042d31,oe:team:f7f7324c151aa6ed770b244ce08e027,period:2543e9e0dda5edca0977,2022.0,Spring,regular,2022-03-28,BO1,2022-03-25T20:43:57+00:00,HIGH_CONFIDENCE_STRUCTURAL,"season=2022, team=oe:team:2e66da41dc460dd378e3bcc57042d31, cutoff<=2022-03-28T00:00:00+00:00",STRUCTURAL_RECONCILIATION_ONLY
oe_structural:2022:2022-03-28:8c7e9242e801,oe:team:2e66da41dc460dd378e3bcc57042d31,oe:team:87ee02298073abc2d55060f097d4041,period:2543e9e0dda5edca0977,2022.0,Spring,regular,2022-03-28,BO1,2022-03-25T20:43:57+00:00,HIGH_CONFIDENCE_STRUCTURAL,"season=2022, team=oe:team:2e66da41dc460dd378e3bcc57042d31, cutoff<=2022-03-28T00:00:00+00:00",STRUCTURAL_RECONCILIATION_ONLY
oe_structural:2022:2022-03-26:b57869ce139e,oe:team:4bd1751425ef6a9bc9d4d8e9385b4a6,oe:team:a22510a4756fa424cb0771b13261139,period:2543e9e0dda5edca0977,2022.0,Spring,regular,2022-03-26,BO1,2022-03-25T20:43:57+00:00,HIGH_CONFIDENCE_STRUCTURAL,"season=2022, team=oe:team:4bd1751425ef6a9bc9d4d8e9385b4a6, cutoff<=2022-03-26T00:00:00+00:00",STRUCTURAL_RECONCILIATION_ONLY
oe_structural:2022:2022-03-26:f1950240acc8,oe:team:4bd1751425ef6a9bc9d4d8e9385b4a6,oe:team:fc8e90107dabb9a35c490b0d86adea0,period:2543e9e0dda5edca0977,2022.0,Spring,regular,2022-03-26,BO1,2022-03-25T20:43:57+00:00,HIGH_CONFIDENCE_STRUCTURAL,"season=2022, team=oe:team:4bd1751425ef6a9bc9d4d8e9385b4a6, cutoff<=2022-03-26T00:00:00+00:00",STRUCTURAL_RECONCILIATION_ONLY
oe_structural:2022:2022-03-27:747cd651da48,oe:team:4bd1751425ef6a9bc9d4d8e9385b4a6,oe:team:0dbb780176ecad18f17292d1f5653af,period:2543e9e0dda5edca0977,2022.0,Spring,regular,2022-03-27,BO1,2022-03-25T20:43:57+00:00,HIGH_CONFIDENCE_STRUCTURAL,"season=2022, team=oe:team:4bd1751425ef6a9bc9d4d8e9385b4a6, cutoff<=2022-03-27T00:00:00+00:00",STRUCTURAL_RECONCILIATION_ONLY
oe_structural:2022:2022-04-02:60faa6d231b2,oe:team:4bd1751425ef6a9bc9d4d8e9385b4a6,oe:team:fc8e90107dabb9a35c490b0d86adea0,period:2543e9e0dda5edca0977,2022.0,nan,playoffs,2022-04-02,BO5,2022-03-25T20:43:57+00:00,HIGH_CONFIDENCE_STRUCTURAL,"season=2022, team=oe:team:4bd1751425ef6a9bc9d4d8e9385b4a6, cutoff<=2022-04-02T00:00:00+00:00",STRUCTURAL_RECONCILIATION_ONLY
oe_structural:2022:2022-03-26:dd5d6f399262,oe:team:87ee02298073abc2d55060f097d4041,oe:team:f7f7324c151aa6ed770b244ce08e027,period:2543e9e0dda5edca0977,2022.0,Spring,regular,2022-03-26,BO1,2022-03-25T20:43:57+00:00,HIGH_CONFIDENCE_STRUCTURAL,"season=2022, team=oe:team:87ee02298073abc2d55060f097d4041, cutoff<=2022-03-26T00:00:00+00:00",STRUCTURAL_RECONCILIATION_ONLY
oe_structural:2022:2022-03-27:936973d01d18,oe:team:87ee02298073abc2d55060f097d4041,oe:team:c334c629fea759876e9e04afbe4aee7,period:2543e9e0dda5edca0977,2022.0,Spring,regular,2022-03-27,BO1,2022-03-25T20:43:57+00:00,HIGH_CONFIDENCE_STRUCTURAL,"season=2022, team=oe:team:87ee02298073abc2d55060f097d4041, cutoff<=2022-03-27T00:00:00+00:00",STRUCTURAL_RECONCILIATION_ONLY
oe_structural:2022:2022-03-28:8c7e9242e801,oe:team:87ee02298073abc2d55060f097d4041,oe:team:2e66da41dc460dd378e3bcc57042d31,period:2543e9e0dda5edca0977,2022.0,Spring,regular,2022-03-28,BO1,2022-03-25T20:43:57+00:00,HIGH_CONFIDENCE_STRUCTURAL,"season=2022, team=oe:team:87ee02298073abc2d55060f097d4041, cutoff<=2022-03-28T00:00:00+00:00",STRUCTURAL_RECONCILIATION_ONLY
oe_structural:2022:2022-04-09:48d017afc351,oe:team:87ee02298073abc2d55060f097d4041,oe:team:fc8e90107dabb9a35c490b0d86adea0,period:2543e9e0dda5edca0977,2022.0,nan,playoffs,2022-04-09,BO5,2022-03-25T20:43:57+00:00,HIGH_CONFIDENCE_STRUCTURAL,"season=2022, team=oe:team:87ee02298073abc2d55060f097d4041, cutoff<=2022-04-09T00:00:00+00:00",STRUCTURAL_RECONCILIATION_ONLY
oe_structural:2022:2022-03-26:cc5db00da1de,oe:team:8eb884e168f28402ce685bedebb5250,oe:team:0dbb780176ecad18f17292d1f5653af,period:2543e9e0dda5edca0977,2022.0,Spring,regular,2022-03-26,BO1,2022-03-25T20:43:57+00:00,HIGH_CONFIDENCE_STRUCTURAL,"season=2022, team=oe:team:8eb884e168f28402ce685bedebb5250, cutoff<=2022-03-26T00:00:00+00:00",STRUCTURAL_RECONCILIATION_ONLY
oe_structural:2022:2022-03-27:e2af6c29eb09,oe:team:8eb884e168f28402ce685bedebb5250,oe:team:a22510a4756fa424cb0771b13261139,period:2543e9e0dda5edca0977,2022.0,Spring,regular,2022-03-27,BO1,2022-03-25T20:43:57+00:00,HIGH_CONFIDENCE_STRUCTURAL,"season=2022, team=oe:team:8eb884e168f28402ce685bedebb5250, cutoff<=2022-03-27T00:00:00+00:00",STRUCTURAL_RECONCILIATION_ONLY
oe_structural:2022:2022-03-26:b57869ce139e,oe:team:a22510a4756fa424cb0771b13261139,oe:team:4bd1751425ef6a9bc9d4d8e9385b4a6,period:2543e9e0dda5edca0977,2022.0,Spring,regular,2022-03-26,BO1,2022-03-25T20:43:57+00:00,HIGH_CONFIDENCE_STRUCTURAL,"season=2022, team=oe:team:a22510a4756fa424cb0771b13261139, cutoff<=2022-03-26T00:00:00+00:00",STRUCTURAL_RECONCILIATION_ONLY
oe_structural:2022:2022-03-26:b6428660a232,oe:team:a22510a4756fa424cb0771b13261139,oe:team:cbfaf0ca2181f0903d2fcceb6c28f3b,period:2543e9e0dda5edca0977,2022.0,Spring,regular,2022-03-26,BO1,2022-03-25T20:43:57+00:00,HIGH_CONFIDENCE_STRUCTURAL,"season=2022, team=oe:team:a22510a4756fa424cb0771b13261139, cutoff<=2022-03-26T00:00:00+00:00",STRUCTURAL_RECONCILIATION_ONLY
oe_structural:2022:2022-03-27:e2af6c29eb09,oe:team:a22510a4756fa424cb0771b13261139,oe:team:8eb884e168f28402ce685bedebb5250,period:2543e9e0dda5edca0977,2022.0,Spring,regular,2022-03-27,BO1,2022-03-25T20:43:57+00:00,HIGH_CONFIDENCE_STRUCTURAL,"season=2022, team=oe:team:a22510a4756fa424cb0771b13261139, cutoff<=2022-03-27T00:00:00+00:00",STRUCTURAL_RECONCILIATION_ONLY
oe_structural:2022:2022-06-17:6702013fbf87,oe:team:a22510a4756fa424cb0771b13261139,oe:team:4bd1751425ef6a9bc9d4d8e9385b4a6,period:2543e9e0dda5edca0977,2022.0,Summer,regular,2022-06-17,BO1,2022-03-25T20:43:57+00:00,HIGH_CONFIDENCE_STRUCTURAL,"season=2022, team=oe:team:a22510a4756fa424cb0771b13261139, cutoff<=2022-06-17T00:00:00+00:00",STRUCTURAL_RECONCILIATION_ONLY
oe_structural:2022:2022-03-27:936973d01d18,oe:team:c334c629fea759876e9e04afbe4aee7,oe:team:87ee02298073abc2d55060f097d4041,period:2543e9e0dda5edca0977,2022.0,Spring,regular,2022-03-27,BO1,2022-03-25T20:43:57+00:00,HIGH_CONFIDENCE_STRUCTURAL,"season=2022, team=oe:team:c334c629fea759876e9e04afbe4aee7, cutoff<=2022-03-27T00:00:00+00:00",STRUCTURAL_RECONCILIATION_ONLY
oe_structural:2022:2022-03-27:9e9de495273b,oe:team:c334c629fea759876e9e04afbe4aee7,oe:team:2e66da41dc460dd378e3bcc57042d31,period:2543e9e0dda5edca0977,2022.0,Spring,regular,2022-03-27,BO1,2022-03-25T20:43:57+00:00,HIGH_CONFIDENCE_STRUCTURAL,"season=2022, team=oe:team:c334c629fea759876e9e04afbe4aee7, cutoff<=2022-03-27T00:00:00+00:00",STRUCTURAL_RECONCILIATION_ONLY
oe_structural:2022:2022-03-26:b6428660a232,oe:team:cbfaf0ca2181f0903d2fcceb6c28f3b,oe:team:a22510a4756fa424cb0771b13261139,period:2543e9e0dda5edca0977,2022.0,Spring,regular,2022-03-26,BO1,2022-03-25T20:43:57+00:00,HIGH_CONFIDENCE_STRUCTURAL,"season=2022, team=oe:team:cbfaf0ca2181f0903d2fcceb6c28f3b, cutoff<=2022-03-26T00:00:00+00:00",STRUCTURAL_RECONCILIATION_ONLY
oe_structural:2022:2022-03-27:4b7f5040b860,oe:team:cbfaf0ca2181f0903d2fcceb6c28f3b,oe:team:f7f7324c151aa6ed770b244ce08e027,period:2543e9e0dda5edca0977,2022.0,Spring,regular,2022-03-27,BO1,2022-03-25T20:43:57+00:00,HIGH_CONFIDENCE_STRUCTURAL,"season=2022, team=oe:team:cbfaf0ca2181f0903d2fcceb6c28f3b, cutoff<=2022-03-27T00:00:00+00:00",STRUCTURAL_RECONCILIATION_ONLY
oe_structural:2022:2022-03-26:dd5d6f399262,oe:team:f7f7324c151aa6ed770b244ce08e027,oe:team:87ee02298073abc2d55060f097d4041,period:2543e9e0dda5edca0977,2022.0,Spring,regular,2022-03-26,BO1,2022-03-25T20:43:57+00:00,HIGH_CONFIDENCE_STRUCTURAL,"season=2022, team=oe:team:f7f7324c151aa6ed770b244ce08e027, cutoff<=2022-03-26T00:00:00+00:00",STRUCTURAL_RECONCILIATION_ONLY
oe_structural:2022:2022-03-27:4b7f5040b860,oe:team:f7f7324c151aa6ed770b244ce08e027,oe:team:cbfaf0ca2181f0903d2fcceb6c28f3b,period:2543e9e0dda5edca0977,2022.0,Spring,regular,2022-03-27,BO1,2022-03-25T20:43:57+00:00,HIGH_CONFIDENCE_STRUCTURAL,"season=2022, team=oe:team:f7f7324c151aa6ed770b244ce08e027, cutoff<=2022-03-27T00:00:00+00:00",STRUCTURAL_RECONCILIATION_ONLY
oe_structural:2022:2022-03-28:23f288dd8df1,oe:team:f7f7324c151aa6ed770b244ce08e027,oe:team:2e66da41dc460dd378e3bcc57042d31,period:2543e9e0dda5edca0977,2022.0,Spring,regular,2022-03-28,BO1,2022-03-25T20:43:57+00:00,HIGH_CONFIDENCE_STRUCTURAL,"season=2022, team=oe:team:f7f7324c151aa6ed770b244ce08e027, cutoff<=2022-03-28T00:00:00+00:00",STRUCTURAL_RECONCILIATION_ONLY
oe_structural:2022:2022-03-26:f1950240acc8,oe:team:fc8e90107dabb9a35c490b0d86adea0,oe:team:4bd1751425ef6a9bc9d4d8e9385b4a6,period:2543e9e0dda5edca0977,2022.0,Spring,regular,2022-03-26,BO1,2022-03-25T20:43:57+00:00,HIGH_CONFIDENCE_STRUCTURAL,"season=2022, team=oe:team:fc8e90107dabb9a35c490b0d86adea0, cutoff<=2022-03-26T00:00:00+00:00",STRUCTURAL_RECONCILIATION_ONLY
oe_structural:2022:2022-03-27:abfabc0cdf82,oe:team:fc8e90107dabb9a35c490b0d86adea0,oe:team:2e66da41dc460dd378e3bcc57042d31,period:2543e9e0dda5edca0977,2022.0,Spring,regular,2022-03-27,BO1,2022-03-25T20:43:57+00:00,HIGH_CONFIDENCE_STRUCTURAL,"season=2022, team=oe:team:fc8e90107dabb9a35c490b0d86adea0, cutoff<=2022-03-27T00:00:00+00:00",STRUCTURAL_RECONCILIATION_ONLY
oe_structural:2022:2022-04-02:60faa6d231b2,oe:team:fc8e90107dabb9a35c490b0d86adea0,oe:team:4bd1751425ef6a9bc9d4d8e9385b4a6,period:2543e9e0dda5edca0977,2022.0,nan,playoffs,2022-04-02,BO5,2022-03-25T20:43:57+00:00,HIGH_CONFIDENCE_STRUCTURAL,"season=2022, team=oe:team:fc8e90107dabb9a35c490b0d86adea0, cutoff<=2022-04-02T00:00:00+00:00",STRUCTURAL_RECONCILIATION_ONLY
oe_structural:2024:2024-01-21:c4113328b3e3,oe:team:0dbb780176ecad18f17292d1f5653af,oe:team:e758ebe9a5a2cc81b9c8078479c2d87,period:27c11f42e65c97b901b8,2024.0,Spring,regular,2024-01-21,BO1,2024-01-20T20:15:01+00:00,HIGH_CONFIDENCE_STRUCTURAL,"season=2024, team=oe:team:0dbb780176ecad18f17292d1f5653af, cutoff<=2024-01-21T00:00:00+00:00",STRUCTURAL_RECONCILIATION_ONLY
oe_structural:2024:2024-01-27:cb9ac9cd724a,oe:team:0dbb780176ecad18f17292d1f5653af,oe:team:fc8e90107dabb9a35c490b0d86adea0,period:27c11f42e65c97b901b8,2024.0,Spring,regular,2024-01-27,BO1,2024-01-20T20:15:01+00:00,HIGH_CONFIDENCE_STRUCTURAL,"season=2024, team=oe:team:0dbb780176ecad18f17292d1f5653af, cutoff<=2024-01-27T00:00:00+00:00",STRUCTURAL_RECONCILIATION_ONLY
oe_structural:2024:2024-01-21:0bb0f4b76398,oe:team:2e66da41dc460dd378e3bcc57042d31,oe:team:c334c629fea759876e9e04afbe4aee7,period:27c11f42e65c97b901b8,2024.0,Spring,regular,2024-01-21,BO1,2024-01-20T20:15:01+00:00,HIGH_CONFIDENCE_STRUCTURAL,"season=2024, team=oe:team:2e66da41dc460dd378e3bcc57042d31, cutoff<=2024-01-21T00:00:00+00:00",STRUCTURAL_RECONCILIATION_ONLY
oe_structural:2024:2024-01-27:08512f621708,oe:team:2e66da41dc460dd378e3bcc57042d31,oe:team:8eb884e168f28402ce685bedebb5250,period:27c11f42e65c97b901b8,2024.0,Spring,regular,2024-01-27,BO1,2024-01-20T20:15:01+00:00,HIGH_CONFIDENCE_STRUCTURAL,"season=2024, team=oe:team:2e66da41dc460dd378e3bcc57042d31, cutoff<=2024-01-27T00:00:00+00:00",STRUCTURAL_RECONCILIATION_ONLY
oe_structural:2024:2024-01-21:36a128a2e658,oe:team:4bd1751425ef6a9bc9d4d8e9385b4a6,oe:team:fc8e90107dabb9a35c490b0d86adea0,period:27c11f42e65c97b901b8,2024.0,Spring,regular,2024-01-21,BO1,2024-01-20T20:15:01+00:00,HIGH_CONFIDENCE_STRUCTURAL,"season=2024, team=oe:team:4bd1751425ef6a9bc9d4d8e9385b4a6, cutoff<=2024-01-21T00:00:00+00:00",STRUCTURAL_RECONCILIATION_ONLY
oe_structural:2024:2024-01-27:e996fe80aba8,oe:team:4bd1751425ef6a9bc9d4d8e9385b4a6,oe:team:e758ebe9a5a2cc81b9c8078479c2d87,period:27c11f42e65c97b901b8,2024.0,Spring,regular,2024-01-27,BO1,2024-01-20T20:15:01+00:00,HIGH_CONFIDENCE_STRUCTURAL,"season=2024, team=oe:team:4bd1751425ef6a9bc9d4d8e9385b4a6, cutoff<=2024-01-27T00:00:00+00:00",STRUCTURAL_RECONCILIATION_ONLY
oe_structural:2024:2024-01-21:d92a11a714cc,oe:team:8eb884e168f28402ce685bedebb5250,oe:team:b360f1d729b0a8e0f29a5243c4200fa,period:27c11f42e65c97b901b8,2024.0,Spring,regular,2024-01-21,BO1,2024-01-20T20:15:01+00:00,HIGH_CONFIDENCE_STRUCTURAL,"season=2024, team=oe:team:8eb884e168f28402ce685bedebb5250, cutoff<=2024-01-21T00:00:00+00:00",STRUCTURAL_RECONCILIATION_ONLY
oe_structural:2024:2024-01-27:08512f621708,oe:team:8eb884e168f28402ce685bedebb5250,oe:team:2e66da41dc460dd378e3bcc57042d31,period:27c11f42e65c97b901b8,2024.0,Spring,regular,2024-01-27,BO1,2024-01-20T20:15:01+00:00,HIGH_CONFIDENCE_STRUCTURAL,"season=2024, team=oe:team:8eb884e168f28402ce685bedebb5250, cutoff<=2024-01-27T00:00:00+00:00",STRUCTURAL_RECONCILIATION_ONLY
oe_structural:2024:2024-01-21:d92a11a714cc,oe:team:b360f1d729b0a8e0f29a5243c4200fa,oe:team:8eb884e168f28402ce685bedebb5250,period:27c11f42e65c97b901b8,2024.0,Spring,regular,2024-01-21,BO1,2024-01-20T20:15:01+00:00,HIGH_CONFIDENCE_STRUCTURAL,"season=2024, team=oe:team:b360f1d729b0a8e0f29a5243c4200fa, cutoff<=2024-01-21T00:00:00+00:00",STRUCTURAL_RECONCILIATION_ONLY
oe_structural:2024:2024-01-27:482af0a7a8a0,oe:team:b360f1d729b0a8e0f29a5243c4200fa,oe:team:c334c629fea759876e9e04afbe4aee7,period:27c11f42e65c97b901b8,2024.0,Spring,regular,2024-01-27,BO1,2024-01-20T20:15:01+00:00,HIGH_CONFIDENCE_STRUCTURAL,"season=2024, team=oe:team:b360f1d729b0a8e0f29a5243c4200fa, cutoff<=2024-01-27T00:00:00+00:00",STRUCTURAL_RECONCILIATION_ONLY
oe_structural:2024:2024-01-21:0bb0f4b76398,oe:team:c334c629fea759876e9e04afbe4aee7,oe:team:2e66da41dc460dd378e3bcc57042d31,period:27c11f42e65c97b901b8,2024.0,Spring,regular,2024-01-21,BO1,2024-01-20T20:15:01+00:00,HIGH_CONFIDENCE_STRUCTURAL,"season=2024, team=oe:team:c334c629fea759876e9e04afbe4aee7, cutoff<=2024-01-21T00:00:00+00:00",STRUCTURAL_RECONCILIATION_ONLY
oe_structural:2024:2024-01-27:482af0a7a8a0,oe:team:c334c629fea759876e9e04afbe4aee7,oe:team:b360f1d729b0a8e0f29a5243c4200fa,period:27c11f42e65c97b901b8,2024.0,Spring,regular,2024-01-27,BO1,2024-01-20T20:15:01+00:00,HIGH_CONFIDENCE_STRUCTURAL,"season=2024, team=oe:team:c334c629fea759876e9e04afbe4aee7, cutoff<=2024-01-27T00:00:00+00:00",STRUCTURAL_RECONCILIATION_ONLY
oe_structural:2024:2024-01-21:c4113328b3e3,oe:team:e758ebe9a5a2cc81b9c8078479c2d87,oe:team:0dbb780176ecad18f17292d1f5653af,period:27c11f42e65c97b901b8,2024.0,Spring,regular,2024-01-21,BO1,2024-01-20T20:15:01+00:00,HIGH_CONFIDENCE_STRUCTURAL,"season=2024, team=oe:team:e758ebe9a5a2cc81b9c8078479c2d87, cutoff<=2024-01-21T00:00:00+00:00",STRUCTURAL_RECONCILIATION_ONLY
oe_structural:2024:2024-01-27:e996fe80aba8,oe:team:e758ebe9a5a2cc81b9c8078479c2d87,oe:team:4bd1751425ef6a9bc9d4d8e9385b4a6,period:27c11f42e65c97b901b8,2024.0,Spring,regular,2024-01-27,BO1,2024-01-20T20:15:01+00:00,HIGH_CONFIDENCE_STRUCTURAL,"season=2024, team=oe:team:e758ebe9a5a2cc81b9c8078479c2d87, cutoff<=2024-01-27T00:00:00+00:00",STRUCTURAL_RECONCILIATION_ONLY
oe_structural:2024:2024-01-21:36a128a2e658,oe:team:fc8e90107dabb9a35c490b0d86adea0,oe:team:4bd1751425ef6a9bc9d4d8e9385b4a6,period:27c11f42e65c97b901b8,2024.0,Spring,regular,2024-01-21,BO1,2024-01-20T20:15:01+00:00,HIGH_CONFIDENCE_STRUCTURAL,"season=2024, team=oe:team:fc8e90107dabb9a35c490b0d86adea0, cutoff<=2024-01-21T00:00:00+00:00",STRUCTURAL_RECONCILIATION_ONLY
oe_structural:2024:2024-01-27:cb9ac9cd724a,oe:team:fc8e90107dabb9a35c490b0d86adea0,oe:team:0dbb780176ecad18f17292d1f5653af,period:27c11f42e65c97b901b8,2024.0,Spring,regular,2024-01-27,BO1,2024-01-20T20:15:01+00:00,HIGH_CONFIDENCE_STRUCTURAL,"season=2024, team=oe:team:fc8e90107dabb9a35c490b0d86adea0, cutoff<=2024-01-27T00:00:00+00:00",STRUCTURAL_RECONCILIATION_ONLY
oe_structural:2026:2026-01-25:aa16ea2b820d,oe:team:0dbb780176ecad18f17292d1f5653af,oe:team:da1143bf9a245b78a8dc86417de85b3,period:28d589eedfce312e1ad3,2026.0,Lock-In,regular,2026-01-25,BO1,2026-01-24T21:24:34+00:00,HIGH_CONFIDENCE_STRUCTURAL,"season=2026, team=oe:team:0dbb780176ecad18f17292d1f5653af, cutoff<=2026-01-25T00:00:00+00:00",STRUCTURAL_RECONCILIATION_ONLY
oe_structural:2026:2026-01-26:da0cef21b015,oe:team:0dbb780176ecad18f17292d1f5653af,oe:team:da1143bf9a245b78a8dc86417de85b3,period:28d589eedfce312e1ad3,2026.0,Lock-In,regular,2026-01-26,BO1,2026-01-24T21:24:34+00:00,HIGH_CONFIDENCE_STRUCTURAL,"season=2026, team=oe:team:0dbb780176ecad18f17292d1f5653af, cutoff<=2026-01-26T00:00:00+00:00",STRUCTURAL_RECONCILIATION_ONLY
oe_structural:2026:2026-01-25:bd770e6439a7,oe:team:289284911fb6f41c0ccaecc3a0c2891,oe:team:f90422f1cbcb24bc2a855202582ec29,period:28d589eedfce312e1ad3,2026.0,Lock-In,regular,2026-01-25,BO1,2026-01-24T21:24:34+00:00,HIGH_CONFIDENCE_STRUCTURAL,"season=2026, team=oe:team:289284911fb6f41c0ccaecc3a0c2891, cutoff<=2026-01-25T00:00:00+00:00",STRUCTURAL_RECONCILIATION_ONLY
oe_structural:2026:2026-01-25:3d342b1f8e01,oe:team:2e66da41dc460dd378e3bcc57042d31,oe:team:b360f1d729b0a8e0f29a5243c4200fa,period:28d589eedfce312e1ad3,2026.0,Lock-In,regular,2026-01-25,BO1,2026-01-24T21:24:34+00:00,HIGH_CONFIDENCE_STRUCTURAL,"season=2026, team=oe:team:2e66da41dc460dd378e3bcc57042d31, cutoff<=2026-01-25T00:00:00+00:00",STRUCTURAL_RECONCILIATION_ONLY
oe_structural:2026:2026-01-25:3d342b1f8e01,oe:team:b360f1d729b0a8e0f29a5243c4200fa,oe:team:2e66da41dc460dd378e3bcc57042d31,period:28d589eedfce312e1ad3,2026.0,Lock-In,regular,2026-01-25,BO1,2026-01-24T21:24:34+00:00,HIGH_CONFIDENCE_STRUCTURAL,"season=2026, team=oe:team:b360f1d729b0a8e0f29a5243c4200fa, cutoff<=2026-01-25T00:00:00+00:00",STRUCTURAL_RECONCILIATION_ONLY
oe_structural:2026:2026-01-25:aa16ea2b820d,oe:team:da1143bf9a245b78a8dc86417de85b3,oe:team:0dbb780176ecad18f17292d1f5653af,period:28d589eedfce312e1ad3,2026.0,Lock-In,regular,2026-01-25,BO1,2026-01-24T21:24:34+00:00,HIGH_CONFIDENCE_STRUCTURAL,"season=2026, team=oe:team:da1143bf9a245b78a8dc86417de85b3, cutoff<=2026-01-25T00:00:00+00:00",STRUCTURAL_RECONCILIATION_ONLY
oe_structural:2026:2026-01-26:da0cef21b015,oe:team:da1143bf9a245b78a8dc86417de85b3,oe:team:0dbb780176ecad18f17292d1f5653af,period:28d589eedfce312e1ad3,2026.0,Lock-In,regular,2026-01-26,BO1,2026-01-24T21:24:34+00:00,HIGH_CONFIDENCE_STRUCTURAL,"season=2026, team=oe:team:da1143bf9a245b78a8dc86417de85b3, cutoff<=2026-01-26T00:00:00+00:00",STRUCTURAL_RECONCILIATION_ONLY
oe_structural:2026:2026-01-25:bd770e6439a7,oe:team:f90422f1cbcb24bc2a855202582ec29,oe:team:289284911fb6f41c0ccaecc3a0c2891,period:28d589eedfce312e1ad3,2026.0,Lock-In,regular,2026-01-25,BO1,2026-01-24T21:24:34+00:00,HIGH_CONFIDENCE_STRUCTURAL,"season=2026, team=oe:team:f90422f1cbcb24bc2a855202582ec29, cutoff<=2026-01-25T00:00:00+00:00",STRUCTURAL_RECONCILIATION_ONLY
oe_structural:2026:2026-01-31:b9b16dda44e5,oe:team:f90422f1cbcb24bc2a855202582ec29,oe:team:0dbb780176ecad18f17292d1f5653af,period:28d589eedfce312e1ad3,2026.0,Lock-In,regular,2026-01-31,BO1,2026-01-24T21:24:34+00:00,HIGH_CONFIDENCE_STRUCTURAL,"season=2026, team=oe:team:f90422f1cbcb24bc2a855202582ec29, cutoff<=2026-01-31T00:00:00+00:00",STRUCTURAL_RECONCILIATION_ONLY
oe_structural:2026:2026-01-31:dd99d2a4e38c,oe:team:fc8e90107dabb9a35c490b0d86adea0,oe:team:da1143bf9a245b78a8dc86417de85b3,period:28d589eedfce312e1ad3,2026.0,Lock-In,regular,2026-01-31,BO1,2026-01-24T21:24:34+00:00,HIGH_CONFIDENCE_STRUCTURAL,"season=2026, team=oe:team:fc8e90107dabb9a35c490b0d86adea0, cutoff<=2026-01-31T00:00:00+00:00",STRUCTURAL_RECONCILIATION_ONLY
oe_structural:2024:2024-08-03:de2b30778742,oe:team:0dbb780176ecad18f17292d1f5653af,oe:team:e758ebe9a5a2cc81b9c8078479c2d87,period:29c7eddc03e68fe96070,2024.0,Summer,regular,2024-08-03,BO3,2024-07-27T20:09:19+00:00,HIGH_CONFIDENCE_STRUCTURAL,"season=2024, team=oe:team:0dbb780176ecad18f17292d1f5653af, cutoff<=2024-08-03T00:00:00+00:00",STRUCTURAL_RECONCILIATION_ONLY
oe_structural:2024:2024-07-28:2f3551daaa52,oe:team:2e66da41dc460dd378e3bcc57042d31,oe:team:4bd1751425ef6a9bc9d4d8e9385b4a6,period:29c7eddc03e68fe96070,2024.0,Summer,regular,2024-07-28,BO3,2024-07-27T20:09:19+00:00,HIGH_CONFIDENCE_STRUCTURAL,"season=2024, team=oe:team:2e66da41dc460dd378e3bcc57042d31, cutoff<=2024-07-28T00:00:00+00:00",STRUCTURAL_RECONCILIATION_ONLY
oe_structural:2024:2024-07-28:2f3551daaa52,oe:team:4bd1751425ef6a9bc9d4d8e9385b4a6,oe:team:2e66da41dc460dd378e3bcc57042d31,period:29c7eddc03e68fe96070,2024.0,Summer,regular,2024-07-28,BO3,2024-07-27T20:09:19+00:00,HIGH_CONFIDENCE_STRUCTURAL,"season=2024, team=oe:team:4bd1751425ef6a9bc9d4d8e9385b4a6, cutoff<=2024-07-28T00:00:00+00:00",STRUCTURAL_RECONCILIATION_ONLY
oe_structural:2024:2024-08-03:f46cde618851,oe:team:4bd1751425ef6a9bc9d4d8e9385b4a6,oe:team:c334c629fea759876e9e04afbe4aee7,period:29c7eddc03e68fe96070,2024.0,Summer,regular,2024-08-03,BO3,2024-07-27T20:09:19+00:00,HIGH_CONFIDENCE_STRUCTURAL,"season=2024, team=oe:team:4bd1751425ef6a9bc9d4d8e9385b4a6, cutoff<=2024-08-03T00:00:00+00:00",STRUCTURAL_RECONCILIATION_ONLY
oe_structural:2024:2024-07-28:2f9ff5dd4bd4,oe:team:8eb884e168f28402ce685bedebb5250,oe:team:c334c629fea759876e9e04afbe4aee7,period:29c7eddc03e68fe96070,2024.0,Summer,regular,2024-07-28,BO3,2024-07-27T20:09:19+00:00,HIGH_CONFIDENCE_STRUCTURAL,"season=2024, team=oe:team:8eb884e168f28402ce685bedebb5250, cutoff<=2024-07-28T00:00:00+00:00",STRUCTURAL_RECONCILIATION_ONLY
oe_structural:2024:2024-07-28:2f9ff5dd4bd4,oe:team:c334c629fea759876e9e04afbe4aee7,oe:team:8eb884e168f28402ce685bedebb5250,period:29c7eddc03e68fe96070,2024.0,Summer,regular,2024-07-28,BO3,2024-07-27T20:09:19+00:00,HIGH_CONFIDENCE_STRUCTURAL,"season=2024, team=oe:team:c334c629fea759876e9e04afbe4aee7, cutoff<=2024-07-28T00:00:00+00:00",STRUCTURAL_RECONCILIATION_ONLY
oe_structural:2024:2024-08-03:f46cde618851,oe:team:c334c629fea759876e9e04afbe4aee7,oe:team:4bd1751425ef6a9bc9d4d8e9385b4a6,period:29c7eddc03e68fe96070,2024.0,Summer,regular,2024-08-03,BO3,2024-07-27T20:09:19+00:00,HIGH_CONFIDENCE_STRUCTURAL,"season=2024, team=oe:team:c334c629fea759876e9e04afbe4aee7, cutoff<=2024-08-03T00:00:00+00:00",STRUCTURAL_RECONCILIATION_ONLY
oe_structural:2024:2024-08-03:de2b30778742,oe:team:e758ebe9a5a2cc81b9c8078479c2d87,oe:team:0dbb780176ecad18f17292d1f5653af,period:29c7eddc03e68fe96070,2024.0,Summer,regular,2024-08-03,BO3,2024-07-27T20:09:19+00:00,HIGH_CONFIDENCE_STRUCTURAL,"season=2024, team=oe:team:e758ebe9a5a2cc81b9c8078479c2d87, cutoff<=2024-08-03T00:00:00+00:00",STRUCTURAL_RECONCILIATION_ONLY
oe_structural:2026:2026-06-14:019ca0105088,oe:team:8eb884e168f28402ce685bedebb5250,oe:team:da1143bf9a245b78a8dc86417de85b3,period:2a0b31a43b9b5e794a24,2026.0,Spring,playoffs,2026-06-14,BO5,2026-06-13T20:14:55+00:00,HIGH_CONFIDENCE_STRUCTURAL,"season=2026, team=oe:team:8eb884e168f28402ce685bedebb5250, cutoff<=2026-06-14T00:00:00+00:00",STRUCTURAL_RECONCILIATION_ONLY
oe_structural:2026:2026-06-14:019ca0105088,oe:team:da1143bf9a245b78a8dc86417de85b3,oe:team:8eb884e168f28402ce685bedebb5250,period:2a0b31a43b9b5e794a24,2026.0,Spring,playoffs,2026-06-14,BO5,2026-06-13T20:14:55+00:00,HIGH_CONFIDENCE_STRUCTURAL,"season=2026, team=oe:team:da1143bf9a245b78a8dc86417de85b3, cutoff<=2026-06-14T00:00:00+00:00",STRUCTURAL_RECONCILIATION_ONLY
oe_structural:2026:2026-07-25:3a4f59a4ba40,oe:team:da1143bf9a245b78a8dc86417de85b3,oe:team:2e66da41dc460dd378e3bcc57042d31,period:2a0b31a43b9b5e794a24,2026.0,Summer,regular,2026-07-25,BO1,2026-06-13T20:14:55+00:00,HIGH_CONFIDENCE_STRUCTURAL,"season=2026, team=oe:team:da1143bf9a245b78a8dc86417de85b3, cutoff<=2026-07-25T00:00:00+00:00",STRUCTURAL_RECONCILIATION_ONLY
oe_structural:2023:2023-02-16:f9e417dbf974,oe:team:0dbb780176ecad18f17292d1f5653af,oe:team:fc8e90107dabb9a35c490b0d86adea0,period:2b3de7782bdf56dc82d0,2023.0,Spring,regular,2023-02-16,BO1,2023-02-15T22:07:50+00:00,HIGH_CONFIDENCE_STRUCTURAL,"season=2023, team=oe:team:0dbb780176ecad18f17292d1f5653af, cutoff<=2023-02-16T00:00:00+00:00",STRUCTURAL_RECONCILIATION_ONLY
oe_structural:2023:2023-02-17:5bd1d5dccb60,oe:team:0dbb780176ecad18f17292d1f5653af,oe:team:87ee02298073abc2d55060f097d4041,period:2b3de7782bdf56dc82d0,2023.0,Spring,regular,2023-02-17,BO1,2023-02-15T22:07:50+00:00,HIGH_CONFIDENCE_STRUCTURAL,"season=2023, team=oe:team:0dbb780176ecad18f17292d1f5653af, cutoff<=2023-02-17T00:00:00+00:00",STRUCTURAL_RECONCILIATION_ONLY
oe_structural:2023:2023-02-18:68a01de6973b,oe:team:0dbb780176ecad18f17292d1f5653af,oe:team:a22510a4756fa424cb0771b13261139,period:2b3de7782bdf56dc82d0,2023.0,Spring,regular,2023-02-18,BO1,2023-02-15T22:07:50+00:00,HIGH_CONFIDENCE_STRUCTURAL,"season=2023, team=oe:team:0dbb780176ecad18f17292d1f5653af, cutoff<=2023-02-18T00:00:00+00:00",STRUCTURAL_RECONCILIATION_ONLY
oe_structural:2023:2023-02-17:602e72bcd8bf,oe:team:2e66da41dc460dd378e3bcc57042d31,oe:team:cbfaf0ca2181f0903d2fcceb6c28f3b,period:2b3de7782bdf56dc82d0,2023.0,Spring,regular,2023-02-17,BO1,2023-02-15T22:07:50+00:00,HIGH_CONFIDENCE_STRUCTURAL,"season=2023, team=oe:team:2e66da41dc460dd378e3bcc57042d31, cutoff<=2023-02-17T00:00:00+00:00",STRUCTURAL_RECONCILIATION_ONLY
oe_structural:2023:2023-02-17:ed40d5504d24,oe:team:2e66da41dc460dd378e3bcc57042d31,oe:team:a22510a4756fa424cb0771b13261139,period:2b3de7782bdf56dc82d0,2023.0,Spring,regular,2023-02-17,BO1,2023-02-15T22:07:50+00:00,HIGH_CONFIDENCE_STRUCTURAL,"season=2023, team=oe:team:2e66da41dc460dd378e3bcc57042d31, cutoff<=2023-02-17T00:00:00+00:00",STRUCTURAL_RECONCILIATION_ONLY
oe_structural:2023:2023-02-23:c2b64aa53fcb,oe:team:2e66da41dc460dd378e3bcc57042d31,oe:team:4bd1751425ef6a9bc9d4d8e9385b4a6,period:2b3de7782bdf56dc82d0,2023.0,Spring,regular,2023-02-23,BO1,2023-02-15T22:07:50+00:00,HIGH_CONFIDENCE_STRUCTURAL,"season=2023, team=oe:team:2e66da41dc460dd378e3bcc57042d31, cutoff<=2023-02-23T00:00:00+00:00",STRUCTURAL_RECONCILIATION_ONLY
oe_structural:2023:2023-02-17:a17a860141d5,oe:team:4bd1751425ef6a9bc9d4d8e9385b4a6,oe:team:cbfaf0ca2181f0903d2fcceb6c28f3b,period:2b3de7782bdf56dc82d0,2023.0,Spring,regular,2023-02-17,BO1,2023-02-15T22:07:50+00:00,HIGH_CONFIDENCE_STRUCTURAL,"season=2023, team=oe:team:4bd1751425ef6a9bc9d4d8e9385b4a6, cutoff<=2023-02-17T00:00:00+00:00",STRUCTURAL_RECONCILIATION_ONLY
oe_structural:2023:2023-02-18:e955cb4fbf91,oe:team:4bd1751425ef6a9bc9d4d8e9385b4a6,oe:team:87ee02298073abc2d55060f097d4041,period:2b3de7782bdf56dc82d0,2023.0,Spring,regular,2023-02-18,BO1,2023-02-15T22:07:50+00:00,HIGH_CONFIDENCE_STRUCTURAL,"season=2023, team=oe:team:4bd1751425ef6a9bc9d4d8e9385b4a6, cutoff<=2023-02-18T00:00:00+00:00",STRUCTURAL_RECONCILIATION_ONLY
oe_structural:2023:2023-02-23:c2b64aa53fcb,oe:team:4bd1751425ef6a9bc9d4d8e9385b4a6,oe:team:2e66da41dc460dd378e3bcc57042d31,period:2b3de7782bdf56dc82d0,2023.0,Spring,regular,2023-02-23,BO1,2023-02-15T22:07:50+00:00,HIGH_CONFIDENCE_STRUCTURAL,"season=2023, team=oe:team:4bd1751425ef6a9bc9d4d8e9385b4a6, cutoff<=2023-02-23T00:00:00+00:00",STRUCTURAL_RECONCILIATION_ONLY
oe_structural:2023:2023-02-16:ed2b9272c8df,oe:team:87ee02298073abc2d55060f097d4041,oe:team:a22510a4756fa424cb0771b13261139,period:2b3de7782bdf56dc82d0,2023.0,Spring,regular,2023-02-16,BO1,2023-02-15T22:07:50+00:00,HIGH_CONFIDENCE_STRUCTURAL,"season=2023, team=oe:team:87ee02298073abc2d55060f097d4041, cutoff<=2023-02-16T00:00:00+00:00",STRUCTURAL_RECONCILIATION_ONLY
oe_structural:2023:2023-02-17:5bd1d5dccb60,oe:team:87ee02298073abc2d55060f097d4041,oe:team:0dbb780176ecad18f17292d1f5653af,period:2b3de7782bdf56dc82d0,2023.0,Spring,regular,2023-02-17,BO1,2023-02-15T22:07:50+00:00,HIGH_CONFIDENCE_STRUCTURAL,"season=2023, team=oe:team:87ee02298073abc2d55060f097d4041, cutoff<=2023-02-17T00:00:00+00:00",STRUCTURAL_RECONCILIATION_ONLY
oe_structural:2023:2023-02-18:e955cb4fbf91,oe:team:87ee02298073abc2d55060f097d4041,oe:team:4bd1751425ef6a9bc9d4d8e9385b4a6,period:2b3de7782bdf56dc82d0,2023.0,Spring,regular,2023-02-18,BO1,2023-02-15T22:07:50+00:00,HIGH_CONFIDENCE_STRUCTURAL,"season=2023, team=oe:team:87ee02298073abc2d55060f097d4041, cutoff<=2023-02-18T00:00:00+00:00",STRUCTURAL_RECONCILIATION_ONLY
oe_structural:2023:2023-02-23:253749891086,oe:team:87ee02298073abc2d55060f097d4041,oe:team:fc8e90107dabb9a35c490b0d86adea0,period:2b3de7782bdf56dc82d0,2023.0,Spring,regular,2023-02-23,BO1,2023-02-15T22:07:50+00:00,HIGH_CONFIDENCE_STRUCTURAL,"season=2023, team=oe:team:87ee02298073abc2d55060f097d4041, cutoff<=2023-02-23T00:00:00+00:00",STRUCTURAL_RECONCILIATION_ONLY
oe_structural:2023:2023-02-16:20bd82f98054,oe:team:8eb884e168f28402ce685bedebb5250,oe:team:f7f7324c151aa6ed770b244ce08e027,period:2b3de7782bdf56dc82d0,2023.0,Spring,regular,2023-02-16,BO1,2023-02-15T22:07:50+00:00,HIGH_CONFIDENCE_STRUCTURAL,"season=2023, team=oe:team:8eb884e168f28402ce685bedebb5250, cutoff<=2023-02-16T00:00:00+00:00",STRUCTURAL_RECONCILIATION_ONLY
oe_structural:2023:2023-02-16:d5987026e77d,oe:team:8eb884e168f28402ce685bedebb5250,oe:team:cbfaf0ca2181f0903d2fcceb6c28f3b,period:2b3de7782bdf56dc82d0,2023.0,Spring,regular,2023-02-16,BO1,2023-02-15T22:07:50+00:00,HIGH_CONFIDENCE_STRUCTURAL,"season=2023, team=oe:team:8eb884e168f28402ce685bedebb5250, cutoff<=2023-02-16T00:00:00+00:00",STRUCTURAL_RECONCILIATION_ONLY
oe_structural:2023:2023-02-17:71260006b75a,oe:team:8eb884e168f28402ce685bedebb5250,oe:team:fc8e90107dabb9a35c490b0d86adea0,period:2b3de7782bdf56dc82d0,2023.0,Spring,regular,2023-02-17,BO1,2023-02-15T22:07:50+00:00,HIGH_CONFIDENCE_STRUCTURAL,"season=2023, team=oe:team:8eb884e168f28402ce685bedebb5250, cutoff<=2023-02-17T00:00:00+00:00",STRUCTURAL_RECONCILIATION_ONLY
oe_structural:2023:2023-02-23:4dbfdc327fb9,oe:team:8eb884e168f28402ce685bedebb5250,oe:team:c334c629fea759876e9e04afbe4aee7,period:2b3de7782bdf56dc82d0,2023.0,Spring,regular,2023-02-23,BO1,2023-02-15T22:07:50+00:00,HIGH_CONFIDENCE_STRUCTURAL,"season=2023, team=oe:team:8eb884e168f28402ce685bedebb5250, cutoff<=2023-02-23T00:00:00+00:00",STRUCTURAL_RECONCILIATION_ONLY
oe_structural:2023:2023-02-16:ed2b9272c8df,oe:team:a22510a4756fa424cb0771b13261139,oe:team:87ee02298073abc2d55060f097d4041,period:2b3de7782bdf56dc82d0,2023.0,Spring,regular,2023-02-16,BO1,2023-02-15T22:07:50+00:00,HIGH_CONFIDENCE_STRUCTURAL,"season=2023, team=oe:team:a22510a4756fa424cb0771b13261139, cutoff<=2023-02-16T00:00:00+00:00",STRUCTURAL_RECONCILIATION_ONLY
oe_structural:2023:2023-02-17:ed40d5504d24,oe:team:a22510a4756fa424cb0771b13261139,oe:team:2e66da41dc460dd378e3bcc57042d31,period:2b3de7782bdf56dc82d0,2023.0,Spring,regular,2023-02-17,BO1,2023-02-15T22:07:50+00:00,HIGH_CONFIDENCE_STRUCTURAL,"season=2023, team=oe:team:a22510a4756fa424cb0771b13261139, cutoff<=2023-02-17T00:00:00+00:00",STRUCTURAL_RECONCILIATION_ONLY
oe_structural:2023:2023-02-18:68a01de6973b,oe:team:a22510a4756fa424cb0771b13261139,oe:team:0dbb780176ecad18f17292d1f5653af,period:2b3de7782bdf56dc82d0,2023.0,Spring,regular,2023-02-18,BO1,2023-02-15T22:07:50+00:00,HIGH_CONFIDENCE_STRUCTURAL,"season=2023, team=oe:team:a22510a4756fa424cb0771b13261139, cutoff<=2023-02-18T00:00:00+00:00",STRUCTURAL_RECONCILIATION_ONLY
oe_structural:2023:2023-02-16:48315e3d93ea,oe:team:c334c629fea759876e9e04afbe4aee7,oe:team:fc8e90107dabb9a35c490b0d86adea0,period:2b3de7782bdf56dc82d0,2023.0,Spring,regular,2023-02-16,BO1,2023-02-15T22:07:50+00:00,HIGH_CONFIDENCE_STRUCTURAL,"season=2023, team=oe:team:c334c629fea759876e9e04afbe4aee7, cutoff<=2023-02-16T00:00:00+00:00",STRUCTURAL_RECONCILIATION_ONLY
oe_structural:2023:2023-02-17:be3ac30be66d,oe:team:c334c629fea759876e9e04afbe4aee7,oe:team:f7f7324c151aa6ed770b244ce08e027,period:2b3de7782bdf56dc82d0,2023.0,Spring,regular,2023-02-17,BO1,2023-02-15T22:07:50+00:00,HIGH_CONFIDENCE_STRUCTURAL,"season=2023, team=oe:team:c334c629fea759876e9e04afbe4aee7, cutoff<=2023-02-17T00:00:00+00:00",STRUCTURAL_RECONCILIATION_ONLY
oe_structural:2023:2023-02-23:4dbfdc327fb9,oe:team:c334c629fea759876e9e04afbe4aee7,oe:team:8eb884e168f28402ce685bedebb5250,period:2b3de7782bdf56dc82d0,2023.0,Spring,regular,2023-02-23,BO1,2023-02-15T22:07:50+00:00,HIGH_CONFIDENCE_STRUCTURAL,"season=2023, team=oe:team:c334c629fea759876e9e04afbe4aee7, cutoff<=2023-02-23T00:00:00+00:00",STRUCTURAL_RECONCILIATION_ONLY
oe_structural:2023:2023-02-16:d5987026e77d,oe:team:cbfaf0ca2181f0903d2fcceb6c28f3b,oe:team:8eb884e168f28402ce685bedebb5250,period:2b3de7782bdf56dc82d0,2023.0,Spring,regular,2023-02-16,BO1,2023-02-15T22:07:50+00:00,HIGH_CONFIDENCE_STRUCTURAL,"season=2023, team=oe:team:cbfaf0ca2181f0903d2fcceb6c28f3b, cutoff<=2023-02-16T00:00:00+00:00",STRUCTURAL_RECONCILIATION_ONLY
oe_structural:2023:2023-02-17:602e72bcd8bf,oe:team:cbfaf0ca2181f0903d2fcceb6c28f3b,oe:team:2e66da41dc460dd378e3bcc57042d31,period:2b3de7782bdf56dc82d0,2023.0,Spring,regular,2023-02-17,BO1,2023-02-15T22:07:50+00:00,HIGH_CONFIDENCE_STRUCTURAL,"season=2023, team=oe:team:cbfaf0ca2181f0903d2fcceb6c28f3b, cutoff<=2023-02-17T00:00:00+00:00",STRUCTURAL_RECONCILIATION_ONLY
oe_structural:2023:2023-02-17:a17a860141d5,oe:team:cbfaf0ca2181f0903d2fcceb6c28f3b,oe:team:4bd1751425ef6a9bc9d4d8e9385b4a6,period:2b3de7782bdf56dc82d0,2023.0,Spring,regular,2023-02-17,BO1,2023-02-15T22:07:50+00:00,HIGH_CONFIDENCE_STRUCTURAL,"season=2023, team=oe:team:cbfaf0ca2181f0903d2fcceb6c28f3b, cutoff<=2023-02-17T00:00:00+00:00",STRUCTURAL_RECONCILIATION_ONLY
oe_structural:2023:2023-02-16:20bd82f98054,oe:team:f7f7324c151aa6ed770b244ce08e027,oe:team:8eb884e168f28402ce685bedebb5250,period:2b3de7782bdf56dc82d0,2023.0,Spring,regular,2023-02-16,BO1,2023-02-15T22:07:50+00:00,HIGH_CONFIDENCE_STRUCTURAL,"season=2023, team=oe:team:f7f7324c151aa6ed770b244ce08e027, cutoff<=2023-02-16T00:00:00+00:00",STRUCTURAL_RECONCILIATION_ONLY
oe_structural:2023:2023-02-17:be3ac30be66d,oe:team:f7f7324c151aa6ed770b244ce08e027,oe:team:c334c629fea759876e9e04afbe4aee7,period:2b3de7782bdf56dc82d0,2023.0,Spring,regular,2023-02-17,BO1,2023-02-15T22:07:50+00:00,HIGH_CONFIDENCE_STRUCTURAL,"season=2023, team=oe:team:f7f7324c151aa6ed770b244ce08e027, cutoff<=2023-02-17T00:00:00+00:00",STRUCTURAL_RECONCILIATION_ONLY
oe_structural:2023:2023-02-16:48315e3d93ea,oe:team:fc8e90107dabb9a35c490b0d86adea0,oe:team:c334c629fea759876e9e04afbe4aee7,period:2b3de7782bdf56dc82d0,2023.0,Spring,regular,2023-02-16,BO1,2023-02-15T22:07:50+00:00,HIGH_CONFIDENCE_STRUCTURAL,"season=2023, team=oe:team:fc8e90107dabb9a35c490b0d86adea0, cutoff<=2023-02-16T00:00:00+00:00",STRUCTURAL_RECONCILIATION_ONLY
oe_structural:2023:2023-02-16:f9e417dbf974,oe:team:fc8e90107dabb9a35c490b0d86adea0,oe:team:0dbb780176ecad18f17292d1f5653af,period:2b3de7782bdf56dc82d0,2023.0,Spring,regular,2023-02-16,BO1,2023-02-15T22:07:50+00:00,HIGH_CONFIDENCE_STRUCTURAL,"season=2023, team=oe:team:fc8e90107dabb9a35c490b0d86adea0, cutoff<=2023-02-16T00:00:00+00:00",STRUCTURAL_RECONCILIATION_ONLY
oe_structural:2023:2023-02-17:71260006b75a,oe:team:fc8e90107dabb9a35c490b0d86adea0,oe:team:8eb884e168f28402ce685bedebb5250,period:2b3de7782bdf56dc82d0,2023.0,Spring,regular,2023-02-17,BO1,2023-02-15T22:07:50+00:00,HIGH_CONFIDENCE_STRUCTURAL,"season=2023, team=oe:team:fc8e90107dabb9a35c490b0d86adea0, cutoff<=2023-02-17T00:00:00+00:00",STRUCTURAL_RECONCILIATION_ONLY
oe_structural:2023:2023-02-23:253749891086,oe:team:fc8e90107dabb9a35c490b0d86adea0,oe:team:87ee02298073abc2d55060f097d4041,period:2b3de7782bdf56dc82d0,2023.0,Spring,regular,2023-02-23,BO1,2023-02-15T22:07:50+00:00,HIGH_CONFIDENCE_STRUCTURAL,"season=2023, team=oe:team:fc8e90107dabb9a35c490b0d86adea0, cutoff<=2023-02-23T00:00:00+00:00",STRUCTURAL_RECONCILIATION_ONLY
oe_structural:2026:2026-05-30:913e3fe19018,oe:team:2e66da41dc460dd378e3bcc57042d31,oe:team:f90422f1cbcb24bc2a855202582ec29,period:2ba54fbdb1ed8ce5723d,2026.0,Spring,playoffs,2026-05-30,BO5,2026-05-23T20:10:31+00:00,HIGH_CONFIDENCE_STRUCTURAL,"season=2026, team=oe:team:2e66da41dc460dd378e3bcc57042d31, cutoff<=2026-05-30T00:00:00+00:00",STRUCTURAL_RECONCILIATION_ONLY
oe_structural:2026:2026-05-24:5183d47ee432,oe:team:8eb884e168f28402ce685bedebb5250,oe:team:da1143bf9a245b78a8dc86417de85b3,period:2ba54fbdb1ed8ce5723d,2026.0,Spring,playoffs,2026-05-24,BO5,2026-05-23T20:10:31+00:00,HIGH_CONFIDENCE_STRUCTURAL,"season=2026, team=oe:team:8eb884e168f28402ce685bedebb5250, cutoff<=2026-05-24T00:00:00+00:00",STRUCTURAL_RECONCILIATION_ONLY
oe_structural:2026:2026-05-24:5183d47ee432,oe:team:da1143bf9a245b78a8dc86417de85b3,oe:team:8eb884e168f28402ce685bedebb5250,period:2ba54fbdb1ed8ce5723d,2026.0,Spring,playoffs,2026-05-24,BO5,2026-05-23T20:10:31+00:00,HIGH_CONFIDENCE_STRUCTURAL,"season=2026, team=oe:team:da1143bf9a245b78a8dc86417de85b3, cutoff<=2026-05-24T00:00:00+00:00",STRUCTURAL_RECONCILIATION_ONLY
oe_structural:2020:2020-07-19:1749fef6e43c,oe:team:0dbb780176ecad18f17292d1f5653af,oe:team:87ee02298073abc2d55060f097d4041,period:2d69b4a154591d5cca77,2020.0,Summer,regular,2020-07-19,BO1,2020-07-18T00:30:49+00:00,HIGH_CONFIDENCE_STRUCTURAL,"season=2020, team=oe:team:0dbb780176ecad18f17292d1f5653af, cutoff<=2020-07-19T00:00:00+00:00",STRUCTURAL_RECONCILIATION_ONLY
oe_structural:2020:2020-07-25:275d280434a3,oe:team:0dbb780176ecad18f17292d1f5653af,oe:team:a22510a4756fa424cb0771b13261139,period:2d69b4a154591d5cca77,2020.0,Summer,regular,2020-07-25,BO1,2020-07-18T00:30:49+00:00,HIGH_CONFIDENCE_STRUCTURAL,"season=2020, team=oe:team:0dbb780176ecad18f17292d1f5653af, cutoff<=2020-07-25T00:00:00+00:00",STRUCTURAL_RECONCILIATION_ONLY
oe_structural:2020:2020-07-19:f9bc2b8dbaec,oe:team:2e66da41dc460dd378e3bcc57042d31,oe:team:fc8e90107dabb9a35c490b0d86adea0,period:2d69b4a154591d5cca77,2020.0,Summer,regular,2020-07-19,BO1,2020-07-18T00:30:49+00:00,HIGH_CONFIDENCE_STRUCTURAL,"season=2020, team=oe:team:2e66da41dc460dd378e3bcc57042d31, cutoff<=2020-07-19T00:00:00+00:00",STRUCTURAL_RECONCILIATION_ONLY
oe_structural:2020:2020-07-25:1f8cc8be0666,oe:team:2e66da41dc460dd378e3bcc57042d31,oe:team:87ee02298073abc2d55060f097d4041,period:2d69b4a154591d5cca77,2020.0,Summer,regular,2020-07-25,BO1,2020-07-18T00:30:49+00:00,HIGH_CONFIDENCE_STRUCTURAL,"season=2020, team=oe:team:2e66da41dc460dd378e3bcc57042d31, cutoff<=2020-07-25T00:00:00+00:00",STRUCTURAL_RECONCILIATION_ONLY
oe_structural:2020:2020-07-25:2ba55dbec317,oe:team:2e66da41dc460dd378e3bcc57042d31,oe:team:8eb884e168f28402ce685bedebb5250,period:2d69b4a154591d5cca77,2020.0,Summer,regular,2020-07-25,BO1,2020-07-18T00:30:49+00:00,HIGH_CONFIDENCE_STRUCTURAL,"season=2020, team=oe:team:2e66da41dc460dd378e3bcc57042d31, cutoff<=2020-07-25T00:00:00+00:00",STRUCTURAL_RECONCILIATION_ONLY
oe_structural:2020:2020-07-19:88acf1a0fa9e,oe:team:4bd1751425ef6a9bc9d4d8e9385b4a6,oe:team:8eb884e168f28402ce685bedebb5250,period:2d69b4a154591d5cca77,2020.0,Summer,regular,2020-07-19,BO1,2020-07-18T00:30:49+00:00,HIGH_CONFIDENCE_STRUCTURAL,"season=2020, team=oe:team:4bd1751425ef6a9bc9d4d8e9385b4a6, cutoff<=2020-07-19T00:00:00+00:00",STRUCTURAL_RECONCILIATION_ONLY
oe_structural:2020:2020-07-25:6f27f143d49b,oe:team:4bd1751425ef6a9bc9d4d8e9385b4a6,oe:team:cbfaf0ca2181f0903d2fcceb6c28f3b,period:2d69b4a154591d5cca77,2020.0,Summer,regular,2020-07-25,BO1,2020-07-18T00:30:49+00:00,HIGH_CONFIDENCE_STRUCTURAL,"season=2020, team=oe:team:4bd1751425ef6a9bc9d4d8e9385b4a6, cutoff<=2020-07-25T00:00:00+00:00",STRUCTURAL_RECONCILIATION_ONLY
oe_structural:2020:2020-07-19:1749fef6e43c,oe:team:87ee02298073abc2d55060f097d4041,oe:team:0dbb780176ecad18f17292d1f5653af,period:2d69b4a154591d5cca77,2020.0,Summer,regular,2020-07-19,BO1,2020-07-18T00:30:49+00:00,HIGH_CONFIDENCE_STRUCTURAL,"season=2020, team=oe:team:87ee02298073abc2d55060f097d4041, cutoff<=2020-07-19T00:00:00+00:00",STRUCTURAL_RECONCILIATION_ONLY
oe_structural:2020:2020-07-25:1f8cc8be0666,oe:team:87ee02298073abc2d55060f097d4041,oe:team:2e66da41dc460dd378e3bcc57042d31,period:2d69b4a154591d5cca77,2020.0,Summer,regular,2020-07-25,BO1,2020-07-18T00:30:49+00:00,HIGH_CONFIDENCE_STRUCTURAL,"season=2020, team=oe:team:87ee02298073abc2d55060f097d4041, cutoff<=2020-07-25T00:00:00+00:00",STRUCTURAL_RECONCILIATION_ONLY
oe_structural:2020:2020-07-19:88acf1a0fa9e,oe:team:8eb884e168f28402ce685bedebb5250,oe:team:4bd1751425ef6a9bc9d4d8e9385b4a6,period:2d69b4a154591d5cca77,2020.0,Summer,regular,2020-07-19,BO1,2020-07-18T00:30:49+00:00,HIGH_CONFIDENCE_STRUCTURAL,"season=2020, team=oe:team:8eb884e168f28402ce685bedebb5250, cutoff<=2020-07-19T00:00:00+00:00",STRUCTURAL_RECONCILIATION_ONLY
oe_structural:2020:2020-07-25:2ba55dbec317,oe:team:8eb884e168f28402ce685bedebb5250,oe:team:2e66da41dc460dd378e3bcc57042d31,period:2d69b4a154591d5cca77,2020.0,Summer,regular,2020-07-25,BO1,2020-07-18T00:30:49+00:00,HIGH_CONFIDENCE_STRUCTURAL,"season=2020, team=oe:team:8eb884e168f28402ce685bedebb5250, cutoff<=2020-07-25T00:00:00+00:00",STRUCTURAL_RECONCILIATION_ONLY
oe_structural:2020:2020-07-25:275d280434a3,oe:team:a22510a4756fa424cb0771b13261139,oe:team:0dbb780176ecad18f17292d1f5653af,period:2d69b4a154591d5cca77,2020.0,Summer,regular,2020-07-25,BO1,2020-07-18T00:30:49+00:00,HIGH_CONFIDENCE_STRUCTURAL,"season=2020, team=oe:team:a22510a4756fa424cb0771b13261139, cutoff<=2020-07-25T00:00:00+00:00",STRUCTURAL_RECONCILIATION_ONLY
oe_structural:2020:2020-07-19:9cbd025486b7,oe:team:c334c629fea759876e9e04afbe4aee7,oe:team:cbfaf0ca2181f0903d2fcceb6c28f3b,period:2d69b4a154591d5cca77,2020.0,Summer,regular,2020-07-19,BO1,2020-07-18T00:30:49+00:00,HIGH_CONFIDENCE_STRUCTURAL,"season=2020, team=oe:team:c334c629fea759876e9e04afbe4aee7, cutoff<=2020-07-19T00:00:00+00:00",STRUCTURAL_RECONCILIATION_ONLY
oe_structural:2020:2020-07-25:41ea76ec73c9,oe:team:c334c629fea759876e9e04afbe4aee7,oe:team:f7f7324c151aa6ed770b244ce08e027,period:2d69b4a154591d5cca77,2020.0,Summer,regular,2020-07-25,BO1,2020-07-18T00:30:49+00:00,HIGH_CONFIDENCE_STRUCTURAL,"season=2020, team=oe:team:c334c629fea759876e9e04afbe4aee7, cutoff<=2020-07-25T00:00:00+00:00",STRUCTURAL_RECONCILIATION_ONLY
oe_structural:2020:2020-07-25:5a6d70158f52,oe:team:c334c629fea759876e9e04afbe4aee7,oe:team:fc8e90107dabb9a35c490b0d86adea0,period:2d69b4a154591d5cca77,2020.0,Summer,regular,2020-07-25,BO1,2020-07-18T00:30:49+00:00,HIGH_CONFIDENCE_STRUCTURAL,"season=2020, team=oe:team:c334c629fea759876e9e04afbe4aee7, cutoff<=2020-07-25T00:00:00+00:00",STRUCTURAL_RECONCILIATION_ONLY
oe_structural:2020:2020-07-19:9cbd025486b7,oe:team:cbfaf0ca2181f0903d2fcceb6c28f3b,oe:team:c334c629fea759876e9e04afbe4aee7,period:2d69b4a154591d5cca77,2020.0,Summer,regular,2020-07-19,BO1,2020-07-18T00:30:49+00:00,HIGH_CONFIDENCE_STRUCTURAL,"season=2020, team=oe:team:cbfaf0ca2181f0903d2fcceb6c28f3b, cutoff<=2020-07-19T00:00:00+00:00",STRUCTURAL_RECONCILIATION_ONLY
oe_structural:2020:2020-07-25:6f27f143d49b,oe:team:cbfaf0ca2181f0903d2fcceb6c28f3b,oe:team:4bd1751425ef6a9bc9d4d8e9385b4a6,period:2d69b4a154591d5cca77,2020.0,Summer,regular,2020-07-25,BO1,2020-07-18T00:30:49+00:00,HIGH_CONFIDENCE_STRUCTURAL,"season=2020, team=oe:team:cbfaf0ca2181f0903d2fcceb6c28f3b, cutoff<=2020-07-25T00:00:00+00:00",STRUCTURAL_RECONCILIATION_ONLY
oe_structural:2020:2020-07-25:41ea76ec73c9,oe:team:f7f7324c151aa6ed770b244ce08e027,oe:team:c334c629fea759876e9e04afbe4aee7,period:2d69b4a154591d5cca77,2020.0,Summer,regular,2020-07-25,BO1,2020-07-18T00:30:49+00:00,HIGH_CONFIDENCE_STRUCTURAL,"season=2020, team=oe:team:f7f7324c151aa6ed770b244ce08e027, cutoff<=2020-07-25T00:00:00+00:00",STRUCTURAL_RECONCILIATION_ONLY
oe_structural:2020:2020-07-19:f9bc2b8dbaec,oe:team:fc8e90107dabb9a35c490b0d86adea0,oe:team:2e66da41dc460dd378e3bcc57042d31,period:2d69b4a154591d5cca77,2020.0,Summer,regular,2020-07-19,BO1,2020-07-18T00:30:49+00:00,HIGH_CONFIDENCE_STRUCTURAL,"season=2020, team=oe:team:fc8e90107dabb9a35c490b0d86adea0, cutoff<=2020-07-19T00:00:00+00:00",STRUCTURAL_RECONCILIATION_ONLY
oe_structural:2020:2020-07-25:5a6d70158f52,oe:team:fc8e90107dabb9a35c490b0d86adea0,oe:team:c334c629fea759876e9e04afbe4aee7,period:2d69b4a154591d5cca77,2020.0,Summer,regular,2020-07-25,BO1,2020-07-18T00:30:49+00:00,HIGH_CONFIDENCE_STRUCTURAL,"season=2020, team=oe:team:fc8e90107dabb9a35c490b0d86adea0, cutoff<=2020-07-25T00:00:00+00:00",STRUCTURAL_RECONCILIATION_ONLY
oe_structural:2021:2021-01-23:b5f5772a3985,oe:team:2e66da41dc460dd378e3bcc57042d31,oe:team:f7f7324c151aa6ed770b244ce08e027,period:2e302fc7c4bd7a4b3864,2021.0,Spring,playoffs,2021-01-23,BO5,2021-01-22T22:29:56+00:00,HIGH_CONFIDENCE_STRUCTURAL,"season=2021, team=oe:team:2e66da41dc460dd378e3bcc57042d31, cutoff<=2021-01-23T00:00:00+00:00",STRUCTURAL_RECONCILIATION_ONLY
oe_structural:2021:2021-01-23:bdc76dad3855,oe:team:2e66da41dc460dd378e3bcc57042d31,oe:team:c334c629fea759876e9e04afbe4aee7,period:2e302fc7c4bd7a4b3864,2021.0,Spring,playoffs,2021-01-23,BO5,2021-01-22T22:29:56+00:00,HIGH_CONFIDENCE_STRUCTURAL,"season=2021, team=oe:team:2e66da41dc460dd378e3bcc57042d31, cutoff<=2021-01-23T00:00:00+00:00",STRUCTURAL_RECONCILIATION_ONLY
oe_structural:2021:2021-01-24:f3e8472f39d3,oe:team:2e66da41dc460dd378e3bcc57042d31,oe:team:8eb884e168f28402ce685bedebb5250,period:2e302fc7c4bd7a4b3864,2021.0,Spring,playoffs,2021-01-24,BO5,2021-01-22T22:29:56+00:00,HIGH_CONFIDENCE_STRUCTURAL,"season=2021, team=oe:team:2e66da41dc460dd378e3bcc57042d31, cutoff<=2021-01-24T00:00:00+00:00",STRUCTURAL_RECONCILIATION_ONLY
oe_structural:2021:2021-02-05:62be9888ff26,oe:team:2e66da41dc460dd378e3bcc57042d31,oe:team:a22510a4756fa424cb0771b13261139,period:2e302fc7c4bd7a4b3864,2021.0,Spring,regular,2021-02-05,BO1,2021-01-22T22:29:56+00:00,HIGH_CONFIDENCE_STRUCTURAL,"season=2021, team=oe:team:2e66da41dc460dd378e3bcc57042d31, cutoff<=2021-02-05T00:00:00+00:00",STRUCTURAL_RECONCILIATION_ONLY
oe_structural:2021:2021-01-23:7104a16a549d,oe:team:4bd1751425ef6a9bc9d4d8e9385b4a6,oe:team:c334c629fea759876e9e04afbe4aee7,period:2e302fc7c4bd7a4b3864,2021.0,Spring,playoffs,2021-01-23,BO5,2021-01-22T22:29:56+00:00,HIGH_CONFIDENCE_STRUCTURAL,"season=2021, team=oe:team:4bd1751425ef6a9bc9d4d8e9385b4a6, cutoff<=2021-01-23T00:00:00+00:00",STRUCTURAL_RECONCILIATION_ONLY
oe_structural:2021:2021-01-29:129e2720c6de,oe:team:4bd1751425ef6a9bc9d4d8e9385b4a6,oe:team:fc8e90107dabb9a35c490b0d86adea0,period:2e302fc7c4bd7a4b3864,2021.0,Spring,playoffs,2021-01-29,BO5,2021-01-22T22:29:56+00:00,HIGH_CONFIDENCE_STRUCTURAL,"season=2021, team=oe:team:4bd1751425ef6a9bc9d4d8e9385b4a6, cutoff<=2021-01-29T00:00:00+00:00",STRUCTURAL_RECONCILIATION_ONLY
oe_structural:2021:2021-01-24:d0b47ecee4f7,oe:team:87ee02298073abc2d55060f097d4041,oe:team:f7f7324c151aa6ed770b244ce08e027,period:2e302fc7c4bd7a4b3864,2021.0,Spring,playoffs,2021-01-24,BO5,2021-01-22T22:29:56+00:00,HIGH_CONFIDENCE_STRUCTURAL,"season=2021, team=oe:team:87ee02298073abc2d55060f097d4041, cutoff<=2021-01-24T00:00:00+00:00",STRUCTURAL_RECONCILIATION_ONLY
oe_structural:2021:2021-01-23:06cfad463168,oe:team:8eb884e168f28402ce685bedebb5250,oe:team:a22510a4756fa424cb0771b13261139,period:2e302fc7c4bd7a4b3864,2021.0,Spring,playoffs,2021-01-23,BO5,2021-01-22T22:29:56+00:00,HIGH_CONFIDENCE_STRUCTURAL,"season=2021, team=oe:team:8eb884e168f28402ce685bedebb5250, cutoff<=2021-01-23T00:00:00+00:00",STRUCTURAL_RECONCILIATION_ONLY
oe_structural:2021:2021-01-24:f3e8472f39d3,oe:team:8eb884e168f28402ce685bedebb5250,oe:team:2e66da41dc460dd378e3bcc57042d31,period:2e302fc7c4bd7a4b3864,2021.0,Spring,playoffs,2021-01-24,BO5,2021-01-22T22:29:56+00:00,HIGH_CONFIDENCE_STRUCTURAL,"season=2021, team=oe:team:8eb884e168f28402ce685bedebb5250, cutoff<=2021-01-24T00:00:00+00:00",STRUCTURAL_RECONCILIATION_ONLY
oe_structural:2021:2021-01-23:06cfad463168,oe:team:a22510a4756fa424cb0771b13261139,oe:team:8eb884e168f28402ce685bedebb5250,period:2e302fc7c4bd7a4b3864,2021.0,Spring,playoffs,2021-01-23,BO5,2021-01-22T22:29:56+00:00,HIGH_CONFIDENCE_STRUCTURAL,"season=2021, team=oe:team:a22510a4756fa424cb0771b13261139, cutoff<=2021-01-23T00:00:00+00:00",STRUCTURAL_RECONCILIATION_ONLY
oe_structural:2021:2021-01-23:dc056bb6946c,oe:team:a22510a4756fa424cb0771b13261139,oe:team:fc8e90107dabb9a35c490b0d86adea0,period:2e302fc7c4bd7a4b3864,2021.0,Spring,playoffs,2021-01-23,BO5,2021-01-22T22:29:56+00:00,HIGH_CONFIDENCE_STRUCTURAL,"season=2021, team=oe:team:a22510a4756fa424cb0771b13261139, cutoff<=2021-01-23T00:00:00+00:00",STRUCTURAL_RECONCILIATION_ONLY
oe_structural:2021:2021-01-24:01482578d361,oe:team:a22510a4756fa424cb0771b13261139,oe:team:fc8e90107dabb9a35c490b0d86adea0,period:2e302fc7c4bd7a4b3864,2021.0,Spring,playoffs,2021-01-24,BO5,2021-01-22T22:29:56+00:00,HIGH_CONFIDENCE_STRUCTURAL,"season=2021, team=oe:team:a22510a4756fa424cb0771b13261139, cutoff<=2021-01-24T00:00:00+00:00",STRUCTURAL_RECONCILIATION_ONLY
oe_structural:2021:2021-02-05:62be9888ff26,oe:team:a22510a4756fa424cb0771b13261139,oe:team:2e66da41dc460dd378e3bcc57042d31,period:2e302fc7c4bd7a4b3864,2021.0,Spring,regular,2021-02-05,BO1,2021-01-22T22:29:56+00:00,HIGH_CONFIDENCE_STRUCTURAL,"season=2021, team=oe:team:a22510a4756fa424cb0771b13261139, cutoff<=2021-02-05T00:00:00+00:00",STRUCTURAL_RECONCILIATION_ONLY
oe_structural:2021:2021-01-23:7104a16a549d,oe:team:c334c629fea759876e9e04afbe4aee7,oe:team:4bd1751425ef6a9bc9d4d8e9385b4a6,period:2e302fc7c4bd7a4b3864,2021.0,Spring,playoffs,2021-01-23,BO5,2021-01-22T22:29:56+00:00,HIGH_CONFIDENCE_STRUCTURAL,"season=2021, team=oe:team:c334c629fea759876e9e04afbe4aee7, cutoff<=2021-01-23T00:00:00+00:00",STRUCTURAL_RECONCILIATION_ONLY
oe_structural:2021:2021-01-23:bdc76dad3855,oe:team:c334c629fea759876e9e04afbe4aee7,oe:team:2e66da41dc460dd378e3bcc57042d31,period:2e302fc7c4bd7a4b3864,2021.0,Spring,playoffs,2021-01-23,BO5,2021-01-22T22:29:56+00:00,HIGH_CONFIDENCE_STRUCTURAL,"season=2021, team=oe:team:c334c629fea759876e9e04afbe4aee7, cutoff<=2021-01-23T00:00:00+00:00",STRUCTURAL_RECONCILIATION_ONLY
oe_structural:2021:2021-02-05:96472aacae89,oe:team:c334c629fea759876e9e04afbe4aee7,oe:team:8eb884e168f28402ce685bedebb5250,period:2e302fc7c4bd7a4b3864,2021.0,Spring,regular,2021-02-05,BO1,2021-01-22T22:29:56+00:00,HIGH_CONFIDENCE_STRUCTURAL,"season=2021, team=oe:team:c334c629fea759876e9e04afbe4aee7, cutoff<=2021-02-05T00:00:00+00:00",STRUCTURAL_RECONCILIATION_ONLY
oe_structural:2021:2021-01-23:b5f5772a3985,oe:team:f7f7324c151aa6ed770b244ce08e027,oe:team:2e66da41dc460dd378e3bcc57042d31,period:2e302fc7c4bd7a4b3864,2021.0,Spring,playoffs,2021-01-23,BO5,2021-01-22T22:29:56+00:00,HIGH_CONFIDENCE_STRUCTURAL,"season=2021, team=oe:team:f7f7324c151aa6ed770b244ce08e027, cutoff<=2021-01-23T00:00:00+00:00",STRUCTURAL_RECONCILIATION_ONLY
oe_structural:2021:2021-01-24:d0b47ecee4f7,oe:team:f7f7324c151aa6ed770b244ce08e027,oe:team:87ee02298073abc2d55060f097d4041,period:2e302fc7c4bd7a4b3864,2021.0,Spring,playoffs,2021-01-24,BO5,2021-01-22T22:29:56+00:00,HIGH_CONFIDENCE_STRUCTURAL,"season=2021, team=oe:team:f7f7324c151aa6ed770b244ce08e027, cutoff<=2021-01-24T00:00:00+00:00",STRUCTURAL_RECONCILIATION_ONLY
oe_structural:2021:2021-01-23:dc056bb6946c,oe:team:fc8e90107dabb9a35c490b0d86adea0,oe:team:a22510a4756fa424cb0771b13261139,period:2e302fc7c4bd7a4b3864,2021.0,Spring,playoffs,2021-01-23,BO5,2021-01-22T22:29:56+00:00,HIGH_CONFIDENCE_STRUCTURAL,"season=2021, team=oe:team:fc8e90107dabb9a35c490b0d86adea0, cutoff<=2021-01-23T00:00:00+00:00",STRUCTURAL_RECONCILIATION_ONLY
oe_structural:2021:2021-01-24:01482578d361,oe:team:fc8e90107dabb9a35c490b0d86adea0,oe:team:a22510a4756fa424cb0771b13261139,period:2e302fc7c4bd7a4b3864,2021.0,Spring,playoffs,2021-01-24,BO5,2021-01-22T22:29:56+00:00,HIGH_CONFIDENCE_STRUCTURAL,"season=2021, team=oe:team:fc8e90107dabb9a35c490b0d86adea0, cutoff<=2021-01-24T00:00:00+00:00",STRUCTURAL_RECONCILIATION_ONLY
oe_structural:2021:2021-01-29:129e2720c6de,oe:team:fc8e90107dabb9a35c490b0d86adea0,oe:team:4bd1751425ef6a9bc9d4d8e9385b4a6,period:2e302fc7c4bd7a4b3864,2021.0,Spring,playoffs,2021-01-29,BO5,2021-01-22T22:29:56+00:00,HIGH_CONFIDENCE_STRUCTURAL,"season=2021, team=oe:team:fc8e90107dabb9a35c490b0d86adea0, cutoff<=2021-01-29T00:00:00+00:00",STRUCTURAL_RECONCILIATION_ONLY
oe_structural:2021:2021-03-13:7747680be5e4,oe:team:0dbb780176ecad18f17292d1f5653af,oe:team:fc8e90107dabb9a35c490b0d86adea0,period:2eea81e5fabdc42a729f,2021.0,Spring,regular,2021-03-13,BO1,2021-03-12T22:24:45+00:00,HIGH_CONFIDENCE_STRUCTURAL,"season=2021, team=oe:team:0dbb780176ecad18f17292d1f5653af, cutoff<=2021-03-13T00:00:00+00:00",STRUCTURAL_RECONCILIATION_ONLY
oe_structural:2021:2021-03-13:f5f4413f6c2c,oe:team:0dbb780176ecad18f17292d1f5653af,oe:team:8eb884e168f28402ce685bedebb5250,period:2eea81e5fabdc42a729f,2021.0,Spring,regular,2021-03-13,BO1,2021-03-12T22:24:45+00:00,HIGH_CONFIDENCE_STRUCTURAL,"season=2021, team=oe:team:0dbb780176ecad18f17292d1f5653af, cutoff<=2021-03-13T00:00:00+00:00",STRUCTURAL_RECONCILIATION_ONLY
oe_structural:2021:2021-03-14:1ced61257ee4,oe:team:0dbb780176ecad18f17292d1f5653af,oe:team:2e66da41dc460dd378e3bcc57042d31,period:2eea81e5fabdc42a729f,2021.0,Spring,regular,2021-03-14,BO1,2021-03-12T22:24:45+00:00,HIGH_CONFIDENCE_STRUCTURAL,"season=2021, team=oe:team:0dbb780176ecad18f17292d1f5653af, cutoff<=2021-03-14T00:00:00+00:00",STRUCTURAL_RECONCILIATION_ONLY
oe_structural:2021:2021-03-13:0303d3d8b1e1,oe:team:2e66da41dc460dd378e3bcc57042d31,oe:team:4bd1751425ef6a9bc9d4d8e9385b4a6,period:2eea81e5fabdc42a729f,2021.0,Spring,regular,2021-03-13,BO1,2021-03-12T22:24:45+00:00,HIGH_CONFIDENCE_STRUCTURAL,"season=2021, team=oe:team:2e66da41dc460dd378e3bcc57042d31, cutoff<=2021-03-13T00:00:00+00:00",STRUCTURAL_RECONCILIATION_ONLY
oe_structural:2021:2021-03-13:661b57083597,oe:team:2e66da41dc460dd378e3bcc57042d31,oe:team:87ee02298073abc2d55060f097d4041,period:2eea81e5fabdc42a729f,2021.0,Spring,regular,2021-03-13,BO1,2021-03-12T22:24:45+00:00,HIGH_CONFIDENCE_STRUCTURAL,"season=2021, team=oe:team:2e66da41dc460dd378e3bcc57042d31, cutoff<=2021-03-13T00:00:00+00:00",STRUCTURAL_RECONCILIATION_ONLY
oe_structural:2021:2021-03-14:1ced61257ee4,oe:team:2e66da41dc460dd378e3bcc57042d31,oe:team:0dbb780176ecad18f17292d1f5653af,period:2eea81e5fabdc42a729f,2021.0,Spring,regular,2021-03-14,BO1,2021-03-12T22:24:45+00:00,HIGH_CONFIDENCE_STRUCTURAL,"season=2021, team=oe:team:2e66da41dc460dd378e3bcc57042d31, cutoff<=2021-03-14T00:00:00+00:00",STRUCTURAL_RECONCILIATION_ONLY
oe_structural:2021:2021-03-13:0303d3d8b1e1,oe:team:4bd1751425ef6a9bc9d4d8e9385b4a6,oe:team:2e66da41dc460dd378e3bcc57042d31,period:2eea81e5fabdc42a729f,2021.0,Spring,regular,2021-03-13,BO1,2021-03-12T22:24:45+00:00,HIGH_CONFIDENCE_STRUCTURAL,"season=2021, team=oe:team:4bd1751425ef6a9bc9d4d8e9385b4a6, cutoff<=2021-03-13T00:00:00+00:00",STRUCTURAL_RECONCILIATION_ONLY
oe_structural:2021:2021-03-13:8e92757433f1,oe:team:4bd1751425ef6a9bc9d4d8e9385b4a6,oe:team:c334c629fea759876e9e04afbe4aee7,period:2eea81e5fabdc42a729f,2021.0,Spring,regular,2021-03-13,BO1,2021-03-12T22:24:45+00:00,HIGH_CONFIDENCE_STRUCTURAL,"season=2021, team=oe:team:4bd1751425ef6a9bc9d4d8e9385b4a6, cutoff<=2021-03-13T00:00:00+00:00",STRUCTURAL_RECONCILIATION_ONLY
oe_structural:2021:2021-03-14:ccdb3473a9e4,oe:team:4bd1751425ef6a9bc9d4d8e9385b4a6,oe:team:8eb884e168f28402ce685bedebb5250,period:2eea81e5fabdc42a729f,2021.0,Spring,regular,2021-03-14,BO1,2021-03-12T22:24:45+00:00,HIGH_CONFIDENCE_STRUCTURAL,"season=2021, team=oe:team:4bd1751425ef6a9bc9d4d8e9385b4a6, cutoff<=2021-03-14T00:00:00+00:00",STRUCTURAL_RECONCILIATION_ONLY
oe_structural:2021:2021-03-13:661b57083597,oe:team:87ee02298073abc2d55060f097d4041,oe:team:2e66da41dc460dd378e3bcc57042d31,period:2eea81e5fabdc42a729f,2021.0,Spring,regular,2021-03-13,BO1,2021-03-12T22:24:45+00:00,HIGH_CONFIDENCE_STRUCTURAL,"season=2021, team=oe:team:87ee02298073abc2d55060f097d4041, cutoff<=2021-03-13T00:00:00+00:00",STRUCTURAL_RECONCILIATION_ONLY
oe_structural:2021:2021-03-14:4d037b1ca4c4,oe:team:87ee02298073abc2d55060f097d4041,oe:team:cbfaf0ca2181f0903d2fcceb6c28f3b,period:2eea81e5fabdc42a729f,2021.0,Spring,regular,2021-03-14,BO1,2021-03-12T22:24:45+00:00,HIGH_CONFIDENCE_STRUCTURAL,"season=2021, team=oe:team:87ee02298073abc2d55060f097d4041, cutoff<=2021-03-14T00:00:00+00:00",STRUCTURAL_RECONCILIATION_ONLY
oe_structural:2021:2021-03-14:b4daf8176bee,oe:team:87ee02298073abc2d55060f097d4041,oe:team:a22510a4756fa424cb0771b13261139,period:2eea81e5fabdc42a729f,2021.0,Spring,regular,2021-03-14,BO1,2021-03-12T22:24:45+00:00,HIGH_CONFIDENCE_STRUCTURAL,"season=2021, team=oe:team:87ee02298073abc2d55060f097d4041, cutoff<=2021-03-14T00:00:00+00:00",STRUCTURAL_RECONCILIATION_ONLY
oe_structural:2021:2021-03-13:958cd2eb6ae5,oe:team:8eb884e168f28402ce685bedebb5250,oe:team:f7f7324c151aa6ed770b244ce08e027,period:2eea81e5fabdc42a729f,2021.0,Spring,regular,2021-03-13,BO1,2021-03-12T22:24:45+00:00,HIGH_CONFIDENCE_STRUCTURAL,"season=2021, team=oe:team:8eb884e168f28402ce685bedebb5250, cutoff<=2021-03-13T00:00:00+00:00",STRUCTURAL_RECONCILIATION_ONLY
oe_structural:2021:2021-03-13:f5f4413f6c2c,oe:team:8eb884e168f28402ce685bedebb5250,oe:team:0dbb780176ecad18f17292d1f5653af,period:2eea81e5fabdc42a729f,2021.0,Spring,regular,2021-03-13,BO1,2021-03-12T22:24:45+00:00,HIGH_CONFIDENCE_STRUCTURAL,"season=2021, team=oe:team:8eb884e168f28402ce685bedebb5250, cutoff<=2021-03-13T00:00:00+00:00",STRUCTURAL_RECONCILIATION_ONLY
oe_structural:2021:2021-03-14:ccdb3473a9e4,oe:team:8eb884e168f28402ce685bedebb5250,oe:team:4bd1751425ef6a9bc9d4d8e9385b4a6,period:2eea81e5fabdc42a729f,2021.0,Spring,regular,2021-03-14,BO1,2021-03-12T22:24:45+00:00,HIGH_CONFIDENCE_STRUCTURAL,"season=2021, team=oe:team:8eb884e168f28402ce685bedebb5250, cutoff<=2021-03-14T00:00:00+00:00",STRUCTURAL_RECONCILIATION_ONLY
oe_structural:2021:2021-03-20:e06e7f509a00,oe:team:8eb884e168f28402ce685bedebb5250,oe:team:a22510a4756fa424cb0771b13261139,period:2eea81e5fabdc42a729f,2021.0,Spring,playoffs,2021-03-20,BO5,2021-03-12T22:24:45+00:00,HIGH_CONFIDENCE_STRUCTURAL,"season=2021, team=oe:team:8eb884e168f28402ce685bedebb5250, cutoff<=2021-03-20T00:00:00+00:00",STRUCTURAL_RECONCILIATION_ONLY
oe_structural:2021:2021-03-13:73aef2f75dcc,oe:team:a22510a4756fa424cb0771b13261139,oe:team:c334c629fea759876e9e04afbe4aee7,period:2eea81e5fabdc42a729f,2021.0,Spring,regular,2021-03-13,BO1,2021-03-12T22:24:45+00:00,HIGH_CONFIDENCE_STRUCTURAL,"season=2021, team=oe:team:a22510a4756fa424cb0771b13261139, cutoff<=2021-03-13T00:00:00+00:00",STRUCTURAL_RECONCILIATION_ONLY
oe_structural:2021:2021-03-14:b4daf8176bee,oe:team:a22510a4756fa424cb0771b13261139,oe:team:87ee02298073abc2d55060f097d4041,period:2eea81e5fabdc42a729f,2021.0,Spring,regular,2021-03-14,BO1,2021-03-12T22:24:45+00:00,HIGH_CONFIDENCE_STRUCTURAL,"season=2021, team=oe:team:a22510a4756fa424cb0771b13261139, cutoff<=2021-03-14T00:00:00+00:00",STRUCTURAL_RECONCILIATION_ONLY
oe_structural:2021:2021-03-20:e06e7f509a00,oe:team:a22510a4756fa424cb0771b13261139,oe:team:8eb884e168f28402ce685bedebb5250,period:2eea81e5fabdc42a729f,2021.0,Spring,playoffs,2021-03-20,BO5,2021-03-12T22:24:45+00:00,HIGH_CONFIDENCE_STRUCTURAL,"season=2021, team=oe:team:a22510a4756fa424cb0771b13261139, cutoff<=2021-03-20T00:00:00+00:00",STRUCTURAL_RECONCILIATION_ONLY
oe_structural:2021:2021-03-13:73aef2f75dcc,oe:team:c334c629fea759876e9e04afbe4aee7,oe:team:a22510a4756fa424cb0771b13261139,period:2eea81e5fabdc42a729f,2021.0,Spring,regular,2021-03-13,BO1,2021-03-12T22:24:45+00:00,HIGH_CONFIDENCE_STRUCTURAL,"season=2021, team=oe:team:c334c629fea759876e9e04afbe4aee7, cutoff<=2021-03-13T00:00:00+00:00",STRUCTURAL_RECONCILIATION_ONLY
oe_structural:2021:2021-03-13:8e92757433f1,oe:team:c334c629fea759876e9e04afbe4aee7,oe:team:4bd1751425ef6a9bc9d4d8e9385b4a6,period:2eea81e5fabdc42a729f,2021.0,Spring,regular,2021-03-13,BO1,2021-03-12T22:24:45+00:00,HIGH_CONFIDENCE_STRUCTURAL,"season=2021, team=oe:team:c334c629fea759876e9e04afbe4aee7, cutoff<=2021-03-13T00:00:00+00:00",STRUCTURAL_RECONCILIATION_ONLY
oe_structural:2021:2021-03-14:9a98725a2e68,oe:team:c334c629fea759876e9e04afbe4aee7,oe:team:fc8e90107dabb9a35c490b0d86adea0,period:2eea81e5fabdc42a729f,2021.0,Spring,regular,2021-03-14,BO1,2021-03-12T22:24:45+00:00,HIGH_CONFIDENCE_STRUCTURAL,"season=2021, team=oe:team:c334c629fea759876e9e04afbe4aee7, cutoff<=2021-03-14T00:00:00+00:00",STRUCTURAL_RECONCILIATION_ONLY
oe_structural:2021:2021-03-14:4d037b1ca4c4,oe:team:cbfaf0ca2181f0903d2fcceb6c28f3b,oe:team:87ee02298073abc2d55060f097d4041,period:2eea81e5fabdc42a729f,2021.0,Spring,regular,2021-03-14,BO1,2021-03-12T22:24:45+00:00,HIGH_CONFIDENCE_STRUCTURAL,"season=2021, team=oe:team:cbfaf0ca2181f0903d2fcceb6c28f3b, cutoff<=2021-03-14T00:00:00+00:00",STRUCTURAL_RECONCILIATION_ONLY
oe_structural:2021:2021-03-14:4e2ffbef8962,oe:team:cbfaf0ca2181f0903d2fcceb6c28f3b,oe:team:f7f7324c151aa6ed770b244ce08e027,period:2eea81e5fabdc42a729f,2021.0,Spring,regular,2021-03-14,BO1,2021-03-12T22:24:45+00:00,HIGH_CONFIDENCE_STRUCTURAL,"season=2021, team=oe:team:cbfaf0ca2181f0903d2fcceb6c28f3b, cutoff<=2021-03-14T00:00:00+00:00",STRUCTURAL_RECONCILIATION_ONLY
oe_structural:2021:2021-03-13:958cd2eb6ae5,oe:team:f7f7324c151aa6ed770b244ce08e027,oe:team:8eb884e168f28402ce685bedebb5250,period:2eea81e5fabdc42a729f,2021.0,Spring,regular,2021-03-13,BO1,2021-03-12T22:24:45+00:00,HIGH_CONFIDENCE_STRUCTURAL,"season=2021, team=oe:team:f7f7324c151aa6ed770b244ce08e027, cutoff<=2021-03-13T00:00:00+00:00",STRUCTURAL_RECONCILIATION_ONLY
oe_structural:2021:2021-03-14:4e2ffbef8962,oe:team:f7f7324c151aa6ed770b244ce08e027,oe:team:cbfaf0ca2181f0903d2fcceb6c28f3b,period:2eea81e5fabdc42a729f,2021.0,Spring,regular,2021-03-14,BO1,2021-03-12T22:24:45+00:00,HIGH_CONFIDENCE_STRUCTURAL,"season=2021, team=oe:team:f7f7324c151aa6ed770b244ce08e027, cutoff<=2021-03-14T00:00:00+00:00",STRUCTURAL_RECONCILIATION_ONLY
oe_structural:2021:2021-03-27:0cc2bd4840b1,oe:team:f7f7324c151aa6ed770b244ce08e027,oe:team:a22510a4756fa424cb0771b13261139,period:2eea81e5fabdc42a729f,2021.0,Spring,playoffs,2021-03-27,BO5,2021-03-12T22:24:45+00:00,HIGH_CONFIDENCE_STRUCTURAL,"season=2021, team=oe:team:f7f7324c151aa6ed770b244ce08e027, cutoff<=2021-03-27T00:00:00+00:00",STRUCTURAL_RECONCILIATION_ONLY
oe_structural:2021:2021-03-13:7747680be5e4,oe:team:fc8e90107dabb9a35c490b0d86adea0,oe:team:0dbb780176ecad18f17292d1f5653af,period:2eea81e5fabdc42a729f,2021.0,Spring,regular,2021-03-13,BO1,2021-03-12T22:24:45+00:00,HIGH_CONFIDENCE_STRUCTURAL,"season=2021, team=oe:team:fc8e90107dabb9a35c490b0d86adea0, cutoff<=2021-03-13T00:00:00+00:00",STRUCTURAL_RECONCILIATION_ONLY
oe_structural:2021:2021-03-14:9a98725a2e68,oe:team:fc8e90107dabb9a35c490b0d86adea0,oe:team:c334c629fea759876e9e04afbe4aee7,period:2eea81e5fabdc42a729f,2021.0,Spring,regular,2021-03-14,BO1,2021-03-12T22:24:45+00:00,HIGH_CONFIDENCE_STRUCTURAL,"season=2021, team=oe:team:fc8e90107dabb9a35c490b0d86adea0, cutoff<=2021-03-14T00:00:00+00:00",STRUCTURAL_RECONCILIATION_ONLY
oe_structural:2021:2021-06-26:088a17558ca0,oe:team:0dbb780176ecad18f17292d1f5653af,oe:team:2e66da41dc460dd378e3bcc57042d31,period:32c02d32a3c87111d752,2021.0,Summer,regular,2021-06-26,BO1,2021-06-25T21:33:16+00:00,HIGH_CONFIDENCE_STRUCTURAL,"season=2021, team=oe:team:0dbb780176ecad18f17292d1f5653af, cutoff<=2021-06-26T00:00:00+00:00",STRUCTURAL_RECONCILIATION_ONLY
oe_structural:2021:2021-06-27:a6121848e661,oe:team:0dbb780176ecad18f17292d1f5653af,oe:team:f7f7324c151aa6ed770b244ce08e027,period:32c02d32a3c87111d752,2021.0,Summer,regular,2021-06-27,BO1,2021-06-25T21:33:16+00:00,HIGH_CONFIDENCE_STRUCTURAL,"season=2021, team=oe:team:0dbb780176ecad18f17292d1f5653af, cutoff<=2021-06-27T00:00:00+00:00",STRUCTURAL_RECONCILIATION_ONLY
oe_structural:2021:2021-06-26:088a17558ca0,oe:team:2e66da41dc460dd378e3bcc57042d31,oe:team:0dbb780176ecad18f17292d1f5653af,period:32c02d32a3c87111d752,2021.0,Summer,regular,2021-06-26,BO1,2021-06-25T21:33:16+00:00,HIGH_CONFIDENCE_STRUCTURAL,"season=2021, team=oe:team:2e66da41dc460dd378e3bcc57042d31, cutoff<=2021-06-26T00:00:00+00:00",STRUCTURAL_RECONCILIATION_ONLY
oe_structural:2021:2021-06-26:7341e2f52163,oe:team:2e66da41dc460dd378e3bcc57042d31,oe:team:a22510a4756fa424cb0771b13261139,period:32c02d32a3c87111d752,2021.0,Summer,regular,2021-06-26,BO1,2021-06-25T21:33:16+00:00,HIGH_CONFIDENCE_STRUCTURAL,"season=2021, team=oe:team:2e66da41dc460dd378e3bcc57042d31, cutoff<=2021-06-26T00:00:00+00:00",STRUCTURAL_RECONCILIATION_ONLY
oe_structural:2021:2021-06-27:3c3cb7aaeb8b,oe:team:2e66da41dc460dd378e3bcc57042d31,oe:team:87ee02298073abc2d55060f097d4041,period:32c02d32a3c87111d752,2021.0,Summer,regular,2021-06-27,BO1,2021-06-25T21:33:16+00:00,HIGH_CONFIDENCE_STRUCTURAL,"season=2021, team=oe:team:2e66da41dc460dd378e3bcc57042d31, cutoff<=2021-06-27T00:00:00+00:00",STRUCTURAL_RECONCILIATION_ONLY
oe_structural:2021:2021-07-02:80bf31d75d65,oe:team:2e66da41dc460dd378e3bcc57042d31,oe:team:f7f7324c151aa6ed770b244ce08e027,period:32c02d32a3c87111d752,2021.0,Summer,regular,2021-07-02,BO1,2021-06-25T21:33:16+00:00,HIGH_CONFIDENCE_STRUCTURAL,"season=2021, team=oe:team:2e66da41dc460dd378e3bcc57042d31, cutoff<=2021-07-02T00:00:00+00:00",STRUCTURAL_RECONCILIATION_ONLY
oe_structural:2021:2021-06-26:007529be7bbe,oe:team:4bd1751425ef6a9bc9d4d8e9385b4a6,oe:team:fc8e90107dabb9a35c490b0d86adea0,period:32c02d32a3c87111d752,2021.0,Summer,regular,2021-06-26,BO1,2021-06-25T21:33:16+00:00,HIGH_CONFIDENCE_STRUCTURAL,"season=2021, team=oe:team:4bd1751425ef6a9bc9d4d8e9385b4a6, cutoff<=2021-06-26T00:00:00+00:00",STRUCTURAL_RECONCILIATION_ONLY
oe_structural:2021:2021-06-27:69a24107f9e3,oe:team:4bd1751425ef6a9bc9d4d8e9385b4a6,oe:team:c334c629fea759876e9e04afbe4aee7,period:32c02d32a3c87111d752,2021.0,Summer,regular,2021-06-27,BO1,2021-06-25T21:33:16+00:00,HIGH_CONFIDENCE_STRUCTURAL,"season=2021, team=oe:team:4bd1751425ef6a9bc9d4d8e9385b4a6, cutoff<=2021-06-27T00:00:00+00:00",STRUCTURAL_RECONCILIATION_ONLY
oe_structural:2021:2021-07-02:ba58daa7a08f,oe:team:4bd1751425ef6a9bc9d4d8e9385b4a6,oe:team:8eb884e168f28402ce685bedebb5250,period:32c02d32a3c87111d752,2021.0,Summer,regular,2021-07-02,BO1,2021-06-25T21:33:16+00:00,HIGH_CONFIDENCE_STRUCTURAL,"season=2021, team=oe:team:4bd1751425ef6a9bc9d4d8e9385b4a6, cutoff<=2021-07-02T00:00:00+00:00",STRUCTURAL_RECONCILIATION_ONLY
oe_structural:2021:2021-06-26:de6a07321261,oe:team:87ee02298073abc2d55060f097d4041,oe:team:fc8e90107dabb9a35c490b0d86adea0,period:32c02d32a3c87111d752,2021.0,Summer,regular,2021-06-26,BO1,2021-06-25T21:33:16+00:00,HIGH_CONFIDENCE_STRUCTURAL,"season=2021, team=oe:team:87ee02298073abc2d55060f097d4041, cutoff<=2021-06-26T00:00:00+00:00",STRUCTURAL_RECONCILIATION_ONLY
oe_structural:2021:2021-06-27:045999c47591,oe:team:87ee02298073abc2d55060f097d4041,oe:team:c334c629fea759876e9e04afbe4aee7,period:32c02d32a3c87111d752,2021.0,Summer,regular,2021-06-27,BO1,2021-06-25T21:33:16+00:00,HIGH_CONFIDENCE_STRUCTURAL,"season=2021, team=oe:team:87ee02298073abc2d55060f097d4041, cutoff<=2021-06-27T00:00:00+00:00",STRUCTURAL_RECONCILIATION_ONLY
oe_structural:2021:2021-06-27:3c3cb7aaeb8b,oe:team:87ee02298073abc2d55060f097d4041,oe:team:2e66da41dc460dd378e3bcc57042d31,period:32c02d32a3c87111d752,2021.0,Summer,regular,2021-06-27,BO1,2021-06-25T21:33:16+00:00,HIGH_CONFIDENCE_STRUCTURAL,"season=2021, team=oe:team:87ee02298073abc2d55060f097d4041, cutoff<=2021-06-27T00:00:00+00:00",STRUCTURAL_RECONCILIATION_ONLY
oe_structural:2021:2021-06-26:c4e1e1f27b26,oe:team:8eb884e168f28402ce685bedebb5250,oe:team:cbfaf0ca2181f0903d2fcceb6c28f3b,period:32c02d32a3c87111d752,2021.0,Summer,regular,2021-06-26,BO1,2021-06-25T21:33:16+00:00,HIGH_CONFIDENCE_STRUCTURAL,"season=2021, team=oe:team:8eb884e168f28402ce685bedebb5250, cutoff<=2021-06-26T00:00:00+00:00",STRUCTURAL_RECONCILIATION_ONLY
oe_structural:2021:2021-06-27:2c821f368bf1,oe:team:8eb884e168f28402ce685bedebb5250,oe:team:a22510a4756fa424cb0771b13261139,period:32c02d32a3c87111d752,2021.0,Summer,regular,2021-06-27,BO1,2021-06-25T21:33:16+00:00,HIGH_CONFIDENCE_STRUCTURAL,"season=2021, team=oe:team:8eb884e168f28402ce685bedebb5250, cutoff<=2021-06-27T00:00:00+00:00",STRUCTURAL_RECONCILIATION_ONLY
oe_structural:2021:2021-07-02:ba58daa7a08f,oe:team:8eb884e168f28402ce685bedebb5250,oe:team:4bd1751425ef6a9bc9d4d8e9385b4a6,period:32c02d32a3c87111d752,2021.0,Summer,regular,2021-07-02,BO1,2021-06-25T21:33:16+00:00,HIGH_CONFIDENCE_STRUCTURAL,"season=2021, team=oe:team:8eb884e168f28402ce685bedebb5250, cutoff<=2021-07-02T00:00:00+00:00",STRUCTURAL_RECONCILIATION_ONLY
oe_structural:2021:2021-06-26:7341e2f52163,oe:team:a22510a4756fa424cb0771b13261139,oe:team:2e66da41dc460dd378e3bcc57042d31,period:32c02d32a3c87111d752,2021.0,Summer,regular,2021-06-26,BO1,2021-06-25T21:33:16+00:00,HIGH_CONFIDENCE_STRUCTURAL,"season=2021, team=oe:team:a22510a4756fa424cb0771b13261139, cutoff<=2021-06-26T00:00:00+00:00",STRUCTURAL_RECONCILIATION_ONLY
oe_structural:2021:2021-06-26:eecd2e6dcf42,oe:team:a22510a4756fa424cb0771b13261139,oe:team:f7f7324c151aa6ed770b244ce08e027,period:32c02d32a3c87111d752,2021.0,Summer,regular,2021-06-26,BO1,2021-06-25T21:33:16+00:00,HIGH_CONFIDENCE_STRUCTURAL,"season=2021, team=oe:team:a22510a4756fa424cb0771b13261139, cutoff<=2021-06-26T00:00:00+00:00",STRUCTURAL_RECONCILIATION_ONLY
oe_structural:2021:2021-06-27:2c821f368bf1,oe:team:a22510a4756fa424cb0771b13261139,oe:team:8eb884e168f28402ce685bedebb5250,period:32c02d32a3c87111d752,2021.0,Summer,regular,2021-06-27,BO1,2021-06-25T21:33:16+00:00,HIGH_CONFIDENCE_STRUCTURAL,"season=2021, team=oe:team:a22510a4756fa424cb0771b13261139, cutoff<=2021-06-27T00:00:00+00:00",STRUCTURAL_RECONCILIATION_ONLY
oe_structural:2021:2021-06-26:d4b760c800a6,oe:team:c334c629fea759876e9e04afbe4aee7,oe:team:cbfaf0ca2181f0903d2fcceb6c28f3b,period:32c02d32a3c87111d752,2021.0,Summer,regular,2021-06-26,BO1,2021-06-25T21:33:16+00:00,HIGH_CONFIDENCE_STRUCTURAL,"season=2021, team=oe:team:c334c629fea759876e9e04afbe4aee7, cutoff<=2021-06-26T00:00:00+00:00",STRUCTURAL_RECONCILIATION_ONLY
oe_structural:2021:2021-06-27:045999c47591,oe:team:c334c629fea759876e9e04afbe4aee7,oe:team:87ee02298073abc2d55060f097d4041,period:32c02d32a3c87111d752,2021.0,Summer,regular,2021-06-27,BO1,2021-06-25T21:33:16+00:00,HIGH_CONFIDENCE_STRUCTURAL,"season=2021, team=oe:team:c334c629fea759876e9e04afbe4aee7, cutoff<=2021-06-27T00:00:00+00:00",STRUCTURAL_RECONCILIATION_ONLY
oe_structural:2021:2021-06-27:69a24107f9e3,oe:team:c334c629fea759876e9e04afbe4aee7,oe:team:4bd1751425ef6a9bc9d4d8e9385b4a6,period:32c02d32a3c87111d752,2021.0,Summer,regular,2021-06-27,BO1,2021-06-25T21:33:16+00:00,HIGH_CONFIDENCE_STRUCTURAL,"season=2021, team=oe:team:c334c629fea759876e9e04afbe4aee7, cutoff<=2021-06-27T00:00:00+00:00",STRUCTURAL_RECONCILIATION_ONLY
oe_structural:2021:2021-06-26:c4e1e1f27b26,oe:team:cbfaf0ca2181f0903d2fcceb6c28f3b,oe:team:8eb884e168f28402ce685bedebb5250,period:32c02d32a3c87111d752,2021.0,Summer,regular,2021-06-26,BO1,2021-06-25T21:33:16+00:00,HIGH_CONFIDENCE_STRUCTURAL,"season=2021, team=oe:team:cbfaf0ca2181f0903d2fcceb6c28f3b, cutoff<=2021-06-26T00:00:00+00:00",STRUCTURAL_RECONCILIATION_ONLY
oe_structural:2021:2021-06-26:d4b760c800a6,oe:team:cbfaf0ca2181f0903d2fcceb6c28f3b,oe:team:c334c629fea759876e9e04afbe4aee7,period:32c02d32a3c87111d752,2021.0,Summer,regular,2021-06-26,BO1,2021-06-25T21:33:16+00:00,HIGH_CONFIDENCE_STRUCTURAL,"season=2021, team=oe:team:cbfaf0ca2181f0903d2fcceb6c28f3b, cutoff<=2021-06-26T00:00:00+00:00",STRUCTURAL_RECONCILIATION_ONLY
oe_structural:2021:2021-06-28:1da316958964,oe:team:cbfaf0ca2181f0903d2fcceb6c28f3b,oe:team:fc8e90107dabb9a35c490b0d86adea0,period:32c02d32a3c87111d752,2021.0,Summer,regular,2021-06-28,BO1,2021-06-25T21:33:16+00:00,HIGH_CONFIDENCE_STRUCTURAL,"season=2021, team=oe:team:cbfaf0ca2181f0903d2fcceb6c28f3b, cutoff<=2021-06-28T00:00:00+00:00",STRUCTURAL_RECONCILIATION_ONLY
oe_structural:2021:2021-06-26:eecd2e6dcf42,oe:team:f7f7324c151aa6ed770b244ce08e027,oe:team:a22510a4756fa424cb0771b13261139,period:32c02d32a3c87111d752,2021.0,Summer,regular,2021-06-26,BO1,2021-06-25T21:33:16+00:00,HIGH_CONFIDENCE_STRUCTURAL,"season=2021, team=oe:team:f7f7324c151aa6ed770b244ce08e027, cutoff<=2021-06-26T00:00:00+00:00",STRUCTURAL_RECONCILIATION_ONLY
oe_structural:2021:2021-06-27:a6121848e661,oe:team:f7f7324c151aa6ed770b244ce08e027,oe:team:0dbb780176ecad18f17292d1f5653af,period:32c02d32a3c87111d752,2021.0,Summer,regular,2021-06-27,BO1,2021-06-25T21:33:16+00:00,HIGH_CONFIDENCE_STRUCTURAL,"season=2021, team=oe:team:f7f7324c151aa6ed770b244ce08e027, cutoff<=2021-06-27T00:00:00+00:00",STRUCTURAL_RECONCILIATION_ONLY
oe_structural:2021:2021-07-02:80bf31d75d65,oe:team:f7f7324c151aa6ed770b244ce08e027,oe:team:2e66da41dc460dd378e3bcc57042d31,period:32c02d32a3c87111d752,2021.0,Summer,regular,2021-07-02,BO1,2021-06-25T21:33:16+00:00,HIGH_CONFIDENCE_STRUCTURAL,"season=2021, team=oe:team:f7f7324c151aa6ed770b244ce08e027, cutoff<=2021-07-02T00:00:00+00:00",STRUCTURAL_RECONCILIATION_ONLY
oe_structural:2021:2021-06-26:007529be7bbe,oe:team:fc8e90107dabb9a35c490b0d86adea0,oe:team:4bd1751425ef6a9bc9d4d8e9385b4a6,period:32c02d32a3c87111d752,2021.0,Summer,regular,2021-06-26,BO1,2021-06-25T21:33:16+00:00,HIGH_CONFIDENCE_STRUCTURAL,"season=2021, team=oe:team:fc8e90107dabb9a35c490b0d86adea0, cutoff<=2021-06-26T00:00:00+00:00",STRUCTURAL_RECONCILIATION_ONLY
oe_structural:2021:2021-06-26:de6a07321261,oe:team:fc8e90107dabb9a35c490b0d86adea0,oe:team:87ee02298073abc2d55060f097d4041,period:32c02d32a3c87111d752,2021.0,Summer,regular,2021-06-26,BO1,2021-06-25T21:33:16+00:00,HIGH_CONFIDENCE_STRUCTURAL,"season=2021, team=oe:team:fc8e90107dabb9a35c490b0d86adea0, cutoff<=2021-06-26T00:00:00+00:00",STRUCTURAL_RECONCILIATION_ONLY
oe_structural:2021:2021-06-28:1da316958964,oe:team:fc8e90107dabb9a35c490b0d86adea0,oe:team:cbfaf0ca2181f0903d2fcceb6c28f3b,period:32c02d32a3c87111d752,2021.0,Summer,regular,2021-06-28,BO1,2021-06-25T21:33:16+00:00,HIGH_CONFIDENCE_STRUCTURAL,"season=2021, team=oe:team:fc8e90107dabb9a35c490b0d86adea0, cutoff<=2021-06-28T00:00:00+00:00",STRUCTURAL_RECONCILIATION_ONLY
oe_structural:2021:2021-02-27:3182705fe5ac,oe:team:0dbb780176ecad18f17292d1f5653af,oe:team:4bd1751425ef6a9bc9d4d8e9385b4a6,period:3482fd65afd711052651,2021.0,Spring,regular,2021-02-27,BO1,2021-02-26T22:23:25+00:00,HIGH_CONFIDENCE_STRUCTURAL,"season=2021, team=oe:team:0dbb780176ecad18f17292d1f5653af, cutoff<=2021-02-27T00:00:00+00:00",STRUCTURAL_RECONCILIATION_ONLY
oe_structural:2021:2021-02-27:a2f531012fea,oe:team:0dbb780176ecad18f17292d1f5653af,oe:team:c334c629fea759876e9e04afbe4aee7,period:3482fd65afd711052651,2021.0,Spring,regular,2021-02-27,BO1,2021-02-26T22:23:25+00:00,HIGH_CONFIDENCE_STRUCTURAL,"season=2021, team=oe:team:0dbb780176ecad18f17292d1f5653af, cutoff<=2021-02-27T00:00:00+00:00",STRUCTURAL_RECONCILIATION_ONLY
oe_structural:2021:2021-03-01:9db816bd6294,oe:team:0dbb780176ecad18f17292d1f5653af,oe:team:cbfaf0ca2181f0903d2fcceb6c28f3b,period:3482fd65afd711052651,2021.0,Spring,regular,2021-03-01,BO1,2021-02-26T22:23:25+00:00,HIGH_CONFIDENCE_STRUCTURAL,"season=2021, team=oe:team:0dbb780176ecad18f17292d1f5653af, cutoff<=2021-03-01T00:00:00+00:00",STRUCTURAL_RECONCILIATION_ONLY
oe_structural:2021:2021-03-05:bcb17142b98e,oe:team:0dbb780176ecad18f17292d1f5653af,oe:team:a22510a4756fa424cb0771b13261139,period:3482fd65afd711052651,2021.0,Spring,regular,2021-03-05,BO1,2021-02-26T22:23:25+00:00,HIGH_CONFIDENCE_STRUCTURAL,"season=2021, team=oe:team:0dbb780176ecad18f17292d1f5653af, cutoff<=2021-03-05T00:00:00+00:00",STRUCTURAL_RECONCILIATION_ONLY
oe_structural:2021:2021-02-27:23b32f570e26,oe:team:2e66da41dc460dd378e3bcc57042d31,oe:team:8eb884e168f28402ce685bedebb5250,period:3482fd65afd711052651,2021.0,Spring,regular,2021-02-27,BO1,2021-02-26T22:23:25+00:00,HIGH_CONFIDENCE_STRUCTURAL,"season=2021, team=oe:team:2e66da41dc460dd378e3bcc57042d31, cutoff<=2021-02-27T00:00:00+00:00",STRUCTURAL_RECONCILIATION_ONLY
oe_structural:2021:2021-02-27:914669d2316f,oe:team:2e66da41dc460dd378e3bcc57042d31,oe:team:f7f7324c151aa6ed770b244ce08e027,period:3482fd65afd711052651,2021.0,Spring,regular,2021-02-27,BO1,2021-02-26T22:23:25+00:00,HIGH_CONFIDENCE_STRUCTURAL,"season=2021, team=oe:team:2e66da41dc460dd378e3bcc57042d31, cutoff<=2021-02-27T00:00:00+00:00",STRUCTURAL_RECONCILIATION_ONLY
oe_structural:2021:2021-02-28:7c936b7f439e,oe:team:2e66da41dc460dd378e3bcc57042d31,oe:team:a22510a4756fa424cb0771b13261139,period:3482fd65afd711052651,2021.0,Spring,regular,2021-02-28,BO1,2021-02-26T22:23:25+00:00,HIGH_CONFIDENCE_STRUCTURAL,"season=2021, team=oe:team:2e66da41dc460dd378e3bcc57042d31, cutoff<=2021-02-28T00:00:00+00:00",STRUCTURAL_RECONCILIATION_ONLY
oe_structural:2021:2021-02-27:3182705fe5ac,oe:team:4bd1751425ef6a9bc9d4d8e9385b4a6,oe:team:0dbb780176ecad18f17292d1f5653af,period:3482fd65afd711052651,2021.0,Spring,regular,2021-02-27,BO1,2021-02-26T22:23:25+00:00,HIGH_CONFIDENCE_STRUCTURAL,"season=2021, team=oe:team:4bd1751425ef6a9bc9d4d8e9385b4a6, cutoff<=2021-02-27T00:00:00+00:00",STRUCTURAL_RECONCILIATION_ONLY
oe_structural:2021:2021-02-27:f6ead28b2dc4,oe:team:4bd1751425ef6a9bc9d4d8e9385b4a6,oe:team:cbfaf0ca2181f0903d2fcceb6c28f3b,period:3482fd65afd711052651,2021.0,Spring,regular,2021-02-27,BO1,2021-02-26T22:23:25+00:00,HIGH_CONFIDENCE_STRUCTURAL,"season=2021, team=oe:team:4bd1751425ef6a9bc9d4d8e9385b4a6, cutoff<=2021-02-27T00:00:00+00:00",STRUCTURAL_RECONCILIATION_ONLY
oe_structural:2021:2021-02-28:6493fb1f5b83,oe:team:4bd1751425ef6a9bc9d4d8e9385b4a6,oe:team:fc8e90107dabb9a35c490b0d86adea0,period:3482fd65afd711052651,2021.0,Spring,regular,2021-02-28,BO1,2021-02-26T22:23:25+00:00,HIGH_CONFIDENCE_STRUCTURAL,"season=2021, team=oe:team:4bd1751425ef6a9bc9d4d8e9385b4a6, cutoff<=2021-02-28T00:00:00+00:00",STRUCTURAL_RECONCILIATION_ONLY
oe_structural:2021:2021-03-05:2b6408c3c00a,oe:team:4bd1751425ef6a9bc9d4d8e9385b4a6,oe:team:f7f7324c151aa6ed770b244ce08e027,period:3482fd65afd711052651,2021.0,Spring,regular,2021-03-05,BO1,2021-02-26T22:23:25+00:00,HIGH_CONFIDENCE_STRUCTURAL,"season=2021, team=oe:team:4bd1751425ef6a9bc9d4d8e9385b4a6, cutoff<=2021-03-05T00:00:00+00:00",STRUCTURAL_RECONCILIATION_ONLY
oe_structural:2021:2021-02-28:1d1607209707,oe:team:87ee02298073abc2d55060f097d4041,oe:team:c334c629fea759876e9e04afbe4aee7,period:3482fd65afd711052651,2021.0,Spring,regular,2021-02-28,BO1,2021-02-26T22:23:25+00:00,HIGH_CONFIDENCE_STRUCTURAL,"season=2021, team=oe:team:87ee02298073abc2d55060f097d4041, cutoff<=2021-02-28T00:00:00+00:00",STRUCTURAL_RECONCILIATION_ONLY
oe_structural:2021:2021-02-28:bbde12f27689,oe:team:87ee02298073abc2d55060f097d4041,oe:team:f7f7324c151aa6ed770b244ce08e027,period:3482fd65afd711052651,2021.0,Spring,regular,2021-02-28,BO1,2021-02-26T22:23:25+00:00,HIGH_CONFIDENCE_STRUCTURAL,"season=2021, team=oe:team:87ee02298073abc2d55060f097d4041, cutoff<=2021-02-28T00:00:00+00:00",STRUCTURAL_RECONCILIATION_ONLY
oe_structural:2021:2021-02-27:23b32f570e26,oe:team:8eb884e168f28402ce685bedebb5250,oe:team:2e66da41dc460dd378e3bcc57042d31,period:3482fd65afd711052651,2021.0,Spring,regular,2021-02-27,BO1,2021-02-26T22:23:25+00:00,HIGH_CONFIDENCE_STRUCTURAL,"season=2021, team=oe:team:8eb884e168f28402ce685bedebb5250, cutoff<=2021-02-27T00:00:00+00:00",STRUCTURAL_RECONCILIATION_ONLY
oe_structural:2021:2021-02-28:86c76eb08422,oe:team:8eb884e168f28402ce685bedebb5250,oe:team:c334c629fea759876e9e04afbe4aee7,period:3482fd65afd711052651,2021.0,Spring,regular,2021-02-28,BO1,2021-02-26T22:23:25+00:00,HIGH_CONFIDENCE_STRUCTURAL,"season=2021, team=oe:team:8eb884e168f28402ce685bedebb5250, cutoff<=2021-02-28T00:00:00+00:00",STRUCTURAL_RECONCILIATION_ONLY
oe_structural:2021:2021-02-27:f20af186f6a4,oe:team:a22510a4756fa424cb0771b13261139,oe:team:cbfaf0ca2181f0903d2fcceb6c28f3b,period:3482fd65afd711052651,2021.0,Spring,regular,2021-02-27,BO1,2021-02-26T22:23:25+00:00,HIGH_CONFIDENCE_STRUCTURAL,"season=2021, team=oe:team:a22510a4756fa424cb0771b13261139, cutoff<=2021-02-27T00:00:00+00:00",STRUCTURAL_RECONCILIATION_ONLY
oe_structural:2021:2021-02-28:7c936b7f439e,oe:team:a22510a4756fa424cb0771b13261139,oe:team:2e66da41dc460dd378e3bcc57042d31,period:3482fd65afd711052651,2021.0,Spring,regular,2021-02-28,BO1,2021-02-26T22:23:25+00:00,HIGH_CONFIDENCE_STRUCTURAL,"season=2021, team=oe:team:a22510a4756fa424cb0771b13261139, cutoff<=2021-02-28T00:00:00+00:00",STRUCTURAL_RECONCILIATION_ONLY
oe_structural:2021:2021-03-05:bcb17142b98e,oe:team:a22510a4756fa424cb0771b13261139,oe:team:0dbb780176ecad18f17292d1f5653af,period:3482fd65afd711052651,2021.0,Spring,regular,2021-03-05,BO1,2021-02-26T22:23:25+00:00,HIGH_CONFIDENCE_STRUCTURAL,"season=2021, team=oe:team:a22510a4756fa424cb0771b13261139, cutoff<=2021-03-05T00:00:00+00:00",STRUCTURAL_RECONCILIATION_ONLY
oe_structural:2021:2021-02-27:a2f531012fea,oe:team:c334c629fea759876e9e04afbe4aee7,oe:team:0dbb780176ecad18f17292d1f5653af,period:3482fd65afd711052651,2021.0,Spring,regular,2021-02-27,BO1,2021-02-26T22:23:25+00:00,HIGH_CONFIDENCE_STRUCTURAL,"season=2021, team=oe:team:c334c629fea759876e9e04afbe4aee7, cutoff<=2021-02-27T00:00:00+00:00",STRUCTURAL_RECONCILIATION_ONLY
oe_structural:2021:2021-02-28:1d1607209707,oe:team:c334c629fea759876e9e04afbe4aee7,oe:team:87ee02298073abc2d55060f097d4041,period:3482fd65afd711052651,2021.0,Spring,regular,2021-02-28,BO1,2021-02-26T22:23:25+00:00,HIGH_CONFIDENCE_STRUCTURAL,"season=2021, team=oe:team:c334c629fea759876e9e04afbe4aee7, cutoff<=2021-02-28T00:00:00+00:00",STRUCTURAL_RECONCILIATION_ONLY
oe_structural:2021:2021-02-28:86c76eb08422,oe:team:c334c629fea759876e9e04afbe4aee7,oe:team:8eb884e168f28402ce685bedebb5250,period:3482fd65afd711052651,2021.0,Spring,regular,2021-02-28,BO1,2021-02-26T22:23:25+00:00,HIGH_CONFIDENCE_STRUCTURAL,"season=2021, team=oe:team:c334c629fea759876e9e04afbe4aee7, cutoff<=2021-02-28T00:00:00+00:00",STRUCTURAL_RECONCILIATION_ONLY
oe_structural:2021:2021-02-27:f20af186f6a4,oe:team:cbfaf0ca2181f0903d2fcceb6c28f3b,oe:team:a22510a4756fa424cb0771b13261139,period:3482fd65afd711052651,2021.0,Spring,regular,2021-02-27,BO1,2021-02-26T22:23:25+00:00,HIGH_CONFIDENCE_STRUCTURAL,"season=2021, team=oe:team:cbfaf0ca2181f0903d2fcceb6c28f3b, cutoff<=2021-02-27T00:00:00+00:00",STRUCTURAL_RECONCILIATION_ONLY
oe_structural:2021:2021-02-27:f6ead28b2dc4,oe:team:cbfaf0ca2181f0903d2fcceb6c28f3b,oe:team:4bd1751425ef6a9bc9d4d8e9385b4a6,period:3482fd65afd711052651,2021.0,Spring,regular,2021-02-27,BO1,2021-02-26T22:23:25+00:00,HIGH_CONFIDENCE_STRUCTURAL,"season=2021, team=oe:team:cbfaf0ca2181f0903d2fcceb6c28f3b, cutoff<=2021-02-27T00:00:00+00:00",STRUCTURAL_RECONCILIATION_ONLY
oe_structural:2021:2021-03-01:9db816bd6294,oe:team:cbfaf0ca2181f0903d2fcceb6c28f3b,oe:team:0dbb780176ecad18f17292d1f5653af,period:3482fd65afd711052651,2021.0,Spring,regular,2021-03-01,BO1,2021-02-26T22:23:25+00:00,HIGH_CONFIDENCE_STRUCTURAL,"season=2021, team=oe:team:cbfaf0ca2181f0903d2fcceb6c28f3b, cutoff<=2021-03-01T00:00:00+00:00",STRUCTURAL_RECONCILIATION_ONLY
oe_structural:2021:2021-02-27:01ae4ede5a0d,oe:team:f7f7324c151aa6ed770b244ce08e027,oe:team:fc8e90107dabb9a35c490b0d86adea0,period:3482fd65afd711052651,2021.0,Spring,regular,2021-02-27,BO1,2021-02-26T22:23:25+00:00,HIGH_CONFIDENCE_STRUCTURAL,"season=2021, team=oe:team:f7f7324c151aa6ed770b244ce08e027, cutoff<=2021-02-27T00:00:00+00:00",STRUCTURAL_RECONCILIATION_ONLY
oe_structural:2021:2021-02-27:914669d2316f,oe:team:f7f7324c151aa6ed770b244ce08e027,oe:team:2e66da41dc460dd378e3bcc57042d31,period:3482fd65afd711052651,2021.0,Spring,regular,2021-02-27,BO1,2021-02-26T22:23:25+00:00,HIGH_CONFIDENCE_STRUCTURAL,"season=2021, team=oe:team:f7f7324c151aa6ed770b244ce08e027, cutoff<=2021-02-27T00:00:00+00:00",STRUCTURAL_RECONCILIATION_ONLY
oe_structural:2021:2021-02-28:bbde12f27689,oe:team:f7f7324c151aa6ed770b244ce08e027,oe:team:87ee02298073abc2d55060f097d4041,period:3482fd65afd711052651,2021.0,Spring,regular,2021-02-28,BO1,2021-02-26T22:23:25+00:00,HIGH_CONFIDENCE_STRUCTURAL,"season=2021, team=oe:team:f7f7324c151aa6ed770b244ce08e027, cutoff<=2021-02-28T00:00:00+00:00",STRUCTURAL_RECONCILIATION_ONLY
oe_structural:2021:2021-03-05:2b6408c3c00a,oe:team:f7f7324c151aa6ed770b244ce08e027,oe:team:4bd1751425ef6a9bc9d4d8e9385b4a6,period:3482fd65afd711052651,2021.0,Spring,regular,2021-03-05,BO1,2021-02-26T22:23:25+00:00,HIGH_CONFIDENCE_STRUCTURAL,"season=2021, team=oe:team:f7f7324c151aa6ed770b244ce08e027, cutoff<=2021-03-05T00:00:00+00:00",STRUCTURAL_RECONCILIATION_ONLY
oe_structural:2021:2021-02-27:01ae4ede5a0d,oe:team:fc8e90107dabb9a35c490b0d86adea0,oe:team:f7f7324c151aa6ed770b244ce08e027,period:3482fd65afd711052651,2021.0,Spring,regular,2021-02-27,BO1,2021-02-26T22:23:25+00:00,HIGH_CONFIDENCE_STRUCTURAL,"season=2021, team=oe:team:fc8e90107dabb9a35c490b0d86adea0, cutoff<=2021-02-27T00:00:00+00:00",STRUCTURAL_RECONCILIATION_ONLY
oe_structural:2021:2021-02-28:6493fb1f5b83,oe:team:fc8e90107dabb9a35c490b0d86adea0,oe:team:4bd1751425ef6a9bc9d4d8e9385b4a6,period:3482fd65afd711052651,2021.0,Spring,regular,2021-02-28,BO1,2021-02-26T22:23:25+00:00,HIGH_CONFIDENCE_STRUCTURAL,"season=2021, team=oe:team:fc8e90107dabb9a35c490b0d86adea0, cutoff<=2021-02-28T00:00:00+00:00",STRUCTURAL_RECONCILIATION_ONLY
oe_structural:2024:2024-08-31:1874263e75e5,oe:team:2e66da41dc460dd378e3bcc57042d31,oe:team:8eb884e168f28402ce685bedebb5250,period:3685f26c9338932445a9,2024.0,Summer,playoffs,2024-08-31,BO5,2024-08-30T20:08:40+00:00,HIGH_CONFIDENCE_STRUCTURAL,"season=2024, team=oe:team:2e66da41dc460dd378e3bcc57042d31, cutoff<=2024-08-31T00:00:00+00:00",STRUCTURAL_RECONCILIATION_ONLY
oe_structural:2024:2024-09-06:5a26697350d0,oe:team:2e66da41dc460dd378e3bcc57042d31,oe:team:4bd1751425ef6a9bc9d4d8e9385b4a6,period:3685f26c9338932445a9,2024.0,Summer,playoffs,2024-09-06,BO5,2024-08-30T20:08:40+00:00,HIGH_CONFIDENCE_STRUCTURAL,"season=2024, team=oe:team:2e66da41dc460dd378e3bcc57042d31, cutoff<=2024-09-06T00:00:00+00:00",STRUCTURAL_RECONCILIATION_ONLY
oe_structural:2024:2024-09-01:4ae369ca3859,oe:team:4bd1751425ef6a9bc9d4d8e9385b4a6,oe:team:fc8e90107dabb9a35c490b0d86adea0,period:3685f26c9338932445a9,2024.0,Summer,playoffs,2024-09-01,BO5,2024-08-30T20:08:40+00:00,HIGH_CONFIDENCE_STRUCTURAL,"season=2024, team=oe:team:4bd1751425ef6a9bc9d4d8e9385b4a6, cutoff<=2024-09-01T00:00:00+00:00",STRUCTURAL_RECONCILIATION_ONLY
oe_structural:2024:2024-09-06:5a26697350d0,oe:team:4bd1751425ef6a9bc9d4d8e9385b4a6,oe:team:2e66da41dc460dd378e3bcc57042d31,period:3685f26c9338932445a9,2024.0,Summer,playoffs,2024-09-06,BO5,2024-08-30T20:08:40+00:00,HIGH_CONFIDENCE_STRUCTURAL,"season=2024, team=oe:team:4bd1751425ef6a9bc9d4d8e9385b4a6, cutoff<=2024-09-06T00:00:00+00:00",STRUCTURAL_RECONCILIATION_ONLY
oe_structural:2024:2024-08-31:1874263e75e5,oe:team:8eb884e168f28402ce685bedebb5250,oe:team:2e66da41dc460dd378e3bcc57042d31,period:3685f26c9338932445a9,2024.0,Summer,playoffs,2024-08-31,BO5,2024-08-30T20:08:40+00:00,HIGH_CONFIDENCE_STRUCTURAL,"season=2024, team=oe:team:8eb884e168f28402ce685bedebb5250, cutoff<=2024-08-31T00:00:00+00:00",STRUCTURAL_RECONCILIATION_ONLY
oe_structural:2024:2024-09-01:4ae369ca3859,oe:team:fc8e90107dabb9a35c490b0d86adea0,oe:team:4bd1751425ef6a9bc9d4d8e9385b4a6,period:3685f26c9338932445a9,2024.0,Summer,playoffs,2024-09-01,BO5,2024-08-30T20:08:40+00:00,HIGH_CONFIDENCE_STRUCTURAL,"season=2024, team=oe:team:fc8e90107dabb9a35c490b0d86adea0, cutoff<=2024-09-01T00:00:00+00:00",STRUCTURAL_RECONCILIATION_ONLY
oe_structural:2023:2023-07-13:718426b4c103,oe:team:0dbb780176ecad18f17292d1f5653af,oe:team:e758ebe9a5a2cc81b9c8078479c2d87,period:36cf05276a8bbe55409a,2023.0,Summer,regular,2023-07-13,BO1,2023-07-12T21:06:58+00:00,HIGH_CONFIDENCE_STRUCTURAL,"season=2023, team=oe:team:0dbb780176ecad18f17292d1f5653af, cutoff<=2023-07-13T00:00:00+00:00",STRUCTURAL_RECONCILIATION_ONLY
oe_structural:2023:2023-07-15:c71157044da6,oe:team:0dbb780176ecad18f17292d1f5653af,oe:team:c334c629fea759876e9e04afbe4aee7,period:36cf05276a8bbe55409a,2023.0,Summer,regular,2023-07-15,BO1,2023-07-12T21:06:58+00:00,HIGH_CONFIDENCE_STRUCTURAL,"season=2023, team=oe:team:0dbb780176ecad18f17292d1f5653af, cutoff<=2023-07-15T00:00:00+00:00",STRUCTURAL_RECONCILIATION_ONLY
oe_structural:2023:2023-07-13:00f11ce56a85,oe:team:2e66da41dc460dd378e3bcc57042d31,oe:team:f7f7324c151aa6ed770b244ce08e027,period:36cf05276a8bbe55409a,2023.0,Summer,regular,2023-07-13,BO1,2023-07-12T21:06:58+00:00,HIGH_CONFIDENCE_STRUCTURAL,"season=2023, team=oe:team:2e66da41dc460dd378e3bcc57042d31, cutoff<=2023-07-13T00:00:00+00:00",STRUCTURAL_RECONCILIATION_ONLY
oe_structural:2023:2023-07-14:7efe56dc38b2,oe:team:2e66da41dc460dd378e3bcc57042d31,oe:team:8eb884e168f28402ce685bedebb5250,period:36cf05276a8bbe55409a,2023.0,Summer,regular,2023-07-14,BO1,2023-07-12T21:06:58+00:00,HIGH_CONFIDENCE_STRUCTURAL,"season=2023, team=oe:team:2e66da41dc460dd378e3bcc57042d31, cutoff<=2023-07-14T00:00:00+00:00",STRUCTURAL_RECONCILIATION_ONLY
oe_structural:2023:2023-07-19:4e206cb43622,oe:team:2e66da41dc460dd378e3bcc57042d31,oe:team:a22510a4756fa424cb0771b13261139,period:36cf05276a8bbe55409a,2023.0,Summer,regular,2023-07-19,BO1,2023-07-12T21:06:58+00:00,HIGH_CONFIDENCE_STRUCTURAL,"season=2023, team=oe:team:2e66da41dc460dd378e3bcc57042d31, cutoff<=2023-07-19T00:00:00+00:00",STRUCTURAL_RECONCILIATION_ONLY
oe_structural:2023:2023-07-13:eb756b76548e,oe:team:4bd1751425ef6a9bc9d4d8e9385b4a6,oe:team:c334c629fea759876e9e04afbe4aee7,period:36cf05276a8bbe55409a,2023.0,Summer,regular,2023-07-13,BO1,2023-07-12T21:06:58+00:00,HIGH_CONFIDENCE_STRUCTURAL,"season=2023, team=oe:team:4bd1751425ef6a9bc9d4d8e9385b4a6, cutoff<=2023-07-13T00:00:00+00:00",STRUCTURAL_RECONCILIATION_ONLY
oe_structural:2023:2023-07-14:09d8d11e06b4,oe:team:4bd1751425ef6a9bc9d4d8e9385b4a6,oe:team:a22510a4756fa424cb0771b13261139,period:36cf05276a8bbe55409a,2023.0,Summer,regular,2023-07-14,BO1,2023-07-12T21:06:58+00:00,HIGH_CONFIDENCE_STRUCTURAL,"season=2023, team=oe:team:4bd1751425ef6a9bc9d4d8e9385b4a6, cutoff<=2023-07-14T00:00:00+00:00",STRUCTURAL_RECONCILIATION_ONLY
oe_structural:2023:2023-07-14:7b6ddb6eda9c,oe:team:4bd1751425ef6a9bc9d4d8e9385b4a6,oe:team:fc8e90107dabb9a35c490b0d86adea0,period:36cf05276a8bbe55409a,2023.0,Summer,regular,2023-07-14,BO1,2023-07-12T21:06:58+00:00,HIGH_CONFIDENCE_STRUCTURAL,"season=2023, team=oe:team:4bd1751425ef6a9bc9d4d8e9385b4a6, cutoff<=2023-07-14T00:00:00+00:00",STRUCTURAL_RECONCILIATION_ONLY
oe_structural:2023:2023-07-14:44ba7c432bc9,oe:team:87ee02298073abc2d55060f097d4041,oe:team:c334c629fea759876e9e04afbe4aee7,period:36cf05276a8bbe55409a,2023.0,Summer,regular,2023-07-14,BO1,2023-07-12T21:06:58+00:00,HIGH_CONFIDENCE_STRUCTURAL,"season=2023, team=oe:team:87ee02298073abc2d55060f097d4041, cutoff<=2023-07-14T00:00:00+00:00",STRUCTURAL_RECONCILIATION_ONLY
oe_structural:2023:2023-07-14:de4f9ae9d1f4,oe:team:87ee02298073abc2d55060f097d4041,oe:team:e758ebe9a5a2cc81b9c8078479c2d87,period:36cf05276a8bbe55409a,2023.0,Summer,regular,2023-07-14,BO1,2023-07-12T21:06:58+00:00,HIGH_CONFIDENCE_STRUCTURAL,"season=2023, team=oe:team:87ee02298073abc2d55060f097d4041, cutoff<=2023-07-14T00:00:00+00:00",STRUCTURAL_RECONCILIATION_ONLY
oe_structural:2023:2023-07-19:1959f336aa11,oe:team:87ee02298073abc2d55060f097d4041,oe:team:8eb884e168f28402ce685bedebb5250,period:36cf05276a8bbe55409a,2023.0,Summer,regular,2023-07-19,BO1,2023-07-12T21:06:58+00:00,HIGH_CONFIDENCE_STRUCTURAL,"season=2023, team=oe:team:87ee02298073abc2d55060f097d4041, cutoff<=2023-07-19T00:00:00+00:00",STRUCTURAL_RECONCILIATION_ONLY
oe_structural:2023:2023-07-13:4f5f966873b0,oe:team:8eb884e168f28402ce685bedebb5250,oe:team:a22510a4756fa424cb0771b13261139,period:36cf05276a8bbe55409a,2023.0,Summer,regular,2023-07-13,BO1,2023-07-12T21:06:58+00:00,HIGH_CONFIDENCE_STRUCTURAL,"season=2023, team=oe:team:8eb884e168f28402ce685bedebb5250, cutoff<=2023-07-13T00:00:00+00:00",STRUCTURAL_RECONCILIATION_ONLY
oe_structural:2023:2023-07-14:7efe56dc38b2,oe:team:8eb884e168f28402ce685bedebb5250,oe:team:2e66da41dc460dd378e3bcc57042d31,period:36cf05276a8bbe55409a,2023.0,Summer,regular,2023-07-14,BO1,2023-07-12T21:06:58+00:00,HIGH_CONFIDENCE_STRUCTURAL,"season=2023, team=oe:team:8eb884e168f28402ce685bedebb5250, cutoff<=2023-07-14T00:00:00+00:00",STRUCTURAL_RECONCILIATION_ONLY
oe_structural:2023:2023-07-19:1959f336aa11,oe:team:8eb884e168f28402ce685bedebb5250,oe:team:87ee02298073abc2d55060f097d4041,period:36cf05276a8bbe55409a,2023.0,Summer,regular,2023-07-19,BO1,2023-07-12T21:06:58+00:00,HIGH_CONFIDENCE_STRUCTURAL,"season=2023, team=oe:team:8eb884e168f28402ce685bedebb5250, cutoff<=2023-07-19T00:00:00+00:00",STRUCTURAL_RECONCILIATION_ONLY
oe_structural:2023:2023-07-13:4f5f966873b0,oe:team:a22510a4756fa424cb0771b13261139,oe:team:8eb884e168f28402ce685bedebb5250,period:36cf05276a8bbe55409a,2023.0,Summer,regular,2023-07-13,BO1,2023-07-12T21:06:58+00:00,HIGH_CONFIDENCE_STRUCTURAL,"season=2023, team=oe:team:a22510a4756fa424cb0771b13261139, cutoff<=2023-07-13T00:00:00+00:00",STRUCTURAL_RECONCILIATION_ONLY
oe_structural:2023:2023-07-14:09d8d11e06b4,oe:team:a22510a4756fa424cb0771b13261139,oe:team:4bd1751425ef6a9bc9d4d8e9385b4a6,period:36cf05276a8bbe55409a,2023.0,Summer,regular,2023-07-14,BO1,2023-07-12T21:06:58+00:00,HIGH_CONFIDENCE_STRUCTURAL,"season=2023, team=oe:team:a22510a4756fa424cb0771b13261139, cutoff<=2023-07-14T00:00:00+00:00",STRUCTURAL_RECONCILIATION_ONLY
oe_structural:2023:2023-07-19:4e206cb43622,oe:team:a22510a4756fa424cb0771b13261139,oe:team:2e66da41dc460dd378e3bcc57042d31,period:36cf05276a8bbe55409a,2023.0,Summer,regular,2023-07-19,BO1,2023-07-12T21:06:58+00:00,HIGH_CONFIDENCE_STRUCTURAL,"season=2023, team=oe:team:a22510a4756fa424cb0771b13261139, cutoff<=2023-07-19T00:00:00+00:00",STRUCTURAL_RECONCILIATION_ONLY
oe_structural:2023:2023-07-13:eb756b76548e,oe:team:c334c629fea759876e9e04afbe4aee7,oe:team:4bd1751425ef6a9bc9d4d8e9385b4a6,period:36cf05276a8bbe55409a,2023.0,Summer,regular,2023-07-13,BO1,2023-07-12T21:06:58+00:00,HIGH_CONFIDENCE_STRUCTURAL,"season=2023, team=oe:team:c334c629fea759876e9e04afbe4aee7, cutoff<=2023-07-13T00:00:00+00:00",STRUCTURAL_RECONCILIATION_ONLY
oe_structural:2023:2023-07-14:44ba7c432bc9,oe:team:c334c629fea759876e9e04afbe4aee7,oe:team:87ee02298073abc2d55060f097d4041,period:36cf05276a8bbe55409a,2023.0,Summer,regular,2023-07-14,BO1,2023-07-12T21:06:58+00:00,HIGH_CONFIDENCE_STRUCTURAL,"season=2023, team=oe:team:c334c629fea759876e9e04afbe4aee7, cutoff<=2023-07-14T00:00:00+00:00",STRUCTURAL_RECONCILIATION_ONLY
oe_structural:2023:2023-07-15:c71157044da6,oe:team:c334c629fea759876e9e04afbe4aee7,oe:team:0dbb780176ecad18f17292d1f5653af,period:36cf05276a8bbe55409a,2023.0,Summer,regular,2023-07-15,BO1,2023-07-12T21:06:58+00:00,HIGH_CONFIDENCE_STRUCTURAL,"season=2023, team=oe:team:c334c629fea759876e9e04afbe4aee7, cutoff<=2023-07-15T00:00:00+00:00",STRUCTURAL_RECONCILIATION_ONLY
oe_structural:2023:2023-07-19:9bd23303e1ed,oe:team:c334c629fea759876e9e04afbe4aee7,oe:team:f7f7324c151aa6ed770b244ce08e027,period:36cf05276a8bbe55409a,2023.0,Summer,regular,2023-07-19,BO1,2023-07-12T21:06:58+00:00,HIGH_CONFIDENCE_STRUCTURAL,"season=2023, team=oe:team:c334c629fea759876e9e04afbe4aee7, cutoff<=2023-07-19T00:00:00+00:00",STRUCTURAL_RECONCILIATION_ONLY
oe_structural:2023:2023-07-13:718426b4c103,oe:team:e758ebe9a5a2cc81b9c8078479c2d87,oe:team:0dbb780176ecad18f17292d1f5653af,period:36cf05276a8bbe55409a,2023.0,Summer,regular,2023-07-13,BO1,2023-07-12T21:06:58+00:00,HIGH_CONFIDENCE_STRUCTURAL,"season=2023, team=oe:team:e758ebe9a5a2cc81b9c8078479c2d87, cutoff<=2023-07-13T00:00:00+00:00",STRUCTURAL_RECONCILIATION_ONLY
oe_structural:2023:2023-07-14:de4f9ae9d1f4,oe:team:e758ebe9a5a2cc81b9c8078479c2d87,oe:team:87ee02298073abc2d55060f097d4041,period:36cf05276a8bbe55409a,2023.0,Summer,regular,2023-07-14,BO1,2023-07-12T21:06:58+00:00,HIGH_CONFIDENCE_STRUCTURAL,"season=2023, team=oe:team:e758ebe9a5a2cc81b9c8078479c2d87, cutoff<=2023-07-14T00:00:00+00:00",STRUCTURAL_RECONCILIATION_ONLY
oe_structural:2023:2023-07-19:4fcdf1f8d714,oe:team:e758ebe9a5a2cc81b9c8078479c2d87,oe:team:fc8e90107dabb9a35c490b0d86adea0,period:36cf05276a8bbe55409a,2023.0,Summer,regular,2023-07-19,BO1,2023-07-12T21:06:58+00:00,HIGH_CONFIDENCE_STRUCTURAL,"season=2023, team=oe:team:e758ebe9a5a2cc81b9c8078479c2d87, cutoff<=2023-07-19T00:00:00+00:00",STRUCTURAL_RECONCILIATION_ONLY
oe_structural:2023:2023-07-13:00f11ce56a85,oe:team:f7f7324c151aa6ed770b244ce08e027,oe:team:2e66da41dc460dd378e3bcc57042d31,period:36cf05276a8bbe55409a,2023.0,Summer,regular,2023-07-13,BO1,2023-07-12T21:06:58+00:00,HIGH_CONFIDENCE_STRUCTURAL,"season=2023, team=oe:team:f7f7324c151aa6ed770b244ce08e027, cutoff<=2023-07-13T00:00:00+00:00",STRUCTURAL_RECONCILIATION_ONLY
oe_structural:2023:2023-07-14:922cf435e99e,oe:team:f7f7324c151aa6ed770b244ce08e027,oe:team:fc8e90107dabb9a35c490b0d86adea0,period:36cf05276a8bbe55409a,2023.0,Summer,regular,2023-07-14,BO1,2023-07-12T21:06:58+00:00,HIGH_CONFIDENCE_STRUCTURAL,"season=2023, team=oe:team:f7f7324c151aa6ed770b244ce08e027, cutoff<=2023-07-14T00:00:00+00:00",STRUCTURAL_RECONCILIATION_ONLY
oe_structural:2023:2023-07-19:9bd23303e1ed,oe:team:f7f7324c151aa6ed770b244ce08e027,oe:team:c334c629fea759876e9e04afbe4aee7,period:36cf05276a8bbe55409a,2023.0,Summer,regular,2023-07-19,BO1,2023-07-12T21:06:58+00:00,HIGH_CONFIDENCE_STRUCTURAL,"season=2023, team=oe:team:f7f7324c151aa6ed770b244ce08e027, cutoff<=2023-07-19T00:00:00+00:00",STRUCTURAL_RECONCILIATION_ONLY
oe_structural:2023:2023-07-14:7b6ddb6eda9c,oe:team:fc8e90107dabb9a35c490b0d86adea0,oe:team:4bd1751425ef6a9bc9d4d8e9385b4a6,period:36cf05276a8bbe55409a,2023.0,Summer,regular,2023-07-14,BO1,2023-07-12T21:06:58+00:00,HIGH_CONFIDENCE_STRUCTURAL,"season=2023, team=oe:team:fc8e90107dabb9a35c490b0d86adea0, cutoff<=2023-07-14T00:00:00+00:00",STRUCTURAL_RECONCILIATION_ONLY
oe_structural:2023:2023-07-14:922cf435e99e,oe:team:fc8e90107dabb9a35c490b0d86adea0,oe:team:f7f7324c151aa6ed770b244ce08e027,period:36cf05276a8bbe55409a,2023.0,Summer,regular,2023-07-14,BO1,2023-07-12T21:06:58+00:00,HIGH_CONFIDENCE_STRUCTURAL,"season=2023, team=oe:team:fc8e90107dabb9a35c490b0d86adea0, cutoff<=2023-07-14T00:00:00+00:00",STRUCTURAL_RECONCILIATION_ONLY
oe_structural:2023:2023-07-19:4fcdf1f8d714,oe:team:fc8e90107dabb9a35c490b0d86adea0,oe:team:e758ebe9a5a2cc81b9c8078479c2d87,period:36cf05276a8bbe55409a,2023.0,Summer,regular,2023-07-19,BO1,2023-07-12T21:06:58+00:00,HIGH_CONFIDENCE_STRUCTURAL,"season=2023, team=oe:team:fc8e90107dabb9a35c490b0d86adea0, cutoff<=2023-07-19T00:00:00+00:00",STRUCTURAL_RECONCILIATION_ONLY
oe_structural:2023:2023-02-24:b0dffaaee60b,oe:team:0dbb780176ecad18f17292d1f5653af,oe:team:f7f7324c151aa6ed770b244ce08e027,period:36d3f31311f21e914d55,2023.0,Spring,regular,2023-02-24,BO1,2023-02-23T22:06:52+00:00,HIGH_CONFIDENCE_STRUCTURAL,"season=2023, team=oe:team:0dbb780176ecad18f17292d1f5653af, cutoff<=2023-02-24T00:00:00+00:00",STRUCTURAL_RECONCILIATION_ONLY
oe_structural:2023:2023-02-25:46a4dcc1b8e5,oe:team:0dbb780176ecad18f17292d1f5653af,oe:team:2e66da41dc460dd378e3bcc57042d31,period:36d3f31311f21e914d55,2023.0,Spring,regular,2023-02-25,BO1,2023-02-23T22:06:52+00:00,HIGH_CONFIDENCE_STRUCTURAL,"season=2023, team=oe:team:0dbb780176ecad18f17292d1f5653af, cutoff<=2023-02-25T00:00:00+00:00",STRUCTURAL_RECONCILIATION_ONLY
oe_structural:2023:2023-02-25:46a4dcc1b8e5,oe:team:2e66da41dc460dd378e3bcc57042d31,oe:team:0dbb780176ecad18f17292d1f5653af,period:36d3f31311f21e914d55,2023.0,Spring,regular,2023-02-25,BO1,2023-02-23T22:06:52+00:00,HIGH_CONFIDENCE_STRUCTURAL,"season=2023, team=oe:team:2e66da41dc460dd378e3bcc57042d31, cutoff<=2023-02-25T00:00:00+00:00",STRUCTURAL_RECONCILIATION_ONLY
oe_structural:2023:2023-03-02:02450c68f5f0,oe:team:2e66da41dc460dd378e3bcc57042d31,oe:team:cbfaf0ca2181f0903d2fcceb6c28f3b,period:36d3f31311f21e914d55,2023.0,Spring,regular,2023-03-02,BO1,2023-02-23T22:06:52+00:00,HIGH_CONFIDENCE_STRUCTURAL,"season=2023, team=oe:team:2e66da41dc460dd378e3bcc57042d31, cutoff<=2023-03-02T00:00:00+00:00",STRUCTURAL_RECONCILIATION_ONLY
oe_structural:2023:2023-02-25:5f3b00044f58,oe:team:4bd1751425ef6a9bc9d4d8e9385b4a6,oe:team:8eb884e168f28402ce685bedebb5250,period:36d3f31311f21e914d55,2023.0,Spring,regular,2023-02-25,BO1,2023-02-23T22:06:52+00:00,HIGH_CONFIDENCE_STRUCTURAL,"season=2023, team=oe:team:4bd1751425ef6a9bc9d4d8e9385b4a6, cutoff<=2023-02-25T00:00:00+00:00",STRUCTURAL_RECONCILIATION_ONLY
oe_structural:2023:2023-02-25:762d6cecb3e3,oe:team:87ee02298073abc2d55060f097d4041,oe:team:f7f7324c151aa6ed770b244ce08e027,period:36d3f31311f21e914d55,2023.0,Spring,regular,2023-02-25,BO1,2023-02-23T22:06:52+00:00,HIGH_CONFIDENCE_STRUCTURAL,"season=2023, team=oe:team:87ee02298073abc2d55060f097d4041, cutoff<=2023-02-25T00:00:00+00:00",STRUCTURAL_RECONCILIATION_ONLY
oe_structural:2023:2023-02-25:5f3b00044f58,oe:team:8eb884e168f28402ce685bedebb5250,oe:team:4bd1751425ef6a9bc9d4d8e9385b4a6,period:36d3f31311f21e914d55,2023.0,Spring,regular,2023-02-25,BO1,2023-02-23T22:06:52+00:00,HIGH_CONFIDENCE_STRUCTURAL,"season=2023, team=oe:team:8eb884e168f28402ce685bedebb5250, cutoff<=2023-02-25T00:00:00+00:00",STRUCTURAL_RECONCILIATION_ONLY
oe_structural:2023:2023-02-24:5973b9c688ad,oe:team:a22510a4756fa424cb0771b13261139,oe:team:fc8e90107dabb9a35c490b0d86adea0,period:36d3f31311f21e914d55,2023.0,Spring,regular,2023-02-24,BO1,2023-02-23T22:06:52+00:00,HIGH_CONFIDENCE_STRUCTURAL,"season=2023, team=oe:team:a22510a4756fa424cb0771b13261139, cutoff<=2023-02-24T00:00:00+00:00",STRUCTURAL_RECONCILIATION_ONLY
oe_structural:2023:2023-02-24:b889487baa06,oe:team:a22510a4756fa424cb0771b13261139,oe:team:cbfaf0ca2181f0903d2fcceb6c28f3b,period:36d3f31311f21e914d55,2023.0,Spring,regular,2023-02-24,BO1,2023-02-23T22:06:52+00:00,HIGH_CONFIDENCE_STRUCTURAL,"season=2023, team=oe:team:a22510a4756fa424cb0771b13261139, cutoff<=2023-02-24T00:00:00+00:00",STRUCTURAL_RECONCILIATION_ONLY
oe_structural:2023:2023-03-02:c331a4298613,oe:team:a22510a4756fa424cb0771b13261139,oe:team:f7f7324c151aa6ed770b244ce08e027,period:36d3f31311f21e914d55,2023.0,Spring,regular,2023-03-02,BO1,2023-02-23T22:06:52+00:00,HIGH_CONFIDENCE_STRUCTURAL,"season=2023, team=oe:team:a22510a4756fa424cb0771b13261139, cutoff<=2023-03-02T00:00:00+00:00",STRUCTURAL_RECONCILIATION_ONLY
oe_structural:2023:2023-02-24:56987ce99c66,oe:team:c334c629fea759876e9e04afbe4aee7,oe:team:cbfaf0ca2181f0903d2fcceb6c28f3b,period:36d3f31311f21e914d55,2023.0,Spring,regular,2023-02-24,BO1,2023-02-23T22:06:52+00:00,HIGH_CONFIDENCE_STRUCTURAL,"season=2023, team=oe:team:c334c629fea759876e9e04afbe4aee7, cutoff<=2023-02-24T00:00:00+00:00",STRUCTURAL_RECONCILIATION_ONLY
oe_structural:2023:2023-02-24:56987ce99c66,oe:team:cbfaf0ca2181f0903d2fcceb6c28f3b,oe:team:c334c629fea759876e9e04afbe4aee7,period:36d3f31311f21e914d55,2023.0,Spring,regular,2023-02-24,BO1,2023-02-23T22:06:52+00:00,HIGH_CONFIDENCE_STRUCTURAL,"season=2023, team=oe:team:cbfaf0ca2181f0903d2fcceb6c28f3b, cutoff<=2023-02-24T00:00:00+00:00",STRUCTURAL_RECONCILIATION_ONLY
oe_structural:2023:2023-02-24:b889487baa06,oe:team:cbfaf0ca2181f0903d2fcceb6c28f3b,oe:team:a22510a4756fa424cb0771b13261139,period:36d3f31311f21e914d55,2023.0,Spring,regular,2023-02-24,BO1,2023-02-23T22:06:52+00:00,HIGH_CONFIDENCE_STRUCTURAL,"season=2023, team=oe:team:cbfaf0ca2181f0903d2fcceb6c28f3b, cutoff<=2023-02-24T00:00:00+00:00",STRUCTURAL_RECONCILIATION_ONLY
oe_structural:2023:2023-03-02:02450c68f5f0,oe:team:cbfaf0ca2181f0903d2fcceb6c28f3b,oe:team:2e66da41dc460dd378e3bcc57042d31,period:36d3f31311f21e914d55,2023.0,Spring,regular,2023-03-02,BO1,2023-02-23T22:06:52+00:00,HIGH_CONFIDENCE_STRUCTURAL,"season=2023, team=oe:team:cbfaf0ca2181f0903d2fcceb6c28f3b, cutoff<=2023-03-02T00:00:00+00:00",STRUCTURAL_RECONCILIATION_ONLY
oe_structural:2023:2023-02-24:b0dffaaee60b,oe:team:f7f7324c151aa6ed770b244ce08e027,oe:team:0dbb780176ecad18f17292d1f5653af,period:36d3f31311f21e914d55,2023.0,Spring,regular,2023-02-24,BO1,2023-02-23T22:06:52+00:00,HIGH_CONFIDENCE_STRUCTURAL,"season=2023, team=oe:team:f7f7324c151aa6ed770b244ce08e027, cutoff<=2023-02-24T00:00:00+00:00",STRUCTURAL_RECONCILIATION_ONLY
oe_structural:2023:2023-02-25:762d6cecb3e3,oe:team:f7f7324c151aa6ed770b244ce08e027,oe:team:87ee02298073abc2d55060f097d4041,period:36d3f31311f21e914d55,2023.0,Spring,regular,2023-02-25,BO1,2023-02-23T22:06:52+00:00,HIGH_CONFIDENCE_STRUCTURAL,"season=2023, team=oe:team:f7f7324c151aa6ed770b244ce08e027, cutoff<=2023-02-25T00:00:00+00:00",STRUCTURAL_RECONCILIATION_ONLY
oe_structural:2023:2023-03-02:c331a4298613,oe:team:f7f7324c151aa6ed770b244ce08e027,oe:team:a22510a4756fa424cb0771b13261139,period:36d3f31311f21e914d55,2023.0,Spring,regular,2023-03-02,BO1,2023-02-23T22:06:52+00:00,HIGH_CONFIDENCE_STRUCTURAL,"season=2023, team=oe:team:f7f7324c151aa6ed770b244ce08e027, cutoff<=2023-03-02T00:00:00+00:00",STRUCTURAL_RECONCILIATION_ONLY
oe_structural:2023:2023-02-24:5973b9c688ad,oe:team:fc8e90107dabb9a35c490b0d86adea0,oe:team:a22510a4756fa424cb0771b13261139,period:36d3f31311f21e914d55,2023.0,Spring,regular,2023-02-24,BO1,2023-02-23T22:06:52+00:00,HIGH_CONFIDENCE_STRUCTURAL,"season=2023, team=oe:team:fc8e90107dabb9a35c490b0d86adea0, cutoff<=2023-02-24T00:00:00+00:00",STRUCTURAL_RECONCILIATION_ONLY
oe_structural:2020:2020-08-21:19331d70e783,oe:team:87ee02298073abc2d55060f097d4041,oe:team:8eb884e168f28402ce685bedebb5250,period:38cb400566e2a3aee1c8,2020.0,Summer,playoffs,2020-08-21,BO5,2020-08-20T19:31:44+00:00,HIGH_CONFIDENCE_STRUCTURAL,"season=2020, team=oe:team:87ee02298073abc2d55060f097d4041, cutoff<=2020-08-21T00:00:00+00:00",STRUCTURAL_RECONCILIATION_ONLY
oe_structural:2020:2020-08-23:d39d771527b0,oe:team:87ee02298073abc2d55060f097d4041,oe:team:a22510a4756fa424cb0771b13261139,period:38cb400566e2a3aee1c8,2020.0,Summer,playoffs,2020-08-23,BO5,2020-08-20T19:31:44+00:00,HIGH_CONFIDENCE_STRUCTURAL,"season=2020, team=oe:team:87ee02298073abc2d55060f097d4041, cutoff<=2020-08-23T00:00:00+00:00",STRUCTURAL_RECONCILIATION_ONLY
oe_structural:2020:2020-08-21:19331d70e783,oe:team:8eb884e168f28402ce685bedebb5250,oe:team:87ee02298073abc2d55060f097d4041,period:38cb400566e2a3aee1c8,2020.0,Summer,playoffs,2020-08-21,BO5,2020-08-20T19:31:44+00:00,HIGH_CONFIDENCE_STRUCTURAL,"season=2020, team=oe:team:8eb884e168f28402ce685bedebb5250, cutoff<=2020-08-21T00:00:00+00:00",STRUCTURAL_RECONCILIATION_ONLY
oe_structural:2020:2020-08-23:d39d771527b0,oe:team:a22510a4756fa424cb0771b13261139,oe:team:87ee02298073abc2d55060f097d4041,period:38cb400566e2a3aee1c8,2020.0,Summer,playoffs,2020-08-23,BO5,2020-08-20T19:31:44+00:00,HIGH_CONFIDENCE_STRUCTURAL,"season=2020, team=oe:team:a22510a4756fa424cb0771b13261139, cutoff<=2020-08-23T00:00:00+00:00",STRUCTURAL_RECONCILIATION_ONLY
oe_structural:2020:2020-08-29:6802ce572506,oe:team:a22510a4756fa424cb0771b13261139,oe:team:fc8e90107dabb9a35c490b0d86adea0,period:38cb400566e2a3aee1c8,2020.0,Summer,playoffs,2020-08-29,BO5,2020-08-20T19:31:44+00:00,HIGH_CONFIDENCE_STRUCTURAL,"season=2020, team=oe:team:a22510a4756fa424cb0771b13261139, cutoff<=2020-08-29T00:00:00+00:00",STRUCTURAL_RECONCILIATION_ONLY
oe_structural:2020:2020-08-22:7e7aa09eb5b7,oe:team:f7f7324c151aa6ed770b244ce08e027,oe:team:fc8e90107dabb9a35c490b0d86adea0,period:38cb400566e2a3aee1c8,2020.0,Summer,playoffs,2020-08-22,BO5,2020-08-20T19:31:44+00:00,HIGH_CONFIDENCE_STRUCTURAL,"season=2020, team=oe:team:f7f7324c151aa6ed770b244ce08e027, cutoff<=2020-08-22T00:00:00+00:00",STRUCTURAL_RECONCILIATION_ONLY
oe_structural:2020:2020-08-22:7e7aa09eb5b7,oe:team:fc8e90107dabb9a35c490b0d86adea0,oe:team:f7f7324c151aa6ed770b244ce08e027,period:38cb400566e2a3aee1c8,2020.0,Summer,playoffs,2020-08-22,BO5,2020-08-20T19:31:44+00:00,HIGH_CONFIDENCE_STRUCTURAL,"season=2020, team=oe:team:fc8e90107dabb9a35c490b0d86adea0, cutoff<=2020-08-22T00:00:00+00:00",STRUCTURAL_RECONCILIATION_ONLY
oe_structural:2020:2020-08-29:6802ce572506,oe:team:fc8e90107dabb9a35c490b0d86adea0,oe:team:a22510a4756fa424cb0771b13261139,period:38cb400566e2a3aee1c8,2020.0,Summer,playoffs,2020-08-29,BO5,2020-08-20T19:31:44+00:00,HIGH_CONFIDENCE_STRUCTURAL,"season=2020, team=oe:team:fc8e90107dabb9a35c490b0d86adea0, cutoff<=2020-08-29T00:00:00+00:00",STRUCTURAL_RECONCILIATION_ONLY
oe_structural:2022:2022-01-15:021d10398d9a,oe:team:0dbb780176ecad18f17292d1f5653af,oe:team:8eb884e168f28402ce685bedebb5250,period:3921ed3cc984afb56c50,2022.0,Spring,playoffs,2022-01-15,BO5,2022-01-14T21:26:31+00:00,HIGH_CONFIDENCE_STRUCTURAL,"season=2022, team=oe:team:0dbb780176ecad18f17292d1f5653af, cutoff<=2022-01-15T00:00:00+00:00",STRUCTURAL_RECONCILIATION_ONLY
oe_structural:2022:2022-01-16:9460349e7b31,oe:team:0dbb780176ecad18f17292d1f5653af,oe:team:c334c629fea759876e9e04afbe4aee7,period:3921ed3cc984afb56c50,2022.0,Spring,playoffs,2022-01-16,BO5,2022-01-14T21:26:31+00:00,HIGH_CONFIDENCE_STRUCTURAL,"season=2022, team=oe:team:0dbb780176ecad18f17292d1f5653af, cutoff<=2022-01-16T00:00:00+00:00",STRUCTURAL_RECONCILIATION_ONLY
oe_structural:2022:2022-01-21:4eb5abe7d18f,oe:team:0dbb780176ecad18f17292d1f5653af,oe:team:cbfaf0ca2181f0903d2fcceb6c28f3b,period:3921ed3cc984afb56c50,2022.0,Spring,playoffs,2022-01-21,BO5,2022-01-14T21:26:31+00:00,HIGH_CONFIDENCE_STRUCTURAL,"season=2022, team=oe:team:0dbb780176ecad18f17292d1f5653af, cutoff<=2022-01-21T00:00:00+00:00",STRUCTURAL_RECONCILIATION_ONLY
oe_structural:2022:2022-01-15:7b7621d2a737,oe:team:2e66da41dc460dd378e3bcc57042d31,oe:team:fc8e90107dabb9a35c490b0d86adea0,period:3921ed3cc984afb56c50,2022.0,Spring,playoffs,2022-01-15,BO5,2022-01-14T21:26:31+00:00,HIGH_CONFIDENCE_STRUCTURAL,"season=2022, team=oe:team:2e66da41dc460dd378e3bcc57042d31, cutoff<=2022-01-15T00:00:00+00:00",STRUCTURAL_RECONCILIATION_ONLY
oe_structural:2022:2022-01-15:d1af2db8f0fe,oe:team:2e66da41dc460dd378e3bcc57042d31,oe:team:a22510a4756fa424cb0771b13261139,period:3921ed3cc984afb56c50,2022.0,Spring,playoffs,2022-01-15,BO5,2022-01-14T21:26:31+00:00,HIGH_CONFIDENCE_STRUCTURAL,"season=2022, team=oe:team:2e66da41dc460dd378e3bcc57042d31, cutoff<=2022-01-15T00:00:00+00:00",STRUCTURAL_RECONCILIATION_ONLY
oe_structural:2022:2022-01-16:44948b6ecba6,oe:team:2e66da41dc460dd378e3bcc57042d31,oe:team:4bd1751425ef6a9bc9d4d8e9385b4a6,period:3921ed3cc984afb56c50,2022.0,Spring,playoffs,2022-01-16,BO5,2022-01-14T21:26:31+00:00,HIGH_CONFIDENCE_STRUCTURAL,"season=2022, team=oe:team:2e66da41dc460dd378e3bcc57042d31, cutoff<=2022-01-16T00:00:00+00:00",STRUCTURAL_RECONCILIATION_ONLY
oe_structural:2022:2022-01-16:5f7aea1448b9,oe:team:2e66da41dc460dd378e3bcc57042d31,oe:team:87ee02298073abc2d55060f097d4041,period:3921ed3cc984afb56c50,2022.0,Spring,playoffs,2022-01-16,BO5,2022-01-14T21:26:31+00:00,HIGH_CONFIDENCE_STRUCTURAL,"season=2022, team=oe:team:2e66da41dc460dd378e3bcc57042d31, cutoff<=2022-01-16T00:00:00+00:00",STRUCTURAL_RECONCILIATION_ONLY
oe_structural:2022:2022-01-15:90f20ab51a35,oe:team:4bd1751425ef6a9bc9d4d8e9385b4a6,oe:team:87ee02298073abc2d55060f097d4041,period:3921ed3cc984afb56c50,2022.0,Spring,playoffs,2022-01-15,BO5,2022-01-14T21:26:31+00:00,HIGH_CONFIDENCE_STRUCTURAL,"season=2022, team=oe:team:4bd1751425ef6a9bc9d4d8e9385b4a6, cutoff<=2022-01-15T00:00:00+00:00",STRUCTURAL_RECONCILIATION_ONLY
oe_structural:2022:2022-01-16:44948b6ecba6,oe:team:4bd1751425ef6a9bc9d4d8e9385b4a6,oe:team:2e66da41dc460dd378e3bcc57042d31,period:3921ed3cc984afb56c50,2022.0,Spring,playoffs,2022-01-16,BO5,2022-01-14T21:26:31+00:00,HIGH_CONFIDENCE_STRUCTURAL,"season=2022, team=oe:team:4bd1751425ef6a9bc9d4d8e9385b4a6, cutoff<=2022-01-16T00:00:00+00:00",STRUCTURAL_RECONCILIATION_ONLY
oe_structural:2022:2022-01-21:564c51ac2c6b,oe:team:4bd1751425ef6a9bc9d4d8e9385b4a6,oe:team:fc8e90107dabb9a35c490b0d86adea0,period:3921ed3cc984afb56c50,2022.0,Spring,playoffs,2022-01-21,BO5,2022-01-14T21:26:31+00:00,HIGH_CONFIDENCE_STRUCTURAL,"season=2022, team=oe:team:4bd1751425ef6a9bc9d4d8e9385b4a6, cutoff<=2022-01-21T00:00:00+00:00",STRUCTURAL_RECONCILIATION_ONLY
oe_structural:2022:2022-01-15:90f20ab51a35,oe:team:87ee02298073abc2d55060f097d4041,oe:team:4bd1751425ef6a9bc9d4d8e9385b4a6,period:3921ed3cc984afb56c50,2022.0,Spring,playoffs,2022-01-15,BO5,2022-01-14T21:26:31+00:00,HIGH_CONFIDENCE_STRUCTURAL,"season=2022, team=oe:team:87ee02298073abc2d55060f097d4041, cutoff<=2022-01-15T00:00:00+00:00",STRUCTURAL_RECONCILIATION_ONLY
oe_structural:2022:2022-01-16:5f7aea1448b9,oe:team:87ee02298073abc2d55060f097d4041,oe:team:2e66da41dc460dd378e3bcc57042d31,period:3921ed3cc984afb56c50,2022.0,Spring,playoffs,2022-01-16,BO5,2022-01-14T21:26:31+00:00,HIGH_CONFIDENCE_STRUCTURAL,"season=2022, team=oe:team:87ee02298073abc2d55060f097d4041, cutoff<=2022-01-16T00:00:00+00:00",STRUCTURAL_RECONCILIATION_ONLY
oe_structural:2022:2022-01-15:021d10398d9a,oe:team:8eb884e168f28402ce685bedebb5250,oe:team:0dbb780176ecad18f17292d1f5653af,period:3921ed3cc984afb56c50,2022.0,Spring,playoffs,2022-01-15,BO5,2022-01-14T21:26:31+00:00,HIGH_CONFIDENCE_STRUCTURAL,"season=2022, team=oe:team:8eb884e168f28402ce685bedebb5250, cutoff<=2022-01-15T00:00:00+00:00",STRUCTURAL_RECONCILIATION_ONLY
oe_structural:2022:2022-01-15:fd789b751fd3,oe:team:8eb884e168f28402ce685bedebb5250,oe:team:f7f7324c151aa6ed770b244ce08e027,period:3921ed3cc984afb56c50,2022.0,Spring,playoffs,2022-01-15,BO5,2022-01-14T21:26:31+00:00,HIGH_CONFIDENCE_STRUCTURAL,"season=2022, team=oe:team:8eb884e168f28402ce685bedebb5250, cutoff<=2022-01-15T00:00:00+00:00",STRUCTURAL_RECONCILIATION_ONLY
oe_structural:2022:2022-01-16:f171a6daca62,oe:team:8eb884e168f28402ce685bedebb5250,oe:team:cbfaf0ca2181f0903d2fcceb6c28f3b,period:3921ed3cc984afb56c50,2022.0,Spring,playoffs,2022-01-16,BO5,2022-01-14T21:26:31+00:00,HIGH_CONFIDENCE_STRUCTURAL,"season=2022, team=oe:team:8eb884e168f28402ce685bedebb5250, cutoff<=2022-01-16T00:00:00+00:00",STRUCTURAL_RECONCILIATION_ONLY
oe_structural:2022:2022-01-15:d1af2db8f0fe,oe:team:a22510a4756fa424cb0771b13261139,oe:team:2e66da41dc460dd378e3bcc57042d31,period:3921ed3cc984afb56c50,2022.0,Spring,playoffs,2022-01-15,BO5,2022-01-14T21:26:31+00:00,HIGH_CONFIDENCE_STRUCTURAL,"season=2022, team=oe:team:a22510a4756fa424cb0771b13261139, cutoff<=2022-01-15T00:00:00+00:00",STRUCTURAL_RECONCILIATION_ONLY
oe_structural:2022:2022-01-16:534d0a9deca1,oe:team:a22510a4756fa424cb0771b13261139,oe:team:fc8e90107dabb9a35c490b0d86adea0,period:3921ed3cc984afb56c50,2022.0,Spring,playoffs,2022-01-16,BO5,2022-01-14T21:26:31+00:00,HIGH_CONFIDENCE_STRUCTURAL,"season=2022, team=oe:team:a22510a4756fa424cb0771b13261139, cutoff<=2022-01-16T00:00:00+00:00",STRUCTURAL_RECONCILIATION_ONLY
oe_structural:2022:2022-01-15:6749aa3ebf81,oe:team:c334c629fea759876e9e04afbe4aee7,oe:team:cbfaf0ca2181f0903d2fcceb6c28f3b,period:3921ed3cc984afb56c50,2022.0,Spring,playoffs,2022-01-15,BO5,2022-01-14T21:26:31+00:00,HIGH_CONFIDENCE_STRUCTURAL,"season=2022, team=oe:team:c334c629fea759876e9e04afbe4aee7, cutoff<=2022-01-15T00:00:00+00:00",STRUCTURAL_RECONCILIATION_ONLY
oe_structural:2022:2022-01-16:2710effb3c99,oe:team:c334c629fea759876e9e04afbe4aee7,oe:team:f7f7324c151aa6ed770b244ce08e027,period:3921ed3cc984afb56c50,2022.0,Spring,playoffs,2022-01-16,BO5,2022-01-14T21:26:31+00:00,HIGH_CONFIDENCE_STRUCTURAL,"season=2022, team=oe:team:c334c629fea759876e9e04afbe4aee7, cutoff<=2022-01-16T00:00:00+00:00",STRUCTURAL_RECONCILIATION_ONLY
oe_structural:2022:2022-01-16:9460349e7b31,oe:team:c334c629fea759876e9e04afbe4aee7,oe:team:0dbb780176ecad18f17292d1f5653af,period:3921ed3cc984afb56c50,2022.0,Spring,playoffs,2022-01-16,BO5,2022-01-14T21:26:31+00:00,HIGH_CONFIDENCE_STRUCTURAL,"season=2022, team=oe:team:c334c629fea759876e9e04afbe4aee7, cutoff<=2022-01-16T00:00:00+00:00",STRUCTURAL_RECONCILIATION_ONLY
oe_structural:2022:2022-01-15:6749aa3ebf81,oe:team:cbfaf0ca2181f0903d2fcceb6c28f3b,oe:team:c334c629fea759876e9e04afbe4aee7,period:3921ed3cc984afb56c50,2022.0,Spring,playoffs,2022-01-15,BO5,2022-01-14T21:26:31+00:00,HIGH_CONFIDENCE_STRUCTURAL,"season=2022, team=oe:team:cbfaf0ca2181f0903d2fcceb6c28f3b, cutoff<=2022-01-15T00:00:00+00:00",STRUCTURAL_RECONCILIATION_ONLY
oe_structural:2022:2022-01-16:ceebaad7f5b4,oe:team:cbfaf0ca2181f0903d2fcceb6c28f3b,oe:team:f7f7324c151aa6ed770b244ce08e027,period:3921ed3cc984afb56c50,2022.0,Spring,playoffs,2022-01-16,BO5,2022-01-14T21:26:31+00:00,HIGH_CONFIDENCE_STRUCTURAL,"season=2022, team=oe:team:cbfaf0ca2181f0903d2fcceb6c28f3b, cutoff<=2022-01-16T00:00:00+00:00",STRUCTURAL_RECONCILIATION_ONLY
oe_structural:2022:2022-01-16:f171a6daca62,oe:team:cbfaf0ca2181f0903d2fcceb6c28f3b,oe:team:8eb884e168f28402ce685bedebb5250,period:3921ed3cc984afb56c50,2022.0,Spring,playoffs,2022-01-16,BO5,2022-01-14T21:26:31+00:00,HIGH_CONFIDENCE_STRUCTURAL,"season=2022, team=oe:team:cbfaf0ca2181f0903d2fcceb6c28f3b, cutoff<=2022-01-16T00:00:00+00:00",STRUCTURAL_RECONCILIATION_ONLY
oe_structural:2022:2022-01-21:4eb5abe7d18f,oe:team:cbfaf0ca2181f0903d2fcceb6c28f3b,oe:team:0dbb780176ecad18f17292d1f5653af,period:3921ed3cc984afb56c50,2022.0,Spring,playoffs,2022-01-21,BO5,2022-01-14T21:26:31+00:00,HIGH_CONFIDENCE_STRUCTURAL,"season=2022, team=oe:team:cbfaf0ca2181f0903d2fcceb6c28f3b, cutoff<=2022-01-21T00:00:00+00:00",STRUCTURAL_RECONCILIATION_ONLY
oe_structural:2022:2022-01-15:fd789b751fd3,oe:team:f7f7324c151aa6ed770b244ce08e027,oe:team:8eb884e168f28402ce685bedebb5250,period:3921ed3cc984afb56c50,2022.0,Spring,playoffs,2022-01-15,BO5,2022-01-14T21:26:31+00:00,HIGH_CONFIDENCE_STRUCTURAL,"season=2022, team=oe:team:f7f7324c151aa6ed770b244ce08e027, cutoff<=2022-01-15T00:00:00+00:00",STRUCTURAL_RECONCILIATION_ONLY
oe_structural:2022:2022-01-16:2710effb3c99,oe:team:f7f7324c151aa6ed770b244ce08e027,oe:team:c334c629fea759876e9e04afbe4aee7,period:3921ed3cc984afb56c50,2022.0,Spring,playoffs,2022-01-16,BO5,2022-01-14T21:26:31+00:00,HIGH_CONFIDENCE_STRUCTURAL,"season=2022, team=oe:team:f7f7324c151aa6ed770b244ce08e027, cutoff<=2022-01-16T00:00:00+00:00",STRUCTURAL_RECONCILIATION_ONLY
oe_structural:2022:2022-01-16:ceebaad7f5b4,oe:team:f7f7324c151aa6ed770b244ce08e027,oe:team:cbfaf0ca2181f0903d2fcceb6c28f3b,period:3921ed3cc984afb56c50,2022.0,Spring,playoffs,2022-01-16,BO5,2022-01-14T21:26:31+00:00,HIGH_CONFIDENCE_STRUCTURAL,"season=2022, team=oe:team:f7f7324c151aa6ed770b244ce08e027, cutoff<=2022-01-16T00:00:00+00:00",STRUCTURAL_RECONCILIATION_ONLY
oe_structural:2022:2022-01-15:7b7621d2a737,oe:team:fc8e90107dabb9a35c490b0d86adea0,oe:team:2e66da41dc460dd378e3bcc57042d31,period:3921ed3cc984afb56c50,2022.0,Spring,playoffs,2022-01-15,BO5,2022-01-14T21:26:31+00:00,HIGH_CONFIDENCE_STRUCTURAL,"season=2022, team=oe:team:fc8e90107dabb9a35c490b0d86adea0, cutoff<=2022-01-15T00:00:00+00:00",STRUCTURAL_RECONCILIATION_ONLY
oe_structural:2022:2022-01-16:534d0a9deca1,oe:team:fc8e90107dabb9a35c490b0d86adea0,oe:team:a22510a4756fa424cb0771b13261139,period:3921ed3cc984afb56c50,2022.0,Spring,playoffs,2022-01-16,BO5,2022-01-14T21:26:31+00:00,HIGH_CONFIDENCE_STRUCTURAL,"season=2022, team=oe:team:fc8e90107dabb9a35c490b0d86adea0, cutoff<=2022-01-16T00:00:00+00:00",STRUCTURAL_RECONCILIATION_ONLY
oe_structural:2022:2022-01-21:564c51ac2c6b,oe:team:fc8e90107dabb9a35c490b0d86adea0,oe:team:4bd1751425ef6a9bc9d4d8e9385b4a6,period:3921ed3cc984afb56c50,2022.0,Spring,playoffs,2022-01-21,BO5,2022-01-14T21:26:31+00:00,HIGH_CONFIDENCE_STRUCTURAL,"season=2022, team=oe:team:fc8e90107dabb9a35c490b0d86adea0, cutoff<=2022-01-21T00:00:00+00:00",STRUCTURAL_RECONCILIATION_ONLY
oe_structural:2023:2023-06-15:3529ab351292,oe:team:0dbb780176ecad18f17292d1f5653af,oe:team:fc8e90107dabb9a35c490b0d86adea0,period:3943367d2ce567a9fae3,2023.0,Summer,regular,2023-06-15,BO1,2023-06-14T21:13:03+00:00,HIGH_CONFIDENCE_STRUCTURAL,"season=2023, team=oe:team:0dbb780176ecad18f17292d1f5653af, cutoff<=2023-06-15T00:00:00+00:00",STRUCTURAL_RECONCILIATION_ONLY
oe_structural:2023:2023-06-16:45928eab121a,oe:team:0dbb780176ecad18f17292d1f5653af,oe:team:f7f7324c151aa6ed770b244ce08e027,period:3943367d2ce567a9fae3,2023.0,Summer,regular,2023-06-16,BO1,2023-06-14T21:13:03+00:00,HIGH_CONFIDENCE_STRUCTURAL,"season=2023, team=oe:team:0dbb780176ecad18f17292d1f5653af, cutoff<=2023-06-16T00:00:00+00:00",STRUCTURAL_RECONCILIATION_ONLY
oe_structural:2023:2023-06-21:e02b419096af,oe:team:0dbb780176ecad18f17292d1f5653af,oe:team:87ee02298073abc2d55060f097d4041,period:3943367d2ce567a9fae3,2023.0,Summer,regular,2023-06-21,BO1,2023-06-14T21:13:03+00:00,HIGH_CONFIDENCE_STRUCTURAL,"season=2023, team=oe:team:0dbb780176ecad18f17292d1f5653af, cutoff<=2023-06-21T00:00:00+00:00",STRUCTURAL_RECONCILIATION_ONLY
oe_structural:2023:2023-06-15:2fed54e6d67b,oe:team:2e66da41dc460dd378e3bcc57042d31,oe:team:4bd1751425ef6a9bc9d4d8e9385b4a6,period:3943367d2ce567a9fae3,2023.0,Summer,regular,2023-06-15,BO1,2023-06-14T21:13:03+00:00,HIGH_CONFIDENCE_STRUCTURAL,"season=2023, team=oe:team:2e66da41dc460dd378e3bcc57042d31, cutoff<=2023-06-15T00:00:00+00:00",STRUCTURAL_RECONCILIATION_ONLY
oe_structural:2023:2023-06-15:da3f8c1819ae,oe:team:2e66da41dc460dd378e3bcc57042d31,oe:team:a22510a4756fa424cb0771b13261139,period:3943367d2ce567a9fae3,2023.0,Summer,regular,2023-06-15,BO1,2023-06-14T21:13:03+00:00,HIGH_CONFIDENCE_STRUCTURAL,"season=2023, team=oe:team:2e66da41dc460dd378e3bcc57042d31, cutoff<=2023-06-15T00:00:00+00:00",STRUCTURAL_RECONCILIATION_ONLY
oe_structural:2023:2023-06-16:1062c3c57e9e,oe:team:2e66da41dc460dd378e3bcc57042d31,oe:team:87ee02298073abc2d55060f097d4041,period:3943367d2ce567a9fae3,2023.0,Summer,regular,2023-06-16,BO1,2023-06-14T21:13:03+00:00,HIGH_CONFIDENCE_STRUCTURAL,"season=2023, team=oe:team:2e66da41dc460dd378e3bcc57042d31, cutoff<=2023-06-16T00:00:00+00:00",STRUCTURAL_RECONCILIATION_ONLY
oe_structural:2023:2023-06-21:f83a58c334a3,oe:team:2e66da41dc460dd378e3bcc57042d31,oe:team:fc8e90107dabb9a35c490b0d86adea0,period:3943367d2ce567a9fae3,2023.0,Summer,regular,2023-06-21,BO1,2023-06-14T21:13:03+00:00,HIGH_CONFIDENCE_STRUCTURAL,"season=2023, team=oe:team:2e66da41dc460dd378e3bcc57042d31, cutoff<=2023-06-21T00:00:00+00:00",STRUCTURAL_RECONCILIATION_ONLY
oe_structural:2023:2023-06-15:2fed54e6d67b,oe:team:4bd1751425ef6a9bc9d4d8e9385b4a6,oe:team:2e66da41dc460dd378e3bcc57042d31,period:3943367d2ce567a9fae3,2023.0,Summer,regular,2023-06-15,BO1,2023-06-14T21:13:03+00:00,HIGH_CONFIDENCE_STRUCTURAL,"season=2023, team=oe:team:4bd1751425ef6a9bc9d4d8e9385b4a6, cutoff<=2023-06-15T00:00:00+00:00",STRUCTURAL_RECONCILIATION_ONLY
oe_structural:2023:2023-06-15:92d9017e3ba8,oe:team:4bd1751425ef6a9bc9d4d8e9385b4a6,oe:team:8eb884e168f28402ce685bedebb5250,period:3943367d2ce567a9fae3,2023.0,Summer,regular,2023-06-15,BO1,2023-06-14T21:13:03+00:00,HIGH_CONFIDENCE_STRUCTURAL,"season=2023, team=oe:team:4bd1751425ef6a9bc9d4d8e9385b4a6, cutoff<=2023-06-15T00:00:00+00:00",STRUCTURAL_RECONCILIATION_ONLY
oe_structural:2023:2023-06-16:dfce481ac0e1,oe:team:4bd1751425ef6a9bc9d4d8e9385b4a6,oe:team:e758ebe9a5a2cc81b9c8078479c2d87,period:3943367d2ce567a9fae3,2023.0,Summer,regular,2023-06-16,BO1,2023-06-14T21:13:03+00:00,HIGH_CONFIDENCE_STRUCTURAL,"season=2023, team=oe:team:4bd1751425ef6a9bc9d4d8e9385b4a6, cutoff<=2023-06-16T00:00:00+00:00",STRUCTURAL_RECONCILIATION_ONLY
oe_structural:2023:2023-06-16:1062c3c57e9e,oe:team:87ee02298073abc2d55060f097d4041,oe:team:2e66da41dc460dd378e3bcc57042d31,period:3943367d2ce567a9fae3,2023.0,Summer,regular,2023-06-16,BO1,2023-06-14T21:13:03+00:00,HIGH_CONFIDENCE_STRUCTURAL,"season=2023, team=oe:team:87ee02298073abc2d55060f097d4041, cutoff<=2023-06-16T00:00:00+00:00",STRUCTURAL_RECONCILIATION_ONLY
oe_structural:2023:2023-06-16:ff7e0e0005bf,oe:team:87ee02298073abc2d55060f097d4041,oe:team:f7f7324c151aa6ed770b244ce08e027,period:3943367d2ce567a9fae3,2023.0,Summer,regular,2023-06-16,BO1,2023-06-14T21:13:03+00:00,HIGH_CONFIDENCE_STRUCTURAL,"season=2023, team=oe:team:87ee02298073abc2d55060f097d4041, cutoff<=2023-06-16T00:00:00+00:00",STRUCTURAL_RECONCILIATION_ONLY
oe_structural:2023:2023-06-21:e02b419096af,oe:team:87ee02298073abc2d55060f097d4041,oe:team:0dbb780176ecad18f17292d1f5653af,period:3943367d2ce567a9fae3,2023.0,Summer,regular,2023-06-21,BO1,2023-06-14T21:13:03+00:00,HIGH_CONFIDENCE_STRUCTURAL,"season=2023, team=oe:team:87ee02298073abc2d55060f097d4041, cutoff<=2023-06-21T00:00:00+00:00",STRUCTURAL_RECONCILIATION_ONLY
oe_structural:2023:2023-06-15:92d9017e3ba8,oe:team:8eb884e168f28402ce685bedebb5250,oe:team:4bd1751425ef6a9bc9d4d8e9385b4a6,period:3943367d2ce567a9fae3,2023.0,Summer,regular,2023-06-15,BO1,2023-06-14T21:13:03+00:00,HIGH_CONFIDENCE_STRUCTURAL,"season=2023, team=oe:team:8eb884e168f28402ce685bedebb5250, cutoff<=2023-06-15T00:00:00+00:00",STRUCTURAL_RECONCILIATION_ONLY
oe_structural:2023:2023-06-16:7c55d9d38998,oe:team:8eb884e168f28402ce685bedebb5250,oe:team:c334c629fea759876e9e04afbe4aee7,period:3943367d2ce567a9fae3,2023.0,Summer,regular,2023-06-16,BO1,2023-06-14T21:13:03+00:00,HIGH_CONFIDENCE_STRUCTURAL,"season=2023, team=oe:team:8eb884e168f28402ce685bedebb5250, cutoff<=2023-06-16T00:00:00+00:00",STRUCTURAL_RECONCILIATION_ONLY
oe_structural:2023:2023-06-21:be1e38a09d4e,oe:team:8eb884e168f28402ce685bedebb5250,oe:team:e758ebe9a5a2cc81b9c8078479c2d87,period:3943367d2ce567a9fae3,2023.0,Summer,regular,2023-06-21,BO1,2023-06-14T21:13:03+00:00,HIGH_CONFIDENCE_STRUCTURAL,"season=2023, team=oe:team:8eb884e168f28402ce685bedebb5250, cutoff<=2023-06-21T00:00:00+00:00",STRUCTURAL_RECONCILIATION_ONLY
oe_structural:2023:2023-06-15:da3f8c1819ae,oe:team:a22510a4756fa424cb0771b13261139,oe:team:2e66da41dc460dd378e3bcc57042d31,period:3943367d2ce567a9fae3,2023.0,Summer,regular,2023-06-15,BO1,2023-06-14T21:13:03+00:00,HIGH_CONFIDENCE_STRUCTURAL,"season=2023, team=oe:team:a22510a4756fa424cb0771b13261139, cutoff<=2023-06-15T00:00:00+00:00",STRUCTURAL_RECONCILIATION_ONLY
oe_structural:2023:2023-06-17:3991b45fe8ec,oe:team:a22510a4756fa424cb0771b13261139,oe:team:fc8e90107dabb9a35c490b0d86adea0,period:3943367d2ce567a9fae3,2023.0,Summer,regular,2023-06-17,BO1,2023-06-14T21:13:03+00:00,HIGH_CONFIDENCE_STRUCTURAL,"season=2023, team=oe:team:a22510a4756fa424cb0771b13261139, cutoff<=2023-06-17T00:00:00+00:00",STRUCTURAL_RECONCILIATION_ONLY
oe_structural:2023:2023-06-21:3d1fea133525,oe:team:a22510a4756fa424cb0771b13261139,oe:team:c334c629fea759876e9e04afbe4aee7,period:3943367d2ce567a9fae3,2023.0,Summer,regular,2023-06-21,BO1,2023-06-14T21:13:03+00:00,HIGH_CONFIDENCE_STRUCTURAL,"season=2023, team=oe:team:a22510a4756fa424cb0771b13261139, cutoff<=2023-06-21T00:00:00+00:00",STRUCTURAL_RECONCILIATION_ONLY
oe_structural:2023:2023-06-16:129213d02d5c,oe:team:c334c629fea759876e9e04afbe4aee7,oe:team:e758ebe9a5a2cc81b9c8078479c2d87,period:3943367d2ce567a9fae3,2023.0,Summer,regular,2023-06-16,BO1,2023-06-14T21:13:03+00:00,HIGH_CONFIDENCE_STRUCTURAL,"season=2023, team=oe:team:c334c629fea759876e9e04afbe4aee7, cutoff<=2023-06-16T00:00:00+00:00",STRUCTURAL_RECONCILIATION_ONLY
oe_structural:2023:2023-06-16:7c55d9d38998,oe:team:c334c629fea759876e9e04afbe4aee7,oe:team:8eb884e168f28402ce685bedebb5250,period:3943367d2ce567a9fae3,2023.0,Summer,regular,2023-06-16,BO1,2023-06-14T21:13:03+00:00,HIGH_CONFIDENCE_STRUCTURAL,"season=2023, team=oe:team:c334c629fea759876e9e04afbe4aee7, cutoff<=2023-06-16T00:00:00+00:00",STRUCTURAL_RECONCILIATION_ONLY
oe_structural:2023:2023-06-21:3d1fea133525,oe:team:c334c629fea759876e9e04afbe4aee7,oe:team:a22510a4756fa424cb0771b13261139,period:3943367d2ce567a9fae3,2023.0,Summer,regular,2023-06-21,BO1,2023-06-14T21:13:03+00:00,HIGH_CONFIDENCE_STRUCTURAL,"season=2023, team=oe:team:c334c629fea759876e9e04afbe4aee7, cutoff<=2023-06-21T00:00:00+00:00",STRUCTURAL_RECONCILIATION_ONLY
oe_structural:2023:2023-06-15:bc4e3c085ad2,oe:team:e758ebe9a5a2cc81b9c8078479c2d87,oe:team:f7f7324c151aa6ed770b244ce08e027,period:3943367d2ce567a9fae3,2023.0,Summer,regular,2023-06-15,BO1,2023-06-14T21:13:03+00:00,HIGH_CONFIDENCE_STRUCTURAL,"season=2023, team=oe:team:e758ebe9a5a2cc81b9c8078479c2d87, cutoff<=2023-06-15T00:00:00+00:00",STRUCTURAL_RECONCILIATION_ONLY
oe_structural:2023:2023-06-16:129213d02d5c,oe:team:e758ebe9a5a2cc81b9c8078479c2d87,oe:team:c334c629fea759876e9e04afbe4aee7,period:3943367d2ce567a9fae3,2023.0,Summer,regular,2023-06-16,BO1,2023-06-14T21:13:03+00:00,HIGH_CONFIDENCE_STRUCTURAL,"season=2023, team=oe:team:e758ebe9a5a2cc81b9c8078479c2d87, cutoff<=2023-06-16T00:00:00+00:00",STRUCTURAL_RECONCILIATION_ONLY
oe_structural:2023:2023-06-16:dfce481ac0e1,oe:team:e758ebe9a5a2cc81b9c8078479c2d87,oe:team:4bd1751425ef6a9bc9d4d8e9385b4a6,period:3943367d2ce567a9fae3,2023.0,Summer,regular,2023-06-16,BO1,2023-06-14T21:13:03+00:00,HIGH_CONFIDENCE_STRUCTURAL,"season=2023, team=oe:team:e758ebe9a5a2cc81b9c8078479c2d87, cutoff<=2023-06-16T00:00:00+00:00",STRUCTURAL_RECONCILIATION_ONLY
oe_structural:2023:2023-06-21:be1e38a09d4e,oe:team:e758ebe9a5a2cc81b9c8078479c2d87,oe:team:8eb884e168f28402ce685bedebb5250,period:3943367d2ce567a9fae3,2023.0,Summer,regular,2023-06-21,BO1,2023-06-14T21:13:03+00:00,HIGH_CONFIDENCE_STRUCTURAL,"season=2023, team=oe:team:e758ebe9a5a2cc81b9c8078479c2d87, cutoff<=2023-06-21T00:00:00+00:00",STRUCTURAL_RECONCILIATION_ONLY
oe_structural:2023:2023-06-15:bc4e3c085ad2,oe:team:f7f7324c151aa6ed770b244ce08e027,oe:team:e758ebe9a5a2cc81b9c8078479c2d87,period:3943367d2ce567a9fae3,2023.0,Summer,regular,2023-06-15,BO1,2023-06-14T21:13:03+00:00,HIGH_CONFIDENCE_STRUCTURAL,"season=2023, team=oe:team:f7f7324c151aa6ed770b244ce08e027, cutoff<=2023-06-15T00:00:00+00:00",STRUCTURAL_RECONCILIATION_ONLY
oe_structural:2023:2023-06-16:45928eab121a,oe:team:f7f7324c151aa6ed770b244ce08e027,oe:team:0dbb780176ecad18f17292d1f5653af,period:3943367d2ce567a9fae3,2023.0,Summer,regular,2023-06-16,BO1,2023-06-14T21:13:03+00:00,HIGH_CONFIDENCE_STRUCTURAL,"season=2023, team=oe:team:f7f7324c151aa6ed770b244ce08e027, cutoff<=2023-06-16T00:00:00+00:00",STRUCTURAL_RECONCILIATION_ONLY
oe_structural:2023:2023-06-16:ff7e0e0005bf,oe:team:f7f7324c151aa6ed770b244ce08e027,oe:team:87ee02298073abc2d55060f097d4041,period:3943367d2ce567a9fae3,2023.0,Summer,regular,2023-06-16,BO1,2023-06-14T21:13:03+00:00,HIGH_CONFIDENCE_STRUCTURAL,"season=2023, team=oe:team:f7f7324c151aa6ed770b244ce08e027, cutoff<=2023-06-16T00:00:00+00:00",STRUCTURAL_RECONCILIATION_ONLY
oe_structural:2023:2023-06-15:3529ab351292,oe:team:fc8e90107dabb9a35c490b0d86adea0,oe:team:0dbb780176ecad18f17292d1f5653af,period:3943367d2ce567a9fae3,2023.0,Summer,regular,2023-06-15,BO1,2023-06-14T21:13:03+00:00,HIGH_CONFIDENCE_STRUCTURAL,"season=2023, team=oe:team:fc8e90107dabb9a35c490b0d86adea0, cutoff<=2023-06-15T00:00:00+00:00",STRUCTURAL_RECONCILIATION_ONLY
oe_structural:2023:2023-06-17:3991b45fe8ec,oe:team:fc8e90107dabb9a35c490b0d86adea0,oe:team:a22510a4756fa424cb0771b13261139,period:3943367d2ce567a9fae3,2023.0,Summer,regular,2023-06-17,BO1,2023-06-14T21:13:03+00:00,HIGH_CONFIDENCE_STRUCTURAL,"season=2023, team=oe:team:fc8e90107dabb9a35c490b0d86adea0, cutoff<=2023-06-17T00:00:00+00:00",STRUCTURAL_RECONCILIATION_ONLY
oe_structural:2023:2023-06-21:f83a58c334a3,oe:team:fc8e90107dabb9a35c490b0d86adea0,oe:team:2e66da41dc460dd378e3bcc57042d31,period:3943367d2ce567a9fae3,2023.0,Summer,regular,2023-06-21,BO1,2023-06-14T21:13:03+00:00,HIGH_CONFIDENCE_STRUCTURAL,"season=2023, team=oe:team:fc8e90107dabb9a35c490b0d86adea0, cutoff<=2023-06-21T00:00:00+00:00",STRUCTURAL_RECONCILIATION_ONLY
oe_structural:2021:2021-08-14:c7d832587d94,oe:team:4bd1751425ef6a9bc9d4d8e9385b4a6,oe:team:f7f7324c151aa6ed770b244ce08e027,period:3951db25bbaff1ec59cd,2021.0,Summer,playoffs,2021-08-14,BO5,2021-08-12T21:13:39+00:00,HIGH_CONFIDENCE_STRUCTURAL,"season=2021, team=oe:team:4bd1751425ef6a9bc9d4d8e9385b4a6, cutoff<=2021-08-14T00:00:00+00:00",STRUCTURAL_RECONCILIATION_ONLY
oe_structural:2021:2021-08-15:a15364cdd832,oe:team:4bd1751425ef6a9bc9d4d8e9385b4a6,oe:team:f7f7324c151aa6ed770b244ce08e027,period:3951db25bbaff1ec59cd,2021.0,Summer,playoffs,2021-08-15,BO5,2021-08-12T21:13:39+00:00,HIGH_CONFIDENCE_STRUCTURAL,"season=2021, team=oe:team:4bd1751425ef6a9bc9d4d8e9385b4a6, cutoff<=2021-08-15T00:00:00+00:00",STRUCTURAL_RECONCILIATION_ONLY
oe_structural:2021:2021-08-13:a6a72ec2638a,oe:team:87ee02298073abc2d55060f097d4041,oe:team:fc8e90107dabb9a35c490b0d86adea0,period:3951db25bbaff1ec59cd,2021.0,Summer,playoffs,2021-08-13,BO5,2021-08-12T21:13:39+00:00,HIGH_CONFIDENCE_STRUCTURAL,"season=2021, team=oe:team:87ee02298073abc2d55060f097d4041, cutoff<=2021-08-13T00:00:00+00:00",STRUCTURAL_RECONCILIATION_ONLY
oe_structural:2021:2021-08-15:b9230d81a2eb,oe:team:8eb884e168f28402ce685bedebb5250,oe:team:a22510a4756fa424cb0771b13261139,period:3951db25bbaff1ec59cd,2021.0,Summer,playoffs,2021-08-15,BO5,2021-08-12T21:13:39+00:00,HIGH_CONFIDENCE_STRUCTURAL,"season=2021, team=oe:team:8eb884e168f28402ce685bedebb5250, cutoff<=2021-08-15T00:00:00+00:00",STRUCTURAL_RECONCILIATION_ONLY
oe_structural:2021:2021-08-15:b9230d81a2eb,oe:team:a22510a4756fa424cb0771b13261139,oe:team:8eb884e168f28402ce685bedebb5250,period:3951db25bbaff1ec59cd,2021.0,Summer,playoffs,2021-08-15,BO5,2021-08-12T21:13:39+00:00,HIGH_CONFIDENCE_STRUCTURAL,"season=2021, team=oe:team:a22510a4756fa424cb0771b13261139, cutoff<=2021-08-15T00:00:00+00:00",STRUCTURAL_RECONCILIATION_ONLY
oe_structural:2021:2021-08-14:c7d832587d94,oe:team:f7f7324c151aa6ed770b244ce08e027,oe:team:4bd1751425ef6a9bc9d4d8e9385b4a6,period:3951db25bbaff1ec59cd,2021.0,Summer,playoffs,2021-08-14,BO5,2021-08-12T21:13:39+00:00,HIGH_CONFIDENCE_STRUCTURAL,"season=2021, team=oe:team:f7f7324c151aa6ed770b244ce08e027, cutoff<=2021-08-14T00:00:00+00:00",STRUCTURAL_RECONCILIATION_ONLY
oe_structural:2021:2021-08-15:a15364cdd832,oe:team:f7f7324c151aa6ed770b244ce08e027,oe:team:4bd1751425ef6a9bc9d4d8e9385b4a6,period:3951db25bbaff1ec59cd,2021.0,Summer,playoffs,2021-08-15,BO5,2021-08-12T21:13:39+00:00,HIGH_CONFIDENCE_STRUCTURAL,"season=2021, team=oe:team:f7f7324c151aa6ed770b244ce08e027, cutoff<=2021-08-15T00:00:00+00:00",STRUCTURAL_RECONCILIATION_ONLY
oe_structural:2021:2021-08-19:0beabd9db72a,oe:team:f7f7324c151aa6ed770b244ce08e027,oe:team:fc8e90107dabb9a35c490b0d86adea0,period:3951db25bbaff1ec59cd,2021.0,Summer,playoffs,2021-08-19,BO5,2021-08-12T21:13:39+00:00,HIGH_CONFIDENCE_STRUCTURAL,"season=2021, team=oe:team:f7f7324c151aa6ed770b244ce08e027, cutoff<=2021-08-19T00:00:00+00:00",STRUCTURAL_RECONCILIATION_ONLY
oe_structural:2021:2021-08-13:a6a72ec2638a,oe:team:fc8e90107dabb9a35c490b0d86adea0,oe:team:87ee02298073abc2d55060f097d4041,period:3951db25bbaff1ec59cd,2021.0,Summer,playoffs,2021-08-13,BO5,2021-08-12T21:13:39+00:00,HIGH_CONFIDENCE_STRUCTURAL,"season=2021, team=oe:team:fc8e90107dabb9a35c490b0d86adea0, cutoff<=2021-08-13T00:00:00+00:00",STRUCTURAL_RECONCILIATION_ONLY
oe_structural:2021:2021-08-19:0beabd9db72a,oe:team:fc8e90107dabb9a35c490b0d86adea0,oe:team:f7f7324c151aa6ed770b244ce08e027,period:3951db25bbaff1ec59cd,2021.0,Summer,playoffs,2021-08-19,BO5,2021-08-12T21:13:39+00:00,HIGH_CONFIDENCE_STRUCTURAL,"season=2021, team=oe:team:fc8e90107dabb9a35c490b0d86adea0, cutoff<=2021-08-19T00:00:00+00:00",STRUCTURAL_RECONCILIATION_ONLY
oe_structural:2020:2020-06-21:73ff3e0535bb,oe:team:0dbb780176ecad18f17292d1f5653af,oe:team:2e66da41dc460dd378e3bcc57042d31,period:3968b01a861a52d381a8,2020.0,Summer,regular,2020-06-21,BO1,2020-06-20T00:31:26+00:00,HIGH_CONFIDENCE_STRUCTURAL,"season=2020, team=oe:team:0dbb780176ecad18f17292d1f5653af, cutoff<=2020-06-21T00:00:00+00:00",STRUCTURAL_RECONCILIATION_ONLY
oe_structural:2020:2020-06-27:222785c09633,oe:team:0dbb780176ecad18f17292d1f5653af,oe:team:8eb884e168f28402ce685bedebb5250,period:3968b01a861a52d381a8,2020.0,Summer,regular,2020-06-27,BO1,2020-06-20T00:31:26+00:00,HIGH_CONFIDENCE_STRUCTURAL,"season=2020, team=oe:team:0dbb780176ecad18f17292d1f5653af, cutoff<=2020-06-27T00:00:00+00:00",STRUCTURAL_RECONCILIATION_ONLY
oe_structural:2020:2020-06-21:73ff3e0535bb,oe:team:2e66da41dc460dd378e3bcc57042d31,oe:team:0dbb780176ecad18f17292d1f5653af,period:3968b01a861a52d381a8,2020.0,Summer,regular,2020-06-21,BO1,2020-06-20T00:31:26+00:00,HIGH_CONFIDENCE_STRUCTURAL,"season=2020, team=oe:team:2e66da41dc460dd378e3bcc57042d31, cutoff<=2020-06-21T00:00:00+00:00",STRUCTURAL_RECONCILIATION_ONLY
oe_structural:2020:2020-06-27:63c8b71d7239,oe:team:2e66da41dc460dd378e3bcc57042d31,oe:team:cbfaf0ca2181f0903d2fcceb6c28f3b,period:3968b01a861a52d381a8,2020.0,Summer,regular,2020-06-27,BO1,2020-06-20T00:31:26+00:00,HIGH_CONFIDENCE_STRUCTURAL,"season=2020, team=oe:team:2e66da41dc460dd378e3bcc57042d31, cutoff<=2020-06-27T00:00:00+00:00",STRUCTURAL_RECONCILIATION_ONLY
oe_structural:2020:2020-06-21:07dc2369858a,oe:team:4bd1751425ef6a9bc9d4d8e9385b4a6,oe:team:c334c629fea759876e9e04afbe4aee7,period:3968b01a861a52d381a8,2020.0,Summer,regular,2020-06-21,BO1,2020-06-20T00:31:26+00:00,HIGH_CONFIDENCE_STRUCTURAL,"season=2020, team=oe:team:4bd1751425ef6a9bc9d4d8e9385b4a6, cutoff<=2020-06-21T00:00:00+00:00",STRUCTURAL_RECONCILIATION_ONLY
oe_structural:2020:2020-06-27:bdd1c8bf7617,oe:team:4bd1751425ef6a9bc9d4d8e9385b4a6,oe:team:cbfaf0ca2181f0903d2fcceb6c28f3b,period:3968b01a861a52d381a8,2020.0,Summer,regular,2020-06-27,BO1,2020-06-20T00:31:26+00:00,HIGH_CONFIDENCE_STRUCTURAL,"season=2020, team=oe:team:4bd1751425ef6a9bc9d4d8e9385b4a6, cutoff<=2020-06-27T00:00:00+00:00",STRUCTURAL_RECONCILIATION_ONLY
oe_structural:2020:2020-06-21:d556f7f8f338,oe:team:87ee02298073abc2d55060f097d4041,oe:team:fc8e90107dabb9a35c490b0d86adea0,period:3968b01a861a52d381a8,2020.0,Summer,regular,2020-06-21,BO1,2020-06-20T00:31:26+00:00,HIGH_CONFIDENCE_STRUCTURAL,"season=2020, team=oe:team:87ee02298073abc2d55060f097d4041, cutoff<=2020-06-21T00:00:00+00:00",STRUCTURAL_RECONCILIATION_ONLY
oe_structural:2020:2020-06-27:c95bc17eabe7,oe:team:87ee02298073abc2d55060f097d4041,oe:team:c334c629fea759876e9e04afbe4aee7,period:3968b01a861a52d381a8,2020.0,Summer,regular,2020-06-27,BO1,2020-06-20T00:31:26+00:00,HIGH_CONFIDENCE_STRUCTURAL,"season=2020, team=oe:team:87ee02298073abc2d55060f097d4041, cutoff<=2020-06-27T00:00:00+00:00",STRUCTURAL_RECONCILIATION_ONLY
oe_structural:2020:2020-06-21:b7ace0301644,oe:team:8eb884e168f28402ce685bedebb5250,oe:team:f7f7324c151aa6ed770b244ce08e027,period:3968b01a861a52d381a8,2020.0,Summer,regular,2020-06-21,BO1,2020-06-20T00:31:26+00:00,HIGH_CONFIDENCE_STRUCTURAL,"season=2020, team=oe:team:8eb884e168f28402ce685bedebb5250, cutoff<=2020-06-21T00:00:00+00:00",STRUCTURAL_RECONCILIATION_ONLY
oe_structural:2020:2020-06-27:17b6d038f238,oe:team:8eb884e168f28402ce685bedebb5250,oe:team:fc8e90107dabb9a35c490b0d86adea0,period:3968b01a861a52d381a8,2020.0,Summer,regular,2020-06-27,BO1,2020-06-20T00:31:26+00:00,HIGH_CONFIDENCE_STRUCTURAL,"season=2020, team=oe:team:8eb884e168f28402ce685bedebb5250, cutoff<=2020-06-27T00:00:00+00:00",STRUCTURAL_RECONCILIATION_ONLY
oe_structural:2020:2020-06-27:222785c09633,oe:team:8eb884e168f28402ce685bedebb5250,oe:team:0dbb780176ecad18f17292d1f5653af,period:3968b01a861a52d381a8,2020.0,Summer,regular,2020-06-27,BO1,2020-06-20T00:31:26+00:00,HIGH_CONFIDENCE_STRUCTURAL,"season=2020, team=oe:team:8eb884e168f28402ce685bedebb5250, cutoff<=2020-06-27T00:00:00+00:00",STRUCTURAL_RECONCILIATION_ONLY
oe_structural:2020:2020-06-27:18c072d1c57c,oe:team:a22510a4756fa424cb0771b13261139,oe:team:f7f7324c151aa6ed770b244ce08e027,period:3968b01a861a52d381a8,2020.0,Summer,regular,2020-06-27,BO1,2020-06-20T00:31:26+00:00,HIGH_CONFIDENCE_STRUCTURAL,"season=2020, team=oe:team:a22510a4756fa424cb0771b13261139, cutoff<=2020-06-27T00:00:00+00:00",STRUCTURAL_RECONCILIATION_ONLY
oe_structural:2020:2020-06-21:07dc2369858a,oe:team:c334c629fea759876e9e04afbe4aee7,oe:team:4bd1751425ef6a9bc9d4d8e9385b4a6,period:3968b01a861a52d381a8,2020.0,Summer,regular,2020-06-21,BO1,2020-06-20T00:31:26+00:00,HIGH_CONFIDENCE_STRUCTURAL,"season=2020, team=oe:team:c334c629fea759876e9e04afbe4aee7, cutoff<=2020-06-21T00:00:00+00:00",STRUCTURAL_RECONCILIATION_ONLY
oe_structural:2020:2020-06-27:c95bc17eabe7,oe:team:c334c629fea759876e9e04afbe4aee7,oe:team:87ee02298073abc2d55060f097d4041,period:3968b01a861a52d381a8,2020.0,Summer,regular,2020-06-27,BO1,2020-06-20T00:31:26+00:00,HIGH_CONFIDENCE_STRUCTURAL,"season=2020, team=oe:team:c334c629fea759876e9e04afbe4aee7, cutoff<=2020-06-27T00:00:00+00:00",STRUCTURAL_RECONCILIATION_ONLY
oe_structural:2020:2020-06-27:63c8b71d7239,oe:team:cbfaf0ca2181f0903d2fcceb6c28f3b,oe:team:2e66da41dc460dd378e3bcc57042d31,period:3968b01a861a52d381a8,2020.0,Summer,regular,2020-06-27,BO1,2020-06-20T00:31:26+00:00,HIGH_CONFIDENCE_STRUCTURAL,"season=2020, team=oe:team:cbfaf0ca2181f0903d2fcceb6c28f3b, cutoff<=2020-06-27T00:00:00+00:00",STRUCTURAL_RECONCILIATION_ONLY
oe_structural:2020:2020-06-27:bdd1c8bf7617,oe:team:cbfaf0ca2181f0903d2fcceb6c28f3b,oe:team:4bd1751425ef6a9bc9d4d8e9385b4a6,period:3968b01a861a52d381a8,2020.0,Summer,regular,2020-06-27,BO1,2020-06-20T00:31:26+00:00,HIGH_CONFIDENCE_STRUCTURAL,"season=2020, team=oe:team:cbfaf0ca2181f0903d2fcceb6c28f3b, cutoff<=2020-06-27T00:00:00+00:00",STRUCTURAL_RECONCILIATION_ONLY
oe_structural:2020:2020-06-21:b7ace0301644,oe:team:f7f7324c151aa6ed770b244ce08e027,oe:team:8eb884e168f28402ce685bedebb5250,period:3968b01a861a52d381a8,2020.0,Summer,regular,2020-06-21,BO1,2020-06-20T00:31:26+00:00,HIGH_CONFIDENCE_STRUCTURAL,"season=2020, team=oe:team:f7f7324c151aa6ed770b244ce08e027, cutoff<=2020-06-21T00:00:00+00:00",STRUCTURAL_RECONCILIATION_ONLY
oe_structural:2020:2020-06-27:18c072d1c57c,oe:team:f7f7324c151aa6ed770b244ce08e027,oe:team:a22510a4756fa424cb0771b13261139,period:3968b01a861a52d381a8,2020.0,Summer,regular,2020-06-27,BO1,2020-06-20T00:31:26+00:00,HIGH_CONFIDENCE_STRUCTURAL,"season=2020, team=oe:team:f7f7324c151aa6ed770b244ce08e027, cutoff<=2020-06-27T00:00:00+00:00",STRUCTURAL_RECONCILIATION_ONLY
oe_structural:2020:2020-06-21:d556f7f8f338,oe:team:fc8e90107dabb9a35c490b0d86adea0,oe:team:87ee02298073abc2d55060f097d4041,period:3968b01a861a52d381a8,2020.0,Summer,regular,2020-06-21,BO1,2020-06-20T00:31:26+00:00,HIGH_CONFIDENCE_STRUCTURAL,"season=2020, team=oe:team:fc8e90107dabb9a35c490b0d86adea0, cutoff<=2020-06-21T00:00:00+00:00",STRUCTURAL_RECONCILIATION_ONLY
oe_structural:2020:2020-06-27:17b6d038f238,oe:team:fc8e90107dabb9a35c490b0d86adea0,oe:team:8eb884e168f28402ce685bedebb5250,period:3968b01a861a52d381a8,2020.0,Summer,regular,2020-06-27,BO1,2020-06-20T00:31:26+00:00,HIGH_CONFIDENCE_STRUCTURAL,"season=2020, team=oe:team:fc8e90107dabb9a35c490b0d86adea0, cutoff<=2020-06-27T00:00:00+00:00",STRUCTURAL_RECONCILIATION_ONLY
oe_structural:2022:2022-01-29:b1d274b3eca0,oe:team:0dbb780176ecad18f17292d1f5653af,oe:team:8eb884e168f28402ce685bedebb5250,period:3b01aa4d9786587a33b3,2022.0,Spring,playoffs,2022-01-29,BO5,2022-01-28T21:53:04+00:00,HIGH_CONFIDENCE_STRUCTURAL,"season=2022, team=oe:team:0dbb780176ecad18f17292d1f5653af, cutoff<=2022-01-29T00:00:00+00:00",STRUCTURAL_RECONCILIATION_ONLY
oe_structural:2022:2022-01-29:b1d274b3eca0,oe:team:8eb884e168f28402ce685bedebb5250,oe:team:0dbb780176ecad18f17292d1f5653af,period:3b01aa4d9786587a33b3,2022.0,Spring,playoffs,2022-01-29,BO5,2022-01-28T21:53:04+00:00,HIGH_CONFIDENCE_STRUCTURAL,"season=2022, team=oe:team:8eb884e168f28402ce685bedebb5250, cutoff<=2022-01-29T00:00:00+00:00",STRUCTURAL_RECONCILIATION_ONLY
oe_structural:2022:2022-01-30:747e633f7a40,oe:team:8eb884e168f28402ce685bedebb5250,oe:team:f7f7324c151aa6ed770b244ce08e027,period:3b01aa4d9786587a33b3,2022.0,Spring,playoffs,2022-01-30,BO5,2022-01-28T21:53:04+00:00,HIGH_CONFIDENCE_STRUCTURAL,"season=2022, team=oe:team:8eb884e168f28402ce685bedebb5250, cutoff<=2022-01-30T00:00:00+00:00",STRUCTURAL_RECONCILIATION_ONLY
oe_structural:2022:2022-02-05:7f1323d596fa,oe:team:8eb884e168f28402ce685bedebb5250,oe:team:4bd1751425ef6a9bc9d4d8e9385b4a6,period:3b01aa4d9786587a33b3,2022.0,Spring,regular,2022-02-05,BO1,2022-01-28T21:53:04+00:00,HIGH_CONFIDENCE_STRUCTURAL,"season=2022, team=oe:team:8eb884e168f28402ce685bedebb5250, cutoff<=2022-02-05T00:00:00+00:00",STRUCTURAL_RECONCILIATION_ONLY
oe_structural:2022:2022-01-29:c65342f779ae,oe:team:f7f7324c151aa6ed770b244ce08e027,oe:team:fc8e90107dabb9a35c490b0d86adea0,period:3b01aa4d9786587a33b3,2022.0,Spring,playoffs,2022-01-29,BO5,2022-01-28T21:53:04+00:00,HIGH_CONFIDENCE_STRUCTURAL,"season=2022, team=oe:team:f7f7324c151aa6ed770b244ce08e027, cutoff<=2022-01-29T00:00:00+00:00",STRUCTURAL_RECONCILIATION_ONLY
oe_structural:2022:2022-01-30:747e633f7a40,oe:team:f7f7324c151aa6ed770b244ce08e027,oe:team:8eb884e168f28402ce685bedebb5250,period:3b01aa4d9786587a33b3,2022.0,Spring,playoffs,2022-01-30,BO5,2022-01-28T21:53:04+00:00,HIGH_CONFIDENCE_STRUCTURAL,"season=2022, team=oe:team:f7f7324c151aa6ed770b244ce08e027, cutoff<=2022-01-30T00:00:00+00:00",STRUCTURAL_RECONCILIATION_ONLY
oe_structural:2022:2022-02-05:6459612109fa,oe:team:f7f7324c151aa6ed770b244ce08e027,oe:team:a22510a4756fa424cb0771b13261139,period:3b01aa4d9786587a33b3,2022.0,Spring,regular,2022-02-05,BO1,2022-01-28T21:53:04+00:00,HIGH_CONFIDENCE_STRUCTURAL,"season=2022, team=oe:team:f7f7324c151aa6ed770b244ce08e027, cutoff<=2022-02-05T00:00:00+00:00",STRUCTURAL_RECONCILIATION_ONLY
oe_structural:2022:2022-01-29:c65342f779ae,oe:team:fc8e90107dabb9a35c490b0d86adea0,oe:team:f7f7324c151aa6ed770b244ce08e027,period:3b01aa4d9786587a33b3,2022.0,Spring,playoffs,2022-01-29,BO5,2022-01-28T21:53:04+00:00,HIGH_CONFIDENCE_STRUCTURAL,"season=2022, team=oe:team:fc8e90107dabb9a35c490b0d86adea0, cutoff<=2022-01-29T00:00:00+00:00",STRUCTURAL_RECONCILIATION_ONLY
oe_structural:2020:2020-08-08:76be94f471b1,oe:team:0dbb780176ecad18f17292d1f5653af,oe:team:4bd1751425ef6a9bc9d4d8e9385b4a6,period:3e89f4975798019beec8,2020.0,Summer,regular,2020-08-08,BO1,2020-08-01T00:35:44+00:00,HIGH_CONFIDENCE_STRUCTURAL,"season=2020, team=oe:team:0dbb780176ecad18f17292d1f5653af, cutoff<=2020-08-08T00:00:00+00:00",STRUCTURAL_RECONCILIATION_ONLY
oe_structural:2020:2020-08-08:9c2dab54f901,oe:team:0dbb780176ecad18f17292d1f5653af,oe:team:fc8e90107dabb9a35c490b0d86adea0,period:3e89f4975798019beec8,2020.0,Summer,regular,2020-08-08,BO1,2020-08-01T00:35:44+00:00,HIGH_CONFIDENCE_STRUCTURAL,"season=2020, team=oe:team:0dbb780176ecad18f17292d1f5653af, cutoff<=2020-08-08T00:00:00+00:00",STRUCTURAL_RECONCILIATION_ONLY
oe_structural:2020:2020-08-02:1b119f5445d5,oe:team:2e66da41dc460dd378e3bcc57042d31,oe:team:f7f7324c151aa6ed770b244ce08e027,period:3e89f4975798019beec8,2020.0,Summer,regular,2020-08-02,BO1,2020-08-01T00:35:44+00:00,HIGH_CONFIDENCE_STRUCTURAL,"season=2020, team=oe:team:2e66da41dc460dd378e3bcc57042d31, cutoff<=2020-08-02T00:00:00+00:00",STRUCTURAL_RECONCILIATION_ONLY
oe_structural:2020:2020-08-08:e05d0abb1ee3,oe:team:2e66da41dc460dd378e3bcc57042d31,oe:team:cbfaf0ca2181f0903d2fcceb6c28f3b,period:3e89f4975798019beec8,2020.0,Summer,regular,2020-08-08,BO1,2020-08-01T00:35:44+00:00,HIGH_CONFIDENCE_STRUCTURAL,"season=2020, team=oe:team:2e66da41dc460dd378e3bcc57042d31, cutoff<=2020-08-08T00:00:00+00:00",STRUCTURAL_RECONCILIATION_ONLY
oe_structural:2020:2020-08-02:56d59be2eb7b,oe:team:4bd1751425ef6a9bc9d4d8e9385b4a6,oe:team:c334c629fea759876e9e04afbe4aee7,period:3e89f4975798019beec8,2020.0,Summer,regular,2020-08-02,BO1,2020-08-01T00:35:44+00:00,HIGH_CONFIDENCE_STRUCTURAL,"season=2020, team=oe:team:4bd1751425ef6a9bc9d4d8e9385b4a6, cutoff<=2020-08-02T00:00:00+00:00",STRUCTURAL_RECONCILIATION_ONLY
oe_structural:2020:2020-08-08:76be94f471b1,oe:team:4bd1751425ef6a9bc9d4d8e9385b4a6,oe:team:0dbb780176ecad18f17292d1f5653af,period:3e89f4975798019beec8,2020.0,Summer,regular,2020-08-08,BO1,2020-08-01T00:35:44+00:00,HIGH_CONFIDENCE_STRUCTURAL,"season=2020, team=oe:team:4bd1751425ef6a9bc9d4d8e9385b4a6, cutoff<=2020-08-08T00:00:00+00:00",STRUCTURAL_RECONCILIATION_ONLY
oe_structural:2020:2020-08-02:47a5907f7cfa,oe:team:87ee02298073abc2d55060f097d4041,oe:team:cbfaf0ca2181f0903d2fcceb6c28f3b,period:3e89f4975798019beec8,2020.0,Summer,regular,2020-08-02,BO1,2020-08-01T00:35:44+00:00,HIGH_CONFIDENCE_STRUCTURAL,"season=2020, team=oe:team:87ee02298073abc2d55060f097d4041, cutoff<=2020-08-02T00:00:00+00:00",STRUCTURAL_RECONCILIATION_ONLY
oe_structural:2020:2020-08-08:80540d1f4c89,oe:team:87ee02298073abc2d55060f097d4041,oe:team:a22510a4756fa424cb0771b13261139,period:3e89f4975798019beec8,2020.0,Summer,regular,2020-08-08,BO1,2020-08-01T00:35:44+00:00,HIGH_CONFIDENCE_STRUCTURAL,"season=2020, team=oe:team:87ee02298073abc2d55060f097d4041, cutoff<=2020-08-08T00:00:00+00:00",STRUCTURAL_RECONCILIATION_ONLY
oe_structural:2020:2020-08-08:d6f28c048f40,oe:team:87ee02298073abc2d55060f097d4041,oe:team:f7f7324c151aa6ed770b244ce08e027,period:3e89f4975798019beec8,2020.0,Summer,regular,2020-08-08,BO1,2020-08-01T00:35:44+00:00,HIGH_CONFIDENCE_STRUCTURAL,"season=2020, team=oe:team:87ee02298073abc2d55060f097d4041, cutoff<=2020-08-08T00:00:00+00:00",STRUCTURAL_RECONCILIATION_ONLY
oe_structural:2020:2020-08-08:9cd11e21f4d9,oe:team:8eb884e168f28402ce685bedebb5250,oe:team:c334c629fea759876e9e04afbe4aee7,period:3e89f4975798019beec8,2020.0,Summer,regular,2020-08-08,BO1,2020-08-01T00:35:44+00:00,HIGH_CONFIDENCE_STRUCTURAL,"season=2020, team=oe:team:8eb884e168f28402ce685bedebb5250, cutoff<=2020-08-08T00:00:00+00:00",STRUCTURAL_RECONCILIATION_ONLY
oe_structural:2020:2020-08-02:144a2f328e70,oe:team:a22510a4756fa424cb0771b13261139,oe:team:fc8e90107dabb9a35c490b0d86adea0,period:3e89f4975798019beec8,2020.0,Summer,regular,2020-08-02,BO1,2020-08-01T00:35:44+00:00,HIGH_CONFIDENCE_STRUCTURAL,"season=2020, team=oe:team:a22510a4756fa424cb0771b13261139, cutoff<=2020-08-02T00:00:00+00:00",STRUCTURAL_RECONCILIATION_ONLY
oe_structural:2020:2020-08-08:80540d1f4c89,oe:team:a22510a4756fa424cb0771b13261139,oe:team:87ee02298073abc2d55060f097d4041,period:3e89f4975798019beec8,2020.0,Summer,regular,2020-08-08,BO1,2020-08-01T00:35:44+00:00,HIGH_CONFIDENCE_STRUCTURAL,"season=2020, team=oe:team:a22510a4756fa424cb0771b13261139, cutoff<=2020-08-08T00:00:00+00:00",STRUCTURAL_RECONCILIATION_ONLY
oe_structural:2020:2020-08-02:56d59be2eb7b,oe:team:c334c629fea759876e9e04afbe4aee7,oe:team:4bd1751425ef6a9bc9d4d8e9385b4a6,period:3e89f4975798019beec8,2020.0,Summer,regular,2020-08-02,BO1,2020-08-01T00:35:44+00:00,HIGH_CONFIDENCE_STRUCTURAL,"season=2020, team=oe:team:c334c629fea759876e9e04afbe4aee7, cutoff<=2020-08-02T00:00:00+00:00",STRUCTURAL_RECONCILIATION_ONLY
oe_structural:2020:2020-08-08:9cd11e21f4d9,oe:team:c334c629fea759876e9e04afbe4aee7,oe:team:8eb884e168f28402ce685bedebb5250,period:3e89f4975798019beec8,2020.0,Summer,regular,2020-08-08,BO1,2020-08-01T00:35:44+00:00,HIGH_CONFIDENCE_STRUCTURAL,"season=2020, team=oe:team:c334c629fea759876e9e04afbe4aee7, cutoff<=2020-08-08T00:00:00+00:00",STRUCTURAL_RECONCILIATION_ONLY
oe_structural:2020:2020-08-02:47a5907f7cfa,oe:team:cbfaf0ca2181f0903d2fcceb6c28f3b,oe:team:87ee02298073abc2d55060f097d4041,period:3e89f4975798019beec8,2020.0,Summer,regular,2020-08-02,BO1,2020-08-01T00:35:44+00:00,HIGH_CONFIDENCE_STRUCTURAL,"season=2020, team=oe:team:cbfaf0ca2181f0903d2fcceb6c28f3b, cutoff<=2020-08-02T00:00:00+00:00",STRUCTURAL_RECONCILIATION_ONLY
oe_structural:2020:2020-08-08:e05d0abb1ee3,oe:team:cbfaf0ca2181f0903d2fcceb6c28f3b,oe:team:2e66da41dc460dd378e3bcc57042d31,period:3e89f4975798019beec8,2020.0,Summer,regular,2020-08-08,BO1,2020-08-01T00:35:44+00:00,HIGH_CONFIDENCE_STRUCTURAL,"season=2020, team=oe:team:cbfaf0ca2181f0903d2fcceb6c28f3b, cutoff<=2020-08-08T00:00:00+00:00",STRUCTURAL_RECONCILIATION_ONLY
oe_structural:2020:2020-08-02:1b119f5445d5,oe:team:f7f7324c151aa6ed770b244ce08e027,oe:team:2e66da41dc460dd378e3bcc57042d31,period:3e89f4975798019beec8,2020.0,Summer,regular,2020-08-02,BO1,2020-08-01T00:35:44+00:00,HIGH_CONFIDENCE_STRUCTURAL,"season=2020, team=oe:team:f7f7324c151aa6ed770b244ce08e027, cutoff<=2020-08-02T00:00:00+00:00",STRUCTURAL_RECONCILIATION_ONLY
oe_structural:2020:2020-08-08:d6f28c048f40,oe:team:f7f7324c151aa6ed770b244ce08e027,oe:team:87ee02298073abc2d55060f097d4041,period:3e89f4975798019beec8,2020.0,Summer,regular,2020-08-08,BO1,2020-08-01T00:35:44+00:00,HIGH_CONFIDENCE_STRUCTURAL,"season=2020, team=oe:team:f7f7324c151aa6ed770b244ce08e027, cutoff<=2020-08-08T00:00:00+00:00",STRUCTURAL_RECONCILIATION_ONLY
oe_structural:2020:2020-08-02:144a2f328e70,oe:team:fc8e90107dabb9a35c490b0d86adea0,oe:team:a22510a4756fa424cb0771b13261139,period:3e89f4975798019beec8,2020.0,Summer,regular,2020-08-02,BO1,2020-08-01T00:35:44+00:00,HIGH_CONFIDENCE_STRUCTURAL,"season=2020, team=oe:team:fc8e90107dabb9a35c490b0d86adea0, cutoff<=2020-08-02T00:00:00+00:00",STRUCTURAL_RECONCILIATION_ONLY
oe_structural:2020:2020-08-08:9c2dab54f901,oe:team:fc8e90107dabb9a35c490b0d86adea0,oe:team:0dbb780176ecad18f17292d1f5653af,period:3e89f4975798019beec8,2020.0,Summer,regular,2020-08-08,BO1,2020-08-01T00:35:44+00:00,HIGH_CONFIDENCE_STRUCTURAL,"season=2020, team=oe:team:fc8e90107dabb9a35c490b0d86adea0, cutoff<=2020-08-08T00:00:00+00:00",STRUCTURAL_RECONCILIATION_ONLY
oe_structural:2023:2023-03-10:6cc3b19caa56,oe:team:0dbb780176ecad18f17292d1f5653af,oe:team:cbfaf0ca2181f0903d2fcceb6c28f3b,period:402a134be7abbe005149,2023.0,Spring,regular,2023-03-10,BO1,2023-03-09T22:22:41+00:00,HIGH_CONFIDENCE_STRUCTURAL,"season=2023, team=oe:team:0dbb780176ecad18f17292d1f5653af, cutoff<=2023-03-10T00:00:00+00:00",STRUCTURAL_RECONCILIATION_ONLY
oe_structural:2023:2023-03-11:7df4e62557b6,oe:team:0dbb780176ecad18f17292d1f5653af,oe:team:4bd1751425ef6a9bc9d4d8e9385b4a6,period:402a134be7abbe005149,2023.0,Spring,regular,2023-03-11,BO1,2023-03-09T22:22:41+00:00,HIGH_CONFIDENCE_STRUCTURAL,"season=2023, team=oe:team:0dbb780176ecad18f17292d1f5653af, cutoff<=2023-03-11T00:00:00+00:00",STRUCTURAL_RECONCILIATION_ONLY
oe_structural:2023:2023-03-10:7b764de5a42a,oe:team:2e66da41dc460dd378e3bcc57042d31,oe:team:c334c629fea759876e9e04afbe4aee7,period:402a134be7abbe005149,2023.0,Spring,regular,2023-03-10,BO1,2023-03-09T22:22:41+00:00,HIGH_CONFIDENCE_STRUCTURAL,"season=2023, team=oe:team:2e66da41dc460dd378e3bcc57042d31, cutoff<=2023-03-10T00:00:00+00:00",STRUCTURAL_RECONCILIATION_ONLY
oe_structural:2023:2023-03-15:33499ef07570,oe:team:2e66da41dc460dd378e3bcc57042d31,oe:team:fc8e90107dabb9a35c490b0d86adea0,period:402a134be7abbe005149,2023.0,Spring,regular,2023-03-15,BO1,2023-03-09T22:22:41+00:00,HIGH_CONFIDENCE_STRUCTURAL,"season=2023, team=oe:team:2e66da41dc460dd378e3bcc57042d31, cutoff<=2023-03-15T00:00:00+00:00",STRUCTURAL_RECONCILIATION_ONLY
oe_structural:2023:2023-03-10:c6119812ba39,oe:team:4bd1751425ef6a9bc9d4d8e9385b4a6,oe:team:87ee02298073abc2d55060f097d4041,period:402a134be7abbe005149,2023.0,Spring,regular,2023-03-10,BO1,2023-03-09T22:22:41+00:00,HIGH_CONFIDENCE_STRUCTURAL,"season=2023, team=oe:team:4bd1751425ef6a9bc9d4d8e9385b4a6, cutoff<=2023-03-10T00:00:00+00:00",STRUCTURAL_RECONCILIATION_ONLY
oe_structural:2023:2023-03-11:7df4e62557b6,oe:team:4bd1751425ef6a9bc9d4d8e9385b4a6,oe:team:0dbb780176ecad18f17292d1f5653af,period:402a134be7abbe005149,2023.0,Spring,regular,2023-03-11,BO1,2023-03-09T22:22:41+00:00,HIGH_CONFIDENCE_STRUCTURAL,"season=2023, team=oe:team:4bd1751425ef6a9bc9d4d8e9385b4a6, cutoff<=2023-03-11T00:00:00+00:00",STRUCTURAL_RECONCILIATION_ONLY
oe_structural:2023:2023-03-15:8987f3b55790,oe:team:4bd1751425ef6a9bc9d4d8e9385b4a6,oe:team:a22510a4756fa424cb0771b13261139,period:402a134be7abbe005149,2023.0,Spring,regular,2023-03-15,BO1,2023-03-09T22:22:41+00:00,HIGH_CONFIDENCE_STRUCTURAL,"season=2023, team=oe:team:4bd1751425ef6a9bc9d4d8e9385b4a6, cutoff<=2023-03-15T00:00:00+00:00",STRUCTURAL_RECONCILIATION_ONLY
oe_structural:2023:2023-03-10:c6119812ba39,oe:team:87ee02298073abc2d55060f097d4041,oe:team:4bd1751425ef6a9bc9d4d8e9385b4a6,period:402a134be7abbe005149,2023.0,Spring,regular,2023-03-10,BO1,2023-03-09T22:22:41+00:00,HIGH_CONFIDENCE_STRUCTURAL,"season=2023, team=oe:team:87ee02298073abc2d55060f097d4041, cutoff<=2023-03-10T00:00:00+00:00",STRUCTURAL_RECONCILIATION_ONLY
oe_structural:2023:2023-03-11:d570683f3a08,oe:team:87ee02298073abc2d55060f097d4041,oe:team:a22510a4756fa424cb0771b13261139,period:402a134be7abbe005149,2023.0,Spring,regular,2023-03-11,BO1,2023-03-09T22:22:41+00:00,HIGH_CONFIDENCE_STRUCTURAL,"season=2023, team=oe:team:87ee02298073abc2d55060f097d4041, cutoff<=2023-03-11T00:00:00+00:00",STRUCTURAL_RECONCILIATION_ONLY
oe_structural:2023:2023-03-15:73938758eff6,oe:team:87ee02298073abc2d55060f097d4041,oe:team:cbfaf0ca2181f0903d2fcceb6c28f3b,period:402a134be7abbe005149,2023.0,Spring,regular,2023-03-15,BO1,2023-03-09T22:22:41+00:00,HIGH_CONFIDENCE_STRUCTURAL,"season=2023, team=oe:team:87ee02298073abc2d55060f097d4041, cutoff<=2023-03-15T00:00:00+00:00",STRUCTURAL_RECONCILIATION_ONLY
oe_structural:2023:2023-03-10:f28c59ef374e,oe:team:8eb884e168f28402ce685bedebb5250,oe:team:fc8e90107dabb9a35c490b0d86adea0,period:402a134be7abbe005149,2023.0,Spring,regular,2023-03-10,BO1,2023-03-09T22:22:41+00:00,HIGH_CONFIDENCE_STRUCTURAL,"season=2023, team=oe:team:8eb884e168f28402ce685bedebb5250, cutoff<=2023-03-10T00:00:00+00:00",STRUCTURAL_RECONCILIATION_ONLY
oe_structural:2023:2023-03-11:d570683f3a08,oe:team:a22510a4756fa424cb0771b13261139,oe:team:87ee02298073abc2d55060f097d4041,period:402a134be7abbe005149,2023.0,Spring,regular,2023-03-11,BO1,2023-03-09T22:22:41+00:00,HIGH_CONFIDENCE_STRUCTURAL,"season=2023, team=oe:team:a22510a4756fa424cb0771b13261139, cutoff<=2023-03-11T00:00:00+00:00",STRUCTURAL_RECONCILIATION_ONLY
oe_structural:2023:2023-03-15:8987f3b55790,oe:team:a22510a4756fa424cb0771b13261139,oe:team:4bd1751425ef6a9bc9d4d8e9385b4a6,period:402a134be7abbe005149,2023.0,Spring,regular,2023-03-15,BO1,2023-03-09T22:22:41+00:00,HIGH_CONFIDENCE_STRUCTURAL,"season=2023, team=oe:team:a22510a4756fa424cb0771b13261139, cutoff<=2023-03-15T00:00:00+00:00",STRUCTURAL_RECONCILIATION_ONLY
oe_structural:2023:2023-03-10:7b764de5a42a,oe:team:c334c629fea759876e9e04afbe4aee7,oe:team:2e66da41dc460dd378e3bcc57042d31,period:402a134be7abbe005149,2023.0,Spring,regular,2023-03-10,BO1,2023-03-09T22:22:41+00:00,HIGH_CONFIDENCE_STRUCTURAL,"season=2023, team=oe:team:c334c629fea759876e9e04afbe4aee7, cutoff<=2023-03-10T00:00:00+00:00",STRUCTURAL_RECONCILIATION_ONLY
oe_structural:2023:2023-03-10:6cc3b19caa56,oe:team:cbfaf0ca2181f0903d2fcceb6c28f3b,oe:team:0dbb780176ecad18f17292d1f5653af,period:402a134be7abbe005149,2023.0,Spring,regular,2023-03-10,BO1,2023-03-09T22:22:41+00:00,HIGH_CONFIDENCE_STRUCTURAL,"season=2023, team=oe:team:cbfaf0ca2181f0903d2fcceb6c28f3b, cutoff<=2023-03-10T00:00:00+00:00",STRUCTURAL_RECONCILIATION_ONLY
oe_structural:2023:2023-03-11:7fa21b6df15a,oe:team:cbfaf0ca2181f0903d2fcceb6c28f3b,oe:team:f7f7324c151aa6ed770b244ce08e027,period:402a134be7abbe005149,2023.0,Spring,regular,2023-03-11,BO1,2023-03-09T22:22:41+00:00,HIGH_CONFIDENCE_STRUCTURAL,"season=2023, team=oe:team:cbfaf0ca2181f0903d2fcceb6c28f3b, cutoff<=2023-03-11T00:00:00+00:00",STRUCTURAL_RECONCILIATION_ONLY
oe_structural:2023:2023-03-15:73938758eff6,oe:team:cbfaf0ca2181f0903d2fcceb6c28f3b,oe:team:87ee02298073abc2d55060f097d4041,period:402a134be7abbe005149,2023.0,Spring,regular,2023-03-15,BO1,2023-03-09T22:22:41+00:00,HIGH_CONFIDENCE_STRUCTURAL,"season=2023, team=oe:team:cbfaf0ca2181f0903d2fcceb6c28f3b, cutoff<=2023-03-15T00:00:00+00:00",STRUCTURAL_RECONCILIATION_ONLY
oe_structural:2023:2023-03-10:a4c4eb4f994d,oe:team:f7f7324c151aa6ed770b244ce08e027,oe:team:fc8e90107dabb9a35c490b0d86adea0,period:402a134be7abbe005149,2023.0,Spring,regular,2023-03-10,BO1,2023-03-09T22:22:41+00:00,HIGH_CONFIDENCE_STRUCTURAL,"season=2023, team=oe:team:f7f7324c151aa6ed770b244ce08e027, cutoff<=2023-03-10T00:00:00+00:00",STRUCTURAL_RECONCILIATION_ONLY
oe_structural:2023:2023-03-11:7fa21b6df15a,oe:team:f7f7324c151aa6ed770b244ce08e027,oe:team:cbfaf0ca2181f0903d2fcceb6c28f3b,period:402a134be7abbe005149,2023.0,Spring,regular,2023-03-11,BO1,2023-03-09T22:22:41+00:00,HIGH_CONFIDENCE_STRUCTURAL,"season=2023, team=oe:team:f7f7324c151aa6ed770b244ce08e027, cutoff<=2023-03-11T00:00:00+00:00",STRUCTURAL_RECONCILIATION_ONLY
oe_structural:2023:2023-03-10:a4c4eb4f994d,oe:team:fc8e90107dabb9a35c490b0d86adea0,oe:team:f7f7324c151aa6ed770b244ce08e027,period:402a134be7abbe005149,2023.0,Spring,regular,2023-03-10,BO1,2023-03-09T22:22:41+00:00,HIGH_CONFIDENCE_STRUCTURAL,"season=2023, team=oe:team:fc8e90107dabb9a35c490b0d86adea0, cutoff<=2023-03-10T00:00:00+00:00",STRUCTURAL_RECONCILIATION_ONLY
oe_structural:2023:2023-03-10:f28c59ef374e,oe:team:fc8e90107dabb9a35c490b0d86adea0,oe:team:8eb884e168f28402ce685bedebb5250,period:402a134be7abbe005149,2023.0,Spring,regular,2023-03-10,BO1,2023-03-09T22:22:41+00:00,HIGH_CONFIDENCE_STRUCTURAL,"season=2023, team=oe:team:fc8e90107dabb9a35c490b0d86adea0, cutoff<=2023-03-10T00:00:00+00:00",STRUCTURAL_RECONCILIATION_ONLY
oe_structural:2023:2023-03-15:33499ef07570,oe:team:fc8e90107dabb9a35c490b0d86adea0,oe:team:2e66da41dc460dd378e3bcc57042d31,period:402a134be7abbe005149,2023.0,Spring,regular,2023-03-15,BO1,2023-03-09T22:22:41+00:00,HIGH_CONFIDENCE_STRUCTURAL,"season=2023, team=oe:team:fc8e90107dabb9a35c490b0d86adea0, cutoff<=2023-03-15T00:00:00+00:00",STRUCTURAL_RECONCILIATION_ONLY
oe_structural:2022:2022-02-26:7f932bb9c91e,oe:team:0dbb780176ecad18f17292d1f5653af,oe:team:8eb884e168f28402ce685bedebb5250,period:4138ca482beb4344e9ad,2022.0,Spring,regular,2022-02-26,BO1,2022-02-25T22:37:00+00:00,HIGH_CONFIDENCE_STRUCTURAL,"season=2022, team=oe:team:0dbb780176ecad18f17292d1f5653af, cutoff<=2022-02-26T00:00:00+00:00",STRUCTURAL_RECONCILIATION_ONLY
oe_structural:2022:2022-02-28:c5c019dfbf7e,oe:team:0dbb780176ecad18f17292d1f5653af,oe:team:4bd1751425ef6a9bc9d4d8e9385b4a6,period:4138ca482beb4344e9ad,2022.0,Spring,regular,2022-02-28,BO1,2022-02-25T22:37:00+00:00,HIGH_CONFIDENCE_STRUCTURAL,"season=2022, team=oe:team:0dbb780176ecad18f17292d1f5653af, cutoff<=2022-02-28T00:00:00+00:00",STRUCTURAL_RECONCILIATION_ONLY
oe_structural:2022:2022-02-27:23aa96425e34,oe:team:2e66da41dc460dd378e3bcc57042d31,oe:team:c334c629fea759876e9e04afbe4aee7,period:4138ca482beb4344e9ad,2022.0,Spring,regular,2022-02-27,BO1,2022-02-25T22:37:00+00:00,HIGH_CONFIDENCE_STRUCTURAL,"season=2022, team=oe:team:2e66da41dc460dd378e3bcc57042d31, cutoff<=2022-02-27T00:00:00+00:00",STRUCTURAL_RECONCILIATION_ONLY
oe_structural:2022:2022-02-27:cc39eb33f5ac,oe:team:2e66da41dc460dd378e3bcc57042d31,oe:team:f7f7324c151aa6ed770b244ce08e027,period:4138ca482beb4344e9ad,2022.0,Spring,regular,2022-02-27,BO1,2022-02-25T22:37:00+00:00,HIGH_CONFIDENCE_STRUCTURAL,"season=2022, team=oe:team:2e66da41dc460dd378e3bcc57042d31, cutoff<=2022-02-27T00:00:00+00:00",STRUCTURAL_RECONCILIATION_ONLY
oe_structural:2022:2022-02-27:d63813875f15,oe:team:2e66da41dc460dd378e3bcc57042d31,oe:team:fc8e90107dabb9a35c490b0d86adea0,period:4138ca482beb4344e9ad,2022.0,Spring,regular,2022-02-27,BO1,2022-02-25T22:37:00+00:00,HIGH_CONFIDENCE_STRUCTURAL,"season=2022, team=oe:team:2e66da41dc460dd378e3bcc57042d31, cutoff<=2022-02-27T00:00:00+00:00",STRUCTURAL_RECONCILIATION_ONLY
oe_structural:2022:2022-03-05:1bf6d742b8e5,oe:team:2e66da41dc460dd378e3bcc57042d31,oe:team:a22510a4756fa424cb0771b13261139,period:4138ca482beb4344e9ad,2022.0,Spring,regular,2022-03-05,BO1,2022-02-25T22:37:00+00:00,HIGH_CONFIDENCE_STRUCTURAL,"season=2022, team=oe:team:2e66da41dc460dd378e3bcc57042d31, cutoff<=2022-03-05T00:00:00+00:00",STRUCTURAL_RECONCILIATION_ONLY
oe_structural:2022:2022-02-26:1d2c7a5442cd,oe:team:4bd1751425ef6a9bc9d4d8e9385b4a6,oe:team:a22510a4756fa424cb0771b13261139,period:4138ca482beb4344e9ad,2022.0,Spring,regular,2022-02-26,BO1,2022-02-25T22:37:00+00:00,HIGH_CONFIDENCE_STRUCTURAL,"season=2022, team=oe:team:4bd1751425ef6a9bc9d4d8e9385b4a6, cutoff<=2022-02-26T00:00:00+00:00",STRUCTURAL_RECONCILIATION_ONLY
oe_structural:2022:2022-02-26:dc772aa6ccc3,oe:team:4bd1751425ef6a9bc9d4d8e9385b4a6,oe:team:fc8e90107dabb9a35c490b0d86adea0,period:4138ca482beb4344e9ad,2022.0,Spring,regular,2022-02-26,BO1,2022-02-25T22:37:00+00:00,HIGH_CONFIDENCE_STRUCTURAL,"season=2022, team=oe:team:4bd1751425ef6a9bc9d4d8e9385b4a6, cutoff<=2022-02-26T00:00:00+00:00",STRUCTURAL_RECONCILIATION_ONLY
oe_structural:2022:2022-02-28:c5c019dfbf7e,oe:team:4bd1751425ef6a9bc9d4d8e9385b4a6,oe:team:0dbb780176ecad18f17292d1f5653af,period:4138ca482beb4344e9ad,2022.0,Spring,regular,2022-02-28,BO1,2022-02-25T22:37:00+00:00,HIGH_CONFIDENCE_STRUCTURAL,"season=2022, team=oe:team:4bd1751425ef6a9bc9d4d8e9385b4a6, cutoff<=2022-02-28T00:00:00+00:00",STRUCTURAL_RECONCILIATION_ONLY
oe_structural:2022:2022-03-05:a894baeed102,oe:team:4bd1751425ef6a9bc9d4d8e9385b4a6,oe:team:8eb884e168f28402ce685bedebb5250,period:4138ca482beb4344e9ad,2022.0,Spring,regular,2022-03-05,BO1,2022-02-25T22:37:00+00:00,HIGH_CONFIDENCE_STRUCTURAL,"season=2022, team=oe:team:4bd1751425ef6a9bc9d4d8e9385b4a6, cutoff<=2022-03-05T00:00:00+00:00",STRUCTURAL_RECONCILIATION_ONLY
oe_structural:2022:2022-02-27:1d8eb9a90b14,oe:team:87ee02298073abc2d55060f097d4041,oe:team:c334c629fea759876e9e04afbe4aee7,period:4138ca482beb4344e9ad,2022.0,Spring,regular,2022-02-27,BO1,2022-02-25T22:37:00+00:00,HIGH_CONFIDENCE_STRUCTURAL,"season=2022, team=oe:team:87ee02298073abc2d55060f097d4041, cutoff<=2022-02-27T00:00:00+00:00",STRUCTURAL_RECONCILIATION_ONLY
oe_structural:2022:2022-02-27:628100c9c75a,oe:team:87ee02298073abc2d55060f097d4041,oe:team:f7f7324c151aa6ed770b244ce08e027,period:4138ca482beb4344e9ad,2022.0,Spring,regular,2022-02-27,BO1,2022-02-25T22:37:00+00:00,HIGH_CONFIDENCE_STRUCTURAL,"season=2022, team=oe:team:87ee02298073abc2d55060f097d4041, cutoff<=2022-02-27T00:00:00+00:00",STRUCTURAL_RECONCILIATION_ONLY
oe_structural:2022:2022-02-26:7f932bb9c91e,oe:team:8eb884e168f28402ce685bedebb5250,oe:team:0dbb780176ecad18f17292d1f5653af,period:4138ca482beb4344e9ad,2022.0,Spring,regular,2022-02-26,BO1,2022-02-25T22:37:00+00:00,HIGH_CONFIDENCE_STRUCTURAL,"season=2022, team=oe:team:8eb884e168f28402ce685bedebb5250, cutoff<=2022-02-26T00:00:00+00:00",STRUCTURAL_RECONCILIATION_ONLY
oe_structural:2022:2022-02-27:5007bad04479,oe:team:8eb884e168f28402ce685bedebb5250,oe:team:a22510a4756fa424cb0771b13261139,period:4138ca482beb4344e9ad,2022.0,Spring,regular,2022-02-27,BO1,2022-02-25T22:37:00+00:00,HIGH_CONFIDENCE_STRUCTURAL,"season=2022, team=oe:team:8eb884e168f28402ce685bedebb5250, cutoff<=2022-02-27T00:00:00+00:00",STRUCTURAL_RECONCILIATION_ONLY
oe_structural:2022:2022-03-05:a894baeed102,oe:team:8eb884e168f28402ce685bedebb5250,oe:team:4bd1751425ef6a9bc9d4d8e9385b4a6,period:4138ca482beb4344e9ad,2022.0,Spring,regular,2022-03-05,BO1,2022-02-25T22:37:00+00:00,HIGH_CONFIDENCE_STRUCTURAL,"season=2022, team=oe:team:8eb884e168f28402ce685bedebb5250, cutoff<=2022-03-05T00:00:00+00:00",STRUCTURAL_RECONCILIATION_ONLY
oe_structural:2022:2022-02-26:1d2c7a5442cd,oe:team:a22510a4756fa424cb0771b13261139,oe:team:4bd1751425ef6a9bc9d4d8e9385b4a6,period:4138ca482beb4344e9ad,2022.0,Spring,regular,2022-02-26,BO1,2022-02-25T22:37:00+00:00,HIGH_CONFIDENCE_STRUCTURAL,"season=2022, team=oe:team:a22510a4756fa424cb0771b13261139, cutoff<=2022-02-26T00:00:00+00:00",STRUCTURAL_RECONCILIATION_ONLY
oe_structural:2022:2022-02-26:dc0e566c5464,oe:team:a22510a4756fa424cb0771b13261139,oe:team:cbfaf0ca2181f0903d2fcceb6c28f3b,period:4138ca482beb4344e9ad,2022.0,Spring,regular,2022-02-26,BO1,2022-02-25T22:37:00+00:00,HIGH_CONFIDENCE_STRUCTURAL,"season=2022, team=oe:team:a22510a4756fa424cb0771b13261139, cutoff<=2022-02-26T00:00:00+00:00",STRUCTURAL_RECONCILIATION_ONLY
oe_structural:2022:2022-02-27:5007bad04479,oe:team:a22510a4756fa424cb0771b13261139,oe:team:8eb884e168f28402ce685bedebb5250,period:4138ca482beb4344e9ad,2022.0,Spring,regular,2022-02-27,BO1,2022-02-25T22:37:00+00:00,HIGH_CONFIDENCE_STRUCTURAL,"season=2022, team=oe:team:a22510a4756fa424cb0771b13261139, cutoff<=2022-02-27T00:00:00+00:00",STRUCTURAL_RECONCILIATION_ONLY
oe_structural:2022:2022-03-05:1bf6d742b8e5,oe:team:a22510a4756fa424cb0771b13261139,oe:team:2e66da41dc460dd378e3bcc57042d31,period:4138ca482beb4344e9ad,2022.0,Spring,regular,2022-03-05,BO1,2022-02-25T22:37:00+00:00,HIGH_CONFIDENCE_STRUCTURAL,"season=2022, team=oe:team:a22510a4756fa424cb0771b13261139, cutoff<=2022-03-05T00:00:00+00:00",STRUCTURAL_RECONCILIATION_ONLY
oe_structural:2022:2022-02-26:feea0b7c29e6,oe:team:c334c629fea759876e9e04afbe4aee7,oe:team:cbfaf0ca2181f0903d2fcceb6c28f3b,period:4138ca482beb4344e9ad,2022.0,Spring,regular,2022-02-26,BO1,2022-02-25T22:37:00+00:00,HIGH_CONFIDENCE_STRUCTURAL,"season=2022, team=oe:team:c334c629fea759876e9e04afbe4aee7, cutoff<=2022-02-26T00:00:00+00:00",STRUCTURAL_RECONCILIATION_ONLY
oe_structural:2022:2022-02-27:1d8eb9a90b14,oe:team:c334c629fea759876e9e04afbe4aee7,oe:team:87ee02298073abc2d55060f097d4041,period:4138ca482beb4344e9ad,2022.0,Spring,regular,2022-02-27,BO1,2022-02-25T22:37:00+00:00,HIGH_CONFIDENCE_STRUCTURAL,"season=2022, team=oe:team:c334c629fea759876e9e04afbe4aee7, cutoff<=2022-02-27T00:00:00+00:00",STRUCTURAL_RECONCILIATION_ONLY
oe_structural:2022:2022-02-27:23aa96425e34,oe:team:c334c629fea759876e9e04afbe4aee7,oe:team:2e66da41dc460dd378e3bcc57042d31,period:4138ca482beb4344e9ad,2022.0,Spring,regular,2022-02-27,BO1,2022-02-25T22:37:00+00:00,HIGH_CONFIDENCE_STRUCTURAL,"season=2022, team=oe:team:c334c629fea759876e9e04afbe4aee7, cutoff<=2022-02-27T00:00:00+00:00",STRUCTURAL_RECONCILIATION_ONLY
oe_structural:2022:2022-03-05:5cde9cfa2bda,oe:team:c334c629fea759876e9e04afbe4aee7,oe:team:f7f7324c151aa6ed770b244ce08e027,period:4138ca482beb4344e9ad,2022.0,Spring,regular,2022-03-05,BO1,2022-02-25T22:37:00+00:00,HIGH_CONFIDENCE_STRUCTURAL,"season=2022, team=oe:team:c334c629fea759876e9e04afbe4aee7, cutoff<=2022-03-05T00:00:00+00:00",STRUCTURAL_RECONCILIATION_ONLY
oe_structural:2022:2022-02-26:dc0e566c5464,oe:team:cbfaf0ca2181f0903d2fcceb6c28f3b,oe:team:a22510a4756fa424cb0771b13261139,period:4138ca482beb4344e9ad,2022.0,Spring,regular,2022-02-26,BO1,2022-02-25T22:37:00+00:00,HIGH_CONFIDENCE_STRUCTURAL,"season=2022, team=oe:team:cbfaf0ca2181f0903d2fcceb6c28f3b, cutoff<=2022-02-26T00:00:00+00:00",STRUCTURAL_RECONCILIATION_ONLY
oe_structural:2022:2022-02-26:feea0b7c29e6,oe:team:cbfaf0ca2181f0903d2fcceb6c28f3b,oe:team:c334c629fea759876e9e04afbe4aee7,period:4138ca482beb4344e9ad,2022.0,Spring,regular,2022-02-26,BO1,2022-02-25T22:37:00+00:00,HIGH_CONFIDENCE_STRUCTURAL,"season=2022, team=oe:team:cbfaf0ca2181f0903d2fcceb6c28f3b, cutoff<=2022-02-26T00:00:00+00:00",STRUCTURAL_RECONCILIATION_ONLY
oe_structural:2022:2022-02-27:99ca66633acb,oe:team:cbfaf0ca2181f0903d2fcceb6c28f3b,oe:team:f7f7324c151aa6ed770b244ce08e027,period:4138ca482beb4344e9ad,2022.0,Spring,regular,2022-02-27,BO1,2022-02-25T22:37:00+00:00,HIGH_CONFIDENCE_STRUCTURAL,"season=2022, team=oe:team:cbfaf0ca2181f0903d2fcceb6c28f3b, cutoff<=2022-02-27T00:00:00+00:00",STRUCTURAL_RECONCILIATION_ONLY
oe_structural:2022:2022-02-27:628100c9c75a,oe:team:f7f7324c151aa6ed770b244ce08e027,oe:team:87ee02298073abc2d55060f097d4041,period:4138ca482beb4344e9ad,2022.0,Spring,regular,2022-02-27,BO1,2022-02-25T22:37:00+00:00,HIGH_CONFIDENCE_STRUCTURAL,"season=2022, team=oe:team:f7f7324c151aa6ed770b244ce08e027, cutoff<=2022-02-27T00:00:00+00:00",STRUCTURAL_RECONCILIATION_ONLY
oe_structural:2022:2022-02-27:99ca66633acb,oe:team:f7f7324c151aa6ed770b244ce08e027,oe:team:cbfaf0ca2181f0903d2fcceb6c28f3b,period:4138ca482beb4344e9ad,2022.0,Spring,regular,2022-02-27,BO1,2022-02-25T22:37:00+00:00,HIGH_CONFIDENCE_STRUCTURAL,"season=2022, team=oe:team:f7f7324c151aa6ed770b244ce08e027, cutoff<=2022-02-27T00:00:00+00:00",STRUCTURAL_RECONCILIATION_ONLY
oe_structural:2022:2022-02-27:cc39eb33f5ac,oe:team:f7f7324c151aa6ed770b244ce08e027,oe:team:2e66da41dc460dd378e3bcc57042d31,period:4138ca482beb4344e9ad,2022.0,Spring,regular,2022-02-27,BO1,2022-02-25T22:37:00+00:00,HIGH_CONFIDENCE_STRUCTURAL,"season=2022, team=oe:team:f7f7324c151aa6ed770b244ce08e027, cutoff<=2022-02-27T00:00:00+00:00",STRUCTURAL_RECONCILIATION_ONLY
oe_structural:2022:2022-03-05:5cde9cfa2bda,oe:team:f7f7324c151aa6ed770b244ce08e027,oe:team:c334c629fea759876e9e04afbe4aee7,period:4138ca482beb4344e9ad,2022.0,Spring,regular,2022-03-05,BO1,2022-02-25T22:37:00+00:00,HIGH_CONFIDENCE_STRUCTURAL,"season=2022, team=oe:team:f7f7324c151aa6ed770b244ce08e027, cutoff<=2022-03-05T00:00:00+00:00",STRUCTURAL_RECONCILIATION_ONLY
oe_structural:2022:2022-02-26:dc772aa6ccc3,oe:team:fc8e90107dabb9a35c490b0d86adea0,oe:team:4bd1751425ef6a9bc9d4d8e9385b4a6,period:4138ca482beb4344e9ad,2022.0,Spring,regular,2022-02-26,BO1,2022-02-25T22:37:00+00:00,HIGH_CONFIDENCE_STRUCTURAL,"season=2022, team=oe:team:fc8e90107dabb9a35c490b0d86adea0, cutoff<=2022-02-26T00:00:00+00:00",STRUCTURAL_RECONCILIATION_ONLY
oe_structural:2022:2022-02-27:d63813875f15,oe:team:fc8e90107dabb9a35c490b0d86adea0,oe:team:2e66da41dc460dd378e3bcc57042d31,period:4138ca482beb4344e9ad,2022.0,Spring,regular,2022-02-27,BO1,2022-02-25T22:37:00+00:00,HIGH_CONFIDENCE_STRUCTURAL,"season=2022, team=oe:team:fc8e90107dabb9a35c490b0d86adea0, cutoff<=2022-02-27T00:00:00+00:00",STRUCTURAL_RECONCILIATION_ONLY
oe_structural:2021:2021-03-06:e02e577df71a,oe:team:0dbb780176ecad18f17292d1f5653af,oe:team:87ee02298073abc2d55060f097d4041,period:433079f36e14953ffe3e,2021.0,Spring,regular,2021-03-06,BO1,2021-03-05T22:15:28+00:00,HIGH_CONFIDENCE_STRUCTURAL,"season=2021, team=oe:team:0dbb780176ecad18f17292d1f5653af, cutoff<=2021-03-06T00:00:00+00:00",STRUCTURAL_RECONCILIATION_ONLY
oe_structural:2021:2021-03-07:1bb1364bec71,oe:team:0dbb780176ecad18f17292d1f5653af,oe:team:f7f7324c151aa6ed770b244ce08e027,period:433079f36e14953ffe3e,2021.0,Spring,regular,2021-03-07,BO1,2021-03-05T22:15:28+00:00,HIGH_CONFIDENCE_STRUCTURAL,"season=2021, team=oe:team:0dbb780176ecad18f17292d1f5653af, cutoff<=2021-03-07T00:00:00+00:00",STRUCTURAL_RECONCILIATION_ONLY
oe_structural:2021:2021-03-06:f9b439356c6e,oe:team:2e66da41dc460dd378e3bcc57042d31,oe:team:fc8e90107dabb9a35c490b0d86adea0,period:433079f36e14953ffe3e,2021.0,Spring,regular,2021-03-06,BO1,2021-03-05T22:15:28+00:00,HIGH_CONFIDENCE_STRUCTURAL,"season=2021, team=oe:team:2e66da41dc460dd378e3bcc57042d31, cutoff<=2021-03-06T00:00:00+00:00",STRUCTURAL_RECONCILIATION_ONLY
oe_structural:2021:2021-03-07:d1d13b51fea1,oe:team:2e66da41dc460dd378e3bcc57042d31,oe:team:cbfaf0ca2181f0903d2fcceb6c28f3b,period:433079f36e14953ffe3e,2021.0,Spring,regular,2021-03-07,BO1,2021-03-05T22:15:28+00:00,HIGH_CONFIDENCE_STRUCTURAL,"season=2021, team=oe:team:2e66da41dc460dd378e3bcc57042d31, cutoff<=2021-03-07T00:00:00+00:00",STRUCTURAL_RECONCILIATION_ONLY
oe_structural:2021:2021-03-08:22d4a4764594,oe:team:2e66da41dc460dd378e3bcc57042d31,oe:team:c334c629fea759876e9e04afbe4aee7,period:433079f36e14953ffe3e,2021.0,Spring,regular,2021-03-08,BO1,2021-03-05T22:15:28+00:00,HIGH_CONFIDENCE_STRUCTURAL,"season=2021, team=oe:team:2e66da41dc460dd378e3bcc57042d31, cutoff<=2021-03-08T00:00:00+00:00",STRUCTURAL_RECONCILIATION_ONLY
oe_structural:2021:2021-03-06:0d3a2455d1b3,oe:team:4bd1751425ef6a9bc9d4d8e9385b4a6,oe:team:a22510a4756fa424cb0771b13261139,period:433079f36e14953ffe3e,2021.0,Spring,regular,2021-03-06,BO1,2021-03-05T22:15:28+00:00,HIGH_CONFIDENCE_STRUCTURAL,"season=2021, team=oe:team:4bd1751425ef6a9bc9d4d8e9385b4a6, cutoff<=2021-03-06T00:00:00+00:00",STRUCTURAL_RECONCILIATION_ONLY
oe_structural:2021:2021-03-07:8a1f8b13010e,oe:team:4bd1751425ef6a9bc9d4d8e9385b4a6,oe:team:87ee02298073abc2d55060f097d4041,period:433079f36e14953ffe3e,2021.0,Spring,regular,2021-03-07,BO1,2021-03-05T22:15:28+00:00,HIGH_CONFIDENCE_STRUCTURAL,"season=2021, team=oe:team:4bd1751425ef6a9bc9d4d8e9385b4a6, cutoff<=2021-03-07T00:00:00+00:00",STRUCTURAL_RECONCILIATION_ONLY
oe_structural:2021:2021-03-06:0bc9bb3a5e37,oe:team:87ee02298073abc2d55060f097d4041,oe:team:8eb884e168f28402ce685bedebb5250,period:433079f36e14953ffe3e,2021.0,Spring,regular,2021-03-06,BO1,2021-03-05T22:15:28+00:00,HIGH_CONFIDENCE_STRUCTURAL,"season=2021, team=oe:team:87ee02298073abc2d55060f097d4041, cutoff<=2021-03-06T00:00:00+00:00",STRUCTURAL_RECONCILIATION_ONLY
oe_structural:2021:2021-03-06:e02e577df71a,oe:team:87ee02298073abc2d55060f097d4041,oe:team:0dbb780176ecad18f17292d1f5653af,period:433079f36e14953ffe3e,2021.0,Spring,regular,2021-03-06,BO1,2021-03-05T22:15:28+00:00,HIGH_CONFIDENCE_STRUCTURAL,"season=2021, team=oe:team:87ee02298073abc2d55060f097d4041, cutoff<=2021-03-06T00:00:00+00:00",STRUCTURAL_RECONCILIATION_ONLY
oe_structural:2021:2021-03-07:8a1f8b13010e,oe:team:87ee02298073abc2d55060f097d4041,oe:team:4bd1751425ef6a9bc9d4d8e9385b4a6,period:433079f36e14953ffe3e,2021.0,Spring,regular,2021-03-07,BO1,2021-03-05T22:15:28+00:00,HIGH_CONFIDENCE_STRUCTURAL,"season=2021, team=oe:team:87ee02298073abc2d55060f097d4041, cutoff<=2021-03-07T00:00:00+00:00",STRUCTURAL_RECONCILIATION_ONLY
oe_structural:2021:2021-03-06:0bc9bb3a5e37,oe:team:8eb884e168f28402ce685bedebb5250,oe:team:87ee02298073abc2d55060f097d4041,period:433079f36e14953ffe3e,2021.0,Spring,regular,2021-03-06,BO1,2021-03-05T22:15:28+00:00,HIGH_CONFIDENCE_STRUCTURAL,"season=2021, team=oe:team:8eb884e168f28402ce685bedebb5250, cutoff<=2021-03-06T00:00:00+00:00",STRUCTURAL_RECONCILIATION_ONLY
oe_structural:2021:2021-03-06:c4a8dcd8e84b,oe:team:8eb884e168f28402ce685bedebb5250,oe:team:fc8e90107dabb9a35c490b0d86adea0,period:433079f36e14953ffe3e,2021.0,Spring,regular,2021-03-06,BO1,2021-03-05T22:15:28+00:00,HIGH_CONFIDENCE_STRUCTURAL,"season=2021, team=oe:team:8eb884e168f28402ce685bedebb5250, cutoff<=2021-03-06T00:00:00+00:00",STRUCTURAL_RECONCILIATION_ONLY
oe_structural:2021:2021-03-07:0025c8e07806,oe:team:8eb884e168f28402ce685bedebb5250,oe:team:cbfaf0ca2181f0903d2fcceb6c28f3b,period:433079f36e14953ffe3e,2021.0,Spring,regular,2021-03-07,BO1,2021-03-05T22:15:28+00:00,HIGH_CONFIDENCE_STRUCTURAL,"season=2021, team=oe:team:8eb884e168f28402ce685bedebb5250, cutoff<=2021-03-07T00:00:00+00:00",STRUCTURAL_RECONCILIATION_ONLY
oe_structural:2021:2021-03-06:0d3a2455d1b3,oe:team:a22510a4756fa424cb0771b13261139,oe:team:4bd1751425ef6a9bc9d4d8e9385b4a6,period:433079f36e14953ffe3e,2021.0,Spring,regular,2021-03-06,BO1,2021-03-05T22:15:28+00:00,HIGH_CONFIDENCE_STRUCTURAL,"season=2021, team=oe:team:a22510a4756fa424cb0771b13261139, cutoff<=2021-03-06T00:00:00+00:00",STRUCTURAL_RECONCILIATION_ONLY
oe_structural:2021:2021-03-07:09321f512e7d,oe:team:a22510a4756fa424cb0771b13261139,oe:team:fc8e90107dabb9a35c490b0d86adea0,period:433079f36e14953ffe3e,2021.0,Spring,regular,2021-03-07,BO1,2021-03-05T22:15:28+00:00,HIGH_CONFIDENCE_STRUCTURAL,"season=2021, team=oe:team:a22510a4756fa424cb0771b13261139, cutoff<=2021-03-07T00:00:00+00:00",STRUCTURAL_RECONCILIATION_ONLY
oe_structural:2021:2021-03-12:5ad73170e7f8,oe:team:a22510a4756fa424cb0771b13261139,oe:team:f7f7324c151aa6ed770b244ce08e027,period:433079f36e14953ffe3e,2021.0,Spring,regular,2021-03-12,BO1,2021-03-05T22:15:28+00:00,HIGH_CONFIDENCE_STRUCTURAL,"season=2021, team=oe:team:a22510a4756fa424cb0771b13261139, cutoff<=2021-03-12T00:00:00+00:00",STRUCTURAL_RECONCILIATION_ONLY
oe_structural:2021:2021-03-06:458aac80a285,oe:team:c334c629fea759876e9e04afbe4aee7,oe:team:f7f7324c151aa6ed770b244ce08e027,period:433079f36e14953ffe3e,2021.0,Spring,regular,2021-03-06,BO1,2021-03-05T22:15:28+00:00,HIGH_CONFIDENCE_STRUCTURAL,"season=2021, team=oe:team:c334c629fea759876e9e04afbe4aee7, cutoff<=2021-03-06T00:00:00+00:00",STRUCTURAL_RECONCILIATION_ONLY
oe_structural:2021:2021-03-06:fa8abe66ecea,oe:team:c334c629fea759876e9e04afbe4aee7,oe:team:cbfaf0ca2181f0903d2fcceb6c28f3b,period:433079f36e14953ffe3e,2021.0,Spring,regular,2021-03-06,BO1,2021-03-05T22:15:28+00:00,HIGH_CONFIDENCE_STRUCTURAL,"season=2021, team=oe:team:c334c629fea759876e9e04afbe4aee7, cutoff<=2021-03-06T00:00:00+00:00",STRUCTURAL_RECONCILIATION_ONLY
oe_structural:2021:2021-03-08:22d4a4764594,oe:team:c334c629fea759876e9e04afbe4aee7,oe:team:2e66da41dc460dd378e3bcc57042d31,period:433079f36e14953ffe3e,2021.0,Spring,regular,2021-03-08,BO1,2021-03-05T22:15:28+00:00,HIGH_CONFIDENCE_STRUCTURAL,"season=2021, team=oe:team:c334c629fea759876e9e04afbe4aee7, cutoff<=2021-03-08T00:00:00+00:00",STRUCTURAL_RECONCILIATION_ONLY
oe_structural:2021:2021-03-06:fa8abe66ecea,oe:team:cbfaf0ca2181f0903d2fcceb6c28f3b,oe:team:c334c629fea759876e9e04afbe4aee7,period:433079f36e14953ffe3e,2021.0,Spring,regular,2021-03-06,BO1,2021-03-05T22:15:28+00:00,HIGH_CONFIDENCE_STRUCTURAL,"season=2021, team=oe:team:cbfaf0ca2181f0903d2fcceb6c28f3b, cutoff<=2021-03-06T00:00:00+00:00",STRUCTURAL_RECONCILIATION_ONLY
oe_structural:2021:2021-03-07:0025c8e07806,oe:team:cbfaf0ca2181f0903d2fcceb6c28f3b,oe:team:8eb884e168f28402ce685bedebb5250,period:433079f36e14953ffe3e,2021.0,Spring,regular,2021-03-07,BO1,2021-03-05T22:15:28+00:00,HIGH_CONFIDENCE_STRUCTURAL,"season=2021, team=oe:team:cbfaf0ca2181f0903d2fcceb6c28f3b, cutoff<=2021-03-07T00:00:00+00:00",STRUCTURAL_RECONCILIATION_ONLY
oe_structural:2021:2021-03-07:d1d13b51fea1,oe:team:cbfaf0ca2181f0903d2fcceb6c28f3b,oe:team:2e66da41dc460dd378e3bcc57042d31,period:433079f36e14953ffe3e,2021.0,Spring,regular,2021-03-07,BO1,2021-03-05T22:15:28+00:00,HIGH_CONFIDENCE_STRUCTURAL,"season=2021, team=oe:team:cbfaf0ca2181f0903d2fcceb6c28f3b, cutoff<=2021-03-07T00:00:00+00:00",STRUCTURAL_RECONCILIATION_ONLY
oe_structural:2021:2021-03-12:5260f0397530,oe:team:cbfaf0ca2181f0903d2fcceb6c28f3b,oe:team:fc8e90107dabb9a35c490b0d86adea0,period:433079f36e14953ffe3e,2021.0,Spring,regular,2021-03-12,BO1,2021-03-05T22:15:28+00:00,HIGH_CONFIDENCE_STRUCTURAL,"season=2021, team=oe:team:cbfaf0ca2181f0903d2fcceb6c28f3b, cutoff<=2021-03-12T00:00:00+00:00",STRUCTURAL_RECONCILIATION_ONLY
oe_structural:2021:2021-03-06:458aac80a285,oe:team:f7f7324c151aa6ed770b244ce08e027,oe:team:c334c629fea759876e9e04afbe4aee7,period:433079f36e14953ffe3e,2021.0,Spring,regular,2021-03-06,BO1,2021-03-05T22:15:28+00:00,HIGH_CONFIDENCE_STRUCTURAL,"season=2021, team=oe:team:f7f7324c151aa6ed770b244ce08e027, cutoff<=2021-03-06T00:00:00+00:00",STRUCTURAL_RECONCILIATION_ONLY
oe_structural:2021:2021-03-07:1bb1364bec71,oe:team:f7f7324c151aa6ed770b244ce08e027,oe:team:0dbb780176ecad18f17292d1f5653af,period:433079f36e14953ffe3e,2021.0,Spring,regular,2021-03-07,BO1,2021-03-05T22:15:28+00:00,HIGH_CONFIDENCE_STRUCTURAL,"season=2021, team=oe:team:f7f7324c151aa6ed770b244ce08e027, cutoff<=2021-03-07T00:00:00+00:00",STRUCTURAL_RECONCILIATION_ONLY
oe_structural:2021:2021-03-12:5ad73170e7f8,oe:team:f7f7324c151aa6ed770b244ce08e027,oe:team:a22510a4756fa424cb0771b13261139,period:433079f36e14953ffe3e,2021.0,Spring,regular,2021-03-12,BO1,2021-03-05T22:15:28+00:00,HIGH_CONFIDENCE_STRUCTURAL,"season=2021, team=oe:team:f7f7324c151aa6ed770b244ce08e027, cutoff<=2021-03-12T00:00:00+00:00",STRUCTURAL_RECONCILIATION_ONLY
oe_structural:2021:2021-03-06:c4a8dcd8e84b,oe:team:fc8e90107dabb9a35c490b0d86adea0,oe:team:8eb884e168f28402ce685bedebb5250,period:433079f36e14953ffe3e,2021.0,Spring,regular,2021-03-06,BO1,2021-03-05T22:15:28+00:00,HIGH_CONFIDENCE_STRUCTURAL,"season=2021, team=oe:team:fc8e90107dabb9a35c490b0d86adea0, cutoff<=2021-03-06T00:00:00+00:00",STRUCTURAL_RECONCILIATION_ONLY
oe_structural:2021:2021-03-06:f9b439356c6e,oe:team:fc8e90107dabb9a35c490b0d86adea0,oe:team:2e66da41dc460dd378e3bcc57042d31,period:433079f36e14953ffe3e,2021.0,Spring,regular,2021-03-06,BO1,2021-03-05T22:15:28+00:00,HIGH_CONFIDENCE_STRUCTURAL,"season=2021, team=oe:team:fc8e90107dabb9a35c490b0d86adea0, cutoff<=2021-03-06T00:00:00+00:00",STRUCTURAL_RECONCILIATION_ONLY
oe_structural:2021:2021-03-07:09321f512e7d,oe:team:fc8e90107dabb9a35c490b0d86adea0,oe:team:a22510a4756fa424cb0771b13261139,period:433079f36e14953ffe3e,2021.0,Spring,regular,2021-03-07,BO1,2021-03-05T22:15:28+00:00,HIGH_CONFIDENCE_STRUCTURAL,"season=2021, team=oe:team:fc8e90107dabb9a35c490b0d86adea0, cutoff<=2021-03-07T00:00:00+00:00",STRUCTURAL_RECONCILIATION_ONLY
oe_structural:2021:2021-03-12:5260f0397530,oe:team:fc8e90107dabb9a35c490b0d86adea0,oe:team:cbfaf0ca2181f0903d2fcceb6c28f3b,period:433079f36e14953ffe3e,2021.0,Spring,regular,2021-03-12,BO1,2021-03-05T22:15:28+00:00,HIGH_CONFIDENCE_STRUCTURAL,"season=2021, team=oe:team:fc8e90107dabb9a35c490b0d86adea0, cutoff<=2021-03-12T00:00:00+00:00",STRUCTURAL_RECONCILIATION_ONLY
oe_structural:2022:2022-02-14:f1786259605e,oe:team:0dbb780176ecad18f17292d1f5653af,oe:team:cbfaf0ca2181f0903d2fcceb6c28f3b,period:44168f74464b99791ba3,2022.0,Spring,regular,2022-02-14,BO1,2022-02-12T20:53:38+00:00,HIGH_CONFIDENCE_STRUCTURAL,"season=2022, team=oe:team:0dbb780176ecad18f17292d1f5653af, cutoff<=2022-02-14T00:00:00+00:00",STRUCTURAL_RECONCILIATION_ONLY
oe_structural:2022:2022-02-13:7d8324eba17e,oe:team:2e66da41dc460dd378e3bcc57042d31,oe:team:a22510a4756fa424cb0771b13261139,period:44168f74464b99791ba3,2022.0,Spring,regular,2022-02-13,BO1,2022-02-12T20:53:38+00:00,HIGH_CONFIDENCE_STRUCTURAL,"season=2022, team=oe:team:2e66da41dc460dd378e3bcc57042d31, cutoff<=2022-02-13T00:00:00+00:00",STRUCTURAL_RECONCILIATION_ONLY
oe_structural:2022:2022-02-13:acf43318cabb,oe:team:2e66da41dc460dd378e3bcc57042d31,oe:team:8eb884e168f28402ce685bedebb5250,period:44168f74464b99791ba3,2022.0,Spring,regular,2022-02-13,BO1,2022-02-12T20:53:38+00:00,HIGH_CONFIDENCE_STRUCTURAL,"season=2022, team=oe:team:2e66da41dc460dd378e3bcc57042d31, cutoff<=2022-02-13T00:00:00+00:00",STRUCTURAL_RECONCILIATION_ONLY
oe_structural:2022:2022-02-13:ec97395a83b5,oe:team:4bd1751425ef6a9bc9d4d8e9385b4a6,oe:team:f7f7324c151aa6ed770b244ce08e027,period:44168f74464b99791ba3,2022.0,Spring,regular,2022-02-13,BO1,2022-02-12T20:53:38+00:00,HIGH_CONFIDENCE_STRUCTURAL,"season=2022, team=oe:team:4bd1751425ef6a9bc9d4d8e9385b4a6, cutoff<=2022-02-13T00:00:00+00:00",STRUCTURAL_RECONCILIATION_ONLY
oe_structural:2022:2022-02-19:ecf4ce1d0bdc,oe:team:4bd1751425ef6a9bc9d4d8e9385b4a6,oe:team:87ee02298073abc2d55060f097d4041,period:44168f74464b99791ba3,2022.0,Spring,regular,2022-02-19,BO1,2022-02-12T20:53:38+00:00,HIGH_CONFIDENCE_STRUCTURAL,"season=2022, team=oe:team:4bd1751425ef6a9bc9d4d8e9385b4a6, cutoff<=2022-02-19T00:00:00+00:00",STRUCTURAL_RECONCILIATION_ONLY
oe_structural:2022:2022-02-13:27c0aee96453,oe:team:87ee02298073abc2d55060f097d4041,oe:team:cbfaf0ca2181f0903d2fcceb6c28f3b,period:44168f74464b99791ba3,2022.0,Spring,regular,2022-02-13,BO1,2022-02-12T20:53:38+00:00,HIGH_CONFIDENCE_STRUCTURAL,"season=2022, team=oe:team:87ee02298073abc2d55060f097d4041, cutoff<=2022-02-13T00:00:00+00:00",STRUCTURAL_RECONCILIATION_ONLY
oe_structural:2022:2022-02-13:be6d097275db,oe:team:87ee02298073abc2d55060f097d4041,oe:team:a22510a4756fa424cb0771b13261139,period:44168f74464b99791ba3,2022.0,Spring,regular,2022-02-13,BO1,2022-02-12T20:53:38+00:00,HIGH_CONFIDENCE_STRUCTURAL,"season=2022, team=oe:team:87ee02298073abc2d55060f097d4041, cutoff<=2022-02-13T00:00:00+00:00",STRUCTURAL_RECONCILIATION_ONLY
oe_structural:2022:2022-02-19:ecf4ce1d0bdc,oe:team:87ee02298073abc2d55060f097d4041,oe:team:4bd1751425ef6a9bc9d4d8e9385b4a6,period:44168f74464b99791ba3,2022.0,Spring,regular,2022-02-19,BO1,2022-02-12T20:53:38+00:00,HIGH_CONFIDENCE_STRUCTURAL,"season=2022, team=oe:team:87ee02298073abc2d55060f097d4041, cutoff<=2022-02-19T00:00:00+00:00",STRUCTURAL_RECONCILIATION_ONLY
oe_structural:2022:2022-02-13:acf43318cabb,oe:team:8eb884e168f28402ce685bedebb5250,oe:team:2e66da41dc460dd378e3bcc57042d31,period:44168f74464b99791ba3,2022.0,Spring,regular,2022-02-13,BO1,2022-02-12T20:53:38+00:00,HIGH_CONFIDENCE_STRUCTURAL,"season=2022, team=oe:team:8eb884e168f28402ce685bedebb5250, cutoff<=2022-02-13T00:00:00+00:00",STRUCTURAL_RECONCILIATION_ONLY
oe_structural:2022:2022-02-19:e3416e218a0b,oe:team:8eb884e168f28402ce685bedebb5250,oe:team:f7f7324c151aa6ed770b244ce08e027,period:44168f74464b99791ba3,2022.0,Spring,regular,2022-02-19,BO1,2022-02-12T20:53:38+00:00,HIGH_CONFIDENCE_STRUCTURAL,"season=2022, team=oe:team:8eb884e168f28402ce685bedebb5250, cutoff<=2022-02-19T00:00:00+00:00",STRUCTURAL_RECONCILIATION_ONLY
oe_structural:2022:2022-02-13:7d8324eba17e,oe:team:a22510a4756fa424cb0771b13261139,oe:team:2e66da41dc460dd378e3bcc57042d31,period:44168f74464b99791ba3,2022.0,Spring,regular,2022-02-13,BO1,2022-02-12T20:53:38+00:00,HIGH_CONFIDENCE_STRUCTURAL,"season=2022, team=oe:team:a22510a4756fa424cb0771b13261139, cutoff<=2022-02-13T00:00:00+00:00",STRUCTURAL_RECONCILIATION_ONLY
oe_structural:2022:2022-02-13:be6d097275db,oe:team:a22510a4756fa424cb0771b13261139,oe:team:87ee02298073abc2d55060f097d4041,period:44168f74464b99791ba3,2022.0,Spring,regular,2022-02-13,BO1,2022-02-12T20:53:38+00:00,HIGH_CONFIDENCE_STRUCTURAL,"season=2022, team=oe:team:a22510a4756fa424cb0771b13261139, cutoff<=2022-02-13T00:00:00+00:00",STRUCTURAL_RECONCILIATION_ONLY
oe_structural:2022:2022-02-19:e29d6bd8c6ca,oe:team:a22510a4756fa424cb0771b13261139,oe:team:c334c629fea759876e9e04afbe4aee7,period:44168f74464b99791ba3,2022.0,Spring,regular,2022-02-19,BO1,2022-02-12T20:53:38+00:00,HIGH_CONFIDENCE_STRUCTURAL,"season=2022, team=oe:team:a22510a4756fa424cb0771b13261139, cutoff<=2022-02-19T00:00:00+00:00",STRUCTURAL_RECONCILIATION_ONLY
oe_structural:2022:2022-02-13:96fdfe9b7838,oe:team:c334c629fea759876e9e04afbe4aee7,oe:team:fc8e90107dabb9a35c490b0d86adea0,period:44168f74464b99791ba3,2022.0,Spring,regular,2022-02-13,BO1,2022-02-12T20:53:38+00:00,HIGH_CONFIDENCE_STRUCTURAL,"season=2022, team=oe:team:c334c629fea759876e9e04afbe4aee7, cutoff<=2022-02-13T00:00:00+00:00",STRUCTURAL_RECONCILIATION_ONLY
oe_structural:2022:2022-02-19:e29d6bd8c6ca,oe:team:c334c629fea759876e9e04afbe4aee7,oe:team:a22510a4756fa424cb0771b13261139,period:44168f74464b99791ba3,2022.0,Spring,regular,2022-02-19,BO1,2022-02-12T20:53:38+00:00,HIGH_CONFIDENCE_STRUCTURAL,"season=2022, team=oe:team:c334c629fea759876e9e04afbe4aee7, cutoff<=2022-02-19T00:00:00+00:00",STRUCTURAL_RECONCILIATION_ONLY
oe_structural:2022:2022-02-13:27c0aee96453,oe:team:cbfaf0ca2181f0903d2fcceb6c28f3b,oe:team:87ee02298073abc2d55060f097d4041,period:44168f74464b99791ba3,2022.0,Spring,regular,2022-02-13,BO1,2022-02-12T20:53:38+00:00,HIGH_CONFIDENCE_STRUCTURAL,"season=2022, team=oe:team:cbfaf0ca2181f0903d2fcceb6c28f3b, cutoff<=2022-02-13T00:00:00+00:00",STRUCTURAL_RECONCILIATION_ONLY
oe_structural:2022:2022-02-14:f1786259605e,oe:team:cbfaf0ca2181f0903d2fcceb6c28f3b,oe:team:0dbb780176ecad18f17292d1f5653af,period:44168f74464b99791ba3,2022.0,Spring,regular,2022-02-14,BO1,2022-02-12T20:53:38+00:00,HIGH_CONFIDENCE_STRUCTURAL,"season=2022, team=oe:team:cbfaf0ca2181f0903d2fcceb6c28f3b, cutoff<=2022-02-14T00:00:00+00:00",STRUCTURAL_RECONCILIATION_ONLY
oe_structural:2022:2022-02-13:ec97395a83b5,oe:team:f7f7324c151aa6ed770b244ce08e027,oe:team:4bd1751425ef6a9bc9d4d8e9385b4a6,period:44168f74464b99791ba3,2022.0,Spring,regular,2022-02-13,BO1,2022-02-12T20:53:38+00:00,HIGH_CONFIDENCE_STRUCTURAL,"season=2022, team=oe:team:f7f7324c151aa6ed770b244ce08e027, cutoff<=2022-02-13T00:00:00+00:00",STRUCTURAL_RECONCILIATION_ONLY
oe_structural:2022:2022-02-19:e3416e218a0b,oe:team:f7f7324c151aa6ed770b244ce08e027,oe:team:8eb884e168f28402ce685bedebb5250,period:44168f74464b99791ba3,2022.0,Spring,regular,2022-02-19,BO1,2022-02-12T20:53:38+00:00,HIGH_CONFIDENCE_STRUCTURAL,"season=2022, team=oe:team:f7f7324c151aa6ed770b244ce08e027, cutoff<=2022-02-19T00:00:00+00:00",STRUCTURAL_RECONCILIATION_ONLY
oe_structural:2022:2022-02-13:96fdfe9b7838,oe:team:fc8e90107dabb9a35c490b0d86adea0,oe:team:c334c629fea759876e9e04afbe4aee7,period:44168f74464b99791ba3,2022.0,Spring,regular,2022-02-13,BO1,2022-02-12T20:53:38+00:00,HIGH_CONFIDENCE_STRUCTURAL,"season=2022, team=oe:team:fc8e90107dabb9a35c490b0d86adea0, cutoff<=2022-02-13T00:00:00+00:00",STRUCTURAL_RECONCILIATION_ONLY
oe_structural:2024:2024-03-17:372c92eb2b7a,oe:team:0dbb780176ecad18f17292d1f5653af,oe:team:8eb884e168f28402ce685bedebb5250,period:448a8f91622619afdbe7,2024.0,Spring,playoffs,2024-03-17,BO5,2024-03-14T20:08:02+00:00,HIGH_CONFIDENCE_STRUCTURAL,"season=2024, team=oe:team:0dbb780176ecad18f17292d1f5653af, cutoff<=2024-03-17T00:00:00+00:00",STRUCTURAL_RECONCILIATION_ONLY
oe_structural:2024:2024-06-15:8aa191d3b28c,oe:team:0dbb780176ecad18f17292d1f5653af,oe:team:fc8e90107dabb9a35c490b0d86adea0,period:448a8f91622619afdbe7,2024.0,Summer,regular,2024-06-15,BO3,2024-03-14T20:08:02+00:00,HIGH_CONFIDENCE_STRUCTURAL,"season=2024, team=oe:team:0dbb780176ecad18f17292d1f5653af, cutoff<=2024-06-15T00:00:00+00:00",STRUCTURAL_RECONCILIATION_ONLY
oe_structural:2024:2024-03-15:5f3f5de26cf5,oe:team:2e66da41dc460dd378e3bcc57042d31,oe:team:8eb884e168f28402ce685bedebb5250,period:448a8f91622619afdbe7,2024.0,Spring,playoffs,2024-03-15,BO5,2024-03-14T20:08:02+00:00,HIGH_CONFIDENCE_STRUCTURAL,"season=2024, team=oe:team:2e66da41dc460dd378e3bcc57042d31, cutoff<=2024-03-15T00:00:00+00:00",STRUCTURAL_RECONCILIATION_ONLY
oe_structural:2024:2024-03-16:e66329e73f63,oe:team:4bd1751425ef6a9bc9d4d8e9385b4a6,oe:team:e758ebe9a5a2cc81b9c8078479c2d87,period:448a8f91622619afdbe7,2024.0,Spring,playoffs,2024-03-16,BO5,2024-03-14T20:08:02+00:00,HIGH_CONFIDENCE_STRUCTURAL,"season=2024, team=oe:team:4bd1751425ef6a9bc9d4d8e9385b4a6, cutoff<=2024-03-16T00:00:00+00:00",STRUCTURAL_RECONCILIATION_ONLY
oe_structural:2024:2024-03-22:24a648a6409c,oe:team:4bd1751425ef6a9bc9d4d8e9385b4a6,oe:team:8eb884e168f28402ce685bedebb5250,period:448a8f91622619afdbe7,2024.0,Spring,playoffs,2024-03-22,BO5,2024-03-14T20:08:02+00:00,HIGH_CONFIDENCE_STRUCTURAL,"season=2024, team=oe:team:4bd1751425ef6a9bc9d4d8e9385b4a6, cutoff<=2024-03-22T00:00:00+00:00",STRUCTURAL_RECONCILIATION_ONLY
oe_structural:2024:2024-03-15:5f3f5de26cf5,oe:team:8eb884e168f28402ce685bedebb5250,oe:team:2e66da41dc460dd378e3bcc57042d31,period:448a8f91622619afdbe7,2024.0,Spring,playoffs,2024-03-15,BO5,2024-03-14T20:08:02+00:00,HIGH_CONFIDENCE_STRUCTURAL,"season=2024, team=oe:team:8eb884e168f28402ce685bedebb5250, cutoff<=2024-03-15T00:00:00+00:00",STRUCTURAL_RECONCILIATION_ONLY
oe_structural:2024:2024-03-17:372c92eb2b7a,oe:team:8eb884e168f28402ce685bedebb5250,oe:team:0dbb780176ecad18f17292d1f5653af,period:448a8f91622619afdbe7,2024.0,Spring,playoffs,2024-03-17,BO5,2024-03-14T20:08:02+00:00,HIGH_CONFIDENCE_STRUCTURAL,"season=2024, team=oe:team:8eb884e168f28402ce685bedebb5250, cutoff<=2024-03-17T00:00:00+00:00",STRUCTURAL_RECONCILIATION_ONLY
oe_structural:2024:2024-03-22:24a648a6409c,oe:team:8eb884e168f28402ce685bedebb5250,oe:team:4bd1751425ef6a9bc9d4d8e9385b4a6,period:448a8f91622619afdbe7,2024.0,Spring,playoffs,2024-03-22,BO5,2024-03-14T20:08:02+00:00,HIGH_CONFIDENCE_STRUCTURAL,"season=2024, team=oe:team:8eb884e168f28402ce685bedebb5250, cutoff<=2024-03-22T00:00:00+00:00",STRUCTURAL_RECONCILIATION_ONLY
oe_structural:2024:2024-03-16:e66329e73f63,oe:team:e758ebe9a5a2cc81b9c8078479c2d87,oe:team:4bd1751425ef6a9bc9d4d8e9385b4a6,period:448a8f91622619afdbe7,2024.0,Spring,playoffs,2024-03-16,BO5,2024-03-14T20:08:02+00:00,HIGH_CONFIDENCE_STRUCTURAL,"season=2024, team=oe:team:e758ebe9a5a2cc81b9c8078479c2d87, cutoff<=2024-03-16T00:00:00+00:00",STRUCTURAL_RECONCILIATION_ONLY
oe_structural:2023:2023-08-04:4c39755cfea9,oe:team:0dbb780176ecad18f17292d1f5653af,oe:team:a22510a4756fa424cb0771b13261139,period:4520b87081b51698489a,2023.0,Summer,playoffs,2023-08-04,BO5,2023-08-03T21:07:08+00:00,HIGH_CONFIDENCE_STRUCTURAL,"season=2023, team=oe:team:0dbb780176ecad18f17292d1f5653af, cutoff<=2023-08-04T00:00:00+00:00",STRUCTURAL_RECONCILIATION_ONLY
oe_structural:2023:2023-08-04:a0809e20f109,oe:team:4bd1751425ef6a9bc9d4d8e9385b4a6,oe:team:8eb884e168f28402ce685bedebb5250,period:4520b87081b51698489a,2023.0,Summer,playoffs,2023-08-04,BO5,2023-08-03T21:07:08+00:00,HIGH_CONFIDENCE_STRUCTURAL,"season=2023, team=oe:team:4bd1751425ef6a9bc9d4d8e9385b4a6, cutoff<=2023-08-04T00:00:00+00:00",STRUCTURAL_RECONCILIATION_ONLY
oe_structural:2023:2023-08-06:ddc3877a4781,oe:team:87ee02298073abc2d55060f097d4041,oe:team:e758ebe9a5a2cc81b9c8078479c2d87,period:4520b87081b51698489a,2023.0,Summer,playoffs,2023-08-06,BO5,2023-08-03T21:07:08+00:00,HIGH_CONFIDENCE_STRUCTURAL,"season=2023, team=oe:team:87ee02298073abc2d55060f097d4041, cutoff<=2023-08-06T00:00:00+00:00",STRUCTURAL_RECONCILIATION_ONLY
oe_structural:2023:2023-08-04:a0809e20f109,oe:team:8eb884e168f28402ce685bedebb5250,oe:team:4bd1751425ef6a9bc9d4d8e9385b4a6,period:4520b87081b51698489a,2023.0,Summer,playoffs,2023-08-04,BO5,2023-08-03T21:07:08+00:00,HIGH_CONFIDENCE_STRUCTURAL,"season=2023, team=oe:team:8eb884e168f28402ce685bedebb5250, cutoff<=2023-08-04T00:00:00+00:00",STRUCTURAL_RECONCILIATION_ONLY
oe_structural:2023:2023-08-10:cf69c73bf82c,oe:team:8eb884e168f28402ce685bedebb5250,oe:team:f7f7324c151aa6ed770b244ce08e027,period:4520b87081b51698489a,2023.0,Summer,playoffs,2023-08-10,BO5,2023-08-03T21:07:08+00:00,HIGH_CONFIDENCE_STRUCTURAL,"season=2023, team=oe:team:8eb884e168f28402ce685bedebb5250, cutoff<=2023-08-10T00:00:00+00:00",STRUCTURAL_RECONCILIATION_ONLY
oe_structural:2023:2023-08-04:4c39755cfea9,oe:team:a22510a4756fa424cb0771b13261139,oe:team:0dbb780176ecad18f17292d1f5653af,period:4520b87081b51698489a,2023.0,Summer,playoffs,2023-08-04,BO5,2023-08-03T21:07:08+00:00,HIGH_CONFIDENCE_STRUCTURAL,"season=2023, team=oe:team:a22510a4756fa424cb0771b13261139, cutoff<=2023-08-04T00:00:00+00:00",STRUCTURAL_RECONCILIATION_ONLY
oe_structural:2023:2023-08-06:ddc3877a4781,oe:team:e758ebe9a5a2cc81b9c8078479c2d87,oe:team:87ee02298073abc2d55060f097d4041,period:4520b87081b51698489a,2023.0,Summer,playoffs,2023-08-06,BO5,2023-08-03T21:07:08+00:00,HIGH_CONFIDENCE_STRUCTURAL,"season=2023, team=oe:team:e758ebe9a5a2cc81b9c8078479c2d87, cutoff<=2023-08-06T00:00:00+00:00",STRUCTURAL_RECONCILIATION_ONLY
oe_structural:2023:2023-08-05:7707c4860794,oe:team:f7f7324c151aa6ed770b244ce08e027,oe:team:fc8e90107dabb9a35c490b0d86adea0,period:4520b87081b51698489a,2023.0,Summer,playoffs,2023-08-05,BO5,2023-08-03T21:07:08+00:00,HIGH_CONFIDENCE_STRUCTURAL,"season=2023, team=oe:team:f7f7324c151aa6ed770b244ce08e027, cutoff<=2023-08-05T00:00:00+00:00",STRUCTURAL_RECONCILIATION_ONLY
oe_structural:2023:2023-08-10:cf69c73bf82c,oe:team:f7f7324c151aa6ed770b244ce08e027,oe:team:8eb884e168f28402ce685bedebb5250,period:4520b87081b51698489a,2023.0,Summer,playoffs,2023-08-10,BO5,2023-08-03T21:07:08+00:00,HIGH_CONFIDENCE_STRUCTURAL,"season=2023, team=oe:team:f7f7324c151aa6ed770b244ce08e027, cutoff<=2023-08-10T00:00:00+00:00",STRUCTURAL_RECONCILIATION_ONLY
oe_structural:2023:2023-08-05:7707c4860794,oe:team:fc8e90107dabb9a35c490b0d86adea0,oe:team:f7f7324c151aa6ed770b244ce08e027,period:4520b87081b51698489a,2023.0,Summer,playoffs,2023-08-05,BO5,2023-08-03T21:07:08+00:00,HIGH_CONFIDENCE_STRUCTURAL,"season=2023, team=oe:team:fc8e90107dabb9a35c490b0d86adea0, cutoff<=2023-08-05T00:00:00+00:00",STRUCTURAL_RECONCILIATION_ONLY
oe_structural:2023:2023-01-27:5f1d83798482,oe:team:0dbb780176ecad18f17292d1f5653af,oe:team:cbfaf0ca2181f0903d2fcceb6c28f3b,period:452655f2bc33b5b76085,2023.0,Spring,regular,2023-01-27,BO1,2023-01-26T22:16:48+00:00,HIGH_CONFIDENCE_STRUCTURAL,"season=2023, team=oe:team:0dbb780176ecad18f17292d1f5653af, cutoff<=2023-01-27T00:00:00+00:00",STRUCTURAL_RECONCILIATION_ONLY
oe_structural:2023:2023-01-28:50cd38c6d2c9,oe:team:0dbb780176ecad18f17292d1f5653af,oe:team:2e66da41dc460dd378e3bcc57042d31,period:452655f2bc33b5b76085,2023.0,Spring,regular,2023-01-28,BO1,2023-01-26T22:16:48+00:00,HIGH_CONFIDENCE_STRUCTURAL,"season=2023, team=oe:team:0dbb780176ecad18f17292d1f5653af, cutoff<=2023-01-28T00:00:00+00:00",STRUCTURAL_RECONCILIATION_ONLY
oe_structural:2023:2023-01-27:093382c0a604,oe:team:2e66da41dc460dd378e3bcc57042d31,oe:team:8eb884e168f28402ce685bedebb5250,period:452655f2bc33b5b76085,2023.0,Spring,regular,2023-01-27,BO1,2023-01-26T22:16:48+00:00,HIGH_CONFIDENCE_STRUCTURAL,"season=2023, team=oe:team:2e66da41dc460dd378e3bcc57042d31, cutoff<=2023-01-27T00:00:00+00:00",STRUCTURAL_RECONCILIATION_ONLY
oe_structural:2023:2023-01-28:50cd38c6d2c9,oe:team:2e66da41dc460dd378e3bcc57042d31,oe:team:0dbb780176ecad18f17292d1f5653af,period:452655f2bc33b5b76085,2023.0,Spring,regular,2023-01-28,BO1,2023-01-26T22:16:48+00:00,HIGH_CONFIDENCE_STRUCTURAL,"season=2023, team=oe:team:2e66da41dc460dd378e3bcc57042d31, cutoff<=2023-01-28T00:00:00+00:00",STRUCTURAL_RECONCILIATION_ONLY
oe_structural:2023:2023-02-02:8af9f717c7e8,oe:team:2e66da41dc460dd378e3bcc57042d31,oe:team:87ee02298073abc2d55060f097d4041,period:452655f2bc33b5b76085,2023.0,Spring,regular,2023-02-02,BO1,2023-01-26T22:16:48+00:00,HIGH_CONFIDENCE_STRUCTURAL,"season=2023, team=oe:team:2e66da41dc460dd378e3bcc57042d31, cutoff<=2023-02-02T00:00:00+00:00",STRUCTURAL_RECONCILIATION_ONLY
oe_structural:2023:2023-01-28:7e91c6a7f6b3,oe:team:4bd1751425ef6a9bc9d4d8e9385b4a6,oe:team:c334c629fea759876e9e04afbe4aee7,period:452655f2bc33b5b76085,2023.0,Spring,regular,2023-01-28,BO1,2023-01-26T22:16:48+00:00,HIGH_CONFIDENCE_STRUCTURAL,"season=2023, team=oe:team:4bd1751425ef6a9bc9d4d8e9385b4a6, cutoff<=2023-01-28T00:00:00+00:00",STRUCTURAL_RECONCILIATION_ONLY
oe_structural:2023:2023-01-27:5153fe15be08,oe:team:87ee02298073abc2d55060f097d4041,oe:team:fc8e90107dabb9a35c490b0d86adea0,period:452655f2bc33b5b76085,2023.0,Spring,regular,2023-01-27,BO1,2023-01-26T22:16:48+00:00,HIGH_CONFIDENCE_STRUCTURAL,"season=2023, team=oe:team:87ee02298073abc2d55060f097d4041, cutoff<=2023-01-27T00:00:00+00:00",STRUCTURAL_RECONCILIATION_ONLY
oe_structural:2023:2023-02-02:8af9f717c7e8,oe:team:87ee02298073abc2d55060f097d4041,oe:team:2e66da41dc460dd378e3bcc57042d31,period:452655f2bc33b5b76085,2023.0,Spring,regular,2023-02-02,BO1,2023-01-26T22:16:48+00:00,HIGH_CONFIDENCE_STRUCTURAL,"season=2023, team=oe:team:87ee02298073abc2d55060f097d4041, cutoff<=2023-02-02T00:00:00+00:00",STRUCTURAL_RECONCILIATION_ONLY
oe_structural:2023:2023-01-27:093382c0a604,oe:team:8eb884e168f28402ce685bedebb5250,oe:team:2e66da41dc460dd378e3bcc57042d31,period:452655f2bc33b5b76085,2023.0,Spring,regular,2023-01-27,BO1,2023-01-26T22:16:48+00:00,HIGH_CONFIDENCE_STRUCTURAL,"season=2023, team=oe:team:8eb884e168f28402ce685bedebb5250, cutoff<=2023-01-27T00:00:00+00:00",STRUCTURAL_RECONCILIATION_ONLY
oe_structural:2023:2023-01-28:8e3622e3f1c2,oe:team:8eb884e168f28402ce685bedebb5250,oe:team:a22510a4756fa424cb0771b13261139,period:452655f2bc33b5b76085,2023.0,Spring,regular,2023-01-28,BO1,2023-01-26T22:16:48+00:00,HIGH_CONFIDENCE_STRUCTURAL,"season=2023, team=oe:team:8eb884e168f28402ce685bedebb5250, cutoff<=2023-01-28T00:00:00+00:00",STRUCTURAL_RECONCILIATION_ONLY
oe_structural:2023:2023-01-27:2c7654e70b63,oe:team:a22510a4756fa424cb0771b13261139,oe:team:c334c629fea759876e9e04afbe4aee7,period:452655f2bc33b5b76085,2023.0,Spring,regular,2023-01-27,BO1,2023-01-26T22:16:48+00:00,HIGH_CONFIDENCE_STRUCTURAL,"season=2023, team=oe:team:a22510a4756fa424cb0771b13261139, cutoff<=2023-01-27T00:00:00+00:00",STRUCTURAL_RECONCILIATION_ONLY
oe_structural:2023:2023-01-28:8e3622e3f1c2,oe:team:a22510a4756fa424cb0771b13261139,oe:team:8eb884e168f28402ce685bedebb5250,period:452655f2bc33b5b76085,2023.0,Spring,regular,2023-01-28,BO1,2023-01-26T22:16:48+00:00,HIGH_CONFIDENCE_STRUCTURAL,"season=2023, team=oe:team:a22510a4756fa424cb0771b13261139, cutoff<=2023-01-28T00:00:00+00:00",STRUCTURAL_RECONCILIATION_ONLY
oe_structural:2023:2023-01-27:2c7654e70b63,oe:team:c334c629fea759876e9e04afbe4aee7,oe:team:a22510a4756fa424cb0771b13261139,period:452655f2bc33b5b76085,2023.0,Spring,regular,2023-01-27,BO1,2023-01-26T22:16:48+00:00,HIGH_CONFIDENCE_STRUCTURAL,"season=2023, team=oe:team:c334c629fea759876e9e04afbe4aee7, cutoff<=2023-01-27T00:00:00+00:00",STRUCTURAL_RECONCILIATION_ONLY
oe_structural:2023:2023-01-28:7e91c6a7f6b3,oe:team:c334c629fea759876e9e04afbe4aee7,oe:team:4bd1751425ef6a9bc9d4d8e9385b4a6,period:452655f2bc33b5b76085,2023.0,Spring,regular,2023-01-28,BO1,2023-01-26T22:16:48+00:00,HIGH_CONFIDENCE_STRUCTURAL,"season=2023, team=oe:team:c334c629fea759876e9e04afbe4aee7, cutoff<=2023-01-28T00:00:00+00:00",STRUCTURAL_RECONCILIATION_ONLY
oe_structural:2023:2023-01-27:1a11dbc20b06,oe:team:cbfaf0ca2181f0903d2fcceb6c28f3b,oe:team:f7f7324c151aa6ed770b244ce08e027,period:452655f2bc33b5b76085,2023.0,Spring,regular,2023-01-27,BO1,2023-01-26T22:16:48+00:00,HIGH_CONFIDENCE_STRUCTURAL,"season=2023, team=oe:team:cbfaf0ca2181f0903d2fcceb6c28f3b, cutoff<=2023-01-27T00:00:00+00:00",STRUCTURAL_RECONCILIATION_ONLY
oe_structural:2023:2023-01-27:5f1d83798482,oe:team:cbfaf0ca2181f0903d2fcceb6c28f3b,oe:team:0dbb780176ecad18f17292d1f5653af,period:452655f2bc33b5b76085,2023.0,Spring,regular,2023-01-27,BO1,2023-01-26T22:16:48+00:00,HIGH_CONFIDENCE_STRUCTURAL,"season=2023, team=oe:team:cbfaf0ca2181f0903d2fcceb6c28f3b, cutoff<=2023-01-27T00:00:00+00:00",STRUCTURAL_RECONCILIATION_ONLY
oe_structural:2023:2023-02-02:ee2ba93e2aca,oe:team:cbfaf0ca2181f0903d2fcceb6c28f3b,oe:team:fc8e90107dabb9a35c490b0d86adea0,period:452655f2bc33b5b76085,2023.0,Spring,regular,2023-02-02,BO1,2023-01-26T22:16:48+00:00,HIGH_CONFIDENCE_STRUCTURAL,"season=2023, team=oe:team:cbfaf0ca2181f0903d2fcceb6c28f3b, cutoff<=2023-02-02T00:00:00+00:00",STRUCTURAL_RECONCILIATION_ONLY
oe_structural:2023:2023-01-27:1a11dbc20b06,oe:team:f7f7324c151aa6ed770b244ce08e027,oe:team:cbfaf0ca2181f0903d2fcceb6c28f3b,period:452655f2bc33b5b76085,2023.0,Spring,regular,2023-01-27,BO1,2023-01-26T22:16:48+00:00,HIGH_CONFIDENCE_STRUCTURAL,"season=2023, team=oe:team:f7f7324c151aa6ed770b244ce08e027, cutoff<=2023-01-27T00:00:00+00:00",STRUCTURAL_RECONCILIATION_ONLY
oe_structural:2023:2023-01-27:5153fe15be08,oe:team:fc8e90107dabb9a35c490b0d86adea0,oe:team:87ee02298073abc2d55060f097d4041,period:452655f2bc33b5b76085,2023.0,Spring,regular,2023-01-27,BO1,2023-01-26T22:16:48+00:00,HIGH_CONFIDENCE_STRUCTURAL,"season=2023, team=oe:team:fc8e90107dabb9a35c490b0d86adea0, cutoff<=2023-01-27T00:00:00+00:00",STRUCTURAL_RECONCILIATION_ONLY
oe_structural:2023:2023-02-02:ee2ba93e2aca,oe:team:fc8e90107dabb9a35c490b0d86adea0,oe:team:cbfaf0ca2181f0903d2fcceb6c28f3b,period:452655f2bc33b5b76085,2023.0,Spring,regular,2023-02-02,BO1,2023-01-26T22:16:48+00:00,HIGH_CONFIDENCE_STRUCTURAL,"season=2023, team=oe:team:fc8e90107dabb9a35c490b0d86adea0, cutoff<=2023-02-02T00:00:00+00:00",STRUCTURAL_RECONCILIATION_ONLY
oe_structural:2022:2022-02-20:866e6df39f08,oe:team:0dbb780176ecad18f17292d1f5653af,oe:team:87ee02298073abc2d55060f097d4041,period:466f661effb9208a840b,2022.0,Spring,regular,2022-02-20,BO1,2022-02-19T20:54:27+00:00,HIGH_CONFIDENCE_STRUCTURAL,"season=2022, team=oe:team:0dbb780176ecad18f17292d1f5653af, cutoff<=2022-02-20T00:00:00+00:00",STRUCTURAL_RECONCILIATION_ONLY
oe_structural:2022:2022-02-20:8c6e37c1a7f5,oe:team:0dbb780176ecad18f17292d1f5653af,oe:team:2e66da41dc460dd378e3bcc57042d31,period:466f661effb9208a840b,2022.0,Spring,regular,2022-02-20,BO1,2022-02-19T20:54:27+00:00,HIGH_CONFIDENCE_STRUCTURAL,"season=2022, team=oe:team:0dbb780176ecad18f17292d1f5653af, cutoff<=2022-02-20T00:00:00+00:00",STRUCTURAL_RECONCILIATION_ONLY
oe_structural:2022:2022-02-25:0acf1513044a,oe:team:0dbb780176ecad18f17292d1f5653af,oe:team:fc8e90107dabb9a35c490b0d86adea0,period:466f661effb9208a840b,2022.0,Spring,regular,2022-02-25,BO1,2022-02-19T20:54:27+00:00,HIGH_CONFIDENCE_STRUCTURAL,"season=2022, team=oe:team:0dbb780176ecad18f17292d1f5653af, cutoff<=2022-02-25T00:00:00+00:00",STRUCTURAL_RECONCILIATION_ONLY
oe_structural:2022:2022-02-20:48a998d29015,oe:team:2e66da41dc460dd378e3bcc57042d31,oe:team:4bd1751425ef6a9bc9d4d8e9385b4a6,period:466f661effb9208a840b,2022.0,Spring,regular,2022-02-20,BO1,2022-02-19T20:54:27+00:00,HIGH_CONFIDENCE_STRUCTURAL,"season=2022, team=oe:team:2e66da41dc460dd378e3bcc57042d31, cutoff<=2022-02-20T00:00:00+00:00",STRUCTURAL_RECONCILIATION_ONLY
oe_structural:2022:2022-02-20:8c6e37c1a7f5,oe:team:2e66da41dc460dd378e3bcc57042d31,oe:team:0dbb780176ecad18f17292d1f5653af,period:466f661effb9208a840b,2022.0,Spring,regular,2022-02-20,BO1,2022-02-19T20:54:27+00:00,HIGH_CONFIDENCE_STRUCTURAL,"season=2022, team=oe:team:2e66da41dc460dd378e3bcc57042d31, cutoff<=2022-02-20T00:00:00+00:00",STRUCTURAL_RECONCILIATION_ONLY
oe_structural:2022:2022-02-20:48a998d29015,oe:team:4bd1751425ef6a9bc9d4d8e9385b4a6,oe:team:2e66da41dc460dd378e3bcc57042d31,period:466f661effb9208a840b,2022.0,Spring,regular,2022-02-20,BO1,2022-02-19T20:54:27+00:00,HIGH_CONFIDENCE_STRUCTURAL,"season=2022, team=oe:team:4bd1751425ef6a9bc9d4d8e9385b4a6, cutoff<=2022-02-20T00:00:00+00:00",STRUCTURAL_RECONCILIATION_ONLY
oe_structural:2022:2022-02-20:866e6df39f08,oe:team:87ee02298073abc2d55060f097d4041,oe:team:0dbb780176ecad18f17292d1f5653af,period:466f661effb9208a840b,2022.0,Spring,regular,2022-02-20,BO1,2022-02-19T20:54:27+00:00,HIGH_CONFIDENCE_STRUCTURAL,"season=2022, team=oe:team:87ee02298073abc2d55060f097d4041, cutoff<=2022-02-20T00:00:00+00:00",STRUCTURAL_RECONCILIATION_ONLY
oe_structural:2022:2022-02-25:d320ece17bb1,oe:team:87ee02298073abc2d55060f097d4041,oe:team:8eb884e168f28402ce685bedebb5250,period:466f661effb9208a840b,2022.0,Spring,regular,2022-02-25,BO1,2022-02-19T20:54:27+00:00,HIGH_CONFIDENCE_STRUCTURAL,"season=2022, team=oe:team:87ee02298073abc2d55060f097d4041, cutoff<=2022-02-25T00:00:00+00:00",STRUCTURAL_RECONCILIATION_ONLY
oe_structural:2022:2022-02-21:1c912b401013,oe:team:8eb884e168f28402ce685bedebb5250,oe:team:cbfaf0ca2181f0903d2fcceb6c28f3b,period:466f661effb9208a840b,2022.0,Spring,regular,2022-02-21,BO1,2022-02-19T20:54:27+00:00,HIGH_CONFIDENCE_STRUCTURAL,"season=2022, team=oe:team:8eb884e168f28402ce685bedebb5250, cutoff<=2022-02-21T00:00:00+00:00",STRUCTURAL_RECONCILIATION_ONLY
oe_structural:2022:2022-02-25:d320ece17bb1,oe:team:8eb884e168f28402ce685bedebb5250,oe:team:87ee02298073abc2d55060f097d4041,period:466f661effb9208a840b,2022.0,Spring,regular,2022-02-25,BO1,2022-02-19T20:54:27+00:00,HIGH_CONFIDENCE_STRUCTURAL,"season=2022, team=oe:team:8eb884e168f28402ce685bedebb5250, cutoff<=2022-02-25T00:00:00+00:00",STRUCTURAL_RECONCILIATION_ONLY
oe_structural:2022:2022-02-20:475cbadb1cd6,oe:team:a22510a4756fa424cb0771b13261139,oe:team:fc8e90107dabb9a35c490b0d86adea0,period:466f661effb9208a840b,2022.0,Spring,regular,2022-02-20,BO1,2022-02-19T20:54:27+00:00,HIGH_CONFIDENCE_STRUCTURAL,"season=2022, team=oe:team:a22510a4756fa424cb0771b13261139, cutoff<=2022-02-20T00:00:00+00:00",STRUCTURAL_RECONCILIATION_ONLY
oe_structural:2022:2022-02-20:3cf4c291f29f,oe:team:c334c629fea759876e9e04afbe4aee7,oe:team:f7f7324c151aa6ed770b244ce08e027,period:466f661effb9208a840b,2022.0,Spring,regular,2022-02-20,BO1,2022-02-19T20:54:27+00:00,HIGH_CONFIDENCE_STRUCTURAL,"season=2022, team=oe:team:c334c629fea759876e9e04afbe4aee7, cutoff<=2022-02-20T00:00:00+00:00",STRUCTURAL_RECONCILIATION_ONLY
oe_structural:2022:2022-02-20:51743f3df321,oe:team:cbfaf0ca2181f0903d2fcceb6c28f3b,oe:team:fc8e90107dabb9a35c490b0d86adea0,period:466f661effb9208a840b,2022.0,Spring,regular,2022-02-20,BO1,2022-02-19T20:54:27+00:00,HIGH_CONFIDENCE_STRUCTURAL,"season=2022, team=oe:team:cbfaf0ca2181f0903d2fcceb6c28f3b, cutoff<=2022-02-20T00:00:00+00:00",STRUCTURAL_RECONCILIATION_ONLY
oe_structural:2022:2022-02-21:1c912b401013,oe:team:cbfaf0ca2181f0903d2fcceb6c28f3b,oe:team:8eb884e168f28402ce685bedebb5250,period:466f661effb9208a840b,2022.0,Spring,regular,2022-02-21,BO1,2022-02-19T20:54:27+00:00,HIGH_CONFIDENCE_STRUCTURAL,"season=2022, team=oe:team:cbfaf0ca2181f0903d2fcceb6c28f3b, cutoff<=2022-02-21T00:00:00+00:00",STRUCTURAL_RECONCILIATION_ONLY
oe_structural:2022:2022-02-20:3cf4c291f29f,oe:team:f7f7324c151aa6ed770b244ce08e027,oe:team:c334c629fea759876e9e04afbe4aee7,period:466f661effb9208a840b,2022.0,Spring,regular,2022-02-20,BO1,2022-02-19T20:54:27+00:00,HIGH_CONFIDENCE_STRUCTURAL,"season=2022, team=oe:team:f7f7324c151aa6ed770b244ce08e027, cutoff<=2022-02-20T00:00:00+00:00",STRUCTURAL_RECONCILIATION_ONLY
oe_structural:2022:2022-02-20:475cbadb1cd6,oe:team:fc8e90107dabb9a35c490b0d86adea0,oe:team:a22510a4756fa424cb0771b13261139,period:466f661effb9208a840b,2022.0,Spring,regular,2022-02-20,BO1,2022-02-19T20:54:27+00:00,HIGH_CONFIDENCE_STRUCTURAL,"season=2022, team=oe:team:fc8e90107dabb9a35c490b0d86adea0, cutoff<=2022-02-20T00:00:00+00:00",STRUCTURAL_RECONCILIATION_ONLY
oe_structural:2022:2022-02-20:51743f3df321,oe:team:fc8e90107dabb9a35c490b0d86adea0,oe:team:cbfaf0ca2181f0903d2fcceb6c28f3b,period:466f661effb9208a840b,2022.0,Spring,regular,2022-02-20,BO1,2022-02-19T20:54:27+00:00,HIGH_CONFIDENCE_STRUCTURAL,"season=2022, team=oe:team:fc8e90107dabb9a35c490b0d86adea0, cutoff<=2022-02-20T00:00:00+00:00",STRUCTURAL_RECONCILIATION_ONLY
oe_structural:2022:2022-02-25:0acf1513044a,oe:team:fc8e90107dabb9a35c490b0d86adea0,oe:team:0dbb780176ecad18f17292d1f5653af,period:466f661effb9208a840b,2022.0,Spring,regular,2022-02-25,BO1,2022-02-19T20:54:27+00:00,HIGH_CONFIDENCE_STRUCTURAL,"season=2022, team=oe:team:fc8e90107dabb9a35c490b0d86adea0, cutoff<=2022-02-25T00:00:00+00:00",STRUCTURAL_RECONCILIATION_ONLY
oe_structural:2021:2021-07-10:48d997c37328,oe:team:0dbb780176ecad18f17292d1f5653af,oe:team:8eb884e168f28402ce685bedebb5250,period:490dcd8b072f0c76bfcd,2021.0,Summer,regular,2021-07-10,BO1,2021-07-09T21:35:31+00:00,HIGH_CONFIDENCE_STRUCTURAL,"season=2021, team=oe:team:0dbb780176ecad18f17292d1f5653af, cutoff<=2021-07-10T00:00:00+00:00",STRUCTURAL_RECONCILIATION_ONLY
oe_structural:2021:2021-07-10:57a15928f232,oe:team:0dbb780176ecad18f17292d1f5653af,oe:team:fc8e90107dabb9a35c490b0d86adea0,period:490dcd8b072f0c76bfcd,2021.0,Summer,regular,2021-07-10,BO1,2021-07-09T21:35:31+00:00,HIGH_CONFIDENCE_STRUCTURAL,"season=2021, team=oe:team:0dbb780176ecad18f17292d1f5653af, cutoff<=2021-07-10T00:00:00+00:00",STRUCTURAL_RECONCILIATION_ONLY
oe_structural:2021:2021-07-11:835e0e320cd1,oe:team:0dbb780176ecad18f17292d1f5653af,oe:team:cbfaf0ca2181f0903d2fcceb6c28f3b,period:490dcd8b072f0c76bfcd,2021.0,Summer,regular,2021-07-11,BO1,2021-07-09T21:35:31+00:00,HIGH_CONFIDENCE_STRUCTURAL,"season=2021, team=oe:team:0dbb780176ecad18f17292d1f5653af, cutoff<=2021-07-11T00:00:00+00:00",STRUCTURAL_RECONCILIATION_ONLY
oe_structural:2021:2021-07-16:b237eaf34147,oe:team:0dbb780176ecad18f17292d1f5653af,oe:team:4bd1751425ef6a9bc9d4d8e9385b4a6,period:490dcd8b072f0c76bfcd,2021.0,Summer,regular,2021-07-16,BO1,2021-07-09T21:35:31+00:00,HIGH_CONFIDENCE_STRUCTURAL,"season=2021, team=oe:team:0dbb780176ecad18f17292d1f5653af, cutoff<=2021-07-16T00:00:00+00:00",STRUCTURAL_RECONCILIATION_ONLY
oe_structural:2021:2021-07-11:7a30c30e38f4,oe:team:2e66da41dc460dd378e3bcc57042d31,oe:team:c334c629fea759876e9e04afbe4aee7,period:490dcd8b072f0c76bfcd,2021.0,Summer,regular,2021-07-11,BO1,2021-07-09T21:35:31+00:00,HIGH_CONFIDENCE_STRUCTURAL,"season=2021, team=oe:team:2e66da41dc460dd378e3bcc57042d31, cutoff<=2021-07-11T00:00:00+00:00",STRUCTURAL_RECONCILIATION_ONLY
oe_structural:2021:2021-07-11:e614dac634f8,oe:team:2e66da41dc460dd378e3bcc57042d31,oe:team:cbfaf0ca2181f0903d2fcceb6c28f3b,period:490dcd8b072f0c76bfcd,2021.0,Summer,regular,2021-07-11,BO1,2021-07-09T21:35:31+00:00,HIGH_CONFIDENCE_STRUCTURAL,"season=2021, team=oe:team:2e66da41dc460dd378e3bcc57042d31, cutoff<=2021-07-11T00:00:00+00:00",STRUCTURAL_RECONCILIATION_ONLY
oe_structural:2021:2021-07-16:436b9dcad728,oe:team:2e66da41dc460dd378e3bcc57042d31,oe:team:a22510a4756fa424cb0771b13261139,period:490dcd8b072f0c76bfcd,2021.0,Summer,regular,2021-07-16,BO1,2021-07-09T21:35:31+00:00,HIGH_CONFIDENCE_STRUCTURAL,"season=2021, team=oe:team:2e66da41dc460dd378e3bcc57042d31, cutoff<=2021-07-16T00:00:00+00:00",STRUCTURAL_RECONCILIATION_ONLY
oe_structural:2021:2021-07-10:cbd93ba5b226,oe:team:4bd1751425ef6a9bc9d4d8e9385b4a6,oe:team:f7f7324c151aa6ed770b244ce08e027,period:490dcd8b072f0c76bfcd,2021.0,Summer,regular,2021-07-10,BO1,2021-07-09T21:35:31+00:00,HIGH_CONFIDENCE_STRUCTURAL,"season=2021, team=oe:team:4bd1751425ef6a9bc9d4d8e9385b4a6, cutoff<=2021-07-10T00:00:00+00:00",STRUCTURAL_RECONCILIATION_ONLY
oe_structural:2021:2021-07-11:8e11a9934d2e,oe:team:4bd1751425ef6a9bc9d4d8e9385b4a6,oe:team:a22510a4756fa424cb0771b13261139,period:490dcd8b072f0c76bfcd,2021.0,Summer,regular,2021-07-11,BO1,2021-07-09T21:35:31+00:00,HIGH_CONFIDENCE_STRUCTURAL,"season=2021, team=oe:team:4bd1751425ef6a9bc9d4d8e9385b4a6, cutoff<=2021-07-11T00:00:00+00:00",STRUCTURAL_RECONCILIATION_ONLY
oe_structural:2021:2021-07-16:b237eaf34147,oe:team:4bd1751425ef6a9bc9d4d8e9385b4a6,oe:team:0dbb780176ecad18f17292d1f5653af,period:490dcd8b072f0c76bfcd,2021.0,Summer,regular,2021-07-16,BO1,2021-07-09T21:35:31+00:00,HIGH_CONFIDENCE_STRUCTURAL,"season=2021, team=oe:team:4bd1751425ef6a9bc9d4d8e9385b4a6, cutoff<=2021-07-16T00:00:00+00:00",STRUCTURAL_RECONCILIATION_ONLY
oe_structural:2021:2021-07-10:b49323920b8c,oe:team:87ee02298073abc2d55060f097d4041,oe:team:a22510a4756fa424cb0771b13261139,period:490dcd8b072f0c76bfcd,2021.0,Summer,regular,2021-07-10,BO1,2021-07-09T21:35:31+00:00,HIGH_CONFIDENCE_STRUCTURAL,"season=2021, team=oe:team:87ee02298073abc2d55060f097d4041, cutoff<=2021-07-10T00:00:00+00:00",STRUCTURAL_RECONCILIATION_ONLY
oe_structural:2021:2021-07-11:e4f01161cfa2,oe:team:87ee02298073abc2d55060f097d4041,oe:team:8eb884e168f28402ce685bedebb5250,period:490dcd8b072f0c76bfcd,2021.0,Summer,regular,2021-07-11,BO1,2021-07-09T21:35:31+00:00,HIGH_CONFIDENCE_STRUCTURAL,"season=2021, team=oe:team:87ee02298073abc2d55060f097d4041, cutoff<=2021-07-11T00:00:00+00:00",STRUCTURAL_RECONCILIATION_ONLY
oe_structural:2021:2021-07-10:48d997c37328,oe:team:8eb884e168f28402ce685bedebb5250,oe:team:0dbb780176ecad18f17292d1f5653af,period:490dcd8b072f0c76bfcd,2021.0,Summer,regular,2021-07-10,BO1,2021-07-09T21:35:31+00:00,HIGH_CONFIDENCE_STRUCTURAL,"season=2021, team=oe:team:8eb884e168f28402ce685bedebb5250, cutoff<=2021-07-10T00:00:00+00:00",STRUCTURAL_RECONCILIATION_ONLY
oe_structural:2021:2021-07-10:b86ffaa4ca0c,oe:team:8eb884e168f28402ce685bedebb5250,oe:team:c334c629fea759876e9e04afbe4aee7,period:490dcd8b072f0c76bfcd,2021.0,Summer,regular,2021-07-10,BO1,2021-07-09T21:35:31+00:00,HIGH_CONFIDENCE_STRUCTURAL,"season=2021, team=oe:team:8eb884e168f28402ce685bedebb5250, cutoff<=2021-07-10T00:00:00+00:00",STRUCTURAL_RECONCILIATION_ONLY
oe_structural:2021:2021-07-11:e4f01161cfa2,oe:team:8eb884e168f28402ce685bedebb5250,oe:team:87ee02298073abc2d55060f097d4041,period:490dcd8b072f0c76bfcd,2021.0,Summer,regular,2021-07-11,BO1,2021-07-09T21:35:31+00:00,HIGH_CONFIDENCE_STRUCTURAL,"season=2021, team=oe:team:8eb884e168f28402ce685bedebb5250, cutoff<=2021-07-11T00:00:00+00:00",STRUCTURAL_RECONCILIATION_ONLY
oe_structural:2021:2021-07-10:b49323920b8c,oe:team:a22510a4756fa424cb0771b13261139,oe:team:87ee02298073abc2d55060f097d4041,period:490dcd8b072f0c76bfcd,2021.0,Summer,regular,2021-07-10,BO1,2021-07-09T21:35:31+00:00,HIGH_CONFIDENCE_STRUCTURAL,"season=2021, team=oe:team:a22510a4756fa424cb0771b13261139, cutoff<=2021-07-10T00:00:00+00:00",STRUCTURAL_RECONCILIATION_ONLY
oe_structural:2021:2021-07-11:8e11a9934d2e,oe:team:a22510a4756fa424cb0771b13261139,oe:team:4bd1751425ef6a9bc9d4d8e9385b4a6,period:490dcd8b072f0c76bfcd,2021.0,Summer,regular,2021-07-11,BO1,2021-07-09T21:35:31+00:00,HIGH_CONFIDENCE_STRUCTURAL,"season=2021, team=oe:team:a22510a4756fa424cb0771b13261139, cutoff<=2021-07-11T00:00:00+00:00",STRUCTURAL_RECONCILIATION_ONLY
oe_structural:2021:2021-07-16:436b9dcad728,oe:team:a22510a4756fa424cb0771b13261139,oe:team:2e66da41dc460dd378e3bcc57042d31,period:490dcd8b072f0c76bfcd,2021.0,Summer,regular,2021-07-16,BO1,2021-07-09T21:35:31+00:00,HIGH_CONFIDENCE_STRUCTURAL,"season=2021, team=oe:team:a22510a4756fa424cb0771b13261139, cutoff<=2021-07-16T00:00:00+00:00",STRUCTURAL_RECONCILIATION_ONLY
oe_structural:2021:2021-07-10:b86ffaa4ca0c,oe:team:c334c629fea759876e9e04afbe4aee7,oe:team:8eb884e168f28402ce685bedebb5250,period:490dcd8b072f0c76bfcd,2021.0,Summer,regular,2021-07-10,BO1,2021-07-09T21:35:31+00:00,HIGH_CONFIDENCE_STRUCTURAL,"season=2021, team=oe:team:c334c629fea759876e9e04afbe4aee7, cutoff<=2021-07-10T00:00:00+00:00",STRUCTURAL_RECONCILIATION_ONLY
oe_structural:2021:2021-07-10:ea1f942093ad,oe:team:c334c629fea759876e9e04afbe4aee7,oe:team:f7f7324c151aa6ed770b244ce08e027,period:490dcd8b072f0c76bfcd,2021.0,Summer,regular,2021-07-10,BO1,2021-07-09T21:35:31+00:00,HIGH_CONFIDENCE_STRUCTURAL,"season=2021, team=oe:team:c334c629fea759876e9e04afbe4aee7, cutoff<=2021-07-10T00:00:00+00:00",STRUCTURAL_RECONCILIATION_ONLY
oe_structural:2021:2021-07-11:7a30c30e38f4,oe:team:c334c629fea759876e9e04afbe4aee7,oe:team:2e66da41dc460dd378e3bcc57042d31,period:490dcd8b072f0c76bfcd,2021.0,Summer,regular,2021-07-11,BO1,2021-07-09T21:35:31+00:00,HIGH_CONFIDENCE_STRUCTURAL,"season=2021, team=oe:team:c334c629fea759876e9e04afbe4aee7, cutoff<=2021-07-11T00:00:00+00:00",STRUCTURAL_RECONCILIATION_ONLY
oe_structural:2021:2021-07-16:cc4aa28b5d80,oe:team:c334c629fea759876e9e04afbe4aee7,oe:team:fc8e90107dabb9a35c490b0d86adea0,period:490dcd8b072f0c76bfcd,2021.0,Summer,regular,2021-07-16,BO1,2021-07-09T21:35:31+00:00,HIGH_CONFIDENCE_STRUCTURAL,"season=2021, team=oe:team:c334c629fea759876e9e04afbe4aee7, cutoff<=2021-07-16T00:00:00+00:00",STRUCTURAL_RECONCILIATION_ONLY
oe_structural:2021:2021-07-11:835e0e320cd1,oe:team:cbfaf0ca2181f0903d2fcceb6c28f3b,oe:team:0dbb780176ecad18f17292d1f5653af,period:490dcd8b072f0c76bfcd,2021.0,Summer,regular,2021-07-11,BO1,2021-07-09T21:35:31+00:00,HIGH_CONFIDENCE_STRUCTURAL,"season=2021, team=oe:team:cbfaf0ca2181f0903d2fcceb6c28f3b, cutoff<=2021-07-11T00:00:00+00:00",STRUCTURAL_RECONCILIATION_ONLY
oe_structural:2021:2021-07-11:e614dac634f8,oe:team:cbfaf0ca2181f0903d2fcceb6c28f3b,oe:team:2e66da41dc460dd378e3bcc57042d31,period:490dcd8b072f0c76bfcd,2021.0,Summer,regular,2021-07-11,BO1,2021-07-09T21:35:31+00:00,HIGH_CONFIDENCE_STRUCTURAL,"season=2021, team=oe:team:cbfaf0ca2181f0903d2fcceb6c28f3b, cutoff<=2021-07-11T00:00:00+00:00",STRUCTURAL_RECONCILIATION_ONLY
oe_structural:2021:2021-07-10:cbd93ba5b226,oe:team:f7f7324c151aa6ed770b244ce08e027,oe:team:4bd1751425ef6a9bc9d4d8e9385b4a6,period:490dcd8b072f0c76bfcd,2021.0,Summer,regular,2021-07-10,BO1,2021-07-09T21:35:31+00:00,HIGH_CONFIDENCE_STRUCTURAL,"season=2021, team=oe:team:f7f7324c151aa6ed770b244ce08e027, cutoff<=2021-07-10T00:00:00+00:00",STRUCTURAL_RECONCILIATION_ONLY
oe_structural:2021:2021-07-10:ea1f942093ad,oe:team:f7f7324c151aa6ed770b244ce08e027,oe:team:c334c629fea759876e9e04afbe4aee7,period:490dcd8b072f0c76bfcd,2021.0,Summer,regular,2021-07-10,BO1,2021-07-09T21:35:31+00:00,HIGH_CONFIDENCE_STRUCTURAL,"season=2021, team=oe:team:f7f7324c151aa6ed770b244ce08e027, cutoff<=2021-07-10T00:00:00+00:00",STRUCTURAL_RECONCILIATION_ONLY
oe_structural:2021:2021-07-11:8d097beabc7c,oe:team:f7f7324c151aa6ed770b244ce08e027,oe:team:fc8e90107dabb9a35c490b0d86adea0,period:490dcd8b072f0c76bfcd,2021.0,Summer,regular,2021-07-11,BO1,2021-07-09T21:35:31+00:00,HIGH_CONFIDENCE_STRUCTURAL,"season=2021, team=oe:team:f7f7324c151aa6ed770b244ce08e027, cutoff<=2021-07-11T00:00:00+00:00",STRUCTURAL_RECONCILIATION_ONLY
oe_structural:2021:2021-07-10:57a15928f232,oe:team:fc8e90107dabb9a35c490b0d86adea0,oe:team:0dbb780176ecad18f17292d1f5653af,period:490dcd8b072f0c76bfcd,2021.0,Summer,regular,2021-07-10,BO1,2021-07-09T21:35:31+00:00,HIGH_CONFIDENCE_STRUCTURAL,"season=2021, team=oe:team:fc8e90107dabb9a35c490b0d86adea0, cutoff<=2021-07-10T00:00:00+00:00",STRUCTURAL_RECONCILIATION_ONLY
oe_structural:2021:2021-07-11:8d097beabc7c,oe:team:fc8e90107dabb9a35c490b0d86adea0,oe:team:f7f7324c151aa6ed770b244ce08e027,period:490dcd8b072f0c76bfcd,2021.0,Summer,regular,2021-07-11,BO1,2021-07-09T21:35:31+00:00,HIGH_CONFIDENCE_STRUCTURAL,"season=2021, team=oe:team:fc8e90107dabb9a35c490b0d86adea0, cutoff<=2021-07-11T00:00:00+00:00",STRUCTURAL_RECONCILIATION_ONLY
oe_structural:2021:2021-07-16:cc4aa28b5d80,oe:team:fc8e90107dabb9a35c490b0d86adea0,oe:team:c334c629fea759876e9e04afbe4aee7,period:490dcd8b072f0c76bfcd,2021.0,Summer,regular,2021-07-16,BO1,2021-07-09T21:35:31+00:00,HIGH_CONFIDENCE_STRUCTURAL,"season=2021, team=oe:team:fc8e90107dabb9a35c490b0d86adea0, cutoff<=2021-07-16T00:00:00+00:00",STRUCTURAL_RECONCILIATION_ONLY
oe_structural:2021:2021-03-21:08ed3477f9e1,oe:team:4bd1751425ef6a9bc9d4d8e9385b4a6,oe:team:fc8e90107dabb9a35c490b0d86adea0,period:4a6e60b4d46361a99310,2021.0,Spring,playoffs,2021-03-21,BO5,2021-03-20T19:21:03+00:00,HIGH_CONFIDENCE_STRUCTURAL,"season=2021, team=oe:team:4bd1751425ef6a9bc9d4d8e9385b4a6, cutoff<=2021-03-21T00:00:00+00:00",STRUCTURAL_RECONCILIATION_ONLY
oe_structural:2021:2021-04-03:1054cdfd6442,oe:team:8eb884e168f28402ce685bedebb5250,oe:team:fc8e90107dabb9a35c490b0d86adea0,period:4a6e60b4d46361a99310,2021.0,Spring,playoffs,2021-04-03,BO5,2021-03-20T19:21:03+00:00,HIGH_CONFIDENCE_STRUCTURAL,"season=2021, team=oe:team:8eb884e168f28402ce685bedebb5250, cutoff<=2021-04-03T00:00:00+00:00",STRUCTURAL_RECONCILIATION_ONLY
oe_structural:2021:2021-03-27:0cc2bd4840b1,oe:team:a22510a4756fa424cb0771b13261139,oe:team:f7f7324c151aa6ed770b244ce08e027,period:4a6e60b4d46361a99310,2021.0,Spring,playoffs,2021-03-27,BO5,2021-03-20T19:21:03+00:00,HIGH_CONFIDENCE_STRUCTURAL,"season=2021, team=oe:team:a22510a4756fa424cb0771b13261139, cutoff<=2021-03-27T00:00:00+00:00",STRUCTURAL_RECONCILIATION_ONLY
oe_structural:2021:2021-03-21:08ed3477f9e1,oe:team:fc8e90107dabb9a35c490b0d86adea0,oe:team:4bd1751425ef6a9bc9d4d8e9385b4a6,period:4a6e60b4d46361a99310,2021.0,Spring,playoffs,2021-03-21,BO5,2021-03-20T19:21:03+00:00,HIGH_CONFIDENCE_STRUCTURAL,"season=2021, team=oe:team:fc8e90107dabb9a35c490b0d86adea0, cutoff<=2021-03-21T00:00:00+00:00",STRUCTURAL_RECONCILIATION_ONLY
oe_structural:2021:2021-04-03:1054cdfd6442,oe:team:fc8e90107dabb9a35c490b0d86adea0,oe:team:8eb884e168f28402ce685bedebb5250,period:4a6e60b4d46361a99310,2021.0,Spring,playoffs,2021-04-03,BO5,2021-03-20T19:21:03+00:00,HIGH_CONFIDENCE_STRUCTURAL,"season=2021, team=oe:team:fc8e90107dabb9a35c490b0d86adea0, cutoff<=2021-04-03T00:00:00+00:00",STRUCTURAL_RECONCILIATION_ONLY
oe_structural:2022:2022-06-18:1c45834ee8ea,oe:team:0dbb780176ecad18f17292d1f5653af,oe:team:8eb884e168f28402ce685bedebb5250,period:4c81af754b6b135da741,2022.0,Summer,regular,2022-06-18,BO1,2022-06-17T21:46:00+00:00,HIGH_CONFIDENCE_STRUCTURAL,"season=2022, team=oe:team:0dbb780176ecad18f17292d1f5653af, cutoff<=2022-06-18T00:00:00+00:00",STRUCTURAL_RECONCILIATION_ONLY
oe_structural:2022:2022-06-18:3b9d1e840ca0,oe:team:0dbb780176ecad18f17292d1f5653af,oe:team:cbfaf0ca2181f0903d2fcceb6c28f3b,period:4c81af754b6b135da741,2022.0,Summer,regular,2022-06-18,BO1,2022-06-17T21:46:00+00:00,HIGH_CONFIDENCE_STRUCTURAL,"season=2022, team=oe:team:0dbb780176ecad18f17292d1f5653af, cutoff<=2022-06-18T00:00:00+00:00",STRUCTURAL_RECONCILIATION_ONLY
oe_structural:2022:2022-06-19:e1ec504d2019,oe:team:0dbb780176ecad18f17292d1f5653af,oe:team:4bd1751425ef6a9bc9d4d8e9385b4a6,period:4c81af754b6b135da741,2022.0,Summer,regular,2022-06-19,BO1,2022-06-17T21:46:00+00:00,HIGH_CONFIDENCE_STRUCTURAL,"season=2022, team=oe:team:0dbb780176ecad18f17292d1f5653af, cutoff<=2022-06-19T00:00:00+00:00",STRUCTURAL_RECONCILIATION_ONLY
oe_structural:2022:2022-06-25:a140d1dd723e,oe:team:0dbb780176ecad18f17292d1f5653af,oe:team:fc8e90107dabb9a35c490b0d86adea0,period:4c81af754b6b135da741,2022.0,Summer,regular,2022-06-25,BO1,2022-06-17T21:46:00+00:00,HIGH_CONFIDENCE_STRUCTURAL,"season=2022, team=oe:team:0dbb780176ecad18f17292d1f5653af, cutoff<=2022-06-25T00:00:00+00:00",STRUCTURAL_RECONCILIATION_ONLY
oe_structural:2022:2022-06-19:0793a0c80d14,oe:team:2e66da41dc460dd378e3bcc57042d31,oe:team:f7f7324c151aa6ed770b244ce08e027,period:4c81af754b6b135da741,2022.0,Summer,regular,2022-06-19,BO1,2022-06-17T21:46:00+00:00,HIGH_CONFIDENCE_STRUCTURAL,"season=2022, team=oe:team:2e66da41dc460dd378e3bcc57042d31, cutoff<=2022-06-19T00:00:00+00:00",STRUCTURAL_RECONCILIATION_ONLY
oe_structural:2022:2022-06-19:438e25ae8dc7,oe:team:2e66da41dc460dd378e3bcc57042d31,oe:team:c334c629fea759876e9e04afbe4aee7,period:4c81af754b6b135da741,2022.0,Summer,regular,2022-06-19,BO1,2022-06-17T21:46:00+00:00,HIGH_CONFIDENCE_STRUCTURAL,"season=2022, team=oe:team:2e66da41dc460dd378e3bcc57042d31, cutoff<=2022-06-19T00:00:00+00:00",STRUCTURAL_RECONCILIATION_ONLY
oe_structural:2022:2022-06-18:f9d529f9fdf4,oe:team:4bd1751425ef6a9bc9d4d8e9385b4a6,oe:team:f7f7324c151aa6ed770b244ce08e027,period:4c81af754b6b135da741,2022.0,Summer,regular,2022-06-18,BO1,2022-06-17T21:46:00+00:00,HIGH_CONFIDENCE_STRUCTURAL,"season=2022, team=oe:team:4bd1751425ef6a9bc9d4d8e9385b4a6, cutoff<=2022-06-18T00:00:00+00:00",STRUCTURAL_RECONCILIATION_ONLY
oe_structural:2022:2022-06-19:e1ec504d2019,oe:team:4bd1751425ef6a9bc9d4d8e9385b4a6,oe:team:0dbb780176ecad18f17292d1f5653af,period:4c81af754b6b135da741,2022.0,Summer,regular,2022-06-19,BO1,2022-06-17T21:46:00+00:00,HIGH_CONFIDENCE_STRUCTURAL,"season=2022, team=oe:team:4bd1751425ef6a9bc9d4d8e9385b4a6, cutoff<=2022-06-19T00:00:00+00:00",STRUCTURAL_RECONCILIATION_ONLY
oe_structural:2022:2022-06-25:11f9567deffc,oe:team:4bd1751425ef6a9bc9d4d8e9385b4a6,oe:team:87ee02298073abc2d55060f097d4041,period:4c81af754b6b135da741,2022.0,Summer,regular,2022-06-25,BO1,2022-06-17T21:46:00+00:00,HIGH_CONFIDENCE_STRUCTURAL,"season=2022, team=oe:team:4bd1751425ef6a9bc9d4d8e9385b4a6, cutoff<=2022-06-25T00:00:00+00:00",STRUCTURAL_RECONCILIATION_ONLY
oe_structural:2022:2022-06-18:b6b3c0e65477,oe:team:87ee02298073abc2d55060f097d4041,oe:team:fc8e90107dabb9a35c490b0d86adea0,period:4c81af754b6b135da741,2022.0,Summer,regular,2022-06-18,BO1,2022-06-17T21:46:00+00:00,HIGH_CONFIDENCE_STRUCTURAL,"season=2022, team=oe:team:87ee02298073abc2d55060f097d4041, cutoff<=2022-06-18T00:00:00+00:00",STRUCTURAL_RECONCILIATION_ONLY
oe_structural:2022:2022-06-19:38a8af31cf82,oe:team:87ee02298073abc2d55060f097d4041,oe:team:cbfaf0ca2181f0903d2fcceb6c28f3b,period:4c81af754b6b135da741,2022.0,Summer,regular,2022-06-19,BO1,2022-06-17T21:46:00+00:00,HIGH_CONFIDENCE_STRUCTURAL,"season=2022, team=oe:team:87ee02298073abc2d55060f097d4041, cutoff<=2022-06-19T00:00:00+00:00",STRUCTURAL_RECONCILIATION_ONLY
oe_structural:2022:2022-06-25:11f9567deffc,oe:team:87ee02298073abc2d55060f097d4041,oe:team:4bd1751425ef6a9bc9d4d8e9385b4a6,period:4c81af754b6b135da741,2022.0,Summer,regular,2022-06-25,BO1,2022-06-17T21:46:00+00:00,HIGH_CONFIDENCE_STRUCTURAL,"season=2022, team=oe:team:87ee02298073abc2d55060f097d4041, cutoff<=2022-06-25T00:00:00+00:00",STRUCTURAL_RECONCILIATION_ONLY
oe_structural:2022:2022-06-18:1c45834ee8ea,oe:team:8eb884e168f28402ce685bedebb5250,oe:team:0dbb780176ecad18f17292d1f5653af,period:4c81af754b6b135da741,2022.0,Summer,regular,2022-06-18,BO1,2022-06-17T21:46:00+00:00,HIGH_CONFIDENCE_STRUCTURAL,"season=2022, team=oe:team:8eb884e168f28402ce685bedebb5250, cutoff<=2022-06-18T00:00:00+00:00",STRUCTURAL_RECONCILIATION_ONLY
oe_structural:2022:2022-06-18:f231cc4b8a47,oe:team:8eb884e168f28402ce685bedebb5250,oe:team:c334c629fea759876e9e04afbe4aee7,period:4c81af754b6b135da741,2022.0,Summer,regular,2022-06-18,BO1,2022-06-17T21:46:00+00:00,HIGH_CONFIDENCE_STRUCTURAL,"season=2022, team=oe:team:8eb884e168f28402ce685bedebb5250, cutoff<=2022-06-18T00:00:00+00:00",STRUCTURAL_RECONCILIATION_ONLY
oe_structural:2022:2022-06-19:3013403beb0f,oe:team:8eb884e168f28402ce685bedebb5250,oe:team:fc8e90107dabb9a35c490b0d86adea0,period:4c81af754b6b135da741,2022.0,Summer,regular,2022-06-19,BO1,2022-06-17T21:46:00+00:00,HIGH_CONFIDENCE_STRUCTURAL,"season=2022, team=oe:team:8eb884e168f28402ce685bedebb5250, cutoff<=2022-06-19T00:00:00+00:00",STRUCTURAL_RECONCILIATION_ONLY
oe_structural:2022:2022-06-25:0720151c7f76,oe:team:8eb884e168f28402ce685bedebb5250,oe:team:a22510a4756fa424cb0771b13261139,period:4c81af754b6b135da741,2022.0,Summer,regular,2022-06-25,BO1,2022-06-17T21:46:00+00:00,HIGH_CONFIDENCE_STRUCTURAL,"season=2022, team=oe:team:8eb884e168f28402ce685bedebb5250, cutoff<=2022-06-25T00:00:00+00:00",STRUCTURAL_RECONCILIATION_ONLY
oe_structural:2022:2022-06-18:c1bce160770c,oe:team:a22510a4756fa424cb0771b13261139,oe:team:cbfaf0ca2181f0903d2fcceb6c28f3b,period:4c81af754b6b135da741,2022.0,Summer,regular,2022-06-18,BO1,2022-06-17T21:46:00+00:00,HIGH_CONFIDENCE_STRUCTURAL,"season=2022, team=oe:team:a22510a4756fa424cb0771b13261139, cutoff<=2022-06-18T00:00:00+00:00",STRUCTURAL_RECONCILIATION_ONLY
oe_structural:2022:2022-06-19:675240d274fa,oe:team:a22510a4756fa424cb0771b13261139,oe:team:c334c629fea759876e9e04afbe4aee7,period:4c81af754b6b135da741,2022.0,Summer,regular,2022-06-19,BO1,2022-06-17T21:46:00+00:00,HIGH_CONFIDENCE_STRUCTURAL,"season=2022, team=oe:team:a22510a4756fa424cb0771b13261139, cutoff<=2022-06-19T00:00:00+00:00",STRUCTURAL_RECONCILIATION_ONLY
oe_structural:2022:2022-06-25:0720151c7f76,oe:team:a22510a4756fa424cb0771b13261139,oe:team:8eb884e168f28402ce685bedebb5250,period:4c81af754b6b135da741,2022.0,Summer,regular,2022-06-25,BO1,2022-06-17T21:46:00+00:00,HIGH_CONFIDENCE_STRUCTURAL,"season=2022, team=oe:team:a22510a4756fa424cb0771b13261139, cutoff<=2022-06-25T00:00:00+00:00",STRUCTURAL_RECONCILIATION_ONLY
oe_structural:2022:2022-06-18:f231cc4b8a47,oe:team:c334c629fea759876e9e04afbe4aee7,oe:team:8eb884e168f28402ce685bedebb5250,period:4c81af754b6b135da741,2022.0,Summer,regular,2022-06-18,BO1,2022-06-17T21:46:00+00:00,HIGH_CONFIDENCE_STRUCTURAL,"season=2022, team=oe:team:c334c629fea759876e9e04afbe4aee7, cutoff<=2022-06-18T00:00:00+00:00",STRUCTURAL_RECONCILIATION_ONLY
oe_structural:2022:2022-06-19:438e25ae8dc7,oe:team:c334c629fea759876e9e04afbe4aee7,oe:team:2e66da41dc460dd378e3bcc57042d31,period:4c81af754b6b135da741,2022.0,Summer,regular,2022-06-19,BO1,2022-06-17T21:46:00+00:00,HIGH_CONFIDENCE_STRUCTURAL,"season=2022, team=oe:team:c334c629fea759876e9e04afbe4aee7, cutoff<=2022-06-19T00:00:00+00:00",STRUCTURAL_RECONCILIATION_ONLY
oe_structural:2022:2022-06-19:675240d274fa,oe:team:c334c629fea759876e9e04afbe4aee7,oe:team:a22510a4756fa424cb0771b13261139,period:4c81af754b6b135da741,2022.0,Summer,regular,2022-06-19,BO1,2022-06-17T21:46:00+00:00,HIGH_CONFIDENCE_STRUCTURAL,"season=2022, team=oe:team:c334c629fea759876e9e04afbe4aee7, cutoff<=2022-06-19T00:00:00+00:00",STRUCTURAL_RECONCILIATION_ONLY
oe_structural:2022:2022-06-25:7a9e639c6154,oe:team:c334c629fea759876e9e04afbe4aee7,oe:team:f7f7324c151aa6ed770b244ce08e027,period:4c81af754b6b135da741,2022.0,Summer,regular,2022-06-25,BO1,2022-06-17T21:46:00+00:00,HIGH_CONFIDENCE_STRUCTURAL,"season=2022, team=oe:team:c334c629fea759876e9e04afbe4aee7, cutoff<=2022-06-25T00:00:00+00:00",STRUCTURAL_RECONCILIATION_ONLY
oe_structural:2022:2022-06-18:3b9d1e840ca0,oe:team:cbfaf0ca2181f0903d2fcceb6c28f3b,oe:team:0dbb780176ecad18f17292d1f5653af,period:4c81af754b6b135da741,2022.0,Summer,regular,2022-06-18,BO1,2022-06-17T21:46:00+00:00,HIGH_CONFIDENCE_STRUCTURAL,"season=2022, team=oe:team:cbfaf0ca2181f0903d2fcceb6c28f3b, cutoff<=2022-06-18T00:00:00+00:00",STRUCTURAL_RECONCILIATION_ONLY
oe_structural:2022:2022-06-18:c1bce160770c,oe:team:cbfaf0ca2181f0903d2fcceb6c28f3b,oe:team:a22510a4756fa424cb0771b13261139,period:4c81af754b6b135da741,2022.0,Summer,regular,2022-06-18,BO1,2022-06-17T21:46:00+00:00,HIGH_CONFIDENCE_STRUCTURAL,"season=2022, team=oe:team:cbfaf0ca2181f0903d2fcceb6c28f3b, cutoff<=2022-06-18T00:00:00+00:00",STRUCTURAL_RECONCILIATION_ONLY
oe_structural:2022:2022-06-19:38a8af31cf82,oe:team:cbfaf0ca2181f0903d2fcceb6c28f3b,oe:team:87ee02298073abc2d55060f097d4041,period:4c81af754b6b135da741,2022.0,Summer,regular,2022-06-19,BO1,2022-06-17T21:46:00+00:00,HIGH_CONFIDENCE_STRUCTURAL,"season=2022, team=oe:team:cbfaf0ca2181f0903d2fcceb6c28f3b, cutoff<=2022-06-19T00:00:00+00:00",STRUCTURAL_RECONCILIATION_ONLY
oe_structural:2022:2022-06-18:f9d529f9fdf4,oe:team:f7f7324c151aa6ed770b244ce08e027,oe:team:4bd1751425ef6a9bc9d4d8e9385b4a6,period:4c81af754b6b135da741,2022.0,Summer,regular,2022-06-18,BO1,2022-06-17T21:46:00+00:00,HIGH_CONFIDENCE_STRUCTURAL,"season=2022, team=oe:team:f7f7324c151aa6ed770b244ce08e027, cutoff<=2022-06-18T00:00:00+00:00",STRUCTURAL_RECONCILIATION_ONLY
oe_structural:2022:2022-06-19:0793a0c80d14,oe:team:f7f7324c151aa6ed770b244ce08e027,oe:team:2e66da41dc460dd378e3bcc57042d31,period:4c81af754b6b135da741,2022.0,Summer,regular,2022-06-19,BO1,2022-06-17T21:46:00+00:00,HIGH_CONFIDENCE_STRUCTURAL,"season=2022, team=oe:team:f7f7324c151aa6ed770b244ce08e027, cutoff<=2022-06-19T00:00:00+00:00",STRUCTURAL_RECONCILIATION_ONLY
oe_structural:2022:2022-06-25:7a9e639c6154,oe:team:f7f7324c151aa6ed770b244ce08e027,oe:team:c334c629fea759876e9e04afbe4aee7,period:4c81af754b6b135da741,2022.0,Summer,regular,2022-06-25,BO1,2022-06-17T21:46:00+00:00,HIGH_CONFIDENCE_STRUCTURAL,"season=2022, team=oe:team:f7f7324c151aa6ed770b244ce08e027, cutoff<=2022-06-25T00:00:00+00:00",STRUCTURAL_RECONCILIATION_ONLY
oe_structural:2022:2022-06-18:b6b3c0e65477,oe:team:fc8e90107dabb9a35c490b0d86adea0,oe:team:87ee02298073abc2d55060f097d4041,period:4c81af754b6b135da741,2022.0,Summer,regular,2022-06-18,BO1,2022-06-17T21:46:00+00:00,HIGH_CONFIDENCE_STRUCTURAL,"season=2022, team=oe:team:fc8e90107dabb9a35c490b0d86adea0, cutoff<=2022-06-18T00:00:00+00:00",STRUCTURAL_RECONCILIATION_ONLY
oe_structural:2022:2022-06-19:3013403beb0f,oe:team:fc8e90107dabb9a35c490b0d86adea0,oe:team:8eb884e168f28402ce685bedebb5250,period:4c81af754b6b135da741,2022.0,Summer,regular,2022-06-19,BO1,2022-06-17T21:46:00+00:00,HIGH_CONFIDENCE_STRUCTURAL,"season=2022, team=oe:team:fc8e90107dabb9a35c490b0d86adea0, cutoff<=2022-06-19T00:00:00+00:00",STRUCTURAL_RECONCILIATION_ONLY
oe_structural:2022:2022-06-25:a140d1dd723e,oe:team:fc8e90107dabb9a35c490b0d86adea0,oe:team:0dbb780176ecad18f17292d1f5653af,period:4c81af754b6b135da741,2022.0,Summer,regular,2022-06-25,BO1,2022-06-17T21:46:00+00:00,HIGH_CONFIDENCE_STRUCTURAL,"season=2022, team=oe:team:fc8e90107dabb9a35c490b0d86adea0, cutoff<=2022-06-25T00:00:00+00:00",STRUCTURAL_RECONCILIATION_ONLY
oe_structural:2021:2021-07-03:0ff1deac927f,oe:team:0dbb780176ecad18f17292d1f5653af,oe:team:a22510a4756fa424cb0771b13261139,period:4f8f85e36ba842416702,2021.0,Summer,regular,2021-07-03,BO1,2021-07-02T21:10:28+00:00,HIGH_CONFIDENCE_STRUCTURAL,"season=2021, team=oe:team:0dbb780176ecad18f17292d1f5653af, cutoff<=2021-07-03T00:00:00+00:00",STRUCTURAL_RECONCILIATION_ONLY
oe_structural:2021:2021-07-03:e85c320afc70,oe:team:0dbb780176ecad18f17292d1f5653af,oe:team:87ee02298073abc2d55060f097d4041,period:4f8f85e36ba842416702,2021.0,Summer,regular,2021-07-03,BO1,2021-07-02T21:10:28+00:00,HIGH_CONFIDENCE_STRUCTURAL,"season=2021, team=oe:team:0dbb780176ecad18f17292d1f5653af, cutoff<=2021-07-03T00:00:00+00:00",STRUCTURAL_RECONCILIATION_ONLY
oe_structural:2021:2021-07-05:d1593bb7d90e,oe:team:0dbb780176ecad18f17292d1f5653af,oe:team:c334c629fea759876e9e04afbe4aee7,period:4f8f85e36ba842416702,2021.0,Summer,regular,2021-07-05,BO1,2021-07-02T21:10:28+00:00,HIGH_CONFIDENCE_STRUCTURAL,"season=2021, team=oe:team:0dbb780176ecad18f17292d1f5653af, cutoff<=2021-07-05T00:00:00+00:00",STRUCTURAL_RECONCILIATION_ONLY
oe_structural:2021:2021-07-04:0c228ccbf7d4,oe:team:2e66da41dc460dd378e3bcc57042d31,oe:team:8eb884e168f28402ce685bedebb5250,period:4f8f85e36ba842416702,2021.0,Summer,regular,2021-07-04,BO1,2021-07-02T21:10:28+00:00,HIGH_CONFIDENCE_STRUCTURAL,"season=2021, team=oe:team:2e66da41dc460dd378e3bcc57042d31, cutoff<=2021-07-04T00:00:00+00:00",STRUCTURAL_RECONCILIATION_ONLY
oe_structural:2021:2021-07-04:6facce526455,oe:team:2e66da41dc460dd378e3bcc57042d31,oe:team:4bd1751425ef6a9bc9d4d8e9385b4a6,period:4f8f85e36ba842416702,2021.0,Summer,regular,2021-07-04,BO1,2021-07-02T21:10:28+00:00,HIGH_CONFIDENCE_STRUCTURAL,"season=2021, team=oe:team:2e66da41dc460dd378e3bcc57042d31, cutoff<=2021-07-04T00:00:00+00:00",STRUCTURAL_RECONCILIATION_ONLY
oe_structural:2021:2021-07-09:1b67a676ef8a,oe:team:2e66da41dc460dd378e3bcc57042d31,oe:team:fc8e90107dabb9a35c490b0d86adea0,period:4f8f85e36ba842416702,2021.0,Summer,regular,2021-07-09,BO1,2021-07-02T21:10:28+00:00,HIGH_CONFIDENCE_STRUCTURAL,"season=2021, team=oe:team:2e66da41dc460dd378e3bcc57042d31, cutoff<=2021-07-09T00:00:00+00:00",STRUCTURAL_RECONCILIATION_ONLY
oe_structural:2021:2021-07-04:6facce526455,oe:team:4bd1751425ef6a9bc9d4d8e9385b4a6,oe:team:2e66da41dc460dd378e3bcc57042d31,period:4f8f85e36ba842416702,2021.0,Summer,regular,2021-07-04,BO1,2021-07-02T21:10:28+00:00,HIGH_CONFIDENCE_STRUCTURAL,"season=2021, team=oe:team:4bd1751425ef6a9bc9d4d8e9385b4a6, cutoff<=2021-07-04T00:00:00+00:00",STRUCTURAL_RECONCILIATION_ONLY
oe_structural:2021:2021-07-04:84d271f32727,oe:team:4bd1751425ef6a9bc9d4d8e9385b4a6,oe:team:cbfaf0ca2181f0903d2fcceb6c28f3b,period:4f8f85e36ba842416702,2021.0,Summer,regular,2021-07-04,BO1,2021-07-02T21:10:28+00:00,HIGH_CONFIDENCE_STRUCTURAL,"season=2021, team=oe:team:4bd1751425ef6a9bc9d4d8e9385b4a6, cutoff<=2021-07-04T00:00:00+00:00",STRUCTURAL_RECONCILIATION_ONLY
oe_structural:2021:2021-07-09:1c8bd8e7124a,oe:team:4bd1751425ef6a9bc9d4d8e9385b4a6,oe:team:87ee02298073abc2d55060f097d4041,period:4f8f85e36ba842416702,2021.0,Summer,regular,2021-07-09,BO1,2021-07-02T21:10:28+00:00,HIGH_CONFIDENCE_STRUCTURAL,"season=2021, team=oe:team:4bd1751425ef6a9bc9d4d8e9385b4a6, cutoff<=2021-07-09T00:00:00+00:00",STRUCTURAL_RECONCILIATION_ONLY
oe_structural:2021:2021-07-03:beb1fd6c8790,oe:team:87ee02298073abc2d55060f097d4041,oe:team:cbfaf0ca2181f0903d2fcceb6c28f3b,period:4f8f85e36ba842416702,2021.0,Summer,regular,2021-07-03,BO1,2021-07-02T21:10:28+00:00,HIGH_CONFIDENCE_STRUCTURAL,"season=2021, team=oe:team:87ee02298073abc2d55060f097d4041, cutoff<=2021-07-03T00:00:00+00:00",STRUCTURAL_RECONCILIATION_ONLY
oe_structural:2021:2021-07-03:e85c320afc70,oe:team:87ee02298073abc2d55060f097d4041,oe:team:0dbb780176ecad18f17292d1f5653af,period:4f8f85e36ba842416702,2021.0,Summer,regular,2021-07-03,BO1,2021-07-02T21:10:28+00:00,HIGH_CONFIDENCE_STRUCTURAL,"season=2021, team=oe:team:87ee02298073abc2d55060f097d4041, cutoff<=2021-07-03T00:00:00+00:00",STRUCTURAL_RECONCILIATION_ONLY
oe_structural:2021:2021-07-04:7926993868aa,oe:team:87ee02298073abc2d55060f097d4041,oe:team:f7f7324c151aa6ed770b244ce08e027,period:4f8f85e36ba842416702,2021.0,Summer,regular,2021-07-04,BO1,2021-07-02T21:10:28+00:00,HIGH_CONFIDENCE_STRUCTURAL,"season=2021, team=oe:team:87ee02298073abc2d55060f097d4041, cutoff<=2021-07-04T00:00:00+00:00",STRUCTURAL_RECONCILIATION_ONLY
oe_structural:2021:2021-07-09:1c8bd8e7124a,oe:team:87ee02298073abc2d55060f097d4041,oe:team:4bd1751425ef6a9bc9d4d8e9385b4a6,period:4f8f85e36ba842416702,2021.0,Summer,regular,2021-07-09,BO1,2021-07-02T21:10:28+00:00,HIGH_CONFIDENCE_STRUCTURAL,"season=2021, team=oe:team:87ee02298073abc2d55060f097d4041, cutoff<=2021-07-09T00:00:00+00:00",STRUCTURAL_RECONCILIATION_ONLY
oe_structural:2021:2021-07-03:6eb90844d0ff,oe:team:8eb884e168f28402ce685bedebb5250,oe:team:fc8e90107dabb9a35c490b0d86adea0,period:4f8f85e36ba842416702,2021.0,Summer,regular,2021-07-03,BO1,2021-07-02T21:10:28+00:00,HIGH_CONFIDENCE_STRUCTURAL,"season=2021, team=oe:team:8eb884e168f28402ce685bedebb5250, cutoff<=2021-07-03T00:00:00+00:00",STRUCTURAL_RECONCILIATION_ONLY
oe_structural:2021:2021-07-04:0c228ccbf7d4,oe:team:8eb884e168f28402ce685bedebb5250,oe:team:2e66da41dc460dd378e3bcc57042d31,period:4f8f85e36ba842416702,2021.0,Summer,regular,2021-07-04,BO1,2021-07-02T21:10:28+00:00,HIGH_CONFIDENCE_STRUCTURAL,"season=2021, team=oe:team:8eb884e168f28402ce685bedebb5250, cutoff<=2021-07-04T00:00:00+00:00",STRUCTURAL_RECONCILIATION_ONLY
oe_structural:2021:2021-07-03:0ff1deac927f,oe:team:a22510a4756fa424cb0771b13261139,oe:team:0dbb780176ecad18f17292d1f5653af,period:4f8f85e36ba842416702,2021.0,Summer,regular,2021-07-03,BO1,2021-07-02T21:10:28+00:00,HIGH_CONFIDENCE_STRUCTURAL,"season=2021, team=oe:team:a22510a4756fa424cb0771b13261139, cutoff<=2021-07-03T00:00:00+00:00",STRUCTURAL_RECONCILIATION_ONLY
oe_structural:2021:2021-07-03:47f710e767fd,oe:team:a22510a4756fa424cb0771b13261139,oe:team:c334c629fea759876e9e04afbe4aee7,period:4f8f85e36ba842416702,2021.0,Summer,regular,2021-07-03,BO1,2021-07-02T21:10:28+00:00,HIGH_CONFIDENCE_STRUCTURAL,"season=2021, team=oe:team:a22510a4756fa424cb0771b13261139, cutoff<=2021-07-03T00:00:00+00:00",STRUCTURAL_RECONCILIATION_ONLY
oe_structural:2021:2021-07-04:2c05324042f4,oe:team:a22510a4756fa424cb0771b13261139,oe:team:fc8e90107dabb9a35c490b0d86adea0,period:4f8f85e36ba842416702,2021.0,Summer,regular,2021-07-04,BO1,2021-07-02T21:10:28+00:00,HIGH_CONFIDENCE_STRUCTURAL,"season=2021, team=oe:team:a22510a4756fa424cb0771b13261139, cutoff<=2021-07-04T00:00:00+00:00",STRUCTURAL_RECONCILIATION_ONLY
oe_structural:2021:2021-07-09:c73240e3f7fd,oe:team:a22510a4756fa424cb0771b13261139,oe:team:cbfaf0ca2181f0903d2fcceb6c28f3b,period:4f8f85e36ba842416702,2021.0,Summer,regular,2021-07-09,BO1,2021-07-02T21:10:28+00:00,HIGH_CONFIDENCE_STRUCTURAL,"season=2021, team=oe:team:a22510a4756fa424cb0771b13261139, cutoff<=2021-07-09T00:00:00+00:00",STRUCTURAL_RECONCILIATION_ONLY
oe_structural:2021:2021-07-03:47f710e767fd,oe:team:c334c629fea759876e9e04afbe4aee7,oe:team:a22510a4756fa424cb0771b13261139,period:4f8f85e36ba842416702,2021.0,Summer,regular,2021-07-03,BO1,2021-07-02T21:10:28+00:00,HIGH_CONFIDENCE_STRUCTURAL,"season=2021, team=oe:team:c334c629fea759876e9e04afbe4aee7, cutoff<=2021-07-03T00:00:00+00:00",STRUCTURAL_RECONCILIATION_ONLY
oe_structural:2021:2021-07-03:504ec2d5b1ca,oe:team:c334c629fea759876e9e04afbe4aee7,oe:team:fc8e90107dabb9a35c490b0d86adea0,period:4f8f85e36ba842416702,2021.0,Summer,regular,2021-07-03,BO1,2021-07-02T21:10:28+00:00,HIGH_CONFIDENCE_STRUCTURAL,"season=2021, team=oe:team:c334c629fea759876e9e04afbe4aee7, cutoff<=2021-07-03T00:00:00+00:00",STRUCTURAL_RECONCILIATION_ONLY
oe_structural:2021:2021-07-05:d1593bb7d90e,oe:team:c334c629fea759876e9e04afbe4aee7,oe:team:0dbb780176ecad18f17292d1f5653af,period:4f8f85e36ba842416702,2021.0,Summer,regular,2021-07-05,BO1,2021-07-02T21:10:28+00:00,HIGH_CONFIDENCE_STRUCTURAL,"season=2021, team=oe:team:c334c629fea759876e9e04afbe4aee7, cutoff<=2021-07-05T00:00:00+00:00",STRUCTURAL_RECONCILIATION_ONLY
oe_structural:2021:2021-07-03:3bef69df8314,oe:team:cbfaf0ca2181f0903d2fcceb6c28f3b,oe:team:f7f7324c151aa6ed770b244ce08e027,period:4f8f85e36ba842416702,2021.0,Summer,regular,2021-07-03,BO1,2021-07-02T21:10:28+00:00,HIGH_CONFIDENCE_STRUCTURAL,"season=2021, team=oe:team:cbfaf0ca2181f0903d2fcceb6c28f3b, cutoff<=2021-07-03T00:00:00+00:00",STRUCTURAL_RECONCILIATION_ONLY
oe_structural:2021:2021-07-03:beb1fd6c8790,oe:team:cbfaf0ca2181f0903d2fcceb6c28f3b,oe:team:87ee02298073abc2d55060f097d4041,period:4f8f85e36ba842416702,2021.0,Summer,regular,2021-07-03,BO1,2021-07-02T21:10:28+00:00,HIGH_CONFIDENCE_STRUCTURAL,"season=2021, team=oe:team:cbfaf0ca2181f0903d2fcceb6c28f3b, cutoff<=2021-07-03T00:00:00+00:00",STRUCTURAL_RECONCILIATION_ONLY
oe_structural:2021:2021-07-04:84d271f32727,oe:team:cbfaf0ca2181f0903d2fcceb6c28f3b,oe:team:4bd1751425ef6a9bc9d4d8e9385b4a6,period:4f8f85e36ba842416702,2021.0,Summer,regular,2021-07-04,BO1,2021-07-02T21:10:28+00:00,HIGH_CONFIDENCE_STRUCTURAL,"season=2021, team=oe:team:cbfaf0ca2181f0903d2fcceb6c28f3b, cutoff<=2021-07-04T00:00:00+00:00",STRUCTURAL_RECONCILIATION_ONLY
oe_structural:2021:2021-07-09:c73240e3f7fd,oe:team:cbfaf0ca2181f0903d2fcceb6c28f3b,oe:team:a22510a4756fa424cb0771b13261139,period:4f8f85e36ba842416702,2021.0,Summer,regular,2021-07-09,BO1,2021-07-02T21:10:28+00:00,HIGH_CONFIDENCE_STRUCTURAL,"season=2021, team=oe:team:cbfaf0ca2181f0903d2fcceb6c28f3b, cutoff<=2021-07-09T00:00:00+00:00",STRUCTURAL_RECONCILIATION_ONLY
oe_structural:2021:2021-07-03:3bef69df8314,oe:team:f7f7324c151aa6ed770b244ce08e027,oe:team:cbfaf0ca2181f0903d2fcceb6c28f3b,period:4f8f85e36ba842416702,2021.0,Summer,regular,2021-07-03,BO1,2021-07-02T21:10:28+00:00,HIGH_CONFIDENCE_STRUCTURAL,"season=2021, team=oe:team:f7f7324c151aa6ed770b244ce08e027, cutoff<=2021-07-03T00:00:00+00:00",STRUCTURAL_RECONCILIATION_ONLY
oe_structural:2021:2021-07-04:7926993868aa,oe:team:f7f7324c151aa6ed770b244ce08e027,oe:team:87ee02298073abc2d55060f097d4041,period:4f8f85e36ba842416702,2021.0,Summer,regular,2021-07-04,BO1,2021-07-02T21:10:28+00:00,HIGH_CONFIDENCE_STRUCTURAL,"season=2021, team=oe:team:f7f7324c151aa6ed770b244ce08e027, cutoff<=2021-07-04T00:00:00+00:00",STRUCTURAL_RECONCILIATION_ONLY
oe_structural:2021:2021-07-03:504ec2d5b1ca,oe:team:fc8e90107dabb9a35c490b0d86adea0,oe:team:c334c629fea759876e9e04afbe4aee7,period:4f8f85e36ba842416702,2021.0,Summer,regular,2021-07-03,BO1,2021-07-02T21:10:28+00:00,HIGH_CONFIDENCE_STRUCTURAL,"season=2021, team=oe:team:fc8e90107dabb9a35c490b0d86adea0, cutoff<=2021-07-03T00:00:00+00:00",STRUCTURAL_RECONCILIATION_ONLY
oe_structural:2021:2021-07-03:6eb90844d0ff,oe:team:fc8e90107dabb9a35c490b0d86adea0,oe:team:8eb884e168f28402ce685bedebb5250,period:4f8f85e36ba842416702,2021.0,Summer,regular,2021-07-03,BO1,2021-07-02T21:10:28+00:00,HIGH_CONFIDENCE_STRUCTURAL,"season=2021, team=oe:team:fc8e90107dabb9a35c490b0d86adea0, cutoff<=2021-07-03T00:00:00+00:00",STRUCTURAL_RECONCILIATION_ONLY
oe_structural:2021:2021-07-04:2c05324042f4,oe:team:fc8e90107dabb9a35c490b0d86adea0,oe:team:a22510a4756fa424cb0771b13261139,period:4f8f85e36ba842416702,2021.0,Summer,regular,2021-07-04,BO1,2021-07-02T21:10:28+00:00,HIGH_CONFIDENCE_STRUCTURAL,"season=2021, team=oe:team:fc8e90107dabb9a35c490b0d86adea0, cutoff<=2021-07-04T00:00:00+00:00",STRUCTURAL_RECONCILIATION_ONLY
oe_structural:2021:2021-07-09:1b67a676ef8a,oe:team:fc8e90107dabb9a35c490b0d86adea0,oe:team:2e66da41dc460dd378e3bcc57042d31,period:4f8f85e36ba842416702,2021.0,Summer,regular,2021-07-09,BO1,2021-07-02T21:10:28+00:00,HIGH_CONFIDENCE_STRUCTURAL,"season=2021, team=oe:team:fc8e90107dabb9a35c490b0d86adea0, cutoff<=2021-07-09T00:00:00+00:00",STRUCTURAL_RECONCILIATION_ONLY
oe_structural:2023:2023-02-10:7ef608f64a68,oe:team:0dbb780176ecad18f17292d1f5653af,oe:team:c334c629fea759876e9e04afbe4aee7,period:5193f604ed2f15e301e1,2023.0,Spring,regular,2023-02-10,BO1,2023-02-09T22:07:17+00:00,HIGH_CONFIDENCE_STRUCTURAL,"season=2023, team=oe:team:0dbb780176ecad18f17292d1f5653af, cutoff<=2023-02-10T00:00:00+00:00",STRUCTURAL_RECONCILIATION_ONLY
oe_structural:2023:2023-02-11:eaa370bc76ac,oe:team:0dbb780176ecad18f17292d1f5653af,oe:team:8eb884e168f28402ce685bedebb5250,period:5193f604ed2f15e301e1,2023.0,Spring,regular,2023-02-11,BO1,2023-02-09T22:07:17+00:00,HIGH_CONFIDENCE_STRUCTURAL,"season=2023, team=oe:team:0dbb780176ecad18f17292d1f5653af, cutoff<=2023-02-11T00:00:00+00:00",STRUCTURAL_RECONCILIATION_ONLY
oe_structural:2023:2023-02-10:fb37ffff06b4,oe:team:2e66da41dc460dd378e3bcc57042d31,oe:team:4bd1751425ef6a9bc9d4d8e9385b4a6,period:5193f604ed2f15e301e1,2023.0,Spring,regular,2023-02-10,BO1,2023-02-09T22:07:17+00:00,HIGH_CONFIDENCE_STRUCTURAL,"season=2023, team=oe:team:2e66da41dc460dd378e3bcc57042d31, cutoff<=2023-02-10T00:00:00+00:00",STRUCTURAL_RECONCILIATION_ONLY
oe_structural:2023:2023-02-15:b7ed7c9bcc5e,oe:team:2e66da41dc460dd378e3bcc57042d31,oe:team:c334c629fea759876e9e04afbe4aee7,period:5193f604ed2f15e301e1,2023.0,Spring,regular,2023-02-15,BO1,2023-02-09T22:07:17+00:00,HIGH_CONFIDENCE_STRUCTURAL,"season=2023, team=oe:team:2e66da41dc460dd378e3bcc57042d31, cutoff<=2023-02-15T00:00:00+00:00",STRUCTURAL_RECONCILIATION_ONLY
oe_structural:2023:2023-02-10:62c594910c8d,oe:team:4bd1751425ef6a9bc9d4d8e9385b4a6,oe:team:8eb884e168f28402ce685bedebb5250,period:5193f604ed2f15e301e1,2023.0,Spring,regular,2023-02-10,BO1,2023-02-09T22:07:17+00:00,HIGH_CONFIDENCE_STRUCTURAL,"season=2023, team=oe:team:4bd1751425ef6a9bc9d4d8e9385b4a6, cutoff<=2023-02-10T00:00:00+00:00",STRUCTURAL_RECONCILIATION_ONLY
oe_structural:2023:2023-02-10:fb37ffff06b4,oe:team:4bd1751425ef6a9bc9d4d8e9385b4a6,oe:team:2e66da41dc460dd378e3bcc57042d31,period:5193f604ed2f15e301e1,2023.0,Spring,regular,2023-02-10,BO1,2023-02-09T22:07:17+00:00,HIGH_CONFIDENCE_STRUCTURAL,"season=2023, team=oe:team:4bd1751425ef6a9bc9d4d8e9385b4a6, cutoff<=2023-02-10T00:00:00+00:00",STRUCTURAL_RECONCILIATION_ONLY
oe_structural:2023:2023-02-15:cdc474e79fc4,oe:team:4bd1751425ef6a9bc9d4d8e9385b4a6,oe:team:f7f7324c151aa6ed770b244ce08e027,period:5193f604ed2f15e301e1,2023.0,Spring,regular,2023-02-15,BO1,2023-02-09T22:07:17+00:00,HIGH_CONFIDENCE_STRUCTURAL,"season=2023, team=oe:team:4bd1751425ef6a9bc9d4d8e9385b4a6, cutoff<=2023-02-15T00:00:00+00:00",STRUCTURAL_RECONCILIATION_ONLY
oe_structural:2023:2023-02-10:6d252def2538,oe:team:87ee02298073abc2d55060f097d4041,oe:team:cbfaf0ca2181f0903d2fcceb6c28f3b,period:5193f604ed2f15e301e1,2023.0,Spring,regular,2023-02-10,BO1,2023-02-09T22:07:17+00:00,HIGH_CONFIDENCE_STRUCTURAL,"season=2023, team=oe:team:87ee02298073abc2d55060f097d4041, cutoff<=2023-02-10T00:00:00+00:00",STRUCTURAL_RECONCILIATION_ONLY
oe_structural:2023:2023-02-11:40fbbcc77e84,oe:team:87ee02298073abc2d55060f097d4041,oe:team:c334c629fea759876e9e04afbe4aee7,period:5193f604ed2f15e301e1,2023.0,Spring,regular,2023-02-11,BO1,2023-02-09T22:07:17+00:00,HIGH_CONFIDENCE_STRUCTURAL,"season=2023, team=oe:team:87ee02298073abc2d55060f097d4041, cutoff<=2023-02-11T00:00:00+00:00",STRUCTURAL_RECONCILIATION_ONLY
oe_structural:2023:2023-02-10:62c594910c8d,oe:team:8eb884e168f28402ce685bedebb5250,oe:team:4bd1751425ef6a9bc9d4d8e9385b4a6,period:5193f604ed2f15e301e1,2023.0,Spring,regular,2023-02-10,BO1,2023-02-09T22:07:17+00:00,HIGH_CONFIDENCE_STRUCTURAL,"season=2023, team=oe:team:8eb884e168f28402ce685bedebb5250, cutoff<=2023-02-10T00:00:00+00:00",STRUCTURAL_RECONCILIATION_ONLY
oe_structural:2023:2023-02-11:eaa370bc76ac,oe:team:8eb884e168f28402ce685bedebb5250,oe:team:0dbb780176ecad18f17292d1f5653af,period:5193f604ed2f15e301e1,2023.0,Spring,regular,2023-02-11,BO1,2023-02-09T22:07:17+00:00,HIGH_CONFIDENCE_STRUCTURAL,"season=2023, team=oe:team:8eb884e168f28402ce685bedebb5250, cutoff<=2023-02-11T00:00:00+00:00",STRUCTURAL_RECONCILIATION_ONLY
oe_structural:2023:2023-02-10:abb3482716a4,oe:team:a22510a4756fa424cb0771b13261139,oe:team:cbfaf0ca2181f0903d2fcceb6c28f3b,period:5193f604ed2f15e301e1,2023.0,Spring,regular,2023-02-10,BO1,2023-02-09T22:07:17+00:00,HIGH_CONFIDENCE_STRUCTURAL,"season=2023, team=oe:team:a22510a4756fa424cb0771b13261139, cutoff<=2023-02-10T00:00:00+00:00",STRUCTURAL_RECONCILIATION_ONLY
oe_structural:2023:2023-02-10:7ef608f64a68,oe:team:c334c629fea759876e9e04afbe4aee7,oe:team:0dbb780176ecad18f17292d1f5653af,period:5193f604ed2f15e301e1,2023.0,Spring,regular,2023-02-10,BO1,2023-02-09T22:07:17+00:00,HIGH_CONFIDENCE_STRUCTURAL,"season=2023, team=oe:team:c334c629fea759876e9e04afbe4aee7, cutoff<=2023-02-10T00:00:00+00:00",STRUCTURAL_RECONCILIATION_ONLY
oe_structural:2023:2023-02-11:40fbbcc77e84,oe:team:c334c629fea759876e9e04afbe4aee7,oe:team:87ee02298073abc2d55060f097d4041,period:5193f604ed2f15e301e1,2023.0,Spring,regular,2023-02-11,BO1,2023-02-09T22:07:17+00:00,HIGH_CONFIDENCE_STRUCTURAL,"season=2023, team=oe:team:c334c629fea759876e9e04afbe4aee7, cutoff<=2023-02-11T00:00:00+00:00",STRUCTURAL_RECONCILIATION_ONLY
oe_structural:2023:2023-02-15:b7ed7c9bcc5e,oe:team:c334c629fea759876e9e04afbe4aee7,oe:team:2e66da41dc460dd378e3bcc57042d31,period:5193f604ed2f15e301e1,2023.0,Spring,regular,2023-02-15,BO1,2023-02-09T22:07:17+00:00,HIGH_CONFIDENCE_STRUCTURAL,"season=2023, team=oe:team:c334c629fea759876e9e04afbe4aee7, cutoff<=2023-02-15T00:00:00+00:00",STRUCTURAL_RECONCILIATION_ONLY
oe_structural:2023:2023-02-10:6d252def2538,oe:team:cbfaf0ca2181f0903d2fcceb6c28f3b,oe:team:87ee02298073abc2d55060f097d4041,period:5193f604ed2f15e301e1,2023.0,Spring,regular,2023-02-10,BO1,2023-02-09T22:07:17+00:00,HIGH_CONFIDENCE_STRUCTURAL,"season=2023, team=oe:team:cbfaf0ca2181f0903d2fcceb6c28f3b, cutoff<=2023-02-10T00:00:00+00:00",STRUCTURAL_RECONCILIATION_ONLY
oe_structural:2023:2023-02-10:abb3482716a4,oe:team:cbfaf0ca2181f0903d2fcceb6c28f3b,oe:team:a22510a4756fa424cb0771b13261139,period:5193f604ed2f15e301e1,2023.0,Spring,regular,2023-02-10,BO1,2023-02-09T22:07:17+00:00,HIGH_CONFIDENCE_STRUCTURAL,"season=2023, team=oe:team:cbfaf0ca2181f0903d2fcceb6c28f3b, cutoff<=2023-02-10T00:00:00+00:00",STRUCTURAL_RECONCILIATION_ONLY
oe_structural:2023:2023-02-10:cdc3cd10ac32,oe:team:f7f7324c151aa6ed770b244ce08e027,oe:team:fc8e90107dabb9a35c490b0d86adea0,period:5193f604ed2f15e301e1,2023.0,Spring,regular,2023-02-10,BO1,2023-02-09T22:07:17+00:00,HIGH_CONFIDENCE_STRUCTURAL,"season=2023, team=oe:team:f7f7324c151aa6ed770b244ce08e027, cutoff<=2023-02-10T00:00:00+00:00",STRUCTURAL_RECONCILIATION_ONLY
oe_structural:2023:2023-02-15:cdc474e79fc4,oe:team:f7f7324c151aa6ed770b244ce08e027,oe:team:4bd1751425ef6a9bc9d4d8e9385b4a6,period:5193f604ed2f15e301e1,2023.0,Spring,regular,2023-02-15,BO1,2023-02-09T22:07:17+00:00,HIGH_CONFIDENCE_STRUCTURAL,"season=2023, team=oe:team:f7f7324c151aa6ed770b244ce08e027, cutoff<=2023-02-15T00:00:00+00:00",STRUCTURAL_RECONCILIATION_ONLY
oe_structural:2023:2023-02-10:cdc3cd10ac32,oe:team:fc8e90107dabb9a35c490b0d86adea0,oe:team:f7f7324c151aa6ed770b244ce08e027,period:5193f604ed2f15e301e1,2023.0,Spring,regular,2023-02-10,BO1,2023-02-09T22:07:17+00:00,HIGH_CONFIDENCE_STRUCTURAL,"season=2023, team=oe:team:fc8e90107dabb9a35c490b0d86adea0, cutoff<=2023-02-10T00:00:00+00:00",STRUCTURAL_RECONCILIATION_ONLY
oe_structural:2024:2024-08-23:f063316278eb,oe:team:0dbb780176ecad18f17292d1f5653af,oe:team:e758ebe9a5a2cc81b9c8078479c2d87,period:5218e82018c8910d187b,2024.0,Summer,playoffs,2024-08-23,BO5,2024-08-17T20:07:21+00:00,HIGH_CONFIDENCE_STRUCTURAL,"season=2024, team=oe:team:0dbb780176ecad18f17292d1f5653af, cutoff<=2024-08-23T00:00:00+00:00",STRUCTURAL_RECONCILIATION_ONLY
oe_structural:2024:2024-08-18:c4fa7da537c8,oe:team:2e66da41dc460dd378e3bcc57042d31,oe:team:e758ebe9a5a2cc81b9c8078479c2d87,period:5218e82018c8910d187b,2024.0,Summer,playoffs,2024-08-18,BO5,2024-08-17T20:07:21+00:00,HIGH_CONFIDENCE_STRUCTURAL,"season=2024, team=oe:team:2e66da41dc460dd378e3bcc57042d31, cutoff<=2024-08-18T00:00:00+00:00",STRUCTURAL_RECONCILIATION_ONLY
oe_structural:2024:2024-08-18:c4fa7da537c8,oe:team:e758ebe9a5a2cc81b9c8078479c2d87,oe:team:2e66da41dc460dd378e3bcc57042d31,period:5218e82018c8910d187b,2024.0,Summer,playoffs,2024-08-18,BO5,2024-08-17T20:07:21+00:00,HIGH_CONFIDENCE_STRUCTURAL,"season=2024, team=oe:team:e758ebe9a5a2cc81b9c8078479c2d87, cutoff<=2024-08-18T00:00:00+00:00",STRUCTURAL_RECONCILIATION_ONLY
oe_structural:2024:2024-08-23:f063316278eb,oe:team:e758ebe9a5a2cc81b9c8078479c2d87,oe:team:0dbb780176ecad18f17292d1f5653af,period:5218e82018c8910d187b,2024.0,Summer,playoffs,2024-08-23,BO5,2024-08-17T20:07:21+00:00,HIGH_CONFIDENCE_STRUCTURAL,"season=2024, team=oe:team:e758ebe9a5a2cc81b9c8078479c2d87, cutoff<=2024-08-23T00:00:00+00:00",STRUCTURAL_RECONCILIATION_ONLY
oe_structural:2020:2020-08-30:b36c1b3eeb47,oe:team:2e66da41dc460dd378e3bcc57042d31,oe:team:8eb884e168f28402ce685bedebb5250,period:53a986e97c4e64053db8,2020.0,Summer,playoffs,2020-08-30,BO5,2020-08-29T19:32:38+00:00,HIGH_CONFIDENCE_STRUCTURAL,"season=2020, team=oe:team:2e66da41dc460dd378e3bcc57042d31, cutoff<=2020-08-30T00:00:00+00:00",STRUCTURAL_RECONCILIATION_ONLY
oe_structural:2020:2020-08-30:b36c1b3eeb47,oe:team:8eb884e168f28402ce685bedebb5250,oe:team:2e66da41dc460dd378e3bcc57042d31,period:53a986e97c4e64053db8,2020.0,Summer,playoffs,2020-08-30,BO5,2020-08-29T19:32:38+00:00,HIGH_CONFIDENCE_STRUCTURAL,"season=2020, team=oe:team:8eb884e168f28402ce685bedebb5250, cutoff<=2020-08-30T00:00:00+00:00",STRUCTURAL_RECONCILIATION_ONLY
oe_structural:2020:2020-09-05:7986f7742b21,oe:team:8eb884e168f28402ce685bedebb5250,oe:team:a22510a4756fa424cb0771b13261139,period:53a986e97c4e64053db8,2020.0,Summer,playoffs,2020-09-05,BO5,2020-08-29T19:32:38+00:00,HIGH_CONFIDENCE_STRUCTURAL,"season=2020, team=oe:team:8eb884e168f28402ce685bedebb5250, cutoff<=2020-09-05T00:00:00+00:00",STRUCTURAL_RECONCILIATION_ONLY
oe_structural:2020:2020-09-05:7986f7742b21,oe:team:a22510a4756fa424cb0771b13261139,oe:team:8eb884e168f28402ce685bedebb5250,period:53a986e97c4e64053db8,2020.0,Summer,playoffs,2020-09-05,BO5,2020-08-29T19:32:38+00:00,HIGH_CONFIDENCE_STRUCTURAL,"season=2020, team=oe:team:a22510a4756fa424cb0771b13261139, cutoff<=2020-09-05T00:00:00+00:00",STRUCTURAL_RECONCILIATION_ONLY
oe_structural:2021:2021-02-20:600dc2500ce3,oe:team:0dbb780176ecad18f17292d1f5653af,oe:team:fc8e90107dabb9a35c490b0d86adea0,period:577ed5ecd652eb981e79,2021.0,Spring,regular,2021-02-20,BO1,2021-02-19T22:21:31+00:00,HIGH_CONFIDENCE_STRUCTURAL,"season=2021, team=oe:team:0dbb780176ecad18f17292d1f5653af, cutoff<=2021-02-20T00:00:00+00:00",STRUCTURAL_RECONCILIATION_ONLY
oe_structural:2021:2021-02-21:0a7f5c1bfce1,oe:team:0dbb780176ecad18f17292d1f5653af,oe:team:a22510a4756fa424cb0771b13261139,period:577ed5ecd652eb981e79,2021.0,Spring,regular,2021-02-21,BO1,2021-02-19T22:21:31+00:00,HIGH_CONFIDENCE_STRUCTURAL,"season=2021, team=oe:team:0dbb780176ecad18f17292d1f5653af, cutoff<=2021-02-21T00:00:00+00:00",STRUCTURAL_RECONCILIATION_ONLY
oe_structural:2021:2021-02-21:96e9c022581c,oe:team:2e66da41dc460dd378e3bcc57042d31,oe:team:c334c629fea759876e9e04afbe4aee7,period:577ed5ecd652eb981e79,2021.0,Spring,regular,2021-02-21,BO1,2021-02-19T22:21:31+00:00,HIGH_CONFIDENCE_STRUCTURAL,"season=2021, team=oe:team:2e66da41dc460dd378e3bcc57042d31, cutoff<=2021-02-21T00:00:00+00:00",STRUCTURAL_RECONCILIATION_ONLY
oe_structural:2021:2021-02-21:e24dd45c61d0,oe:team:2e66da41dc460dd378e3bcc57042d31,oe:team:87ee02298073abc2d55060f097d4041,period:577ed5ecd652eb981e79,2021.0,Spring,regular,2021-02-21,BO1,2021-02-19T22:21:31+00:00,HIGH_CONFIDENCE_STRUCTURAL,"season=2021, team=oe:team:2e66da41dc460dd378e3bcc57042d31, cutoff<=2021-02-21T00:00:00+00:00",STRUCTURAL_RECONCILIATION_ONLY
oe_structural:2021:2021-02-20:45eb1e1cac26,oe:team:4bd1751425ef6a9bc9d4d8e9385b4a6,oe:team:a22510a4756fa424cb0771b13261139,period:577ed5ecd652eb981e79,2021.0,Spring,regular,2021-02-20,BO1,2021-02-19T22:21:31+00:00,HIGH_CONFIDENCE_STRUCTURAL,"season=2021, team=oe:team:4bd1751425ef6a9bc9d4d8e9385b4a6, cutoff<=2021-02-20T00:00:00+00:00",STRUCTURAL_RECONCILIATION_ONLY
oe_structural:2021:2021-02-20:936cb74630ab,oe:team:4bd1751425ef6a9bc9d4d8e9385b4a6,oe:team:c334c629fea759876e9e04afbe4aee7,period:577ed5ecd652eb981e79,2021.0,Spring,regular,2021-02-20,BO1,2021-02-19T22:21:31+00:00,HIGH_CONFIDENCE_STRUCTURAL,"season=2021, team=oe:team:4bd1751425ef6a9bc9d4d8e9385b4a6, cutoff<=2021-02-20T00:00:00+00:00",STRUCTURAL_RECONCILIATION_ONLY
oe_structural:2021:2021-02-21:212a411841af,oe:team:4bd1751425ef6a9bc9d4d8e9385b4a6,oe:team:87ee02298073abc2d55060f097d4041,period:577ed5ecd652eb981e79,2021.0,Spring,regular,2021-02-21,BO1,2021-02-19T22:21:31+00:00,HIGH_CONFIDENCE_STRUCTURAL,"season=2021, team=oe:team:4bd1751425ef6a9bc9d4d8e9385b4a6, cutoff<=2021-02-21T00:00:00+00:00",STRUCTURAL_RECONCILIATION_ONLY
oe_structural:2021:2021-02-20:5e58e548e5d5,oe:team:87ee02298073abc2d55060f097d4041,oe:team:8eb884e168f28402ce685bedebb5250,period:577ed5ecd652eb981e79,2021.0,Spring,regular,2021-02-20,BO1,2021-02-19T22:21:31+00:00,HIGH_CONFIDENCE_STRUCTURAL,"season=2021, team=oe:team:87ee02298073abc2d55060f097d4041, cutoff<=2021-02-20T00:00:00+00:00",STRUCTURAL_RECONCILIATION_ONLY
oe_structural:2021:2021-02-21:212a411841af,oe:team:87ee02298073abc2d55060f097d4041,oe:team:4bd1751425ef6a9bc9d4d8e9385b4a6,period:577ed5ecd652eb981e79,2021.0,Spring,regular,2021-02-21,BO1,2021-02-19T22:21:31+00:00,HIGH_CONFIDENCE_STRUCTURAL,"season=2021, team=oe:team:87ee02298073abc2d55060f097d4041, cutoff<=2021-02-21T00:00:00+00:00",STRUCTURAL_RECONCILIATION_ONLY
oe_structural:2021:2021-02-21:e24dd45c61d0,oe:team:87ee02298073abc2d55060f097d4041,oe:team:2e66da41dc460dd378e3bcc57042d31,period:577ed5ecd652eb981e79,2021.0,Spring,regular,2021-02-21,BO1,2021-02-19T22:21:31+00:00,HIGH_CONFIDENCE_STRUCTURAL,"season=2021, team=oe:team:87ee02298073abc2d55060f097d4041, cutoff<=2021-02-21T00:00:00+00:00",STRUCTURAL_RECONCILIATION_ONLY
oe_structural:2021:2021-02-26:bd3b3f30b7c5,oe:team:87ee02298073abc2d55060f097d4041,oe:team:fc8e90107dabb9a35c490b0d86adea0,period:577ed5ecd652eb981e79,2021.0,Spring,regular,2021-02-26,BO1,2021-02-19T22:21:31+00:00,HIGH_CONFIDENCE_STRUCTURAL,"season=2021, team=oe:team:87ee02298073abc2d55060f097d4041, cutoff<=2021-02-26T00:00:00+00:00",STRUCTURAL_RECONCILIATION_ONLY
oe_structural:2021:2021-02-20:5e58e548e5d5,oe:team:8eb884e168f28402ce685bedebb5250,oe:team:87ee02298073abc2d55060f097d4041,period:577ed5ecd652eb981e79,2021.0,Spring,regular,2021-02-20,BO1,2021-02-19T22:21:31+00:00,HIGH_CONFIDENCE_STRUCTURAL,"season=2021, team=oe:team:8eb884e168f28402ce685bedebb5250, cutoff<=2021-02-20T00:00:00+00:00",STRUCTURAL_RECONCILIATION_ONLY
oe_structural:2021:2021-02-20:c70051af0825,oe:team:8eb884e168f28402ce685bedebb5250,oe:team:f7f7324c151aa6ed770b244ce08e027,period:577ed5ecd652eb981e79,2021.0,Spring,regular,2021-02-20,BO1,2021-02-19T22:21:31+00:00,HIGH_CONFIDENCE_STRUCTURAL,"season=2021, team=oe:team:8eb884e168f28402ce685bedebb5250, cutoff<=2021-02-20T00:00:00+00:00",STRUCTURAL_RECONCILIATION_ONLY
oe_structural:2021:2021-02-22:274ce0e9200c,oe:team:8eb884e168f28402ce685bedebb5250,oe:team:fc8e90107dabb9a35c490b0d86adea0,period:577ed5ecd652eb981e79,2021.0,Spring,regular,2021-02-22,BO1,2021-02-19T22:21:31+00:00,HIGH_CONFIDENCE_STRUCTURAL,"season=2021, team=oe:team:8eb884e168f28402ce685bedebb5250, cutoff<=2021-02-22T00:00:00+00:00",STRUCTURAL_RECONCILIATION_ONLY
oe_structural:2021:2021-02-26:250ebb558e75,oe:team:8eb884e168f28402ce685bedebb5250,oe:team:a22510a4756fa424cb0771b13261139,period:577ed5ecd652eb981e79,2021.0,Spring,regular,2021-02-26,BO1,2021-02-19T22:21:31+00:00,HIGH_CONFIDENCE_STRUCTURAL,"season=2021, team=oe:team:8eb884e168f28402ce685bedebb5250, cutoff<=2021-02-26T00:00:00+00:00",STRUCTURAL_RECONCILIATION_ONLY
oe_structural:2021:2021-02-20:45eb1e1cac26,oe:team:a22510a4756fa424cb0771b13261139,oe:team:4bd1751425ef6a9bc9d4d8e9385b4a6,period:577ed5ecd652eb981e79,2021.0,Spring,regular,2021-02-20,BO1,2021-02-19T22:21:31+00:00,HIGH_CONFIDENCE_STRUCTURAL,"season=2021, team=oe:team:a22510a4756fa424cb0771b13261139, cutoff<=2021-02-20T00:00:00+00:00",STRUCTURAL_RECONCILIATION_ONLY
oe_structural:2021:2021-02-20:9d94964777f8,oe:team:a22510a4756fa424cb0771b13261139,oe:team:f7f7324c151aa6ed770b244ce08e027,period:577ed5ecd652eb981e79,2021.0,Spring,regular,2021-02-20,BO1,2021-02-19T22:21:31+00:00,HIGH_CONFIDENCE_STRUCTURAL,"season=2021, team=oe:team:a22510a4756fa424cb0771b13261139, cutoff<=2021-02-20T00:00:00+00:00",STRUCTURAL_RECONCILIATION_ONLY
oe_structural:2021:2021-02-21:0a7f5c1bfce1,oe:team:a22510a4756fa424cb0771b13261139,oe:team:0dbb780176ecad18f17292d1f5653af,period:577ed5ecd652eb981e79,2021.0,Spring,regular,2021-02-21,BO1,2021-02-19T22:21:31+00:00,HIGH_CONFIDENCE_STRUCTURAL,"season=2021, team=oe:team:a22510a4756fa424cb0771b13261139, cutoff<=2021-02-21T00:00:00+00:00",STRUCTURAL_RECONCILIATION_ONLY
oe_structural:2021:2021-02-26:250ebb558e75,oe:team:a22510a4756fa424cb0771b13261139,oe:team:8eb884e168f28402ce685bedebb5250,period:577ed5ecd652eb981e79,2021.0,Spring,regular,2021-02-26,BO1,2021-02-19T22:21:31+00:00,HIGH_CONFIDENCE_STRUCTURAL,"season=2021, team=oe:team:a22510a4756fa424cb0771b13261139, cutoff<=2021-02-26T00:00:00+00:00",STRUCTURAL_RECONCILIATION_ONLY
oe_structural:2021:2021-02-20:145082e5e0f5,oe:team:c334c629fea759876e9e04afbe4aee7,oe:team:cbfaf0ca2181f0903d2fcceb6c28f3b,period:577ed5ecd652eb981e79,2021.0,Spring,regular,2021-02-20,BO1,2021-02-19T22:21:31+00:00,HIGH_CONFIDENCE_STRUCTURAL,"season=2021, team=oe:team:c334c629fea759876e9e04afbe4aee7, cutoff<=2021-02-20T00:00:00+00:00",STRUCTURAL_RECONCILIATION_ONLY
oe_structural:2021:2021-02-20:936cb74630ab,oe:team:c334c629fea759876e9e04afbe4aee7,oe:team:4bd1751425ef6a9bc9d4d8e9385b4a6,period:577ed5ecd652eb981e79,2021.0,Spring,regular,2021-02-20,BO1,2021-02-19T22:21:31+00:00,HIGH_CONFIDENCE_STRUCTURAL,"season=2021, team=oe:team:c334c629fea759876e9e04afbe4aee7, cutoff<=2021-02-20T00:00:00+00:00",STRUCTURAL_RECONCILIATION_ONLY
oe_structural:2021:2021-02-21:96e9c022581c,oe:team:c334c629fea759876e9e04afbe4aee7,oe:team:2e66da41dc460dd378e3bcc57042d31,period:577ed5ecd652eb981e79,2021.0,Spring,regular,2021-02-21,BO1,2021-02-19T22:21:31+00:00,HIGH_CONFIDENCE_STRUCTURAL,"season=2021, team=oe:team:c334c629fea759876e9e04afbe4aee7, cutoff<=2021-02-21T00:00:00+00:00",STRUCTURAL_RECONCILIATION_ONLY
oe_structural:2021:2021-02-20:145082e5e0f5,oe:team:cbfaf0ca2181f0903d2fcceb6c28f3b,oe:team:c334c629fea759876e9e04afbe4aee7,period:577ed5ecd652eb981e79,2021.0,Spring,regular,2021-02-20,BO1,2021-02-19T22:21:31+00:00,HIGH_CONFIDENCE_STRUCTURAL,"season=2021, team=oe:team:cbfaf0ca2181f0903d2fcceb6c28f3b, cutoff<=2021-02-20T00:00:00+00:00",STRUCTURAL_RECONCILIATION_ONLY
oe_structural:2021:2021-02-22:b32332c824de,oe:team:cbfaf0ca2181f0903d2fcceb6c28f3b,oe:team:f7f7324c151aa6ed770b244ce08e027,period:577ed5ecd652eb981e79,2021.0,Spring,regular,2021-02-22,BO1,2021-02-19T22:21:31+00:00,HIGH_CONFIDENCE_STRUCTURAL,"season=2021, team=oe:team:cbfaf0ca2181f0903d2fcceb6c28f3b, cutoff<=2021-02-22T00:00:00+00:00",STRUCTURAL_RECONCILIATION_ONLY
oe_structural:2021:2021-02-20:9d94964777f8,oe:team:f7f7324c151aa6ed770b244ce08e027,oe:team:a22510a4756fa424cb0771b13261139,period:577ed5ecd652eb981e79,2021.0,Spring,regular,2021-02-20,BO1,2021-02-19T22:21:31+00:00,HIGH_CONFIDENCE_STRUCTURAL,"season=2021, team=oe:team:f7f7324c151aa6ed770b244ce08e027, cutoff<=2021-02-20T00:00:00+00:00",STRUCTURAL_RECONCILIATION_ONLY
oe_structural:2021:2021-02-20:c70051af0825,oe:team:f7f7324c151aa6ed770b244ce08e027,oe:team:8eb884e168f28402ce685bedebb5250,period:577ed5ecd652eb981e79,2021.0,Spring,regular,2021-02-20,BO1,2021-02-19T22:21:31+00:00,HIGH_CONFIDENCE_STRUCTURAL,"season=2021, team=oe:team:f7f7324c151aa6ed770b244ce08e027, cutoff<=2021-02-20T00:00:00+00:00",STRUCTURAL_RECONCILIATION_ONLY
oe_structural:2021:2021-02-22:b32332c824de,oe:team:f7f7324c151aa6ed770b244ce08e027,oe:team:cbfaf0ca2181f0903d2fcceb6c28f3b,period:577ed5ecd652eb981e79,2021.0,Spring,regular,2021-02-22,BO1,2021-02-19T22:21:31+00:00,HIGH_CONFIDENCE_STRUCTURAL,"season=2021, team=oe:team:f7f7324c151aa6ed770b244ce08e027, cutoff<=2021-02-22T00:00:00+00:00",STRUCTURAL_RECONCILIATION_ONLY
oe_structural:2021:2021-02-20:600dc2500ce3,oe:team:fc8e90107dabb9a35c490b0d86adea0,oe:team:0dbb780176ecad18f17292d1f5653af,period:577ed5ecd652eb981e79,2021.0,Spring,regular,2021-02-20,BO1,2021-02-19T22:21:31+00:00,HIGH_CONFIDENCE_STRUCTURAL,"season=2021, team=oe:team:fc8e90107dabb9a35c490b0d86adea0, cutoff<=2021-02-20T00:00:00+00:00",STRUCTURAL_RECONCILIATION_ONLY
oe_structural:2021:2021-02-22:274ce0e9200c,oe:team:fc8e90107dabb9a35c490b0d86adea0,oe:team:8eb884e168f28402ce685bedebb5250,period:577ed5ecd652eb981e79,2021.0,Spring,regular,2021-02-22,BO1,2021-02-19T22:21:31+00:00,HIGH_CONFIDENCE_STRUCTURAL,"season=2021, team=oe:team:fc8e90107dabb9a35c490b0d86adea0, cutoff<=2021-02-22T00:00:00+00:00",STRUCTURAL_RECONCILIATION_ONLY
oe_structural:2021:2021-02-26:bd3b3f30b7c5,oe:team:fc8e90107dabb9a35c490b0d86adea0,oe:team:87ee02298073abc2d55060f097d4041,period:577ed5ecd652eb981e79,2021.0,Spring,regular,2021-02-26,BO1,2021-02-19T22:21:31+00:00,HIGH_CONFIDENCE_STRUCTURAL,"season=2021, team=oe:team:fc8e90107dabb9a35c490b0d86adea0, cutoff<=2021-02-26T00:00:00+00:00",STRUCTURAL_RECONCILIATION_ONLY
oe_structural:2020:2020-04-07:4f63601625d9,oe:team:2e66da41dc460dd378e3bcc57042d31,oe:team:87ee02298073abc2d55060f097d4041,period:5a2658b56ec5d5c6a04d,2020.0,Spring,playoffs,2020-04-07,BO5,2020-04-04T19:44:42+00:00,HIGH_CONFIDENCE_STRUCTURAL,"season=2020, team=oe:team:2e66da41dc460dd378e3bcc57042d31, cutoff<=2020-04-07T00:00:00+00:00",STRUCTURAL_RECONCILIATION_ONLY
oe_structural:2020:2020-04-12:c6186c8b4ece,oe:team:2e66da41dc460dd378e3bcc57042d31,oe:team:a22510a4756fa424cb0771b13261139,period:5a2658b56ec5d5c6a04d,2020.0,Spring,playoffs,2020-04-12,BO5,2020-04-04T19:44:42+00:00,HIGH_CONFIDENCE_STRUCTURAL,"season=2020, team=oe:team:2e66da41dc460dd378e3bcc57042d31, cutoff<=2020-04-12T00:00:00+00:00",STRUCTURAL_RECONCILIATION_ONLY
oe_structural:2020:2020-04-18:d8d3ca0008c4,oe:team:2e66da41dc460dd378e3bcc57042d31,oe:team:f7f7324c151aa6ed770b244ce08e027,period:5a2658b56ec5d5c6a04d,2020.0,Spring,playoffs,2020-04-18,BO5,2020-04-04T19:44:42+00:00,HIGH_CONFIDENCE_STRUCTURAL,"season=2020, team=oe:team:2e66da41dc460dd378e3bcc57042d31, cutoff<=2020-04-18T00:00:00+00:00",STRUCTURAL_RECONCILIATION_ONLY
oe_structural:2020:2020-04-05:60d7953058f0,oe:team:4bd1751425ef6a9bc9d4d8e9385b4a6,oe:team:fc8e90107dabb9a35c490b0d86adea0,period:5a2658b56ec5d5c6a04d,2020.0,Spring,playoffs,2020-04-05,BO5,2020-04-04T19:44:42+00:00,HIGH_CONFIDENCE_STRUCTURAL,"season=2020, team=oe:team:4bd1751425ef6a9bc9d4d8e9385b4a6, cutoff<=2020-04-05T00:00:00+00:00",STRUCTURAL_RECONCILIATION_ONLY
oe_structural:2020:2020-04-08:576b3181fc9a,oe:team:4bd1751425ef6a9bc9d4d8e9385b4a6,oe:team:a22510a4756fa424cb0771b13261139,period:5a2658b56ec5d5c6a04d,2020.0,Spring,playoffs,2020-04-08,BO5,2020-04-04T19:44:42+00:00,HIGH_CONFIDENCE_STRUCTURAL,"season=2020, team=oe:team:4bd1751425ef6a9bc9d4d8e9385b4a6, cutoff<=2020-04-08T00:00:00+00:00",STRUCTURAL_RECONCILIATION_ONLY
oe_structural:2020:2020-06-13:cf925603bd3f,oe:team:4bd1751425ef6a9bc9d4d8e9385b4a6,oe:team:f7f7324c151aa6ed770b244ce08e027,period:5a2658b56ec5d5c6a04d,2020.0,Summer,regular,2020-06-13,BO1,2020-04-04T19:44:42+00:00,HIGH_CONFIDENCE_STRUCTURAL,"season=2020, team=oe:team:4bd1751425ef6a9bc9d4d8e9385b4a6, cutoff<=2020-06-13T00:00:00+00:00",STRUCTURAL_RECONCILIATION_ONLY
oe_structural:2020:2020-04-07:4f63601625d9,oe:team:87ee02298073abc2d55060f097d4041,oe:team:2e66da41dc460dd378e3bcc57042d31,period:5a2658b56ec5d5c6a04d,2020.0,Spring,playoffs,2020-04-07,BO5,2020-04-04T19:44:42+00:00,HIGH_CONFIDENCE_STRUCTURAL,"season=2020, team=oe:team:87ee02298073abc2d55060f097d4041, cutoff<=2020-04-07T00:00:00+00:00",STRUCTURAL_RECONCILIATION_ONLY
oe_structural:2020:2020-06-13:9401acf8a4d1,oe:team:87ee02298073abc2d55060f097d4041,oe:team:0dbb780176ecad18f17292d1f5653af,period:5a2658b56ec5d5c6a04d,2020.0,Summer,regular,2020-06-13,BO1,2020-04-04T19:44:42+00:00,HIGH_CONFIDENCE_STRUCTURAL,"season=2020, team=oe:team:87ee02298073abc2d55060f097d4041, cutoff<=2020-06-13T00:00:00+00:00",STRUCTURAL_RECONCILIATION_ONLY
oe_structural:2020:2020-04-08:576b3181fc9a,oe:team:a22510a4756fa424cb0771b13261139,oe:team:4bd1751425ef6a9bc9d4d8e9385b4a6,period:5a2658b56ec5d5c6a04d,2020.0,Spring,playoffs,2020-04-08,BO5,2020-04-04T19:44:42+00:00,HIGH_CONFIDENCE_STRUCTURAL,"season=2020, team=oe:team:a22510a4756fa424cb0771b13261139, cutoff<=2020-04-08T00:00:00+00:00",STRUCTURAL_RECONCILIATION_ONLY
oe_structural:2020:2020-04-12:c6186c8b4ece,oe:team:a22510a4756fa424cb0771b13261139,oe:team:2e66da41dc460dd378e3bcc57042d31,period:5a2658b56ec5d5c6a04d,2020.0,Spring,playoffs,2020-04-12,BO5,2020-04-04T19:44:42+00:00,HIGH_CONFIDENCE_STRUCTURAL,"season=2020, team=oe:team:a22510a4756fa424cb0771b13261139, cutoff<=2020-04-12T00:00:00+00:00",STRUCTURAL_RECONCILIATION_ONLY
oe_structural:2020:2020-06-13:c91117e1fb66,oe:team:a22510a4756fa424cb0771b13261139,oe:team:8eb884e168f28402ce685bedebb5250,period:5a2658b56ec5d5c6a04d,2020.0,Summer,regular,2020-06-13,BO1,2020-04-04T19:44:42+00:00,HIGH_CONFIDENCE_STRUCTURAL,"season=2020, team=oe:team:a22510a4756fa424cb0771b13261139, cutoff<=2020-06-13T00:00:00+00:00",STRUCTURAL_RECONCILIATION_ONLY
oe_structural:2020:2020-04-11:e6659d03d31d,oe:team:f7f7324c151aa6ed770b244ce08e027,oe:team:fc8e90107dabb9a35c490b0d86adea0,period:5a2658b56ec5d5c6a04d,2020.0,Spring,playoffs,2020-04-11,BO5,2020-04-04T19:44:42+00:00,HIGH_CONFIDENCE_STRUCTURAL,"season=2020, team=oe:team:f7f7324c151aa6ed770b244ce08e027, cutoff<=2020-04-11T00:00:00+00:00",STRUCTURAL_RECONCILIATION_ONLY
oe_structural:2020:2020-04-18:d8d3ca0008c4,oe:team:f7f7324c151aa6ed770b244ce08e027,oe:team:2e66da41dc460dd378e3bcc57042d31,period:5a2658b56ec5d5c6a04d,2020.0,Spring,playoffs,2020-04-18,BO5,2020-04-04T19:44:42+00:00,HIGH_CONFIDENCE_STRUCTURAL,"season=2020, team=oe:team:f7f7324c151aa6ed770b244ce08e027, cutoff<=2020-04-18T00:00:00+00:00",STRUCTURAL_RECONCILIATION_ONLY
oe_structural:2020:2020-04-05:60d7953058f0,oe:team:fc8e90107dabb9a35c490b0d86adea0,oe:team:4bd1751425ef6a9bc9d4d8e9385b4a6,period:5a2658b56ec5d5c6a04d,2020.0,Spring,playoffs,2020-04-05,BO5,2020-04-04T19:44:42+00:00,HIGH_CONFIDENCE_STRUCTURAL,"season=2020, team=oe:team:fc8e90107dabb9a35c490b0d86adea0, cutoff<=2020-04-05T00:00:00+00:00",STRUCTURAL_RECONCILIATION_ONLY
oe_structural:2020:2020-04-11:e6659d03d31d,oe:team:fc8e90107dabb9a35c490b0d86adea0,oe:team:f7f7324c151aa6ed770b244ce08e027,period:5a2658b56ec5d5c6a04d,2020.0,Spring,playoffs,2020-04-11,BO5,2020-04-04T19:44:42+00:00,HIGH_CONFIDENCE_STRUCTURAL,"season=2020, team=oe:team:fc8e90107dabb9a35c490b0d86adea0, cutoff<=2020-04-11T00:00:00+00:00",STRUCTURAL_RECONCILIATION_ONLY
oe_structural:2022:2022-02-06:3392dd99dbdb,oe:team:0dbb780176ecad18f17292d1f5653af,oe:team:a22510a4756fa424cb0771b13261139,period:5a26c3b6318c7b633520,2022.0,Spring,regular,2022-02-06,BO1,2022-02-05T20:33:18+00:00,HIGH_CONFIDENCE_STRUCTURAL,"season=2022, team=oe:team:0dbb780176ecad18f17292d1f5653af, cutoff<=2022-02-06T00:00:00+00:00",STRUCTURAL_RECONCILIATION_ONLY
oe_structural:2022:2022-02-06:ade2faec4af8,oe:team:0dbb780176ecad18f17292d1f5653af,oe:team:c334c629fea759876e9e04afbe4aee7,period:5a26c3b6318c7b633520,2022.0,Spring,regular,2022-02-06,BO1,2022-02-05T20:33:18+00:00,HIGH_CONFIDENCE_STRUCTURAL,"season=2022, team=oe:team:0dbb780176ecad18f17292d1f5653af, cutoff<=2022-02-06T00:00:00+00:00",STRUCTURAL_RECONCILIATION_ONLY
oe_structural:2022:2022-02-12:7c92167051a4,oe:team:0dbb780176ecad18f17292d1f5653af,oe:team:f7f7324c151aa6ed770b244ce08e027,period:5a26c3b6318c7b633520,2022.0,Spring,regular,2022-02-12,BO1,2022-02-05T20:33:18+00:00,HIGH_CONFIDENCE_STRUCTURAL,"season=2022, team=oe:team:0dbb780176ecad18f17292d1f5653af, cutoff<=2022-02-12T00:00:00+00:00",STRUCTURAL_RECONCILIATION_ONLY
oe_structural:2022:2022-02-06:00fd939dcbcc,oe:team:2e66da41dc460dd378e3bcc57042d31,oe:team:87ee02298073abc2d55060f097d4041,period:5a26c3b6318c7b633520,2022.0,Spring,regular,2022-02-06,BO1,2022-02-05T20:33:18+00:00,HIGH_CONFIDENCE_STRUCTURAL,"season=2022, team=oe:team:2e66da41dc460dd378e3bcc57042d31, cutoff<=2022-02-06T00:00:00+00:00",STRUCTURAL_RECONCILIATION_ONLY
oe_structural:2022:2022-02-06:62ad48a4f38b,oe:team:4bd1751425ef6a9bc9d4d8e9385b4a6,oe:team:cbfaf0ca2181f0903d2fcceb6c28f3b,period:5a26c3b6318c7b633520,2022.0,Spring,regular,2022-02-06,BO1,2022-02-05T20:33:18+00:00,HIGH_CONFIDENCE_STRUCTURAL,"season=2022, team=oe:team:4bd1751425ef6a9bc9d4d8e9385b4a6, cutoff<=2022-02-06T00:00:00+00:00",STRUCTURAL_RECONCILIATION_ONLY
oe_structural:2022:2022-02-12:0490566140a2,oe:team:4bd1751425ef6a9bc9d4d8e9385b4a6,oe:team:c334c629fea759876e9e04afbe4aee7,period:5a26c3b6318c7b633520,2022.0,Spring,regular,2022-02-12,BO1,2022-02-05T20:33:18+00:00,HIGH_CONFIDENCE_STRUCTURAL,"season=2022, team=oe:team:4bd1751425ef6a9bc9d4d8e9385b4a6, cutoff<=2022-02-12T00:00:00+00:00",STRUCTURAL_RECONCILIATION_ONLY
oe_structural:2022:2022-02-06:00fd939dcbcc,oe:team:87ee02298073abc2d55060f097d4041,oe:team:2e66da41dc460dd378e3bcc57042d31,period:5a26c3b6318c7b633520,2022.0,Spring,regular,2022-02-06,BO1,2022-02-05T20:33:18+00:00,HIGH_CONFIDENCE_STRUCTURAL,"season=2022, team=oe:team:87ee02298073abc2d55060f097d4041, cutoff<=2022-02-06T00:00:00+00:00",STRUCTURAL_RECONCILIATION_ONLY
oe_structural:2022:2022-02-06:3d945757a5c2,oe:team:87ee02298073abc2d55060f097d4041,oe:team:fc8e90107dabb9a35c490b0d86adea0,period:5a26c3b6318c7b633520,2022.0,Spring,regular,2022-02-06,BO1,2022-02-05T20:33:18+00:00,HIGH_CONFIDENCE_STRUCTURAL,"season=2022, team=oe:team:87ee02298073abc2d55060f097d4041, cutoff<=2022-02-06T00:00:00+00:00",STRUCTURAL_RECONCILIATION_ONLY
oe_structural:2022:2022-02-07:7e65f97e672f,oe:team:8eb884e168f28402ce685bedebb5250,oe:team:c334c629fea759876e9e04afbe4aee7,period:5a26c3b6318c7b633520,2022.0,Spring,regular,2022-02-07,BO1,2022-02-05T20:33:18+00:00,HIGH_CONFIDENCE_STRUCTURAL,"season=2022, team=oe:team:8eb884e168f28402ce685bedebb5250, cutoff<=2022-02-07T00:00:00+00:00",STRUCTURAL_RECONCILIATION_ONLY
oe_structural:2022:2022-02-12:c400b64ccc8d,oe:team:8eb884e168f28402ce685bedebb5250,oe:team:fc8e90107dabb9a35c490b0d86adea0,period:5a26c3b6318c7b633520,2022.0,Spring,regular,2022-02-12,BO1,2022-02-05T20:33:18+00:00,HIGH_CONFIDENCE_STRUCTURAL,"season=2022, team=oe:team:8eb884e168f28402ce685bedebb5250, cutoff<=2022-02-12T00:00:00+00:00",STRUCTURAL_RECONCILIATION_ONLY
oe_structural:2022:2022-02-06:3392dd99dbdb,oe:team:a22510a4756fa424cb0771b13261139,oe:team:0dbb780176ecad18f17292d1f5653af,period:5a26c3b6318c7b633520,2022.0,Spring,regular,2022-02-06,BO1,2022-02-05T20:33:18+00:00,HIGH_CONFIDENCE_STRUCTURAL,"season=2022, team=oe:team:a22510a4756fa424cb0771b13261139, cutoff<=2022-02-06T00:00:00+00:00",STRUCTURAL_RECONCILIATION_ONLY
oe_structural:2022:2022-02-06:ade2faec4af8,oe:team:c334c629fea759876e9e04afbe4aee7,oe:team:0dbb780176ecad18f17292d1f5653af,period:5a26c3b6318c7b633520,2022.0,Spring,regular,2022-02-06,BO1,2022-02-05T20:33:18+00:00,HIGH_CONFIDENCE_STRUCTURAL,"season=2022, team=oe:team:c334c629fea759876e9e04afbe4aee7, cutoff<=2022-02-06T00:00:00+00:00",STRUCTURAL_RECONCILIATION_ONLY
oe_structural:2022:2022-02-07:7e65f97e672f,oe:team:c334c629fea759876e9e04afbe4aee7,oe:team:8eb884e168f28402ce685bedebb5250,period:5a26c3b6318c7b633520,2022.0,Spring,regular,2022-02-07,BO1,2022-02-05T20:33:18+00:00,HIGH_CONFIDENCE_STRUCTURAL,"season=2022, team=oe:team:c334c629fea759876e9e04afbe4aee7, cutoff<=2022-02-07T00:00:00+00:00",STRUCTURAL_RECONCILIATION_ONLY
oe_structural:2022:2022-02-12:0490566140a2,oe:team:c334c629fea759876e9e04afbe4aee7,oe:team:4bd1751425ef6a9bc9d4d8e9385b4a6,period:5a26c3b6318c7b633520,2022.0,Spring,regular,2022-02-12,BO1,2022-02-05T20:33:18+00:00,HIGH_CONFIDENCE_STRUCTURAL,"season=2022, team=oe:team:c334c629fea759876e9e04afbe4aee7, cutoff<=2022-02-12T00:00:00+00:00",STRUCTURAL_RECONCILIATION_ONLY
oe_structural:2022:2022-02-06:62ad48a4f38b,oe:team:cbfaf0ca2181f0903d2fcceb6c28f3b,oe:team:4bd1751425ef6a9bc9d4d8e9385b4a6,period:5a26c3b6318c7b633520,2022.0,Spring,regular,2022-02-06,BO1,2022-02-05T20:33:18+00:00,HIGH_CONFIDENCE_STRUCTURAL,"season=2022, team=oe:team:cbfaf0ca2181f0903d2fcceb6c28f3b, cutoff<=2022-02-06T00:00:00+00:00",STRUCTURAL_RECONCILIATION_ONLY
oe_structural:2022:2022-02-06:4a86a32f7a56,oe:team:f7f7324c151aa6ed770b244ce08e027,oe:team:fc8e90107dabb9a35c490b0d86adea0,period:5a26c3b6318c7b633520,2022.0,Spring,regular,2022-02-06,BO1,2022-02-05T20:33:18+00:00,HIGH_CONFIDENCE_STRUCTURAL,"season=2022, team=oe:team:f7f7324c151aa6ed770b244ce08e027, cutoff<=2022-02-06T00:00:00+00:00",STRUCTURAL_RECONCILIATION_ONLY
oe_structural:2022:2022-02-12:7c92167051a4,oe:team:f7f7324c151aa6ed770b244ce08e027,oe:team:0dbb780176ecad18f17292d1f5653af,period:5a26c3b6318c7b633520,2022.0,Spring,regular,2022-02-12,BO1,2022-02-05T20:33:18+00:00,HIGH_CONFIDENCE_STRUCTURAL,"season=2022, team=oe:team:f7f7324c151aa6ed770b244ce08e027, cutoff<=2022-02-12T00:00:00+00:00",STRUCTURAL_RECONCILIATION_ONLY
oe_structural:2022:2022-02-06:3d945757a5c2,oe:team:fc8e90107dabb9a35c490b0d86adea0,oe:team:87ee02298073abc2d55060f097d4041,period:5a26c3b6318c7b633520,2022.0,Spring,regular,2022-02-06,BO1,2022-02-05T20:33:18+00:00,HIGH_CONFIDENCE_STRUCTURAL,"season=2022, team=oe:team:fc8e90107dabb9a35c490b0d86adea0, cutoff<=2022-02-06T00:00:00+00:00",STRUCTURAL_RECONCILIATION_ONLY
oe_structural:2022:2022-02-06:4a86a32f7a56,oe:team:fc8e90107dabb9a35c490b0d86adea0,oe:team:f7f7324c151aa6ed770b244ce08e027,period:5a26c3b6318c7b633520,2022.0,Spring,regular,2022-02-06,BO1,2022-02-05T20:33:18+00:00,HIGH_CONFIDENCE_STRUCTURAL,"season=2022, team=oe:team:fc8e90107dabb9a35c490b0d86adea0, cutoff<=2022-02-06T00:00:00+00:00",STRUCTURAL_RECONCILIATION_ONLY
oe_structural:2022:2022-02-12:c400b64ccc8d,oe:team:fc8e90107dabb9a35c490b0d86adea0,oe:team:8eb884e168f28402ce685bedebb5250,period:5a26c3b6318c7b633520,2022.0,Spring,regular,2022-02-12,BO1,2022-02-05T20:33:18+00:00,HIGH_CONFIDENCE_STRUCTURAL,"season=2022, team=oe:team:fc8e90107dabb9a35c490b0d86adea0, cutoff<=2022-02-12T00:00:00+00:00",STRUCTURAL_RECONCILIATION_ONLY
oe_structural:2026:2026-08-01:9300622af391,oe:team:0dbb780176ecad18f17292d1f5653af,oe:team:fc8e90107dabb9a35c490b0d86adea0,period:5afe139f56d9c0db8f2d,2026.0,Summer,regular,2026-08-01,BO1,2026-07-25T20:13:30+00:00,HIGH_CONFIDENCE_STRUCTURAL,"season=2026, team=oe:team:0dbb780176ecad18f17292d1f5653af, cutoff<=2026-08-01T00:00:00+00:00",STRUCTURAL_RECONCILIATION_ONLY
oe_structural:2026:2026-07-26:61d07f957207,oe:team:289284911fb6f41c0ccaecc3a0c2891,oe:team:b360f1d729b0a8e0f29a5243c4200fa,period:5afe139f56d9c0db8f2d,2026.0,Summer,regular,2026-07-26,BO1,2026-07-25T20:13:30+00:00,HIGH_CONFIDENCE_STRUCTURAL,"season=2026, team=oe:team:289284911fb6f41c0ccaecc3a0c2891, cutoff<=2026-07-26T00:00:00+00:00",STRUCTURAL_RECONCILIATION_ONLY
oe_structural:2026:2026-08-01:504ea0e26d5b,oe:team:289284911fb6f41c0ccaecc3a0c2891,oe:team:2e66da41dc460dd378e3bcc57042d31,period:5afe139f56d9c0db8f2d,2026.0,Summer,regular,2026-08-01,BO1,2026-07-25T20:13:30+00:00,HIGH_CONFIDENCE_STRUCTURAL,"season=2026, team=oe:team:289284911fb6f41c0ccaecc3a0c2891, cutoff<=2026-08-01T00:00:00+00:00",STRUCTURAL_RECONCILIATION_ONLY
oe_structural:2026:2026-08-02:2a210a2afbfc,oe:team:289284911fb6f41c0ccaecc3a0c2891,oe:team:2e66da41dc460dd378e3bcc57042d31,period:5afe139f56d9c0db8f2d,2026.0,Summer,regular,2026-08-02,BO1,2026-07-25T20:13:30+00:00,HIGH_CONFIDENCE_STRUCTURAL,"season=2026, team=oe:team:289284911fb6f41c0ccaecc3a0c2891, cutoff<=2026-08-02T00:00:00+00:00",STRUCTURAL_RECONCILIATION_ONLY
oe_structural:2026:2026-08-01:504ea0e26d5b,oe:team:2e66da41dc460dd378e3bcc57042d31,oe:team:289284911fb6f41c0ccaecc3a0c2891,period:5afe139f56d9c0db8f2d,2026.0,Summer,regular,2026-08-01,BO1,2026-07-25T20:13:30+00:00,HIGH_CONFIDENCE_STRUCTURAL,"season=2026, team=oe:team:2e66da41dc460dd378e3bcc57042d31, cutoff<=2026-08-01T00:00:00+00:00",STRUCTURAL_RECONCILIATION_ONLY
oe_structural:2026:2026-08-02:2a210a2afbfc,oe:team:2e66da41dc460dd378e3bcc57042d31,oe:team:289284911fb6f41c0ccaecc3a0c2891,period:5afe139f56d9c0db8f2d,2026.0,Summer,regular,2026-08-02,BO1,2026-07-25T20:13:30+00:00,HIGH_CONFIDENCE_STRUCTURAL,"season=2026, team=oe:team:2e66da41dc460dd378e3bcc57042d31, cutoff<=2026-08-02T00:00:00+00:00",STRUCTURAL_RECONCILIATION_ONLY
oe_structural:2026:2026-07-26:7f27354c57c7,oe:team:8eb884e168f28402ce685bedebb5250,oe:team:fc8e90107dabb9a35c490b0d86adea0,period:5afe139f56d9c0db8f2d,2026.0,Summer,regular,2026-07-26,BO1,2026-07-25T20:13:30+00:00,HIGH_CONFIDENCE_STRUCTURAL,"season=2026, team=oe:team:8eb884e168f28402ce685bedebb5250, cutoff<=2026-07-26T00:00:00+00:00",STRUCTURAL_RECONCILIATION_ONLY
oe_structural:2026:2026-08-02:41925d62f5bd,oe:team:8eb884e168f28402ce685bedebb5250,oe:team:f90422f1cbcb24bc2a855202582ec29,period:5afe139f56d9c0db8f2d,2026.0,Summer,regular,2026-08-02,BO1,2026-07-25T20:13:30+00:00,HIGH_CONFIDENCE_STRUCTURAL,"season=2026, team=oe:team:8eb884e168f28402ce685bedebb5250, cutoff<=2026-08-02T00:00:00+00:00",STRUCTURAL_RECONCILIATION_ONLY
oe_structural:2026:2026-07-26:61d07f957207,oe:team:b360f1d729b0a8e0f29a5243c4200fa,oe:team:289284911fb6f41c0ccaecc3a0c2891,period:5afe139f56d9c0db8f2d,2026.0,Summer,regular,2026-07-26,BO1,2026-07-25T20:13:30+00:00,HIGH_CONFIDENCE_STRUCTURAL,"season=2026, team=oe:team:b360f1d729b0a8e0f29a5243c4200fa, cutoff<=2026-07-26T00:00:00+00:00",STRUCTURAL_RECONCILIATION_ONLY
oe_structural:2026:2026-08-02:7562be2230dc,oe:team:b360f1d729b0a8e0f29a5243c4200fa,oe:team:da1143bf9a245b78a8dc86417de85b3,period:5afe139f56d9c0db8f2d,2026.0,Summer,regular,2026-08-02,BO1,2026-07-25T20:13:30+00:00,HIGH_CONFIDENCE_STRUCTURAL,"season=2026, team=oe:team:b360f1d729b0a8e0f29a5243c4200fa, cutoff<=2026-08-02T00:00:00+00:00",STRUCTURAL_RECONCILIATION_ONLY
oe_structural:2026:2026-08-02:7562be2230dc,oe:team:da1143bf9a245b78a8dc86417de85b3,oe:team:b360f1d729b0a8e0f29a5243c4200fa,period:5afe139f56d9c0db8f2d,2026.0,Summer,regular,2026-08-02,BO1,2026-07-25T20:13:30+00:00,HIGH_CONFIDENCE_STRUCTURAL,"season=2026, team=oe:team:da1143bf9a245b78a8dc86417de85b3, cutoff<=2026-08-02T00:00:00+00:00",STRUCTURAL_RECONCILIATION_ONLY
oe_structural:2026:2026-08-02:41925d62f5bd,oe:team:f90422f1cbcb24bc2a855202582ec29,oe:team:8eb884e168f28402ce685bedebb5250,period:5afe139f56d9c0db8f2d,2026.0,Summer,regular,2026-08-02,BO1,2026-07-25T20:13:30+00:00,HIGH_CONFIDENCE_STRUCTURAL,"season=2026, team=oe:team:f90422f1cbcb24bc2a855202582ec29, cutoff<=2026-08-02T00:00:00+00:00",STRUCTURAL_RECONCILIATION_ONLY
oe_structural:2026:2026-07-26:7f27354c57c7,oe:team:fc8e90107dabb9a35c490b0d86adea0,oe:team:8eb884e168f28402ce685bedebb5250,period:5afe139f56d9c0db8f2d,2026.0,Summer,regular,2026-07-26,BO1,2026-07-25T20:13:30+00:00,HIGH_CONFIDENCE_STRUCTURAL,"season=2026, team=oe:team:fc8e90107dabb9a35c490b0d86adea0, cutoff<=2026-07-26T00:00:00+00:00",STRUCTURAL_RECONCILIATION_ONLY
oe_structural:2026:2026-08-01:9300622af391,oe:team:fc8e90107dabb9a35c490b0d86adea0,oe:team:0dbb780176ecad18f17292d1f5653af,period:5afe139f56d9c0db8f2d,2026.0,Summer,regular,2026-08-01,BO1,2026-07-25T20:13:30+00:00,HIGH_CONFIDENCE_STRUCTURAL,"season=2026, team=oe:team:fc8e90107dabb9a35c490b0d86adea0, cutoff<=2026-08-01T00:00:00+00:00",STRUCTURAL_RECONCILIATION_ONLY
oe_structural:2021:2021-07-24:988a6917052f,oe:team:0dbb780176ecad18f17292d1f5653af,oe:team:8eb884e168f28402ce685bedebb5250,period:5befa75590802ab7de54,2021.0,Summer,regular,2021-07-24,BO1,2021-07-23T20:58:06+00:00,HIGH_CONFIDENCE_STRUCTURAL,"season=2021, team=oe:team:0dbb780176ecad18f17292d1f5653af, cutoff<=2021-07-24T00:00:00+00:00",STRUCTURAL_RECONCILIATION_ONLY
oe_structural:2021:2021-07-24:f9d1b8838a0c,oe:team:0dbb780176ecad18f17292d1f5653af,oe:team:c334c629fea759876e9e04afbe4aee7,period:5befa75590802ab7de54,2021.0,Summer,regular,2021-07-24,BO1,2021-07-23T20:58:06+00:00,HIGH_CONFIDENCE_STRUCTURAL,"season=2021, team=oe:team:0dbb780176ecad18f17292d1f5653af, cutoff<=2021-07-24T00:00:00+00:00",STRUCTURAL_RECONCILIATION_ONLY
oe_structural:2021:2021-07-25:c1e6164a2234,oe:team:0dbb780176ecad18f17292d1f5653af,oe:team:2e66da41dc460dd378e3bcc57042d31,period:5befa75590802ab7de54,2021.0,Summer,regular,2021-07-25,BO1,2021-07-23T20:58:06+00:00,HIGH_CONFIDENCE_STRUCTURAL,"season=2021, team=oe:team:0dbb780176ecad18f17292d1f5653af, cutoff<=2021-07-25T00:00:00+00:00",STRUCTURAL_RECONCILIATION_ONLY
oe_structural:2021:2021-07-24:86fde59e8b2a,oe:team:2e66da41dc460dd378e3bcc57042d31,oe:team:fc8e90107dabb9a35c490b0d86adea0,period:5befa75590802ab7de54,2021.0,Summer,regular,2021-07-24,BO1,2021-07-23T20:58:06+00:00,HIGH_CONFIDENCE_STRUCTURAL,"season=2021, team=oe:team:2e66da41dc460dd378e3bcc57042d31, cutoff<=2021-07-24T00:00:00+00:00",STRUCTURAL_RECONCILIATION_ONLY
oe_structural:2021:2021-07-25:c1e6164a2234,oe:team:2e66da41dc460dd378e3bcc57042d31,oe:team:0dbb780176ecad18f17292d1f5653af,period:5befa75590802ab7de54,2021.0,Summer,regular,2021-07-25,BO1,2021-07-23T20:58:06+00:00,HIGH_CONFIDENCE_STRUCTURAL,"season=2021, team=oe:team:2e66da41dc460dd378e3bcc57042d31, cutoff<=2021-07-25T00:00:00+00:00",STRUCTURAL_RECONCILIATION_ONLY
oe_structural:2021:2021-07-30:e73cb4df05f5,oe:team:2e66da41dc460dd378e3bcc57042d31,oe:team:87ee02298073abc2d55060f097d4041,period:5befa75590802ab7de54,2021.0,Summer,regular,2021-07-30,BO1,2021-07-23T20:58:06+00:00,HIGH_CONFIDENCE_STRUCTURAL,"season=2021, team=oe:team:2e66da41dc460dd378e3bcc57042d31, cutoff<=2021-07-30T00:00:00+00:00",STRUCTURAL_RECONCILIATION_ONLY
oe_structural:2021:2021-07-25:a5557a880108,oe:team:4bd1751425ef6a9bc9d4d8e9385b4a6,oe:team:c334c629fea759876e9e04afbe4aee7,period:5befa75590802ab7de54,2021.0,Summer,regular,2021-07-25,BO1,2021-07-23T20:58:06+00:00,HIGH_CONFIDENCE_STRUCTURAL,"season=2021, team=oe:team:4bd1751425ef6a9bc9d4d8e9385b4a6, cutoff<=2021-07-25T00:00:00+00:00",STRUCTURAL_RECONCILIATION_ONLY
oe_structural:2021:2021-07-25:ab8761aa407a,oe:team:4bd1751425ef6a9bc9d4d8e9385b4a6,oe:team:cbfaf0ca2181f0903d2fcceb6c28f3b,period:5befa75590802ab7de54,2021.0,Summer,regular,2021-07-25,BO1,2021-07-23T20:58:06+00:00,HIGH_CONFIDENCE_STRUCTURAL,"season=2021, team=oe:team:4bd1751425ef6a9bc9d4d8e9385b4a6, cutoff<=2021-07-25T00:00:00+00:00",STRUCTURAL_RECONCILIATION_ONLY
oe_structural:2021:2021-07-30:ea0df41c8d12,oe:team:4bd1751425ef6a9bc9d4d8e9385b4a6,oe:team:a22510a4756fa424cb0771b13261139,period:5befa75590802ab7de54,2021.0,Summer,regular,2021-07-30,BO1,2021-07-23T20:58:06+00:00,HIGH_CONFIDENCE_STRUCTURAL,"season=2021, team=oe:team:4bd1751425ef6a9bc9d4d8e9385b4a6, cutoff<=2021-07-30T00:00:00+00:00",STRUCTURAL_RECONCILIATION_ONLY
oe_structural:2021:2021-07-24:519032835341,oe:team:87ee02298073abc2d55060f097d4041,oe:team:a22510a4756fa424cb0771b13261139,period:5befa75590802ab7de54,2021.0,Summer,regular,2021-07-24,BO1,2021-07-23T20:58:06+00:00,HIGH_CONFIDENCE_STRUCTURAL,"season=2021, team=oe:team:87ee02298073abc2d55060f097d4041, cutoff<=2021-07-24T00:00:00+00:00",STRUCTURAL_RECONCILIATION_ONLY
oe_structural:2021:2021-07-24:af80efcdb3bd,oe:team:87ee02298073abc2d55060f097d4041,oe:team:cbfaf0ca2181f0903d2fcceb6c28f3b,period:5befa75590802ab7de54,2021.0,Summer,regular,2021-07-24,BO1,2021-07-23T20:58:06+00:00,HIGH_CONFIDENCE_STRUCTURAL,"season=2021, team=oe:team:87ee02298073abc2d55060f097d4041, cutoff<=2021-07-24T00:00:00+00:00",STRUCTURAL_RECONCILIATION_ONLY
oe_structural:2021:2021-07-25:0e10e7e46e8b,oe:team:87ee02298073abc2d55060f097d4041,oe:team:8eb884e168f28402ce685bedebb5250,period:5befa75590802ab7de54,2021.0,Summer,regular,2021-07-25,BO1,2021-07-23T20:58:06+00:00,HIGH_CONFIDENCE_STRUCTURAL,"season=2021, team=oe:team:87ee02298073abc2d55060f097d4041, cutoff<=2021-07-25T00:00:00+00:00",STRUCTURAL_RECONCILIATION_ONLY
oe_structural:2021:2021-07-30:e73cb4df05f5,oe:team:87ee02298073abc2d55060f097d4041,oe:team:2e66da41dc460dd378e3bcc57042d31,period:5befa75590802ab7de54,2021.0,Summer,regular,2021-07-30,BO1,2021-07-23T20:58:06+00:00,HIGH_CONFIDENCE_STRUCTURAL,"season=2021, team=oe:team:87ee02298073abc2d55060f097d4041, cutoff<=2021-07-30T00:00:00+00:00",STRUCTURAL_RECONCILIATION_ONLY
oe_structural:2021:2021-07-24:988a6917052f,oe:team:8eb884e168f28402ce685bedebb5250,oe:team:0dbb780176ecad18f17292d1f5653af,period:5befa75590802ab7de54,2021.0,Summer,regular,2021-07-24,BO1,2021-07-23T20:58:06+00:00,HIGH_CONFIDENCE_STRUCTURAL,"season=2021, team=oe:team:8eb884e168f28402ce685bedebb5250, cutoff<=2021-07-24T00:00:00+00:00",STRUCTURAL_RECONCILIATION_ONLY
oe_structural:2021:2021-07-25:0e10e7e46e8b,oe:team:8eb884e168f28402ce685bedebb5250,oe:team:87ee02298073abc2d55060f097d4041,period:5befa75590802ab7de54,2021.0,Summer,regular,2021-07-25,BO1,2021-07-23T20:58:06+00:00,HIGH_CONFIDENCE_STRUCTURAL,"season=2021, team=oe:team:8eb884e168f28402ce685bedebb5250, cutoff<=2021-07-25T00:00:00+00:00",STRUCTURAL_RECONCILIATION_ONLY
oe_structural:2021:2021-07-24:519032835341,oe:team:a22510a4756fa424cb0771b13261139,oe:team:87ee02298073abc2d55060f097d4041,period:5befa75590802ab7de54,2021.0,Summer,regular,2021-07-24,BO1,2021-07-23T20:58:06+00:00,HIGH_CONFIDENCE_STRUCTURAL,"season=2021, team=oe:team:a22510a4756fa424cb0771b13261139, cutoff<=2021-07-24T00:00:00+00:00",STRUCTURAL_RECONCILIATION_ONLY
oe_structural:2021:2021-07-25:b106a8aa4537,oe:team:a22510a4756fa424cb0771b13261139,oe:team:fc8e90107dabb9a35c490b0d86adea0,period:5befa75590802ab7de54,2021.0,Summer,regular,2021-07-25,BO1,2021-07-23T20:58:06+00:00,HIGH_CONFIDENCE_STRUCTURAL,"season=2021, team=oe:team:a22510a4756fa424cb0771b13261139, cutoff<=2021-07-25T00:00:00+00:00",STRUCTURAL_RECONCILIATION_ONLY
oe_structural:2021:2021-07-30:ea0df41c8d12,oe:team:a22510a4756fa424cb0771b13261139,oe:team:4bd1751425ef6a9bc9d4d8e9385b4a6,period:5befa75590802ab7de54,2021.0,Summer,regular,2021-07-30,BO1,2021-07-23T20:58:06+00:00,HIGH_CONFIDENCE_STRUCTURAL,"season=2021, team=oe:team:a22510a4756fa424cb0771b13261139, cutoff<=2021-07-30T00:00:00+00:00",STRUCTURAL_RECONCILIATION_ONLY
oe_structural:2021:2021-07-24:ae6b81e5c0d8,oe:team:c334c629fea759876e9e04afbe4aee7,oe:team:f7f7324c151aa6ed770b244ce08e027,period:5befa75590802ab7de54,2021.0,Summer,regular,2021-07-24,BO1,2021-07-23T20:58:06+00:00,HIGH_CONFIDENCE_STRUCTURAL,"season=2021, team=oe:team:c334c629fea759876e9e04afbe4aee7, cutoff<=2021-07-24T00:00:00+00:00",STRUCTURAL_RECONCILIATION_ONLY
oe_structural:2021:2021-07-24:f9d1b8838a0c,oe:team:c334c629fea759876e9e04afbe4aee7,oe:team:0dbb780176ecad18f17292d1f5653af,period:5befa75590802ab7de54,2021.0,Summer,regular,2021-07-24,BO1,2021-07-23T20:58:06+00:00,HIGH_CONFIDENCE_STRUCTURAL,"season=2021, team=oe:team:c334c629fea759876e9e04afbe4aee7, cutoff<=2021-07-24T00:00:00+00:00",STRUCTURAL_RECONCILIATION_ONLY
oe_structural:2021:2021-07-25:a5557a880108,oe:team:c334c629fea759876e9e04afbe4aee7,oe:team:4bd1751425ef6a9bc9d4d8e9385b4a6,period:5befa75590802ab7de54,2021.0,Summer,regular,2021-07-25,BO1,2021-07-23T20:58:06+00:00,HIGH_CONFIDENCE_STRUCTURAL,"season=2021, team=oe:team:c334c629fea759876e9e04afbe4aee7, cutoff<=2021-07-25T00:00:00+00:00",STRUCTURAL_RECONCILIATION_ONLY
oe_structural:2021:2021-07-24:af80efcdb3bd,oe:team:cbfaf0ca2181f0903d2fcceb6c28f3b,oe:team:87ee02298073abc2d55060f097d4041,period:5befa75590802ab7de54,2021.0,Summer,regular,2021-07-24,BO1,2021-07-23T20:58:06+00:00,HIGH_CONFIDENCE_STRUCTURAL,"season=2021, team=oe:team:cbfaf0ca2181f0903d2fcceb6c28f3b, cutoff<=2021-07-24T00:00:00+00:00",STRUCTURAL_RECONCILIATION_ONLY
oe_structural:2021:2021-07-25:5d43cf024916,oe:team:cbfaf0ca2181f0903d2fcceb6c28f3b,oe:team:f7f7324c151aa6ed770b244ce08e027,period:5befa75590802ab7de54,2021.0,Summer,regular,2021-07-25,BO1,2021-07-23T20:58:06+00:00,HIGH_CONFIDENCE_STRUCTURAL,"season=2021, team=oe:team:cbfaf0ca2181f0903d2fcceb6c28f3b, cutoff<=2021-07-25T00:00:00+00:00",STRUCTURAL_RECONCILIATION_ONLY
oe_structural:2021:2021-07-25:ab8761aa407a,oe:team:cbfaf0ca2181f0903d2fcceb6c28f3b,oe:team:4bd1751425ef6a9bc9d4d8e9385b4a6,period:5befa75590802ab7de54,2021.0,Summer,regular,2021-07-25,BO1,2021-07-23T20:58:06+00:00,HIGH_CONFIDENCE_STRUCTURAL,"season=2021, team=oe:team:cbfaf0ca2181f0903d2fcceb6c28f3b, cutoff<=2021-07-25T00:00:00+00:00",STRUCTURAL_RECONCILIATION_ONLY
oe_structural:2021:2021-07-24:ae6b81e5c0d8,oe:team:f7f7324c151aa6ed770b244ce08e027,oe:team:c334c629fea759876e9e04afbe4aee7,period:5befa75590802ab7de54,2021.0,Summer,regular,2021-07-24,BO1,2021-07-23T20:58:06+00:00,HIGH_CONFIDENCE_STRUCTURAL,"season=2021, team=oe:team:f7f7324c151aa6ed770b244ce08e027, cutoff<=2021-07-24T00:00:00+00:00",STRUCTURAL_RECONCILIATION_ONLY
oe_structural:2021:2021-07-25:5d43cf024916,oe:team:f7f7324c151aa6ed770b244ce08e027,oe:team:cbfaf0ca2181f0903d2fcceb6c28f3b,period:5befa75590802ab7de54,2021.0,Summer,regular,2021-07-25,BO1,2021-07-23T20:58:06+00:00,HIGH_CONFIDENCE_STRUCTURAL,"season=2021, team=oe:team:f7f7324c151aa6ed770b244ce08e027, cutoff<=2021-07-25T00:00:00+00:00",STRUCTURAL_RECONCILIATION_ONLY
oe_structural:2021:2021-07-30:9bf7622ab42f,oe:team:f7f7324c151aa6ed770b244ce08e027,oe:team:fc8e90107dabb9a35c490b0d86adea0,period:5befa75590802ab7de54,2021.0,Summer,regular,2021-07-30,BO1,2021-07-23T20:58:06+00:00,HIGH_CONFIDENCE_STRUCTURAL,"season=2021, team=oe:team:f7f7324c151aa6ed770b244ce08e027, cutoff<=2021-07-30T00:00:00+00:00",STRUCTURAL_RECONCILIATION_ONLY
oe_structural:2021:2021-07-24:86fde59e8b2a,oe:team:fc8e90107dabb9a35c490b0d86adea0,oe:team:2e66da41dc460dd378e3bcc57042d31,period:5befa75590802ab7de54,2021.0,Summer,regular,2021-07-24,BO1,2021-07-23T20:58:06+00:00,HIGH_CONFIDENCE_STRUCTURAL,"season=2021, team=oe:team:fc8e90107dabb9a35c490b0d86adea0, cutoff<=2021-07-24T00:00:00+00:00",STRUCTURAL_RECONCILIATION_ONLY
oe_structural:2021:2021-07-25:b106a8aa4537,oe:team:fc8e90107dabb9a35c490b0d86adea0,oe:team:a22510a4756fa424cb0771b13261139,period:5befa75590802ab7de54,2021.0,Summer,regular,2021-07-25,BO1,2021-07-23T20:58:06+00:00,HIGH_CONFIDENCE_STRUCTURAL,"season=2021, team=oe:team:fc8e90107dabb9a35c490b0d86adea0, cutoff<=2021-07-25T00:00:00+00:00",STRUCTURAL_RECONCILIATION_ONLY
oe_structural:2021:2021-07-30:9bf7622ab42f,oe:team:fc8e90107dabb9a35c490b0d86adea0,oe:team:f7f7324c151aa6ed770b244ce08e027,period:5befa75590802ab7de54,2021.0,Summer,regular,2021-07-30,BO1,2021-07-23T20:58:06+00:00,HIGH_CONFIDENCE_STRUCTURAL,"season=2021, team=oe:team:fc8e90107dabb9a35c490b0d86adea0, cutoff<=2021-07-30T00:00:00+00:00",STRUCTURAL_RECONCILIATION_ONLY
oe_structural:2021:2021-07-17:028884f37110,oe:team:0dbb780176ecad18f17292d1f5653af,oe:team:87ee02298073abc2d55060f097d4041,period:5ede35b384e34b4e7cf7,2021.0,Summer,regular,2021-07-17,BO1,2021-07-16T21:20:22+00:00,HIGH_CONFIDENCE_STRUCTURAL,"season=2021, team=oe:team:0dbb780176ecad18f17292d1f5653af, cutoff<=2021-07-17T00:00:00+00:00",STRUCTURAL_RECONCILIATION_ONLY
oe_structural:2021:2021-07-18:8f043505c04e,oe:team:0dbb780176ecad18f17292d1f5653af,oe:team:f7f7324c151aa6ed770b244ce08e027,period:5ede35b384e34b4e7cf7,2021.0,Summer,regular,2021-07-18,BO1,2021-07-16T21:20:22+00:00,HIGH_CONFIDENCE_STRUCTURAL,"season=2021, team=oe:team:0dbb780176ecad18f17292d1f5653af, cutoff<=2021-07-18T00:00:00+00:00",STRUCTURAL_RECONCILIATION_ONLY
oe_structural:2021:2021-07-18:168f675eedea,oe:team:2e66da41dc460dd378e3bcc57042d31,oe:team:f7f7324c151aa6ed770b244ce08e027,period:5ede35b384e34b4e7cf7,2021.0,Summer,regular,2021-07-18,BO1,2021-07-16T21:20:22+00:00,HIGH_CONFIDENCE_STRUCTURAL,"season=2021, team=oe:team:2e66da41dc460dd378e3bcc57042d31, cutoff<=2021-07-18T00:00:00+00:00",STRUCTURAL_RECONCILIATION_ONLY
oe_structural:2021:2021-07-18:d991cccb1390,oe:team:2e66da41dc460dd378e3bcc57042d31,oe:team:4bd1751425ef6a9bc9d4d8e9385b4a6,period:5ede35b384e34b4e7cf7,2021.0,Summer,regular,2021-07-18,BO1,2021-07-16T21:20:22+00:00,HIGH_CONFIDENCE_STRUCTURAL,"season=2021, team=oe:team:2e66da41dc460dd378e3bcc57042d31, cutoff<=2021-07-18T00:00:00+00:00",STRUCTURAL_RECONCILIATION_ONLY
oe_structural:2021:2021-07-23:0b1d0dca6782,oe:team:2e66da41dc460dd378e3bcc57042d31,oe:team:8eb884e168f28402ce685bedebb5250,period:5ede35b384e34b4e7cf7,2021.0,Summer,regular,2021-07-23,BO1,2021-07-16T21:20:22+00:00,HIGH_CONFIDENCE_STRUCTURAL,"season=2021, team=oe:team:2e66da41dc460dd378e3bcc57042d31, cutoff<=2021-07-23T00:00:00+00:00",STRUCTURAL_RECONCILIATION_ONLY
oe_structural:2021:2021-07-17:54e9ff5bcf10,oe:team:4bd1751425ef6a9bc9d4d8e9385b4a6,oe:team:8eb884e168f28402ce685bedebb5250,period:5ede35b384e34b4e7cf7,2021.0,Summer,regular,2021-07-17,BO1,2021-07-16T21:20:22+00:00,HIGH_CONFIDENCE_STRUCTURAL,"season=2021, team=oe:team:4bd1751425ef6a9bc9d4d8e9385b4a6, cutoff<=2021-07-17T00:00:00+00:00",STRUCTURAL_RECONCILIATION_ONLY
oe_structural:2021:2021-07-18:d991cccb1390,oe:team:4bd1751425ef6a9bc9d4d8e9385b4a6,oe:team:2e66da41dc460dd378e3bcc57042d31,period:5ede35b384e34b4e7cf7,2021.0,Summer,regular,2021-07-18,BO1,2021-07-16T21:20:22+00:00,HIGH_CONFIDENCE_STRUCTURAL,"season=2021, team=oe:team:4bd1751425ef6a9bc9d4d8e9385b4a6, cutoff<=2021-07-18T00:00:00+00:00",STRUCTURAL_RECONCILIATION_ONLY
oe_structural:2021:2021-07-23:9d6e9c06203b,oe:team:4bd1751425ef6a9bc9d4d8e9385b4a6,oe:team:fc8e90107dabb9a35c490b0d86adea0,period:5ede35b384e34b4e7cf7,2021.0,Summer,regular,2021-07-23,BO1,2021-07-16T21:20:22+00:00,HIGH_CONFIDENCE_STRUCTURAL,"season=2021, team=oe:team:4bd1751425ef6a9bc9d4d8e9385b4a6, cutoff<=2021-07-23T00:00:00+00:00",STRUCTURAL_RECONCILIATION_ONLY
oe_structural:2021:2021-07-17:028884f37110,oe:team:87ee02298073abc2d55060f097d4041,oe:team:0dbb780176ecad18f17292d1f5653af,period:5ede35b384e34b4e7cf7,2021.0,Summer,regular,2021-07-17,BO1,2021-07-16T21:20:22+00:00,HIGH_CONFIDENCE_STRUCTURAL,"season=2021, team=oe:team:87ee02298073abc2d55060f097d4041, cutoff<=2021-07-17T00:00:00+00:00",STRUCTURAL_RECONCILIATION_ONLY
oe_structural:2021:2021-07-17:fc4ab14aac1f,oe:team:87ee02298073abc2d55060f097d4041,oe:team:f7f7324c151aa6ed770b244ce08e027,period:5ede35b384e34b4e7cf7,2021.0,Summer,regular,2021-07-17,BO1,2021-07-16T21:20:22+00:00,HIGH_CONFIDENCE_STRUCTURAL,"season=2021, team=oe:team:87ee02298073abc2d55060f097d4041, cutoff<=2021-07-17T00:00:00+00:00",STRUCTURAL_RECONCILIATION_ONLY
oe_structural:2021:2021-07-18:ae8ca7bbfd67,oe:team:87ee02298073abc2d55060f097d4041,oe:team:fc8e90107dabb9a35c490b0d86adea0,period:5ede35b384e34b4e7cf7,2021.0,Summer,regular,2021-07-18,BO1,2021-07-16T21:20:22+00:00,HIGH_CONFIDENCE_STRUCTURAL,"season=2021, team=oe:team:87ee02298073abc2d55060f097d4041, cutoff<=2021-07-18T00:00:00+00:00",STRUCTURAL_RECONCILIATION_ONLY
oe_structural:2021:2021-07-17:54e9ff5bcf10,oe:team:8eb884e168f28402ce685bedebb5250,oe:team:4bd1751425ef6a9bc9d4d8e9385b4a6,period:5ede35b384e34b4e7cf7,2021.0,Summer,regular,2021-07-17,BO1,2021-07-16T21:20:22+00:00,HIGH_CONFIDENCE_STRUCTURAL,"season=2021, team=oe:team:8eb884e168f28402ce685bedebb5250, cutoff<=2021-07-17T00:00:00+00:00",STRUCTURAL_RECONCILIATION_ONLY
oe_structural:2021:2021-07-17:67adb9a5d8d9,oe:team:8eb884e168f28402ce685bedebb5250,oe:team:cbfaf0ca2181f0903d2fcceb6c28f3b,period:5ede35b384e34b4e7cf7,2021.0,Summer,regular,2021-07-17,BO1,2021-07-16T21:20:22+00:00,HIGH_CONFIDENCE_STRUCTURAL,"season=2021, team=oe:team:8eb884e168f28402ce685bedebb5250, cutoff<=2021-07-17T00:00:00+00:00",STRUCTURAL_RECONCILIATION_ONLY
oe_structural:2021:2021-07-18:34ea4855231e,oe:team:8eb884e168f28402ce685bedebb5250,oe:team:a22510a4756fa424cb0771b13261139,period:5ede35b384e34b4e7cf7,2021.0,Summer,regular,2021-07-18,BO1,2021-07-16T21:20:22+00:00,HIGH_CONFIDENCE_STRUCTURAL,"season=2021, team=oe:team:8eb884e168f28402ce685bedebb5250, cutoff<=2021-07-18T00:00:00+00:00",STRUCTURAL_RECONCILIATION_ONLY
oe_structural:2021:2021-07-23:0b1d0dca6782,oe:team:8eb884e168f28402ce685bedebb5250,oe:team:2e66da41dc460dd378e3bcc57042d31,period:5ede35b384e34b4e7cf7,2021.0,Summer,regular,2021-07-23,BO1,2021-07-16T21:20:22+00:00,HIGH_CONFIDENCE_STRUCTURAL,"season=2021, team=oe:team:8eb884e168f28402ce685bedebb5250, cutoff<=2021-07-23T00:00:00+00:00",STRUCTURAL_RECONCILIATION_ONLY
oe_structural:2021:2021-07-17:1967e78c4c71,oe:team:a22510a4756fa424cb0771b13261139,oe:team:c334c629fea759876e9e04afbe4aee7,period:5ede35b384e34b4e7cf7,2021.0,Summer,regular,2021-07-17,BO1,2021-07-16T21:20:22+00:00,HIGH_CONFIDENCE_STRUCTURAL,"season=2021, team=oe:team:a22510a4756fa424cb0771b13261139, cutoff<=2021-07-17T00:00:00+00:00",STRUCTURAL_RECONCILIATION_ONLY
oe_structural:2021:2021-07-18:34ea4855231e,oe:team:a22510a4756fa424cb0771b13261139,oe:team:8eb884e168f28402ce685bedebb5250,period:5ede35b384e34b4e7cf7,2021.0,Summer,regular,2021-07-18,BO1,2021-07-16T21:20:22+00:00,HIGH_CONFIDENCE_STRUCTURAL,"season=2021, team=oe:team:a22510a4756fa424cb0771b13261139, cutoff<=2021-07-18T00:00:00+00:00",STRUCTURAL_RECONCILIATION_ONLY
oe_structural:2021:2021-07-23:b0d1f82f871b,oe:team:a22510a4756fa424cb0771b13261139,oe:team:f7f7324c151aa6ed770b244ce08e027,period:5ede35b384e34b4e7cf7,2021.0,Summer,regular,2021-07-23,BO1,2021-07-16T21:20:22+00:00,HIGH_CONFIDENCE_STRUCTURAL,"season=2021, team=oe:team:a22510a4756fa424cb0771b13261139, cutoff<=2021-07-23T00:00:00+00:00",STRUCTURAL_RECONCILIATION_ONLY
oe_structural:2021:2021-07-17:1967e78c4c71,oe:team:c334c629fea759876e9e04afbe4aee7,oe:team:a22510a4756fa424cb0771b13261139,period:5ede35b384e34b4e7cf7,2021.0,Summer,regular,2021-07-17,BO1,2021-07-16T21:20:22+00:00,HIGH_CONFIDENCE_STRUCTURAL,"season=2021, team=oe:team:c334c629fea759876e9e04afbe4aee7, cutoff<=2021-07-17T00:00:00+00:00",STRUCTURAL_RECONCILIATION_ONLY
oe_structural:2021:2021-07-18:6ccc62bca6d3,oe:team:c334c629fea759876e9e04afbe4aee7,oe:team:cbfaf0ca2181f0903d2fcceb6c28f3b,period:5ede35b384e34b4e7cf7,2021.0,Summer,regular,2021-07-18,BO1,2021-07-16T21:20:22+00:00,HIGH_CONFIDENCE_STRUCTURAL,"season=2021, team=oe:team:c334c629fea759876e9e04afbe4aee7, cutoff<=2021-07-18T00:00:00+00:00",STRUCTURAL_RECONCILIATION_ONLY
oe_structural:2021:2021-07-17:67adb9a5d8d9,oe:team:cbfaf0ca2181f0903d2fcceb6c28f3b,oe:team:8eb884e168f28402ce685bedebb5250,period:5ede35b384e34b4e7cf7,2021.0,Summer,regular,2021-07-17,BO1,2021-07-16T21:20:22+00:00,HIGH_CONFIDENCE_STRUCTURAL,"season=2021, team=oe:team:cbfaf0ca2181f0903d2fcceb6c28f3b, cutoff<=2021-07-17T00:00:00+00:00",STRUCTURAL_RECONCILIATION_ONLY
oe_structural:2021:2021-07-17:956043d96b58,oe:team:cbfaf0ca2181f0903d2fcceb6c28f3b,oe:team:fc8e90107dabb9a35c490b0d86adea0,period:5ede35b384e34b4e7cf7,2021.0,Summer,regular,2021-07-17,BO1,2021-07-16T21:20:22+00:00,HIGH_CONFIDENCE_STRUCTURAL,"season=2021, team=oe:team:cbfaf0ca2181f0903d2fcceb6c28f3b, cutoff<=2021-07-17T00:00:00+00:00",STRUCTURAL_RECONCILIATION_ONLY
oe_structural:2021:2021-07-18:6ccc62bca6d3,oe:team:cbfaf0ca2181f0903d2fcceb6c28f3b,oe:team:c334c629fea759876e9e04afbe4aee7,period:5ede35b384e34b4e7cf7,2021.0,Summer,regular,2021-07-18,BO1,2021-07-16T21:20:22+00:00,HIGH_CONFIDENCE_STRUCTURAL,"season=2021, team=oe:team:cbfaf0ca2181f0903d2fcceb6c28f3b, cutoff<=2021-07-18T00:00:00+00:00",STRUCTURAL_RECONCILIATION_ONLY
oe_structural:2021:2021-07-17:fc4ab14aac1f,oe:team:f7f7324c151aa6ed770b244ce08e027,oe:team:87ee02298073abc2d55060f097d4041,period:5ede35b384e34b4e7cf7,2021.0,Summer,regular,2021-07-17,BO1,2021-07-16T21:20:22+00:00,HIGH_CONFIDENCE_STRUCTURAL,"season=2021, team=oe:team:f7f7324c151aa6ed770b244ce08e027, cutoff<=2021-07-17T00:00:00+00:00",STRUCTURAL_RECONCILIATION_ONLY
oe_structural:2021:2021-07-18:168f675eedea,oe:team:f7f7324c151aa6ed770b244ce08e027,oe:team:2e66da41dc460dd378e3bcc57042d31,period:5ede35b384e34b4e7cf7,2021.0,Summer,regular,2021-07-18,BO1,2021-07-16T21:20:22+00:00,HIGH_CONFIDENCE_STRUCTURAL,"season=2021, team=oe:team:f7f7324c151aa6ed770b244ce08e027, cutoff<=2021-07-18T00:00:00+00:00",STRUCTURAL_RECONCILIATION_ONLY
oe_structural:2021:2021-07-18:8f043505c04e,oe:team:f7f7324c151aa6ed770b244ce08e027,oe:team:0dbb780176ecad18f17292d1f5653af,period:5ede35b384e34b4e7cf7,2021.0,Summer,regular,2021-07-18,BO1,2021-07-16T21:20:22+00:00,HIGH_CONFIDENCE_STRUCTURAL,"season=2021, team=oe:team:f7f7324c151aa6ed770b244ce08e027, cutoff<=2021-07-18T00:00:00+00:00",STRUCTURAL_RECONCILIATION_ONLY
oe_structural:2021:2021-07-23:b0d1f82f871b,oe:team:f7f7324c151aa6ed770b244ce08e027,oe:team:a22510a4756fa424cb0771b13261139,period:5ede35b384e34b4e7cf7,2021.0,Summer,regular,2021-07-23,BO1,2021-07-16T21:20:22+00:00,HIGH_CONFIDENCE_STRUCTURAL,"season=2021, team=oe:team:f7f7324c151aa6ed770b244ce08e027, cutoff<=2021-07-23T00:00:00+00:00",STRUCTURAL_RECONCILIATION_ONLY
oe_structural:2021:2021-07-17:956043d96b58,oe:team:fc8e90107dabb9a35c490b0d86adea0,oe:team:cbfaf0ca2181f0903d2fcceb6c28f3b,period:5ede35b384e34b4e7cf7,2021.0,Summer,regular,2021-07-17,BO1,2021-07-16T21:20:22+00:00,HIGH_CONFIDENCE_STRUCTURAL,"season=2021, team=oe:team:fc8e90107dabb9a35c490b0d86adea0, cutoff<=2021-07-17T00:00:00+00:00",STRUCTURAL_RECONCILIATION_ONLY
oe_structural:2021:2021-07-18:ae8ca7bbfd67,oe:team:fc8e90107dabb9a35c490b0d86adea0,oe:team:87ee02298073abc2d55060f097d4041,period:5ede35b384e34b4e7cf7,2021.0,Summer,regular,2021-07-18,BO1,2021-07-16T21:20:22+00:00,HIGH_CONFIDENCE_STRUCTURAL,"season=2021, team=oe:team:fc8e90107dabb9a35c490b0d86adea0, cutoff<=2021-07-18T00:00:00+00:00",STRUCTURAL_RECONCILIATION_ONLY
oe_structural:2021:2021-07-23:9d6e9c06203b,oe:team:fc8e90107dabb9a35c490b0d86adea0,oe:team:4bd1751425ef6a9bc9d4d8e9385b4a6,period:5ede35b384e34b4e7cf7,2021.0,Summer,regular,2021-07-23,BO1,2021-07-16T21:20:22+00:00,HIGH_CONFIDENCE_STRUCTURAL,"season=2021, team=oe:team:fc8e90107dabb9a35c490b0d86adea0, cutoff<=2021-07-23T00:00:00+00:00",STRUCTURAL_RECONCILIATION_ONLY
oe_structural:2026:2026-01-31:b9b16dda44e5,oe:team:0dbb780176ecad18f17292d1f5653af,oe:team:f90422f1cbcb24bc2a855202582ec29,period:6186b6ccaf2d592d540a,2026.0,Lock-In,regular,2026-01-31,BO1,2026-01-26T00:04:23+00:00,HIGH_CONFIDENCE_STRUCTURAL,"season=2026, team=oe:team:0dbb780176ecad18f17292d1f5653af, cutoff<=2026-01-31T00:00:00+00:00",STRUCTURAL_RECONCILIATION_ONLY
oe_structural:2026:2026-01-31:dd99d2a4e38c,oe:team:da1143bf9a245b78a8dc86417de85b3,oe:team:fc8e90107dabb9a35c490b0d86adea0,period:6186b6ccaf2d592d540a,2026.0,Lock-In,regular,2026-01-31,BO1,2026-01-26T00:04:23+00:00,HIGH_CONFIDENCE_STRUCTURAL,"season=2026, team=oe:team:da1143bf9a245b78a8dc86417de85b3, cutoff<=2026-01-31T00:00:00+00:00",STRUCTURAL_RECONCILIATION_ONLY
oe_structural:2026:2026-02-07:3ef59cc94392,oe:team:8eb884e168f28402ce685bedebb5250,oe:team:f90422f1cbcb24bc2a855202582ec29,period:640bff8c4b7983edf208,2026.0,Lock-In,regular,2026-02-07,BO1,2026-02-02T00:35:19+00:00,HIGH_CONFIDENCE_STRUCTURAL,"season=2026, team=oe:team:8eb884e168f28402ce685bedebb5250, cutoff<=2026-02-07T00:00:00+00:00",STRUCTURAL_RECONCILIATION_ONLY
oe_structural:2020:2020-06-28:28a1f19fb5cf,oe:team:0dbb780176ecad18f17292d1f5653af,oe:team:f7f7324c151aa6ed770b244ce08e027,period:642a5bb7deff76d164b5,2020.0,Summer,regular,2020-06-28,BO1,2020-06-27T00:39:52+00:00,HIGH_CONFIDENCE_STRUCTURAL,"season=2020, team=oe:team:0dbb780176ecad18f17292d1f5653af, cutoff<=2020-06-28T00:00:00+00:00",STRUCTURAL_RECONCILIATION_ONLY
oe_structural:2020:2020-07-04:80282182b642,oe:team:0dbb780176ecad18f17292d1f5653af,oe:team:4bd1751425ef6a9bc9d4d8e9385b4a6,period:642a5bb7deff76d164b5,2020.0,Summer,regular,2020-07-04,BO1,2020-06-27T00:39:52+00:00,HIGH_CONFIDENCE_STRUCTURAL,"season=2020, team=oe:team:0dbb780176ecad18f17292d1f5653af, cutoff<=2020-07-04T00:00:00+00:00",STRUCTURAL_RECONCILIATION_ONLY
oe_structural:2020:2020-06-28:6b25fe6242d6,oe:team:2e66da41dc460dd378e3bcc57042d31,oe:team:87ee02298073abc2d55060f097d4041,period:642a5bb7deff76d164b5,2020.0,Summer,regular,2020-06-28,BO1,2020-06-27T00:39:52+00:00,HIGH_CONFIDENCE_STRUCTURAL,"season=2020, team=oe:team:2e66da41dc460dd378e3bcc57042d31, cutoff<=2020-06-28T00:00:00+00:00",STRUCTURAL_RECONCILIATION_ONLY
oe_structural:2020:2020-07-04:87d661081afe,oe:team:2e66da41dc460dd378e3bcc57042d31,oe:team:f7f7324c151aa6ed770b244ce08e027,period:642a5bb7deff76d164b5,2020.0,Summer,regular,2020-07-04,BO1,2020-06-27T00:39:52+00:00,HIGH_CONFIDENCE_STRUCTURAL,"season=2020, team=oe:team:2e66da41dc460dd378e3bcc57042d31, cutoff<=2020-07-04T00:00:00+00:00",STRUCTURAL_RECONCILIATION_ONLY
oe_structural:2020:2020-06-28:86b681cd62a6,oe:team:4bd1751425ef6a9bc9d4d8e9385b4a6,oe:team:a22510a4756fa424cb0771b13261139,period:642a5bb7deff76d164b5,2020.0,Summer,regular,2020-06-28,BO1,2020-06-27T00:39:52+00:00,HIGH_CONFIDENCE_STRUCTURAL,"season=2020, team=oe:team:4bd1751425ef6a9bc9d4d8e9385b4a6, cutoff<=2020-06-28T00:00:00+00:00",STRUCTURAL_RECONCILIATION_ONLY
oe_structural:2020:2020-07-04:631e066ab7de,oe:team:4bd1751425ef6a9bc9d4d8e9385b4a6,oe:team:87ee02298073abc2d55060f097d4041,period:642a5bb7deff76d164b5,2020.0,Summer,regular,2020-07-04,BO1,2020-06-27T00:39:52+00:00,HIGH_CONFIDENCE_STRUCTURAL,"season=2020, team=oe:team:4bd1751425ef6a9bc9d4d8e9385b4a6, cutoff<=2020-07-04T00:00:00+00:00",STRUCTURAL_RECONCILIATION_ONLY
oe_structural:2020:2020-07-04:80282182b642,oe:team:4bd1751425ef6a9bc9d4d8e9385b4a6,oe:team:0dbb780176ecad18f17292d1f5653af,period:642a5bb7deff76d164b5,2020.0,Summer,regular,2020-07-04,BO1,2020-06-27T00:39:52+00:00,HIGH_CONFIDENCE_STRUCTURAL,"season=2020, team=oe:team:4bd1751425ef6a9bc9d4d8e9385b4a6, cutoff<=2020-07-04T00:00:00+00:00",STRUCTURAL_RECONCILIATION_ONLY
oe_structural:2020:2020-06-28:6b25fe6242d6,oe:team:87ee02298073abc2d55060f097d4041,oe:team:2e66da41dc460dd378e3bcc57042d31,period:642a5bb7deff76d164b5,2020.0,Summer,regular,2020-06-28,BO1,2020-06-27T00:39:52+00:00,HIGH_CONFIDENCE_STRUCTURAL,"season=2020, team=oe:team:87ee02298073abc2d55060f097d4041, cutoff<=2020-06-28T00:00:00+00:00",STRUCTURAL_RECONCILIATION_ONLY
oe_structural:2020:2020-07-04:26dd5a51b797,oe:team:87ee02298073abc2d55060f097d4041,oe:team:a22510a4756fa424cb0771b13261139,period:642a5bb7deff76d164b5,2020.0,Summer,regular,2020-07-04,BO1,2020-06-27T00:39:52+00:00,HIGH_CONFIDENCE_STRUCTURAL,"season=2020, team=oe:team:87ee02298073abc2d55060f097d4041, cutoff<=2020-07-04T00:00:00+00:00",STRUCTURAL_RECONCILIATION_ONLY
oe_structural:2020:2020-07-04:631e066ab7de,oe:team:87ee02298073abc2d55060f097d4041,oe:team:4bd1751425ef6a9bc9d4d8e9385b4a6,period:642a5bb7deff76d164b5,2020.0,Summer,regular,2020-07-04,BO1,2020-06-27T00:39:52+00:00,HIGH_CONFIDENCE_STRUCTURAL,"season=2020, team=oe:team:87ee02298073abc2d55060f097d4041, cutoff<=2020-07-04T00:00:00+00:00",STRUCTURAL_RECONCILIATION_ONLY
oe_structural:2020:2020-07-04:61846d28bcd9,oe:team:8eb884e168f28402ce685bedebb5250,oe:team:c334c629fea759876e9e04afbe4aee7,period:642a5bb7deff76d164b5,2020.0,Summer,regular,2020-07-04,BO1,2020-06-27T00:39:52+00:00,HIGH_CONFIDENCE_STRUCTURAL,"season=2020, team=oe:team:8eb884e168f28402ce685bedebb5250, cutoff<=2020-07-04T00:00:00+00:00",STRUCTURAL_RECONCILIATION_ONLY
oe_structural:2020:2020-06-28:86b681cd62a6,oe:team:a22510a4756fa424cb0771b13261139,oe:team:4bd1751425ef6a9bc9d4d8e9385b4a6,period:642a5bb7deff76d164b5,2020.0,Summer,regular,2020-06-28,BO1,2020-06-27T00:39:52+00:00,HIGH_CONFIDENCE_STRUCTURAL,"season=2020, team=oe:team:a22510a4756fa424cb0771b13261139, cutoff<=2020-06-28T00:00:00+00:00",STRUCTURAL_RECONCILIATION_ONLY
oe_structural:2020:2020-07-04:26dd5a51b797,oe:team:a22510a4756fa424cb0771b13261139,oe:team:87ee02298073abc2d55060f097d4041,period:642a5bb7deff76d164b5,2020.0,Summer,regular,2020-07-04,BO1,2020-06-27T00:39:52+00:00,HIGH_CONFIDENCE_STRUCTURAL,"season=2020, team=oe:team:a22510a4756fa424cb0771b13261139, cutoff<=2020-07-04T00:00:00+00:00",STRUCTURAL_RECONCILIATION_ONLY
oe_structural:2020:2020-06-28:e4dd34059fd2,oe:team:c334c629fea759876e9e04afbe4aee7,oe:team:fc8e90107dabb9a35c490b0d86adea0,period:642a5bb7deff76d164b5,2020.0,Summer,regular,2020-06-28,BO1,2020-06-27T00:39:52+00:00,HIGH_CONFIDENCE_STRUCTURAL,"season=2020, team=oe:team:c334c629fea759876e9e04afbe4aee7, cutoff<=2020-06-28T00:00:00+00:00",STRUCTURAL_RECONCILIATION_ONLY
oe_structural:2020:2020-07-04:61846d28bcd9,oe:team:c334c629fea759876e9e04afbe4aee7,oe:team:8eb884e168f28402ce685bedebb5250,period:642a5bb7deff76d164b5,2020.0,Summer,regular,2020-07-04,BO1,2020-06-27T00:39:52+00:00,HIGH_CONFIDENCE_STRUCTURAL,"season=2020, team=oe:team:c334c629fea759876e9e04afbe4aee7, cutoff<=2020-07-04T00:00:00+00:00",STRUCTURAL_RECONCILIATION_ONLY
oe_structural:2020:2020-07-04:80ea61f2ea40,oe:team:cbfaf0ca2181f0903d2fcceb6c28f3b,oe:team:fc8e90107dabb9a35c490b0d86adea0,period:642a5bb7deff76d164b5,2020.0,Summer,regular,2020-07-04,BO1,2020-06-27T00:39:52+00:00,HIGH_CONFIDENCE_STRUCTURAL,"season=2020, team=oe:team:cbfaf0ca2181f0903d2fcceb6c28f3b, cutoff<=2020-07-04T00:00:00+00:00",STRUCTURAL_RECONCILIATION_ONLY
oe_structural:2020:2020-06-28:28a1f19fb5cf,oe:team:f7f7324c151aa6ed770b244ce08e027,oe:team:0dbb780176ecad18f17292d1f5653af,period:642a5bb7deff76d164b5,2020.0,Summer,regular,2020-06-28,BO1,2020-06-27T00:39:52+00:00,HIGH_CONFIDENCE_STRUCTURAL,"season=2020, team=oe:team:f7f7324c151aa6ed770b244ce08e027, cutoff<=2020-06-28T00:00:00+00:00",STRUCTURAL_RECONCILIATION_ONLY
oe_structural:2020:2020-07-04:87d661081afe,oe:team:f7f7324c151aa6ed770b244ce08e027,oe:team:2e66da41dc460dd378e3bcc57042d31,period:642a5bb7deff76d164b5,2020.0,Summer,regular,2020-07-04,BO1,2020-06-27T00:39:52+00:00,HIGH_CONFIDENCE_STRUCTURAL,"season=2020, team=oe:team:f7f7324c151aa6ed770b244ce08e027, cutoff<=2020-07-04T00:00:00+00:00",STRUCTURAL_RECONCILIATION_ONLY
oe_structural:2020:2020-06-28:e4dd34059fd2,oe:team:fc8e90107dabb9a35c490b0d86adea0,oe:team:c334c629fea759876e9e04afbe4aee7,period:642a5bb7deff76d164b5,2020.0,Summer,regular,2020-06-28,BO1,2020-06-27T00:39:52+00:00,HIGH_CONFIDENCE_STRUCTURAL,"season=2020, team=oe:team:fc8e90107dabb9a35c490b0d86adea0, cutoff<=2020-06-28T00:00:00+00:00",STRUCTURAL_RECONCILIATION_ONLY
oe_structural:2020:2020-07-04:80ea61f2ea40,oe:team:fc8e90107dabb9a35c490b0d86adea0,oe:team:cbfaf0ca2181f0903d2fcceb6c28f3b,period:642a5bb7deff76d164b5,2020.0,Summer,regular,2020-07-04,BO1,2020-06-27T00:39:52+00:00,HIGH_CONFIDENCE_STRUCTURAL,"season=2020, team=oe:team:fc8e90107dabb9a35c490b0d86adea0, cutoff<=2020-07-04T00:00:00+00:00",STRUCTURAL_RECONCILIATION_ONLY
oe_structural:2026:2026-06-06:59975af347bc,oe:team:2e66da41dc460dd378e3bcc57042d31,oe:team:8eb884e168f28402ce685bedebb5250,period:646c3784493968152598,2026.0,Spring,playoffs,2026-06-06,BO5,2026-05-30T20:10:37+00:00,HIGH_CONFIDENCE_STRUCTURAL,"season=2026, team=oe:team:2e66da41dc460dd378e3bcc57042d31, cutoff<=2026-06-06T00:00:00+00:00",STRUCTURAL_RECONCILIATION_ONLY
oe_structural:2026:2026-05-31:e5b5bd209670,oe:team:8eb884e168f28402ce685bedebb5250,oe:team:b360f1d729b0a8e0f29a5243c4200fa,period:646c3784493968152598,2026.0,Spring,playoffs,2026-05-31,BO5,2026-05-30T20:10:37+00:00,HIGH_CONFIDENCE_STRUCTURAL,"season=2026, team=oe:team:8eb884e168f28402ce685bedebb5250, cutoff<=2026-05-31T00:00:00+00:00",STRUCTURAL_RECONCILIATION_ONLY
oe_structural:2026:2026-06-06:59975af347bc,oe:team:8eb884e168f28402ce685bedebb5250,oe:team:2e66da41dc460dd378e3bcc57042d31,period:646c3784493968152598,2026.0,Spring,playoffs,2026-06-06,BO5,2026-05-30T20:10:37+00:00,HIGH_CONFIDENCE_STRUCTURAL,"season=2026, team=oe:team:8eb884e168f28402ce685bedebb5250, cutoff<=2026-06-06T00:00:00+00:00",STRUCTURAL_RECONCILIATION_ONLY
oe_structural:2026:2026-05-31:e5b5bd209670,oe:team:b360f1d729b0a8e0f29a5243c4200fa,oe:team:8eb884e168f28402ce685bedebb5250,period:646c3784493968152598,2026.0,Spring,playoffs,2026-05-31,BO5,2026-05-30T20:10:37+00:00,HIGH_CONFIDENCE_STRUCTURAL,"season=2026, team=oe:team:b360f1d729b0a8e0f29a5243c4200fa, cutoff<=2026-05-31T00:00:00+00:00",STRUCTURAL_RECONCILIATION_ONLY
oe_structural:2026:2026-07-25:3d1705ec3f97,oe:team:f90422f1cbcb24bc2a855202582ec29,oe:team:0dbb780176ecad18f17292d1f5653af,period:646c3784493968152598,2026.0,Summer,regular,2026-07-25,BO1,2026-05-30T20:10:37+00:00,HIGH_CONFIDENCE_STRUCTURAL,"season=2026, team=oe:team:f90422f1cbcb24bc2a855202582ec29, cutoff<=2026-07-25T00:00:00+00:00",STRUCTURAL_RECONCILIATION_ONLY
oe_structural:2020:2020-03-29:10e242116855,oe:team:0dbb780176ecad18f17292d1f5653af,oe:team:a22510a4756fa424cb0771b13261139,period:666de7dcc2eb91211639,2020.0,Spring,regular,2020-03-29,BO1,2020-03-28T20:29:42+00:00,HIGH_CONFIDENCE_STRUCTURAL,"season=2020, team=oe:team:0dbb780176ecad18f17292d1f5653af, cutoff<=2020-03-29T00:00:00+00:00",STRUCTURAL_RECONCILIATION_ONLY
oe_structural:2020:2020-03-29:b77912059fb1,oe:team:0dbb780176ecad18f17292d1f5653af,oe:team:c334c629fea759876e9e04afbe4aee7,period:666de7dcc2eb91211639,2020.0,Spring,regular,2020-03-29,BO1,2020-03-28T20:29:42+00:00,HIGH_CONFIDENCE_STRUCTURAL,"season=2020, team=oe:team:0dbb780176ecad18f17292d1f5653af, cutoff<=2020-03-29T00:00:00+00:00",STRUCTURAL_RECONCILIATION_ONLY
oe_structural:2020:2020-03-30:603fcf78d358,oe:team:0dbb780176ecad18f17292d1f5653af,oe:team:c334c629fea759876e9e04afbe4aee7,period:666de7dcc2eb91211639,2020.0,Spring,regular,2020-03-30,BO1,2020-03-28T20:29:42+00:00,HIGH_CONFIDENCE_STRUCTURAL,"season=2020, team=oe:team:0dbb780176ecad18f17292d1f5653af, cutoff<=2020-03-30T00:00:00+00:00",STRUCTURAL_RECONCILIATION_ONLY
oe_structural:2020:2020-03-30:e3557f81cedc,oe:team:0dbb780176ecad18f17292d1f5653af,oe:team:87ee02298073abc2d55060f097d4041,period:666de7dcc2eb91211639,2020.0,Spring,regular,2020-03-30,BO1,2020-03-28T20:29:42+00:00,HIGH_CONFIDENCE_STRUCTURAL,"season=2020, team=oe:team:0dbb780176ecad18f17292d1f5653af, cutoff<=2020-03-30T00:00:00+00:00",STRUCTURAL_RECONCILIATION_ONLY
oe_structural:2020:2020-06-13:9401acf8a4d1,oe:team:0dbb780176ecad18f17292d1f5653af,oe:team:87ee02298073abc2d55060f097d4041,period:666de7dcc2eb91211639,2020.0,Summer,regular,2020-06-13,BO1,2020-03-28T20:29:42+00:00,HIGH_CONFIDENCE_STRUCTURAL,"season=2020, team=oe:team:0dbb780176ecad18f17292d1f5653af, cutoff<=2020-06-13T00:00:00+00:00",STRUCTURAL_RECONCILIATION_ONLY
oe_structural:2020:2020-03-29:316a14acf5eb,oe:team:2e66da41dc460dd378e3bcc57042d31,oe:team:87ee02298073abc2d55060f097d4041,period:666de7dcc2eb91211639,2020.0,Spring,regular,2020-03-29,BO1,2020-03-28T20:29:42+00:00,HIGH_CONFIDENCE_STRUCTURAL,"season=2020, team=oe:team:2e66da41dc460dd378e3bcc57042d31, cutoff<=2020-03-29T00:00:00+00:00",STRUCTURAL_RECONCILIATION_ONLY
oe_structural:2020:2020-03-30:1c9b9e3646ed,oe:team:2e66da41dc460dd378e3bcc57042d31,oe:team:4bd1751425ef6a9bc9d4d8e9385b4a6,period:666de7dcc2eb91211639,2020.0,Spring,regular,2020-03-30,BO1,2020-03-28T20:29:42+00:00,HIGH_CONFIDENCE_STRUCTURAL,"season=2020, team=oe:team:2e66da41dc460dd378e3bcc57042d31, cutoff<=2020-03-30T00:00:00+00:00",STRUCTURAL_RECONCILIATION_ONLY
oe_structural:2020:2020-04-04:c97c0dd553ef,oe:team:2e66da41dc460dd378e3bcc57042d31,oe:team:f7f7324c151aa6ed770b244ce08e027,period:666de7dcc2eb91211639,2020.0,Spring,playoffs,2020-04-04,BO5,2020-03-28T20:29:42+00:00,HIGH_CONFIDENCE_STRUCTURAL,"season=2020, team=oe:team:2e66da41dc460dd378e3bcc57042d31, cutoff<=2020-04-04T00:00:00+00:00",STRUCTURAL_RECONCILIATION_ONLY
oe_structural:2020:2020-03-29:2d84c7ef6d56,oe:team:4bd1751425ef6a9bc9d4d8e9385b4a6,oe:team:cbfaf0ca2181f0903d2fcceb6c28f3b,period:666de7dcc2eb91211639,2020.0,Spring,regular,2020-03-29,BO1,2020-03-28T20:29:42+00:00,HIGH_CONFIDENCE_STRUCTURAL,"season=2020, team=oe:team:4bd1751425ef6a9bc9d4d8e9385b4a6, cutoff<=2020-03-29T00:00:00+00:00",STRUCTURAL_RECONCILIATION_ONLY
oe_structural:2020:2020-03-30:1c9b9e3646ed,oe:team:4bd1751425ef6a9bc9d4d8e9385b4a6,oe:team:2e66da41dc460dd378e3bcc57042d31,period:666de7dcc2eb91211639,2020.0,Spring,regular,2020-03-30,BO1,2020-03-28T20:29:42+00:00,HIGH_CONFIDENCE_STRUCTURAL,"season=2020, team=oe:team:4bd1751425ef6a9bc9d4d8e9385b4a6, cutoff<=2020-03-30T00:00:00+00:00",STRUCTURAL_RECONCILIATION_ONLY
oe_structural:2020:2020-03-30:611ed8979e47,oe:team:4bd1751425ef6a9bc9d4d8e9385b4a6,oe:team:f7f7324c151aa6ed770b244ce08e027,period:666de7dcc2eb91211639,2020.0,Spring,regular,2020-03-30,BO1,2020-03-28T20:29:42+00:00,HIGH_CONFIDENCE_STRUCTURAL,"season=2020, team=oe:team:4bd1751425ef6a9bc9d4d8e9385b4a6, cutoff<=2020-03-30T00:00:00+00:00",STRUCTURAL_RECONCILIATION_ONLY
oe_structural:2020:2020-03-29:316a14acf5eb,oe:team:87ee02298073abc2d55060f097d4041,oe:team:2e66da41dc460dd378e3bcc57042d31,period:666de7dcc2eb91211639,2020.0,Spring,regular,2020-03-29,BO1,2020-03-28T20:29:42+00:00,HIGH_CONFIDENCE_STRUCTURAL,"season=2020, team=oe:team:87ee02298073abc2d55060f097d4041, cutoff<=2020-03-29T00:00:00+00:00",STRUCTURAL_RECONCILIATION_ONLY
oe_structural:2020:2020-03-30:e3557f81cedc,oe:team:87ee02298073abc2d55060f097d4041,oe:team:0dbb780176ecad18f17292d1f5653af,period:666de7dcc2eb91211639,2020.0,Spring,regular,2020-03-30,BO1,2020-03-28T20:29:42+00:00,HIGH_CONFIDENCE_STRUCTURAL,"season=2020, team=oe:team:87ee02298073abc2d55060f097d4041, cutoff<=2020-03-30T00:00:00+00:00",STRUCTURAL_RECONCILIATION_ONLY
oe_structural:2020:2020-03-29:668ea27cefc1,oe:team:8eb884e168f28402ce685bedebb5250,oe:team:fc8e90107dabb9a35c490b0d86adea0,period:666de7dcc2eb91211639,2020.0,Spring,regular,2020-03-29,BO1,2020-03-28T20:29:42+00:00,HIGH_CONFIDENCE_STRUCTURAL,"season=2020, team=oe:team:8eb884e168f28402ce685bedebb5250, cutoff<=2020-03-29T00:00:00+00:00",STRUCTURAL_RECONCILIATION_ONLY
oe_structural:2020:2020-06-13:c91117e1fb66,oe:team:8eb884e168f28402ce685bedebb5250,oe:team:a22510a4756fa424cb0771b13261139,period:666de7dcc2eb91211639,2020.0,Summer,regular,2020-06-13,BO1,2020-03-28T20:29:42+00:00,HIGH_CONFIDENCE_STRUCTURAL,"season=2020, team=oe:team:8eb884e168f28402ce685bedebb5250, cutoff<=2020-06-13T00:00:00+00:00",STRUCTURAL_RECONCILIATION_ONLY
oe_structural:2020:2020-03-29:10e242116855,oe:team:a22510a4756fa424cb0771b13261139,oe:team:0dbb780176ecad18f17292d1f5653af,period:666de7dcc2eb91211639,2020.0,Spring,regular,2020-03-29,BO1,2020-03-28T20:29:42+00:00,HIGH_CONFIDENCE_STRUCTURAL,"season=2020, team=oe:team:a22510a4756fa424cb0771b13261139, cutoff<=2020-03-29T00:00:00+00:00",STRUCTURAL_RECONCILIATION_ONLY
oe_structural:2020:2020-03-29:6d0a8ea9d5e0,oe:team:c334c629fea759876e9e04afbe4aee7,oe:team:f7f7324c151aa6ed770b244ce08e027,period:666de7dcc2eb91211639,2020.0,Spring,regular,2020-03-29,BO1,2020-03-28T20:29:42+00:00,HIGH_CONFIDENCE_STRUCTURAL,"season=2020, team=oe:team:c334c629fea759876e9e04afbe4aee7, cutoff<=2020-03-29T00:00:00+00:00",STRUCTURAL_RECONCILIATION_ONLY
oe_structural:2020:2020-03-29:b77912059fb1,oe:team:c334c629fea759876e9e04afbe4aee7,oe:team:0dbb780176ecad18f17292d1f5653af,period:666de7dcc2eb91211639,2020.0,Spring,regular,2020-03-29,BO1,2020-03-28T20:29:42+00:00,HIGH_CONFIDENCE_STRUCTURAL,"season=2020, team=oe:team:c334c629fea759876e9e04afbe4aee7, cutoff<=2020-03-29T00:00:00+00:00",STRUCTURAL_RECONCILIATION_ONLY
oe_structural:2020:2020-03-30:603fcf78d358,oe:team:c334c629fea759876e9e04afbe4aee7,oe:team:0dbb780176ecad18f17292d1f5653af,period:666de7dcc2eb91211639,2020.0,Spring,regular,2020-03-30,BO1,2020-03-28T20:29:42+00:00,HIGH_CONFIDENCE_STRUCTURAL,"season=2020, team=oe:team:c334c629fea759876e9e04afbe4aee7, cutoff<=2020-03-30T00:00:00+00:00",STRUCTURAL_RECONCILIATION_ONLY
oe_structural:2020:2020-06-13:2d429f037acd,oe:team:c334c629fea759876e9e04afbe4aee7,oe:team:2e66da41dc460dd378e3bcc57042d31,period:666de7dcc2eb91211639,2020.0,Summer,regular,2020-06-13,BO1,2020-03-28T20:29:42+00:00,HIGH_CONFIDENCE_STRUCTURAL,"season=2020, team=oe:team:c334c629fea759876e9e04afbe4aee7, cutoff<=2020-06-13T00:00:00+00:00",STRUCTURAL_RECONCILIATION_ONLY
oe_structural:2020:2020-03-29:2d84c7ef6d56,oe:team:cbfaf0ca2181f0903d2fcceb6c28f3b,oe:team:4bd1751425ef6a9bc9d4d8e9385b4a6,period:666de7dcc2eb91211639,2020.0,Spring,regular,2020-03-29,BO1,2020-03-28T20:29:42+00:00,HIGH_CONFIDENCE_STRUCTURAL,"season=2020, team=oe:team:cbfaf0ca2181f0903d2fcceb6c28f3b, cutoff<=2020-03-29T00:00:00+00:00",STRUCTURAL_RECONCILIATION_ONLY
oe_structural:2020:2020-06-13:2c155ec0a25f,oe:team:cbfaf0ca2181f0903d2fcceb6c28f3b,oe:team:f7f7324c151aa6ed770b244ce08e027,period:666de7dcc2eb91211639,2020.0,Summer,regular,2020-06-13,BO1,2020-03-28T20:29:42+00:00,HIGH_CONFIDENCE_STRUCTURAL,"season=2020, team=oe:team:cbfaf0ca2181f0903d2fcceb6c28f3b, cutoff<=2020-06-13T00:00:00+00:00",STRUCTURAL_RECONCILIATION_ONLY
oe_structural:2020:2020-03-29:6d0a8ea9d5e0,oe:team:f7f7324c151aa6ed770b244ce08e027,oe:team:c334c629fea759876e9e04afbe4aee7,period:666de7dcc2eb91211639,2020.0,Spring,regular,2020-03-29,BO1,2020-03-28T20:29:42+00:00,HIGH_CONFIDENCE_STRUCTURAL,"season=2020, team=oe:team:f7f7324c151aa6ed770b244ce08e027, cutoff<=2020-03-29T00:00:00+00:00",STRUCTURAL_RECONCILIATION_ONLY
oe_structural:2020:2020-03-30:611ed8979e47,oe:team:f7f7324c151aa6ed770b244ce08e027,oe:team:4bd1751425ef6a9bc9d4d8e9385b4a6,period:666de7dcc2eb91211639,2020.0,Spring,regular,2020-03-30,BO1,2020-03-28T20:29:42+00:00,HIGH_CONFIDENCE_STRUCTURAL,"season=2020, team=oe:team:f7f7324c151aa6ed770b244ce08e027, cutoff<=2020-03-30T00:00:00+00:00",STRUCTURAL_RECONCILIATION_ONLY
oe_structural:2020:2020-04-04:c97c0dd553ef,oe:team:f7f7324c151aa6ed770b244ce08e027,oe:team:2e66da41dc460dd378e3bcc57042d31,period:666de7dcc2eb91211639,2020.0,Spring,playoffs,2020-04-04,BO5,2020-03-28T20:29:42+00:00,HIGH_CONFIDENCE_STRUCTURAL,"season=2020, team=oe:team:f7f7324c151aa6ed770b244ce08e027, cutoff<=2020-04-04T00:00:00+00:00",STRUCTURAL_RECONCILIATION_ONLY
oe_structural:2020:2020-03-29:668ea27cefc1,oe:team:fc8e90107dabb9a35c490b0d86adea0,oe:team:8eb884e168f28402ce685bedebb5250,period:666de7dcc2eb91211639,2020.0,Spring,regular,2020-03-29,BO1,2020-03-28T20:29:42+00:00,HIGH_CONFIDENCE_STRUCTURAL,"season=2020, team=oe:team:fc8e90107dabb9a35c490b0d86adea0, cutoff<=2020-03-29T00:00:00+00:00",STRUCTURAL_RECONCILIATION_ONLY
oe_structural:2023:2023-07-28:c42fb0fcbfe7,oe:team:8eb884e168f28402ce685bedebb5250,oe:team:e758ebe9a5a2cc81b9c8078479c2d87,period:67a5ff4d5b051b402092,2023.0,Summer,playoffs,2023-07-28,BO5,2023-07-27T21:07:41+00:00,HIGH_CONFIDENCE_STRUCTURAL,"season=2023, team=oe:team:8eb884e168f28402ce685bedebb5250, cutoff<=2023-07-28T00:00:00+00:00",STRUCTURAL_RECONCILIATION_ONLY
oe_structural:2023:2023-07-29:171d22048fea,oe:team:8eb884e168f28402ce685bedebb5250,oe:team:e758ebe9a5a2cc81b9c8078479c2d87,period:67a5ff4d5b051b402092,2023.0,Summer,playoffs,2023-07-29,BO5,2023-07-27T21:07:41+00:00,HIGH_CONFIDENCE_STRUCTURAL,"season=2023, team=oe:team:8eb884e168f28402ce685bedebb5250, cutoff<=2023-07-29T00:00:00+00:00",STRUCTURAL_RECONCILIATION_ONLY
oe_structural:2023:2023-07-28:5b89f2d28157,oe:team:a22510a4756fa424cb0771b13261139,oe:team:f7f7324c151aa6ed770b244ce08e027,period:67a5ff4d5b051b402092,2023.0,Summer,playoffs,2023-07-28,BO5,2023-07-27T21:07:41+00:00,HIGH_CONFIDENCE_STRUCTURAL,"season=2023, team=oe:team:a22510a4756fa424cb0771b13261139, cutoff<=2023-07-28T00:00:00+00:00",STRUCTURAL_RECONCILIATION_ONLY
oe_structural:2023:2023-08-03:3d9b792e44b9,oe:team:a22510a4756fa424cb0771b13261139,oe:team:0dbb780176ecad18f17292d1f5653af,period:67a5ff4d5b051b402092,2023.0,Summer,playoffs,2023-08-03,BO5,2023-07-27T21:07:41+00:00,HIGH_CONFIDENCE_STRUCTURAL,"season=2023, team=oe:team:a22510a4756fa424cb0771b13261139, cutoff<=2023-08-03T00:00:00+00:00",STRUCTURAL_RECONCILIATION_ONLY
oe_structural:2023:2023-07-28:c42fb0fcbfe7,oe:team:e758ebe9a5a2cc81b9c8078479c2d87,oe:team:8eb884e168f28402ce685bedebb5250,period:67a5ff4d5b051b402092,2023.0,Summer,playoffs,2023-07-28,BO5,2023-07-27T21:07:41+00:00,HIGH_CONFIDENCE_STRUCTURAL,"season=2023, team=oe:team:e758ebe9a5a2cc81b9c8078479c2d87, cutoff<=2023-07-28T00:00:00+00:00",STRUCTURAL_RECONCILIATION_ONLY
oe_structural:2023:2023-07-29:171d22048fea,oe:team:e758ebe9a5a2cc81b9c8078479c2d87,oe:team:8eb884e168f28402ce685bedebb5250,period:67a5ff4d5b051b402092,2023.0,Summer,playoffs,2023-07-29,BO5,2023-07-27T21:07:41+00:00,HIGH_CONFIDENCE_STRUCTURAL,"season=2023, team=oe:team:e758ebe9a5a2cc81b9c8078479c2d87, cutoff<=2023-07-29T00:00:00+00:00",STRUCTURAL_RECONCILIATION_ONLY
oe_structural:2023:2023-07-28:5b89f2d28157,oe:team:f7f7324c151aa6ed770b244ce08e027,oe:team:a22510a4756fa424cb0771b13261139,period:67a5ff4d5b051b402092,2023.0,Summer,playoffs,2023-07-28,BO5,2023-07-27T21:07:41+00:00,HIGH_CONFIDENCE_STRUCTURAL,"season=2023, team=oe:team:f7f7324c151aa6ed770b244ce08e027, cutoff<=2023-07-28T00:00:00+00:00",STRUCTURAL_RECONCILIATION_ONLY
oe_structural:2024:2024-06-16:7e025a4c45e7,oe:team:0dbb780176ecad18f17292d1f5653af,oe:team:fc8e90107dabb9a35c490b0d86adea0,period:697d8a8453920f1ff1c8,2024.0,Summer,regular,2024-06-16,BO3,2024-06-15T20:11:50+00:00,HIGH_CONFIDENCE_STRUCTURAL,"season=2024, team=oe:team:0dbb780176ecad18f17292d1f5653af, cutoff<=2024-06-16T00:00:00+00:00",STRUCTURAL_RECONCILIATION_ONLY
oe_structural:2024:2024-06-22:5914e404e3a2,oe:team:0dbb780176ecad18f17292d1f5653af,oe:team:4bd1751425ef6a9bc9d4d8e9385b4a6,period:697d8a8453920f1ff1c8,2024.0,Summer,regular,2024-06-22,BO3,2024-06-15T20:11:50+00:00,HIGH_CONFIDENCE_STRUCTURAL,"season=2024, team=oe:team:0dbb780176ecad18f17292d1f5653af, cutoff<=2024-06-22T00:00:00+00:00",STRUCTURAL_RECONCILIATION_ONLY
oe_structural:2024:2024-06-16:a8d0d198d812,oe:team:4bd1751425ef6a9bc9d4d8e9385b4a6,oe:team:e758ebe9a5a2cc81b9c8078479c2d87,period:697d8a8453920f1ff1c8,2024.0,Summer,regular,2024-06-16,BO3,2024-06-15T20:11:50+00:00,HIGH_CONFIDENCE_STRUCTURAL,"season=2024, team=oe:team:4bd1751425ef6a9bc9d4d8e9385b4a6, cutoff<=2024-06-16T00:00:00+00:00",STRUCTURAL_RECONCILIATION_ONLY
oe_structural:2024:2024-06-22:5914e404e3a2,oe:team:4bd1751425ef6a9bc9d4d8e9385b4a6,oe:team:0dbb780176ecad18f17292d1f5653af,period:697d8a8453920f1ff1c8,2024.0,Summer,regular,2024-06-22,BO3,2024-06-15T20:11:50+00:00,HIGH_CONFIDENCE_STRUCTURAL,"season=2024, team=oe:team:4bd1751425ef6a9bc9d4d8e9385b4a6, cutoff<=2024-06-22T00:00:00+00:00",STRUCTURAL_RECONCILIATION_ONLY
oe_structural:2024:2024-06-16:e62f3e1582f2,oe:team:b360f1d729b0a8e0f29a5243c4200fa,oe:team:c334c629fea759876e9e04afbe4aee7,period:697d8a8453920f1ff1c8,2024.0,Summer,regular,2024-06-16,BO3,2024-06-15T20:11:50+00:00,HIGH_CONFIDENCE_STRUCTURAL,"season=2024, team=oe:team:b360f1d729b0a8e0f29a5243c4200fa, cutoff<=2024-06-16T00:00:00+00:00",STRUCTURAL_RECONCILIATION_ONLY
oe_structural:2024:2024-06-16:e62f3e1582f2,oe:team:c334c629fea759876e9e04afbe4aee7,oe:team:b360f1d729b0a8e0f29a5243c4200fa,period:697d8a8453920f1ff1c8,2024.0,Summer,regular,2024-06-16,BO3,2024-06-15T20:11:50+00:00,HIGH_CONFIDENCE_STRUCTURAL,"season=2024, team=oe:team:c334c629fea759876e9e04afbe4aee7, cutoff<=2024-06-16T00:00:00+00:00",STRUCTURAL_RECONCILIATION_ONLY
oe_structural:2024:2024-06-22:44f04bdc5426,oe:team:c334c629fea759876e9e04afbe4aee7,oe:team:fc8e90107dabb9a35c490b0d86adea0,period:697d8a8453920f1ff1c8,2024.0,Summer,regular,2024-06-22,BO3,2024-06-15T20:11:50+00:00,HIGH_CONFIDENCE_STRUCTURAL,"season=2024, team=oe:team:c334c629fea759876e9e04afbe4aee7, cutoff<=2024-06-22T00:00:00+00:00",STRUCTURAL_RECONCILIATION_ONLY
oe_structural:2024:2024-06-16:a8d0d198d812,oe:team:e758ebe9a5a2cc81b9c8078479c2d87,oe:team:4bd1751425ef6a9bc9d4d8e9385b4a6,period:697d8a8453920f1ff1c8,2024.0,Summer,regular,2024-06-16,BO3,2024-06-15T20:11:50+00:00,HIGH_CONFIDENCE_STRUCTURAL,"season=2024, team=oe:team:e758ebe9a5a2cc81b9c8078479c2d87, cutoff<=2024-06-16T00:00:00+00:00",STRUCTURAL_RECONCILIATION_ONLY
oe_structural:2024:2024-06-16:7e025a4c45e7,oe:team:fc8e90107dabb9a35c490b0d86adea0,oe:team:0dbb780176ecad18f17292d1f5653af,period:697d8a8453920f1ff1c8,2024.0,Summer,regular,2024-06-16,BO3,2024-06-15T20:11:50+00:00,HIGH_CONFIDENCE_STRUCTURAL,"season=2024, team=oe:team:fc8e90107dabb9a35c490b0d86adea0, cutoff<=2024-06-16T00:00:00+00:00",STRUCTURAL_RECONCILIATION_ONLY
oe_structural:2024:2024-06-22:44f04bdc5426,oe:team:fc8e90107dabb9a35c490b0d86adea0,oe:team:c334c629fea759876e9e04afbe4aee7,period:697d8a8453920f1ff1c8,2024.0,Summer,regular,2024-06-22,BO3,2024-06-15T20:11:50+00:00,HIGH_CONFIDENCE_STRUCTURAL,"season=2024, team=oe:team:fc8e90107dabb9a35c490b0d86adea0, cutoff<=2024-06-22T00:00:00+00:00",STRUCTURAL_RECONCILIATION_ONLY
oe_structural:2026:2026-02-01:e09a87de1ee7,oe:team:0dbb780176ecad18f17292d1f5653af,oe:team:f90422f1cbcb24bc2a855202582ec29,period:70fac0200d695853ccdc,2026.0,Lock-In,regular,2026-02-01,BO1,2026-01-31T21:07:01+00:00,HIGH_CONFIDENCE_STRUCTURAL,"season=2026, team=oe:team:0dbb780176ecad18f17292d1f5653af, cutoff<=2026-02-01T00:00:00+00:00",STRUCTURAL_RECONCILIATION_ONLY
oe_structural:2026:2026-02-01:cddc16a5dd84,oe:team:289284911fb6f41c0ccaecc3a0c2891,oe:team:2e66da41dc460dd378e3bcc57042d31,period:70fac0200d695853ccdc,2026.0,Lock-In,regular,2026-02-01,BO1,2026-01-31T21:07:01+00:00,HIGH_CONFIDENCE_STRUCTURAL,"season=2026, team=oe:team:289284911fb6f41c0ccaecc3a0c2891, cutoff<=2026-02-01T00:00:00+00:00",STRUCTURAL_RECONCILIATION_ONLY
oe_structural:2026:2026-02-01:cddc16a5dd84,oe:team:2e66da41dc460dd378e3bcc57042d31,oe:team:289284911fb6f41c0ccaecc3a0c2891,period:70fac0200d695853ccdc,2026.0,Lock-In,regular,2026-02-01,BO1,2026-01-31T21:07:01+00:00,HIGH_CONFIDENCE_STRUCTURAL,"season=2026, team=oe:team:2e66da41dc460dd378e3bcc57042d31, cutoff<=2026-02-01T00:00:00+00:00",STRUCTURAL_RECONCILIATION_ONLY
oe_structural:2026:2026-02-01:c0774b74d882,oe:team:8eb884e168f28402ce685bedebb5250,oe:team:b360f1d729b0a8e0f29a5243c4200fa,period:70fac0200d695853ccdc,2026.0,Lock-In,regular,2026-02-01,BO1,2026-01-31T21:07:01+00:00,HIGH_CONFIDENCE_STRUCTURAL,"season=2026, team=oe:team:8eb884e168f28402ce685bedebb5250, cutoff<=2026-02-01T00:00:00+00:00",STRUCTURAL_RECONCILIATION_ONLY
oe_structural:2026:2026-02-02:914adb52dcfc,oe:team:8eb884e168f28402ce685bedebb5250,oe:team:b360f1d729b0a8e0f29a5243c4200fa,period:70fac0200d695853ccdc,2026.0,Lock-In,regular,2026-02-02,BO1,2026-01-31T21:07:01+00:00,HIGH_CONFIDENCE_STRUCTURAL,"season=2026, team=oe:team:8eb884e168f28402ce685bedebb5250, cutoff<=2026-02-02T00:00:00+00:00",STRUCTURAL_RECONCILIATION_ONLY
oe_structural:2026:2026-02-01:c0774b74d882,oe:team:b360f1d729b0a8e0f29a5243c4200fa,oe:team:8eb884e168f28402ce685bedebb5250,period:70fac0200d695853ccdc,2026.0,Lock-In,regular,2026-02-01,BO1,2026-01-31T21:07:01+00:00,HIGH_CONFIDENCE_STRUCTURAL,"season=2026, team=oe:team:b360f1d729b0a8e0f29a5243c4200fa, cutoff<=2026-02-01T00:00:00+00:00",STRUCTURAL_RECONCILIATION_ONLY
oe_structural:2026:2026-02-02:914adb52dcfc,oe:team:b360f1d729b0a8e0f29a5243c4200fa,oe:team:8eb884e168f28402ce685bedebb5250,period:70fac0200d695853ccdc,2026.0,Lock-In,regular,2026-02-02,BO1,2026-01-31T21:07:01+00:00,HIGH_CONFIDENCE_STRUCTURAL,"season=2026, team=oe:team:b360f1d729b0a8e0f29a5243c4200fa, cutoff<=2026-02-02T00:00:00+00:00",STRUCTURAL_RECONCILIATION_ONLY
oe_structural:2026:2026-02-01:e09a87de1ee7,oe:team:f90422f1cbcb24bc2a855202582ec29,oe:team:0dbb780176ecad18f17292d1f5653af,period:70fac0200d695853ccdc,2026.0,Lock-In,regular,2026-02-01,BO1,2026-01-31T21:07:01+00:00,HIGH_CONFIDENCE_STRUCTURAL,"season=2026, team=oe:team:f90422f1cbcb24bc2a855202582ec29, cutoff<=2026-02-01T00:00:00+00:00",STRUCTURAL_RECONCILIATION_ONLY
oe_structural:2026:2026-02-07:3ef59cc94392,oe:team:f90422f1cbcb24bc2a855202582ec29,oe:team:8eb884e168f28402ce685bedebb5250,period:70fac0200d695853ccdc,2026.0,Lock-In,regular,2026-02-07,BO1,2026-01-31T21:07:01+00:00,HIGH_CONFIDENCE_STRUCTURAL,"season=2026, team=oe:team:f90422f1cbcb24bc2a855202582ec29, cutoff<=2026-02-07T00:00:00+00:00",STRUCTURAL_RECONCILIATION_ONLY
oe_structural:2026:2026-04-05:1c3f9c75d20a,oe:team:0dbb780176ecad18f17292d1f5653af,oe:team:b360f1d729b0a8e0f29a5243c4200fa,period:74efed7e4a28a304cc30,2026.0,Spring,regular,2026-04-05,BO1,2026-04-04T20:17:46+00:00,HIGH_CONFIDENCE_STRUCTURAL,"season=2026, team=oe:team:0dbb780176ecad18f17292d1f5653af, cutoff<=2026-04-05T00:00:00+00:00",STRUCTURAL_RECONCILIATION_ONLY
oe_structural:2026:2026-04-11:49ab3945455c,oe:team:0dbb780176ecad18f17292d1f5653af,oe:team:da1143bf9a245b78a8dc86417de85b3,period:74efed7e4a28a304cc30,2026.0,Spring,regular,2026-04-11,BO1,2026-04-04T20:17:46+00:00,HIGH_CONFIDENCE_STRUCTURAL,"season=2026, team=oe:team:0dbb780176ecad18f17292d1f5653af, cutoff<=2026-04-11T00:00:00+00:00",STRUCTURAL_RECONCILIATION_ONLY
oe_structural:2026:2026-04-05:48b3b80ab5a7,oe:team:289284911fb6f41c0ccaecc3a0c2891,oe:team:f90422f1cbcb24bc2a855202582ec29,period:74efed7e4a28a304cc30,2026.0,Spring,regular,2026-04-05,BO1,2026-04-04T20:17:46+00:00,HIGH_CONFIDENCE_STRUCTURAL,"season=2026, team=oe:team:289284911fb6f41c0ccaecc3a0c2891, cutoff<=2026-04-05T00:00:00+00:00",STRUCTURAL_RECONCILIATION_ONLY
oe_structural:2026:2026-04-05:847bf68f931f,oe:team:2e66da41dc460dd378e3bcc57042d31,oe:team:8eb884e168f28402ce685bedebb5250,period:74efed7e4a28a304cc30,2026.0,Spring,regular,2026-04-05,BO1,2026-04-04T20:17:46+00:00,HIGH_CONFIDENCE_STRUCTURAL,"season=2026, team=oe:team:2e66da41dc460dd378e3bcc57042d31, cutoff<=2026-04-05T00:00:00+00:00",STRUCTURAL_RECONCILIATION_ONLY
oe_structural:2026:2026-04-05:847bf68f931f,oe:team:8eb884e168f28402ce685bedebb5250,oe:team:2e66da41dc460dd378e3bcc57042d31,period:74efed7e4a28a304cc30,2026.0,Spring,regular,2026-04-05,BO1,2026-04-04T20:17:46+00:00,HIGH_CONFIDENCE_STRUCTURAL,"season=2026, team=oe:team:8eb884e168f28402ce685bedebb5250, cutoff<=2026-04-05T00:00:00+00:00",STRUCTURAL_RECONCILIATION_ONLY
oe_structural:2026:2026-04-11:dd574ac10dc6,oe:team:8eb884e168f28402ce685bedebb5250,oe:team:b360f1d729b0a8e0f29a5243c4200fa,period:74efed7e4a28a304cc30,2026.0,Spring,regular,2026-04-11,BO1,2026-04-04T20:17:46+00:00,HIGH_CONFIDENCE_STRUCTURAL,"season=2026, team=oe:team:8eb884e168f28402ce685bedebb5250, cutoff<=2026-04-11T00:00:00+00:00",STRUCTURAL_RECONCILIATION_ONLY
oe_structural:2026:2026-04-05:1c3f9c75d20a,oe:team:b360f1d729b0a8e0f29a5243c4200fa,oe:team:0dbb780176ecad18f17292d1f5653af,period:74efed7e4a28a304cc30,2026.0,Spring,regular,2026-04-05,BO1,2026-04-04T20:17:46+00:00,HIGH_CONFIDENCE_STRUCTURAL,"season=2026, team=oe:team:b360f1d729b0a8e0f29a5243c4200fa, cutoff<=2026-04-05T00:00:00+00:00",STRUCTURAL_RECONCILIATION_ONLY
oe_structural:2026:2026-04-11:dd574ac10dc6,oe:team:b360f1d729b0a8e0f29a5243c4200fa,oe:team:8eb884e168f28402ce685bedebb5250,period:74efed7e4a28a304cc30,2026.0,Spring,regular,2026-04-11,BO1,2026-04-04T20:17:46+00:00,HIGH_CONFIDENCE_STRUCTURAL,"season=2026, team=oe:team:b360f1d729b0a8e0f29a5243c4200fa, cutoff<=2026-04-11T00:00:00+00:00",STRUCTURAL_RECONCILIATION_ONLY
oe_structural:2026:2026-04-11:49ab3945455c,oe:team:da1143bf9a245b78a8dc86417de85b3,oe:team:0dbb780176ecad18f17292d1f5653af,period:74efed7e4a28a304cc30,2026.0,Spring,regular,2026-04-11,BO1,2026-04-04T20:17:46+00:00,HIGH_CONFIDENCE_STRUCTURAL,"season=2026, team=oe:team:da1143bf9a245b78a8dc86417de85b3, cutoff<=2026-04-11T00:00:00+00:00",STRUCTURAL_RECONCILIATION_ONLY
oe_structural:2026:2026-04-05:48b3b80ab5a7,oe:team:f90422f1cbcb24bc2a855202582ec29,oe:team:289284911fb6f41c0ccaecc3a0c2891,period:74efed7e4a28a304cc30,2026.0,Spring,regular,2026-04-05,BO1,2026-04-04T20:17:46+00:00,HIGH_CONFIDENCE_STRUCTURAL,"season=2026, team=oe:team:f90422f1cbcb24bc2a855202582ec29, cutoff<=2026-04-05T00:00:00+00:00",STRUCTURAL_RECONCILIATION_ONLY
oe_structural:2021:2021-04-11:738132663fb0,oe:team:8eb884e168f28402ce685bedebb5250,oe:team:fc8e90107dabb9a35c490b0d86adea0,period:759dd00fd0d693b754cc,2021.0,Spring,playoffs,2021-04-11,BO5,2021-04-10T19:41:22+00:00,HIGH_CONFIDENCE_STRUCTURAL,"season=2021, team=oe:team:8eb884e168f28402ce685bedebb5250, cutoff<=2021-04-11T00:00:00+00:00",STRUCTURAL_RECONCILIATION_ONLY
oe_structural:2021:2021-04-12:1782e7de03ce,oe:team:8eb884e168f28402ce685bedebb5250,oe:team:fc8e90107dabb9a35c490b0d86adea0,period:759dd00fd0d693b754cc,2021.0,Spring,playoffs,2021-04-12,BO5,2021-04-10T19:41:22+00:00,HIGH_CONFIDENCE_STRUCTURAL,"season=2021, team=oe:team:8eb884e168f28402ce685bedebb5250, cutoff<=2021-04-12T00:00:00+00:00",STRUCTURAL_RECONCILIATION_ONLY
oe_structural:2021:2021-06-04:3eb9c9985de6,oe:team:8eb884e168f28402ce685bedebb5250,oe:team:a22510a4756fa424cb0771b13261139,period:759dd00fd0d693b754cc,2021.0,Summer,regular,2021-06-04,BO1,2021-04-10T19:41:22+00:00,HIGH_CONFIDENCE_STRUCTURAL,"season=2021, team=oe:team:8eb884e168f28402ce685bedebb5250, cutoff<=2021-06-04T00:00:00+00:00",STRUCTURAL_RECONCILIATION_ONLY
oe_structural:2021:2021-06-04:3eb9c9985de6,oe:team:a22510a4756fa424cb0771b13261139,oe:team:8eb884e168f28402ce685bedebb5250,period:759dd00fd0d693b754cc,2021.0,Summer,regular,2021-06-04,BO1,2021-04-10T19:41:22+00:00,HIGH_CONFIDENCE_STRUCTURAL,"season=2021, team=oe:team:a22510a4756fa424cb0771b13261139, cutoff<=2021-06-04T00:00:00+00:00",STRUCTURAL_RECONCILIATION_ONLY
oe_structural:2021:2021-04-11:738132663fb0,oe:team:fc8e90107dabb9a35c490b0d86adea0,oe:team:8eb884e168f28402ce685bedebb5250,period:759dd00fd0d693b754cc,2021.0,Spring,playoffs,2021-04-11,BO5,2021-04-10T19:41:22+00:00,HIGH_CONFIDENCE_STRUCTURAL,"season=2021, team=oe:team:fc8e90107dabb9a35c490b0d86adea0, cutoff<=2021-04-11T00:00:00+00:00",STRUCTURAL_RECONCILIATION_ONLY
oe_structural:2021:2021-04-12:1782e7de03ce,oe:team:fc8e90107dabb9a35c490b0d86adea0,oe:team:8eb884e168f28402ce685bedebb5250,period:759dd00fd0d693b754cc,2021.0,Spring,playoffs,2021-04-12,BO5,2021-04-10T19:41:22+00:00,HIGH_CONFIDENCE_STRUCTURAL,"season=2021, team=oe:team:fc8e90107dabb9a35c490b0d86adea0, cutoff<=2021-04-12T00:00:00+00:00",STRUCTURAL_RECONCILIATION_ONLY
oe_structural:2026:2026-07-25:3a4f59a4ba40,oe:team:2e66da41dc460dd378e3bcc57042d31,oe:team:da1143bf9a245b78a8dc86417de85b3,period:76aa7cb585d2505649ba,2026.0,Summer,regular,2026-07-25,BO1,2026-06-06T20:09:49+00:00,HIGH_CONFIDENCE_STRUCTURAL,"season=2026, team=oe:team:2e66da41dc460dd378e3bcc57042d31, cutoff<=2026-07-25T00:00:00+00:00",STRUCTURAL_RECONCILIATION_ONLY
oe_structural:2026:2026-06-13:f34cd9c9e12f,oe:team:8eb884e168f28402ce685bedebb5250,oe:team:fc8e90107dabb9a35c490b0d86adea0,period:76aa7cb585d2505649ba,2026.0,Spring,playoffs,2026-06-13,BO5,2026-06-06T20:09:49+00:00,HIGH_CONFIDENCE_STRUCTURAL,"season=2026, team=oe:team:8eb884e168f28402ce685bedebb5250, cutoff<=2026-06-13T00:00:00+00:00",STRUCTURAL_RECONCILIATION_ONLY
oe_structural:2026:2026-06-07:ca3fa916b669,oe:team:da1143bf9a245b78a8dc86417de85b3,oe:team:fc8e90107dabb9a35c490b0d86adea0,period:76aa7cb585d2505649ba,2026.0,Spring,playoffs,2026-06-07,BO5,2026-06-06T20:09:49+00:00,HIGH_CONFIDENCE_STRUCTURAL,"season=2026, team=oe:team:da1143bf9a245b78a8dc86417de85b3, cutoff<=2026-06-07T00:00:00+00:00",STRUCTURAL_RECONCILIATION_ONLY
oe_structural:2026:2026-06-07:ca3fa916b669,oe:team:fc8e90107dabb9a35c490b0d86adea0,oe:team:da1143bf9a245b78a8dc86417de85b3,period:76aa7cb585d2505649ba,2026.0,Spring,playoffs,2026-06-07,BO5,2026-06-06T20:09:49+00:00,HIGH_CONFIDENCE_STRUCTURAL,"season=2026, team=oe:team:fc8e90107dabb9a35c490b0d86adea0, cutoff<=2026-06-07T00:00:00+00:00",STRUCTURAL_RECONCILIATION_ONLY
oe_structural:2026:2026-06-13:f34cd9c9e12f,oe:team:fc8e90107dabb9a35c490b0d86adea0,oe:team:8eb884e168f28402ce685bedebb5250,period:76aa7cb585d2505649ba,2026.0,Spring,playoffs,2026-06-13,BO5,2026-06-06T20:09:49+00:00,HIGH_CONFIDENCE_STRUCTURAL,"season=2026, team=oe:team:fc8e90107dabb9a35c490b0d86adea0, cutoff<=2026-06-13T00:00:00+00:00",STRUCTURAL_RECONCILIATION_ONLY
oe_structural:2024:2024-09-07:113e1ddfeffb,oe:team:2e66da41dc460dd378e3bcc57042d31,oe:team:8eb884e168f28402ce685bedebb5250,period:77186dc9e4b5f1acc2df,2024.0,Summer,playoffs,2024-09-07,BO5,2024-09-06T20:13:13+00:00,HIGH_CONFIDENCE_STRUCTURAL,"season=2024, team=oe:team:2e66da41dc460dd378e3bcc57042d31, cutoff<=2024-09-07T00:00:00+00:00",STRUCTURAL_RECONCILIATION_ONLY
oe_structural:2024:2024-09-07:113e1ddfeffb,oe:team:8eb884e168f28402ce685bedebb5250,oe:team:2e66da41dc460dd378e3bcc57042d31,period:77186dc9e4b5f1acc2df,2024.0,Summer,playoffs,2024-09-07,BO5,2024-09-06T20:13:13+00:00,HIGH_CONFIDENCE_STRUCTURAL,"season=2024, team=oe:team:8eb884e168f28402ce685bedebb5250, cutoff<=2024-09-07T00:00:00+00:00",STRUCTURAL_RECONCILIATION_ONLY
oe_structural:2020:2020-07-05:f58cc0758bd9,oe:team:0dbb780176ecad18f17292d1f5653af,oe:team:fc8e90107dabb9a35c490b0d86adea0,period:7813fa8e90f59320de07,2020.0,Summer,regular,2020-07-05,BO1,2020-07-04T00:21:06+00:00,HIGH_CONFIDENCE_STRUCTURAL,"season=2020, team=oe:team:0dbb780176ecad18f17292d1f5653af, cutoff<=2020-07-05T00:00:00+00:00",STRUCTURAL_RECONCILIATION_ONLY
oe_structural:2020:2020-07-11:64feb07a2cdb,oe:team:0dbb780176ecad18f17292d1f5653af,oe:team:2e66da41dc460dd378e3bcc57042d31,period:7813fa8e90f59320de07,2020.0,Summer,regular,2020-07-11,BO1,2020-07-04T00:21:06+00:00,HIGH_CONFIDENCE_STRUCTURAL,"season=2020, team=oe:team:0dbb780176ecad18f17292d1f5653af, cutoff<=2020-07-11T00:00:00+00:00",STRUCTURAL_RECONCILIATION_ONLY
oe_structural:2020:2020-07-11:b6ebcc89f4fa,oe:team:0dbb780176ecad18f17292d1f5653af,oe:team:c334c629fea759876e9e04afbe4aee7,period:7813fa8e90f59320de07,2020.0,Summer,regular,2020-07-11,BO1,2020-07-04T00:21:06+00:00,HIGH_CONFIDENCE_STRUCTURAL,"season=2020, team=oe:team:0dbb780176ecad18f17292d1f5653af, cutoff<=2020-07-11T00:00:00+00:00",STRUCTURAL_RECONCILIATION_ONLY
oe_structural:2020:2020-07-05:50f6879b8b68,oe:team:2e66da41dc460dd378e3bcc57042d31,oe:team:8eb884e168f28402ce685bedebb5250,period:7813fa8e90f59320de07,2020.0,Summer,regular,2020-07-05,BO1,2020-07-04T00:21:06+00:00,HIGH_CONFIDENCE_STRUCTURAL,"season=2020, team=oe:team:2e66da41dc460dd378e3bcc57042d31, cutoff<=2020-07-05T00:00:00+00:00",STRUCTURAL_RECONCILIATION_ONLY
oe_structural:2020:2020-07-11:64feb07a2cdb,oe:team:2e66da41dc460dd378e3bcc57042d31,oe:team:0dbb780176ecad18f17292d1f5653af,period:7813fa8e90f59320de07,2020.0,Summer,regular,2020-07-11,BO1,2020-07-04T00:21:06+00:00,HIGH_CONFIDENCE_STRUCTURAL,"season=2020, team=oe:team:2e66da41dc460dd378e3bcc57042d31, cutoff<=2020-07-11T00:00:00+00:00",STRUCTURAL_RECONCILIATION_ONLY
oe_structural:2020:2020-07-11:a26bf7b395b0,oe:team:2e66da41dc460dd378e3bcc57042d31,oe:team:4bd1751425ef6a9bc9d4d8e9385b4a6,period:7813fa8e90f59320de07,2020.0,Summer,regular,2020-07-11,BO1,2020-07-04T00:21:06+00:00,HIGH_CONFIDENCE_STRUCTURAL,"season=2020, team=oe:team:2e66da41dc460dd378e3bcc57042d31, cutoff<=2020-07-11T00:00:00+00:00",STRUCTURAL_RECONCILIATION_ONLY
oe_structural:2020:2020-07-11:a26bf7b395b0,oe:team:4bd1751425ef6a9bc9d4d8e9385b4a6,oe:team:2e66da41dc460dd378e3bcc57042d31,period:7813fa8e90f59320de07,2020.0,Summer,regular,2020-07-11,BO1,2020-07-04T00:21:06+00:00,HIGH_CONFIDENCE_STRUCTURAL,"season=2020, team=oe:team:4bd1751425ef6a9bc9d4d8e9385b4a6, cutoff<=2020-07-11T00:00:00+00:00",STRUCTURAL_RECONCILIATION_ONLY
oe_structural:2020:2020-07-11:e9ec3a3f3267,oe:team:87ee02298073abc2d55060f097d4041,oe:team:f7f7324c151aa6ed770b244ce08e027,period:7813fa8e90f59320de07,2020.0,Summer,regular,2020-07-11,BO1,2020-07-04T00:21:06+00:00,HIGH_CONFIDENCE_STRUCTURAL,"season=2020, team=oe:team:87ee02298073abc2d55060f097d4041, cutoff<=2020-07-11T00:00:00+00:00",STRUCTURAL_RECONCILIATION_ONLY
oe_structural:2020:2020-07-05:50f6879b8b68,oe:team:8eb884e168f28402ce685bedebb5250,oe:team:2e66da41dc460dd378e3bcc57042d31,period:7813fa8e90f59320de07,2020.0,Summer,regular,2020-07-05,BO1,2020-07-04T00:21:06+00:00,HIGH_CONFIDENCE_STRUCTURAL,"season=2020, team=oe:team:8eb884e168f28402ce685bedebb5250, cutoff<=2020-07-05T00:00:00+00:00",STRUCTURAL_RECONCILIATION_ONLY
oe_structural:2020:2020-07-11:98dfd2bc3503,oe:team:8eb884e168f28402ce685bedebb5250,oe:team:cbfaf0ca2181f0903d2fcceb6c28f3b,period:7813fa8e90f59320de07,2020.0,Summer,regular,2020-07-11,BO1,2020-07-04T00:21:06+00:00,HIGH_CONFIDENCE_STRUCTURAL,"season=2020, team=oe:team:8eb884e168f28402ce685bedebb5250, cutoff<=2020-07-11T00:00:00+00:00",STRUCTURAL_RECONCILIATION_ONLY
oe_structural:2020:2020-07-05:b46b9bb35e31,oe:team:a22510a4756fa424cb0771b13261139,oe:team:cbfaf0ca2181f0903d2fcceb6c28f3b,period:7813fa8e90f59320de07,2020.0,Summer,regular,2020-07-05,BO1,2020-07-04T00:21:06+00:00,HIGH_CONFIDENCE_STRUCTURAL,"season=2020, team=oe:team:a22510a4756fa424cb0771b13261139, cutoff<=2020-07-05T00:00:00+00:00",STRUCTURAL_RECONCILIATION_ONLY
oe_structural:2020:2020-07-11:e3c33f6fb010,oe:team:a22510a4756fa424cb0771b13261139,oe:team:fc8e90107dabb9a35c490b0d86adea0,period:7813fa8e90f59320de07,2020.0,Summer,regular,2020-07-11,BO1,2020-07-04T00:21:06+00:00,HIGH_CONFIDENCE_STRUCTURAL,"season=2020, team=oe:team:a22510a4756fa424cb0771b13261139, cutoff<=2020-07-11T00:00:00+00:00",STRUCTURAL_RECONCILIATION_ONLY
oe_structural:2020:2020-07-05:f15e4122f897,oe:team:c334c629fea759876e9e04afbe4aee7,oe:team:f7f7324c151aa6ed770b244ce08e027,period:7813fa8e90f59320de07,2020.0,Summer,regular,2020-07-05,BO1,2020-07-04T00:21:06+00:00,HIGH_CONFIDENCE_STRUCTURAL,"season=2020, team=oe:team:c334c629fea759876e9e04afbe4aee7, cutoff<=2020-07-05T00:00:00+00:00",STRUCTURAL_RECONCILIATION_ONLY
oe_structural:2020:2020-07-11:b6ebcc89f4fa,oe:team:c334c629fea759876e9e04afbe4aee7,oe:team:0dbb780176ecad18f17292d1f5653af,period:7813fa8e90f59320de07,2020.0,Summer,regular,2020-07-11,BO1,2020-07-04T00:21:06+00:00,HIGH_CONFIDENCE_STRUCTURAL,"season=2020, team=oe:team:c334c629fea759876e9e04afbe4aee7, cutoff<=2020-07-11T00:00:00+00:00",STRUCTURAL_RECONCILIATION_ONLY
oe_structural:2020:2020-07-05:b46b9bb35e31,oe:team:cbfaf0ca2181f0903d2fcceb6c28f3b,oe:team:a22510a4756fa424cb0771b13261139,period:7813fa8e90f59320de07,2020.0,Summer,regular,2020-07-05,BO1,2020-07-04T00:21:06+00:00,HIGH_CONFIDENCE_STRUCTURAL,"season=2020, team=oe:team:cbfaf0ca2181f0903d2fcceb6c28f3b, cutoff<=2020-07-05T00:00:00+00:00",STRUCTURAL_RECONCILIATION_ONLY
oe_structural:2020:2020-07-11:98dfd2bc3503,oe:team:cbfaf0ca2181f0903d2fcceb6c28f3b,oe:team:8eb884e168f28402ce685bedebb5250,period:7813fa8e90f59320de07,2020.0,Summer,regular,2020-07-11,BO1,2020-07-04T00:21:06+00:00,HIGH_CONFIDENCE_STRUCTURAL,"season=2020, team=oe:team:cbfaf0ca2181f0903d2fcceb6c28f3b, cutoff<=2020-07-11T00:00:00+00:00",STRUCTURAL_RECONCILIATION_ONLY
oe_structural:2020:2020-07-05:f15e4122f897,oe:team:f7f7324c151aa6ed770b244ce08e027,oe:team:c334c629fea759876e9e04afbe4aee7,period:7813fa8e90f59320de07,2020.0,Summer,regular,2020-07-05,BO1,2020-07-04T00:21:06+00:00,HIGH_CONFIDENCE_STRUCTURAL,"season=2020, team=oe:team:f7f7324c151aa6ed770b244ce08e027, cutoff<=2020-07-05T00:00:00+00:00",STRUCTURAL_RECONCILIATION_ONLY
oe_structural:2020:2020-07-11:e9ec3a3f3267,oe:team:f7f7324c151aa6ed770b244ce08e027,oe:team:87ee02298073abc2d55060f097d4041,period:7813fa8e90f59320de07,2020.0,Summer,regular,2020-07-11,BO1,2020-07-04T00:21:06+00:00,HIGH_CONFIDENCE_STRUCTURAL,"season=2020, team=oe:team:f7f7324c151aa6ed770b244ce08e027, cutoff<=2020-07-11T00:00:00+00:00",STRUCTURAL_RECONCILIATION_ONLY
oe_structural:2020:2020-07-05:f58cc0758bd9,oe:team:fc8e90107dabb9a35c490b0d86adea0,oe:team:0dbb780176ecad18f17292d1f5653af,period:7813fa8e90f59320de07,2020.0,Summer,regular,2020-07-05,BO1,2020-07-04T00:21:06+00:00,HIGH_CONFIDENCE_STRUCTURAL,"season=2020, team=oe:team:fc8e90107dabb9a35c490b0d86adea0, cutoff<=2020-07-05T00:00:00+00:00",STRUCTURAL_RECONCILIATION_ONLY
oe_structural:2020:2020-07-11:e3c33f6fb010,oe:team:fc8e90107dabb9a35c490b0d86adea0,oe:team:a22510a4756fa424cb0771b13261139,period:7813fa8e90f59320de07,2020.0,Summer,regular,2020-07-11,BO1,2020-07-04T00:21:06+00:00,HIGH_CONFIDENCE_STRUCTURAL,"season=2020, team=oe:team:fc8e90107dabb9a35c490b0d86adea0, cutoff<=2020-07-11T00:00:00+00:00",STRUCTURAL_RECONCILIATION_ONLY
oe_structural:2024:2024-03-03:0d21fbcbad2a,oe:team:0dbb780176ecad18f17292d1f5653af,oe:team:4bd1751425ef6a9bc9d4d8e9385b4a6,period:789a06731adc1e0c8798,2024.0,Spring,regular,2024-03-03,BO1,2024-03-02T21:07:29+00:00,HIGH_CONFIDENCE_STRUCTURAL,"season=2024, team=oe:team:0dbb780176ecad18f17292d1f5653af, cutoff<=2024-03-03T00:00:00+00:00",STRUCTURAL_RECONCILIATION_ONLY
oe_structural:2024:2024-03-03:befc2096bf4f,oe:team:0dbb780176ecad18f17292d1f5653af,oe:team:b360f1d729b0a8e0f29a5243c4200fa,period:789a06731adc1e0c8798,2024.0,Spring,regular,2024-03-03,BO1,2024-03-02T21:07:29+00:00,HIGH_CONFIDENCE_STRUCTURAL,"season=2024, team=oe:team:0dbb780176ecad18f17292d1f5653af, cutoff<=2024-03-03T00:00:00+00:00",STRUCTURAL_RECONCILIATION_ONLY
oe_structural:2024:2024-03-08:3df0900c8fcb,oe:team:0dbb780176ecad18f17292d1f5653af,oe:team:fc8e90107dabb9a35c490b0d86adea0,period:789a06731adc1e0c8798,2024.0,Spring,regular,2024-03-08,BO1,2024-03-02T21:07:29+00:00,HIGH_CONFIDENCE_STRUCTURAL,"season=2024, team=oe:team:0dbb780176ecad18f17292d1f5653af, cutoff<=2024-03-08T00:00:00+00:00",STRUCTURAL_RECONCILIATION_ONLY
oe_structural:2024:2024-03-03:a86920af4954,oe:team:2e66da41dc460dd378e3bcc57042d31,oe:team:4bd1751425ef6a9bc9d4d8e9385b4a6,period:789a06731adc1e0c8798,2024.0,Spring,regular,2024-03-03,BO1,2024-03-02T21:07:29+00:00,HIGH_CONFIDENCE_STRUCTURAL,"season=2024, team=oe:team:2e66da41dc460dd378e3bcc57042d31, cutoff<=2024-03-03T00:00:00+00:00",STRUCTURAL_RECONCILIATION_ONLY
oe_structural:2024:2024-03-08:aa1c6e05a6c2,oe:team:2e66da41dc460dd378e3bcc57042d31,oe:team:8eb884e168f28402ce685bedebb5250,period:789a06731adc1e0c8798,2024.0,Spring,regular,2024-03-08,BO1,2024-03-02T21:07:29+00:00,HIGH_CONFIDENCE_STRUCTURAL,"season=2024, team=oe:team:2e66da41dc460dd378e3bcc57042d31, cutoff<=2024-03-08T00:00:00+00:00",STRUCTURAL_RECONCILIATION_ONLY
oe_structural:2024:2024-03-03:0d21fbcbad2a,oe:team:4bd1751425ef6a9bc9d4d8e9385b4a6,oe:team:0dbb780176ecad18f17292d1f5653af,period:789a06731adc1e0c8798,2024.0,Spring,regular,2024-03-03,BO1,2024-03-02T21:07:29+00:00,HIGH_CONFIDENCE_STRUCTURAL,"season=2024, team=oe:team:4bd1751425ef6a9bc9d4d8e9385b4a6, cutoff<=2024-03-03T00:00:00+00:00",STRUCTURAL_RECONCILIATION_ONLY
oe_structural:2024:2024-03-03:a86920af4954,oe:team:4bd1751425ef6a9bc9d4d8e9385b4a6,oe:team:2e66da41dc460dd378e3bcc57042d31,period:789a06731adc1e0c8798,2024.0,Spring,regular,2024-03-03,BO1,2024-03-02T21:07:29+00:00,HIGH_CONFIDENCE_STRUCTURAL,"season=2024, team=oe:team:4bd1751425ef6a9bc9d4d8e9385b4a6, cutoff<=2024-03-03T00:00:00+00:00",STRUCTURAL_RECONCILIATION_ONLY
oe_structural:2024:2024-03-08:8860acd94178,oe:team:4bd1751425ef6a9bc9d4d8e9385b4a6,oe:team:c334c629fea759876e9e04afbe4aee7,period:789a06731adc1e0c8798,2024.0,Spring,regular,2024-03-08,BO1,2024-03-02T21:07:29+00:00,HIGH_CONFIDENCE_STRUCTURAL,"season=2024, team=oe:team:4bd1751425ef6a9bc9d4d8e9385b4a6, cutoff<=2024-03-08T00:00:00+00:00",STRUCTURAL_RECONCILIATION_ONLY
oe_structural:2024:2024-03-04:5d20d346efe6,oe:team:8eb884e168f28402ce685bedebb5250,oe:team:fc8e90107dabb9a35c490b0d86adea0,period:789a06731adc1e0c8798,2024.0,Spring,regular,2024-03-04,BO1,2024-03-02T21:07:29+00:00,HIGH_CONFIDENCE_STRUCTURAL,"season=2024, team=oe:team:8eb884e168f28402ce685bedebb5250, cutoff<=2024-03-04T00:00:00+00:00",STRUCTURAL_RECONCILIATION_ONLY
oe_structural:2024:2024-03-08:aa1c6e05a6c2,oe:team:8eb884e168f28402ce685bedebb5250,oe:team:2e66da41dc460dd378e3bcc57042d31,period:789a06731adc1e0c8798,2024.0,Spring,regular,2024-03-08,BO1,2024-03-02T21:07:29+00:00,HIGH_CONFIDENCE_STRUCTURAL,"season=2024, team=oe:team:8eb884e168f28402ce685bedebb5250, cutoff<=2024-03-08T00:00:00+00:00",STRUCTURAL_RECONCILIATION_ONLY
oe_structural:2024:2024-03-03:befc2096bf4f,oe:team:b360f1d729b0a8e0f29a5243c4200fa,oe:team:0dbb780176ecad18f17292d1f5653af,period:789a06731adc1e0c8798,2024.0,Spring,regular,2024-03-03,BO1,2024-03-02T21:07:29+00:00,HIGH_CONFIDENCE_STRUCTURAL,"season=2024, team=oe:team:b360f1d729b0a8e0f29a5243c4200fa, cutoff<=2024-03-03T00:00:00+00:00",STRUCTURAL_RECONCILIATION_ONLY
oe_structural:2024:2024-03-08:d0ec497a15ed,oe:team:b360f1d729b0a8e0f29a5243c4200fa,oe:team:e758ebe9a5a2cc81b9c8078479c2d87,period:789a06731adc1e0c8798,2024.0,Spring,regular,2024-03-08,BO1,2024-03-02T21:07:29+00:00,HIGH_CONFIDENCE_STRUCTURAL,"season=2024, team=oe:team:b360f1d729b0a8e0f29a5243c4200fa, cutoff<=2024-03-08T00:00:00+00:00",STRUCTURAL_RECONCILIATION_ONLY
oe_structural:2024:2024-03-03:5d9c6bde0f50,oe:team:c334c629fea759876e9e04afbe4aee7,oe:team:e758ebe9a5a2cc81b9c8078479c2d87,period:789a06731adc1e0c8798,2024.0,Spring,regular,2024-03-03,BO1,2024-03-02T21:07:29+00:00,HIGH_CONFIDENCE_STRUCTURAL,"season=2024, team=oe:team:c334c629fea759876e9e04afbe4aee7, cutoff<=2024-03-03T00:00:00+00:00",STRUCTURAL_RECONCILIATION_ONLY
oe_structural:2024:2024-03-08:8860acd94178,oe:team:c334c629fea759876e9e04afbe4aee7,oe:team:4bd1751425ef6a9bc9d4d8e9385b4a6,period:789a06731adc1e0c8798,2024.0,Spring,regular,2024-03-08,BO1,2024-03-02T21:07:29+00:00,HIGH_CONFIDENCE_STRUCTURAL,"season=2024, team=oe:team:c334c629fea759876e9e04afbe4aee7, cutoff<=2024-03-08T00:00:00+00:00",STRUCTURAL_RECONCILIATION_ONLY
oe_structural:2024:2024-03-03:5d9c6bde0f50,oe:team:e758ebe9a5a2cc81b9c8078479c2d87,oe:team:c334c629fea759876e9e04afbe4aee7,period:789a06731adc1e0c8798,2024.0,Spring,regular,2024-03-03,BO1,2024-03-02T21:07:29+00:00,HIGH_CONFIDENCE_STRUCTURAL,"season=2024, team=oe:team:e758ebe9a5a2cc81b9c8078479c2d87, cutoff<=2024-03-03T00:00:00+00:00",STRUCTURAL_RECONCILIATION_ONLY
oe_structural:2024:2024-03-08:d0ec497a15ed,oe:team:e758ebe9a5a2cc81b9c8078479c2d87,oe:team:b360f1d729b0a8e0f29a5243c4200fa,period:789a06731adc1e0c8798,2024.0,Spring,regular,2024-03-08,BO1,2024-03-02T21:07:29+00:00,HIGH_CONFIDENCE_STRUCTURAL,"season=2024, team=oe:team:e758ebe9a5a2cc81b9c8078479c2d87, cutoff<=2024-03-08T00:00:00+00:00",STRUCTURAL_RECONCILIATION_ONLY
oe_structural:2024:2024-03-04:5d20d346efe6,oe:team:fc8e90107dabb9a35c490b0d86adea0,oe:team:8eb884e168f28402ce685bedebb5250,period:789a06731adc1e0c8798,2024.0,Spring,regular,2024-03-04,BO1,2024-03-02T21:07:29+00:00,HIGH_CONFIDENCE_STRUCTURAL,"season=2024, team=oe:team:fc8e90107dabb9a35c490b0d86adea0, cutoff<=2024-03-04T00:00:00+00:00",STRUCTURAL_RECONCILIATION_ONLY
oe_structural:2024:2024-03-08:3df0900c8fcb,oe:team:fc8e90107dabb9a35c490b0d86adea0,oe:team:0dbb780176ecad18f17292d1f5653af,period:789a06731adc1e0c8798,2024.0,Spring,regular,2024-03-08,BO1,2024-03-02T21:07:29+00:00,HIGH_CONFIDENCE_STRUCTURAL,"season=2024, team=oe:team:fc8e90107dabb9a35c490b0d86adea0, cutoff<=2024-03-08T00:00:00+00:00",STRUCTURAL_RECONCILIATION_ONLY
oe_structural:2022:2022-03-06:425e3ce3376e,oe:team:0dbb780176ecad18f17292d1f5653af,oe:team:2e66da41dc460dd378e3bcc57042d31,period:7a928b9ecc895d38667e,2022.0,Spring,regular,2022-03-06,BO1,2022-03-05T21:01:58+00:00,HIGH_CONFIDENCE_STRUCTURAL,"season=2022, team=oe:team:0dbb780176ecad18f17292d1f5653af, cutoff<=2022-03-06T00:00:00+00:00",STRUCTURAL_RECONCILIATION_ONLY
oe_structural:2022:2022-03-06:e25b1271a2e2,oe:team:0dbb780176ecad18f17292d1f5653af,oe:team:cbfaf0ca2181f0903d2fcceb6c28f3b,period:7a928b9ecc895d38667e,2022.0,Spring,regular,2022-03-06,BO1,2022-03-05T21:01:58+00:00,HIGH_CONFIDENCE_STRUCTURAL,"season=2022, team=oe:team:0dbb780176ecad18f17292d1f5653af, cutoff<=2022-03-06T00:00:00+00:00",STRUCTURAL_RECONCILIATION_ONLY
oe_structural:2022:2022-03-06:425e3ce3376e,oe:team:2e66da41dc460dd378e3bcc57042d31,oe:team:0dbb780176ecad18f17292d1f5653af,period:7a928b9ecc895d38667e,2022.0,Spring,regular,2022-03-06,BO1,2022-03-05T21:01:58+00:00,HIGH_CONFIDENCE_STRUCTURAL,"season=2022, team=oe:team:2e66da41dc460dd378e3bcc57042d31, cutoff<=2022-03-06T00:00:00+00:00",STRUCTURAL_RECONCILIATION_ONLY
oe_structural:2022:2022-03-12:3d03f2edf7d9,oe:team:2e66da41dc460dd378e3bcc57042d31,oe:team:cbfaf0ca2181f0903d2fcceb6c28f3b,period:7a928b9ecc895d38667e,2022.0,Spring,regular,2022-03-12,BO1,2022-03-05T21:01:58+00:00,HIGH_CONFIDENCE_STRUCTURAL,"season=2022, team=oe:team:2e66da41dc460dd378e3bcc57042d31, cutoff<=2022-03-12T00:00:00+00:00",STRUCTURAL_RECONCILIATION_ONLY
oe_structural:2022:2022-03-06:177c945d51c3,oe:team:4bd1751425ef6a9bc9d4d8e9385b4a6,oe:team:cbfaf0ca2181f0903d2fcceb6c28f3b,period:7a928b9ecc895d38667e,2022.0,Spring,regular,2022-03-06,BO1,2022-03-05T21:01:58+00:00,HIGH_CONFIDENCE_STRUCTURAL,"season=2022, team=oe:team:4bd1751425ef6a9bc9d4d8e9385b4a6, cutoff<=2022-03-06T00:00:00+00:00",STRUCTURAL_RECONCILIATION_ONLY
oe_structural:2022:2022-03-12:5412d4181454,oe:team:4bd1751425ef6a9bc9d4d8e9385b4a6,oe:team:87ee02298073abc2d55060f097d4041,period:7a928b9ecc895d38667e,2022.0,Spring,regular,2022-03-12,BO1,2022-03-05T21:01:58+00:00,HIGH_CONFIDENCE_STRUCTURAL,"season=2022, team=oe:team:4bd1751425ef6a9bc9d4d8e9385b4a6, cutoff<=2022-03-12T00:00:00+00:00",STRUCTURAL_RECONCILIATION_ONLY
oe_structural:2022:2022-03-06:579eb9e10c6b,oe:team:87ee02298073abc2d55060f097d4041,oe:team:fc8e90107dabb9a35c490b0d86adea0,period:7a928b9ecc895d38667e,2022.0,Spring,regular,2022-03-06,BO1,2022-03-05T21:01:58+00:00,HIGH_CONFIDENCE_STRUCTURAL,"season=2022, team=oe:team:87ee02298073abc2d55060f097d4041, cutoff<=2022-03-06T00:00:00+00:00",STRUCTURAL_RECONCILIATION_ONLY
oe_structural:2022:2022-03-07:d3ce5f99bdb6,oe:team:87ee02298073abc2d55060f097d4041,oe:team:a22510a4756fa424cb0771b13261139,period:7a928b9ecc895d38667e,2022.0,Spring,regular,2022-03-07,BO1,2022-03-05T21:01:58+00:00,HIGH_CONFIDENCE_STRUCTURAL,"season=2022, team=oe:team:87ee02298073abc2d55060f097d4041, cutoff<=2022-03-07T00:00:00+00:00",STRUCTURAL_RECONCILIATION_ONLY
oe_structural:2022:2022-03-12:5412d4181454,oe:team:87ee02298073abc2d55060f097d4041,oe:team:4bd1751425ef6a9bc9d4d8e9385b4a6,period:7a928b9ecc895d38667e,2022.0,Spring,regular,2022-03-12,BO1,2022-03-05T21:01:58+00:00,HIGH_CONFIDENCE_STRUCTURAL,"season=2022, team=oe:team:87ee02298073abc2d55060f097d4041, cutoff<=2022-03-12T00:00:00+00:00",STRUCTURAL_RECONCILIATION_ONLY
oe_structural:2022:2022-03-06:a8fb30613867,oe:team:8eb884e168f28402ce685bedebb5250,oe:team:c334c629fea759876e9e04afbe4aee7,period:7a928b9ecc895d38667e,2022.0,Spring,regular,2022-03-06,BO1,2022-03-05T21:01:58+00:00,HIGH_CONFIDENCE_STRUCTURAL,"season=2022, team=oe:team:8eb884e168f28402ce685bedebb5250, cutoff<=2022-03-06T00:00:00+00:00",STRUCTURAL_RECONCILIATION_ONLY
oe_structural:2022:2022-03-12:87808975ce0c,oe:team:8eb884e168f28402ce685bedebb5250,oe:team:f7f7324c151aa6ed770b244ce08e027,period:7a928b9ecc895d38667e,2022.0,Spring,regular,2022-03-12,BO1,2022-03-05T21:01:58+00:00,HIGH_CONFIDENCE_STRUCTURAL,"season=2022, team=oe:team:8eb884e168f28402ce685bedebb5250, cutoff<=2022-03-12T00:00:00+00:00",STRUCTURAL_RECONCILIATION_ONLY
oe_structural:2022:2022-03-07:d3ce5f99bdb6,oe:team:a22510a4756fa424cb0771b13261139,oe:team:87ee02298073abc2d55060f097d4041,period:7a928b9ecc895d38667e,2022.0,Spring,regular,2022-03-07,BO1,2022-03-05T21:01:58+00:00,HIGH_CONFIDENCE_STRUCTURAL,"season=2022, team=oe:team:a22510a4756fa424cb0771b13261139, cutoff<=2022-03-07T00:00:00+00:00",STRUCTURAL_RECONCILIATION_ONLY
oe_structural:2022:2022-03-06:a8fb30613867,oe:team:c334c629fea759876e9e04afbe4aee7,oe:team:8eb884e168f28402ce685bedebb5250,period:7a928b9ecc895d38667e,2022.0,Spring,regular,2022-03-06,BO1,2022-03-05T21:01:58+00:00,HIGH_CONFIDENCE_STRUCTURAL,"season=2022, team=oe:team:c334c629fea759876e9e04afbe4aee7, cutoff<=2022-03-06T00:00:00+00:00",STRUCTURAL_RECONCILIATION_ONLY
oe_structural:2022:2022-03-06:177c945d51c3,oe:team:cbfaf0ca2181f0903d2fcceb6c28f3b,oe:team:4bd1751425ef6a9bc9d4d8e9385b4a6,period:7a928b9ecc895d38667e,2022.0,Spring,regular,2022-03-06,BO1,2022-03-05T21:01:58+00:00,HIGH_CONFIDENCE_STRUCTURAL,"season=2022, team=oe:team:cbfaf0ca2181f0903d2fcceb6c28f3b, cutoff<=2022-03-06T00:00:00+00:00",STRUCTURAL_RECONCILIATION_ONLY
oe_structural:2022:2022-03-06:e25b1271a2e2,oe:team:cbfaf0ca2181f0903d2fcceb6c28f3b,oe:team:0dbb780176ecad18f17292d1f5653af,period:7a928b9ecc895d38667e,2022.0,Spring,regular,2022-03-06,BO1,2022-03-05T21:01:58+00:00,HIGH_CONFIDENCE_STRUCTURAL,"season=2022, team=oe:team:cbfaf0ca2181f0903d2fcceb6c28f3b, cutoff<=2022-03-06T00:00:00+00:00",STRUCTURAL_RECONCILIATION_ONLY
oe_structural:2022:2022-03-12:3d03f2edf7d9,oe:team:cbfaf0ca2181f0903d2fcceb6c28f3b,oe:team:2e66da41dc460dd378e3bcc57042d31,period:7a928b9ecc895d38667e,2022.0,Spring,regular,2022-03-12,BO1,2022-03-05T21:01:58+00:00,HIGH_CONFIDENCE_STRUCTURAL,"season=2022, team=oe:team:cbfaf0ca2181f0903d2fcceb6c28f3b, cutoff<=2022-03-12T00:00:00+00:00",STRUCTURAL_RECONCILIATION_ONLY
oe_structural:2022:2022-03-06:4797a11da5d1,oe:team:f7f7324c151aa6ed770b244ce08e027,oe:team:fc8e90107dabb9a35c490b0d86adea0,period:7a928b9ecc895d38667e,2022.0,Spring,regular,2022-03-06,BO1,2022-03-05T21:01:58+00:00,HIGH_CONFIDENCE_STRUCTURAL,"season=2022, team=oe:team:f7f7324c151aa6ed770b244ce08e027, cutoff<=2022-03-06T00:00:00+00:00",STRUCTURAL_RECONCILIATION_ONLY
oe_structural:2022:2022-03-12:87808975ce0c,oe:team:f7f7324c151aa6ed770b244ce08e027,oe:team:8eb884e168f28402ce685bedebb5250,period:7a928b9ecc895d38667e,2022.0,Spring,regular,2022-03-12,BO1,2022-03-05T21:01:58+00:00,HIGH_CONFIDENCE_STRUCTURAL,"season=2022, team=oe:team:f7f7324c151aa6ed770b244ce08e027, cutoff<=2022-03-12T00:00:00+00:00",STRUCTURAL_RECONCILIATION_ONLY
oe_structural:2022:2022-03-06:4797a11da5d1,oe:team:fc8e90107dabb9a35c490b0d86adea0,oe:team:f7f7324c151aa6ed770b244ce08e027,period:7a928b9ecc895d38667e,2022.0,Spring,regular,2022-03-06,BO1,2022-03-05T21:01:58+00:00,HIGH_CONFIDENCE_STRUCTURAL,"season=2022, team=oe:team:fc8e90107dabb9a35c490b0d86adea0, cutoff<=2022-03-06T00:00:00+00:00",STRUCTURAL_RECONCILIATION_ONLY
oe_structural:2022:2022-03-06:579eb9e10c6b,oe:team:fc8e90107dabb9a35c490b0d86adea0,oe:team:87ee02298073abc2d55060f097d4041,period:7a928b9ecc895d38667e,2022.0,Spring,regular,2022-03-06,BO1,2022-03-05T21:01:58+00:00,HIGH_CONFIDENCE_STRUCTURAL,"season=2022, team=oe:team:fc8e90107dabb9a35c490b0d86adea0, cutoff<=2022-03-06T00:00:00+00:00",STRUCTURAL_RECONCILIATION_ONLY
oe_structural:2021:2021-08-21:2faca696f6b2,oe:team:4bd1751425ef6a9bc9d4d8e9385b4a6,oe:team:8eb884e168f28402ce685bedebb5250,period:7c5e83ab4c6a7ca8c86a,2021.0,Summer,playoffs,2021-08-21,BO5,2021-08-19T21:11:40+00:00,HIGH_CONFIDENCE_STRUCTURAL,"season=2021, team=oe:team:4bd1751425ef6a9bc9d4d8e9385b4a6, cutoff<=2021-08-21T00:00:00+00:00",STRUCTURAL_RECONCILIATION_ONLY
oe_structural:2021:2021-08-22:cc2d9eaa895e,oe:team:4bd1751425ef6a9bc9d4d8e9385b4a6,oe:team:8eb884e168f28402ce685bedebb5250,period:7c5e83ab4c6a7ca8c86a,2021.0,Summer,playoffs,2021-08-22,BO5,2021-08-19T21:11:40+00:00,HIGH_CONFIDENCE_STRUCTURAL,"season=2021, team=oe:team:4bd1751425ef6a9bc9d4d8e9385b4a6, cutoff<=2021-08-22T00:00:00+00:00",STRUCTURAL_RECONCILIATION_ONLY
oe_structural:2021:2021-08-28:69a97c606768,oe:team:4bd1751425ef6a9bc9d4d8e9385b4a6,oe:team:fc8e90107dabb9a35c490b0d86adea0,period:7c5e83ab4c6a7ca8c86a,2021.0,Summer,playoffs,2021-08-28,BO5,2021-08-19T21:11:40+00:00,HIGH_CONFIDENCE_STRUCTURAL,"season=2021, team=oe:team:4bd1751425ef6a9bc9d4d8e9385b4a6, cutoff<=2021-08-28T00:00:00+00:00",STRUCTURAL_RECONCILIATION_ONLY
oe_structural:2021:2021-08-21:2faca696f6b2,oe:team:8eb884e168f28402ce685bedebb5250,oe:team:4bd1751425ef6a9bc9d4d8e9385b4a6,period:7c5e83ab4c6a7ca8c86a,2021.0,Summer,playoffs,2021-08-21,BO5,2021-08-19T21:11:40+00:00,HIGH_CONFIDENCE_STRUCTURAL,"season=2021, team=oe:team:8eb884e168f28402ce685bedebb5250, cutoff<=2021-08-21T00:00:00+00:00",STRUCTURAL_RECONCILIATION_ONLY
oe_structural:2021:2021-08-22:cc2d9eaa895e,oe:team:8eb884e168f28402ce685bedebb5250,oe:team:4bd1751425ef6a9bc9d4d8e9385b4a6,period:7c5e83ab4c6a7ca8c86a,2021.0,Summer,playoffs,2021-08-22,BO5,2021-08-19T21:11:40+00:00,HIGH_CONFIDENCE_STRUCTURAL,"season=2021, team=oe:team:8eb884e168f28402ce685bedebb5250, cutoff<=2021-08-22T00:00:00+00:00",STRUCTURAL_RECONCILIATION_ONLY
oe_structural:2021:2021-08-20:64482153c335,oe:team:a22510a4756fa424cb0771b13261139,oe:team:c334c629fea759876e9e04afbe4aee7,period:7c5e83ab4c6a7ca8c86a,2021.0,Summer,playoffs,2021-08-20,BO5,2021-08-19T21:11:40+00:00,HIGH_CONFIDENCE_STRUCTURAL,"season=2021, team=oe:team:a22510a4756fa424cb0771b13261139, cutoff<=2021-08-20T00:00:00+00:00",STRUCTURAL_RECONCILIATION_ONLY
oe_structural:2021:2021-08-21:3ea5a4bc1a35,oe:team:a22510a4756fa424cb0771b13261139,oe:team:c334c629fea759876e9e04afbe4aee7,period:7c5e83ab4c6a7ca8c86a,2021.0,Summer,playoffs,2021-08-21,BO5,2021-08-19T21:11:40+00:00,HIGH_CONFIDENCE_STRUCTURAL,"season=2021, team=oe:team:a22510a4756fa424cb0771b13261139, cutoff<=2021-08-21T00:00:00+00:00",STRUCTURAL_RECONCILIATION_ONLY
oe_structural:2021:2021-08-22:a6cb6b3ad7ec,oe:team:a22510a4756fa424cb0771b13261139,oe:team:fc8e90107dabb9a35c490b0d86adea0,period:7c5e83ab4c6a7ca8c86a,2021.0,Summer,playoffs,2021-08-22,BO5,2021-08-19T21:11:40+00:00,HIGH_CONFIDENCE_STRUCTURAL,"season=2021, team=oe:team:a22510a4756fa424cb0771b13261139, cutoff<=2021-08-22T00:00:00+00:00",STRUCTURAL_RECONCILIATION_ONLY
oe_structural:2021:2021-08-20:64482153c335,oe:team:c334c629fea759876e9e04afbe4aee7,oe:team:a22510a4756fa424cb0771b13261139,period:7c5e83ab4c6a7ca8c86a,2021.0,Summer,playoffs,2021-08-20,BO5,2021-08-19T21:11:40+00:00,HIGH_CONFIDENCE_STRUCTURAL,"season=2021, team=oe:team:c334c629fea759876e9e04afbe4aee7, cutoff<=2021-08-20T00:00:00+00:00",STRUCTURAL_RECONCILIATION_ONLY
oe_structural:2021:2021-08-21:3ea5a4bc1a35,oe:team:c334c629fea759876e9e04afbe4aee7,oe:team:a22510a4756fa424cb0771b13261139,period:7c5e83ab4c6a7ca8c86a,2021.0,Summer,playoffs,2021-08-21,BO5,2021-08-19T21:11:40+00:00,HIGH_CONFIDENCE_STRUCTURAL,"season=2021, team=oe:team:c334c629fea759876e9e04afbe4aee7, cutoff<=2021-08-21T00:00:00+00:00",STRUCTURAL_RECONCILIATION_ONLY
oe_structural:2021:2021-08-22:a6cb6b3ad7ec,oe:team:fc8e90107dabb9a35c490b0d86adea0,oe:team:a22510a4756fa424cb0771b13261139,period:7c5e83ab4c6a7ca8c86a,2021.0,Summer,playoffs,2021-08-22,BO5,2021-08-19T21:11:40+00:00,HIGH_CONFIDENCE_STRUCTURAL,"season=2021, team=oe:team:fc8e90107dabb9a35c490b0d86adea0, cutoff<=2021-08-22T00:00:00+00:00",STRUCTURAL_RECONCILIATION_ONLY
oe_structural:2021:2021-08-28:69a97c606768,oe:team:fc8e90107dabb9a35c490b0d86adea0,oe:team:4bd1751425ef6a9bc9d4d8e9385b4a6,period:7c5e83ab4c6a7ca8c86a,2021.0,Summer,playoffs,2021-08-28,BO5,2021-08-19T21:11:40+00:00,HIGH_CONFIDENCE_STRUCTURAL,"season=2021, team=oe:team:fc8e90107dabb9a35c490b0d86adea0, cutoff<=2021-08-28T00:00:00+00:00",STRUCTURAL_RECONCILIATION_ONLY
oe_structural:2021:2021-02-06:07e7d9a28ac7,oe:team:0dbb780176ecad18f17292d1f5653af,oe:team:cbfaf0ca2181f0903d2fcceb6c28f3b,period:7c66db573c65177b96bf,2021.0,Spring,regular,2021-02-06,BO1,2021-02-05T22:24:44+00:00,HIGH_CONFIDENCE_STRUCTURAL,"season=2021, team=oe:team:0dbb780176ecad18f17292d1f5653af, cutoff<=2021-02-06T00:00:00+00:00",STRUCTURAL_RECONCILIATION_ONLY
oe_structural:2021:2021-02-06:aa9448172e04,oe:team:0dbb780176ecad18f17292d1f5653af,oe:team:8eb884e168f28402ce685bedebb5250,period:7c66db573c65177b96bf,2021.0,Spring,regular,2021-02-06,BO1,2021-02-05T22:24:44+00:00,HIGH_CONFIDENCE_STRUCTURAL,"season=2021, team=oe:team:0dbb780176ecad18f17292d1f5653af, cutoff<=2021-02-06T00:00:00+00:00",STRUCTURAL_RECONCILIATION_ONLY
oe_structural:2021:2021-02-08:4bdd4b1c2e38,oe:team:0dbb780176ecad18f17292d1f5653af,oe:team:4bd1751425ef6a9bc9d4d8e9385b4a6,period:7c66db573c65177b96bf,2021.0,Spring,regular,2021-02-08,BO1,2021-02-05T22:24:44+00:00,HIGH_CONFIDENCE_STRUCTURAL,"season=2021, team=oe:team:0dbb780176ecad18f17292d1f5653af, cutoff<=2021-02-08T00:00:00+00:00",STRUCTURAL_RECONCILIATION_ONLY
oe_structural:2021:2021-02-06:172bb37310ee,oe:team:2e66da41dc460dd378e3bcc57042d31,oe:team:f7f7324c151aa6ed770b244ce08e027,period:7c66db573c65177b96bf,2021.0,Spring,regular,2021-02-06,BO1,2021-02-05T22:24:44+00:00,HIGH_CONFIDENCE_STRUCTURAL,"season=2021, team=oe:team:2e66da41dc460dd378e3bcc57042d31, cutoff<=2021-02-06T00:00:00+00:00",STRUCTURAL_RECONCILIATION_ONLY
oe_structural:2021:2021-02-07:92b7ef74e730,oe:team:2e66da41dc460dd378e3bcc57042d31,oe:team:8eb884e168f28402ce685bedebb5250,period:7c66db573c65177b96bf,2021.0,Spring,regular,2021-02-07,BO1,2021-02-05T22:24:44+00:00,HIGH_CONFIDENCE_STRUCTURAL,"season=2021, team=oe:team:2e66da41dc460dd378e3bcc57042d31, cutoff<=2021-02-07T00:00:00+00:00",STRUCTURAL_RECONCILIATION_ONLY
oe_structural:2021:2021-02-12:a9c1cf86b4d9,oe:team:2e66da41dc460dd378e3bcc57042d31,oe:team:4bd1751425ef6a9bc9d4d8e9385b4a6,period:7c66db573c65177b96bf,2021.0,Spring,regular,2021-02-12,BO1,2021-02-05T22:24:44+00:00,HIGH_CONFIDENCE_STRUCTURAL,"season=2021, team=oe:team:2e66da41dc460dd378e3bcc57042d31, cutoff<=2021-02-12T00:00:00+00:00",STRUCTURAL_RECONCILIATION_ONLY
oe_structural:2021:2021-02-06:4da1bcbec318,oe:team:4bd1751425ef6a9bc9d4d8e9385b4a6,oe:team:cbfaf0ca2181f0903d2fcceb6c28f3b,period:7c66db573c65177b96bf,2021.0,Spring,regular,2021-02-06,BO1,2021-02-05T22:24:44+00:00,HIGH_CONFIDENCE_STRUCTURAL,"season=2021, team=oe:team:4bd1751425ef6a9bc9d4d8e9385b4a6, cutoff<=2021-02-06T00:00:00+00:00",STRUCTURAL_RECONCILIATION_ONLY
oe_structural:2021:2021-02-06:6d346ac2ac90,oe:team:4bd1751425ef6a9bc9d4d8e9385b4a6,oe:team:f7f7324c151aa6ed770b244ce08e027,period:7c66db573c65177b96bf,2021.0,Spring,regular,2021-02-06,BO1,2021-02-05T22:24:44+00:00,HIGH_CONFIDENCE_STRUCTURAL,"season=2021, team=oe:team:4bd1751425ef6a9bc9d4d8e9385b4a6, cutoff<=2021-02-06T00:00:00+00:00",STRUCTURAL_RECONCILIATION_ONLY
oe_structural:2021:2021-02-08:4bdd4b1c2e38,oe:team:4bd1751425ef6a9bc9d4d8e9385b4a6,oe:team:0dbb780176ecad18f17292d1f5653af,period:7c66db573c65177b96bf,2021.0,Spring,regular,2021-02-08,BO1,2021-02-05T22:24:44+00:00,HIGH_CONFIDENCE_STRUCTURAL,"season=2021, team=oe:team:4bd1751425ef6a9bc9d4d8e9385b4a6, cutoff<=2021-02-08T00:00:00+00:00",STRUCTURAL_RECONCILIATION_ONLY
oe_structural:2021:2021-02-12:a9c1cf86b4d9,oe:team:4bd1751425ef6a9bc9d4d8e9385b4a6,oe:team:2e66da41dc460dd378e3bcc57042d31,period:7c66db573c65177b96bf,2021.0,Spring,regular,2021-02-12,BO1,2021-02-05T22:24:44+00:00,HIGH_CONFIDENCE_STRUCTURAL,"season=2021, team=oe:team:4bd1751425ef6a9bc9d4d8e9385b4a6, cutoff<=2021-02-12T00:00:00+00:00",STRUCTURAL_RECONCILIATION_ONLY
oe_structural:2021:2021-02-06:60af168cbfaf,oe:team:87ee02298073abc2d55060f097d4041,oe:team:fc8e90107dabb9a35c490b0d86adea0,period:7c66db573c65177b96bf,2021.0,Spring,regular,2021-02-06,BO1,2021-02-05T22:24:44+00:00,HIGH_CONFIDENCE_STRUCTURAL,"season=2021, team=oe:team:87ee02298073abc2d55060f097d4041, cutoff<=2021-02-06T00:00:00+00:00",STRUCTURAL_RECONCILIATION_ONLY
oe_structural:2021:2021-02-07:4f29cdb5c2af,oe:team:87ee02298073abc2d55060f097d4041,oe:team:c334c629fea759876e9e04afbe4aee7,period:7c66db573c65177b96bf,2021.0,Spring,regular,2021-02-07,BO1,2021-02-05T22:24:44+00:00,HIGH_CONFIDENCE_STRUCTURAL,"season=2021, team=oe:team:87ee02298073abc2d55060f097d4041, cutoff<=2021-02-07T00:00:00+00:00",STRUCTURAL_RECONCILIATION_ONLY
oe_structural:2021:2021-02-07:635ad89b719c,oe:team:87ee02298073abc2d55060f097d4041,oe:team:f7f7324c151aa6ed770b244ce08e027,period:7c66db573c65177b96bf,2021.0,Spring,regular,2021-02-07,BO1,2021-02-05T22:24:44+00:00,HIGH_CONFIDENCE_STRUCTURAL,"season=2021, team=oe:team:87ee02298073abc2d55060f097d4041, cutoff<=2021-02-07T00:00:00+00:00",STRUCTURAL_RECONCILIATION_ONLY
oe_structural:2021:2021-02-06:aa9448172e04,oe:team:8eb884e168f28402ce685bedebb5250,oe:team:0dbb780176ecad18f17292d1f5653af,period:7c66db573c65177b96bf,2021.0,Spring,regular,2021-02-06,BO1,2021-02-05T22:24:44+00:00,HIGH_CONFIDENCE_STRUCTURAL,"season=2021, team=oe:team:8eb884e168f28402ce685bedebb5250, cutoff<=2021-02-06T00:00:00+00:00",STRUCTURAL_RECONCILIATION_ONLY
oe_structural:2021:2021-02-07:92b7ef74e730,oe:team:8eb884e168f28402ce685bedebb5250,oe:team:2e66da41dc460dd378e3bcc57042d31,period:7c66db573c65177b96bf,2021.0,Spring,regular,2021-02-07,BO1,2021-02-05T22:24:44+00:00,HIGH_CONFIDENCE_STRUCTURAL,"season=2021, team=oe:team:8eb884e168f28402ce685bedebb5250, cutoff<=2021-02-07T00:00:00+00:00",STRUCTURAL_RECONCILIATION_ONLY
oe_structural:2021:2021-02-12:ea428ec823dd,oe:team:8eb884e168f28402ce685bedebb5250,oe:team:cbfaf0ca2181f0903d2fcceb6c28f3b,period:7c66db573c65177b96bf,2021.0,Spring,regular,2021-02-12,BO1,2021-02-05T22:24:44+00:00,HIGH_CONFIDENCE_STRUCTURAL,"season=2021, team=oe:team:8eb884e168f28402ce685bedebb5250, cutoff<=2021-02-12T00:00:00+00:00",STRUCTURAL_RECONCILIATION_ONLY
oe_structural:2021:2021-02-06:8384395cdc90,oe:team:a22510a4756fa424cb0771b13261139,oe:team:fc8e90107dabb9a35c490b0d86adea0,period:7c66db573c65177b96bf,2021.0,Spring,regular,2021-02-06,BO1,2021-02-05T22:24:44+00:00,HIGH_CONFIDENCE_STRUCTURAL,"season=2021, team=oe:team:a22510a4756fa424cb0771b13261139, cutoff<=2021-02-06T00:00:00+00:00",STRUCTURAL_RECONCILIATION_ONLY
oe_structural:2021:2021-02-07:36a600ff57ca,oe:team:a22510a4756fa424cb0771b13261139,oe:team:cbfaf0ca2181f0903d2fcceb6c28f3b,period:7c66db573c65177b96bf,2021.0,Spring,regular,2021-02-07,BO1,2021-02-05T22:24:44+00:00,HIGH_CONFIDENCE_STRUCTURAL,"season=2021, team=oe:team:a22510a4756fa424cb0771b13261139, cutoff<=2021-02-07T00:00:00+00:00",STRUCTURAL_RECONCILIATION_ONLY
oe_structural:2021:2021-02-07:004d8c5d7d50,oe:team:c334c629fea759876e9e04afbe4aee7,oe:team:fc8e90107dabb9a35c490b0d86adea0,period:7c66db573c65177b96bf,2021.0,Spring,regular,2021-02-07,BO1,2021-02-05T22:24:44+00:00,HIGH_CONFIDENCE_STRUCTURAL,"season=2021, team=oe:team:c334c629fea759876e9e04afbe4aee7, cutoff<=2021-02-07T00:00:00+00:00",STRUCTURAL_RECONCILIATION_ONLY
oe_structural:2021:2021-02-07:4f29cdb5c2af,oe:team:c334c629fea759876e9e04afbe4aee7,oe:team:87ee02298073abc2d55060f097d4041,period:7c66db573c65177b96bf,2021.0,Spring,regular,2021-02-07,BO1,2021-02-05T22:24:44+00:00,HIGH_CONFIDENCE_STRUCTURAL,"season=2021, team=oe:team:c334c629fea759876e9e04afbe4aee7, cutoff<=2021-02-07T00:00:00+00:00",STRUCTURAL_RECONCILIATION_ONLY
oe_structural:2021:2021-02-06:07e7d9a28ac7,oe:team:cbfaf0ca2181f0903d2fcceb6c28f3b,oe:team:0dbb780176ecad18f17292d1f5653af,period:7c66db573c65177b96bf,2021.0,Spring,regular,2021-02-06,BO1,2021-02-05T22:24:44+00:00,HIGH_CONFIDENCE_STRUCTURAL,"season=2021, team=oe:team:cbfaf0ca2181f0903d2fcceb6c28f3b, cutoff<=2021-02-06T00:00:00+00:00",STRUCTURAL_RECONCILIATION_ONLY
oe_structural:2021:2021-02-06:4da1bcbec318,oe:team:cbfaf0ca2181f0903d2fcceb6c28f3b,oe:team:4bd1751425ef6a9bc9d4d8e9385b4a6,period:7c66db573c65177b96bf,2021.0,Spring,regular,2021-02-06,BO1,2021-02-05T22:24:44+00:00,HIGH_CONFIDENCE_STRUCTURAL,"season=2021, team=oe:team:cbfaf0ca2181f0903d2fcceb6c28f3b, cutoff<=2021-02-06T00:00:00+00:00",STRUCTURAL_RECONCILIATION_ONLY
oe_structural:2021:2021-02-07:36a600ff57ca,oe:team:cbfaf0ca2181f0903d2fcceb6c28f3b,oe:team:a22510a4756fa424cb0771b13261139,period:7c66db573c65177b96bf,2021.0,Spring,regular,2021-02-07,BO1,2021-02-05T22:24:44+00:00,HIGH_CONFIDENCE_STRUCTURAL,"season=2021, team=oe:team:cbfaf0ca2181f0903d2fcceb6c28f3b, cutoff<=2021-02-07T00:00:00+00:00",STRUCTURAL_RECONCILIATION_ONLY
oe_structural:2021:2021-02-12:ea428ec823dd,oe:team:cbfaf0ca2181f0903d2fcceb6c28f3b,oe:team:8eb884e168f28402ce685bedebb5250,period:7c66db573c65177b96bf,2021.0,Spring,regular,2021-02-12,BO1,2021-02-05T22:24:44+00:00,HIGH_CONFIDENCE_STRUCTURAL,"season=2021, team=oe:team:cbfaf0ca2181f0903d2fcceb6c28f3b, cutoff<=2021-02-12T00:00:00+00:00",STRUCTURAL_RECONCILIATION_ONLY
oe_structural:2021:2021-02-06:172bb37310ee,oe:team:f7f7324c151aa6ed770b244ce08e027,oe:team:2e66da41dc460dd378e3bcc57042d31,period:7c66db573c65177b96bf,2021.0,Spring,regular,2021-02-06,BO1,2021-02-05T22:24:44+00:00,HIGH_CONFIDENCE_STRUCTURAL,"season=2021, team=oe:team:f7f7324c151aa6ed770b244ce08e027, cutoff<=2021-02-06T00:00:00+00:00",STRUCTURAL_RECONCILIATION_ONLY
oe_structural:2021:2021-02-06:6d346ac2ac90,oe:team:f7f7324c151aa6ed770b244ce08e027,oe:team:4bd1751425ef6a9bc9d4d8e9385b4a6,period:7c66db573c65177b96bf,2021.0,Spring,regular,2021-02-06,BO1,2021-02-05T22:24:44+00:00,HIGH_CONFIDENCE_STRUCTURAL,"season=2021, team=oe:team:f7f7324c151aa6ed770b244ce08e027, cutoff<=2021-02-06T00:00:00+00:00",STRUCTURAL_RECONCILIATION_ONLY
oe_structural:2021:2021-02-07:635ad89b719c,oe:team:f7f7324c151aa6ed770b244ce08e027,oe:team:87ee02298073abc2d55060f097d4041,period:7c66db573c65177b96bf,2021.0,Spring,regular,2021-02-07,BO1,2021-02-05T22:24:44+00:00,HIGH_CONFIDENCE_STRUCTURAL,"season=2021, team=oe:team:f7f7324c151aa6ed770b244ce08e027, cutoff<=2021-02-07T00:00:00+00:00",STRUCTURAL_RECONCILIATION_ONLY
oe_structural:2021:2021-02-06:60af168cbfaf,oe:team:fc8e90107dabb9a35c490b0d86adea0,oe:team:87ee02298073abc2d55060f097d4041,period:7c66db573c65177b96bf,2021.0,Spring,regular,2021-02-06,BO1,2021-02-05T22:24:44+00:00,HIGH_CONFIDENCE_STRUCTURAL,"season=2021, team=oe:team:fc8e90107dabb9a35c490b0d86adea0, cutoff<=2021-02-06T00:00:00+00:00",STRUCTURAL_RECONCILIATION_ONLY
oe_structural:2021:2021-02-06:8384395cdc90,oe:team:fc8e90107dabb9a35c490b0d86adea0,oe:team:a22510a4756fa424cb0771b13261139,period:7c66db573c65177b96bf,2021.0,Spring,regular,2021-02-06,BO1,2021-02-05T22:24:44+00:00,HIGH_CONFIDENCE_STRUCTURAL,"season=2021, team=oe:team:fc8e90107dabb9a35c490b0d86adea0, cutoff<=2021-02-06T00:00:00+00:00",STRUCTURAL_RECONCILIATION_ONLY
oe_structural:2021:2021-02-07:004d8c5d7d50,oe:team:fc8e90107dabb9a35c490b0d86adea0,oe:team:c334c629fea759876e9e04afbe4aee7,period:7c66db573c65177b96bf,2021.0,Spring,regular,2021-02-07,BO1,2021-02-05T22:24:44+00:00,HIGH_CONFIDENCE_STRUCTURAL,"season=2021, team=oe:team:fc8e90107dabb9a35c490b0d86adea0, cutoff<=2021-02-07T00:00:00+00:00",STRUCTURAL_RECONCILIATION_ONLY
oe_structural:2022:2022-04-24:f343a3a2a319,oe:team:4bd1751425ef6a9bc9d4d8e9385b4a6,oe:team:f7f7324c151aa6ed770b244ce08e027,period:8036ed58940a8d2ab607,2022.0,nan,playoffs,2022-04-24,BO5,2022-04-23T18:36:24+00:00,HIGH_CONFIDENCE_STRUCTURAL,"season=2022, team=oe:team:4bd1751425ef6a9bc9d4d8e9385b4a6, cutoff<=2022-04-24T00:00:00+00:00",STRUCTURAL_RECONCILIATION_ONLY
oe_structural:2022:2022-06-17:6702013fbf87,oe:team:4bd1751425ef6a9bc9d4d8e9385b4a6,oe:team:a22510a4756fa424cb0771b13261139,period:8036ed58940a8d2ab607,2022.0,Summer,regular,2022-06-17,BO1,2022-04-23T18:36:24+00:00,HIGH_CONFIDENCE_STRUCTURAL,"season=2022, team=oe:team:4bd1751425ef6a9bc9d4d8e9385b4a6, cutoff<=2022-06-17T00:00:00+00:00",STRUCTURAL_RECONCILIATION_ONLY
oe_structural:2022:2022-04-24:f343a3a2a319,oe:team:f7f7324c151aa6ed770b244ce08e027,oe:team:4bd1751425ef6a9bc9d4d8e9385b4a6,period:8036ed58940a8d2ab607,2022.0,nan,playoffs,2022-04-24,BO5,2022-04-23T18:36:24+00:00,HIGH_CONFIDENCE_STRUCTURAL,"season=2022, team=oe:team:f7f7324c151aa6ed770b244ce08e027, cutoff<=2022-04-24T00:00:00+00:00",STRUCTURAL_RECONCILIATION_ONLY
oe_structural:2022:2022-06-17:34591d87f25c,oe:team:f7f7324c151aa6ed770b244ce08e027,oe:team:fc8e90107dabb9a35c490b0d86adea0,period:8036ed58940a8d2ab607,2022.0,Summer,regular,2022-06-17,BO1,2022-04-23T18:36:24+00:00,HIGH_CONFIDENCE_STRUCTURAL,"season=2022, team=oe:team:f7f7324c151aa6ed770b244ce08e027, cutoff<=2022-06-17T00:00:00+00:00",STRUCTURAL_RECONCILIATION_ONLY
oe_structural:2023:2023-03-03:2cce735fb657,oe:team:0dbb780176ecad18f17292d1f5653af,oe:team:fc8e90107dabb9a35c490b0d86adea0,period:83278694723ba910058b,2023.0,Spring,regular,2023-03-03,BO1,2023-03-02T22:08:20+00:00,HIGH_CONFIDENCE_STRUCTURAL,"season=2023, team=oe:team:0dbb780176ecad18f17292d1f5653af, cutoff<=2023-03-03T00:00:00+00:00",STRUCTURAL_RECONCILIATION_ONLY
oe_structural:2023:2023-03-03:859063a57db4,oe:team:0dbb780176ecad18f17292d1f5653af,oe:team:c334c629fea759876e9e04afbe4aee7,period:83278694723ba910058b,2023.0,Spring,regular,2023-03-03,BO1,2023-03-02T22:08:20+00:00,HIGH_CONFIDENCE_STRUCTURAL,"season=2023, team=oe:team:0dbb780176ecad18f17292d1f5653af, cutoff<=2023-03-03T00:00:00+00:00",STRUCTURAL_RECONCILIATION_ONLY
oe_structural:2023:2023-03-03:4698e0ae0b0d,oe:team:2e66da41dc460dd378e3bcc57042d31,oe:team:f7f7324c151aa6ed770b244ce08e027,period:83278694723ba910058b,2023.0,Spring,regular,2023-03-03,BO1,2023-03-02T22:08:20+00:00,HIGH_CONFIDENCE_STRUCTURAL,"season=2023, team=oe:team:2e66da41dc460dd378e3bcc57042d31, cutoff<=2023-03-03T00:00:00+00:00",STRUCTURAL_RECONCILIATION_ONLY
oe_structural:2023:2023-03-09:f77dd2b72c08,oe:team:2e66da41dc460dd378e3bcc57042d31,oe:team:8eb884e168f28402ce685bedebb5250,period:83278694723ba910058b,2023.0,Spring,regular,2023-03-09,BO1,2023-03-02T22:08:20+00:00,HIGH_CONFIDENCE_STRUCTURAL,"season=2023, team=oe:team:2e66da41dc460dd378e3bcc57042d31, cutoff<=2023-03-09T00:00:00+00:00",STRUCTURAL_RECONCILIATION_ONLY
oe_structural:2023:2023-03-03:3ff2b534b7c3,oe:team:4bd1751425ef6a9bc9d4d8e9385b4a6,oe:team:cbfaf0ca2181f0903d2fcceb6c28f3b,period:83278694723ba910058b,2023.0,Spring,regular,2023-03-03,BO1,2023-03-02T22:08:20+00:00,HIGH_CONFIDENCE_STRUCTURAL,"season=2023, team=oe:team:4bd1751425ef6a9bc9d4d8e9385b4a6, cutoff<=2023-03-03T00:00:00+00:00",STRUCTURAL_RECONCILIATION_ONLY
oe_structural:2023:2023-03-03:bbd20246d95e,oe:team:4bd1751425ef6a9bc9d4d8e9385b4a6,oe:team:fc8e90107dabb9a35c490b0d86adea0,period:83278694723ba910058b,2023.0,Spring,regular,2023-03-03,BO1,2023-03-02T22:08:20+00:00,HIGH_CONFIDENCE_STRUCTURAL,"season=2023, team=oe:team:4bd1751425ef6a9bc9d4d8e9385b4a6, cutoff<=2023-03-03T00:00:00+00:00",STRUCTURAL_RECONCILIATION_ONLY
oe_structural:2023:2023-03-03:5885a0908db8,oe:team:87ee02298073abc2d55060f097d4041,oe:team:8eb884e168f28402ce685bedebb5250,period:83278694723ba910058b,2023.0,Spring,regular,2023-03-03,BO1,2023-03-02T22:08:20+00:00,HIGH_CONFIDENCE_STRUCTURAL,"season=2023, team=oe:team:87ee02298073abc2d55060f097d4041, cutoff<=2023-03-03T00:00:00+00:00",STRUCTURAL_RECONCILIATION_ONLY
oe_structural:2023:2023-03-04:20940ca02f43,oe:team:87ee02298073abc2d55060f097d4041,oe:team:c334c629fea759876e9e04afbe4aee7,period:83278694723ba910058b,2023.0,Spring,regular,2023-03-04,BO1,2023-03-02T22:08:20+00:00,HIGH_CONFIDENCE_STRUCTURAL,"season=2023, team=oe:team:87ee02298073abc2d55060f097d4041, cutoff<=2023-03-04T00:00:00+00:00",STRUCTURAL_RECONCILIATION_ONLY
oe_structural:2023:2023-03-03:5885a0908db8,oe:team:8eb884e168f28402ce685bedebb5250,oe:team:87ee02298073abc2d55060f097d4041,period:83278694723ba910058b,2023.0,Spring,regular,2023-03-03,BO1,2023-03-02T22:08:20+00:00,HIGH_CONFIDENCE_STRUCTURAL,"season=2023, team=oe:team:8eb884e168f28402ce685bedebb5250, cutoff<=2023-03-03T00:00:00+00:00",STRUCTURAL_RECONCILIATION_ONLY
oe_structural:2023:2023-03-04:64a66d89bce7,oe:team:8eb884e168f28402ce685bedebb5250,oe:team:a22510a4756fa424cb0771b13261139,period:83278694723ba910058b,2023.0,Spring,regular,2023-03-04,BO1,2023-03-02T22:08:20+00:00,HIGH_CONFIDENCE_STRUCTURAL,"season=2023, team=oe:team:8eb884e168f28402ce685bedebb5250, cutoff<=2023-03-04T00:00:00+00:00",STRUCTURAL_RECONCILIATION_ONLY
oe_structural:2023:2023-03-09:f77dd2b72c08,oe:team:8eb884e168f28402ce685bedebb5250,oe:team:2e66da41dc460dd378e3bcc57042d31,period:83278694723ba910058b,2023.0,Spring,regular,2023-03-09,BO1,2023-03-02T22:08:20+00:00,HIGH_CONFIDENCE_STRUCTURAL,"season=2023, team=oe:team:8eb884e168f28402ce685bedebb5250, cutoff<=2023-03-09T00:00:00+00:00",STRUCTURAL_RECONCILIATION_ONLY
oe_structural:2023:2023-03-04:64a66d89bce7,oe:team:a22510a4756fa424cb0771b13261139,oe:team:8eb884e168f28402ce685bedebb5250,period:83278694723ba910058b,2023.0,Spring,regular,2023-03-04,BO1,2023-03-02T22:08:20+00:00,HIGH_CONFIDENCE_STRUCTURAL,"season=2023, team=oe:team:a22510a4756fa424cb0771b13261139, cutoff<=2023-03-04T00:00:00+00:00",STRUCTURAL_RECONCILIATION_ONLY
oe_structural:2023:2023-03-09:988e6e8793e4,oe:team:a22510a4756fa424cb0771b13261139,oe:team:c334c629fea759876e9e04afbe4aee7,period:83278694723ba910058b,2023.0,Spring,regular,2023-03-09,BO1,2023-03-02T22:08:20+00:00,HIGH_CONFIDENCE_STRUCTURAL,"season=2023, team=oe:team:a22510a4756fa424cb0771b13261139, cutoff<=2023-03-09T00:00:00+00:00",STRUCTURAL_RECONCILIATION_ONLY
oe_structural:2023:2023-03-03:859063a57db4,oe:team:c334c629fea759876e9e04afbe4aee7,oe:team:0dbb780176ecad18f17292d1f5653af,period:83278694723ba910058b,2023.0,Spring,regular,2023-03-03,BO1,2023-03-02T22:08:20+00:00,HIGH_CONFIDENCE_STRUCTURAL,"season=2023, team=oe:team:c334c629fea759876e9e04afbe4aee7, cutoff<=2023-03-03T00:00:00+00:00",STRUCTURAL_RECONCILIATION_ONLY
oe_structural:2023:2023-03-04:20940ca02f43,oe:team:c334c629fea759876e9e04afbe4aee7,oe:team:87ee02298073abc2d55060f097d4041,period:83278694723ba910058b,2023.0,Spring,regular,2023-03-04,BO1,2023-03-02T22:08:20+00:00,HIGH_CONFIDENCE_STRUCTURAL,"season=2023, team=oe:team:c334c629fea759876e9e04afbe4aee7, cutoff<=2023-03-04T00:00:00+00:00",STRUCTURAL_RECONCILIATION_ONLY
oe_structural:2023:2023-03-09:988e6e8793e4,oe:team:c334c629fea759876e9e04afbe4aee7,oe:team:a22510a4756fa424cb0771b13261139,period:83278694723ba910058b,2023.0,Spring,regular,2023-03-09,BO1,2023-03-02T22:08:20+00:00,HIGH_CONFIDENCE_STRUCTURAL,"season=2023, team=oe:team:c334c629fea759876e9e04afbe4aee7, cutoff<=2023-03-09T00:00:00+00:00",STRUCTURAL_RECONCILIATION_ONLY
oe_structural:2023:2023-03-03:3ff2b534b7c3,oe:team:cbfaf0ca2181f0903d2fcceb6c28f3b,oe:team:4bd1751425ef6a9bc9d4d8e9385b4a6,period:83278694723ba910058b,2023.0,Spring,regular,2023-03-03,BO1,2023-03-02T22:08:20+00:00,HIGH_CONFIDENCE_STRUCTURAL,"season=2023, team=oe:team:cbfaf0ca2181f0903d2fcceb6c28f3b, cutoff<=2023-03-03T00:00:00+00:00",STRUCTURAL_RECONCILIATION_ONLY
oe_structural:2023:2023-03-03:4698e0ae0b0d,oe:team:f7f7324c151aa6ed770b244ce08e027,oe:team:2e66da41dc460dd378e3bcc57042d31,period:83278694723ba910058b,2023.0,Spring,regular,2023-03-03,BO1,2023-03-02T22:08:20+00:00,HIGH_CONFIDENCE_STRUCTURAL,"season=2023, team=oe:team:f7f7324c151aa6ed770b244ce08e027, cutoff<=2023-03-03T00:00:00+00:00",STRUCTURAL_RECONCILIATION_ONLY
oe_structural:2023:2023-03-03:2cce735fb657,oe:team:fc8e90107dabb9a35c490b0d86adea0,oe:team:0dbb780176ecad18f17292d1f5653af,period:83278694723ba910058b,2023.0,Spring,regular,2023-03-03,BO1,2023-03-02T22:08:20+00:00,HIGH_CONFIDENCE_STRUCTURAL,"season=2023, team=oe:team:fc8e90107dabb9a35c490b0d86adea0, cutoff<=2023-03-03T00:00:00+00:00",STRUCTURAL_RECONCILIATION_ONLY
oe_structural:2023:2023-03-03:bbd20246d95e,oe:team:fc8e90107dabb9a35c490b0d86adea0,oe:team:4bd1751425ef6a9bc9d4d8e9385b4a6,period:83278694723ba910058b,2023.0,Spring,regular,2023-03-03,BO1,2023-03-02T22:08:20+00:00,HIGH_CONFIDENCE_STRUCTURAL,"season=2023, team=oe:team:fc8e90107dabb9a35c490b0d86adea0, cutoff<=2023-03-03T00:00:00+00:00",STRUCTURAL_RECONCILIATION_ONLY
oe_structural:2023:2023-03-16:4b3c752529cc,oe:team:0dbb780176ecad18f17292d1f5653af,oe:team:8eb884e168f28402ce685bedebb5250,period:8d9d5d3f36e034ced562,2023.0,Spring,regular,2023-03-16,BO1,2023-03-15T21:07:53+00:00,HIGH_CONFIDENCE_STRUCTURAL,"season=2023, team=oe:team:0dbb780176ecad18f17292d1f5653af, cutoff<=2023-03-16T00:00:00+00:00",STRUCTURAL_RECONCILIATION_ONLY
oe_structural:2023:2023-03-16:c5aed9fa1c5f,oe:team:0dbb780176ecad18f17292d1f5653af,oe:team:a22510a4756fa424cb0771b13261139,period:8d9d5d3f36e034ced562,2023.0,Spring,regular,2023-03-16,BO1,2023-03-15T21:07:53+00:00,HIGH_CONFIDENCE_STRUCTURAL,"season=2023, team=oe:team:0dbb780176ecad18f17292d1f5653af, cutoff<=2023-03-16T00:00:00+00:00",STRUCTURAL_RECONCILIATION_ONLY
oe_structural:2023:2023-03-18:efbba01cb7e3,oe:team:0dbb780176ecad18f17292d1f5653af,oe:team:87ee02298073abc2d55060f097d4041,period:8d9d5d3f36e034ced562,2023.0,Spring,regular,2023-03-18,BO1,2023-03-15T21:07:53+00:00,HIGH_CONFIDENCE_STRUCTURAL,"season=2023, team=oe:team:0dbb780176ecad18f17292d1f5653af, cutoff<=2023-03-18T00:00:00+00:00",STRUCTURAL_RECONCILIATION_ONLY
oe_structural:2023:2023-06-14:89a72c4613ea,oe:team:0dbb780176ecad18f17292d1f5653af,oe:team:c334c629fea759876e9e04afbe4aee7,period:8d9d5d3f36e034ced562,2023.0,Summer,regular,2023-06-14,BO1,2023-03-15T21:07:53+00:00,HIGH_CONFIDENCE_STRUCTURAL,"season=2023, team=oe:team:0dbb780176ecad18f17292d1f5653af, cutoff<=2023-06-14T00:00:00+00:00",STRUCTURAL_RECONCILIATION_ONLY
oe_structural:2023:2023-03-17:9bcb51d1a640,oe:team:2e66da41dc460dd378e3bcc57042d31,oe:team:a22510a4756fa424cb0771b13261139,period:8d9d5d3f36e034ced562,2023.0,Spring,regular,2023-03-17,BO1,2023-03-15T21:07:53+00:00,HIGH_CONFIDENCE_STRUCTURAL,"season=2023, team=oe:team:2e66da41dc460dd378e3bcc57042d31, cutoff<=2023-03-17T00:00:00+00:00",STRUCTURAL_RECONCILIATION_ONLY
oe_structural:2023:2023-03-17:e79920ece783,oe:team:2e66da41dc460dd378e3bcc57042d31,oe:team:87ee02298073abc2d55060f097d4041,period:8d9d5d3f36e034ced562,2023.0,Spring,regular,2023-03-17,BO1,2023-03-15T21:07:53+00:00,HIGH_CONFIDENCE_STRUCTURAL,"season=2023, team=oe:team:2e66da41dc460dd378e3bcc57042d31, cutoff<=2023-03-17T00:00:00+00:00",STRUCTURAL_RECONCILIATION_ONLY
oe_structural:2023:2023-03-18:4afddace0d96,oe:team:2e66da41dc460dd378e3bcc57042d31,oe:team:fc8e90107dabb9a35c490b0d86adea0,period:8d9d5d3f36e034ced562,2023.0,Spring,regular,2023-03-18,BO1,2023-03-15T21:07:53+00:00,HIGH_CONFIDENCE_STRUCTURAL,"season=2023, team=oe:team:2e66da41dc460dd378e3bcc57042d31, cutoff<=2023-03-18T00:00:00+00:00",STRUCTURAL_RECONCILIATION_ONLY
oe_structural:2023:2023-03-23:064eec3945a9,oe:team:2e66da41dc460dd378e3bcc57042d31,oe:team:4bd1751425ef6a9bc9d4d8e9385b4a6,period:8d9d5d3f36e034ced562,2023.0,Spring,playoffs,2023-03-23,BO5,2023-03-15T21:07:53+00:00,HIGH_CONFIDENCE_STRUCTURAL,"season=2023, team=oe:team:2e66da41dc460dd378e3bcc57042d31, cutoff<=2023-03-23T00:00:00+00:00",STRUCTURAL_RECONCILIATION_ONLY
oe_structural:2023:2023-03-16:214f67e9800f,oe:team:4bd1751425ef6a9bc9d4d8e9385b4a6,oe:team:f7f7324c151aa6ed770b244ce08e027,period:8d9d5d3f36e034ced562,2023.0,Spring,regular,2023-03-16,BO1,2023-03-15T21:07:53+00:00,HIGH_CONFIDENCE_STRUCTURAL,"season=2023, team=oe:team:4bd1751425ef6a9bc9d4d8e9385b4a6, cutoff<=2023-03-16T00:00:00+00:00",STRUCTURAL_RECONCILIATION_ONLY
oe_structural:2023:2023-03-18:35fbe77d974b,oe:team:4bd1751425ef6a9bc9d4d8e9385b4a6,oe:team:f7f7324c151aa6ed770b244ce08e027,period:8d9d5d3f36e034ced562,2023.0,Spring,regular,2023-03-18,BO1,2023-03-15T21:07:53+00:00,HIGH_CONFIDENCE_STRUCTURAL,"season=2023, team=oe:team:4bd1751425ef6a9bc9d4d8e9385b4a6, cutoff<=2023-03-18T00:00:00+00:00",STRUCTURAL_RECONCILIATION_ONLY
oe_structural:2023:2023-03-18:4e5ed39ad725,oe:team:4bd1751425ef6a9bc9d4d8e9385b4a6,oe:team:c334c629fea759876e9e04afbe4aee7,period:8d9d5d3f36e034ced562,2023.0,Spring,regular,2023-03-18,BO1,2023-03-15T21:07:53+00:00,HIGH_CONFIDENCE_STRUCTURAL,"season=2023, team=oe:team:4bd1751425ef6a9bc9d4d8e9385b4a6, cutoff<=2023-03-18T00:00:00+00:00",STRUCTURAL_RECONCILIATION_ONLY
oe_structural:2023:2023-03-18:520539e40be5,oe:team:4bd1751425ef6a9bc9d4d8e9385b4a6,oe:team:cbfaf0ca2181f0903d2fcceb6c28f3b,period:8d9d5d3f36e034ced562,2023.0,Spring,regular,2023-03-18,BO1,2023-03-15T21:07:53+00:00,HIGH_CONFIDENCE_STRUCTURAL,"season=2023, team=oe:team:4bd1751425ef6a9bc9d4d8e9385b4a6, cutoff<=2023-03-18T00:00:00+00:00",STRUCTURAL_RECONCILIATION_ONLY
oe_structural:2023:2023-03-23:064eec3945a9,oe:team:4bd1751425ef6a9bc9d4d8e9385b4a6,oe:team:2e66da41dc460dd378e3bcc57042d31,period:8d9d5d3f36e034ced562,2023.0,Spring,playoffs,2023-03-23,BO5,2023-03-15T21:07:53+00:00,HIGH_CONFIDENCE_STRUCTURAL,"season=2023, team=oe:team:4bd1751425ef6a9bc9d4d8e9385b4a6, cutoff<=2023-03-23T00:00:00+00:00",STRUCTURAL_RECONCILIATION_ONLY
oe_structural:2023:2023-03-17:e79920ece783,oe:team:87ee02298073abc2d55060f097d4041,oe:team:2e66da41dc460dd378e3bcc57042d31,period:8d9d5d3f36e034ced562,2023.0,Spring,regular,2023-03-17,BO1,2023-03-15T21:07:53+00:00,HIGH_CONFIDENCE_STRUCTURAL,"season=2023, team=oe:team:87ee02298073abc2d55060f097d4041, cutoff<=2023-03-17T00:00:00+00:00",STRUCTURAL_RECONCILIATION_ONLY
oe_structural:2023:2023-03-18:efbba01cb7e3,oe:team:87ee02298073abc2d55060f097d4041,oe:team:0dbb780176ecad18f17292d1f5653af,period:8d9d5d3f36e034ced562,2023.0,Spring,regular,2023-03-18,BO1,2023-03-15T21:07:53+00:00,HIGH_CONFIDENCE_STRUCTURAL,"season=2023, team=oe:team:87ee02298073abc2d55060f097d4041, cutoff<=2023-03-18T00:00:00+00:00",STRUCTURAL_RECONCILIATION_ONLY
oe_structural:2023:2023-03-16:4b3c752529cc,oe:team:8eb884e168f28402ce685bedebb5250,oe:team:0dbb780176ecad18f17292d1f5653af,period:8d9d5d3f36e034ced562,2023.0,Spring,regular,2023-03-16,BO1,2023-03-15T21:07:53+00:00,HIGH_CONFIDENCE_STRUCTURAL,"season=2023, team=oe:team:8eb884e168f28402ce685bedebb5250, cutoff<=2023-03-16T00:00:00+00:00",STRUCTURAL_RECONCILIATION_ONLY
oe_structural:2023:2023-03-16:b3e8000da975,oe:team:8eb884e168f28402ce685bedebb5250,oe:team:cbfaf0ca2181f0903d2fcceb6c28f3b,period:8d9d5d3f36e034ced562,2023.0,Spring,regular,2023-03-16,BO1,2023-03-15T21:07:53+00:00,HIGH_CONFIDENCE_STRUCTURAL,"season=2023, team=oe:team:8eb884e168f28402ce685bedebb5250, cutoff<=2023-03-16T00:00:00+00:00",STRUCTURAL_RECONCILIATION_ONLY
oe_structural:2023:2023-03-17:e5deb98989dd,oe:team:8eb884e168f28402ce685bedebb5250,oe:team:f7f7324c151aa6ed770b244ce08e027,period:8d9d5d3f36e034ced562,2023.0,Spring,regular,2023-03-17,BO1,2023-03-15T21:07:53+00:00,HIGH_CONFIDENCE_STRUCTURAL,"season=2023, team=oe:team:8eb884e168f28402ce685bedebb5250, cutoff<=2023-03-17T00:00:00+00:00",STRUCTURAL_RECONCILIATION_ONLY
oe_structural:2023:2023-06-14:33557a1904f9,oe:team:8eb884e168f28402ce685bedebb5250,oe:team:a22510a4756fa424cb0771b13261139,period:8d9d5d3f36e034ced562,2023.0,Summer,regular,2023-06-14,BO1,2023-03-15T21:07:53+00:00,HIGH_CONFIDENCE_STRUCTURAL,"season=2023, team=oe:team:8eb884e168f28402ce685bedebb5250, cutoff<=2023-06-14T00:00:00+00:00",STRUCTURAL_RECONCILIATION_ONLY
oe_structural:2023:2023-03-16:c5aed9fa1c5f,oe:team:a22510a4756fa424cb0771b13261139,oe:team:0dbb780176ecad18f17292d1f5653af,period:8d9d5d3f36e034ced562,2023.0,Spring,regular,2023-03-16,BO1,2023-03-15T21:07:53+00:00,HIGH_CONFIDENCE_STRUCTURAL,"season=2023, team=oe:team:a22510a4756fa424cb0771b13261139, cutoff<=2023-03-16T00:00:00+00:00",STRUCTURAL_RECONCILIATION_ONLY
oe_structural:2023:2023-03-17:9bcb51d1a640,oe:team:a22510a4756fa424cb0771b13261139,oe:team:2e66da41dc460dd378e3bcc57042d31,period:8d9d5d3f36e034ced562,2023.0,Spring,regular,2023-03-17,BO1,2023-03-15T21:07:53+00:00,HIGH_CONFIDENCE_STRUCTURAL,"season=2023, team=oe:team:a22510a4756fa424cb0771b13261139, cutoff<=2023-03-17T00:00:00+00:00",STRUCTURAL_RECONCILIATION_ONLY
oe_structural:2023:2023-06-14:33557a1904f9,oe:team:a22510a4756fa424cb0771b13261139,oe:team:8eb884e168f28402ce685bedebb5250,period:8d9d5d3f36e034ced562,2023.0,Summer,regular,2023-06-14,BO1,2023-03-15T21:07:53+00:00,HIGH_CONFIDENCE_STRUCTURAL,"season=2023, team=oe:team:a22510a4756fa424cb0771b13261139, cutoff<=2023-06-14T00:00:00+00:00",STRUCTURAL_RECONCILIATION_ONLY
oe_structural:2023:2023-03-16:05375e2a699e,oe:team:c334c629fea759876e9e04afbe4aee7,oe:team:f7f7324c151aa6ed770b244ce08e027,period:8d9d5d3f36e034ced562,2023.0,Spring,regular,2023-03-16,BO1,2023-03-15T21:07:53+00:00,HIGH_CONFIDENCE_STRUCTURAL,"season=2023, team=oe:team:c334c629fea759876e9e04afbe4aee7, cutoff<=2023-03-16T00:00:00+00:00",STRUCTURAL_RECONCILIATION_ONLY
oe_structural:2023:2023-03-17:6e07fb9a4257,oe:team:c334c629fea759876e9e04afbe4aee7,oe:team:fc8e90107dabb9a35c490b0d86adea0,period:8d9d5d3f36e034ced562,2023.0,Spring,regular,2023-03-17,BO1,2023-03-15T21:07:53+00:00,HIGH_CONFIDENCE_STRUCTURAL,"season=2023, team=oe:team:c334c629fea759876e9e04afbe4aee7, cutoff<=2023-03-17T00:00:00+00:00",STRUCTURAL_RECONCILIATION_ONLY
oe_structural:2023:2023-03-18:4e5ed39ad725,oe:team:c334c629fea759876e9e04afbe4aee7,oe:team:4bd1751425ef6a9bc9d4d8e9385b4a6,period:8d9d5d3f36e034ced562,2023.0,Spring,regular,2023-03-18,BO1,2023-03-15T21:07:53+00:00,HIGH_CONFIDENCE_STRUCTURAL,"season=2023, team=oe:team:c334c629fea759876e9e04afbe4aee7, cutoff<=2023-03-18T00:00:00+00:00",STRUCTURAL_RECONCILIATION_ONLY
oe_structural:2023:2023-06-14:89a72c4613ea,oe:team:c334c629fea759876e9e04afbe4aee7,oe:team:0dbb780176ecad18f17292d1f5653af,period:8d9d5d3f36e034ced562,2023.0,Summer,regular,2023-06-14,BO1,2023-03-15T21:07:53+00:00,HIGH_CONFIDENCE_STRUCTURAL,"season=2023, team=oe:team:c334c629fea759876e9e04afbe4aee7, cutoff<=2023-06-14T00:00:00+00:00",STRUCTURAL_RECONCILIATION_ONLY
oe_structural:2023:2023-03-16:b3e8000da975,oe:team:cbfaf0ca2181f0903d2fcceb6c28f3b,oe:team:8eb884e168f28402ce685bedebb5250,period:8d9d5d3f36e034ced562,2023.0,Spring,regular,2023-03-16,BO1,2023-03-15T21:07:53+00:00,HIGH_CONFIDENCE_STRUCTURAL,"season=2023, team=oe:team:cbfaf0ca2181f0903d2fcceb6c28f3b, cutoff<=2023-03-16T00:00:00+00:00",STRUCTURAL_RECONCILIATION_ONLY
oe_structural:2023:2023-03-17:96c32eefc329,oe:team:cbfaf0ca2181f0903d2fcceb6c28f3b,oe:team:fc8e90107dabb9a35c490b0d86adea0,period:8d9d5d3f36e034ced562,2023.0,Spring,regular,2023-03-17,BO1,2023-03-15T21:07:53+00:00,HIGH_CONFIDENCE_STRUCTURAL,"season=2023, team=oe:team:cbfaf0ca2181f0903d2fcceb6c28f3b, cutoff<=2023-03-17T00:00:00+00:00",STRUCTURAL_RECONCILIATION_ONLY
oe_structural:2023:2023-03-18:520539e40be5,oe:team:cbfaf0ca2181f0903d2fcceb6c28f3b,oe:team:4bd1751425ef6a9bc9d4d8e9385b4a6,period:8d9d5d3f36e034ced562,2023.0,Spring,regular,2023-03-18,BO1,2023-03-15T21:07:53+00:00,HIGH_CONFIDENCE_STRUCTURAL,"season=2023, team=oe:team:cbfaf0ca2181f0903d2fcceb6c28f3b, cutoff<=2023-03-18T00:00:00+00:00",STRUCTURAL_RECONCILIATION_ONLY
oe_structural:2023:2023-03-16:05375e2a699e,oe:team:f7f7324c151aa6ed770b244ce08e027,oe:team:c334c629fea759876e9e04afbe4aee7,period:8d9d5d3f36e034ced562,2023.0,Spring,regular,2023-03-16,BO1,2023-03-15T21:07:53+00:00,HIGH_CONFIDENCE_STRUCTURAL,"season=2023, team=oe:team:f7f7324c151aa6ed770b244ce08e027, cutoff<=2023-03-16T00:00:00+00:00",STRUCTURAL_RECONCILIATION_ONLY
oe_structural:2023:2023-03-16:214f67e9800f,oe:team:f7f7324c151aa6ed770b244ce08e027,oe:team:4bd1751425ef6a9bc9d4d8e9385b4a6,period:8d9d5d3f36e034ced562,2023.0,Spring,regular,2023-03-16,BO1,2023-03-15T21:07:53+00:00,HIGH_CONFIDENCE_STRUCTURAL,"season=2023, team=oe:team:f7f7324c151aa6ed770b244ce08e027, cutoff<=2023-03-16T00:00:00+00:00",STRUCTURAL_RECONCILIATION_ONLY
oe_structural:2023:2023-03-17:e5deb98989dd,oe:team:f7f7324c151aa6ed770b244ce08e027,oe:team:8eb884e168f28402ce685bedebb5250,period:8d9d5d3f36e034ced562,2023.0,Spring,regular,2023-03-17,BO1,2023-03-15T21:07:53+00:00,HIGH_CONFIDENCE_STRUCTURAL,"season=2023, team=oe:team:f7f7324c151aa6ed770b244ce08e027, cutoff<=2023-03-17T00:00:00+00:00",STRUCTURAL_RECONCILIATION_ONLY
oe_structural:2023:2023-03-18:35fbe77d974b,oe:team:f7f7324c151aa6ed770b244ce08e027,oe:team:4bd1751425ef6a9bc9d4d8e9385b4a6,period:8d9d5d3f36e034ced562,2023.0,Spring,regular,2023-03-18,BO1,2023-03-15T21:07:53+00:00,HIGH_CONFIDENCE_STRUCTURAL,"season=2023, team=oe:team:f7f7324c151aa6ed770b244ce08e027, cutoff<=2023-03-18T00:00:00+00:00",STRUCTURAL_RECONCILIATION_ONLY
oe_structural:2023:2023-03-17:6e07fb9a4257,oe:team:fc8e90107dabb9a35c490b0d86adea0,oe:team:c334c629fea759876e9e04afbe4aee7,period:8d9d5d3f36e034ced562,2023.0,Spring,regular,2023-03-17,BO1,2023-03-15T21:07:53+00:00,HIGH_CONFIDENCE_STRUCTURAL,"season=2023, team=oe:team:fc8e90107dabb9a35c490b0d86adea0, cutoff<=2023-03-17T00:00:00+00:00",STRUCTURAL_RECONCILIATION_ONLY
oe_structural:2023:2023-03-17:96c32eefc329,oe:team:fc8e90107dabb9a35c490b0d86adea0,oe:team:cbfaf0ca2181f0903d2fcceb6c28f3b,period:8d9d5d3f36e034ced562,2023.0,Spring,regular,2023-03-17,BO1,2023-03-15T21:07:53+00:00,HIGH_CONFIDENCE_STRUCTURAL,"season=2023, team=oe:team:fc8e90107dabb9a35c490b0d86adea0, cutoff<=2023-03-17T00:00:00+00:00",STRUCTURAL_RECONCILIATION_ONLY
oe_structural:2023:2023-03-18:4afddace0d96,oe:team:fc8e90107dabb9a35c490b0d86adea0,oe:team:2e66da41dc460dd378e3bcc57042d31,period:8d9d5d3f36e034ced562,2023.0,Spring,regular,2023-03-18,BO1,2023-03-15T21:07:53+00:00,HIGH_CONFIDENCE_STRUCTURAL,"season=2023, team=oe:team:fc8e90107dabb9a35c490b0d86adea0, cutoff<=2023-03-18T00:00:00+00:00",STRUCTURAL_RECONCILIATION_ONLY
oe_structural:2021:2021-04-04:3a96b3679bda,oe:team:4bd1751425ef6a9bc9d4d8e9385b4a6,oe:team:a22510a4756fa424cb0771b13261139,period:8e2682918e14580d212b,2021.0,Spring,playoffs,2021-04-04,BO5,2021-04-03T19:17:31+00:00,HIGH_CONFIDENCE_STRUCTURAL,"season=2021, team=oe:team:4bd1751425ef6a9bc9d4d8e9385b4a6, cutoff<=2021-04-04T00:00:00+00:00",STRUCTURAL_RECONCILIATION_ONLY
oe_structural:2021:2021-04-10:99e4bb738261,oe:team:8eb884e168f28402ce685bedebb5250,oe:team:a22510a4756fa424cb0771b13261139,period:8e2682918e14580d212b,2021.0,Spring,playoffs,2021-04-10,BO5,2021-04-03T19:17:31+00:00,HIGH_CONFIDENCE_STRUCTURAL,"season=2021, team=oe:team:8eb884e168f28402ce685bedebb5250, cutoff<=2021-04-10T00:00:00+00:00",STRUCTURAL_RECONCILIATION_ONLY
oe_structural:2021:2021-04-04:3a96b3679bda,oe:team:a22510a4756fa424cb0771b13261139,oe:team:4bd1751425ef6a9bc9d4d8e9385b4a6,period:8e2682918e14580d212b,2021.0,Spring,playoffs,2021-04-04,BO5,2021-04-03T19:17:31+00:00,HIGH_CONFIDENCE_STRUCTURAL,"season=2021, team=oe:team:a22510a4756fa424cb0771b13261139, cutoff<=2021-04-04T00:00:00+00:00",STRUCTURAL_RECONCILIATION_ONLY
oe_structural:2021:2021-04-10:99e4bb738261,oe:team:a22510a4756fa424cb0771b13261139,oe:team:8eb884e168f28402ce685bedebb5250,period:8e2682918e14580d212b,2021.0,Spring,playoffs,2021-04-10,BO5,2021-04-03T19:17:31+00:00,HIGH_CONFIDENCE_STRUCTURAL,"season=2021, team=oe:team:a22510a4756fa424cb0771b13261139, cutoff<=2021-04-10T00:00:00+00:00",STRUCTURAL_RECONCILIATION_ONLY
oe_structural:2022:2022-04-23:c7f2d5814e3b,oe:team:8eb884e168f28402ce685bedebb5250,oe:team:f7f7324c151aa6ed770b244ce08e027,period:8e4979ebdc36578e98ba,2022.0,nan,playoffs,2022-04-23,BO5,2022-04-16T20:06:15+00:00,HIGH_CONFIDENCE_STRUCTURAL,"season=2022, team=oe:team:8eb884e168f28402ce685bedebb5250, cutoff<=2022-04-23T00:00:00+00:00",STRUCTURAL_RECONCILIATION_ONLY
oe_structural:2022:2022-04-17:5816d3713644,oe:team:f7f7324c151aa6ed770b244ce08e027,oe:team:fc8e90107dabb9a35c490b0d86adea0,period:8e4979ebdc36578e98ba,2022.0,nan,playoffs,2022-04-17,BO5,2022-04-16T20:06:15+00:00,HIGH_CONFIDENCE_STRUCTURAL,"season=2022, team=oe:team:f7f7324c151aa6ed770b244ce08e027, cutoff<=2022-04-17T00:00:00+00:00",STRUCTURAL_RECONCILIATION_ONLY
oe_structural:2022:2022-04-23:c7f2d5814e3b,oe:team:f7f7324c151aa6ed770b244ce08e027,oe:team:8eb884e168f28402ce685bedebb5250,period:8e4979ebdc36578e98ba,2022.0,nan,playoffs,2022-04-23,BO5,2022-04-16T20:06:15+00:00,HIGH_CONFIDENCE_STRUCTURAL,"season=2022, team=oe:team:f7f7324c151aa6ed770b244ce08e027, cutoff<=2022-04-23T00:00:00+00:00",STRUCTURAL_RECONCILIATION_ONLY
oe_structural:2022:2022-04-17:5816d3713644,oe:team:fc8e90107dabb9a35c490b0d86adea0,oe:team:f7f7324c151aa6ed770b244ce08e027,period:8e4979ebdc36578e98ba,2022.0,nan,playoffs,2022-04-17,BO5,2022-04-16T20:06:15+00:00,HIGH_CONFIDENCE_STRUCTURAL,"season=2022, team=oe:team:fc8e90107dabb9a35c490b0d86adea0, cutoff<=2022-04-17T00:00:00+00:00",STRUCTURAL_RECONCILIATION_ONLY
oe_structural:2022:2022-06-17:34591d87f25c,oe:team:fc8e90107dabb9a35c490b0d86adea0,oe:team:f7f7324c151aa6ed770b244ce08e027,period:8e4979ebdc36578e98ba,2022.0,Summer,regular,2022-06-17,BO1,2022-04-16T20:06:15+00:00,HIGH_CONFIDENCE_STRUCTURAL,"season=2022, team=oe:team:fc8e90107dabb9a35c490b0d86adea0, cutoff<=2022-06-17T00:00:00+00:00",STRUCTURAL_RECONCILIATION_ONLY
oe_structural:2022:2022-06-26:00294f07be56,oe:team:0dbb780176ecad18f17292d1f5653af,oe:team:c334c629fea759876e9e04afbe4aee7,period:9098ed2cd53d3e50498b,2022.0,Summer,regular,2022-06-26,BO1,2022-06-25T20:09:54+00:00,HIGH_CONFIDENCE_STRUCTURAL,"season=2022, team=oe:team:0dbb780176ecad18f17292d1f5653af, cutoff<=2022-06-26T00:00:00+00:00",STRUCTURAL_RECONCILIATION_ONLY
oe_structural:2022:2022-07-02:b6e76dcb4da9,oe:team:0dbb780176ecad18f17292d1f5653af,oe:team:2e66da41dc460dd378e3bcc57042d31,period:9098ed2cd53d3e50498b,2022.0,Summer,regular,2022-07-02,BO1,2022-06-25T20:09:54+00:00,HIGH_CONFIDENCE_STRUCTURAL,"season=2022, team=oe:team:0dbb780176ecad18f17292d1f5653af, cutoff<=2022-07-02T00:00:00+00:00",STRUCTURAL_RECONCILIATION_ONLY
oe_structural:2022:2022-06-26:397e4d3b41bf,oe:team:2e66da41dc460dd378e3bcc57042d31,oe:team:cbfaf0ca2181f0903d2fcceb6c28f3b,period:9098ed2cd53d3e50498b,2022.0,Summer,regular,2022-06-26,BO1,2022-06-25T20:09:54+00:00,HIGH_CONFIDENCE_STRUCTURAL,"season=2022, team=oe:team:2e66da41dc460dd378e3bcc57042d31, cutoff<=2022-06-26T00:00:00+00:00",STRUCTURAL_RECONCILIATION_ONLY
oe_structural:2022:2022-06-26:56bef255f3a0,oe:team:2e66da41dc460dd378e3bcc57042d31,oe:team:8eb884e168f28402ce685bedebb5250,period:9098ed2cd53d3e50498b,2022.0,Summer,regular,2022-06-26,BO1,2022-06-25T20:09:54+00:00,HIGH_CONFIDENCE_STRUCTURAL,"season=2022, team=oe:team:2e66da41dc460dd378e3bcc57042d31, cutoff<=2022-06-26T00:00:00+00:00",STRUCTURAL_RECONCILIATION_ONLY
oe_structural:2022:2022-07-02:b6e76dcb4da9,oe:team:2e66da41dc460dd378e3bcc57042d31,oe:team:0dbb780176ecad18f17292d1f5653af,period:9098ed2cd53d3e50498b,2022.0,Summer,regular,2022-07-02,BO1,2022-06-25T20:09:54+00:00,HIGH_CONFIDENCE_STRUCTURAL,"season=2022, team=oe:team:2e66da41dc460dd378e3bcc57042d31, cutoff<=2022-07-02T00:00:00+00:00",STRUCTURAL_RECONCILIATION_ONLY
oe_structural:2022:2022-06-26:d62c98a2826c,oe:team:4bd1751425ef6a9bc9d4d8e9385b4a6,oe:team:fc8e90107dabb9a35c490b0d86adea0,period:9098ed2cd53d3e50498b,2022.0,Summer,regular,2022-06-26,BO1,2022-06-25T20:09:54+00:00,HIGH_CONFIDENCE_STRUCTURAL,"season=2022, team=oe:team:4bd1751425ef6a9bc9d4d8e9385b4a6, cutoff<=2022-06-26T00:00:00+00:00",STRUCTURAL_RECONCILIATION_ONLY
oe_structural:2022:2022-07-02:c780163eabdd,oe:team:4bd1751425ef6a9bc9d4d8e9385b4a6,oe:team:8eb884e168f28402ce685bedebb5250,period:9098ed2cd53d3e50498b,2022.0,Summer,regular,2022-07-02,BO1,2022-06-25T20:09:54+00:00,HIGH_CONFIDENCE_STRUCTURAL,"season=2022, team=oe:team:4bd1751425ef6a9bc9d4d8e9385b4a6, cutoff<=2022-07-02T00:00:00+00:00",STRUCTURAL_RECONCILIATION_ONLY
oe_structural:2022:2022-06-26:d0c1fec852aa,oe:team:87ee02298073abc2d55060f097d4041,oe:team:a22510a4756fa424cb0771b13261139,period:9098ed2cd53d3e50498b,2022.0,Summer,regular,2022-06-26,BO1,2022-06-25T20:09:54+00:00,HIGH_CONFIDENCE_STRUCTURAL,"season=2022, team=oe:team:87ee02298073abc2d55060f097d4041, cutoff<=2022-06-26T00:00:00+00:00",STRUCTURAL_RECONCILIATION_ONLY
oe_structural:2022:2022-07-02:4d067545bb43,oe:team:87ee02298073abc2d55060f097d4041,oe:team:c334c629fea759876e9e04afbe4aee7,period:9098ed2cd53d3e50498b,2022.0,Summer,regular,2022-07-02,BO1,2022-06-25T20:09:54+00:00,HIGH_CONFIDENCE_STRUCTURAL,"season=2022, team=oe:team:87ee02298073abc2d55060f097d4041, cutoff<=2022-07-02T00:00:00+00:00",STRUCTURAL_RECONCILIATION_ONLY
oe_structural:2022:2022-06-26:56bef255f3a0,oe:team:8eb884e168f28402ce685bedebb5250,oe:team:2e66da41dc460dd378e3bcc57042d31,period:9098ed2cd53d3e50498b,2022.0,Summer,regular,2022-06-26,BO1,2022-06-25T20:09:54+00:00,HIGH_CONFIDENCE_STRUCTURAL,"season=2022, team=oe:team:8eb884e168f28402ce685bedebb5250, cutoff<=2022-06-26T00:00:00+00:00",STRUCTURAL_RECONCILIATION_ONLY
oe_structural:2022:2022-07-02:c780163eabdd,oe:team:8eb884e168f28402ce685bedebb5250,oe:team:4bd1751425ef6a9bc9d4d8e9385b4a6,period:9098ed2cd53d3e50498b,2022.0,Summer,regular,2022-07-02,BO1,2022-06-25T20:09:54+00:00,HIGH_CONFIDENCE_STRUCTURAL,"season=2022, team=oe:team:8eb884e168f28402ce685bedebb5250, cutoff<=2022-07-02T00:00:00+00:00",STRUCTURAL_RECONCILIATION_ONLY
oe_structural:2022:2022-06-26:d0c1fec852aa,oe:team:a22510a4756fa424cb0771b13261139,oe:team:87ee02298073abc2d55060f097d4041,period:9098ed2cd53d3e50498b,2022.0,Summer,regular,2022-06-26,BO1,2022-06-25T20:09:54+00:00,HIGH_CONFIDENCE_STRUCTURAL,"season=2022, team=oe:team:a22510a4756fa424cb0771b13261139, cutoff<=2022-06-26T00:00:00+00:00",STRUCTURAL_RECONCILIATION_ONLY
oe_structural:2022:2022-07-02:af0daf2b743c,oe:team:a22510a4756fa424cb0771b13261139,oe:team:f7f7324c151aa6ed770b244ce08e027,period:9098ed2cd53d3e50498b,2022.0,Summer,regular,2022-07-02,BO1,2022-06-25T20:09:54+00:00,HIGH_CONFIDENCE_STRUCTURAL,"season=2022, team=oe:team:a22510a4756fa424cb0771b13261139, cutoff<=2022-07-02T00:00:00+00:00",STRUCTURAL_RECONCILIATION_ONLY
oe_structural:2022:2022-06-26:00294f07be56,oe:team:c334c629fea759876e9e04afbe4aee7,oe:team:0dbb780176ecad18f17292d1f5653af,period:9098ed2cd53d3e50498b,2022.0,Summer,regular,2022-06-26,BO1,2022-06-25T20:09:54+00:00,HIGH_CONFIDENCE_STRUCTURAL,"season=2022, team=oe:team:c334c629fea759876e9e04afbe4aee7, cutoff<=2022-06-26T00:00:00+00:00",STRUCTURAL_RECONCILIATION_ONLY
oe_structural:2022:2022-07-02:4d067545bb43,oe:team:c334c629fea759876e9e04afbe4aee7,oe:team:87ee02298073abc2d55060f097d4041,period:9098ed2cd53d3e50498b,2022.0,Summer,regular,2022-07-02,BO1,2022-06-25T20:09:54+00:00,HIGH_CONFIDENCE_STRUCTURAL,"season=2022, team=oe:team:c334c629fea759876e9e04afbe4aee7, cutoff<=2022-07-02T00:00:00+00:00",STRUCTURAL_RECONCILIATION_ONLY
oe_structural:2022:2022-06-26:397e4d3b41bf,oe:team:cbfaf0ca2181f0903d2fcceb6c28f3b,oe:team:2e66da41dc460dd378e3bcc57042d31,period:9098ed2cd53d3e50498b,2022.0,Summer,regular,2022-06-26,BO1,2022-06-25T20:09:54+00:00,HIGH_CONFIDENCE_STRUCTURAL,"season=2022, team=oe:team:cbfaf0ca2181f0903d2fcceb6c28f3b, cutoff<=2022-06-26T00:00:00+00:00",STRUCTURAL_RECONCILIATION_ONLY
oe_structural:2022:2022-06-26:e86a42fc8bf9,oe:team:cbfaf0ca2181f0903d2fcceb6c28f3b,oe:team:f7f7324c151aa6ed770b244ce08e027,period:9098ed2cd53d3e50498b,2022.0,Summer,regular,2022-06-26,BO1,2022-06-25T20:09:54+00:00,HIGH_CONFIDENCE_STRUCTURAL,"season=2022, team=oe:team:cbfaf0ca2181f0903d2fcceb6c28f3b, cutoff<=2022-06-26T00:00:00+00:00",STRUCTURAL_RECONCILIATION_ONLY
oe_structural:2022:2022-07-02:287d1c572ea8,oe:team:cbfaf0ca2181f0903d2fcceb6c28f3b,oe:team:fc8e90107dabb9a35c490b0d86adea0,period:9098ed2cd53d3e50498b,2022.0,Summer,regular,2022-07-02,BO1,2022-06-25T20:09:54+00:00,HIGH_CONFIDENCE_STRUCTURAL,"season=2022, team=oe:team:cbfaf0ca2181f0903d2fcceb6c28f3b, cutoff<=2022-07-02T00:00:00+00:00",STRUCTURAL_RECONCILIATION_ONLY
oe_structural:2022:2022-06-26:e86a42fc8bf9,oe:team:f7f7324c151aa6ed770b244ce08e027,oe:team:cbfaf0ca2181f0903d2fcceb6c28f3b,period:9098ed2cd53d3e50498b,2022.0,Summer,regular,2022-06-26,BO1,2022-06-25T20:09:54+00:00,HIGH_CONFIDENCE_STRUCTURAL,"season=2022, team=oe:team:f7f7324c151aa6ed770b244ce08e027, cutoff<=2022-06-26T00:00:00+00:00",STRUCTURAL_RECONCILIATION_ONLY
oe_structural:2022:2022-07-02:af0daf2b743c,oe:team:f7f7324c151aa6ed770b244ce08e027,oe:team:a22510a4756fa424cb0771b13261139,period:9098ed2cd53d3e50498b,2022.0,Summer,regular,2022-07-02,BO1,2022-06-25T20:09:54+00:00,HIGH_CONFIDENCE_STRUCTURAL,"season=2022, team=oe:team:f7f7324c151aa6ed770b244ce08e027, cutoff<=2022-07-02T00:00:00+00:00",STRUCTURAL_RECONCILIATION_ONLY
oe_structural:2022:2022-06-26:d62c98a2826c,oe:team:fc8e90107dabb9a35c490b0d86adea0,oe:team:4bd1751425ef6a9bc9d4d8e9385b4a6,period:9098ed2cd53d3e50498b,2022.0,Summer,regular,2022-06-26,BO1,2022-06-25T20:09:54+00:00,HIGH_CONFIDENCE_STRUCTURAL,"season=2022, team=oe:team:fc8e90107dabb9a35c490b0d86adea0, cutoff<=2022-06-26T00:00:00+00:00",STRUCTURAL_RECONCILIATION_ONLY
oe_structural:2022:2022-07-02:287d1c572ea8,oe:team:fc8e90107dabb9a35c490b0d86adea0,oe:team:cbfaf0ca2181f0903d2fcceb6c28f3b,period:9098ed2cd53d3e50498b,2022.0,Summer,regular,2022-07-02,BO1,2022-06-25T20:09:54+00:00,HIGH_CONFIDENCE_STRUCTURAL,"season=2022, team=oe:team:fc8e90107dabb9a35c490b0d86adea0, cutoff<=2022-07-02T00:00:00+00:00",STRUCTURAL_RECONCILIATION_ONLY
oe_structural:2020:2020-02-25:8b3e5b42780e,oe:team:0dbb780176ecad18f17292d1f5653af,oe:team:8eb884e168f28402ce685bedebb5250,period:90cc39f891e2dbcab3ef,2020.0,Spring,regular,2020-02-25,BO1,2020-02-22T21:37:14+00:00,HIGH_CONFIDENCE_STRUCTURAL,"season=2020, team=oe:team:0dbb780176ecad18f17292d1f5653af, cutoff<=2020-02-25T00:00:00+00:00",STRUCTURAL_RECONCILIATION_ONLY
oe_structural:2020:2020-02-23:83503e04bdfe,oe:team:2e66da41dc460dd378e3bcc57042d31,oe:team:cbfaf0ca2181f0903d2fcceb6c28f3b,period:90cc39f891e2dbcab3ef,2020.0,Spring,regular,2020-02-23,BO1,2020-02-22T21:37:14+00:00,HIGH_CONFIDENCE_STRUCTURAL,"season=2020, team=oe:team:2e66da41dc460dd378e3bcc57042d31, cutoff<=2020-02-23T00:00:00+00:00",STRUCTURAL_RECONCILIATION_ONLY
oe_structural:2020:2020-02-23:8768bcd50fb2,oe:team:2e66da41dc460dd378e3bcc57042d31,oe:team:87ee02298073abc2d55060f097d4041,period:90cc39f891e2dbcab3ef,2020.0,Spring,regular,2020-02-23,BO1,2020-02-22T21:37:14+00:00,HIGH_CONFIDENCE_STRUCTURAL,"season=2020, team=oe:team:2e66da41dc460dd378e3bcc57042d31, cutoff<=2020-02-23T00:00:00+00:00",STRUCTURAL_RECONCILIATION_ONLY
oe_structural:2020:2020-02-29:9898db0f6212,oe:team:2e66da41dc460dd378e3bcc57042d31,oe:team:fc8e90107dabb9a35c490b0d86adea0,period:90cc39f891e2dbcab3ef,2020.0,Spring,regular,2020-02-29,BO1,2020-02-22T21:37:14+00:00,HIGH_CONFIDENCE_STRUCTURAL,"season=2020, team=oe:team:2e66da41dc460dd378e3bcc57042d31, cutoff<=2020-02-29T00:00:00+00:00",STRUCTURAL_RECONCILIATION_ONLY
oe_structural:2020:2020-02-23:c3253f508656,oe:team:4bd1751425ef6a9bc9d4d8e9385b4a6,oe:team:87ee02298073abc2d55060f097d4041,period:90cc39f891e2dbcab3ef,2020.0,Spring,regular,2020-02-23,BO1,2020-02-22T21:37:14+00:00,HIGH_CONFIDENCE_STRUCTURAL,"season=2020, team=oe:team:4bd1751425ef6a9bc9d4d8e9385b4a6, cutoff<=2020-02-23T00:00:00+00:00",STRUCTURAL_RECONCILIATION_ONLY
oe_structural:2020:2020-02-23:8768bcd50fb2,oe:team:87ee02298073abc2d55060f097d4041,oe:team:2e66da41dc460dd378e3bcc57042d31,period:90cc39f891e2dbcab3ef,2020.0,Spring,regular,2020-02-23,BO1,2020-02-22T21:37:14+00:00,HIGH_CONFIDENCE_STRUCTURAL,"season=2020, team=oe:team:87ee02298073abc2d55060f097d4041, cutoff<=2020-02-23T00:00:00+00:00",STRUCTURAL_RECONCILIATION_ONLY
oe_structural:2020:2020-02-23:c3253f508656,oe:team:87ee02298073abc2d55060f097d4041,oe:team:4bd1751425ef6a9bc9d4d8e9385b4a6,period:90cc39f891e2dbcab3ef,2020.0,Spring,regular,2020-02-23,BO1,2020-02-22T21:37:14+00:00,HIGH_CONFIDENCE_STRUCTURAL,"season=2020, team=oe:team:87ee02298073abc2d55060f097d4041, cutoff<=2020-02-23T00:00:00+00:00",STRUCTURAL_RECONCILIATION_ONLY
oe_structural:2020:2020-02-29:60d4a25ec6d1,oe:team:87ee02298073abc2d55060f097d4041,oe:team:c334c629fea759876e9e04afbe4aee7,period:90cc39f891e2dbcab3ef,2020.0,Spring,regular,2020-02-29,BO1,2020-02-22T21:37:14+00:00,HIGH_CONFIDENCE_STRUCTURAL,"season=2020, team=oe:team:87ee02298073abc2d55060f097d4041, cutoff<=2020-02-29T00:00:00+00:00",STRUCTURAL_RECONCILIATION_ONLY
oe_structural:2020:2020-02-23:d43b1749aea5,oe:team:8eb884e168f28402ce685bedebb5250,oe:team:f7f7324c151aa6ed770b244ce08e027,period:90cc39f891e2dbcab3ef,2020.0,Spring,regular,2020-02-23,BO1,2020-02-22T21:37:14+00:00,HIGH_CONFIDENCE_STRUCTURAL,"season=2020, team=oe:team:8eb884e168f28402ce685bedebb5250, cutoff<=2020-02-23T00:00:00+00:00",STRUCTURAL_RECONCILIATION_ONLY
oe_structural:2020:2020-02-25:8b3e5b42780e,oe:team:8eb884e168f28402ce685bedebb5250,oe:team:0dbb780176ecad18f17292d1f5653af,period:90cc39f891e2dbcab3ef,2020.0,Spring,regular,2020-02-25,BO1,2020-02-22T21:37:14+00:00,HIGH_CONFIDENCE_STRUCTURAL,"season=2020, team=oe:team:8eb884e168f28402ce685bedebb5250, cutoff<=2020-02-25T00:00:00+00:00",STRUCTURAL_RECONCILIATION_ONLY
oe_structural:2020:2020-02-29:c4b701c97cfd,oe:team:8eb884e168f28402ce685bedebb5250,oe:team:a22510a4756fa424cb0771b13261139,period:90cc39f891e2dbcab3ef,2020.0,Spring,regular,2020-02-29,BO1,2020-02-22T21:37:14+00:00,HIGH_CONFIDENCE_STRUCTURAL,"season=2020, team=oe:team:8eb884e168f28402ce685bedebb5250, cutoff<=2020-02-29T00:00:00+00:00",STRUCTURAL_RECONCILIATION_ONLY
oe_structural:2020:2020-02-25:a286075bd547,oe:team:a22510a4756fa424cb0771b13261139,oe:team:f7f7324c151aa6ed770b244ce08e027,period:90cc39f891e2dbcab3ef,2020.0,Spring,regular,2020-02-25,BO1,2020-02-22T21:37:14+00:00,HIGH_CONFIDENCE_STRUCTURAL,"season=2020, team=oe:team:a22510a4756fa424cb0771b13261139, cutoff<=2020-02-25T00:00:00+00:00",STRUCTURAL_RECONCILIATION_ONLY
oe_structural:2020:2020-02-29:c4b701c97cfd,oe:team:a22510a4756fa424cb0771b13261139,oe:team:8eb884e168f28402ce685bedebb5250,period:90cc39f891e2dbcab3ef,2020.0,Spring,regular,2020-02-29,BO1,2020-02-22T21:37:14+00:00,HIGH_CONFIDENCE_STRUCTURAL,"season=2020, team=oe:team:a22510a4756fa424cb0771b13261139, cutoff<=2020-02-29T00:00:00+00:00",STRUCTURAL_RECONCILIATION_ONLY
oe_structural:2020:2020-02-23:c1b35ac8bfeb,oe:team:c334c629fea759876e9e04afbe4aee7,oe:team:fc8e90107dabb9a35c490b0d86adea0,period:90cc39f891e2dbcab3ef,2020.0,Spring,regular,2020-02-23,BO1,2020-02-22T21:37:14+00:00,HIGH_CONFIDENCE_STRUCTURAL,"season=2020, team=oe:team:c334c629fea759876e9e04afbe4aee7, cutoff<=2020-02-23T00:00:00+00:00",STRUCTURAL_RECONCILIATION_ONLY
oe_structural:2020:2020-02-29:60d4a25ec6d1,oe:team:c334c629fea759876e9e04afbe4aee7,oe:team:87ee02298073abc2d55060f097d4041,period:90cc39f891e2dbcab3ef,2020.0,Spring,regular,2020-02-29,BO1,2020-02-22T21:37:14+00:00,HIGH_CONFIDENCE_STRUCTURAL,"season=2020, team=oe:team:c334c629fea759876e9e04afbe4aee7, cutoff<=2020-02-29T00:00:00+00:00",STRUCTURAL_RECONCILIATION_ONLY
oe_structural:2020:2020-02-23:83503e04bdfe,oe:team:cbfaf0ca2181f0903d2fcceb6c28f3b,oe:team:2e66da41dc460dd378e3bcc57042d31,period:90cc39f891e2dbcab3ef,2020.0,Spring,regular,2020-02-23,BO1,2020-02-22T21:37:14+00:00,HIGH_CONFIDENCE_STRUCTURAL,"season=2020, team=oe:team:cbfaf0ca2181f0903d2fcceb6c28f3b, cutoff<=2020-02-23T00:00:00+00:00",STRUCTURAL_RECONCILIATION_ONLY
oe_structural:2020:2020-02-23:d43b1749aea5,oe:team:f7f7324c151aa6ed770b244ce08e027,oe:team:8eb884e168f28402ce685bedebb5250,period:90cc39f891e2dbcab3ef,2020.0,Spring,regular,2020-02-23,BO1,2020-02-22T21:37:14+00:00,HIGH_CONFIDENCE_STRUCTURAL,"season=2020, team=oe:team:f7f7324c151aa6ed770b244ce08e027, cutoff<=2020-02-23T00:00:00+00:00",STRUCTURAL_RECONCILIATION_ONLY
oe_structural:2020:2020-02-25:a286075bd547,oe:team:f7f7324c151aa6ed770b244ce08e027,oe:team:a22510a4756fa424cb0771b13261139,period:90cc39f891e2dbcab3ef,2020.0,Spring,regular,2020-02-25,BO1,2020-02-22T21:37:14+00:00,HIGH_CONFIDENCE_STRUCTURAL,"season=2020, team=oe:team:f7f7324c151aa6ed770b244ce08e027, cutoff<=2020-02-25T00:00:00+00:00",STRUCTURAL_RECONCILIATION_ONLY
oe_structural:2020:2020-02-23:c1b35ac8bfeb,oe:team:fc8e90107dabb9a35c490b0d86adea0,oe:team:c334c629fea759876e9e04afbe4aee7,period:90cc39f891e2dbcab3ef,2020.0,Spring,regular,2020-02-23,BO1,2020-02-22T21:37:14+00:00,HIGH_CONFIDENCE_STRUCTURAL,"season=2020, team=oe:team:fc8e90107dabb9a35c490b0d86adea0, cutoff<=2020-02-23T00:00:00+00:00",STRUCTURAL_RECONCILIATION_ONLY
oe_structural:2020:2020-02-29:9898db0f6212,oe:team:fc8e90107dabb9a35c490b0d86adea0,oe:team:2e66da41dc460dd378e3bcc57042d31,period:90cc39f891e2dbcab3ef,2020.0,Spring,regular,2020-02-29,BO1,2020-02-22T21:37:14+00:00,HIGH_CONFIDENCE_STRUCTURAL,"season=2020, team=oe:team:fc8e90107dabb9a35c490b0d86adea0, cutoff<=2020-02-29T00:00:00+00:00",STRUCTURAL_RECONCILIATION_ONLY
oe_structural:2022:2022-08-07:100a286b3b2b,oe:team:0dbb780176ecad18f17292d1f5653af,oe:team:c334c629fea759876e9e04afbe4aee7,period:9310314000d1dccfe6ae,2022.0,Summer,regular,2022-08-07,BO1,2022-08-06T20:08:43+00:00,HIGH_CONFIDENCE_STRUCTURAL,"season=2022, team=oe:team:0dbb780176ecad18f17292d1f5653af, cutoff<=2022-08-07T00:00:00+00:00",STRUCTURAL_RECONCILIATION_ONLY
oe_structural:2022:2022-08-07:36bb54f81ebc,oe:team:0dbb780176ecad18f17292d1f5653af,oe:team:a22510a4756fa424cb0771b13261139,period:9310314000d1dccfe6ae,2022.0,Summer,regular,2022-08-07,BO1,2022-08-06T20:08:43+00:00,HIGH_CONFIDENCE_STRUCTURAL,"season=2022, team=oe:team:0dbb780176ecad18f17292d1f5653af, cutoff<=2022-08-07T00:00:00+00:00",STRUCTURAL_RECONCILIATION_ONLY
oe_structural:2022:2022-08-12:af75c0ca0ea9,oe:team:0dbb780176ecad18f17292d1f5653af,oe:team:8eb884e168f28402ce685bedebb5250,period:9310314000d1dccfe6ae,2022.0,Summer,regular,2022-08-12,BO1,2022-08-06T20:08:43+00:00,HIGH_CONFIDENCE_STRUCTURAL,"season=2022, team=oe:team:0dbb780176ecad18f17292d1f5653af, cutoff<=2022-08-12T00:00:00+00:00",STRUCTURAL_RECONCILIATION_ONLY
oe_structural:2022:2022-08-07:14b0bf6c9481,oe:team:2e66da41dc460dd378e3bcc57042d31,oe:team:cbfaf0ca2181f0903d2fcceb6c28f3b,period:9310314000d1dccfe6ae,2022.0,Summer,regular,2022-08-07,BO1,2022-08-06T20:08:43+00:00,HIGH_CONFIDENCE_STRUCTURAL,"season=2022, team=oe:team:2e66da41dc460dd378e3bcc57042d31, cutoff<=2022-08-07T00:00:00+00:00",STRUCTURAL_RECONCILIATION_ONLY
oe_structural:2022:2022-08-12:d5542daef82e,oe:team:2e66da41dc460dd378e3bcc57042d31,oe:team:4bd1751425ef6a9bc9d4d8e9385b4a6,period:9310314000d1dccfe6ae,2022.0,Summer,regular,2022-08-12,BO1,2022-08-06T20:08:43+00:00,HIGH_CONFIDENCE_STRUCTURAL,"season=2022, team=oe:team:2e66da41dc460dd378e3bcc57042d31, cutoff<=2022-08-12T00:00:00+00:00",STRUCTURAL_RECONCILIATION_ONLY
oe_structural:2022:2022-08-07:eaa02aa93686,oe:team:4bd1751425ef6a9bc9d4d8e9385b4a6,oe:team:fc8e90107dabb9a35c490b0d86adea0,period:9310314000d1dccfe6ae,2022.0,Summer,regular,2022-08-07,BO1,2022-08-06T20:08:43+00:00,HIGH_CONFIDENCE_STRUCTURAL,"season=2022, team=oe:team:4bd1751425ef6a9bc9d4d8e9385b4a6, cutoff<=2022-08-07T00:00:00+00:00",STRUCTURAL_RECONCILIATION_ONLY
oe_structural:2022:2022-08-12:d5542daef82e,oe:team:4bd1751425ef6a9bc9d4d8e9385b4a6,oe:team:2e66da41dc460dd378e3bcc57042d31,period:9310314000d1dccfe6ae,2022.0,Summer,regular,2022-08-12,BO1,2022-08-06T20:08:43+00:00,HIGH_CONFIDENCE_STRUCTURAL,"season=2022, team=oe:team:4bd1751425ef6a9bc9d4d8e9385b4a6, cutoff<=2022-08-12T00:00:00+00:00",STRUCTURAL_RECONCILIATION_ONLY
oe_structural:2022:2022-08-07:02b3d5ee3e41,oe:team:87ee02298073abc2d55060f097d4041,oe:team:c334c629fea759876e9e04afbe4aee7,period:9310314000d1dccfe6ae,2022.0,Summer,regular,2022-08-07,BO1,2022-08-06T20:08:43+00:00,HIGH_CONFIDENCE_STRUCTURAL,"season=2022, team=oe:team:87ee02298073abc2d55060f097d4041, cutoff<=2022-08-07T00:00:00+00:00",STRUCTURAL_RECONCILIATION_ONLY
oe_structural:2022:2022-08-12:66fe247114e5,oe:team:87ee02298073abc2d55060f097d4041,oe:team:f7f7324c151aa6ed770b244ce08e027,period:9310314000d1dccfe6ae,2022.0,Summer,regular,2022-08-12,BO1,2022-08-06T20:08:43+00:00,HIGH_CONFIDENCE_STRUCTURAL,"season=2022, team=oe:team:87ee02298073abc2d55060f097d4041, cutoff<=2022-08-12T00:00:00+00:00",STRUCTURAL_RECONCILIATION_ONLY
oe_structural:2022:2022-08-07:006a050b9da6,oe:team:8eb884e168f28402ce685bedebb5250,oe:team:f7f7324c151aa6ed770b244ce08e027,period:9310314000d1dccfe6ae,2022.0,Summer,regular,2022-08-07,BO1,2022-08-06T20:08:43+00:00,HIGH_CONFIDENCE_STRUCTURAL,"season=2022, team=oe:team:8eb884e168f28402ce685bedebb5250, cutoff<=2022-08-07T00:00:00+00:00",STRUCTURAL_RECONCILIATION_ONLY
oe_structural:2022:2022-08-12:af75c0ca0ea9,oe:team:8eb884e168f28402ce685bedebb5250,oe:team:0dbb780176ecad18f17292d1f5653af,period:9310314000d1dccfe6ae,2022.0,Summer,regular,2022-08-12,BO1,2022-08-06T20:08:43+00:00,HIGH_CONFIDENCE_STRUCTURAL,"season=2022, team=oe:team:8eb884e168f28402ce685bedebb5250, cutoff<=2022-08-12T00:00:00+00:00",STRUCTURAL_RECONCILIATION_ONLY
oe_structural:2022:2022-08-07:36bb54f81ebc,oe:team:a22510a4756fa424cb0771b13261139,oe:team:0dbb780176ecad18f17292d1f5653af,period:9310314000d1dccfe6ae,2022.0,Summer,regular,2022-08-07,BO1,2022-08-06T20:08:43+00:00,HIGH_CONFIDENCE_STRUCTURAL,"season=2022, team=oe:team:a22510a4756fa424cb0771b13261139, cutoff<=2022-08-07T00:00:00+00:00",STRUCTURAL_RECONCILIATION_ONLY
oe_structural:2022:2022-08-07:02b3d5ee3e41,oe:team:c334c629fea759876e9e04afbe4aee7,oe:team:87ee02298073abc2d55060f097d4041,period:9310314000d1dccfe6ae,2022.0,Summer,regular,2022-08-07,BO1,2022-08-06T20:08:43+00:00,HIGH_CONFIDENCE_STRUCTURAL,"season=2022, team=oe:team:c334c629fea759876e9e04afbe4aee7, cutoff<=2022-08-07T00:00:00+00:00",STRUCTURAL_RECONCILIATION_ONLY
oe_structural:2022:2022-08-07:100a286b3b2b,oe:team:c334c629fea759876e9e04afbe4aee7,oe:team:0dbb780176ecad18f17292d1f5653af,period:9310314000d1dccfe6ae,2022.0,Summer,regular,2022-08-07,BO1,2022-08-06T20:08:43+00:00,HIGH_CONFIDENCE_STRUCTURAL,"season=2022, team=oe:team:c334c629fea759876e9e04afbe4aee7, cutoff<=2022-08-07T00:00:00+00:00",STRUCTURAL_RECONCILIATION_ONLY
oe_structural:2022:2022-08-07:14b0bf6c9481,oe:team:cbfaf0ca2181f0903d2fcceb6c28f3b,oe:team:2e66da41dc460dd378e3bcc57042d31,period:9310314000d1dccfe6ae,2022.0,Summer,regular,2022-08-07,BO1,2022-08-06T20:08:43+00:00,HIGH_CONFIDENCE_STRUCTURAL,"season=2022, team=oe:team:cbfaf0ca2181f0903d2fcceb6c28f3b, cutoff<=2022-08-07T00:00:00+00:00",STRUCTURAL_RECONCILIATION_ONLY
oe_structural:2022:2022-08-07:006a050b9da6,oe:team:f7f7324c151aa6ed770b244ce08e027,oe:team:8eb884e168f28402ce685bedebb5250,period:9310314000d1dccfe6ae,2022.0,Summer,regular,2022-08-07,BO1,2022-08-06T20:08:43+00:00,HIGH_CONFIDENCE_STRUCTURAL,"season=2022, team=oe:team:f7f7324c151aa6ed770b244ce08e027, cutoff<=2022-08-07T00:00:00+00:00",STRUCTURAL_RECONCILIATION_ONLY
oe_structural:2022:2022-08-12:66fe247114e5,oe:team:f7f7324c151aa6ed770b244ce08e027,oe:team:87ee02298073abc2d55060f097d4041,period:9310314000d1dccfe6ae,2022.0,Summer,regular,2022-08-12,BO1,2022-08-06T20:08:43+00:00,HIGH_CONFIDENCE_STRUCTURAL,"season=2022, team=oe:team:f7f7324c151aa6ed770b244ce08e027, cutoff<=2022-08-12T00:00:00+00:00",STRUCTURAL_RECONCILIATION_ONLY
oe_structural:2022:2022-08-07:eaa02aa93686,oe:team:fc8e90107dabb9a35c490b0d86adea0,oe:team:4bd1751425ef6a9bc9d4d8e9385b4a6,period:9310314000d1dccfe6ae,2022.0,Summer,regular,2022-08-07,BO1,2022-08-06T20:08:43+00:00,HIGH_CONFIDENCE_STRUCTURAL,"season=2022, team=oe:team:fc8e90107dabb9a35c490b0d86adea0, cutoff<=2022-08-07T00:00:00+00:00",STRUCTURAL_RECONCILIATION_ONLY
oe_structural:2020:2020-02-16:5f05dff8c64c,oe:team:0dbb780176ecad18f17292d1f5653af,oe:team:87ee02298073abc2d55060f097d4041,period:94dc307a169a4236f643,2020.0,Spring,regular,2020-02-16,BO1,2020-02-15T21:33:19+00:00,HIGH_CONFIDENCE_STRUCTURAL,"season=2020, team=oe:team:0dbb780176ecad18f17292d1f5653af, cutoff<=2020-02-16T00:00:00+00:00",STRUCTURAL_RECONCILIATION_ONLY
oe_structural:2020:2020-02-16:6a4b79c34519,oe:team:0dbb780176ecad18f17292d1f5653af,oe:team:4bd1751425ef6a9bc9d4d8e9385b4a6,period:94dc307a169a4236f643,2020.0,Spring,regular,2020-02-16,BO1,2020-02-15T21:33:19+00:00,HIGH_CONFIDENCE_STRUCTURAL,"season=2020, team=oe:team:0dbb780176ecad18f17292d1f5653af, cutoff<=2020-02-16T00:00:00+00:00",STRUCTURAL_RECONCILIATION_ONLY
oe_structural:2020:2020-02-22:f024fd880f43,oe:team:0dbb780176ecad18f17292d1f5653af,oe:team:c334c629fea759876e9e04afbe4aee7,period:94dc307a169a4236f643,2020.0,Spring,regular,2020-02-22,BO1,2020-02-15T21:33:19+00:00,HIGH_CONFIDENCE_STRUCTURAL,"season=2020, team=oe:team:0dbb780176ecad18f17292d1f5653af, cutoff<=2020-02-22T00:00:00+00:00",STRUCTURAL_RECONCILIATION_ONLY
oe_structural:2020:2020-02-16:837019df7766,oe:team:2e66da41dc460dd378e3bcc57042d31,oe:team:a22510a4756fa424cb0771b13261139,period:94dc307a169a4236f643,2020.0,Spring,regular,2020-02-16,BO1,2020-02-15T21:33:19+00:00,HIGH_CONFIDENCE_STRUCTURAL,"season=2020, team=oe:team:2e66da41dc460dd378e3bcc57042d31, cutoff<=2020-02-16T00:00:00+00:00",STRUCTURAL_RECONCILIATION_ONLY
oe_structural:2020:2020-02-18:f3ae87c913e8,oe:team:2e66da41dc460dd378e3bcc57042d31,oe:team:4bd1751425ef6a9bc9d4d8e9385b4a6,period:94dc307a169a4236f643,2020.0,Spring,regular,2020-02-18,BO1,2020-02-15T21:33:19+00:00,HIGH_CONFIDENCE_STRUCTURAL,"season=2020, team=oe:team:2e66da41dc460dd378e3bcc57042d31, cutoff<=2020-02-18T00:00:00+00:00",STRUCTURAL_RECONCILIATION_ONLY
oe_structural:2020:2020-02-16:6a4b79c34519,oe:team:4bd1751425ef6a9bc9d4d8e9385b4a6,oe:team:0dbb780176ecad18f17292d1f5653af,period:94dc307a169a4236f643,2020.0,Spring,regular,2020-02-16,BO1,2020-02-15T21:33:19+00:00,HIGH_CONFIDENCE_STRUCTURAL,"season=2020, team=oe:team:4bd1751425ef6a9bc9d4d8e9385b4a6, cutoff<=2020-02-16T00:00:00+00:00",STRUCTURAL_RECONCILIATION_ONLY
oe_structural:2020:2020-02-18:f3ae87c913e8,oe:team:4bd1751425ef6a9bc9d4d8e9385b4a6,oe:team:2e66da41dc460dd378e3bcc57042d31,period:94dc307a169a4236f643,2020.0,Spring,regular,2020-02-18,BO1,2020-02-15T21:33:19+00:00,HIGH_CONFIDENCE_STRUCTURAL,"season=2020, team=oe:team:4bd1751425ef6a9bc9d4d8e9385b4a6, cutoff<=2020-02-18T00:00:00+00:00",STRUCTURAL_RECONCILIATION_ONLY
oe_structural:2020:2020-02-22:24e126f5ca93,oe:team:4bd1751425ef6a9bc9d4d8e9385b4a6,oe:team:a22510a4756fa424cb0771b13261139,period:94dc307a169a4236f643,2020.0,Spring,regular,2020-02-22,BO1,2020-02-15T21:33:19+00:00,HIGH_CONFIDENCE_STRUCTURAL,"season=2020, team=oe:team:4bd1751425ef6a9bc9d4d8e9385b4a6, cutoff<=2020-02-22T00:00:00+00:00",STRUCTURAL_RECONCILIATION_ONLY
oe_structural:2020:2020-02-16:5f05dff8c64c,oe:team:87ee02298073abc2d55060f097d4041,oe:team:0dbb780176ecad18f17292d1f5653af,period:94dc307a169a4236f643,2020.0,Spring,regular,2020-02-16,BO1,2020-02-15T21:33:19+00:00,HIGH_CONFIDENCE_STRUCTURAL,"season=2020, team=oe:team:87ee02298073abc2d55060f097d4041, cutoff<=2020-02-16T00:00:00+00:00",STRUCTURAL_RECONCILIATION_ONLY
oe_structural:2020:2020-02-16:7e9bb402cfb6,oe:team:8eb884e168f28402ce685bedebb5250,oe:team:cbfaf0ca2181f0903d2fcceb6c28f3b,period:94dc307a169a4236f643,2020.0,Spring,regular,2020-02-16,BO1,2020-02-15T21:33:19+00:00,HIGH_CONFIDENCE_STRUCTURAL,"season=2020, team=oe:team:8eb884e168f28402ce685bedebb5250, cutoff<=2020-02-16T00:00:00+00:00",STRUCTURAL_RECONCILIATION_ONLY
oe_structural:2020:2020-02-16:837019df7766,oe:team:a22510a4756fa424cb0771b13261139,oe:team:2e66da41dc460dd378e3bcc57042d31,period:94dc307a169a4236f643,2020.0,Spring,regular,2020-02-16,BO1,2020-02-15T21:33:19+00:00,HIGH_CONFIDENCE_STRUCTURAL,"season=2020, team=oe:team:a22510a4756fa424cb0771b13261139, cutoff<=2020-02-16T00:00:00+00:00",STRUCTURAL_RECONCILIATION_ONLY
oe_structural:2020:2020-02-22:24e126f5ca93,oe:team:a22510a4756fa424cb0771b13261139,oe:team:4bd1751425ef6a9bc9d4d8e9385b4a6,period:94dc307a169a4236f643,2020.0,Spring,regular,2020-02-22,BO1,2020-02-15T21:33:19+00:00,HIGH_CONFIDENCE_STRUCTURAL,"season=2020, team=oe:team:a22510a4756fa424cb0771b13261139, cutoff<=2020-02-22T00:00:00+00:00",STRUCTURAL_RECONCILIATION_ONLY
oe_structural:2020:2020-02-16:2c820205e3c4,oe:team:c334c629fea759876e9e04afbe4aee7,oe:team:f7f7324c151aa6ed770b244ce08e027,period:94dc307a169a4236f643,2020.0,Spring,regular,2020-02-16,BO1,2020-02-15T21:33:19+00:00,HIGH_CONFIDENCE_STRUCTURAL,"season=2020, team=oe:team:c334c629fea759876e9e04afbe4aee7, cutoff<=2020-02-16T00:00:00+00:00",STRUCTURAL_RECONCILIATION_ONLY
oe_structural:2020:2020-02-22:f024fd880f43,oe:team:c334c629fea759876e9e04afbe4aee7,oe:team:0dbb780176ecad18f17292d1f5653af,period:94dc307a169a4236f643,2020.0,Spring,regular,2020-02-22,BO1,2020-02-15T21:33:19+00:00,HIGH_CONFIDENCE_STRUCTURAL,"season=2020, team=oe:team:c334c629fea759876e9e04afbe4aee7, cutoff<=2020-02-22T00:00:00+00:00",STRUCTURAL_RECONCILIATION_ONLY
oe_structural:2020:2020-02-16:7e9bb402cfb6,oe:team:cbfaf0ca2181f0903d2fcceb6c28f3b,oe:team:8eb884e168f28402ce685bedebb5250,period:94dc307a169a4236f643,2020.0,Spring,regular,2020-02-16,BO1,2020-02-15T21:33:19+00:00,HIGH_CONFIDENCE_STRUCTURAL,"season=2020, team=oe:team:cbfaf0ca2181f0903d2fcceb6c28f3b, cutoff<=2020-02-16T00:00:00+00:00",STRUCTURAL_RECONCILIATION_ONLY
oe_structural:2020:2020-02-22:015ba8316183,oe:team:cbfaf0ca2181f0903d2fcceb6c28f3b,oe:team:fc8e90107dabb9a35c490b0d86adea0,period:94dc307a169a4236f643,2020.0,Spring,regular,2020-02-22,BO1,2020-02-15T21:33:19+00:00,HIGH_CONFIDENCE_STRUCTURAL,"season=2020, team=oe:team:cbfaf0ca2181f0903d2fcceb6c28f3b, cutoff<=2020-02-22T00:00:00+00:00",STRUCTURAL_RECONCILIATION_ONLY
oe_structural:2020:2020-02-16:2c820205e3c4,oe:team:f7f7324c151aa6ed770b244ce08e027,oe:team:c334c629fea759876e9e04afbe4aee7,period:94dc307a169a4236f643,2020.0,Spring,regular,2020-02-16,BO1,2020-02-15T21:33:19+00:00,HIGH_CONFIDENCE_STRUCTURAL,"season=2020, team=oe:team:f7f7324c151aa6ed770b244ce08e027, cutoff<=2020-02-16T00:00:00+00:00",STRUCTURAL_RECONCILIATION_ONLY
oe_structural:2020:2020-02-18:3e40c276d213,oe:team:f7f7324c151aa6ed770b244ce08e027,oe:team:fc8e90107dabb9a35c490b0d86adea0,period:94dc307a169a4236f643,2020.0,Spring,regular,2020-02-18,BO1,2020-02-15T21:33:19+00:00,HIGH_CONFIDENCE_STRUCTURAL,"season=2020, team=oe:team:f7f7324c151aa6ed770b244ce08e027, cutoff<=2020-02-18T00:00:00+00:00",STRUCTURAL_RECONCILIATION_ONLY
oe_structural:2020:2020-02-18:3e40c276d213,oe:team:fc8e90107dabb9a35c490b0d86adea0,oe:team:f7f7324c151aa6ed770b244ce08e027,period:94dc307a169a4236f643,2020.0,Spring,regular,2020-02-18,BO1,2020-02-15T21:33:19+00:00,HIGH_CONFIDENCE_STRUCTURAL,"season=2020, team=oe:team:fc8e90107dabb9a35c490b0d86adea0, cutoff<=2020-02-18T00:00:00+00:00",STRUCTURAL_RECONCILIATION_ONLY
oe_structural:2020:2020-02-22:015ba8316183,oe:team:fc8e90107dabb9a35c490b0d86adea0,oe:team:cbfaf0ca2181f0903d2fcceb6c28f3b,period:94dc307a169a4236f643,2020.0,Spring,regular,2020-02-22,BO1,2020-02-15T21:33:19+00:00,HIGH_CONFIDENCE_STRUCTURAL,"season=2020, team=oe:team:fc8e90107dabb9a35c490b0d86adea0, cutoff<=2020-02-22T00:00:00+00:00",STRUCTURAL_RECONCILIATION_ONLY
oe_structural:2022:2022-04-16:6bcd8251d88c,oe:team:4bd1751425ef6a9bc9d4d8e9385b4a6,oe:team:8eb884e168f28402ce685bedebb5250,period:95c58b937c0fcc3e92b9,2022.0,nan,playoffs,2022-04-16,BO5,2022-04-02T20:00:26+00:00,HIGH_CONFIDENCE_STRUCTURAL,"season=2022, team=oe:team:4bd1751425ef6a9bc9d4d8e9385b4a6, cutoff<=2022-04-16T00:00:00+00:00",STRUCTURAL_RECONCILIATION_ONLY
oe_structural:2022:2022-04-03:e8b2b208ee5a,oe:team:8eb884e168f28402ce685bedebb5250,oe:team:f7f7324c151aa6ed770b244ce08e027,period:95c58b937c0fcc3e92b9,2022.0,nan,playoffs,2022-04-03,BO5,2022-04-02T20:00:26+00:00,HIGH_CONFIDENCE_STRUCTURAL,"season=2022, team=oe:team:8eb884e168f28402ce685bedebb5250, cutoff<=2022-04-03T00:00:00+00:00",STRUCTURAL_RECONCILIATION_ONLY
oe_structural:2022:2022-04-16:6bcd8251d88c,oe:team:8eb884e168f28402ce685bedebb5250,oe:team:4bd1751425ef6a9bc9d4d8e9385b4a6,period:95c58b937c0fcc3e92b9,2022.0,nan,playoffs,2022-04-16,BO5,2022-04-02T20:00:26+00:00,HIGH_CONFIDENCE_STRUCTURAL,"season=2022, team=oe:team:8eb884e168f28402ce685bedebb5250, cutoff<=2022-04-16T00:00:00+00:00",STRUCTURAL_RECONCILIATION_ONLY
oe_structural:2022:2022-04-03:e8b2b208ee5a,oe:team:f7f7324c151aa6ed770b244ce08e027,oe:team:8eb884e168f28402ce685bedebb5250,period:95c58b937c0fcc3e92b9,2022.0,nan,playoffs,2022-04-03,BO5,2022-04-02T20:00:26+00:00,HIGH_CONFIDENCE_STRUCTURAL,"season=2022, team=oe:team:f7f7324c151aa6ed770b244ce08e027, cutoff<=2022-04-03T00:00:00+00:00",STRUCTURAL_RECONCILIATION_ONLY
oe_structural:2022:2022-04-09:48d017afc351,oe:team:fc8e90107dabb9a35c490b0d86adea0,oe:team:87ee02298073abc2d55060f097d4041,period:95c58b937c0fcc3e92b9,2022.0,nan,playoffs,2022-04-09,BO5,2022-04-02T20:00:26+00:00,HIGH_CONFIDENCE_STRUCTURAL,"season=2022, team=oe:team:fc8e90107dabb9a35c490b0d86adea0, cutoff<=2022-04-09T00:00:00+00:00",STRUCTURAL_RECONCILIATION_ONLY
oe_structural:2022:2022-03-20:72aa820cc6fe,oe:team:0dbb780176ecad18f17292d1f5653af,oe:team:87ee02298073abc2d55060f097d4041,period:9a704a25f780f56ebe1b,2022.0,Spring,regular,2022-03-20,BO1,2022-03-19T19:32:42+00:00,HIGH_CONFIDENCE_STRUCTURAL,"season=2022, team=oe:team:0dbb780176ecad18f17292d1f5653af, cutoff<=2022-03-20T00:00:00+00:00",STRUCTURAL_RECONCILIATION_ONLY
oe_structural:2022:2022-03-25:aa78d52877a4,oe:team:0dbb780176ecad18f17292d1f5653af,oe:team:fc8e90107dabb9a35c490b0d86adea0,period:9a704a25f780f56ebe1b,2022.0,Spring,regular,2022-03-25,BO1,2022-03-19T19:32:42+00:00,HIGH_CONFIDENCE_STRUCTURAL,"season=2022, team=oe:team:0dbb780176ecad18f17292d1f5653af, cutoff<=2022-03-25T00:00:00+00:00",STRUCTURAL_RECONCILIATION_ONLY
oe_structural:2022:2022-03-20:4a76630607ff,oe:team:2e66da41dc460dd378e3bcc57042d31,oe:team:8eb884e168f28402ce685bedebb5250,period:9a704a25f780f56ebe1b,2022.0,Spring,regular,2022-03-20,BO1,2022-03-19T19:32:42+00:00,HIGH_CONFIDENCE_STRUCTURAL,"season=2022, team=oe:team:2e66da41dc460dd378e3bcc57042d31, cutoff<=2022-03-20T00:00:00+00:00",STRUCTURAL_RECONCILIATION_ONLY
oe_structural:2022:2022-03-20:502ccf8054b9,oe:team:2e66da41dc460dd378e3bcc57042d31,oe:team:87ee02298073abc2d55060f097d4041,period:9a704a25f780f56ebe1b,2022.0,Spring,regular,2022-03-20,BO1,2022-03-19T19:32:42+00:00,HIGH_CONFIDENCE_STRUCTURAL,"season=2022, team=oe:team:2e66da41dc460dd378e3bcc57042d31, cutoff<=2022-03-20T00:00:00+00:00",STRUCTURAL_RECONCILIATION_ONLY
oe_structural:2022:2022-03-25:0f8ec3956e73,oe:team:2e66da41dc460dd378e3bcc57042d31,oe:team:f7f7324c151aa6ed770b244ce08e027,period:9a704a25f780f56ebe1b,2022.0,Spring,regular,2022-03-25,BO1,2022-03-19T19:32:42+00:00,HIGH_CONFIDENCE_STRUCTURAL,"season=2022, team=oe:team:2e66da41dc460dd378e3bcc57042d31, cutoff<=2022-03-25T00:00:00+00:00",STRUCTURAL_RECONCILIATION_ONLY
oe_structural:2022:2022-03-20:7f5663854ffd,oe:team:4bd1751425ef6a9bc9d4d8e9385b4a6,oe:team:f7f7324c151aa6ed770b244ce08e027,period:9a704a25f780f56ebe1b,2022.0,Spring,regular,2022-03-20,BO1,2022-03-19T19:32:42+00:00,HIGH_CONFIDENCE_STRUCTURAL,"season=2022, team=oe:team:4bd1751425ef6a9bc9d4d8e9385b4a6, cutoff<=2022-03-20T00:00:00+00:00",STRUCTURAL_RECONCILIATION_ONLY
oe_structural:2022:2022-03-20:502ccf8054b9,oe:team:87ee02298073abc2d55060f097d4041,oe:team:2e66da41dc460dd378e3bcc57042d31,period:9a704a25f780f56ebe1b,2022.0,Spring,regular,2022-03-20,BO1,2022-03-19T19:32:42+00:00,HIGH_CONFIDENCE_STRUCTURAL,"season=2022, team=oe:team:87ee02298073abc2d55060f097d4041, cutoff<=2022-03-20T00:00:00+00:00",STRUCTURAL_RECONCILIATION_ONLY
oe_structural:2022:2022-03-20:72aa820cc6fe,oe:team:87ee02298073abc2d55060f097d4041,oe:team:0dbb780176ecad18f17292d1f5653af,period:9a704a25f780f56ebe1b,2022.0,Spring,regular,2022-03-20,BO1,2022-03-19T19:32:42+00:00,HIGH_CONFIDENCE_STRUCTURAL,"season=2022, team=oe:team:87ee02298073abc2d55060f097d4041, cutoff<=2022-03-20T00:00:00+00:00",STRUCTURAL_RECONCILIATION_ONLY
oe_structural:2022:2022-03-25:e86318caf436,oe:team:87ee02298073abc2d55060f097d4041,oe:team:8eb884e168f28402ce685bedebb5250,period:9a704a25f780f56ebe1b,2022.0,Spring,regular,2022-03-25,BO1,2022-03-19T19:32:42+00:00,HIGH_CONFIDENCE_STRUCTURAL,"season=2022, team=oe:team:87ee02298073abc2d55060f097d4041, cutoff<=2022-03-25T00:00:00+00:00",STRUCTURAL_RECONCILIATION_ONLY
oe_structural:2022:2022-03-20:4a76630607ff,oe:team:8eb884e168f28402ce685bedebb5250,oe:team:2e66da41dc460dd378e3bcc57042d31,period:9a704a25f780f56ebe1b,2022.0,Spring,regular,2022-03-20,BO1,2022-03-19T19:32:42+00:00,HIGH_CONFIDENCE_STRUCTURAL,"season=2022, team=oe:team:8eb884e168f28402ce685bedebb5250, cutoff<=2022-03-20T00:00:00+00:00",STRUCTURAL_RECONCILIATION_ONLY
oe_structural:2022:2022-03-25:e86318caf436,oe:team:8eb884e168f28402ce685bedebb5250,oe:team:87ee02298073abc2d55060f097d4041,period:9a704a25f780f56ebe1b,2022.0,Spring,regular,2022-03-25,BO1,2022-03-19T19:32:42+00:00,HIGH_CONFIDENCE_STRUCTURAL,"season=2022, team=oe:team:8eb884e168f28402ce685bedebb5250, cutoff<=2022-03-25T00:00:00+00:00",STRUCTURAL_RECONCILIATION_ONLY
oe_structural:2022:2022-03-20:30dd5d2c0b59,oe:team:a22510a4756fa424cb0771b13261139,oe:team:c334c629fea759876e9e04afbe4aee7,period:9a704a25f780f56ebe1b,2022.0,Spring,regular,2022-03-20,BO1,2022-03-19T19:32:42+00:00,HIGH_CONFIDENCE_STRUCTURAL,"season=2022, team=oe:team:a22510a4756fa424cb0771b13261139, cutoff<=2022-03-20T00:00:00+00:00",STRUCTURAL_RECONCILIATION_ONLY
oe_structural:2022:2022-03-20:30dd5d2c0b59,oe:team:c334c629fea759876e9e04afbe4aee7,oe:team:a22510a4756fa424cb0771b13261139,period:9a704a25f780f56ebe1b,2022.0,Spring,regular,2022-03-20,BO1,2022-03-19T19:32:42+00:00,HIGH_CONFIDENCE_STRUCTURAL,"season=2022, team=oe:team:c334c629fea759876e9e04afbe4aee7, cutoff<=2022-03-20T00:00:00+00:00",STRUCTURAL_RECONCILIATION_ONLY
oe_structural:2022:2022-03-25:5f80aa4f1d9c,oe:team:c334c629fea759876e9e04afbe4aee7,oe:team:cbfaf0ca2181f0903d2fcceb6c28f3b,period:9a704a25f780f56ebe1b,2022.0,Spring,regular,2022-03-25,BO1,2022-03-19T19:32:42+00:00,HIGH_CONFIDENCE_STRUCTURAL,"season=2022, team=oe:team:c334c629fea759876e9e04afbe4aee7, cutoff<=2022-03-25T00:00:00+00:00",STRUCTURAL_RECONCILIATION_ONLY
oe_structural:2022:2022-03-20:4c4d3cefb2e8,oe:team:cbfaf0ca2181f0903d2fcceb6c28f3b,oe:team:fc8e90107dabb9a35c490b0d86adea0,period:9a704a25f780f56ebe1b,2022.0,Spring,regular,2022-03-20,BO1,2022-03-19T19:32:42+00:00,HIGH_CONFIDENCE_STRUCTURAL,"season=2022, team=oe:team:cbfaf0ca2181f0903d2fcceb6c28f3b, cutoff<=2022-03-20T00:00:00+00:00",STRUCTURAL_RECONCILIATION_ONLY
oe_structural:2022:2022-03-25:5f80aa4f1d9c,oe:team:cbfaf0ca2181f0903d2fcceb6c28f3b,oe:team:c334c629fea759876e9e04afbe4aee7,period:9a704a25f780f56ebe1b,2022.0,Spring,regular,2022-03-25,BO1,2022-03-19T19:32:42+00:00,HIGH_CONFIDENCE_STRUCTURAL,"season=2022, team=oe:team:cbfaf0ca2181f0903d2fcceb6c28f3b, cutoff<=2022-03-25T00:00:00+00:00",STRUCTURAL_RECONCILIATION_ONLY
oe_structural:2022:2022-03-20:7f5663854ffd,oe:team:f7f7324c151aa6ed770b244ce08e027,oe:team:4bd1751425ef6a9bc9d4d8e9385b4a6,period:9a704a25f780f56ebe1b,2022.0,Spring,regular,2022-03-20,BO1,2022-03-19T19:32:42+00:00,HIGH_CONFIDENCE_STRUCTURAL,"season=2022, team=oe:team:f7f7324c151aa6ed770b244ce08e027, cutoff<=2022-03-20T00:00:00+00:00",STRUCTURAL_RECONCILIATION_ONLY
oe_structural:2022:2022-03-25:0f8ec3956e73,oe:team:f7f7324c151aa6ed770b244ce08e027,oe:team:2e66da41dc460dd378e3bcc57042d31,period:9a704a25f780f56ebe1b,2022.0,Spring,regular,2022-03-25,BO1,2022-03-19T19:32:42+00:00,HIGH_CONFIDENCE_STRUCTURAL,"season=2022, team=oe:team:f7f7324c151aa6ed770b244ce08e027, cutoff<=2022-03-25T00:00:00+00:00",STRUCTURAL_RECONCILIATION_ONLY
oe_structural:2022:2022-03-20:4c4d3cefb2e8,oe:team:fc8e90107dabb9a35c490b0d86adea0,oe:team:cbfaf0ca2181f0903d2fcceb6c28f3b,period:9a704a25f780f56ebe1b,2022.0,Spring,regular,2022-03-20,BO1,2022-03-19T19:32:42+00:00,HIGH_CONFIDENCE_STRUCTURAL,"season=2022, team=oe:team:fc8e90107dabb9a35c490b0d86adea0, cutoff<=2022-03-20T00:00:00+00:00",STRUCTURAL_RECONCILIATION_ONLY
oe_structural:2022:2022-03-25:aa78d52877a4,oe:team:fc8e90107dabb9a35c490b0d86adea0,oe:team:0dbb780176ecad18f17292d1f5653af,period:9a704a25f780f56ebe1b,2022.0,Spring,regular,2022-03-25,BO1,2022-03-19T19:32:42+00:00,HIGH_CONFIDENCE_STRUCTURAL,"season=2022, team=oe:team:fc8e90107dabb9a35c490b0d86adea0, cutoff<=2022-03-25T00:00:00+00:00",STRUCTURAL_RECONCILIATION_ONLY
oe_structural:2023:2023-02-03:36388b4619a5,oe:team:0dbb780176ecad18f17292d1f5653af,oe:team:4bd1751425ef6a9bc9d4d8e9385b4a6,period:9ad2bd3e76204c678ee3,2023.0,Spring,regular,2023-02-03,BO1,2023-02-02T22:06:55+00:00,HIGH_CONFIDENCE_STRUCTURAL,"season=2023, team=oe:team:0dbb780176ecad18f17292d1f5653af, cutoff<=2023-02-03T00:00:00+00:00",STRUCTURAL_RECONCILIATION_ONLY
oe_structural:2023:2023-02-03:3887829875f3,oe:team:0dbb780176ecad18f17292d1f5653af,oe:team:f7f7324c151aa6ed770b244ce08e027,period:9ad2bd3e76204c678ee3,2023.0,Spring,regular,2023-02-03,BO1,2023-02-02T22:06:55+00:00,HIGH_CONFIDENCE_STRUCTURAL,"season=2023, team=oe:team:0dbb780176ecad18f17292d1f5653af, cutoff<=2023-02-03T00:00:00+00:00",STRUCTURAL_RECONCILIATION_ONLY
oe_structural:2023:2023-02-03:ed0656651a94,oe:team:2e66da41dc460dd378e3bcc57042d31,oe:team:fc8e90107dabb9a35c490b0d86adea0,period:9ad2bd3e76204c678ee3,2023.0,Spring,regular,2023-02-03,BO1,2023-02-02T22:06:55+00:00,HIGH_CONFIDENCE_STRUCTURAL,"season=2023, team=oe:team:2e66da41dc460dd378e3bcc57042d31, cutoff<=2023-02-03T00:00:00+00:00",STRUCTURAL_RECONCILIATION_ONLY
oe_structural:2023:2023-02-09:4328509b35a3,oe:team:2e66da41dc460dd378e3bcc57042d31,oe:team:f7f7324c151aa6ed770b244ce08e027,period:9ad2bd3e76204c678ee3,2023.0,Spring,regular,2023-02-09,BO1,2023-02-02T22:06:55+00:00,HIGH_CONFIDENCE_STRUCTURAL,"season=2023, team=oe:team:2e66da41dc460dd378e3bcc57042d31, cutoff<=2023-02-09T00:00:00+00:00",STRUCTURAL_RECONCILIATION_ONLY
oe_structural:2023:2023-02-03:36388b4619a5,oe:team:4bd1751425ef6a9bc9d4d8e9385b4a6,oe:team:0dbb780176ecad18f17292d1f5653af,period:9ad2bd3e76204c678ee3,2023.0,Spring,regular,2023-02-03,BO1,2023-02-02T22:06:55+00:00,HIGH_CONFIDENCE_STRUCTURAL,"season=2023, team=oe:team:4bd1751425ef6a9bc9d4d8e9385b4a6, cutoff<=2023-02-03T00:00:00+00:00",STRUCTURAL_RECONCILIATION_ONLY
oe_structural:2023:2023-02-04:da51884403dc,oe:team:4bd1751425ef6a9bc9d4d8e9385b4a6,oe:team:a22510a4756fa424cb0771b13261139,period:9ad2bd3e76204c678ee3,2023.0,Spring,regular,2023-02-04,BO1,2023-02-02T22:06:55+00:00,HIGH_CONFIDENCE_STRUCTURAL,"season=2023, team=oe:team:4bd1751425ef6a9bc9d4d8e9385b4a6, cutoff<=2023-02-04T00:00:00+00:00",STRUCTURAL_RECONCILIATION_ONLY
oe_structural:2023:2023-02-04:3d1665c987f1,oe:team:87ee02298073abc2d55060f097d4041,oe:team:8eb884e168f28402ce685bedebb5250,period:9ad2bd3e76204c678ee3,2023.0,Spring,regular,2023-02-04,BO1,2023-02-02T22:06:55+00:00,HIGH_CONFIDENCE_STRUCTURAL,"season=2023, team=oe:team:87ee02298073abc2d55060f097d4041, cutoff<=2023-02-04T00:00:00+00:00",STRUCTURAL_RECONCILIATION_ONLY
oe_structural:2023:2023-02-03:84b6a4122180,oe:team:8eb884e168f28402ce685bedebb5250,oe:team:c334c629fea759876e9e04afbe4aee7,period:9ad2bd3e76204c678ee3,2023.0,Spring,regular,2023-02-03,BO1,2023-02-02T22:06:55+00:00,HIGH_CONFIDENCE_STRUCTURAL,"season=2023, team=oe:team:8eb884e168f28402ce685bedebb5250, cutoff<=2023-02-03T00:00:00+00:00",STRUCTURAL_RECONCILIATION_ONLY
oe_structural:2023:2023-02-04:3d1665c987f1,oe:team:8eb884e168f28402ce685bedebb5250,oe:team:87ee02298073abc2d55060f097d4041,period:9ad2bd3e76204c678ee3,2023.0,Spring,regular,2023-02-04,BO1,2023-02-02T22:06:55+00:00,HIGH_CONFIDENCE_STRUCTURAL,"season=2023, team=oe:team:8eb884e168f28402ce685bedebb5250, cutoff<=2023-02-04T00:00:00+00:00",STRUCTURAL_RECONCILIATION_ONLY
oe_structural:2023:2023-02-03:293112b8b25a,oe:team:a22510a4756fa424cb0771b13261139,oe:team:f7f7324c151aa6ed770b244ce08e027,period:9ad2bd3e76204c678ee3,2023.0,Spring,regular,2023-02-03,BO1,2023-02-02T22:06:55+00:00,HIGH_CONFIDENCE_STRUCTURAL,"season=2023, team=oe:team:a22510a4756fa424cb0771b13261139, cutoff<=2023-02-03T00:00:00+00:00",STRUCTURAL_RECONCILIATION_ONLY
oe_structural:2023:2023-02-04:da51884403dc,oe:team:a22510a4756fa424cb0771b13261139,oe:team:4bd1751425ef6a9bc9d4d8e9385b4a6,period:9ad2bd3e76204c678ee3,2023.0,Spring,regular,2023-02-04,BO1,2023-02-02T22:06:55+00:00,HIGH_CONFIDENCE_STRUCTURAL,"season=2023, team=oe:team:a22510a4756fa424cb0771b13261139, cutoff<=2023-02-04T00:00:00+00:00",STRUCTURAL_RECONCILIATION_ONLY
oe_structural:2023:2023-02-09:f6d43aa4e7e2,oe:team:a22510a4756fa424cb0771b13261139,oe:team:fc8e90107dabb9a35c490b0d86adea0,period:9ad2bd3e76204c678ee3,2023.0,Spring,regular,2023-02-09,BO1,2023-02-02T22:06:55+00:00,HIGH_CONFIDENCE_STRUCTURAL,"season=2023, team=oe:team:a22510a4756fa424cb0771b13261139, cutoff<=2023-02-09T00:00:00+00:00",STRUCTURAL_RECONCILIATION_ONLY
oe_structural:2023:2023-02-03:84b6a4122180,oe:team:c334c629fea759876e9e04afbe4aee7,oe:team:8eb884e168f28402ce685bedebb5250,period:9ad2bd3e76204c678ee3,2023.0,Spring,regular,2023-02-03,BO1,2023-02-02T22:06:55+00:00,HIGH_CONFIDENCE_STRUCTURAL,"season=2023, team=oe:team:c334c629fea759876e9e04afbe4aee7, cutoff<=2023-02-03T00:00:00+00:00",STRUCTURAL_RECONCILIATION_ONLY
oe_structural:2023:2023-02-04:2d6fbab27c5c,oe:team:c334c629fea759876e9e04afbe4aee7,oe:team:cbfaf0ca2181f0903d2fcceb6c28f3b,period:9ad2bd3e76204c678ee3,2023.0,Spring,regular,2023-02-04,BO1,2023-02-02T22:06:55+00:00,HIGH_CONFIDENCE_STRUCTURAL,"season=2023, team=oe:team:c334c629fea759876e9e04afbe4aee7, cutoff<=2023-02-04T00:00:00+00:00",STRUCTURAL_RECONCILIATION_ONLY
oe_structural:2023:2023-02-04:2d6fbab27c5c,oe:team:cbfaf0ca2181f0903d2fcceb6c28f3b,oe:team:c334c629fea759876e9e04afbe4aee7,period:9ad2bd3e76204c678ee3,2023.0,Spring,regular,2023-02-04,BO1,2023-02-02T22:06:55+00:00,HIGH_CONFIDENCE_STRUCTURAL,"season=2023, team=oe:team:cbfaf0ca2181f0903d2fcceb6c28f3b, cutoff<=2023-02-04T00:00:00+00:00",STRUCTURAL_RECONCILIATION_ONLY
oe_structural:2023:2023-02-03:293112b8b25a,oe:team:f7f7324c151aa6ed770b244ce08e027,oe:team:a22510a4756fa424cb0771b13261139,period:9ad2bd3e76204c678ee3,2023.0,Spring,regular,2023-02-03,BO1,2023-02-02T22:06:55+00:00,HIGH_CONFIDENCE_STRUCTURAL,"season=2023, team=oe:team:f7f7324c151aa6ed770b244ce08e027, cutoff<=2023-02-03T00:00:00+00:00",STRUCTURAL_RECONCILIATION_ONLY
oe_structural:2023:2023-02-03:3887829875f3,oe:team:f7f7324c151aa6ed770b244ce08e027,oe:team:0dbb780176ecad18f17292d1f5653af,period:9ad2bd3e76204c678ee3,2023.0,Spring,regular,2023-02-03,BO1,2023-02-02T22:06:55+00:00,HIGH_CONFIDENCE_STRUCTURAL,"season=2023, team=oe:team:f7f7324c151aa6ed770b244ce08e027, cutoff<=2023-02-03T00:00:00+00:00",STRUCTURAL_RECONCILIATION_ONLY
oe_structural:2023:2023-02-09:4328509b35a3,oe:team:f7f7324c151aa6ed770b244ce08e027,oe:team:2e66da41dc460dd378e3bcc57042d31,period:9ad2bd3e76204c678ee3,2023.0,Spring,regular,2023-02-09,BO1,2023-02-02T22:06:55+00:00,HIGH_CONFIDENCE_STRUCTURAL,"season=2023, team=oe:team:f7f7324c151aa6ed770b244ce08e027, cutoff<=2023-02-09T00:00:00+00:00",STRUCTURAL_RECONCILIATION_ONLY
oe_structural:2023:2023-02-03:ed0656651a94,oe:team:fc8e90107dabb9a35c490b0d86adea0,oe:team:2e66da41dc460dd378e3bcc57042d31,period:9ad2bd3e76204c678ee3,2023.0,Spring,regular,2023-02-03,BO1,2023-02-02T22:06:55+00:00,HIGH_CONFIDENCE_STRUCTURAL,"season=2023, team=oe:team:fc8e90107dabb9a35c490b0d86adea0, cutoff<=2023-02-03T00:00:00+00:00",STRUCTURAL_RECONCILIATION_ONLY
oe_structural:2023:2023-02-09:f6d43aa4e7e2,oe:team:fc8e90107dabb9a35c490b0d86adea0,oe:team:a22510a4756fa424cb0771b13261139,period:9ad2bd3e76204c678ee3,2023.0,Spring,regular,2023-02-09,BO1,2023-02-02T22:06:55+00:00,HIGH_CONFIDENCE_STRUCTURAL,"season=2023, team=oe:team:fc8e90107dabb9a35c490b0d86adea0, cutoff<=2023-02-09T00:00:00+00:00",STRUCTURAL_RECONCILIATION_ONLY
oe_structural:2026:2026-04-19:0ad36ec52871,oe:team:0dbb780176ecad18f17292d1f5653af,oe:team:8eb884e168f28402ce685bedebb5250,period:9ad9f360f988761d91c1,2026.0,Spring,regular,2026-04-19,BO1,2026-04-18T20:07:45+00:00,HIGH_CONFIDENCE_STRUCTURAL,"season=2026, team=oe:team:0dbb780176ecad18f17292d1f5653af, cutoff<=2026-04-19T00:00:00+00:00",STRUCTURAL_RECONCILIATION_ONLY
oe_structural:2026:2026-04-25:f2eb95961ca4,oe:team:0dbb780176ecad18f17292d1f5653af,oe:team:2e66da41dc460dd378e3bcc57042d31,period:9ad9f360f988761d91c1,2026.0,Spring,regular,2026-04-25,BO1,2026-04-18T20:07:45+00:00,HIGH_CONFIDENCE_STRUCTURAL,"season=2026, team=oe:team:0dbb780176ecad18f17292d1f5653af, cutoff<=2026-04-25T00:00:00+00:00",STRUCTURAL_RECONCILIATION_ONLY
oe_structural:2026:2026-04-25:f2eb95961ca4,oe:team:2e66da41dc460dd378e3bcc57042d31,oe:team:0dbb780176ecad18f17292d1f5653af,period:9ad9f360f988761d91c1,2026.0,Spring,regular,2026-04-25,BO1,2026-04-18T20:07:45+00:00,HIGH_CONFIDENCE_STRUCTURAL,"season=2026, team=oe:team:2e66da41dc460dd378e3bcc57042d31, cutoff<=2026-04-25T00:00:00+00:00",STRUCTURAL_RECONCILIATION_ONLY
oe_structural:2026:2026-04-19:0ad36ec52871,oe:team:8eb884e168f28402ce685bedebb5250,oe:team:0dbb780176ecad18f17292d1f5653af,period:9ad9f360f988761d91c1,2026.0,Spring,regular,2026-04-19,BO1,2026-04-18T20:07:45+00:00,HIGH_CONFIDENCE_STRUCTURAL,"season=2026, team=oe:team:8eb884e168f28402ce685bedebb5250, cutoff<=2026-04-19T00:00:00+00:00",STRUCTURAL_RECONCILIATION_ONLY
oe_structural:2026:2026-04-19:dfdb4e53b65b,oe:team:b360f1d729b0a8e0f29a5243c4200fa,oe:team:da1143bf9a245b78a8dc86417de85b3,period:9ad9f360f988761d91c1,2026.0,Spring,regular,2026-04-19,BO1,2026-04-18T20:07:45+00:00,HIGH_CONFIDENCE_STRUCTURAL,"season=2026, team=oe:team:b360f1d729b0a8e0f29a5243c4200fa, cutoff<=2026-04-19T00:00:00+00:00",STRUCTURAL_RECONCILIATION_ONLY
oe_structural:2026:2026-04-25:7a494ac606b6,oe:team:b360f1d729b0a8e0f29a5243c4200fa,oe:team:fc8e90107dabb9a35c490b0d86adea0,period:9ad9f360f988761d91c1,2026.0,Spring,regular,2026-04-25,BO1,2026-04-18T20:07:45+00:00,HIGH_CONFIDENCE_STRUCTURAL,"season=2026, team=oe:team:b360f1d729b0a8e0f29a5243c4200fa, cutoff<=2026-04-25T00:00:00+00:00",STRUCTURAL_RECONCILIATION_ONLY
oe_structural:2026:2026-04-19:dfdb4e53b65b,oe:team:da1143bf9a245b78a8dc86417de85b3,oe:team:b360f1d729b0a8e0f29a5243c4200fa,period:9ad9f360f988761d91c1,2026.0,Spring,regular,2026-04-19,BO1,2026-04-18T20:07:45+00:00,HIGH_CONFIDENCE_STRUCTURAL,"season=2026, team=oe:team:da1143bf9a245b78a8dc86417de85b3, cutoff<=2026-04-19T00:00:00+00:00",STRUCTURAL_RECONCILIATION_ONLY
oe_structural:2026:2026-04-25:7a494ac606b6,oe:team:fc8e90107dabb9a35c490b0d86adea0,oe:team:b360f1d729b0a8e0f29a5243c4200fa,period:9ad9f360f988761d91c1,2026.0,Spring,regular,2026-04-25,BO1,2026-04-18T20:07:45+00:00,HIGH_CONFIDENCE_STRUCTURAL,"season=2026, team=oe:team:fc8e90107dabb9a35c490b0d86adea0, cutoff<=2026-04-25T00:00:00+00:00",STRUCTURAL_RECONCILIATION_ONLY
oe_structural:2021:2021-01-30:aafb3a26079a,oe:team:4bd1751425ef6a9bc9d4d8e9385b4a6,oe:team:fc8e90107dabb9a35c490b0d86adea0,period:9b9f3f2ec839feb3a947,2021.0,Spring,playoffs,2021-01-30,BO5,2021-01-29T22:28:31+00:00,HIGH_CONFIDENCE_STRUCTURAL,"season=2021, team=oe:team:4bd1751425ef6a9bc9d4d8e9385b4a6, cutoff<=2021-01-30T00:00:00+00:00",STRUCTURAL_RECONCILIATION_ONLY
oe_structural:2021:2021-01-30:16e0fdf4c29a,oe:team:8eb884e168f28402ce685bedebb5250,oe:team:f7f7324c151aa6ed770b244ce08e027,period:9b9f3f2ec839feb3a947,2021.0,Spring,playoffs,2021-01-30,BO5,2021-01-29T22:28:31+00:00,HIGH_CONFIDENCE_STRUCTURAL,"season=2021, team=oe:team:8eb884e168f28402ce685bedebb5250, cutoff<=2021-01-30T00:00:00+00:00",STRUCTURAL_RECONCILIATION_ONLY
oe_structural:2021:2021-01-31:593efba21437,oe:team:8eb884e168f28402ce685bedebb5250,oe:team:fc8e90107dabb9a35c490b0d86adea0,period:9b9f3f2ec839feb3a947,2021.0,Spring,playoffs,2021-01-31,BO5,2021-01-29T22:28:31+00:00,HIGH_CONFIDENCE_STRUCTURAL,"season=2021, team=oe:team:8eb884e168f28402ce685bedebb5250, cutoff<=2021-01-31T00:00:00+00:00",STRUCTURAL_RECONCILIATION_ONLY
oe_structural:2021:2021-02-01:1cd0a5fc8405,oe:team:8eb884e168f28402ce685bedebb5250,oe:team:fc8e90107dabb9a35c490b0d86adea0,period:9b9f3f2ec839feb3a947,2021.0,Spring,playoffs,2021-02-01,BO5,2021-01-29T22:28:31+00:00,HIGH_CONFIDENCE_STRUCTURAL,"season=2021, team=oe:team:8eb884e168f28402ce685bedebb5250, cutoff<=2021-02-01T00:00:00+00:00",STRUCTURAL_RECONCILIATION_ONLY
oe_structural:2021:2021-02-05:96472aacae89,oe:team:8eb884e168f28402ce685bedebb5250,oe:team:c334c629fea759876e9e04afbe4aee7,period:9b9f3f2ec839feb3a947,2021.0,Spring,regular,2021-02-05,BO1,2021-01-29T22:28:31+00:00,HIGH_CONFIDENCE_STRUCTURAL,"season=2021, team=oe:team:8eb884e168f28402ce685bedebb5250, cutoff<=2021-02-05T00:00:00+00:00",STRUCTURAL_RECONCILIATION_ONLY
oe_structural:2021:2021-01-30:16e0fdf4c29a,oe:team:f7f7324c151aa6ed770b244ce08e027,oe:team:8eb884e168f28402ce685bedebb5250,period:9b9f3f2ec839feb3a947,2021.0,Spring,playoffs,2021-01-30,BO5,2021-01-29T22:28:31+00:00,HIGH_CONFIDENCE_STRUCTURAL,"season=2021, team=oe:team:f7f7324c151aa6ed770b244ce08e027, cutoff<=2021-01-30T00:00:00+00:00",STRUCTURAL_RECONCILIATION_ONLY
oe_structural:2021:2021-01-30:aafb3a26079a,oe:team:fc8e90107dabb9a35c490b0d86adea0,oe:team:4bd1751425ef6a9bc9d4d8e9385b4a6,period:9b9f3f2ec839feb3a947,2021.0,Spring,playoffs,2021-01-30,BO5,2021-01-29T22:28:31+00:00,HIGH_CONFIDENCE_STRUCTURAL,"season=2021, team=oe:team:fc8e90107dabb9a35c490b0d86adea0, cutoff<=2021-01-30T00:00:00+00:00",STRUCTURAL_RECONCILIATION_ONLY
oe_structural:2021:2021-01-31:593efba21437,oe:team:fc8e90107dabb9a35c490b0d86adea0,oe:team:8eb884e168f28402ce685bedebb5250,period:9b9f3f2ec839feb3a947,2021.0,Spring,playoffs,2021-01-31,BO5,2021-01-29T22:28:31+00:00,HIGH_CONFIDENCE_STRUCTURAL,"season=2021, team=oe:team:fc8e90107dabb9a35c490b0d86adea0, cutoff<=2021-01-31T00:00:00+00:00",STRUCTURAL_RECONCILIATION_ONLY
oe_structural:2021:2021-02-01:1cd0a5fc8405,oe:team:fc8e90107dabb9a35c490b0d86adea0,oe:team:8eb884e168f28402ce685bedebb5250,period:9b9f3f2ec839feb3a947,2021.0,Spring,playoffs,2021-02-01,BO5,2021-01-29T22:28:31+00:00,HIGH_CONFIDENCE_STRUCTURAL,"season=2021, team=oe:team:fc8e90107dabb9a35c490b0d86adea0, cutoff<=2021-02-01T00:00:00+00:00",STRUCTURAL_RECONCILIATION_ONLY
oe_structural:2026:2026-02-20:c66ab44e68cc,oe:team:8eb884e168f28402ce685bedebb5250,oe:team:289284911fb6f41c0ccaecc3a0c2891,period:9c6a0a6efb8480316e54,2026.0,Lock-In,regular,2026-02-20,BO1,2026-02-09T00:51:15+00:00,HIGH_CONFIDENCE_STRUCTURAL,"season=2026, team=oe:team:8eb884e168f28402ce685bedebb5250, cutoff<=2026-02-20T00:00:00+00:00",STRUCTURAL_RECONCILIATION_ONLY
oe_structural:2020:2020-08-09:2dd1f9d2dc73,oe:team:0dbb780176ecad18f17292d1f5653af,oe:team:cbfaf0ca2181f0903d2fcceb6c28f3b,period:9cfbd3e5ecdd20626eed,2020.0,Summer,regular,2020-08-09,BO1,2020-08-08T00:43:41+00:00,HIGH_CONFIDENCE_STRUCTURAL,"season=2020, team=oe:team:0dbb780176ecad18f17292d1f5653af, cutoff<=2020-08-09T00:00:00+00:00",STRUCTURAL_RECONCILIATION_ONLY
oe_structural:2020:2020-08-09:7888856009b3,oe:team:2e66da41dc460dd378e3bcc57042d31,oe:team:c334c629fea759876e9e04afbe4aee7,period:9cfbd3e5ecdd20626eed,2020.0,Summer,regular,2020-08-09,BO1,2020-08-08T00:43:41+00:00,HIGH_CONFIDENCE_STRUCTURAL,"season=2020, team=oe:team:2e66da41dc460dd378e3bcc57042d31, cutoff<=2020-08-09T00:00:00+00:00",STRUCTURAL_RECONCILIATION_ONLY
oe_structural:2020:2020-08-09:7ecab2325fa4,oe:team:4bd1751425ef6a9bc9d4d8e9385b4a6,oe:team:f7f7324c151aa6ed770b244ce08e027,period:9cfbd3e5ecdd20626eed,2020.0,Summer,regular,2020-08-09,BO1,2020-08-08T00:43:41+00:00,HIGH_CONFIDENCE_STRUCTURAL,"season=2020, team=oe:team:4bd1751425ef6a9bc9d4d8e9385b4a6, cutoff<=2020-08-09T00:00:00+00:00",STRUCTURAL_RECONCILIATION_ONLY
oe_structural:2020:2020-08-13:9c4e4592189c,oe:team:87ee02298073abc2d55060f097d4041,oe:team:a22510a4756fa424cb0771b13261139,period:9cfbd3e5ecdd20626eed,2020.0,Summer,playoffs,2020-08-13,BO5,2020-08-08T00:43:41+00:00,HIGH_CONFIDENCE_STRUCTURAL,"season=2020, team=oe:team:87ee02298073abc2d55060f097d4041, cutoff<=2020-08-13T00:00:00+00:00",STRUCTURAL_RECONCILIATION_ONLY
oe_structural:2020:2020-08-09:331c71fe0afb,oe:team:8eb884e168f28402ce685bedebb5250,oe:team:a22510a4756fa424cb0771b13261139,period:9cfbd3e5ecdd20626eed,2020.0,Summer,regular,2020-08-09,BO1,2020-08-08T00:43:41+00:00,HIGH_CONFIDENCE_STRUCTURAL,"season=2020, team=oe:team:8eb884e168f28402ce685bedebb5250, cutoff<=2020-08-09T00:00:00+00:00",STRUCTURAL_RECONCILIATION_ONLY
oe_structural:2020:2020-08-09:331c71fe0afb,oe:team:a22510a4756fa424cb0771b13261139,oe:team:8eb884e168f28402ce685bedebb5250,period:9cfbd3e5ecdd20626eed,2020.0,Summer,regular,2020-08-09,BO1,2020-08-08T00:43:41+00:00,HIGH_CONFIDENCE_STRUCTURAL,"season=2020, team=oe:team:a22510a4756fa424cb0771b13261139, cutoff<=2020-08-09T00:00:00+00:00",STRUCTURAL_RECONCILIATION_ONLY
oe_structural:2020:2020-08-13:9c4e4592189c,oe:team:a22510a4756fa424cb0771b13261139,oe:team:87ee02298073abc2d55060f097d4041,period:9cfbd3e5ecdd20626eed,2020.0,Summer,playoffs,2020-08-13,BO5,2020-08-08T00:43:41+00:00,HIGH_CONFIDENCE_STRUCTURAL,"season=2020, team=oe:team:a22510a4756fa424cb0771b13261139, cutoff<=2020-08-13T00:00:00+00:00",STRUCTURAL_RECONCILIATION_ONLY
oe_structural:2020:2020-08-09:7888856009b3,oe:team:c334c629fea759876e9e04afbe4aee7,oe:team:2e66da41dc460dd378e3bcc57042d31,period:9cfbd3e5ecdd20626eed,2020.0,Summer,regular,2020-08-09,BO1,2020-08-08T00:43:41+00:00,HIGH_CONFIDENCE_STRUCTURAL,"season=2020, team=oe:team:c334c629fea759876e9e04afbe4aee7, cutoff<=2020-08-09T00:00:00+00:00",STRUCTURAL_RECONCILIATION_ONLY
oe_structural:2020:2020-08-09:2dd1f9d2dc73,oe:team:cbfaf0ca2181f0903d2fcceb6c28f3b,oe:team:0dbb780176ecad18f17292d1f5653af,period:9cfbd3e5ecdd20626eed,2020.0,Summer,regular,2020-08-09,BO1,2020-08-08T00:43:41+00:00,HIGH_CONFIDENCE_STRUCTURAL,"season=2020, team=oe:team:cbfaf0ca2181f0903d2fcceb6c28f3b, cutoff<=2020-08-09T00:00:00+00:00",STRUCTURAL_RECONCILIATION_ONLY
oe_structural:2020:2020-08-09:b7595b7e4522,oe:team:cbfaf0ca2181f0903d2fcceb6c28f3b,oe:team:fc8e90107dabb9a35c490b0d86adea0,period:9cfbd3e5ecdd20626eed,2020.0,Summer,regular,2020-08-09,BO1,2020-08-08T00:43:41+00:00,HIGH_CONFIDENCE_STRUCTURAL,"season=2020, team=oe:team:cbfaf0ca2181f0903d2fcceb6c28f3b, cutoff<=2020-08-09T00:00:00+00:00",STRUCTURAL_RECONCILIATION_ONLY
oe_structural:2020:2020-08-09:7ecab2325fa4,oe:team:f7f7324c151aa6ed770b244ce08e027,oe:team:4bd1751425ef6a9bc9d4d8e9385b4a6,period:9cfbd3e5ecdd20626eed,2020.0,Summer,regular,2020-08-09,BO1,2020-08-08T00:43:41+00:00,HIGH_CONFIDENCE_STRUCTURAL,"season=2020, team=oe:team:f7f7324c151aa6ed770b244ce08e027, cutoff<=2020-08-09T00:00:00+00:00",STRUCTURAL_RECONCILIATION_ONLY
oe_structural:2020:2020-08-09:b7595b7e4522,oe:team:fc8e90107dabb9a35c490b0d86adea0,oe:team:cbfaf0ca2181f0903d2fcceb6c28f3b,period:9cfbd3e5ecdd20626eed,2020.0,Summer,regular,2020-08-09,BO1,2020-08-08T00:43:41+00:00,HIGH_CONFIDENCE_STRUCTURAL,"season=2020, team=oe:team:fc8e90107dabb9a35c490b0d86adea0, cutoff<=2020-08-09T00:00:00+00:00",STRUCTURAL_RECONCILIATION_ONLY
oe_structural:2020:2020-08-20:642930f34142,oe:team:fc8e90107dabb9a35c490b0d86adea0,oe:team:2e66da41dc460dd378e3bcc57042d31,period:9cfbd3e5ecdd20626eed,2020.0,Summer,playoffs,2020-08-20,BO5,2020-08-08T00:43:41+00:00,HIGH_CONFIDENCE_STRUCTURAL,"season=2020, team=oe:team:fc8e90107dabb9a35c490b0d86adea0, cutoff<=2020-08-20T00:00:00+00:00",STRUCTURAL_RECONCILIATION_ONLY
oe_structural:2024:2024-03-09:62c24ed6e07f,oe:team:0dbb780176ecad18f17292d1f5653af,oe:team:8eb884e168f28402ce685bedebb5250,period:a0f9da327c11cf3cc717,2024.0,Spring,regular,2024-03-09,BO1,2024-03-08T21:07:46+00:00,HIGH_CONFIDENCE_STRUCTURAL,"season=2024, team=oe:team:0dbb780176ecad18f17292d1f5653af, cutoff<=2024-03-09T00:00:00+00:00",STRUCTURAL_RECONCILIATION_ONLY
oe_structural:2024:2024-03-10:7b2a86fc2425,oe:team:0dbb780176ecad18f17292d1f5653af,oe:team:2e66da41dc460dd378e3bcc57042d31,period:a0f9da327c11cf3cc717,2024.0,Spring,regular,2024-03-10,BO1,2024-03-08T21:07:46+00:00,HIGH_CONFIDENCE_STRUCTURAL,"season=2024, team=oe:team:0dbb780176ecad18f17292d1f5653af, cutoff<=2024-03-10T00:00:00+00:00",STRUCTURAL_RECONCILIATION_ONLY
oe_structural:2024:2024-03-10:ea76e6709f55,oe:team:0dbb780176ecad18f17292d1f5653af,oe:team:e758ebe9a5a2cc81b9c8078479c2d87,period:a0f9da327c11cf3cc717,2024.0,Spring,regular,2024-03-10,BO1,2024-03-08T21:07:46+00:00,HIGH_CONFIDENCE_STRUCTURAL,"season=2024, team=oe:team:0dbb780176ecad18f17292d1f5653af, cutoff<=2024-03-10T00:00:00+00:00",STRUCTURAL_RECONCILIATION_ONLY
oe_structural:2024:2024-03-09:d7a9ca954158,oe:team:2e66da41dc460dd378e3bcc57042d31,oe:team:e758ebe9a5a2cc81b9c8078479c2d87,period:a0f9da327c11cf3cc717,2024.0,Spring,regular,2024-03-09,BO1,2024-03-08T21:07:46+00:00,HIGH_CONFIDENCE_STRUCTURAL,"season=2024, team=oe:team:2e66da41dc460dd378e3bcc57042d31, cutoff<=2024-03-09T00:00:00+00:00",STRUCTURAL_RECONCILIATION_ONLY
oe_structural:2024:2024-03-10:7b2a86fc2425,oe:team:2e66da41dc460dd378e3bcc57042d31,oe:team:0dbb780176ecad18f17292d1f5653af,period:a0f9da327c11cf3cc717,2024.0,Spring,regular,2024-03-10,BO1,2024-03-08T21:07:46+00:00,HIGH_CONFIDENCE_STRUCTURAL,"season=2024, team=oe:team:2e66da41dc460dd378e3bcc57042d31, cutoff<=2024-03-10T00:00:00+00:00",STRUCTURAL_RECONCILIATION_ONLY
oe_structural:2024:2024-03-09:3f7fe1632c26,oe:team:4bd1751425ef6a9bc9d4d8e9385b4a6,oe:team:b360f1d729b0a8e0f29a5243c4200fa,period:a0f9da327c11cf3cc717,2024.0,Spring,regular,2024-03-09,BO1,2024-03-08T21:07:46+00:00,HIGH_CONFIDENCE_STRUCTURAL,"season=2024, team=oe:team:4bd1751425ef6a9bc9d4d8e9385b4a6, cutoff<=2024-03-09T00:00:00+00:00",STRUCTURAL_RECONCILIATION_ONLY
oe_structural:2024:2024-03-10:e4688c2ea3dd,oe:team:4bd1751425ef6a9bc9d4d8e9385b4a6,oe:team:e758ebe9a5a2cc81b9c8078479c2d87,period:a0f9da327c11cf3cc717,2024.0,Spring,regular,2024-03-10,BO1,2024-03-08T21:07:46+00:00,HIGH_CONFIDENCE_STRUCTURAL,"season=2024, team=oe:team:4bd1751425ef6a9bc9d4d8e9385b4a6, cutoff<=2024-03-10T00:00:00+00:00",STRUCTURAL_RECONCILIATION_ONLY
oe_structural:2024:2024-03-14:b05592642c41,oe:team:4bd1751425ef6a9bc9d4d8e9385b4a6,oe:team:fc8e90107dabb9a35c490b0d86adea0,period:a0f9da327c11cf3cc717,2024.0,Spring,playoffs,2024-03-14,BO5,2024-03-08T21:07:46+00:00,HIGH_CONFIDENCE_STRUCTURAL,"season=2024, team=oe:team:4bd1751425ef6a9bc9d4d8e9385b4a6, cutoff<=2024-03-14T00:00:00+00:00",STRUCTURAL_RECONCILIATION_ONLY
oe_structural:2024:2024-03-09:62c24ed6e07f,oe:team:8eb884e168f28402ce685bedebb5250,oe:team:0dbb780176ecad18f17292d1f5653af,period:a0f9da327c11cf3cc717,2024.0,Spring,regular,2024-03-09,BO1,2024-03-08T21:07:46+00:00,HIGH_CONFIDENCE_STRUCTURAL,"season=2024, team=oe:team:8eb884e168f28402ce685bedebb5250, cutoff<=2024-03-09T00:00:00+00:00",STRUCTURAL_RECONCILIATION_ONLY
oe_structural:2024:2024-03-10:8b8e090ee544,oe:team:8eb884e168f28402ce685bedebb5250,oe:team:c334c629fea759876e9e04afbe4aee7,period:a0f9da327c11cf3cc717,2024.0,Spring,regular,2024-03-10,BO1,2024-03-08T21:07:46+00:00,HIGH_CONFIDENCE_STRUCTURAL,"season=2024, team=oe:team:8eb884e168f28402ce685bedebb5250, cutoff<=2024-03-10T00:00:00+00:00",STRUCTURAL_RECONCILIATION_ONLY
oe_structural:2024:2024-03-09:3f7fe1632c26,oe:team:b360f1d729b0a8e0f29a5243c4200fa,oe:team:4bd1751425ef6a9bc9d4d8e9385b4a6,period:a0f9da327c11cf3cc717,2024.0,Spring,regular,2024-03-09,BO1,2024-03-08T21:07:46+00:00,HIGH_CONFIDENCE_STRUCTURAL,"season=2024, team=oe:team:b360f1d729b0a8e0f29a5243c4200fa, cutoff<=2024-03-09T00:00:00+00:00",STRUCTURAL_RECONCILIATION_ONLY
oe_structural:2024:2024-03-10:af34000dd30f,oe:team:b360f1d729b0a8e0f29a5243c4200fa,oe:team:fc8e90107dabb9a35c490b0d86adea0,period:a0f9da327c11cf3cc717,2024.0,Spring,regular,2024-03-10,BO1,2024-03-08T21:07:46+00:00,HIGH_CONFIDENCE_STRUCTURAL,"season=2024, team=oe:team:b360f1d729b0a8e0f29a5243c4200fa, cutoff<=2024-03-10T00:00:00+00:00",STRUCTURAL_RECONCILIATION_ONLY
oe_structural:2024:2024-03-09:833bc83ba149,oe:team:c334c629fea759876e9e04afbe4aee7,oe:team:fc8e90107dabb9a35c490b0d86adea0,period:a0f9da327c11cf3cc717,2024.0,Spring,regular,2024-03-09,BO1,2024-03-08T21:07:46+00:00,HIGH_CONFIDENCE_STRUCTURAL,"season=2024, team=oe:team:c334c629fea759876e9e04afbe4aee7, cutoff<=2024-03-09T00:00:00+00:00",STRUCTURAL_RECONCILIATION_ONLY
oe_structural:2024:2024-03-10:8b8e090ee544,oe:team:c334c629fea759876e9e04afbe4aee7,oe:team:8eb884e168f28402ce685bedebb5250,period:a0f9da327c11cf3cc717,2024.0,Spring,regular,2024-03-10,BO1,2024-03-08T21:07:46+00:00,HIGH_CONFIDENCE_STRUCTURAL,"season=2024, team=oe:team:c334c629fea759876e9e04afbe4aee7, cutoff<=2024-03-10T00:00:00+00:00",STRUCTURAL_RECONCILIATION_ONLY
oe_structural:2024:2024-03-09:d7a9ca954158,oe:team:e758ebe9a5a2cc81b9c8078479c2d87,oe:team:2e66da41dc460dd378e3bcc57042d31,period:a0f9da327c11cf3cc717,2024.0,Spring,regular,2024-03-09,BO1,2024-03-08T21:07:46+00:00,HIGH_CONFIDENCE_STRUCTURAL,"season=2024, team=oe:team:e758ebe9a5a2cc81b9c8078479c2d87, cutoff<=2024-03-09T00:00:00+00:00",STRUCTURAL_RECONCILIATION_ONLY
oe_structural:2024:2024-03-10:e4688c2ea3dd,oe:team:e758ebe9a5a2cc81b9c8078479c2d87,oe:team:4bd1751425ef6a9bc9d4d8e9385b4a6,period:a0f9da327c11cf3cc717,2024.0,Spring,regular,2024-03-10,BO1,2024-03-08T21:07:46+00:00,HIGH_CONFIDENCE_STRUCTURAL,"season=2024, team=oe:team:e758ebe9a5a2cc81b9c8078479c2d87, cutoff<=2024-03-10T00:00:00+00:00",STRUCTURAL_RECONCILIATION_ONLY
oe_structural:2024:2024-03-10:ea76e6709f55,oe:team:e758ebe9a5a2cc81b9c8078479c2d87,oe:team:0dbb780176ecad18f17292d1f5653af,period:a0f9da327c11cf3cc717,2024.0,Spring,regular,2024-03-10,BO1,2024-03-08T21:07:46+00:00,HIGH_CONFIDENCE_STRUCTURAL,"season=2024, team=oe:team:e758ebe9a5a2cc81b9c8078479c2d87, cutoff<=2024-03-10T00:00:00+00:00",STRUCTURAL_RECONCILIATION_ONLY
oe_structural:2024:2024-03-09:833bc83ba149,oe:team:fc8e90107dabb9a35c490b0d86adea0,oe:team:c334c629fea759876e9e04afbe4aee7,period:a0f9da327c11cf3cc717,2024.0,Spring,regular,2024-03-09,BO1,2024-03-08T21:07:46+00:00,HIGH_CONFIDENCE_STRUCTURAL,"season=2024, team=oe:team:fc8e90107dabb9a35c490b0d86adea0, cutoff<=2024-03-09T00:00:00+00:00",STRUCTURAL_RECONCILIATION_ONLY
oe_structural:2024:2024-03-10:af34000dd30f,oe:team:fc8e90107dabb9a35c490b0d86adea0,oe:team:b360f1d729b0a8e0f29a5243c4200fa,period:a0f9da327c11cf3cc717,2024.0,Spring,regular,2024-03-10,BO1,2024-03-08T21:07:46+00:00,HIGH_CONFIDENCE_STRUCTURAL,"season=2024, team=oe:team:fc8e90107dabb9a35c490b0d86adea0, cutoff<=2024-03-10T00:00:00+00:00",STRUCTURAL_RECONCILIATION_ONLY
oe_structural:2024:2024-03-14:b05592642c41,oe:team:fc8e90107dabb9a35c490b0d86adea0,oe:team:4bd1751425ef6a9bc9d4d8e9385b4a6,period:a0f9da327c11cf3cc717,2024.0,Spring,playoffs,2024-03-14,BO5,2024-03-08T21:07:46+00:00,HIGH_CONFIDENCE_STRUCTURAL,"season=2024, team=oe:team:fc8e90107dabb9a35c490b0d86adea0, cutoff<=2024-03-14T00:00:00+00:00",STRUCTURAL_RECONCILIATION_ONLY
oe_structural:2022:2022-07-17:dbaa42dc9380,oe:team:0dbb780176ecad18f17292d1f5653af,oe:team:87ee02298073abc2d55060f097d4041,period:a1385753e89a22ad7415,2022.0,Summer,regular,2022-07-17,BO1,2022-07-16T20:31:00+00:00,HIGH_CONFIDENCE_STRUCTURAL,"season=2022, team=oe:team:0dbb780176ecad18f17292d1f5653af, cutoff<=2022-07-17T00:00:00+00:00",STRUCTURAL_RECONCILIATION_ONLY
oe_structural:2022:2022-07-23:8435d54aa3f9,oe:team:0dbb780176ecad18f17292d1f5653af,oe:team:fc8e90107dabb9a35c490b0d86adea0,period:a1385753e89a22ad7415,2022.0,Summer,regular,2022-07-23,BO1,2022-07-16T20:31:00+00:00,HIGH_CONFIDENCE_STRUCTURAL,"season=2022, team=oe:team:0dbb780176ecad18f17292d1f5653af, cutoff<=2022-07-23T00:00:00+00:00",STRUCTURAL_RECONCILIATION_ONLY
oe_structural:2022:2022-07-17:b309c48813f1,oe:team:2e66da41dc460dd378e3bcc57042d31,oe:team:a22510a4756fa424cb0771b13261139,period:a1385753e89a22ad7415,2022.0,Summer,regular,2022-07-17,BO1,2022-07-16T20:31:00+00:00,HIGH_CONFIDENCE_STRUCTURAL,"season=2022, team=oe:team:2e66da41dc460dd378e3bcc57042d31, cutoff<=2022-07-17T00:00:00+00:00",STRUCTURAL_RECONCILIATION_ONLY
oe_structural:2022:2022-07-17:5a4d01054256,oe:team:4bd1751425ef6a9bc9d4d8e9385b4a6,oe:team:cbfaf0ca2181f0903d2fcceb6c28f3b,period:a1385753e89a22ad7415,2022.0,Summer,regular,2022-07-17,BO1,2022-07-16T20:31:00+00:00,HIGH_CONFIDENCE_STRUCTURAL,"season=2022, team=oe:team:4bd1751425ef6a9bc9d4d8e9385b4a6, cutoff<=2022-07-17T00:00:00+00:00",STRUCTURAL_RECONCILIATION_ONLY
oe_structural:2022:2022-07-23:83f9e0828be9,oe:team:4bd1751425ef6a9bc9d4d8e9385b4a6,oe:team:a22510a4756fa424cb0771b13261139,period:a1385753e89a22ad7415,2022.0,Summer,regular,2022-07-23,BO1,2022-07-16T20:31:00+00:00,HIGH_CONFIDENCE_STRUCTURAL,"season=2022, team=oe:team:4bd1751425ef6a9bc9d4d8e9385b4a6, cutoff<=2022-07-23T00:00:00+00:00",STRUCTURAL_RECONCILIATION_ONLY
oe_structural:2022:2022-07-17:834258b2dc19,oe:team:87ee02298073abc2d55060f097d4041,oe:team:8eb884e168f28402ce685bedebb5250,period:a1385753e89a22ad7415,2022.0,Summer,regular,2022-07-17,BO1,2022-07-16T20:31:00+00:00,HIGH_CONFIDENCE_STRUCTURAL,"season=2022, team=oe:team:87ee02298073abc2d55060f097d4041, cutoff<=2022-07-17T00:00:00+00:00",STRUCTURAL_RECONCILIATION_ONLY
oe_structural:2022:2022-07-17:dbaa42dc9380,oe:team:87ee02298073abc2d55060f097d4041,oe:team:0dbb780176ecad18f17292d1f5653af,period:a1385753e89a22ad7415,2022.0,Summer,regular,2022-07-17,BO1,2022-07-16T20:31:00+00:00,HIGH_CONFIDENCE_STRUCTURAL,"season=2022, team=oe:team:87ee02298073abc2d55060f097d4041, cutoff<=2022-07-17T00:00:00+00:00",STRUCTURAL_RECONCILIATION_ONLY
oe_structural:2022:2022-07-17:834258b2dc19,oe:team:8eb884e168f28402ce685bedebb5250,oe:team:87ee02298073abc2d55060f097d4041,period:a1385753e89a22ad7415,2022.0,Summer,regular,2022-07-17,BO1,2022-07-16T20:31:00+00:00,HIGH_CONFIDENCE_STRUCTURAL,"season=2022, team=oe:team:8eb884e168f28402ce685bedebb5250, cutoff<=2022-07-17T00:00:00+00:00",STRUCTURAL_RECONCILIATION_ONLY
oe_structural:2022:2022-07-17:d3fb648da894,oe:team:8eb884e168f28402ce685bedebb5250,oe:team:f7f7324c151aa6ed770b244ce08e027,period:a1385753e89a22ad7415,2022.0,Summer,regular,2022-07-17,BO1,2022-07-16T20:31:00+00:00,HIGH_CONFIDENCE_STRUCTURAL,"season=2022, team=oe:team:8eb884e168f28402ce685bedebb5250, cutoff<=2022-07-17T00:00:00+00:00",STRUCTURAL_RECONCILIATION_ONLY
oe_structural:2022:2022-07-23:d6389f428239,oe:team:8eb884e168f28402ce685bedebb5250,oe:team:c334c629fea759876e9e04afbe4aee7,period:a1385753e89a22ad7415,2022.0,Summer,regular,2022-07-23,BO1,2022-07-16T20:31:00+00:00,HIGH_CONFIDENCE_STRUCTURAL,"season=2022, team=oe:team:8eb884e168f28402ce685bedebb5250, cutoff<=2022-07-23T00:00:00+00:00",STRUCTURAL_RECONCILIATION_ONLY
oe_structural:2022:2022-07-17:b309c48813f1,oe:team:a22510a4756fa424cb0771b13261139,oe:team:2e66da41dc460dd378e3bcc57042d31,period:a1385753e89a22ad7415,2022.0,Summer,regular,2022-07-17,BO1,2022-07-16T20:31:00+00:00,HIGH_CONFIDENCE_STRUCTURAL,"season=2022, team=oe:team:a22510a4756fa424cb0771b13261139, cutoff<=2022-07-17T00:00:00+00:00",STRUCTURAL_RECONCILIATION_ONLY
oe_structural:2022:2022-07-23:83f9e0828be9,oe:team:a22510a4756fa424cb0771b13261139,oe:team:4bd1751425ef6a9bc9d4d8e9385b4a6,period:a1385753e89a22ad7415,2022.0,Summer,regular,2022-07-23,BO1,2022-07-16T20:31:00+00:00,HIGH_CONFIDENCE_STRUCTURAL,"season=2022, team=oe:team:a22510a4756fa424cb0771b13261139, cutoff<=2022-07-23T00:00:00+00:00",STRUCTURAL_RECONCILIATION_ONLY
oe_structural:2022:2022-07-17:ca3b12d1d5b3,oe:team:c334c629fea759876e9e04afbe4aee7,oe:team:fc8e90107dabb9a35c490b0d86adea0,period:a1385753e89a22ad7415,2022.0,Summer,regular,2022-07-17,BO1,2022-07-16T20:31:00+00:00,HIGH_CONFIDENCE_STRUCTURAL,"season=2022, team=oe:team:c334c629fea759876e9e04afbe4aee7, cutoff<=2022-07-17T00:00:00+00:00",STRUCTURAL_RECONCILIATION_ONLY
oe_structural:2022:2022-07-23:d6389f428239,oe:team:c334c629fea759876e9e04afbe4aee7,oe:team:8eb884e168f28402ce685bedebb5250,period:a1385753e89a22ad7415,2022.0,Summer,regular,2022-07-23,BO1,2022-07-16T20:31:00+00:00,HIGH_CONFIDENCE_STRUCTURAL,"season=2022, team=oe:team:c334c629fea759876e9e04afbe4aee7, cutoff<=2022-07-23T00:00:00+00:00",STRUCTURAL_RECONCILIATION_ONLY
oe_structural:2022:2022-07-17:5a4d01054256,oe:team:cbfaf0ca2181f0903d2fcceb6c28f3b,oe:team:4bd1751425ef6a9bc9d4d8e9385b4a6,period:a1385753e89a22ad7415,2022.0,Summer,regular,2022-07-17,BO1,2022-07-16T20:31:00+00:00,HIGH_CONFIDENCE_STRUCTURAL,"season=2022, team=oe:team:cbfaf0ca2181f0903d2fcceb6c28f3b, cutoff<=2022-07-17T00:00:00+00:00",STRUCTURAL_RECONCILIATION_ONLY
oe_structural:2022:2022-07-23:3191636fad40,oe:team:cbfaf0ca2181f0903d2fcceb6c28f3b,oe:team:f7f7324c151aa6ed770b244ce08e027,period:a1385753e89a22ad7415,2022.0,Summer,regular,2022-07-23,BO1,2022-07-16T20:31:00+00:00,HIGH_CONFIDENCE_STRUCTURAL,"season=2022, team=oe:team:cbfaf0ca2181f0903d2fcceb6c28f3b, cutoff<=2022-07-23T00:00:00+00:00",STRUCTURAL_RECONCILIATION_ONLY
oe_structural:2022:2022-07-17:d3fb648da894,oe:team:f7f7324c151aa6ed770b244ce08e027,oe:team:8eb884e168f28402ce685bedebb5250,period:a1385753e89a22ad7415,2022.0,Summer,regular,2022-07-17,BO1,2022-07-16T20:31:00+00:00,HIGH_CONFIDENCE_STRUCTURAL,"season=2022, team=oe:team:f7f7324c151aa6ed770b244ce08e027, cutoff<=2022-07-17T00:00:00+00:00",STRUCTURAL_RECONCILIATION_ONLY
oe_structural:2022:2022-07-23:3191636fad40,oe:team:f7f7324c151aa6ed770b244ce08e027,oe:team:cbfaf0ca2181f0903d2fcceb6c28f3b,period:a1385753e89a22ad7415,2022.0,Summer,regular,2022-07-23,BO1,2022-07-16T20:31:00+00:00,HIGH_CONFIDENCE_STRUCTURAL,"season=2022, team=oe:team:f7f7324c151aa6ed770b244ce08e027, cutoff<=2022-07-23T00:00:00+00:00",STRUCTURAL_RECONCILIATION_ONLY
oe_structural:2022:2022-07-17:ca3b12d1d5b3,oe:team:fc8e90107dabb9a35c490b0d86adea0,oe:team:c334c629fea759876e9e04afbe4aee7,period:a1385753e89a22ad7415,2022.0,Summer,regular,2022-07-17,BO1,2022-07-16T20:31:00+00:00,HIGH_CONFIDENCE_STRUCTURAL,"season=2022, team=oe:team:fc8e90107dabb9a35c490b0d86adea0, cutoff<=2022-07-17T00:00:00+00:00",STRUCTURAL_RECONCILIATION_ONLY
oe_structural:2022:2022-07-23:8435d54aa3f9,oe:team:fc8e90107dabb9a35c490b0d86adea0,oe:team:0dbb780176ecad18f17292d1f5653af,period:a1385753e89a22ad7415,2022.0,Summer,regular,2022-07-23,BO1,2022-07-16T20:31:00+00:00,HIGH_CONFIDENCE_STRUCTURAL,"season=2022, team=oe:team:fc8e90107dabb9a35c490b0d86adea0, cutoff<=2022-07-23T00:00:00+00:00",STRUCTURAL_RECONCILIATION_ONLY
oe_structural:2023:2023-08-11:5d2427e5a981,oe:team:0dbb780176ecad18f17292d1f5653af,oe:team:87ee02298073abc2d55060f097d4041,period:a7fd1e72d2ba831ccc8d,2023.0,Summer,playoffs,2023-08-11,BO5,2023-08-10T21:10:37+00:00,HIGH_CONFIDENCE_STRUCTURAL,"season=2023, team=oe:team:0dbb780176ecad18f17292d1f5653af, cutoff<=2023-08-11T00:00:00+00:00",STRUCTURAL_RECONCILIATION_ONLY
oe_structural:2023:2023-08-11:5d2427e5a981,oe:team:87ee02298073abc2d55060f097d4041,oe:team:0dbb780176ecad18f17292d1f5653af,period:a7fd1e72d2ba831ccc8d,2023.0,Summer,playoffs,2023-08-11,BO5,2023-08-10T21:10:37+00:00,HIGH_CONFIDENCE_STRUCTURAL,"season=2023, team=oe:team:87ee02298073abc2d55060f097d4041, cutoff<=2023-08-11T00:00:00+00:00",STRUCTURAL_RECONCILIATION_ONLY
oe_structural:2023:2023-08-13:d631e795d0a9,oe:team:87ee02298073abc2d55060f097d4041,oe:team:8eb884e168f28402ce685bedebb5250,period:a7fd1e72d2ba831ccc8d,2023.0,Summer,playoffs,2023-08-13,BO5,2023-08-10T21:10:37+00:00,HIGH_CONFIDENCE_STRUCTURAL,"season=2023, team=oe:team:87ee02298073abc2d55060f097d4041, cutoff<=2023-08-13T00:00:00+00:00",STRUCTURAL_RECONCILIATION_ONLY
oe_structural:2023:2023-08-14:1fa6487345b9,oe:team:87ee02298073abc2d55060f097d4041,oe:team:8eb884e168f28402ce685bedebb5250,period:a7fd1e72d2ba831ccc8d,2023.0,Summer,playoffs,2023-08-14,BO5,2023-08-10T21:10:37+00:00,HIGH_CONFIDENCE_STRUCTURAL,"season=2023, team=oe:team:87ee02298073abc2d55060f097d4041, cutoff<=2023-08-14T00:00:00+00:00",STRUCTURAL_RECONCILIATION_ONLY
oe_structural:2023:2023-08-13:d631e795d0a9,oe:team:8eb884e168f28402ce685bedebb5250,oe:team:87ee02298073abc2d55060f097d4041,period:a7fd1e72d2ba831ccc8d,2023.0,Summer,playoffs,2023-08-13,BO5,2023-08-10T21:10:37+00:00,HIGH_CONFIDENCE_STRUCTURAL,"season=2023, team=oe:team:8eb884e168f28402ce685bedebb5250, cutoff<=2023-08-13T00:00:00+00:00",STRUCTURAL_RECONCILIATION_ONLY
oe_structural:2023:2023-08-14:1fa6487345b9,oe:team:8eb884e168f28402ce685bedebb5250,oe:team:87ee02298073abc2d55060f097d4041,period:a7fd1e72d2ba831ccc8d,2023.0,Summer,playoffs,2023-08-14,BO5,2023-08-10T21:10:37+00:00,HIGH_CONFIDENCE_STRUCTURAL,"season=2023, team=oe:team:8eb884e168f28402ce685bedebb5250, cutoff<=2023-08-14T00:00:00+00:00",STRUCTURAL_RECONCILIATION_ONLY
oe_structural:2023:2023-08-19:810586cd264a,oe:team:8eb884e168f28402ce685bedebb5250,oe:team:e758ebe9a5a2cc81b9c8078479c2d87,period:a7fd1e72d2ba831ccc8d,2023.0,Summer,playoffs,2023-08-19,BO5,2023-08-10T21:10:37+00:00,HIGH_CONFIDENCE_STRUCTURAL,"season=2023, team=oe:team:8eb884e168f28402ce685bedebb5250, cutoff<=2023-08-19T00:00:00+00:00",STRUCTURAL_RECONCILIATION_ONLY
oe_structural:2023:2023-08-12:d055791fc449,oe:team:e758ebe9a5a2cc81b9c8078479c2d87,oe:team:fc8e90107dabb9a35c490b0d86adea0,period:a7fd1e72d2ba831ccc8d,2023.0,Summer,playoffs,2023-08-12,BO5,2023-08-10T21:10:37+00:00,HIGH_CONFIDENCE_STRUCTURAL,"season=2023, team=oe:team:e758ebe9a5a2cc81b9c8078479c2d87, cutoff<=2023-08-12T00:00:00+00:00",STRUCTURAL_RECONCILIATION_ONLY
oe_structural:2023:2023-08-19:810586cd264a,oe:team:e758ebe9a5a2cc81b9c8078479c2d87,oe:team:8eb884e168f28402ce685bedebb5250,period:a7fd1e72d2ba831ccc8d,2023.0,Summer,playoffs,2023-08-19,BO5,2023-08-10T21:10:37+00:00,HIGH_CONFIDENCE_STRUCTURAL,"season=2023, team=oe:team:e758ebe9a5a2cc81b9c8078479c2d87, cutoff<=2023-08-19T00:00:00+00:00",STRUCTURAL_RECONCILIATION_ONLY
oe_structural:2023:2023-08-12:d055791fc449,oe:team:fc8e90107dabb9a35c490b0d86adea0,oe:team:e758ebe9a5a2cc81b9c8078479c2d87,period:a7fd1e72d2ba831ccc8d,2023.0,Summer,playoffs,2023-08-12,BO5,2023-08-10T21:10:37+00:00,HIGH_CONFIDENCE_STRUCTURAL,"season=2023, team=oe:team:fc8e90107dabb9a35c490b0d86adea0, cutoff<=2023-08-12T00:00:00+00:00",STRUCTURAL_RECONCILIATION_ONLY
oe_structural:2021:2021-08-12:d7fc68d83fa8,oe:team:0dbb780176ecad18f17292d1f5653af,oe:team:c334c629fea759876e9e04afbe4aee7,period:a8f8fd7e2f96bbacb87c,2021.0,Summer,playoffs,2021-08-12,BO5,2021-08-07T20:23:28+00:00,HIGH_CONFIDENCE_STRUCTURAL,"season=2021, team=oe:team:0dbb780176ecad18f17292d1f5653af, cutoff<=2021-08-12T00:00:00+00:00",STRUCTURAL_RECONCILIATION_ONLY
oe_structural:2021:2021-08-08:3cb166e8eccb,oe:team:8eb884e168f28402ce685bedebb5250,oe:team:fc8e90107dabb9a35c490b0d86adea0,period:a8f8fd7e2f96bbacb87c,2021.0,Summer,playoffs,2021-08-08,BO5,2021-08-07T20:23:28+00:00,HIGH_CONFIDENCE_STRUCTURAL,"season=2021, team=oe:team:8eb884e168f28402ce685bedebb5250, cutoff<=2021-08-08T00:00:00+00:00",STRUCTURAL_RECONCILIATION_ONLY
oe_structural:2021:2021-08-08:3cb166e8eccb,oe:team:fc8e90107dabb9a35c490b0d86adea0,oe:team:8eb884e168f28402ce685bedebb5250,period:a8f8fd7e2f96bbacb87c,2021.0,Summer,playoffs,2021-08-08,BO5,2021-08-07T20:23:28+00:00,HIGH_CONFIDENCE_STRUCTURAL,"season=2021, team=oe:team:fc8e90107dabb9a35c490b0d86adea0, cutoff<=2021-08-08T00:00:00+00:00",STRUCTURAL_RECONCILIATION_ONLY
oe_structural:2022:2022-07-31:6ee18f39578f,oe:team:0dbb780176ecad18f17292d1f5653af,oe:team:cbfaf0ca2181f0903d2fcceb6c28f3b,period:ab4c55f2271a097a29e2,2022.0,Summer,regular,2022-07-31,BO1,2022-07-30T20:03:25+00:00,HIGH_CONFIDENCE_STRUCTURAL,"season=2022, team=oe:team:0dbb780176ecad18f17292d1f5653af, cutoff<=2022-07-31T00:00:00+00:00",STRUCTURAL_RECONCILIATION_ONLY
oe_structural:2022:2022-07-31:c4f03f74d030,oe:team:2e66da41dc460dd378e3bcc57042d31,oe:team:f7f7324c151aa6ed770b244ce08e027,period:ab4c55f2271a097a29e2,2022.0,Summer,regular,2022-07-31,BO1,2022-07-30T20:03:25+00:00,HIGH_CONFIDENCE_STRUCTURAL,"season=2022, team=oe:team:2e66da41dc460dd378e3bcc57042d31, cutoff<=2022-07-31T00:00:00+00:00",STRUCTURAL_RECONCILIATION_ONLY
oe_structural:2022:2022-08-06:41d380368c29,oe:team:2e66da41dc460dd378e3bcc57042d31,oe:team:8eb884e168f28402ce685bedebb5250,period:ab4c55f2271a097a29e2,2022.0,Summer,regular,2022-08-06,BO1,2022-07-30T20:03:25+00:00,HIGH_CONFIDENCE_STRUCTURAL,"season=2022, team=oe:team:2e66da41dc460dd378e3bcc57042d31, cutoff<=2022-08-06T00:00:00+00:00",STRUCTURAL_RECONCILIATION_ONLY
oe_structural:2022:2022-07-31:a3d80f791633,oe:team:4bd1751425ef6a9bc9d4d8e9385b4a6,oe:team:c334c629fea759876e9e04afbe4aee7,period:ab4c55f2271a097a29e2,2022.0,Summer,regular,2022-07-31,BO1,2022-07-30T20:03:25+00:00,HIGH_CONFIDENCE_STRUCTURAL,"season=2022, team=oe:team:4bd1751425ef6a9bc9d4d8e9385b4a6, cutoff<=2022-07-31T00:00:00+00:00",STRUCTURAL_RECONCILIATION_ONLY
oe_structural:2022:2022-08-06:942862f24a36,oe:team:4bd1751425ef6a9bc9d4d8e9385b4a6,oe:team:87ee02298073abc2d55060f097d4041,period:ab4c55f2271a097a29e2,2022.0,Summer,regular,2022-08-06,BO1,2022-07-30T20:03:25+00:00,HIGH_CONFIDENCE_STRUCTURAL,"season=2022, team=oe:team:4bd1751425ef6a9bc9d4d8e9385b4a6, cutoff<=2022-08-06T00:00:00+00:00",STRUCTURAL_RECONCILIATION_ONLY
oe_structural:2022:2022-07-31:bd04905192b0,oe:team:87ee02298073abc2d55060f097d4041,oe:team:a22510a4756fa424cb0771b13261139,period:ab4c55f2271a097a29e2,2022.0,Summer,regular,2022-07-31,BO1,2022-07-30T20:03:25+00:00,HIGH_CONFIDENCE_STRUCTURAL,"season=2022, team=oe:team:87ee02298073abc2d55060f097d4041, cutoff<=2022-07-31T00:00:00+00:00",STRUCTURAL_RECONCILIATION_ONLY
oe_structural:2022:2022-08-06:942862f24a36,oe:team:87ee02298073abc2d55060f097d4041,oe:team:4bd1751425ef6a9bc9d4d8e9385b4a6,period:ab4c55f2271a097a29e2,2022.0,Summer,regular,2022-08-06,BO1,2022-07-30T20:03:25+00:00,HIGH_CONFIDENCE_STRUCTURAL,"season=2022, team=oe:team:87ee02298073abc2d55060f097d4041, cutoff<=2022-08-06T00:00:00+00:00",STRUCTURAL_RECONCILIATION_ONLY
oe_structural:2022:2022-07-31:25567434c636,oe:team:8eb884e168f28402ce685bedebb5250,oe:team:fc8e90107dabb9a35c490b0d86adea0,period:ab4c55f2271a097a29e2,2022.0,Summer,regular,2022-07-31,BO1,2022-07-30T20:03:25+00:00,HIGH_CONFIDENCE_STRUCTURAL,"season=2022, team=oe:team:8eb884e168f28402ce685bedebb5250, cutoff<=2022-07-31T00:00:00+00:00",STRUCTURAL_RECONCILIATION_ONLY
oe_structural:2022:2022-08-06:41d380368c29,oe:team:8eb884e168f28402ce685bedebb5250,oe:team:2e66da41dc460dd378e3bcc57042d31,period:ab4c55f2271a097a29e2,2022.0,Summer,regular,2022-08-06,BO1,2022-07-30T20:03:25+00:00,HIGH_CONFIDENCE_STRUCTURAL,"season=2022, team=oe:team:8eb884e168f28402ce685bedebb5250, cutoff<=2022-08-06T00:00:00+00:00",STRUCTURAL_RECONCILIATION_ONLY
oe_structural:2022:2022-07-31:bd04905192b0,oe:team:a22510a4756fa424cb0771b13261139,oe:team:87ee02298073abc2d55060f097d4041,period:ab4c55f2271a097a29e2,2022.0,Summer,regular,2022-07-31,BO1,2022-07-30T20:03:25+00:00,HIGH_CONFIDENCE_STRUCTURAL,"season=2022, team=oe:team:a22510a4756fa424cb0771b13261139, cutoff<=2022-07-31T00:00:00+00:00",STRUCTURAL_RECONCILIATION_ONLY
oe_structural:2022:2022-08-06:40728680a95e,oe:team:a22510a4756fa424cb0771b13261139,oe:team:f7f7324c151aa6ed770b244ce08e027,period:ab4c55f2271a097a29e2,2022.0,Summer,regular,2022-08-06,BO1,2022-07-30T20:03:25+00:00,HIGH_CONFIDENCE_STRUCTURAL,"season=2022, team=oe:team:a22510a4756fa424cb0771b13261139, cutoff<=2022-08-06T00:00:00+00:00",STRUCTURAL_RECONCILIATION_ONLY
oe_structural:2022:2022-07-31:a3d80f791633,oe:team:c334c629fea759876e9e04afbe4aee7,oe:team:4bd1751425ef6a9bc9d4d8e9385b4a6,period:ab4c55f2271a097a29e2,2022.0,Summer,regular,2022-07-31,BO1,2022-07-30T20:03:25+00:00,HIGH_CONFIDENCE_STRUCTURAL,"season=2022, team=oe:team:c334c629fea759876e9e04afbe4aee7, cutoff<=2022-07-31T00:00:00+00:00",STRUCTURAL_RECONCILIATION_ONLY
oe_structural:2022:2022-07-31:f0116ff4e64e,oe:team:c334c629fea759876e9e04afbe4aee7,oe:team:f7f7324c151aa6ed770b244ce08e027,period:ab4c55f2271a097a29e2,2022.0,Summer,regular,2022-07-31,BO1,2022-07-30T20:03:25+00:00,HIGH_CONFIDENCE_STRUCTURAL,"season=2022, team=oe:team:c334c629fea759876e9e04afbe4aee7, cutoff<=2022-07-31T00:00:00+00:00",STRUCTURAL_RECONCILIATION_ONLY
oe_structural:2022:2022-07-31:6ee18f39578f,oe:team:cbfaf0ca2181f0903d2fcceb6c28f3b,oe:team:0dbb780176ecad18f17292d1f5653af,period:ab4c55f2271a097a29e2,2022.0,Summer,regular,2022-07-31,BO1,2022-07-30T20:03:25+00:00,HIGH_CONFIDENCE_STRUCTURAL,"season=2022, team=oe:team:cbfaf0ca2181f0903d2fcceb6c28f3b, cutoff<=2022-07-31T00:00:00+00:00",STRUCTURAL_RECONCILIATION_ONLY
oe_structural:2022:2022-08-06:1d0a093aa40a,oe:team:cbfaf0ca2181f0903d2fcceb6c28f3b,oe:team:fc8e90107dabb9a35c490b0d86adea0,period:ab4c55f2271a097a29e2,2022.0,Summer,regular,2022-08-06,BO1,2022-07-30T20:03:25+00:00,HIGH_CONFIDENCE_STRUCTURAL,"season=2022, team=oe:team:cbfaf0ca2181f0903d2fcceb6c28f3b, cutoff<=2022-08-06T00:00:00+00:00",STRUCTURAL_RECONCILIATION_ONLY
oe_structural:2022:2022-07-31:c4f03f74d030,oe:team:f7f7324c151aa6ed770b244ce08e027,oe:team:2e66da41dc460dd378e3bcc57042d31,period:ab4c55f2271a097a29e2,2022.0,Summer,regular,2022-07-31,BO1,2022-07-30T20:03:25+00:00,HIGH_CONFIDENCE_STRUCTURAL,"season=2022, team=oe:team:f7f7324c151aa6ed770b244ce08e027, cutoff<=2022-07-31T00:00:00+00:00",STRUCTURAL_RECONCILIATION_ONLY
oe_structural:2022:2022-07-31:f0116ff4e64e,oe:team:f7f7324c151aa6ed770b244ce08e027,oe:team:c334c629fea759876e9e04afbe4aee7,period:ab4c55f2271a097a29e2,2022.0,Summer,regular,2022-07-31,BO1,2022-07-30T20:03:25+00:00,HIGH_CONFIDENCE_STRUCTURAL,"season=2022, team=oe:team:f7f7324c151aa6ed770b244ce08e027, cutoff<=2022-07-31T00:00:00+00:00",STRUCTURAL_RECONCILIATION_ONLY
oe_structural:2022:2022-08-06:40728680a95e,oe:team:f7f7324c151aa6ed770b244ce08e027,oe:team:a22510a4756fa424cb0771b13261139,period:ab4c55f2271a097a29e2,2022.0,Summer,regular,2022-08-06,BO1,2022-07-30T20:03:25+00:00,HIGH_CONFIDENCE_STRUCTURAL,"season=2022, team=oe:team:f7f7324c151aa6ed770b244ce08e027, cutoff<=2022-08-06T00:00:00+00:00",STRUCTURAL_RECONCILIATION_ONLY
oe_structural:2022:2022-07-31:25567434c636,oe:team:fc8e90107dabb9a35c490b0d86adea0,oe:team:8eb884e168f28402ce685bedebb5250,period:ab4c55f2271a097a29e2,2022.0,Summer,regular,2022-07-31,BO1,2022-07-30T20:03:25+00:00,HIGH_CONFIDENCE_STRUCTURAL,"season=2022, team=oe:team:fc8e90107dabb9a35c490b0d86adea0, cutoff<=2022-07-31T00:00:00+00:00",STRUCTURAL_RECONCILIATION_ONLY
oe_structural:2022:2022-08-06:1d0a093aa40a,oe:team:fc8e90107dabb9a35c490b0d86adea0,oe:team:cbfaf0ca2181f0903d2fcceb6c28f3b,period:ab4c55f2271a097a29e2,2022.0,Summer,regular,2022-08-06,BO1,2022-07-30T20:03:25+00:00,HIGH_CONFIDENCE_STRUCTURAL,"season=2022, team=oe:team:fc8e90107dabb9a35c490b0d86adea0, cutoff<=2022-08-06T00:00:00+00:00",STRUCTURAL_RECONCILIATION_ONLY
oe_structural:2024:2024-01-28:10d4b3270b59,oe:team:0dbb780176ecad18f17292d1f5653af,oe:team:4bd1751425ef6a9bc9d4d8e9385b4a6,period:ab546300266e49331659,2024.0,Spring,regular,2024-01-28,BO1,2024-01-27T20:15:48+00:00,HIGH_CONFIDENCE_STRUCTURAL,"season=2024, team=oe:team:0dbb780176ecad18f17292d1f5653af, cutoff<=2024-01-28T00:00:00+00:00",STRUCTURAL_RECONCILIATION_ONLY
oe_structural:2024:2024-02-02:cfb70dd47fcc,oe:team:0dbb780176ecad18f17292d1f5653af,oe:team:b360f1d729b0a8e0f29a5243c4200fa,period:ab546300266e49331659,2024.0,Spring,regular,2024-02-02,BO1,2024-01-27T20:15:48+00:00,HIGH_CONFIDENCE_STRUCTURAL,"season=2024, team=oe:team:0dbb780176ecad18f17292d1f5653af, cutoff<=2024-02-02T00:00:00+00:00",STRUCTURAL_RECONCILIATION_ONLY
oe_structural:2024:2024-01-28:f5637509f794,oe:team:2e66da41dc460dd378e3bcc57042d31,oe:team:e758ebe9a5a2cc81b9c8078479c2d87,period:ab546300266e49331659,2024.0,Spring,regular,2024-01-28,BO1,2024-01-27T20:15:48+00:00,HIGH_CONFIDENCE_STRUCTURAL,"season=2024, team=oe:team:2e66da41dc460dd378e3bcc57042d31, cutoff<=2024-01-28T00:00:00+00:00",STRUCTURAL_RECONCILIATION_ONLY
oe_structural:2024:2024-02-02:8fe35d180cb7,oe:team:2e66da41dc460dd378e3bcc57042d31,oe:team:4bd1751425ef6a9bc9d4d8e9385b4a6,period:ab546300266e49331659,2024.0,Spring,regular,2024-02-02,BO1,2024-01-27T20:15:48+00:00,HIGH_CONFIDENCE_STRUCTURAL,"season=2024, team=oe:team:2e66da41dc460dd378e3bcc57042d31, cutoff<=2024-02-02T00:00:00+00:00",STRUCTURAL_RECONCILIATION_ONLY
oe_structural:2024:2024-01-28:10d4b3270b59,oe:team:4bd1751425ef6a9bc9d4d8e9385b4a6,oe:team:0dbb780176ecad18f17292d1f5653af,period:ab546300266e49331659,2024.0,Spring,regular,2024-01-28,BO1,2024-01-27T20:15:48+00:00,HIGH_CONFIDENCE_STRUCTURAL,"season=2024, team=oe:team:4bd1751425ef6a9bc9d4d8e9385b4a6, cutoff<=2024-01-28T00:00:00+00:00",STRUCTURAL_RECONCILIATION_ONLY
oe_structural:2024:2024-02-02:8fe35d180cb7,oe:team:4bd1751425ef6a9bc9d4d8e9385b4a6,oe:team:2e66da41dc460dd378e3bcc57042d31,period:ab546300266e49331659,2024.0,Spring,regular,2024-02-02,BO1,2024-01-27T20:15:48+00:00,HIGH_CONFIDENCE_STRUCTURAL,"season=2024, team=oe:team:4bd1751425ef6a9bc9d4d8e9385b4a6, cutoff<=2024-02-02T00:00:00+00:00",STRUCTURAL_RECONCILIATION_ONLY
oe_structural:2024:2024-01-28:d7685b25deb1,oe:team:8eb884e168f28402ce685bedebb5250,oe:team:c334c629fea759876e9e04afbe4aee7,period:ab546300266e49331659,2024.0,Spring,regular,2024-01-28,BO1,2024-01-27T20:15:48+00:00,HIGH_CONFIDENCE_STRUCTURAL,"season=2024, team=oe:team:8eb884e168f28402ce685bedebb5250, cutoff<=2024-01-28T00:00:00+00:00",STRUCTURAL_RECONCILIATION_ONLY
oe_structural:2024:2024-02-02:dc254a53942b,oe:team:8eb884e168f28402ce685bedebb5250,oe:team:e758ebe9a5a2cc81b9c8078479c2d87,period:ab546300266e49331659,2024.0,Spring,regular,2024-02-02,BO1,2024-01-27T20:15:48+00:00,HIGH_CONFIDENCE_STRUCTURAL,"season=2024, team=oe:team:8eb884e168f28402ce685bedebb5250, cutoff<=2024-02-02T00:00:00+00:00",STRUCTURAL_RECONCILIATION_ONLY
oe_structural:2024:2024-01-28:62c4c8748211,oe:team:b360f1d729b0a8e0f29a5243c4200fa,oe:team:fc8e90107dabb9a35c490b0d86adea0,period:ab546300266e49331659,2024.0,Spring,regular,2024-01-28,BO1,2024-01-27T20:15:48+00:00,HIGH_CONFIDENCE_STRUCTURAL,"season=2024, team=oe:team:b360f1d729b0a8e0f29a5243c4200fa, cutoff<=2024-01-28T00:00:00+00:00",STRUCTURAL_RECONCILIATION_ONLY
oe_structural:2024:2024-02-02:cfb70dd47fcc,oe:team:b360f1d729b0a8e0f29a5243c4200fa,oe:team:0dbb780176ecad18f17292d1f5653af,period:ab546300266e49331659,2024.0,Spring,regular,2024-02-02,BO1,2024-01-27T20:15:48+00:00,HIGH_CONFIDENCE_STRUCTURAL,"season=2024, team=oe:team:b360f1d729b0a8e0f29a5243c4200fa, cutoff<=2024-02-02T00:00:00+00:00",STRUCTURAL_RECONCILIATION_ONLY
oe_structural:2024:2024-01-28:d7685b25deb1,oe:team:c334c629fea759876e9e04afbe4aee7,oe:team:8eb884e168f28402ce685bedebb5250,period:ab546300266e49331659,2024.0,Spring,regular,2024-01-28,BO1,2024-01-27T20:15:48+00:00,HIGH_CONFIDENCE_STRUCTURAL,"season=2024, team=oe:team:c334c629fea759876e9e04afbe4aee7, cutoff<=2024-01-28T00:00:00+00:00",STRUCTURAL_RECONCILIATION_ONLY
oe_structural:2024:2024-02-02:4909f4b24833,oe:team:c334c629fea759876e9e04afbe4aee7,oe:team:fc8e90107dabb9a35c490b0d86adea0,period:ab546300266e49331659,2024.0,Spring,regular,2024-02-02,BO1,2024-01-27T20:15:48+00:00,HIGH_CONFIDENCE_STRUCTURAL,"season=2024, team=oe:team:c334c629fea759876e9e04afbe4aee7, cutoff<=2024-02-02T00:00:00+00:00",STRUCTURAL_RECONCILIATION_ONLY
oe_structural:2024:2024-01-28:f5637509f794,oe:team:e758ebe9a5a2cc81b9c8078479c2d87,oe:team:2e66da41dc460dd378e3bcc57042d31,period:ab546300266e49331659,2024.0,Spring,regular,2024-01-28,BO1,2024-01-27T20:15:48+00:00,HIGH_CONFIDENCE_STRUCTURAL,"season=2024, team=oe:team:e758ebe9a5a2cc81b9c8078479c2d87, cutoff<=2024-01-28T00:00:00+00:00",STRUCTURAL_RECONCILIATION_ONLY
oe_structural:2024:2024-02-02:dc254a53942b,oe:team:e758ebe9a5a2cc81b9c8078479c2d87,oe:team:8eb884e168f28402ce685bedebb5250,period:ab546300266e49331659,2024.0,Spring,regular,2024-02-02,BO1,2024-01-27T20:15:48+00:00,HIGH_CONFIDENCE_STRUCTURAL,"season=2024, team=oe:team:e758ebe9a5a2cc81b9c8078479c2d87, cutoff<=2024-02-02T00:00:00+00:00",STRUCTURAL_RECONCILIATION_ONLY
oe_structural:2024:2024-01-28:62c4c8748211,oe:team:fc8e90107dabb9a35c490b0d86adea0,oe:team:b360f1d729b0a8e0f29a5243c4200fa,period:ab546300266e49331659,2024.0,Spring,regular,2024-01-28,BO1,2024-01-27T20:15:48+00:00,HIGH_CONFIDENCE_STRUCTURAL,"season=2024, team=oe:team:fc8e90107dabb9a35c490b0d86adea0, cutoff<=2024-01-28T00:00:00+00:00",STRUCTURAL_RECONCILIATION_ONLY
oe_structural:2024:2024-02-02:4909f4b24833,oe:team:fc8e90107dabb9a35c490b0d86adea0,oe:team:c334c629fea759876e9e04afbe4aee7,period:ab546300266e49331659,2024.0,Spring,regular,2024-02-02,BO1,2024-01-27T20:15:48+00:00,HIGH_CONFIDENCE_STRUCTURAL,"season=2024, team=oe:team:fc8e90107dabb9a35c490b0d86adea0, cutoff<=2024-02-02T00:00:00+00:00",STRUCTURAL_RECONCILIATION_ONLY
oe_structural:2021:2021-07-31:1e135f5f9c30,oe:team:0dbb780176ecad18f17292d1f5653af,oe:team:fc8e90107dabb9a35c490b0d86adea0,period:afb91f11a5c9c66cc35b,2021.0,Summer,regular,2021-07-31,BO1,2021-07-30T21:12:55+00:00,HIGH_CONFIDENCE_STRUCTURAL,"season=2021, team=oe:team:0dbb780176ecad18f17292d1f5653af, cutoff<=2021-07-31T00:00:00+00:00",STRUCTURAL_RECONCILIATION_ONLY
oe_structural:2021:2021-07-31:417d048ce558,oe:team:0dbb780176ecad18f17292d1f5653af,oe:team:cbfaf0ca2181f0903d2fcceb6c28f3b,period:afb91f11a5c9c66cc35b,2021.0,Summer,regular,2021-07-31,BO1,2021-07-30T21:12:55+00:00,HIGH_CONFIDENCE_STRUCTURAL,"season=2021, team=oe:team:0dbb780176ecad18f17292d1f5653af, cutoff<=2021-07-31T00:00:00+00:00",STRUCTURAL_RECONCILIATION_ONLY
oe_structural:2021:2021-08-01:1b99dec3c526,oe:team:0dbb780176ecad18f17292d1f5653af,oe:team:a22510a4756fa424cb0771b13261139,period:afb91f11a5c9c66cc35b,2021.0,Summer,regular,2021-08-01,BO1,2021-07-30T21:12:55+00:00,HIGH_CONFIDENCE_STRUCTURAL,"season=2021, team=oe:team:0dbb780176ecad18f17292d1f5653af, cutoff<=2021-08-01T00:00:00+00:00",STRUCTURAL_RECONCILIATION_ONLY
oe_structural:2021:2021-08-07:039fc64e71ec,oe:team:0dbb780176ecad18f17292d1f5653af,oe:team:f7f7324c151aa6ed770b244ce08e027,period:afb91f11a5c9c66cc35b,2021.0,Summer,playoffs,2021-08-07,BO5,2021-07-30T21:12:55+00:00,HIGH_CONFIDENCE_STRUCTURAL,"season=2021, team=oe:team:0dbb780176ecad18f17292d1f5653af, cutoff<=2021-08-07T00:00:00+00:00",STRUCTURAL_RECONCILIATION_ONLY
oe_structural:2021:2021-07-31:053847409f46,oe:team:2e66da41dc460dd378e3bcc57042d31,oe:team:c334c629fea759876e9e04afbe4aee7,period:afb91f11a5c9c66cc35b,2021.0,Summer,regular,2021-07-31,BO1,2021-07-30T21:12:55+00:00,HIGH_CONFIDENCE_STRUCTURAL,"season=2021, team=oe:team:2e66da41dc460dd378e3bcc57042d31, cutoff<=2021-07-31T00:00:00+00:00",STRUCTURAL_RECONCILIATION_ONLY
oe_structural:2021:2021-08-01:987a3e48062b,oe:team:2e66da41dc460dd378e3bcc57042d31,oe:team:cbfaf0ca2181f0903d2fcceb6c28f3b,period:afb91f11a5c9c66cc35b,2021.0,Summer,regular,2021-08-01,BO1,2021-07-30T21:12:55+00:00,HIGH_CONFIDENCE_STRUCTURAL,"season=2021, team=oe:team:2e66da41dc460dd378e3bcc57042d31, cutoff<=2021-08-01T00:00:00+00:00",STRUCTURAL_RECONCILIATION_ONLY
oe_structural:2021:2021-07-31:39f43542a662,oe:team:4bd1751425ef6a9bc9d4d8e9385b4a6,oe:team:87ee02298073abc2d55060f097d4041,period:afb91f11a5c9c66cc35b,2021.0,Summer,regular,2021-07-31,BO1,2021-07-30T21:12:55+00:00,HIGH_CONFIDENCE_STRUCTURAL,"season=2021, team=oe:team:4bd1751425ef6a9bc9d4d8e9385b4a6, cutoff<=2021-07-31T00:00:00+00:00",STRUCTURAL_RECONCILIATION_ONLY
oe_structural:2021:2021-08-01:46c850fbbab0,oe:team:4bd1751425ef6a9bc9d4d8e9385b4a6,oe:team:f7f7324c151aa6ed770b244ce08e027,period:afb91f11a5c9c66cc35b,2021.0,Summer,regular,2021-08-01,BO1,2021-07-30T21:12:55+00:00,HIGH_CONFIDENCE_STRUCTURAL,"season=2021, team=oe:team:4bd1751425ef6a9bc9d4d8e9385b4a6, cutoff<=2021-08-01T00:00:00+00:00",STRUCTURAL_RECONCILIATION_ONLY
oe_structural:2021:2021-07-31:39f43542a662,oe:team:87ee02298073abc2d55060f097d4041,oe:team:4bd1751425ef6a9bc9d4d8e9385b4a6,period:afb91f11a5c9c66cc35b,2021.0,Summer,regular,2021-07-31,BO1,2021-07-30T21:12:55+00:00,HIGH_CONFIDENCE_STRUCTURAL,"season=2021, team=oe:team:87ee02298073abc2d55060f097d4041, cutoff<=2021-07-31T00:00:00+00:00",STRUCTURAL_RECONCILIATION_ONLY
oe_structural:2021:2021-08-01:b57d45f90966,oe:team:87ee02298073abc2d55060f097d4041,oe:team:c334c629fea759876e9e04afbe4aee7,period:afb91f11a5c9c66cc35b,2021.0,Summer,regular,2021-08-01,BO1,2021-07-30T21:12:55+00:00,HIGH_CONFIDENCE_STRUCTURAL,"season=2021, team=oe:team:87ee02298073abc2d55060f097d4041, cutoff<=2021-08-01T00:00:00+00:00",STRUCTURAL_RECONCILIATION_ONLY
oe_structural:2021:2021-07-31:0cb7eb8139a6,oe:team:8eb884e168f28402ce685bedebb5250,oe:team:f7f7324c151aa6ed770b244ce08e027,period:afb91f11a5c9c66cc35b,2021.0,Summer,regular,2021-07-31,BO1,2021-07-30T21:12:55+00:00,HIGH_CONFIDENCE_STRUCTURAL,"season=2021, team=oe:team:8eb884e168f28402ce685bedebb5250, cutoff<=2021-07-31T00:00:00+00:00",STRUCTURAL_RECONCILIATION_ONLY
oe_structural:2021:2021-07-31:32bd77f0a580,oe:team:8eb884e168f28402ce685bedebb5250,oe:team:c334c629fea759876e9e04afbe4aee7,period:afb91f11a5c9c66cc35b,2021.0,Summer,regular,2021-07-31,BO1,2021-07-30T21:12:55+00:00,HIGH_CONFIDENCE_STRUCTURAL,"season=2021, team=oe:team:8eb884e168f28402ce685bedebb5250, cutoff<=2021-07-31T00:00:00+00:00",STRUCTURAL_RECONCILIATION_ONLY
oe_structural:2021:2021-08-01:81dadef646e2,oe:team:8eb884e168f28402ce685bedebb5250,oe:team:fc8e90107dabb9a35c490b0d86adea0,period:afb91f11a5c9c66cc35b,2021.0,Summer,regular,2021-08-01,BO1,2021-07-30T21:12:55+00:00,HIGH_CONFIDENCE_STRUCTURAL,"season=2021, team=oe:team:8eb884e168f28402ce685bedebb5250, cutoff<=2021-08-01T00:00:00+00:00",STRUCTURAL_RECONCILIATION_ONLY
oe_structural:2021:2021-08-01:1b99dec3c526,oe:team:a22510a4756fa424cb0771b13261139,oe:team:0dbb780176ecad18f17292d1f5653af,period:afb91f11a5c9c66cc35b,2021.0,Summer,regular,2021-08-01,BO1,2021-07-30T21:12:55+00:00,HIGH_CONFIDENCE_STRUCTURAL,"season=2021, team=oe:team:a22510a4756fa424cb0771b13261139, cutoff<=2021-08-01T00:00:00+00:00",STRUCTURAL_RECONCILIATION_ONLY
oe_structural:2021:2021-08-01:4ed594ed06f9,oe:team:a22510a4756fa424cb0771b13261139,oe:team:cbfaf0ca2181f0903d2fcceb6c28f3b,period:afb91f11a5c9c66cc35b,2021.0,Summer,regular,2021-08-01,BO1,2021-07-30T21:12:55+00:00,HIGH_CONFIDENCE_STRUCTURAL,"season=2021, team=oe:team:a22510a4756fa424cb0771b13261139, cutoff<=2021-08-01T00:00:00+00:00",STRUCTURAL_RECONCILIATION_ONLY
oe_structural:2021:2021-07-31:053847409f46,oe:team:c334c629fea759876e9e04afbe4aee7,oe:team:2e66da41dc460dd378e3bcc57042d31,period:afb91f11a5c9c66cc35b,2021.0,Summer,regular,2021-07-31,BO1,2021-07-30T21:12:55+00:00,HIGH_CONFIDENCE_STRUCTURAL,"season=2021, team=oe:team:c334c629fea759876e9e04afbe4aee7, cutoff<=2021-07-31T00:00:00+00:00",STRUCTURAL_RECONCILIATION_ONLY
oe_structural:2021:2021-07-31:32bd77f0a580,oe:team:c334c629fea759876e9e04afbe4aee7,oe:team:8eb884e168f28402ce685bedebb5250,period:afb91f11a5c9c66cc35b,2021.0,Summer,regular,2021-07-31,BO1,2021-07-30T21:12:55+00:00,HIGH_CONFIDENCE_STRUCTURAL,"season=2021, team=oe:team:c334c629fea759876e9e04afbe4aee7, cutoff<=2021-07-31T00:00:00+00:00",STRUCTURAL_RECONCILIATION_ONLY
oe_structural:2021:2021-08-01:b57d45f90966,oe:team:c334c629fea759876e9e04afbe4aee7,oe:team:87ee02298073abc2d55060f097d4041,period:afb91f11a5c9c66cc35b,2021.0,Summer,regular,2021-08-01,BO1,2021-07-30T21:12:55+00:00,HIGH_CONFIDENCE_STRUCTURAL,"season=2021, team=oe:team:c334c629fea759876e9e04afbe4aee7, cutoff<=2021-08-01T00:00:00+00:00",STRUCTURAL_RECONCILIATION_ONLY
oe_structural:2021:2021-08-12:d7fc68d83fa8,oe:team:c334c629fea759876e9e04afbe4aee7,oe:team:0dbb780176ecad18f17292d1f5653af,period:afb91f11a5c9c66cc35b,2021.0,Summer,playoffs,2021-08-12,BO5,2021-07-30T21:12:55+00:00,HIGH_CONFIDENCE_STRUCTURAL,"season=2021, team=oe:team:c334c629fea759876e9e04afbe4aee7, cutoff<=2021-08-12T00:00:00+00:00",STRUCTURAL_RECONCILIATION_ONLY
oe_structural:2021:2021-07-31:417d048ce558,oe:team:cbfaf0ca2181f0903d2fcceb6c28f3b,oe:team:0dbb780176ecad18f17292d1f5653af,period:afb91f11a5c9c66cc35b,2021.0,Summer,regular,2021-07-31,BO1,2021-07-30T21:12:55+00:00,HIGH_CONFIDENCE_STRUCTURAL,"season=2021, team=oe:team:cbfaf0ca2181f0903d2fcceb6c28f3b, cutoff<=2021-07-31T00:00:00+00:00",STRUCTURAL_RECONCILIATION_ONLY
oe_structural:2021:2021-08-01:4ed594ed06f9,oe:team:cbfaf0ca2181f0903d2fcceb6c28f3b,oe:team:a22510a4756fa424cb0771b13261139,period:afb91f11a5c9c66cc35b,2021.0,Summer,regular,2021-08-01,BO1,2021-07-30T21:12:55+00:00,HIGH_CONFIDENCE_STRUCTURAL,"season=2021, team=oe:team:cbfaf0ca2181f0903d2fcceb6c28f3b, cutoff<=2021-08-01T00:00:00+00:00",STRUCTURAL_RECONCILIATION_ONLY
oe_structural:2021:2021-08-01:987a3e48062b,oe:team:cbfaf0ca2181f0903d2fcceb6c28f3b,oe:team:2e66da41dc460dd378e3bcc57042d31,period:afb91f11a5c9c66cc35b,2021.0,Summer,regular,2021-08-01,BO1,2021-07-30T21:12:55+00:00,HIGH_CONFIDENCE_STRUCTURAL,"season=2021, team=oe:team:cbfaf0ca2181f0903d2fcceb6c28f3b, cutoff<=2021-08-01T00:00:00+00:00",STRUCTURAL_RECONCILIATION_ONLY
oe_structural:2021:2021-07-31:0cb7eb8139a6,oe:team:f7f7324c151aa6ed770b244ce08e027,oe:team:8eb884e168f28402ce685bedebb5250,period:afb91f11a5c9c66cc35b,2021.0,Summer,regular,2021-07-31,BO1,2021-07-30T21:12:55+00:00,HIGH_CONFIDENCE_STRUCTURAL,"season=2021, team=oe:team:f7f7324c151aa6ed770b244ce08e027, cutoff<=2021-07-31T00:00:00+00:00",STRUCTURAL_RECONCILIATION_ONLY
oe_structural:2021:2021-08-01:46c850fbbab0,oe:team:f7f7324c151aa6ed770b244ce08e027,oe:team:4bd1751425ef6a9bc9d4d8e9385b4a6,period:afb91f11a5c9c66cc35b,2021.0,Summer,regular,2021-08-01,BO1,2021-07-30T21:12:55+00:00,HIGH_CONFIDENCE_STRUCTURAL,"season=2021, team=oe:team:f7f7324c151aa6ed770b244ce08e027, cutoff<=2021-08-01T00:00:00+00:00",STRUCTURAL_RECONCILIATION_ONLY
oe_structural:2021:2021-08-07:039fc64e71ec,oe:team:f7f7324c151aa6ed770b244ce08e027,oe:team:0dbb780176ecad18f17292d1f5653af,period:afb91f11a5c9c66cc35b,2021.0,Summer,playoffs,2021-08-07,BO5,2021-07-30T21:12:55+00:00,HIGH_CONFIDENCE_STRUCTURAL,"season=2021, team=oe:team:f7f7324c151aa6ed770b244ce08e027, cutoff<=2021-08-07T00:00:00+00:00",STRUCTURAL_RECONCILIATION_ONLY
oe_structural:2021:2021-07-31:1e135f5f9c30,oe:team:fc8e90107dabb9a35c490b0d86adea0,oe:team:0dbb780176ecad18f17292d1f5653af,period:afb91f11a5c9c66cc35b,2021.0,Summer,regular,2021-07-31,BO1,2021-07-30T21:12:55+00:00,HIGH_CONFIDENCE_STRUCTURAL,"season=2021, team=oe:team:fc8e90107dabb9a35c490b0d86adea0, cutoff<=2021-07-31T00:00:00+00:00",STRUCTURAL_RECONCILIATION_ONLY
oe_structural:2021:2021-08-01:81dadef646e2,oe:team:fc8e90107dabb9a35c490b0d86adea0,oe:team:8eb884e168f28402ce685bedebb5250,period:afb91f11a5c9c66cc35b,2021.0,Summer,regular,2021-08-01,BO1,2021-07-30T21:12:55+00:00,HIGH_CONFIDENCE_STRUCTURAL,"season=2021, team=oe:team:fc8e90107dabb9a35c490b0d86adea0, cutoff<=2021-08-01T00:00:00+00:00",STRUCTURAL_RECONCILIATION_ONLY
oe_structural:2026:2026-05-02:d0493161a77f,oe:team:0dbb780176ecad18f17292d1f5653af,oe:team:fc8e90107dabb9a35c490b0d86adea0,period:b0a60cf2f3d3558f5e56,2026.0,Spring,regular,2026-05-02,BO1,2026-04-25T20:09:02+00:00,HIGH_CONFIDENCE_STRUCTURAL,"season=2026, team=oe:team:0dbb780176ecad18f17292d1f5653af, cutoff<=2026-05-02T00:00:00+00:00",STRUCTURAL_RECONCILIATION_ONLY
oe_structural:2026:2026-04-26:bbd2f608325a,oe:team:289284911fb6f41c0ccaecc3a0c2891,oe:team:da1143bf9a245b78a8dc86417de85b3,period:b0a60cf2f3d3558f5e56,2026.0,Spring,regular,2026-04-26,BO1,2026-04-25T20:09:02+00:00,HIGH_CONFIDENCE_STRUCTURAL,"season=2026, team=oe:team:289284911fb6f41c0ccaecc3a0c2891, cutoff<=2026-04-26T00:00:00+00:00",STRUCTURAL_RECONCILIATION_ONLY
oe_structural:2026:2026-05-02:f95ba3219884,oe:team:289284911fb6f41c0ccaecc3a0c2891,oe:team:8eb884e168f28402ce685bedebb5250,period:b0a60cf2f3d3558f5e56,2026.0,Spring,regular,2026-05-02,BO1,2026-04-25T20:09:02+00:00,HIGH_CONFIDENCE_STRUCTURAL,"season=2026, team=oe:team:289284911fb6f41c0ccaecc3a0c2891, cutoff<=2026-05-02T00:00:00+00:00",STRUCTURAL_RECONCILIATION_ONLY
oe_structural:2026:2026-04-26:fd9adf44abb9,oe:team:8eb884e168f28402ce685bedebb5250,oe:team:f90422f1cbcb24bc2a855202582ec29,period:b0a60cf2f3d3558f5e56,2026.0,Spring,regular,2026-04-26,BO1,2026-04-25T20:09:02+00:00,HIGH_CONFIDENCE_STRUCTURAL,"season=2026, team=oe:team:8eb884e168f28402ce685bedebb5250, cutoff<=2026-04-26T00:00:00+00:00",STRUCTURAL_RECONCILIATION_ONLY
oe_structural:2026:2026-05-02:f95ba3219884,oe:team:8eb884e168f28402ce685bedebb5250,oe:team:289284911fb6f41c0ccaecc3a0c2891,period:b0a60cf2f3d3558f5e56,2026.0,Spring,regular,2026-05-02,BO1,2026-04-25T20:09:02+00:00,HIGH_CONFIDENCE_STRUCTURAL,"season=2026, team=oe:team:8eb884e168f28402ce685bedebb5250, cutoff<=2026-05-02T00:00:00+00:00",STRUCTURAL_RECONCILIATION_ONLY
oe_structural:2026:2026-04-26:bbd2f608325a,oe:team:da1143bf9a245b78a8dc86417de85b3,oe:team:289284911fb6f41c0ccaecc3a0c2891,period:b0a60cf2f3d3558f5e56,2026.0,Spring,regular,2026-04-26,BO1,2026-04-25T20:09:02+00:00,HIGH_CONFIDENCE_STRUCTURAL,"season=2026, team=oe:team:da1143bf9a245b78a8dc86417de85b3, cutoff<=2026-04-26T00:00:00+00:00",STRUCTURAL_RECONCILIATION_ONLY
oe_structural:2026:2026-04-26:fd9adf44abb9,oe:team:f90422f1cbcb24bc2a855202582ec29,oe:team:8eb884e168f28402ce685bedebb5250,period:b0a60cf2f3d3558f5e56,2026.0,Spring,regular,2026-04-26,BO1,2026-04-25T20:09:02+00:00,HIGH_CONFIDENCE_STRUCTURAL,"season=2026, team=oe:team:f90422f1cbcb24bc2a855202582ec29, cutoff<=2026-04-26T00:00:00+00:00",STRUCTURAL_RECONCILIATION_ONLY
oe_structural:2026:2026-05-02:d0493161a77f,oe:team:fc8e90107dabb9a35c490b0d86adea0,oe:team:0dbb780176ecad18f17292d1f5653af,period:b0a60cf2f3d3558f5e56,2026.0,Spring,regular,2026-05-02,BO1,2026-04-25T20:09:02+00:00,HIGH_CONFIDENCE_STRUCTURAL,"season=2026, team=oe:team:fc8e90107dabb9a35c490b0d86adea0, cutoff<=2026-05-02T00:00:00+00:00",STRUCTURAL_RECONCILIATION_ONLY
oe_structural:2020:2020-03-22:217df1d5e164,oe:team:0dbb780176ecad18f17292d1f5653af,oe:team:cbfaf0ca2181f0903d2fcceb6c28f3b,period:b2e2840d56c789b5030c,2020.0,Spring,regular,2020-03-22,BO1,2020-03-21T20:18:48+00:00,HIGH_CONFIDENCE_STRUCTURAL,"season=2020, team=oe:team:0dbb780176ecad18f17292d1f5653af, cutoff<=2020-03-22T00:00:00+00:00",STRUCTURAL_RECONCILIATION_ONLY
oe_structural:2020:2020-03-22:cdc0e66a314d,oe:team:0dbb780176ecad18f17292d1f5653af,oe:team:f7f7324c151aa6ed770b244ce08e027,period:b2e2840d56c789b5030c,2020.0,Spring,regular,2020-03-22,BO1,2020-03-21T20:18:48+00:00,HIGH_CONFIDENCE_STRUCTURAL,"season=2020, team=oe:team:0dbb780176ecad18f17292d1f5653af, cutoff<=2020-03-22T00:00:00+00:00",STRUCTURAL_RECONCILIATION_ONLY
oe_structural:2020:2020-03-22:2e555c1bcc22,oe:team:2e66da41dc460dd378e3bcc57042d31,oe:team:c334c629fea759876e9e04afbe4aee7,period:b2e2840d56c789b5030c,2020.0,Spring,regular,2020-03-22,BO1,2020-03-21T20:18:48+00:00,HIGH_CONFIDENCE_STRUCTURAL,"season=2020, team=oe:team:2e66da41dc460dd378e3bcc57042d31, cutoff<=2020-03-22T00:00:00+00:00",STRUCTURAL_RECONCILIATION_ONLY
oe_structural:2020:2020-03-22:4226cb682658,oe:team:2e66da41dc460dd378e3bcc57042d31,oe:team:4bd1751425ef6a9bc9d4d8e9385b4a6,period:b2e2840d56c789b5030c,2020.0,Spring,regular,2020-03-22,BO1,2020-03-21T20:18:48+00:00,HIGH_CONFIDENCE_STRUCTURAL,"season=2020, team=oe:team:2e66da41dc460dd378e3bcc57042d31, cutoff<=2020-03-22T00:00:00+00:00",STRUCTURAL_RECONCILIATION_ONLY
oe_structural:2020:2020-03-28:5a2710c3da6d,oe:team:2e66da41dc460dd378e3bcc57042d31,oe:team:8eb884e168f28402ce685bedebb5250,period:b2e2840d56c789b5030c,2020.0,Spring,regular,2020-03-28,BO1,2020-03-21T20:18:48+00:00,HIGH_CONFIDENCE_STRUCTURAL,"season=2020, team=oe:team:2e66da41dc460dd378e3bcc57042d31, cutoff<=2020-03-28T00:00:00+00:00",STRUCTURAL_RECONCILIATION_ONLY
oe_structural:2020:2020-03-22:4226cb682658,oe:team:4bd1751425ef6a9bc9d4d8e9385b4a6,oe:team:2e66da41dc460dd378e3bcc57042d31,period:b2e2840d56c789b5030c,2020.0,Spring,regular,2020-03-22,BO1,2020-03-21T20:18:48+00:00,HIGH_CONFIDENCE_STRUCTURAL,"season=2020, team=oe:team:4bd1751425ef6a9bc9d4d8e9385b4a6, cutoff<=2020-03-22T00:00:00+00:00",STRUCTURAL_RECONCILIATION_ONLY
oe_structural:2020:2020-03-28:6eb19a061630,oe:team:4bd1751425ef6a9bc9d4d8e9385b4a6,oe:team:a22510a4756fa424cb0771b13261139,period:b2e2840d56c789b5030c,2020.0,Spring,regular,2020-03-28,BO1,2020-03-21T20:18:48+00:00,HIGH_CONFIDENCE_STRUCTURAL,"season=2020, team=oe:team:4bd1751425ef6a9bc9d4d8e9385b4a6, cutoff<=2020-03-28T00:00:00+00:00",STRUCTURAL_RECONCILIATION_ONLY
oe_structural:2020:2020-03-22:e73ff1703909,oe:team:87ee02298073abc2d55060f097d4041,oe:team:8eb884e168f28402ce685bedebb5250,period:b2e2840d56c789b5030c,2020.0,Spring,regular,2020-03-22,BO1,2020-03-21T20:18:48+00:00,HIGH_CONFIDENCE_STRUCTURAL,"season=2020, team=oe:team:87ee02298073abc2d55060f097d4041, cutoff<=2020-03-22T00:00:00+00:00",STRUCTURAL_RECONCILIATION_ONLY
oe_structural:2020:2020-03-28:696792c94e30,oe:team:87ee02298073abc2d55060f097d4041,oe:team:cbfaf0ca2181f0903d2fcceb6c28f3b,period:b2e2840d56c789b5030c,2020.0,Spring,regular,2020-03-28,BO1,2020-03-21T20:18:48+00:00,HIGH_CONFIDENCE_STRUCTURAL,"season=2020, team=oe:team:87ee02298073abc2d55060f097d4041, cutoff<=2020-03-28T00:00:00+00:00",STRUCTURAL_RECONCILIATION_ONLY
oe_structural:2020:2020-03-22:e73ff1703909,oe:team:8eb884e168f28402ce685bedebb5250,oe:team:87ee02298073abc2d55060f097d4041,period:b2e2840d56c789b5030c,2020.0,Spring,regular,2020-03-22,BO1,2020-03-21T20:18:48+00:00,HIGH_CONFIDENCE_STRUCTURAL,"season=2020, team=oe:team:8eb884e168f28402ce685bedebb5250, cutoff<=2020-03-22T00:00:00+00:00",STRUCTURAL_RECONCILIATION_ONLY
oe_structural:2020:2020-03-28:5a2710c3da6d,oe:team:8eb884e168f28402ce685bedebb5250,oe:team:2e66da41dc460dd378e3bcc57042d31,period:b2e2840d56c789b5030c,2020.0,Spring,regular,2020-03-28,BO1,2020-03-21T20:18:48+00:00,HIGH_CONFIDENCE_STRUCTURAL,"season=2020, team=oe:team:8eb884e168f28402ce685bedebb5250, cutoff<=2020-03-28T00:00:00+00:00",STRUCTURAL_RECONCILIATION_ONLY
oe_structural:2020:2020-03-22:788c7908ae7a,oe:team:a22510a4756fa424cb0771b13261139,oe:team:c334c629fea759876e9e04afbe4aee7,period:b2e2840d56c789b5030c,2020.0,Spring,regular,2020-03-22,BO1,2020-03-21T20:18:48+00:00,HIGH_CONFIDENCE_STRUCTURAL,"season=2020, team=oe:team:a22510a4756fa424cb0771b13261139, cutoff<=2020-03-22T00:00:00+00:00",STRUCTURAL_RECONCILIATION_ONLY
oe_structural:2020:2020-03-28:6eb19a061630,oe:team:a22510a4756fa424cb0771b13261139,oe:team:4bd1751425ef6a9bc9d4d8e9385b4a6,period:b2e2840d56c789b5030c,2020.0,Spring,regular,2020-03-28,BO1,2020-03-21T20:18:48+00:00,HIGH_CONFIDENCE_STRUCTURAL,"season=2020, team=oe:team:a22510a4756fa424cb0771b13261139, cutoff<=2020-03-28T00:00:00+00:00",STRUCTURAL_RECONCILIATION_ONLY
oe_structural:2020:2020-03-22:2e555c1bcc22,oe:team:c334c629fea759876e9e04afbe4aee7,oe:team:2e66da41dc460dd378e3bcc57042d31,period:b2e2840d56c789b5030c,2020.0,Spring,regular,2020-03-22,BO1,2020-03-21T20:18:48+00:00,HIGH_CONFIDENCE_STRUCTURAL,"season=2020, team=oe:team:c334c629fea759876e9e04afbe4aee7, cutoff<=2020-03-22T00:00:00+00:00",STRUCTURAL_RECONCILIATION_ONLY
oe_structural:2020:2020-03-22:788c7908ae7a,oe:team:c334c629fea759876e9e04afbe4aee7,oe:team:a22510a4756fa424cb0771b13261139,period:b2e2840d56c789b5030c,2020.0,Spring,regular,2020-03-22,BO1,2020-03-21T20:18:48+00:00,HIGH_CONFIDENCE_STRUCTURAL,"season=2020, team=oe:team:c334c629fea759876e9e04afbe4aee7, cutoff<=2020-03-22T00:00:00+00:00",STRUCTURAL_RECONCILIATION_ONLY
oe_structural:2020:2020-03-22:217df1d5e164,oe:team:cbfaf0ca2181f0903d2fcceb6c28f3b,oe:team:0dbb780176ecad18f17292d1f5653af,period:b2e2840d56c789b5030c,2020.0,Spring,regular,2020-03-22,BO1,2020-03-21T20:18:48+00:00,HIGH_CONFIDENCE_STRUCTURAL,"season=2020, team=oe:team:cbfaf0ca2181f0903d2fcceb6c28f3b, cutoff<=2020-03-22T00:00:00+00:00",STRUCTURAL_RECONCILIATION_ONLY
oe_structural:2020:2020-03-22:9ea3135e8ae1,oe:team:cbfaf0ca2181f0903d2fcceb6c28f3b,oe:team:fc8e90107dabb9a35c490b0d86adea0,period:b2e2840d56c789b5030c,2020.0,Spring,regular,2020-03-22,BO1,2020-03-21T20:18:48+00:00,HIGH_CONFIDENCE_STRUCTURAL,"season=2020, team=oe:team:cbfaf0ca2181f0903d2fcceb6c28f3b, cutoff<=2020-03-22T00:00:00+00:00",STRUCTURAL_RECONCILIATION_ONLY
oe_structural:2020:2020-03-28:696792c94e30,oe:team:cbfaf0ca2181f0903d2fcceb6c28f3b,oe:team:87ee02298073abc2d55060f097d4041,period:b2e2840d56c789b5030c,2020.0,Spring,regular,2020-03-28,BO1,2020-03-21T20:18:48+00:00,HIGH_CONFIDENCE_STRUCTURAL,"season=2020, team=oe:team:cbfaf0ca2181f0903d2fcceb6c28f3b, cutoff<=2020-03-28T00:00:00+00:00",STRUCTURAL_RECONCILIATION_ONLY
oe_structural:2020:2020-03-22:cdc0e66a314d,oe:team:f7f7324c151aa6ed770b244ce08e027,oe:team:0dbb780176ecad18f17292d1f5653af,period:b2e2840d56c789b5030c,2020.0,Spring,regular,2020-03-22,BO1,2020-03-21T20:18:48+00:00,HIGH_CONFIDENCE_STRUCTURAL,"season=2020, team=oe:team:f7f7324c151aa6ed770b244ce08e027, cutoff<=2020-03-22T00:00:00+00:00",STRUCTURAL_RECONCILIATION_ONLY
oe_structural:2020:2020-03-28:3856e0e1e8f6,oe:team:f7f7324c151aa6ed770b244ce08e027,oe:team:fc8e90107dabb9a35c490b0d86adea0,period:b2e2840d56c789b5030c,2020.0,Spring,regular,2020-03-28,BO1,2020-03-21T20:18:48+00:00,HIGH_CONFIDENCE_STRUCTURAL,"season=2020, team=oe:team:f7f7324c151aa6ed770b244ce08e027, cutoff<=2020-03-28T00:00:00+00:00",STRUCTURAL_RECONCILIATION_ONLY
oe_structural:2020:2020-03-22:9ea3135e8ae1,oe:team:fc8e90107dabb9a35c490b0d86adea0,oe:team:cbfaf0ca2181f0903d2fcceb6c28f3b,period:b2e2840d56c789b5030c,2020.0,Spring,regular,2020-03-22,BO1,2020-03-21T20:18:48+00:00,HIGH_CONFIDENCE_STRUCTURAL,"season=2020, team=oe:team:fc8e90107dabb9a35c490b0d86adea0, cutoff<=2020-03-22T00:00:00+00:00",STRUCTURAL_RECONCILIATION_ONLY
oe_structural:2020:2020-03-28:3856e0e1e8f6,oe:team:fc8e90107dabb9a35c490b0d86adea0,oe:team:f7f7324c151aa6ed770b244ce08e027,period:b2e2840d56c789b5030c,2020.0,Spring,regular,2020-03-28,BO1,2020-03-21T20:18:48+00:00,HIGH_CONFIDENCE_STRUCTURAL,"season=2020, team=oe:team:fc8e90107dabb9a35c490b0d86adea0, cutoff<=2020-03-28T00:00:00+00:00",STRUCTURAL_RECONCILIATION_ONLY
oe_structural:2026:2026-02-08:5518e6fb8052,oe:team:0dbb780176ecad18f17292d1f5653af,oe:team:b360f1d729b0a8e0f29a5243c4200fa,period:b2e5a5987eefaa30eea2,2026.0,Lock-In,regular,2026-02-08,BO1,2026-02-07T21:11:32+00:00,HIGH_CONFIDENCE_STRUCTURAL,"season=2026, team=oe:team:0dbb780176ecad18f17292d1f5653af, cutoff<=2026-02-08T00:00:00+00:00",STRUCTURAL_RECONCILIATION_ONLY
oe_structural:2026:2026-02-09:570cc8cfb77e,oe:team:0dbb780176ecad18f17292d1f5653af,oe:team:8eb884e168f28402ce685bedebb5250,period:b2e5a5987eefaa30eea2,2026.0,Lock-In,regular,2026-02-09,BO1,2026-02-07T21:11:32+00:00,HIGH_CONFIDENCE_STRUCTURAL,"season=2026, team=oe:team:0dbb780176ecad18f17292d1f5653af, cutoff<=2026-02-09T00:00:00+00:00",STRUCTURAL_RECONCILIATION_ONLY
oe_structural:2026:2026-02-08:90a67daa073c,oe:team:289284911fb6f41c0ccaecc3a0c2891,oe:team:da1143bf9a245b78a8dc86417de85b3,period:b2e5a5987eefaa30eea2,2026.0,Lock-In,regular,2026-02-08,BO1,2026-02-07T21:11:32+00:00,HIGH_CONFIDENCE_STRUCTURAL,"season=2026, team=oe:team:289284911fb6f41c0ccaecc3a0c2891, cutoff<=2026-02-08T00:00:00+00:00",STRUCTURAL_RECONCILIATION_ONLY
oe_structural:2026:2026-02-14:bd3c9d0f21c1,oe:team:289284911fb6f41c0ccaecc3a0c2891,oe:team:f90422f1cbcb24bc2a855202582ec29,period:b2e5a5987eefaa30eea2,2026.0,Lock-In,regular,2026-02-14,BO1,2026-02-07T21:11:32+00:00,HIGH_CONFIDENCE_STRUCTURAL,"season=2026, team=oe:team:289284911fb6f41c0ccaecc3a0c2891, cutoff<=2026-02-14T00:00:00+00:00",STRUCTURAL_RECONCILIATION_ONLY
oe_structural:2026:2026-02-08:4d8b31dc94c5,oe:team:2e66da41dc460dd378e3bcc57042d31,oe:team:fc8e90107dabb9a35c490b0d86adea0,period:b2e5a5987eefaa30eea2,2026.0,Lock-In,regular,2026-02-08,BO1,2026-02-07T21:11:32+00:00,HIGH_CONFIDENCE_STRUCTURAL,"season=2026, team=oe:team:2e66da41dc460dd378e3bcc57042d31, cutoff<=2026-02-08T00:00:00+00:00",STRUCTURAL_RECONCILIATION_ONLY
oe_structural:2026:2026-02-09:8eb4c46d3a90,oe:team:2e66da41dc460dd378e3bcc57042d31,oe:team:fc8e90107dabb9a35c490b0d86adea0,period:b2e5a5987eefaa30eea2,2026.0,Lock-In,regular,2026-02-09,BO1,2026-02-07T21:11:32+00:00,HIGH_CONFIDENCE_STRUCTURAL,"season=2026, team=oe:team:2e66da41dc460dd378e3bcc57042d31, cutoff<=2026-02-09T00:00:00+00:00",STRUCTURAL_RECONCILIATION_ONLY
oe_structural:2026:2026-02-09:570cc8cfb77e,oe:team:8eb884e168f28402ce685bedebb5250,oe:team:0dbb780176ecad18f17292d1f5653af,period:b2e5a5987eefaa30eea2,2026.0,Lock-In,regular,2026-02-09,BO1,2026-02-07T21:11:32+00:00,HIGH_CONFIDENCE_STRUCTURAL,"season=2026, team=oe:team:8eb884e168f28402ce685bedebb5250, cutoff<=2026-02-09T00:00:00+00:00",STRUCTURAL_RECONCILIATION_ONLY
oe_structural:2026:2026-02-08:5518e6fb8052,oe:team:b360f1d729b0a8e0f29a5243c4200fa,oe:team:0dbb780176ecad18f17292d1f5653af,period:b2e5a5987eefaa30eea2,2026.0,Lock-In,regular,2026-02-08,BO1,2026-02-07T21:11:32+00:00,HIGH_CONFIDENCE_STRUCTURAL,"season=2026, team=oe:team:b360f1d729b0a8e0f29a5243c4200fa, cutoff<=2026-02-08T00:00:00+00:00",STRUCTURAL_RECONCILIATION_ONLY
oe_structural:2026:2026-02-08:90a67daa073c,oe:team:da1143bf9a245b78a8dc86417de85b3,oe:team:289284911fb6f41c0ccaecc3a0c2891,period:b2e5a5987eefaa30eea2,2026.0,Lock-In,regular,2026-02-08,BO1,2026-02-07T21:11:32+00:00,HIGH_CONFIDENCE_STRUCTURAL,"season=2026, team=oe:team:da1143bf9a245b78a8dc86417de85b3, cutoff<=2026-02-08T00:00:00+00:00",STRUCTURAL_RECONCILIATION_ONLY
oe_structural:2026:2026-02-14:bd3c9d0f21c1,oe:team:f90422f1cbcb24bc2a855202582ec29,oe:team:289284911fb6f41c0ccaecc3a0c2891,period:b2e5a5987eefaa30eea2,2026.0,Lock-In,regular,2026-02-14,BO1,2026-02-07T21:11:32+00:00,HIGH_CONFIDENCE_STRUCTURAL,"season=2026, team=oe:team:f90422f1cbcb24bc2a855202582ec29, cutoff<=2026-02-14T00:00:00+00:00",STRUCTURAL_RECONCILIATION_ONLY
oe_structural:2026:2026-02-08:4d8b31dc94c5,oe:team:fc8e90107dabb9a35c490b0d86adea0,oe:team:2e66da41dc460dd378e3bcc57042d31,period:b2e5a5987eefaa30eea2,2026.0,Lock-In,regular,2026-02-08,BO1,2026-02-07T21:11:32+00:00,HIGH_CONFIDENCE_STRUCTURAL,"season=2026, team=oe:team:fc8e90107dabb9a35c490b0d86adea0, cutoff<=2026-02-08T00:00:00+00:00",STRUCTURAL_RECONCILIATION_ONLY
oe_structural:2026:2026-02-09:8eb4c46d3a90,oe:team:fc8e90107dabb9a35c490b0d86adea0,oe:team:2e66da41dc460dd378e3bcc57042d31,period:b2e5a5987eefaa30eea2,2026.0,Lock-In,regular,2026-02-09,BO1,2026-02-07T21:11:32+00:00,HIGH_CONFIDENCE_STRUCTURAL,"season=2026, team=oe:team:fc8e90107dabb9a35c490b0d86adea0, cutoff<=2026-02-09T00:00:00+00:00",STRUCTURAL_RECONCILIATION_ONLY
oe_structural:2026:2026-02-28:f71280f0bc07,oe:team:da1143bf9a245b78a8dc86417de85b3,oe:team:f90422f1cbcb24bc2a855202582ec29,period:b628e8f047ec274b8698,2026.0,Lock-In,regular,2026-02-28,BO1,2026-02-27T21:09:38+00:00,HIGH_CONFIDENCE_STRUCTURAL,"season=2026, team=oe:team:da1143bf9a245b78a8dc86417de85b3, cutoff<=2026-02-28T00:00:00+00:00",STRUCTURAL_RECONCILIATION_ONLY
oe_structural:2026:2026-03-01:3ddfc49d66b8,oe:team:da1143bf9a245b78a8dc86417de85b3,oe:team:fc8e90107dabb9a35c490b0d86adea0,period:b628e8f047ec274b8698,2026.0,Lock-In,regular,2026-03-01,BO1,2026-02-27T21:09:38+00:00,HIGH_CONFIDENCE_STRUCTURAL,"season=2026, team=oe:team:da1143bf9a245b78a8dc86417de85b3, cutoff<=2026-03-01T00:00:00+00:00",STRUCTURAL_RECONCILIATION_ONLY
oe_structural:2026:2026-03-01:f2f6a6435a0c,oe:team:da1143bf9a245b78a8dc86417de85b3,oe:team:f90422f1cbcb24bc2a855202582ec29,period:b628e8f047ec274b8698,2026.0,Lock-In,regular,2026-03-01,BO1,2026-02-27T21:09:38+00:00,HIGH_CONFIDENCE_STRUCTURAL,"season=2026, team=oe:team:da1143bf9a245b78a8dc86417de85b3, cutoff<=2026-03-01T00:00:00+00:00",STRUCTURAL_RECONCILIATION_ONLY
oe_structural:2026:2026-03-02:c6c43de71082,oe:team:da1143bf9a245b78a8dc86417de85b3,oe:team:fc8e90107dabb9a35c490b0d86adea0,period:b628e8f047ec274b8698,2026.0,Lock-In,regular,2026-03-02,BO1,2026-02-27T21:09:38+00:00,HIGH_CONFIDENCE_STRUCTURAL,"season=2026, team=oe:team:da1143bf9a245b78a8dc86417de85b3, cutoff<=2026-03-02T00:00:00+00:00",STRUCTURAL_RECONCILIATION_ONLY
oe_structural:2026:2026-02-28:f71280f0bc07,oe:team:f90422f1cbcb24bc2a855202582ec29,oe:team:da1143bf9a245b78a8dc86417de85b3,period:b628e8f047ec274b8698,2026.0,Lock-In,regular,2026-02-28,BO1,2026-02-27T21:09:38+00:00,HIGH_CONFIDENCE_STRUCTURAL,"season=2026, team=oe:team:f90422f1cbcb24bc2a855202582ec29, cutoff<=2026-02-28T00:00:00+00:00",STRUCTURAL_RECONCILIATION_ONLY
oe_structural:2026:2026-03-01:f2f6a6435a0c,oe:team:f90422f1cbcb24bc2a855202582ec29,oe:team:da1143bf9a245b78a8dc86417de85b3,period:b628e8f047ec274b8698,2026.0,Lock-In,regular,2026-03-01,BO1,2026-02-27T21:09:38+00:00,HIGH_CONFIDENCE_STRUCTURAL,"season=2026, team=oe:team:f90422f1cbcb24bc2a855202582ec29, cutoff<=2026-03-01T00:00:00+00:00",STRUCTURAL_RECONCILIATION_ONLY
oe_structural:2026:2026-04-04:f38e889f0e7b,oe:team:f90422f1cbcb24bc2a855202582ec29,oe:team:289284911fb6f41c0ccaecc3a0c2891,period:b628e8f047ec274b8698,2026.0,Spring,regular,2026-04-04,BO1,2026-02-27T21:09:38+00:00,HIGH_CONFIDENCE_STRUCTURAL,"season=2026, team=oe:team:f90422f1cbcb24bc2a855202582ec29, cutoff<=2026-04-04T00:00:00+00:00",STRUCTURAL_RECONCILIATION_ONLY
oe_structural:2026:2026-03-01:3ddfc49d66b8,oe:team:fc8e90107dabb9a35c490b0d86adea0,oe:team:da1143bf9a245b78a8dc86417de85b3,period:b628e8f047ec274b8698,2026.0,Lock-In,regular,2026-03-01,BO1,2026-02-27T21:09:38+00:00,HIGH_CONFIDENCE_STRUCTURAL,"season=2026, team=oe:team:fc8e90107dabb9a35c490b0d86adea0, cutoff<=2026-03-01T00:00:00+00:00",STRUCTURAL_RECONCILIATION_ONLY
oe_structural:2026:2026-03-02:c6c43de71082,oe:team:fc8e90107dabb9a35c490b0d86adea0,oe:team:da1143bf9a245b78a8dc86417de85b3,period:b628e8f047ec274b8698,2026.0,Lock-In,regular,2026-03-02,BO1,2026-02-27T21:09:38+00:00,HIGH_CONFIDENCE_STRUCTURAL,"season=2026, team=oe:team:fc8e90107dabb9a35c490b0d86adea0, cutoff<=2026-03-02T00:00:00+00:00",STRUCTURAL_RECONCILIATION_ONLY
oe_structural:2026:2026-05-16:e5ff0cb94171,oe:team:289284911fb6f41c0ccaecc3a0c2891,oe:team:b360f1d729b0a8e0f29a5243c4200fa,period:bca1e648a46734294b57,2026.0,Spring,regular,2026-05-16,BO1,2026-05-09T20:08:09+00:00,HIGH_CONFIDENCE_STRUCTURAL,"season=2026, team=oe:team:289284911fb6f41c0ccaecc3a0c2891, cutoff<=2026-05-16T00:00:00+00:00",STRUCTURAL_RECONCILIATION_ONLY
oe_structural:2026:2026-05-10:5f1a3256ecda,oe:team:2e66da41dc460dd378e3bcc57042d31,oe:team:fc8e90107dabb9a35c490b0d86adea0,period:bca1e648a46734294b57,2026.0,Spring,regular,2026-05-10,BO1,2026-05-09T20:08:09+00:00,HIGH_CONFIDENCE_STRUCTURAL,"season=2026, team=oe:team:2e66da41dc460dd378e3bcc57042d31, cutoff<=2026-05-10T00:00:00+00:00",STRUCTURAL_RECONCILIATION_ONLY
oe_structural:2026:2026-05-10:6df77f69b596,oe:team:8eb884e168f28402ce685bedebb5250,oe:team:da1143bf9a245b78a8dc86417de85b3,period:bca1e648a46734294b57,2026.0,Spring,regular,2026-05-10,BO1,2026-05-09T20:08:09+00:00,HIGH_CONFIDENCE_STRUCTURAL,"season=2026, team=oe:team:8eb884e168f28402ce685bedebb5250, cutoff<=2026-05-10T00:00:00+00:00",STRUCTURAL_RECONCILIATION_ONLY
oe_structural:2026:2026-05-11:be7a2692138c,oe:team:8eb884e168f28402ce685bedebb5250,oe:team:da1143bf9a245b78a8dc86417de85b3,period:bca1e648a46734294b57,2026.0,Spring,regular,2026-05-11,BO1,2026-05-09T20:08:09+00:00,HIGH_CONFIDENCE_STRUCTURAL,"season=2026, team=oe:team:8eb884e168f28402ce685bedebb5250, cutoff<=2026-05-11T00:00:00+00:00",STRUCTURAL_RECONCILIATION_ONLY
oe_structural:2026:2026-05-16:f63b9402a512,oe:team:8eb884e168f28402ce685bedebb5250,oe:team:fc8e90107dabb9a35c490b0d86adea0,period:bca1e648a46734294b57,2026.0,Spring,regular,2026-05-16,BO1,2026-05-09T20:08:09+00:00,HIGH_CONFIDENCE_STRUCTURAL,"season=2026, team=oe:team:8eb884e168f28402ce685bedebb5250, cutoff<=2026-05-16T00:00:00+00:00",STRUCTURAL_RECONCILIATION_ONLY
oe_structural:2026:2026-05-16:e5ff0cb94171,oe:team:b360f1d729b0a8e0f29a5243c4200fa,oe:team:289284911fb6f41c0ccaecc3a0c2891,period:bca1e648a46734294b57,2026.0,Spring,regular,2026-05-16,BO1,2026-05-09T20:08:09+00:00,HIGH_CONFIDENCE_STRUCTURAL,"season=2026, team=oe:team:b360f1d729b0a8e0f29a5243c4200fa, cutoff<=2026-05-16T00:00:00+00:00",STRUCTURAL_RECONCILIATION_ONLY
oe_structural:2026:2026-05-10:6df77f69b596,oe:team:da1143bf9a245b78a8dc86417de85b3,oe:team:8eb884e168f28402ce685bedebb5250,period:bca1e648a46734294b57,2026.0,Spring,regular,2026-05-10,BO1,2026-05-09T20:08:09+00:00,HIGH_CONFIDENCE_STRUCTURAL,"season=2026, team=oe:team:da1143bf9a245b78a8dc86417de85b3, cutoff<=2026-05-10T00:00:00+00:00",STRUCTURAL_RECONCILIATION_ONLY
oe_structural:2026:2026-05-11:be7a2692138c,oe:team:da1143bf9a245b78a8dc86417de85b3,oe:team:8eb884e168f28402ce685bedebb5250,period:bca1e648a46734294b57,2026.0,Spring,regular,2026-05-11,BO1,2026-05-09T20:08:09+00:00,HIGH_CONFIDENCE_STRUCTURAL,"season=2026, team=oe:team:da1143bf9a245b78a8dc86417de85b3, cutoff<=2026-05-11T00:00:00+00:00",STRUCTURAL_RECONCILIATION_ONLY
oe_structural:2026:2026-05-10:5f1a3256ecda,oe:team:fc8e90107dabb9a35c490b0d86adea0,oe:team:2e66da41dc460dd378e3bcc57042d31,period:bca1e648a46734294b57,2026.0,Spring,regular,2026-05-10,BO1,2026-05-09T20:08:09+00:00,HIGH_CONFIDENCE_STRUCTURAL,"season=2026, team=oe:team:fc8e90107dabb9a35c490b0d86adea0, cutoff<=2026-05-10T00:00:00+00:00",STRUCTURAL_RECONCILIATION_ONLY
oe_structural:2026:2026-05-16:f63b9402a512,oe:team:fc8e90107dabb9a35c490b0d86adea0,oe:team:8eb884e168f28402ce685bedebb5250,period:bca1e648a46734294b57,2026.0,Spring,regular,2026-05-16,BO1,2026-05-09T20:08:09+00:00,HIGH_CONFIDENCE_STRUCTURAL,"season=2026, team=oe:team:fc8e90107dabb9a35c490b0d86adea0, cutoff<=2026-05-16T00:00:00+00:00",STRUCTURAL_RECONCILIATION_ONLY
oe_structural:2020:2020-02-09:589cf6f61c78,oe:team:0dbb780176ecad18f17292d1f5653af,oe:team:fc8e90107dabb9a35c490b0d86adea0,period:bd2e80371da37619c695,2020.0,Spring,regular,2020-02-09,BO1,2020-02-08T21:30:18+00:00,HIGH_CONFIDENCE_STRUCTURAL,"season=2020, team=oe:team:0dbb780176ecad18f17292d1f5653af, cutoff<=2020-02-09T00:00:00+00:00",STRUCTURAL_RECONCILIATION_ONLY
oe_structural:2020:2020-02-09:4ed47b07c627,oe:team:2e66da41dc460dd378e3bcc57042d31,oe:team:f7f7324c151aa6ed770b244ce08e027,period:bd2e80371da37619c695,2020.0,Spring,regular,2020-02-09,BO1,2020-02-08T21:30:18+00:00,HIGH_CONFIDENCE_STRUCTURAL,"season=2020, team=oe:team:2e66da41dc460dd378e3bcc57042d31, cutoff<=2020-02-09T00:00:00+00:00",STRUCTURAL_RECONCILIATION_ONLY
oe_structural:2020:2020-02-09:c653969274e7,oe:team:2e66da41dc460dd378e3bcc57042d31,oe:team:fc8e90107dabb9a35c490b0d86adea0,period:bd2e80371da37619c695,2020.0,Spring,regular,2020-02-09,BO1,2020-02-08T21:30:18+00:00,HIGH_CONFIDENCE_STRUCTURAL,"season=2020, team=oe:team:2e66da41dc460dd378e3bcc57042d31, cutoff<=2020-02-09T00:00:00+00:00",STRUCTURAL_RECONCILIATION_ONLY
oe_structural:2020:2020-02-09:a55015712014,oe:team:4bd1751425ef6a9bc9d4d8e9385b4a6,oe:team:c334c629fea759876e9e04afbe4aee7,period:bd2e80371da37619c695,2020.0,Spring,regular,2020-02-09,BO1,2020-02-08T21:30:18+00:00,HIGH_CONFIDENCE_STRUCTURAL,"season=2020, team=oe:team:4bd1751425ef6a9bc9d4d8e9385b4a6, cutoff<=2020-02-09T00:00:00+00:00",STRUCTURAL_RECONCILIATION_ONLY
oe_structural:2020:2020-02-09:a3e9a9d7e179,oe:team:87ee02298073abc2d55060f097d4041,oe:team:a22510a4756fa424cb0771b13261139,period:bd2e80371da37619c695,2020.0,Spring,regular,2020-02-09,BO1,2020-02-08T21:30:18+00:00,HIGH_CONFIDENCE_STRUCTURAL,"season=2020, team=oe:team:87ee02298073abc2d55060f097d4041, cutoff<=2020-02-09T00:00:00+00:00",STRUCTURAL_RECONCILIATION_ONLY
oe_structural:2020:2020-02-11:2235d6a9c5ac,oe:team:87ee02298073abc2d55060f097d4041,oe:team:8eb884e168f28402ce685bedebb5250,period:bd2e80371da37619c695,2020.0,Spring,regular,2020-02-11,BO1,2020-02-08T21:30:18+00:00,HIGH_CONFIDENCE_STRUCTURAL,"season=2020, team=oe:team:87ee02298073abc2d55060f097d4041, cutoff<=2020-02-11T00:00:00+00:00",STRUCTURAL_RECONCILIATION_ONLY
oe_structural:2020:2020-02-15:264f907a1bf8,oe:team:87ee02298073abc2d55060f097d4041,oe:team:cbfaf0ca2181f0903d2fcceb6c28f3b,period:bd2e80371da37619c695,2020.0,Spring,regular,2020-02-15,BO1,2020-02-08T21:30:18+00:00,HIGH_CONFIDENCE_STRUCTURAL,"season=2020, team=oe:team:87ee02298073abc2d55060f097d4041, cutoff<=2020-02-15T00:00:00+00:00",STRUCTURAL_RECONCILIATION_ONLY
oe_structural:2020:2020-02-11:2235d6a9c5ac,oe:team:8eb884e168f28402ce685bedebb5250,oe:team:87ee02298073abc2d55060f097d4041,period:bd2e80371da37619c695,2020.0,Spring,regular,2020-02-11,BO1,2020-02-08T21:30:18+00:00,HIGH_CONFIDENCE_STRUCTURAL,"season=2020, team=oe:team:8eb884e168f28402ce685bedebb5250, cutoff<=2020-02-11T00:00:00+00:00",STRUCTURAL_RECONCILIATION_ONLY
oe_structural:2020:2020-02-15:a5f472678527,oe:team:8eb884e168f28402ce685bedebb5250,oe:team:c334c629fea759876e9e04afbe4aee7,period:bd2e80371da37619c695,2020.0,Spring,regular,2020-02-15,BO1,2020-02-08T21:30:18+00:00,HIGH_CONFIDENCE_STRUCTURAL,"season=2020, team=oe:team:8eb884e168f28402ce685bedebb5250, cutoff<=2020-02-15T00:00:00+00:00",STRUCTURAL_RECONCILIATION_ONLY
oe_structural:2020:2020-02-09:a3e9a9d7e179,oe:team:a22510a4756fa424cb0771b13261139,oe:team:87ee02298073abc2d55060f097d4041,period:bd2e80371da37619c695,2020.0,Spring,regular,2020-02-09,BO1,2020-02-08T21:30:18+00:00,HIGH_CONFIDENCE_STRUCTURAL,"season=2020, team=oe:team:a22510a4756fa424cb0771b13261139, cutoff<=2020-02-09T00:00:00+00:00",STRUCTURAL_RECONCILIATION_ONLY
oe_structural:2020:2020-02-15:2dca03548476,oe:team:a22510a4756fa424cb0771b13261139,oe:team:fc8e90107dabb9a35c490b0d86adea0,period:bd2e80371da37619c695,2020.0,Spring,regular,2020-02-15,BO1,2020-02-08T21:30:18+00:00,HIGH_CONFIDENCE_STRUCTURAL,"season=2020, team=oe:team:a22510a4756fa424cb0771b13261139, cutoff<=2020-02-15T00:00:00+00:00",STRUCTURAL_RECONCILIATION_ONLY
oe_structural:2020:2020-02-09:a55015712014,oe:team:c334c629fea759876e9e04afbe4aee7,oe:team:4bd1751425ef6a9bc9d4d8e9385b4a6,period:bd2e80371da37619c695,2020.0,Spring,regular,2020-02-09,BO1,2020-02-08T21:30:18+00:00,HIGH_CONFIDENCE_STRUCTURAL,"season=2020, team=oe:team:c334c629fea759876e9e04afbe4aee7, cutoff<=2020-02-09T00:00:00+00:00",STRUCTURAL_RECONCILIATION_ONLY
oe_structural:2020:2020-02-11:3d13232132a8,oe:team:c334c629fea759876e9e04afbe4aee7,oe:team:cbfaf0ca2181f0903d2fcceb6c28f3b,period:bd2e80371da37619c695,2020.0,Spring,regular,2020-02-11,BO1,2020-02-08T21:30:18+00:00,HIGH_CONFIDENCE_STRUCTURAL,"season=2020, team=oe:team:c334c629fea759876e9e04afbe4aee7, cutoff<=2020-02-11T00:00:00+00:00",STRUCTURAL_RECONCILIATION_ONLY
oe_structural:2020:2020-02-15:a5f472678527,oe:team:c334c629fea759876e9e04afbe4aee7,oe:team:8eb884e168f28402ce685bedebb5250,period:bd2e80371da37619c695,2020.0,Spring,regular,2020-02-15,BO1,2020-02-08T21:30:18+00:00,HIGH_CONFIDENCE_STRUCTURAL,"season=2020, team=oe:team:c334c629fea759876e9e04afbe4aee7, cutoff<=2020-02-15T00:00:00+00:00",STRUCTURAL_RECONCILIATION_ONLY
oe_structural:2020:2020-02-11:3d13232132a8,oe:team:cbfaf0ca2181f0903d2fcceb6c28f3b,oe:team:c334c629fea759876e9e04afbe4aee7,period:bd2e80371da37619c695,2020.0,Spring,regular,2020-02-11,BO1,2020-02-08T21:30:18+00:00,HIGH_CONFIDENCE_STRUCTURAL,"season=2020, team=oe:team:cbfaf0ca2181f0903d2fcceb6c28f3b, cutoff<=2020-02-11T00:00:00+00:00",STRUCTURAL_RECONCILIATION_ONLY
oe_structural:2020:2020-02-15:264f907a1bf8,oe:team:cbfaf0ca2181f0903d2fcceb6c28f3b,oe:team:87ee02298073abc2d55060f097d4041,period:bd2e80371da37619c695,2020.0,Spring,regular,2020-02-15,BO1,2020-02-08T21:30:18+00:00,HIGH_CONFIDENCE_STRUCTURAL,"season=2020, team=oe:team:cbfaf0ca2181f0903d2fcceb6c28f3b, cutoff<=2020-02-15T00:00:00+00:00",STRUCTURAL_RECONCILIATION_ONLY
oe_structural:2020:2020-02-09:4ed47b07c627,oe:team:f7f7324c151aa6ed770b244ce08e027,oe:team:2e66da41dc460dd378e3bcc57042d31,period:bd2e80371da37619c695,2020.0,Spring,regular,2020-02-09,BO1,2020-02-08T21:30:18+00:00,HIGH_CONFIDENCE_STRUCTURAL,"season=2020, team=oe:team:f7f7324c151aa6ed770b244ce08e027, cutoff<=2020-02-09T00:00:00+00:00",STRUCTURAL_RECONCILIATION_ONLY
oe_structural:2020:2020-02-09:589cf6f61c78,oe:team:fc8e90107dabb9a35c490b0d86adea0,oe:team:0dbb780176ecad18f17292d1f5653af,period:bd2e80371da37619c695,2020.0,Spring,regular,2020-02-09,BO1,2020-02-08T21:30:18+00:00,HIGH_CONFIDENCE_STRUCTURAL,"season=2020, team=oe:team:fc8e90107dabb9a35c490b0d86adea0, cutoff<=2020-02-09T00:00:00+00:00",STRUCTURAL_RECONCILIATION_ONLY
oe_structural:2020:2020-02-09:c653969274e7,oe:team:fc8e90107dabb9a35c490b0d86adea0,oe:team:2e66da41dc460dd378e3bcc57042d31,period:bd2e80371da37619c695,2020.0,Spring,regular,2020-02-09,BO1,2020-02-08T21:30:18+00:00,HIGH_CONFIDENCE_STRUCTURAL,"season=2020, team=oe:team:fc8e90107dabb9a35c490b0d86adea0, cutoff<=2020-02-09T00:00:00+00:00",STRUCTURAL_RECONCILIATION_ONLY
oe_structural:2020:2020-02-15:2dca03548476,oe:team:fc8e90107dabb9a35c490b0d86adea0,oe:team:a22510a4756fa424cb0771b13261139,period:bd2e80371da37619c695,2020.0,Spring,regular,2020-02-15,BO1,2020-02-08T21:30:18+00:00,HIGH_CONFIDENCE_STRUCTURAL,"season=2020, team=oe:team:fc8e90107dabb9a35c490b0d86adea0, cutoff<=2020-02-15T00:00:00+00:00",STRUCTURAL_RECONCILIATION_ONLY
oe_structural:2022:2022-07-03:220a30114c0c,oe:team:0dbb780176ecad18f17292d1f5653af,oe:team:a22510a4756fa424cb0771b13261139,period:bd5d15bd6830501052ed,2022.0,Summer,regular,2022-07-03,BO1,2022-07-02T20:14:47+00:00,HIGH_CONFIDENCE_STRUCTURAL,"season=2022, team=oe:team:0dbb780176ecad18f17292d1f5653af, cutoff<=2022-07-03T00:00:00+00:00",STRUCTURAL_RECONCILIATION_ONLY
oe_structural:2022:2022-07-16:2b039446e9db,oe:team:0dbb780176ecad18f17292d1f5653af,oe:team:f7f7324c151aa6ed770b244ce08e027,period:bd5d15bd6830501052ed,2022.0,Summer,regular,2022-07-16,BO1,2022-07-02T20:14:47+00:00,HIGH_CONFIDENCE_STRUCTURAL,"season=2022, team=oe:team:0dbb780176ecad18f17292d1f5653af, cutoff<=2022-07-16T00:00:00+00:00",STRUCTURAL_RECONCILIATION_ONLY
oe_structural:2022:2022-07-03:f24a0b5a91b5,oe:team:2e66da41dc460dd378e3bcc57042d31,oe:team:fc8e90107dabb9a35c490b0d86adea0,period:bd5d15bd6830501052ed,2022.0,Summer,regular,2022-07-03,BO1,2022-07-02T20:14:47+00:00,HIGH_CONFIDENCE_STRUCTURAL,"season=2022, team=oe:team:2e66da41dc460dd378e3bcc57042d31, cutoff<=2022-07-03T00:00:00+00:00",STRUCTURAL_RECONCILIATION_ONLY
oe_structural:2022:2022-07-16:48646861f807,oe:team:2e66da41dc460dd378e3bcc57042d31,oe:team:4bd1751425ef6a9bc9d4d8e9385b4a6,period:bd5d15bd6830501052ed,2022.0,Summer,regular,2022-07-16,BO1,2022-07-02T20:14:47+00:00,HIGH_CONFIDENCE_STRUCTURAL,"season=2022, team=oe:team:2e66da41dc460dd378e3bcc57042d31, cutoff<=2022-07-16T00:00:00+00:00",STRUCTURAL_RECONCILIATION_ONLY
oe_structural:2022:2022-07-03:730fda21787f,oe:team:4bd1751425ef6a9bc9d4d8e9385b4a6,oe:team:c334c629fea759876e9e04afbe4aee7,period:bd5d15bd6830501052ed,2022.0,Summer,regular,2022-07-03,BO1,2022-07-02T20:14:47+00:00,HIGH_CONFIDENCE_STRUCTURAL,"season=2022, team=oe:team:4bd1751425ef6a9bc9d4d8e9385b4a6, cutoff<=2022-07-03T00:00:00+00:00",STRUCTURAL_RECONCILIATION_ONLY
oe_structural:2022:2022-07-16:48646861f807,oe:team:4bd1751425ef6a9bc9d4d8e9385b4a6,oe:team:2e66da41dc460dd378e3bcc57042d31,period:bd5d15bd6830501052ed,2022.0,Summer,regular,2022-07-16,BO1,2022-07-02T20:14:47+00:00,HIGH_CONFIDENCE_STRUCTURAL,"season=2022, team=oe:team:4bd1751425ef6a9bc9d4d8e9385b4a6, cutoff<=2022-07-16T00:00:00+00:00",STRUCTURAL_RECONCILIATION_ONLY
oe_structural:2022:2022-07-03:585ea4606194,oe:team:87ee02298073abc2d55060f097d4041,oe:team:f7f7324c151aa6ed770b244ce08e027,period:bd5d15bd6830501052ed,2022.0,Summer,regular,2022-07-03,BO1,2022-07-02T20:14:47+00:00,HIGH_CONFIDENCE_STRUCTURAL,"season=2022, team=oe:team:87ee02298073abc2d55060f097d4041, cutoff<=2022-07-03T00:00:00+00:00",STRUCTURAL_RECONCILIATION_ONLY
oe_structural:2022:2022-07-03:3847c11fa8d3,oe:team:8eb884e168f28402ce685bedebb5250,oe:team:cbfaf0ca2181f0903d2fcceb6c28f3b,period:bd5d15bd6830501052ed,2022.0,Summer,regular,2022-07-03,BO1,2022-07-02T20:14:47+00:00,HIGH_CONFIDENCE_STRUCTURAL,"season=2022, team=oe:team:8eb884e168f28402ce685bedebb5250, cutoff<=2022-07-03T00:00:00+00:00",STRUCTURAL_RECONCILIATION_ONLY
oe_structural:2022:2022-07-03:220a30114c0c,oe:team:a22510a4756fa424cb0771b13261139,oe:team:0dbb780176ecad18f17292d1f5653af,period:bd5d15bd6830501052ed,2022.0,Summer,regular,2022-07-03,BO1,2022-07-02T20:14:47+00:00,HIGH_CONFIDENCE_STRUCTURAL,"season=2022, team=oe:team:a22510a4756fa424cb0771b13261139, cutoff<=2022-07-03T00:00:00+00:00",STRUCTURAL_RECONCILIATION_ONLY
oe_structural:2022:2022-07-16:a40837bd6310,oe:team:a22510a4756fa424cb0771b13261139,oe:team:fc8e90107dabb9a35c490b0d86adea0,period:bd5d15bd6830501052ed,2022.0,Summer,regular,2022-07-16,BO1,2022-07-02T20:14:47+00:00,HIGH_CONFIDENCE_STRUCTURAL,"season=2022, team=oe:team:a22510a4756fa424cb0771b13261139, cutoff<=2022-07-16T00:00:00+00:00",STRUCTURAL_RECONCILIATION_ONLY
oe_structural:2022:2022-07-03:730fda21787f,oe:team:c334c629fea759876e9e04afbe4aee7,oe:team:4bd1751425ef6a9bc9d4d8e9385b4a6,period:bd5d15bd6830501052ed,2022.0,Summer,regular,2022-07-03,BO1,2022-07-02T20:14:47+00:00,HIGH_CONFIDENCE_STRUCTURAL,"season=2022, team=oe:team:c334c629fea759876e9e04afbe4aee7, cutoff<=2022-07-03T00:00:00+00:00",STRUCTURAL_RECONCILIATION_ONLY
oe_structural:2022:2022-07-16:b1cdeb0f45a8,oe:team:c334c629fea759876e9e04afbe4aee7,oe:team:cbfaf0ca2181f0903d2fcceb6c28f3b,period:bd5d15bd6830501052ed,2022.0,Summer,regular,2022-07-16,BO1,2022-07-02T20:14:47+00:00,HIGH_CONFIDENCE_STRUCTURAL,"season=2022, team=oe:team:c334c629fea759876e9e04afbe4aee7, cutoff<=2022-07-16T00:00:00+00:00",STRUCTURAL_RECONCILIATION_ONLY
oe_structural:2022:2022-07-03:3847c11fa8d3,oe:team:cbfaf0ca2181f0903d2fcceb6c28f3b,oe:team:8eb884e168f28402ce685bedebb5250,period:bd5d15bd6830501052ed,2022.0,Summer,regular,2022-07-03,BO1,2022-07-02T20:14:47+00:00,HIGH_CONFIDENCE_STRUCTURAL,"season=2022, team=oe:team:cbfaf0ca2181f0903d2fcceb6c28f3b, cutoff<=2022-07-03T00:00:00+00:00",STRUCTURAL_RECONCILIATION_ONLY
oe_structural:2022:2022-07-16:b1cdeb0f45a8,oe:team:cbfaf0ca2181f0903d2fcceb6c28f3b,oe:team:c334c629fea759876e9e04afbe4aee7,period:bd5d15bd6830501052ed,2022.0,Summer,regular,2022-07-16,BO1,2022-07-02T20:14:47+00:00,HIGH_CONFIDENCE_STRUCTURAL,"season=2022, team=oe:team:cbfaf0ca2181f0903d2fcceb6c28f3b, cutoff<=2022-07-16T00:00:00+00:00",STRUCTURAL_RECONCILIATION_ONLY
oe_structural:2022:2022-07-03:585ea4606194,oe:team:f7f7324c151aa6ed770b244ce08e027,oe:team:87ee02298073abc2d55060f097d4041,period:bd5d15bd6830501052ed,2022.0,Summer,regular,2022-07-03,BO1,2022-07-02T20:14:47+00:00,HIGH_CONFIDENCE_STRUCTURAL,"season=2022, team=oe:team:f7f7324c151aa6ed770b244ce08e027, cutoff<=2022-07-03T00:00:00+00:00",STRUCTURAL_RECONCILIATION_ONLY
oe_structural:2022:2022-07-16:2b039446e9db,oe:team:f7f7324c151aa6ed770b244ce08e027,oe:team:0dbb780176ecad18f17292d1f5653af,period:bd5d15bd6830501052ed,2022.0,Summer,regular,2022-07-16,BO1,2022-07-02T20:14:47+00:00,HIGH_CONFIDENCE_STRUCTURAL,"season=2022, team=oe:team:f7f7324c151aa6ed770b244ce08e027, cutoff<=2022-07-16T00:00:00+00:00",STRUCTURAL_RECONCILIATION_ONLY
oe_structural:2022:2022-07-03:f24a0b5a91b5,oe:team:fc8e90107dabb9a35c490b0d86adea0,oe:team:2e66da41dc460dd378e3bcc57042d31,period:bd5d15bd6830501052ed,2022.0,Summer,regular,2022-07-03,BO1,2022-07-02T20:14:47+00:00,HIGH_CONFIDENCE_STRUCTURAL,"season=2022, team=oe:team:fc8e90107dabb9a35c490b0d86adea0, cutoff<=2022-07-03T00:00:00+00:00",STRUCTURAL_RECONCILIATION_ONLY
oe_structural:2022:2022-07-16:a40837bd6310,oe:team:fc8e90107dabb9a35c490b0d86adea0,oe:team:a22510a4756fa424cb0771b13261139,period:bd5d15bd6830501052ed,2022.0,Summer,regular,2022-07-16,BO1,2022-07-02T20:14:47+00:00,HIGH_CONFIDENCE_STRUCTURAL,"season=2022, team=oe:team:fc8e90107dabb9a35c490b0d86adea0, cutoff<=2022-07-16T00:00:00+00:00",STRUCTURAL_RECONCILIATION_ONLY
oe_structural:2020:2020-04-19:bf65be5d759d,oe:team:2e66da41dc460dd378e3bcc57042d31,oe:team:fc8e90107dabb9a35c490b0d86adea0,period:be73ead0e53874776373,2020.0,Spring,playoffs,2020-04-19,BO5,2020-04-18T19:37:34+00:00,HIGH_CONFIDENCE_STRUCTURAL,"season=2020, team=oe:team:2e66da41dc460dd378e3bcc57042d31, cutoff<=2020-04-19T00:00:00+00:00",STRUCTURAL_RECONCILIATION_ONLY
oe_structural:2020:2020-06-13:2d429f037acd,oe:team:2e66da41dc460dd378e3bcc57042d31,oe:team:c334c629fea759876e9e04afbe4aee7,period:be73ead0e53874776373,2020.0,Summer,regular,2020-06-13,BO1,2020-04-18T19:37:34+00:00,HIGH_CONFIDENCE_STRUCTURAL,"season=2020, team=oe:team:2e66da41dc460dd378e3bcc57042d31, cutoff<=2020-06-13T00:00:00+00:00",STRUCTURAL_RECONCILIATION_ONLY
oe_structural:2020:2020-06-13:8143da19175b,oe:team:2e66da41dc460dd378e3bcc57042d31,oe:team:fc8e90107dabb9a35c490b0d86adea0,period:be73ead0e53874776373,2020.0,Summer,regular,2020-06-13,BO1,2020-04-18T19:37:34+00:00,HIGH_CONFIDENCE_STRUCTURAL,"season=2020, team=oe:team:2e66da41dc460dd378e3bcc57042d31, cutoff<=2020-06-13T00:00:00+00:00",STRUCTURAL_RECONCILIATION_ONLY
oe_structural:2020:2020-06-13:2c155ec0a25f,oe:team:f7f7324c151aa6ed770b244ce08e027,oe:team:cbfaf0ca2181f0903d2fcceb6c28f3b,period:be73ead0e53874776373,2020.0,Summer,regular,2020-06-13,BO1,2020-04-18T19:37:34+00:00,HIGH_CONFIDENCE_STRUCTURAL,"season=2020, team=oe:team:f7f7324c151aa6ed770b244ce08e027, cutoff<=2020-06-13T00:00:00+00:00",STRUCTURAL_RECONCILIATION_ONLY
oe_structural:2020:2020-06-13:cf925603bd3f,oe:team:f7f7324c151aa6ed770b244ce08e027,oe:team:4bd1751425ef6a9bc9d4d8e9385b4a6,period:be73ead0e53874776373,2020.0,Summer,regular,2020-06-13,BO1,2020-04-18T19:37:34+00:00,HIGH_CONFIDENCE_STRUCTURAL,"season=2020, team=oe:team:f7f7324c151aa6ed770b244ce08e027, cutoff<=2020-06-13T00:00:00+00:00",STRUCTURAL_RECONCILIATION_ONLY
oe_structural:2020:2020-04-19:bf65be5d759d,oe:team:fc8e90107dabb9a35c490b0d86adea0,oe:team:2e66da41dc460dd378e3bcc57042d31,period:be73ead0e53874776373,2020.0,Spring,playoffs,2020-04-19,BO5,2020-04-18T19:37:34+00:00,HIGH_CONFIDENCE_STRUCTURAL,"season=2020, team=oe:team:fc8e90107dabb9a35c490b0d86adea0, cutoff<=2020-04-19T00:00:00+00:00",STRUCTURAL_RECONCILIATION_ONLY
oe_structural:2020:2020-06-13:8143da19175b,oe:team:fc8e90107dabb9a35c490b0d86adea0,oe:team:2e66da41dc460dd378e3bcc57042d31,period:be73ead0e53874776373,2020.0,Summer,regular,2020-06-13,BO1,2020-04-18T19:37:34+00:00,HIGH_CONFIDENCE_STRUCTURAL,"season=2020, team=oe:team:fc8e90107dabb9a35c490b0d86adea0, cutoff<=2020-06-13T00:00:00+00:00",STRUCTURAL_RECONCILIATION_ONLY
oe_structural:2022:2022-03-13:574f3be12748,oe:team:0dbb780176ecad18f17292d1f5653af,oe:team:a22510a4756fa424cb0771b13261139,period:bfbcb255cff7d2c3894f,2022.0,Spring,regular,2022-03-13,BO1,2022-03-12T21:07:29+00:00,HIGH_CONFIDENCE_STRUCTURAL,"season=2022, team=oe:team:0dbb780176ecad18f17292d1f5653af, cutoff<=2022-03-13T00:00:00+00:00",STRUCTURAL_RECONCILIATION_ONLY
oe_structural:2022:2022-03-13:7898fad0b140,oe:team:0dbb780176ecad18f17292d1f5653af,oe:team:c334c629fea759876e9e04afbe4aee7,period:bfbcb255cff7d2c3894f,2022.0,Spring,regular,2022-03-13,BO1,2022-03-12T21:07:29+00:00,HIGH_CONFIDENCE_STRUCTURAL,"season=2022, team=oe:team:0dbb780176ecad18f17292d1f5653af, cutoff<=2022-03-13T00:00:00+00:00",STRUCTURAL_RECONCILIATION_ONLY
oe_structural:2022:2022-03-19:8f2bb6184a94,oe:team:0dbb780176ecad18f17292d1f5653af,oe:team:f7f7324c151aa6ed770b244ce08e027,period:bfbcb255cff7d2c3894f,2022.0,Spring,regular,2022-03-19,BO1,2022-03-12T21:07:29+00:00,HIGH_CONFIDENCE_STRUCTURAL,"season=2022, team=oe:team:0dbb780176ecad18f17292d1f5653af, cutoff<=2022-03-19T00:00:00+00:00",STRUCTURAL_RECONCILIATION_ONLY
oe_structural:2022:2022-03-13:2bde3f99a28d,oe:team:2e66da41dc460dd378e3bcc57042d31,oe:team:4bd1751425ef6a9bc9d4d8e9385b4a6,period:bfbcb255cff7d2c3894f,2022.0,Spring,regular,2022-03-13,BO1,2022-03-12T21:07:29+00:00,HIGH_CONFIDENCE_STRUCTURAL,"season=2022, team=oe:team:2e66da41dc460dd378e3bcc57042d31, cutoff<=2022-03-13T00:00:00+00:00",STRUCTURAL_RECONCILIATION_ONLY
oe_structural:2022:2022-03-13:2bde3f99a28d,oe:team:4bd1751425ef6a9bc9d4d8e9385b4a6,oe:team:2e66da41dc460dd378e3bcc57042d31,period:bfbcb255cff7d2c3894f,2022.0,Spring,regular,2022-03-13,BO1,2022-03-12T21:07:29+00:00,HIGH_CONFIDENCE_STRUCTURAL,"season=2022, team=oe:team:4bd1751425ef6a9bc9d4d8e9385b4a6, cutoff<=2022-03-13T00:00:00+00:00",STRUCTURAL_RECONCILIATION_ONLY
oe_structural:2022:2022-03-19:65806f9d8f18,oe:team:4bd1751425ef6a9bc9d4d8e9385b4a6,oe:team:c334c629fea759876e9e04afbe4aee7,period:bfbcb255cff7d2c3894f,2022.0,Spring,regular,2022-03-19,BO1,2022-03-12T21:07:29+00:00,HIGH_CONFIDENCE_STRUCTURAL,"season=2022, team=oe:team:4bd1751425ef6a9bc9d4d8e9385b4a6, cutoff<=2022-03-19T00:00:00+00:00",STRUCTURAL_RECONCILIATION_ONLY
oe_structural:2022:2022-03-13:c8185c284d4d,oe:team:87ee02298073abc2d55060f097d4041,oe:team:cbfaf0ca2181f0903d2fcceb6c28f3b,period:bfbcb255cff7d2c3894f,2022.0,Spring,regular,2022-03-13,BO1,2022-03-12T21:07:29+00:00,HIGH_CONFIDENCE_STRUCTURAL,"season=2022, team=oe:team:87ee02298073abc2d55060f097d4041, cutoff<=2022-03-13T00:00:00+00:00",STRUCTURAL_RECONCILIATION_ONLY
oe_structural:2022:2022-03-13:63472db8025a,oe:team:8eb884e168f28402ce685bedebb5250,oe:team:fc8e90107dabb9a35c490b0d86adea0,period:bfbcb255cff7d2c3894f,2022.0,Spring,regular,2022-03-13,BO1,2022-03-12T21:07:29+00:00,HIGH_CONFIDENCE_STRUCTURAL,"season=2022, team=oe:team:8eb884e168f28402ce685bedebb5250, cutoff<=2022-03-13T00:00:00+00:00",STRUCTURAL_RECONCILIATION_ONLY
oe_structural:2022:2022-03-19:df8a5ccd6d45,oe:team:8eb884e168f28402ce685bedebb5250,oe:team:cbfaf0ca2181f0903d2fcceb6c28f3b,period:bfbcb255cff7d2c3894f,2022.0,Spring,regular,2022-03-19,BO1,2022-03-12T21:07:29+00:00,HIGH_CONFIDENCE_STRUCTURAL,"season=2022, team=oe:team:8eb884e168f28402ce685bedebb5250, cutoff<=2022-03-19T00:00:00+00:00",STRUCTURAL_RECONCILIATION_ONLY
oe_structural:2022:2022-03-13:574f3be12748,oe:team:a22510a4756fa424cb0771b13261139,oe:team:0dbb780176ecad18f17292d1f5653af,period:bfbcb255cff7d2c3894f,2022.0,Spring,regular,2022-03-13,BO1,2022-03-12T21:07:29+00:00,HIGH_CONFIDENCE_STRUCTURAL,"season=2022, team=oe:team:a22510a4756fa424cb0771b13261139, cutoff<=2022-03-13T00:00:00+00:00",STRUCTURAL_RECONCILIATION_ONLY
oe_structural:2022:2022-03-13:de233958d869,oe:team:a22510a4756fa424cb0771b13261139,oe:team:f7f7324c151aa6ed770b244ce08e027,period:bfbcb255cff7d2c3894f,2022.0,Spring,regular,2022-03-13,BO1,2022-03-12T21:07:29+00:00,HIGH_CONFIDENCE_STRUCTURAL,"season=2022, team=oe:team:a22510a4756fa424cb0771b13261139, cutoff<=2022-03-13T00:00:00+00:00",STRUCTURAL_RECONCILIATION_ONLY
oe_structural:2022:2022-03-19:0364514a5807,oe:team:a22510a4756fa424cb0771b13261139,oe:team:fc8e90107dabb9a35c490b0d86adea0,period:bfbcb255cff7d2c3894f,2022.0,Spring,regular,2022-03-19,BO1,2022-03-12T21:07:29+00:00,HIGH_CONFIDENCE_STRUCTURAL,"season=2022, team=oe:team:a22510a4756fa424cb0771b13261139, cutoff<=2022-03-19T00:00:00+00:00",STRUCTURAL_RECONCILIATION_ONLY
oe_structural:2022:2022-03-13:7898fad0b140,oe:team:c334c629fea759876e9e04afbe4aee7,oe:team:0dbb780176ecad18f17292d1f5653af,period:bfbcb255cff7d2c3894f,2022.0,Spring,regular,2022-03-13,BO1,2022-03-12T21:07:29+00:00,HIGH_CONFIDENCE_STRUCTURAL,"season=2022, team=oe:team:c334c629fea759876e9e04afbe4aee7, cutoff<=2022-03-13T00:00:00+00:00",STRUCTURAL_RECONCILIATION_ONLY
oe_structural:2022:2022-03-13:c70b74f1aa12,oe:team:c334c629fea759876e9e04afbe4aee7,oe:team:fc8e90107dabb9a35c490b0d86adea0,period:bfbcb255cff7d2c3894f,2022.0,Spring,regular,2022-03-13,BO1,2022-03-12T21:07:29+00:00,HIGH_CONFIDENCE_STRUCTURAL,"season=2022, team=oe:team:c334c629fea759876e9e04afbe4aee7, cutoff<=2022-03-13T00:00:00+00:00",STRUCTURAL_RECONCILIATION_ONLY
oe_structural:2022:2022-03-19:65806f9d8f18,oe:team:c334c629fea759876e9e04afbe4aee7,oe:team:4bd1751425ef6a9bc9d4d8e9385b4a6,period:bfbcb255cff7d2c3894f,2022.0,Spring,regular,2022-03-19,BO1,2022-03-12T21:07:29+00:00,HIGH_CONFIDENCE_STRUCTURAL,"season=2022, team=oe:team:c334c629fea759876e9e04afbe4aee7, cutoff<=2022-03-19T00:00:00+00:00",STRUCTURAL_RECONCILIATION_ONLY
oe_structural:2022:2022-03-13:c8185c284d4d,oe:team:cbfaf0ca2181f0903d2fcceb6c28f3b,oe:team:87ee02298073abc2d55060f097d4041,period:bfbcb255cff7d2c3894f,2022.0,Spring,regular,2022-03-13,BO1,2022-03-12T21:07:29+00:00,HIGH_CONFIDENCE_STRUCTURAL,"season=2022, team=oe:team:cbfaf0ca2181f0903d2fcceb6c28f3b, cutoff<=2022-03-13T00:00:00+00:00",STRUCTURAL_RECONCILIATION_ONLY
oe_structural:2022:2022-03-19:df8a5ccd6d45,oe:team:cbfaf0ca2181f0903d2fcceb6c28f3b,oe:team:8eb884e168f28402ce685bedebb5250,period:bfbcb255cff7d2c3894f,2022.0,Spring,regular,2022-03-19,BO1,2022-03-12T21:07:29+00:00,HIGH_CONFIDENCE_STRUCTURAL,"season=2022, team=oe:team:cbfaf0ca2181f0903d2fcceb6c28f3b, cutoff<=2022-03-19T00:00:00+00:00",STRUCTURAL_RECONCILIATION_ONLY
oe_structural:2022:2022-03-13:de233958d869,oe:team:f7f7324c151aa6ed770b244ce08e027,oe:team:a22510a4756fa424cb0771b13261139,period:bfbcb255cff7d2c3894f,2022.0,Spring,regular,2022-03-13,BO1,2022-03-12T21:07:29+00:00,HIGH_CONFIDENCE_STRUCTURAL,"season=2022, team=oe:team:f7f7324c151aa6ed770b244ce08e027, cutoff<=2022-03-13T00:00:00+00:00",STRUCTURAL_RECONCILIATION_ONLY
oe_structural:2022:2022-03-19:8f2bb6184a94,oe:team:f7f7324c151aa6ed770b244ce08e027,oe:team:0dbb780176ecad18f17292d1f5653af,period:bfbcb255cff7d2c3894f,2022.0,Spring,regular,2022-03-19,BO1,2022-03-12T21:07:29+00:00,HIGH_CONFIDENCE_STRUCTURAL,"season=2022, team=oe:team:f7f7324c151aa6ed770b244ce08e027, cutoff<=2022-03-19T00:00:00+00:00",STRUCTURAL_RECONCILIATION_ONLY
oe_structural:2022:2022-03-13:63472db8025a,oe:team:fc8e90107dabb9a35c490b0d86adea0,oe:team:8eb884e168f28402ce685bedebb5250,period:bfbcb255cff7d2c3894f,2022.0,Spring,regular,2022-03-13,BO1,2022-03-12T21:07:29+00:00,HIGH_CONFIDENCE_STRUCTURAL,"season=2022, team=oe:team:fc8e90107dabb9a35c490b0d86adea0, cutoff<=2022-03-13T00:00:00+00:00",STRUCTURAL_RECONCILIATION_ONLY
oe_structural:2022:2022-03-13:c70b74f1aa12,oe:team:fc8e90107dabb9a35c490b0d86adea0,oe:team:c334c629fea759876e9e04afbe4aee7,period:bfbcb255cff7d2c3894f,2022.0,Spring,regular,2022-03-13,BO1,2022-03-12T21:07:29+00:00,HIGH_CONFIDENCE_STRUCTURAL,"season=2022, team=oe:team:fc8e90107dabb9a35c490b0d86adea0, cutoff<=2022-03-13T00:00:00+00:00",STRUCTURAL_RECONCILIATION_ONLY
oe_structural:2022:2022-03-19:0364514a5807,oe:team:fc8e90107dabb9a35c490b0d86adea0,oe:team:a22510a4756fa424cb0771b13261139,period:bfbcb255cff7d2c3894f,2022.0,Spring,regular,2022-03-19,BO1,2022-03-12T21:07:29+00:00,HIGH_CONFIDENCE_STRUCTURAL,"season=2022, team=oe:team:fc8e90107dabb9a35c490b0d86adea0, cutoff<=2022-03-19T00:00:00+00:00",STRUCTURAL_RECONCILIATION_ONLY
oe_structural:2024:2024-08-30:bd24ccc90d71,oe:team:0dbb780176ecad18f17292d1f5653af,oe:team:4bd1751425ef6a9bc9d4d8e9385b4a6,period:c0a1c4ffff2a32aacb10,2024.0,Summer,playoffs,2024-08-30,BO5,2024-08-23T20:07:51+00:00,HIGH_CONFIDENCE_STRUCTURAL,"season=2024, team=oe:team:0dbb780176ecad18f17292d1f5653af, cutoff<=2024-08-30T00:00:00+00:00",STRUCTURAL_RECONCILIATION_ONLY
oe_structural:2024:2024-08-25:d6582b3cc171,oe:team:2e66da41dc460dd378e3bcc57042d31,oe:team:fc8e90107dabb9a35c490b0d86adea0,period:c0a1c4ffff2a32aacb10,2024.0,Summer,playoffs,2024-08-25,BO5,2024-08-23T20:07:51+00:00,HIGH_CONFIDENCE_STRUCTURAL,"season=2024, team=oe:team:2e66da41dc460dd378e3bcc57042d31, cutoff<=2024-08-25T00:00:00+00:00",STRUCTURAL_RECONCILIATION_ONLY
oe_structural:2024:2024-08-24:21e8ccfb1bce,oe:team:4bd1751425ef6a9bc9d4d8e9385b4a6,oe:team:8eb884e168f28402ce685bedebb5250,period:c0a1c4ffff2a32aacb10,2024.0,Summer,playoffs,2024-08-24,BO5,2024-08-23T20:07:51+00:00,HIGH_CONFIDENCE_STRUCTURAL,"season=2024, team=oe:team:4bd1751425ef6a9bc9d4d8e9385b4a6, cutoff<=2024-08-24T00:00:00+00:00",STRUCTURAL_RECONCILIATION_ONLY
oe_structural:2024:2024-08-30:bd24ccc90d71,oe:team:4bd1751425ef6a9bc9d4d8e9385b4a6,oe:team:0dbb780176ecad18f17292d1f5653af,period:c0a1c4ffff2a32aacb10,2024.0,Summer,playoffs,2024-08-30,BO5,2024-08-23T20:07:51+00:00,HIGH_CONFIDENCE_STRUCTURAL,"season=2024, team=oe:team:4bd1751425ef6a9bc9d4d8e9385b4a6, cutoff<=2024-08-30T00:00:00+00:00",STRUCTURAL_RECONCILIATION_ONLY
oe_structural:2024:2024-08-24:21e8ccfb1bce,oe:team:8eb884e168f28402ce685bedebb5250,oe:team:4bd1751425ef6a9bc9d4d8e9385b4a6,period:c0a1c4ffff2a32aacb10,2024.0,Summer,playoffs,2024-08-24,BO5,2024-08-23T20:07:51+00:00,HIGH_CONFIDENCE_STRUCTURAL,"season=2024, team=oe:team:8eb884e168f28402ce685bedebb5250, cutoff<=2024-08-24T00:00:00+00:00",STRUCTURAL_RECONCILIATION_ONLY
oe_structural:2024:2024-08-25:d6582b3cc171,oe:team:fc8e90107dabb9a35c490b0d86adea0,oe:team:2e66da41dc460dd378e3bcc57042d31,period:c0a1c4ffff2a32aacb10,2024.0,Summer,playoffs,2024-08-25,BO5,2024-08-23T20:07:51+00:00,HIGH_CONFIDENCE_STRUCTURAL,"season=2024, team=oe:team:fc8e90107dabb9a35c490b0d86adea0, cutoff<=2024-08-25T00:00:00+00:00",STRUCTURAL_RECONCILIATION_ONLY
oe_structural:2020:2020-09-06:1c35693bfa0c,oe:team:2e66da41dc460dd378e3bcc57042d31,oe:team:a22510a4756fa424cb0771b13261139,period:c131bd9da535908c94f0,2020.0,Summer,playoffs,2020-09-06,BO5,2020-09-05T19:31:41+00:00,HIGH_CONFIDENCE_STRUCTURAL,"season=2020, team=oe:team:2e66da41dc460dd378e3bcc57042d31, cutoff<=2020-09-06T00:00:00+00:00",STRUCTURAL_RECONCILIATION_ONLY
oe_structural:2020:2020-09-07:b3e651a7134b,oe:team:2e66da41dc460dd378e3bcc57042d31,oe:team:a22510a4756fa424cb0771b13261139,period:c131bd9da535908c94f0,2020.0,Summer,playoffs,2020-09-07,BO5,2020-09-05T19:31:41+00:00,HIGH_CONFIDENCE_STRUCTURAL,"season=2020, team=oe:team:2e66da41dc460dd378e3bcc57042d31, cutoff<=2020-09-07T00:00:00+00:00",STRUCTURAL_RECONCILIATION_ONLY
oe_structural:2020:2020-09-06:b127f36bc226,oe:team:8eb884e168f28402ce685bedebb5250,oe:team:a22510a4756fa424cb0771b13261139,period:c131bd9da535908c94f0,2020.0,Summer,playoffs,2020-09-06,BO5,2020-09-05T19:31:41+00:00,HIGH_CONFIDENCE_STRUCTURAL,"season=2020, team=oe:team:8eb884e168f28402ce685bedebb5250, cutoff<=2020-09-06T00:00:00+00:00",STRUCTURAL_RECONCILIATION_ONLY
oe_structural:2020:2020-09-06:1c35693bfa0c,oe:team:a22510a4756fa424cb0771b13261139,oe:team:2e66da41dc460dd378e3bcc57042d31,period:c131bd9da535908c94f0,2020.0,Summer,playoffs,2020-09-06,BO5,2020-09-05T19:31:41+00:00,HIGH_CONFIDENCE_STRUCTURAL,"season=2020, team=oe:team:a22510a4756fa424cb0771b13261139, cutoff<=2020-09-06T00:00:00+00:00",STRUCTURAL_RECONCILIATION_ONLY
oe_structural:2020:2020-09-06:b127f36bc226,oe:team:a22510a4756fa424cb0771b13261139,oe:team:8eb884e168f28402ce685bedebb5250,period:c131bd9da535908c94f0,2020.0,Summer,playoffs,2020-09-06,BO5,2020-09-05T19:31:41+00:00,HIGH_CONFIDENCE_STRUCTURAL,"season=2020, team=oe:team:a22510a4756fa424cb0771b13261139, cutoff<=2020-09-06T00:00:00+00:00",STRUCTURAL_RECONCILIATION_ONLY
oe_structural:2020:2020-09-07:b3e651a7134b,oe:team:a22510a4756fa424cb0771b13261139,oe:team:2e66da41dc460dd378e3bcc57042d31,period:c131bd9da535908c94f0,2020.0,Summer,playoffs,2020-09-07,BO5,2020-09-05T19:31:41+00:00,HIGH_CONFIDENCE_STRUCTURAL,"season=2020, team=oe:team:a22510a4756fa424cb0771b13261139, cutoff<=2020-09-07T00:00:00+00:00",STRUCTURAL_RECONCILIATION_ONLY
oe_structural:2023:2023-08-20:5a0997d33b33,oe:team:e758ebe9a5a2cc81b9c8078479c2d87,oe:team:fc8e90107dabb9a35c490b0d86adea0,period:c21bdc9dc5e7a7f7922d,2023.0,Summer,playoffs,2023-08-20,BO5,2023-08-19T20:18:53+00:00,HIGH_CONFIDENCE_STRUCTURAL,"season=2023, team=oe:team:e758ebe9a5a2cc81b9c8078479c2d87, cutoff<=2023-08-20T00:00:00+00:00",STRUCTURAL_RECONCILIATION_ONLY
oe_structural:2023:2023-08-20:5a0997d33b33,oe:team:fc8e90107dabb9a35c490b0d86adea0,oe:team:e758ebe9a5a2cc81b9c8078479c2d87,period:c21bdc9dc5e7a7f7922d,2023.0,Summer,playoffs,2023-08-20,BO5,2023-08-19T20:18:53+00:00,HIGH_CONFIDENCE_STRUCTURAL,"season=2023, team=oe:team:fc8e90107dabb9a35c490b0d86adea0, cutoff<=2023-08-20T00:00:00+00:00",STRUCTURAL_RECONCILIATION_ONLY
oe_structural:2023:2023-06-29:267889d8a2b5,oe:team:0dbb780176ecad18f17292d1f5653af,oe:team:4bd1751425ef6a9bc9d4d8e9385b4a6,period:c790283b449e6bb25672,2023.0,Summer,regular,2023-06-29,BO1,2023-06-28T21:06:50+00:00,HIGH_CONFIDENCE_STRUCTURAL,"season=2023, team=oe:team:0dbb780176ecad18f17292d1f5653af, cutoff<=2023-06-29T00:00:00+00:00",STRUCTURAL_RECONCILIATION_ONLY
oe_structural:2023:2023-06-29:641d2033d6a6,oe:team:0dbb780176ecad18f17292d1f5653af,oe:team:a22510a4756fa424cb0771b13261139,period:c790283b449e6bb25672,2023.0,Summer,regular,2023-06-29,BO1,2023-06-28T21:06:50+00:00,HIGH_CONFIDENCE_STRUCTURAL,"season=2023, team=oe:team:0dbb780176ecad18f17292d1f5653af, cutoff<=2023-06-29T00:00:00+00:00",STRUCTURAL_RECONCILIATION_ONLY
oe_structural:2023:2023-06-30:21946cd25ded,oe:team:0dbb780176ecad18f17292d1f5653af,oe:team:e758ebe9a5a2cc81b9c8078479c2d87,period:c790283b449e6bb25672,2023.0,Summer,regular,2023-06-30,BO1,2023-06-28T21:06:50+00:00,HIGH_CONFIDENCE_STRUCTURAL,"season=2023, team=oe:team:0dbb780176ecad18f17292d1f5653af, cutoff<=2023-06-30T00:00:00+00:00",STRUCTURAL_RECONCILIATION_ONLY
oe_structural:2023:2023-07-05:1158cc0ac88a,oe:team:0dbb780176ecad18f17292d1f5653af,oe:team:f7f7324c151aa6ed770b244ce08e027,period:c790283b449e6bb25672,2023.0,Summer,regular,2023-07-05,BO1,2023-06-28T21:06:50+00:00,HIGH_CONFIDENCE_STRUCTURAL,"season=2023, team=oe:team:0dbb780176ecad18f17292d1f5653af, cutoff<=2023-07-05T00:00:00+00:00",STRUCTURAL_RECONCILIATION_ONLY
oe_structural:2023:2023-06-29:24cfbda79b0d,oe:team:2e66da41dc460dd378e3bcc57042d31,oe:team:e758ebe9a5a2cc81b9c8078479c2d87,period:c790283b449e6bb25672,2023.0,Summer,regular,2023-06-29,BO1,2023-06-28T21:06:50+00:00,HIGH_CONFIDENCE_STRUCTURAL,"season=2023, team=oe:team:2e66da41dc460dd378e3bcc57042d31, cutoff<=2023-06-29T00:00:00+00:00",STRUCTURAL_RECONCILIATION_ONLY
oe_structural:2023:2023-07-01:c21c63904795,oe:team:2e66da41dc460dd378e3bcc57042d31,oe:team:c334c629fea759876e9e04afbe4aee7,period:c790283b449e6bb25672,2023.0,Summer,regular,2023-07-01,BO1,2023-06-28T21:06:50+00:00,HIGH_CONFIDENCE_STRUCTURAL,"season=2023, team=oe:team:2e66da41dc460dd378e3bcc57042d31, cutoff<=2023-07-01T00:00:00+00:00",STRUCTURAL_RECONCILIATION_ONLY
oe_structural:2023:2023-07-05:ee07e94daca9,oe:team:2e66da41dc460dd378e3bcc57042d31,oe:team:4bd1751425ef6a9bc9d4d8e9385b4a6,period:c790283b449e6bb25672,2023.0,Summer,regular,2023-07-05,BO1,2023-06-28T21:06:50+00:00,HIGH_CONFIDENCE_STRUCTURAL,"season=2023, team=oe:team:2e66da41dc460dd378e3bcc57042d31, cutoff<=2023-07-05T00:00:00+00:00",STRUCTURAL_RECONCILIATION_ONLY
oe_structural:2023:2023-06-29:267889d8a2b5,oe:team:4bd1751425ef6a9bc9d4d8e9385b4a6,oe:team:0dbb780176ecad18f17292d1f5653af,period:c790283b449e6bb25672,2023.0,Summer,regular,2023-06-29,BO1,2023-06-28T21:06:50+00:00,HIGH_CONFIDENCE_STRUCTURAL,"season=2023, team=oe:team:4bd1751425ef6a9bc9d4d8e9385b4a6, cutoff<=2023-06-29T00:00:00+00:00",STRUCTURAL_RECONCILIATION_ONLY
oe_structural:2023:2023-06-30:9222ff9ac306,oe:team:4bd1751425ef6a9bc9d4d8e9385b4a6,oe:team:a22510a4756fa424cb0771b13261139,period:c790283b449e6bb25672,2023.0,Summer,regular,2023-06-30,BO1,2023-06-28T21:06:50+00:00,HIGH_CONFIDENCE_STRUCTURAL,"season=2023, team=oe:team:4bd1751425ef6a9bc9d4d8e9385b4a6, cutoff<=2023-06-30T00:00:00+00:00",STRUCTURAL_RECONCILIATION_ONLY
oe_structural:2023:2023-06-30:f42e924cc797,oe:team:4bd1751425ef6a9bc9d4d8e9385b4a6,oe:team:87ee02298073abc2d55060f097d4041,period:c790283b449e6bb25672,2023.0,Summer,regular,2023-06-30,BO1,2023-06-28T21:06:50+00:00,HIGH_CONFIDENCE_STRUCTURAL,"season=2023, team=oe:team:4bd1751425ef6a9bc9d4d8e9385b4a6, cutoff<=2023-06-30T00:00:00+00:00",STRUCTURAL_RECONCILIATION_ONLY
oe_structural:2023:2023-07-05:ee07e94daca9,oe:team:4bd1751425ef6a9bc9d4d8e9385b4a6,oe:team:2e66da41dc460dd378e3bcc57042d31,period:c790283b449e6bb25672,2023.0,Summer,regular,2023-07-05,BO1,2023-06-28T21:06:50+00:00,HIGH_CONFIDENCE_STRUCTURAL,"season=2023, team=oe:team:4bd1751425ef6a9bc9d4d8e9385b4a6, cutoff<=2023-07-05T00:00:00+00:00",STRUCTURAL_RECONCILIATION_ONLY
oe_structural:2023:2023-06-30:ebf938e17992,oe:team:87ee02298073abc2d55060f097d4041,oe:team:8eb884e168f28402ce685bedebb5250,period:c790283b449e6bb25672,2023.0,Summer,regular,2023-06-30,BO1,2023-06-28T21:06:50+00:00,HIGH_CONFIDENCE_STRUCTURAL,"season=2023, team=oe:team:87ee02298073abc2d55060f097d4041, cutoff<=2023-06-30T00:00:00+00:00",STRUCTURAL_RECONCILIATION_ONLY
oe_structural:2023:2023-06-30:f42e924cc797,oe:team:87ee02298073abc2d55060f097d4041,oe:team:4bd1751425ef6a9bc9d4d8e9385b4a6,period:c790283b449e6bb25672,2023.0,Summer,regular,2023-06-30,BO1,2023-06-28T21:06:50+00:00,HIGH_CONFIDENCE_STRUCTURAL,"season=2023, team=oe:team:87ee02298073abc2d55060f097d4041, cutoff<=2023-06-30T00:00:00+00:00",STRUCTURAL_RECONCILIATION_ONLY
oe_structural:2023:2023-07-05:25fb5dee8a2a,oe:team:87ee02298073abc2d55060f097d4041,oe:team:fc8e90107dabb9a35c490b0d86adea0,period:c790283b449e6bb25672,2023.0,Summer,regular,2023-07-05,BO1,2023-06-28T21:06:50+00:00,HIGH_CONFIDENCE_STRUCTURAL,"season=2023, team=oe:team:87ee02298073abc2d55060f097d4041, cutoff<=2023-07-05T00:00:00+00:00",STRUCTURAL_RECONCILIATION_ONLY
oe_structural:2023:2023-06-29:79b704df7b6f,oe:team:8eb884e168f28402ce685bedebb5250,oe:team:fc8e90107dabb9a35c490b0d86adea0,period:c790283b449e6bb25672,2023.0,Summer,regular,2023-06-29,BO1,2023-06-28T21:06:50+00:00,HIGH_CONFIDENCE_STRUCTURAL,"season=2023, team=oe:team:8eb884e168f28402ce685bedebb5250, cutoff<=2023-06-29T00:00:00+00:00",STRUCTURAL_RECONCILIATION_ONLY
oe_structural:2023:2023-06-30:ebf938e17992,oe:team:8eb884e168f28402ce685bedebb5250,oe:team:87ee02298073abc2d55060f097d4041,period:c790283b449e6bb25672,2023.0,Summer,regular,2023-06-30,BO1,2023-06-28T21:06:50+00:00,HIGH_CONFIDENCE_STRUCTURAL,"season=2023, team=oe:team:8eb884e168f28402ce685bedebb5250, cutoff<=2023-06-30T00:00:00+00:00",STRUCTURAL_RECONCILIATION_ONLY
oe_structural:2023:2023-06-29:641d2033d6a6,oe:team:a22510a4756fa424cb0771b13261139,oe:team:0dbb780176ecad18f17292d1f5653af,period:c790283b449e6bb25672,2023.0,Summer,regular,2023-06-29,BO1,2023-06-28T21:06:50+00:00,HIGH_CONFIDENCE_STRUCTURAL,"season=2023, team=oe:team:a22510a4756fa424cb0771b13261139, cutoff<=2023-06-29T00:00:00+00:00",STRUCTURAL_RECONCILIATION_ONLY
oe_structural:2023:2023-06-30:9222ff9ac306,oe:team:a22510a4756fa424cb0771b13261139,oe:team:4bd1751425ef6a9bc9d4d8e9385b4a6,period:c790283b449e6bb25672,2023.0,Summer,regular,2023-06-30,BO1,2023-06-28T21:06:50+00:00,HIGH_CONFIDENCE_STRUCTURAL,"season=2023, team=oe:team:a22510a4756fa424cb0771b13261139, cutoff<=2023-06-30T00:00:00+00:00",STRUCTURAL_RECONCILIATION_ONLY
oe_structural:2023:2023-07-05:7203c563622a,oe:team:a22510a4756fa424cb0771b13261139,oe:team:c334c629fea759876e9e04afbe4aee7,period:c790283b449e6bb25672,2023.0,Summer,regular,2023-07-05,BO1,2023-06-28T21:06:50+00:00,HIGH_CONFIDENCE_STRUCTURAL,"season=2023, team=oe:team:a22510a4756fa424cb0771b13261139, cutoff<=2023-07-05T00:00:00+00:00",STRUCTURAL_RECONCILIATION_ONLY
oe_structural:2023:2023-06-29:1aac184a4ef2,oe:team:c334c629fea759876e9e04afbe4aee7,oe:team:f7f7324c151aa6ed770b244ce08e027,period:c790283b449e6bb25672,2023.0,Summer,regular,2023-06-29,BO1,2023-06-28T21:06:50+00:00,HIGH_CONFIDENCE_STRUCTURAL,"season=2023, team=oe:team:c334c629fea759876e9e04afbe4aee7, cutoff<=2023-06-29T00:00:00+00:00",STRUCTURAL_RECONCILIATION_ONLY
oe_structural:2023:2023-06-29:766b074b292d,oe:team:c334c629fea759876e9e04afbe4aee7,oe:team:fc8e90107dabb9a35c490b0d86adea0,period:c790283b449e6bb25672,2023.0,Summer,regular,2023-06-29,BO1,2023-06-28T21:06:50+00:00,HIGH_CONFIDENCE_STRUCTURAL,"season=2023, team=oe:team:c334c629fea759876e9e04afbe4aee7, cutoff<=2023-06-29T00:00:00+00:00",STRUCTURAL_RECONCILIATION_ONLY
oe_structural:2023:2023-07-01:c21c63904795,oe:team:c334c629fea759876e9e04afbe4aee7,oe:team:2e66da41dc460dd378e3bcc57042d31,period:c790283b449e6bb25672,2023.0,Summer,regular,2023-07-01,BO1,2023-06-28T21:06:50+00:00,HIGH_CONFIDENCE_STRUCTURAL,"season=2023, team=oe:team:c334c629fea759876e9e04afbe4aee7, cutoff<=2023-07-01T00:00:00+00:00",STRUCTURAL_RECONCILIATION_ONLY
oe_structural:2023:2023-07-05:7203c563622a,oe:team:c334c629fea759876e9e04afbe4aee7,oe:team:a22510a4756fa424cb0771b13261139,period:c790283b449e6bb25672,2023.0,Summer,regular,2023-07-05,BO1,2023-06-28T21:06:50+00:00,HIGH_CONFIDENCE_STRUCTURAL,"season=2023, team=oe:team:c334c629fea759876e9e04afbe4aee7, cutoff<=2023-07-05T00:00:00+00:00",STRUCTURAL_RECONCILIATION_ONLY
oe_structural:2023:2023-06-29:24cfbda79b0d,oe:team:e758ebe9a5a2cc81b9c8078479c2d87,oe:team:2e66da41dc460dd378e3bcc57042d31,period:c790283b449e6bb25672,2023.0,Summer,regular,2023-06-29,BO1,2023-06-28T21:06:50+00:00,HIGH_CONFIDENCE_STRUCTURAL,"season=2023, team=oe:team:e758ebe9a5a2cc81b9c8078479c2d87, cutoff<=2023-06-29T00:00:00+00:00",STRUCTURAL_RECONCILIATION_ONLY
oe_structural:2023:2023-06-30:21946cd25ded,oe:team:e758ebe9a5a2cc81b9c8078479c2d87,oe:team:0dbb780176ecad18f17292d1f5653af,period:c790283b449e6bb25672,2023.0,Summer,regular,2023-06-30,BO1,2023-06-28T21:06:50+00:00,HIGH_CONFIDENCE_STRUCTURAL,"season=2023, team=oe:team:e758ebe9a5a2cc81b9c8078479c2d87, cutoff<=2023-06-30T00:00:00+00:00",STRUCTURAL_RECONCILIATION_ONLY
oe_structural:2023:2023-06-29:1aac184a4ef2,oe:team:f7f7324c151aa6ed770b244ce08e027,oe:team:c334c629fea759876e9e04afbe4aee7,period:c790283b449e6bb25672,2023.0,Summer,regular,2023-06-29,BO1,2023-06-28T21:06:50+00:00,HIGH_CONFIDENCE_STRUCTURAL,"season=2023, team=oe:team:f7f7324c151aa6ed770b244ce08e027, cutoff<=2023-06-29T00:00:00+00:00",STRUCTURAL_RECONCILIATION_ONLY
oe_structural:2023:2023-06-30:7d628dcf5217,oe:team:f7f7324c151aa6ed770b244ce08e027,oe:team:fc8e90107dabb9a35c490b0d86adea0,period:c790283b449e6bb25672,2023.0,Summer,regular,2023-06-30,BO1,2023-06-28T21:06:50+00:00,HIGH_CONFIDENCE_STRUCTURAL,"season=2023, team=oe:team:f7f7324c151aa6ed770b244ce08e027, cutoff<=2023-06-30T00:00:00+00:00",STRUCTURAL_RECONCILIATION_ONLY
oe_structural:2023:2023-07-05:1158cc0ac88a,oe:team:f7f7324c151aa6ed770b244ce08e027,oe:team:0dbb780176ecad18f17292d1f5653af,period:c790283b449e6bb25672,2023.0,Summer,regular,2023-07-05,BO1,2023-06-28T21:06:50+00:00,HIGH_CONFIDENCE_STRUCTURAL,"season=2023, team=oe:team:f7f7324c151aa6ed770b244ce08e027, cutoff<=2023-07-05T00:00:00+00:00",STRUCTURAL_RECONCILIATION_ONLY
oe_structural:2023:2023-06-29:766b074b292d,oe:team:fc8e90107dabb9a35c490b0d86adea0,oe:team:c334c629fea759876e9e04afbe4aee7,period:c790283b449e6bb25672,2023.0,Summer,regular,2023-06-29,BO1,2023-06-28T21:06:50+00:00,HIGH_CONFIDENCE_STRUCTURAL,"season=2023, team=oe:team:fc8e90107dabb9a35c490b0d86adea0, cutoff<=2023-06-29T00:00:00+00:00",STRUCTURAL_RECONCILIATION_ONLY
oe_structural:2023:2023-06-29:79b704df7b6f,oe:team:fc8e90107dabb9a35c490b0d86adea0,oe:team:8eb884e168f28402ce685bedebb5250,period:c790283b449e6bb25672,2023.0,Summer,regular,2023-06-29,BO1,2023-06-28T21:06:50+00:00,HIGH_CONFIDENCE_STRUCTURAL,"season=2023, team=oe:team:fc8e90107dabb9a35c490b0d86adea0, cutoff<=2023-06-29T00:00:00+00:00",STRUCTURAL_RECONCILIATION_ONLY
oe_structural:2023:2023-06-30:7d628dcf5217,oe:team:fc8e90107dabb9a35c490b0d86adea0,oe:team:f7f7324c151aa6ed770b244ce08e027,period:c790283b449e6bb25672,2023.0,Summer,regular,2023-06-30,BO1,2023-06-28T21:06:50+00:00,HIGH_CONFIDENCE_STRUCTURAL,"season=2023, team=oe:team:fc8e90107dabb9a35c490b0d86adea0, cutoff<=2023-06-30T00:00:00+00:00",STRUCTURAL_RECONCILIATION_ONLY
oe_structural:2023:2023-07-05:25fb5dee8a2a,oe:team:fc8e90107dabb9a35c490b0d86adea0,oe:team:87ee02298073abc2d55060f097d4041,period:c790283b449e6bb25672,2023.0,Summer,regular,2023-07-05,BO1,2023-06-28T21:06:50+00:00,HIGH_CONFIDENCE_STRUCTURAL,"season=2023, team=oe:team:fc8e90107dabb9a35c490b0d86adea0, cutoff<=2023-07-05T00:00:00+00:00",STRUCTURAL_RECONCILIATION_ONLY
oe_structural:2020:2020-03-01:c26de3cbeed7,oe:team:0dbb780176ecad18f17292d1f5653af,oe:team:2e66da41dc460dd378e3bcc57042d31,period:cb03c621696fc2e91764,2020.0,Spring,regular,2020-03-01,BO1,2020-02-29T21:26:53+00:00,HIGH_CONFIDENCE_STRUCTURAL,"season=2020, team=oe:team:0dbb780176ecad18f17292d1f5653af, cutoff<=2020-03-01T00:00:00+00:00",STRUCTURAL_RECONCILIATION_ONLY
oe_structural:2020:2020-03-03:b482b6d81e34,oe:team:0dbb780176ecad18f17292d1f5653af,oe:team:fc8e90107dabb9a35c490b0d86adea0,period:cb03c621696fc2e91764,2020.0,Spring,regular,2020-03-03,BO1,2020-02-29T21:26:53+00:00,HIGH_CONFIDENCE_STRUCTURAL,"season=2020, team=oe:team:0dbb780176ecad18f17292d1f5653af, cutoff<=2020-03-03T00:00:00+00:00",STRUCTURAL_RECONCILIATION_ONLY
oe_structural:2020:2020-03-07:ccd3572c6a3a,oe:team:0dbb780176ecad18f17292d1f5653af,oe:team:4bd1751425ef6a9bc9d4d8e9385b4a6,period:cb03c621696fc2e91764,2020.0,Spring,regular,2020-03-07,BO1,2020-02-29T21:26:53+00:00,HIGH_CONFIDENCE_STRUCTURAL,"season=2020, team=oe:team:0dbb780176ecad18f17292d1f5653af, cutoff<=2020-03-07T00:00:00+00:00",STRUCTURAL_RECONCILIATION_ONLY
oe_structural:2020:2020-03-01:c26de3cbeed7,oe:team:2e66da41dc460dd378e3bcc57042d31,oe:team:0dbb780176ecad18f17292d1f5653af,period:cb03c621696fc2e91764,2020.0,Spring,regular,2020-03-01,BO1,2020-02-29T21:26:53+00:00,HIGH_CONFIDENCE_STRUCTURAL,"season=2020, team=oe:team:2e66da41dc460dd378e3bcc57042d31, cutoff<=2020-03-01T00:00:00+00:00",STRUCTURAL_RECONCILIATION_ONLY
oe_structural:2020:2020-03-01:2872bc7fb7c1,oe:team:4bd1751425ef6a9bc9d4d8e9385b4a6,oe:team:8eb884e168f28402ce685bedebb5250,period:cb03c621696fc2e91764,2020.0,Spring,regular,2020-03-01,BO1,2020-02-29T21:26:53+00:00,HIGH_CONFIDENCE_STRUCTURAL,"season=2020, team=oe:team:4bd1751425ef6a9bc9d4d8e9385b4a6, cutoff<=2020-03-01T00:00:00+00:00",STRUCTURAL_RECONCILIATION_ONLY
oe_structural:2020:2020-03-01:490553000cc7,oe:team:4bd1751425ef6a9bc9d4d8e9385b4a6,oe:team:f7f7324c151aa6ed770b244ce08e027,period:cb03c621696fc2e91764,2020.0,Spring,regular,2020-03-01,BO1,2020-02-29T21:26:53+00:00,HIGH_CONFIDENCE_STRUCTURAL,"season=2020, team=oe:team:4bd1751425ef6a9bc9d4d8e9385b4a6, cutoff<=2020-03-01T00:00:00+00:00",STRUCTURAL_RECONCILIATION_ONLY
oe_structural:2020:2020-03-07:ccd3572c6a3a,oe:team:4bd1751425ef6a9bc9d4d8e9385b4a6,oe:team:0dbb780176ecad18f17292d1f5653af,period:cb03c621696fc2e91764,2020.0,Spring,regular,2020-03-07,BO1,2020-02-29T21:26:53+00:00,HIGH_CONFIDENCE_STRUCTURAL,"season=2020, team=oe:team:4bd1751425ef6a9bc9d4d8e9385b4a6, cutoff<=2020-03-07T00:00:00+00:00",STRUCTURAL_RECONCILIATION_ONLY
oe_structural:2020:2020-03-01:fea2401acd77,oe:team:87ee02298073abc2d55060f097d4041,oe:team:f7f7324c151aa6ed770b244ce08e027,period:cb03c621696fc2e91764,2020.0,Spring,regular,2020-03-01,BO1,2020-02-29T21:26:53+00:00,HIGH_CONFIDENCE_STRUCTURAL,"season=2020, team=oe:team:87ee02298073abc2d55060f097d4041, cutoff<=2020-03-01T00:00:00+00:00",STRUCTURAL_RECONCILIATION_ONLY
oe_structural:2020:2020-03-01:2872bc7fb7c1,oe:team:8eb884e168f28402ce685bedebb5250,oe:team:4bd1751425ef6a9bc9d4d8e9385b4a6,period:cb03c621696fc2e91764,2020.0,Spring,regular,2020-03-01,BO1,2020-02-29T21:26:53+00:00,HIGH_CONFIDENCE_STRUCTURAL,"season=2020, team=oe:team:8eb884e168f28402ce685bedebb5250, cutoff<=2020-03-01T00:00:00+00:00",STRUCTURAL_RECONCILIATION_ONLY
oe_structural:2020:2020-03-07:4aa4a64b9581,oe:team:8eb884e168f28402ce685bedebb5250,oe:team:cbfaf0ca2181f0903d2fcceb6c28f3b,period:cb03c621696fc2e91764,2020.0,Spring,regular,2020-03-07,BO1,2020-02-29T21:26:53+00:00,HIGH_CONFIDENCE_STRUCTURAL,"season=2020, team=oe:team:8eb884e168f28402ce685bedebb5250, cutoff<=2020-03-07T00:00:00+00:00",STRUCTURAL_RECONCILIATION_ONLY
oe_structural:2020:2020-03-01:f320d3dc1ecc,oe:team:a22510a4756fa424cb0771b13261139,oe:team:cbfaf0ca2181f0903d2fcceb6c28f3b,period:cb03c621696fc2e91764,2020.0,Spring,regular,2020-03-01,BO1,2020-02-29T21:26:53+00:00,HIGH_CONFIDENCE_STRUCTURAL,"season=2020, team=oe:team:a22510a4756fa424cb0771b13261139, cutoff<=2020-03-01T00:00:00+00:00",STRUCTURAL_RECONCILIATION_ONLY
oe_structural:2020:2020-03-07:ae8866a1af5a,oe:team:a22510a4756fa424cb0771b13261139,oe:team:fc8e90107dabb9a35c490b0d86adea0,period:cb03c621696fc2e91764,2020.0,Spring,regular,2020-03-07,BO1,2020-02-29T21:26:53+00:00,HIGH_CONFIDENCE_STRUCTURAL,"season=2020, team=oe:team:a22510a4756fa424cb0771b13261139, cutoff<=2020-03-07T00:00:00+00:00",STRUCTURAL_RECONCILIATION_ONLY
oe_structural:2020:2020-03-03:99a2b8ad7b71,oe:team:c334c629fea759876e9e04afbe4aee7,oe:team:cbfaf0ca2181f0903d2fcceb6c28f3b,period:cb03c621696fc2e91764,2020.0,Spring,regular,2020-03-03,BO1,2020-02-29T21:26:53+00:00,HIGH_CONFIDENCE_STRUCTURAL,"season=2020, team=oe:team:c334c629fea759876e9e04afbe4aee7, cutoff<=2020-03-03T00:00:00+00:00",STRUCTURAL_RECONCILIATION_ONLY
oe_structural:2020:2020-03-01:f320d3dc1ecc,oe:team:cbfaf0ca2181f0903d2fcceb6c28f3b,oe:team:a22510a4756fa424cb0771b13261139,period:cb03c621696fc2e91764,2020.0,Spring,regular,2020-03-01,BO1,2020-02-29T21:26:53+00:00,HIGH_CONFIDENCE_STRUCTURAL,"season=2020, team=oe:team:cbfaf0ca2181f0903d2fcceb6c28f3b, cutoff<=2020-03-01T00:00:00+00:00",STRUCTURAL_RECONCILIATION_ONLY
oe_structural:2020:2020-03-03:99a2b8ad7b71,oe:team:cbfaf0ca2181f0903d2fcceb6c28f3b,oe:team:c334c629fea759876e9e04afbe4aee7,period:cb03c621696fc2e91764,2020.0,Spring,regular,2020-03-03,BO1,2020-02-29T21:26:53+00:00,HIGH_CONFIDENCE_STRUCTURAL,"season=2020, team=oe:team:cbfaf0ca2181f0903d2fcceb6c28f3b, cutoff<=2020-03-03T00:00:00+00:00",STRUCTURAL_RECONCILIATION_ONLY
oe_structural:2020:2020-03-07:4aa4a64b9581,oe:team:cbfaf0ca2181f0903d2fcceb6c28f3b,oe:team:8eb884e168f28402ce685bedebb5250,period:cb03c621696fc2e91764,2020.0,Spring,regular,2020-03-07,BO1,2020-02-29T21:26:53+00:00,HIGH_CONFIDENCE_STRUCTURAL,"season=2020, team=oe:team:cbfaf0ca2181f0903d2fcceb6c28f3b, cutoff<=2020-03-07T00:00:00+00:00",STRUCTURAL_RECONCILIATION_ONLY
oe_structural:2020:2020-03-01:490553000cc7,oe:team:f7f7324c151aa6ed770b244ce08e027,oe:team:4bd1751425ef6a9bc9d4d8e9385b4a6,period:cb03c621696fc2e91764,2020.0,Spring,regular,2020-03-01,BO1,2020-02-29T21:26:53+00:00,HIGH_CONFIDENCE_STRUCTURAL,"season=2020, team=oe:team:f7f7324c151aa6ed770b244ce08e027, cutoff<=2020-03-01T00:00:00+00:00",STRUCTURAL_RECONCILIATION_ONLY
oe_structural:2020:2020-03-01:fea2401acd77,oe:team:f7f7324c151aa6ed770b244ce08e027,oe:team:87ee02298073abc2d55060f097d4041,period:cb03c621696fc2e91764,2020.0,Spring,regular,2020-03-01,BO1,2020-02-29T21:26:53+00:00,HIGH_CONFIDENCE_STRUCTURAL,"season=2020, team=oe:team:f7f7324c151aa6ed770b244ce08e027, cutoff<=2020-03-01T00:00:00+00:00",STRUCTURAL_RECONCILIATION_ONLY
oe_structural:2020:2020-03-03:b482b6d81e34,oe:team:fc8e90107dabb9a35c490b0d86adea0,oe:team:0dbb780176ecad18f17292d1f5653af,period:cb03c621696fc2e91764,2020.0,Spring,regular,2020-03-03,BO1,2020-02-29T21:26:53+00:00,HIGH_CONFIDENCE_STRUCTURAL,"season=2020, team=oe:team:fc8e90107dabb9a35c490b0d86adea0, cutoff<=2020-03-03T00:00:00+00:00",STRUCTURAL_RECONCILIATION_ONLY
oe_structural:2020:2020-03-07:ae8866a1af5a,oe:team:fc8e90107dabb9a35c490b0d86adea0,oe:team:a22510a4756fa424cb0771b13261139,period:cb03c621696fc2e91764,2020.0,Spring,regular,2020-03-07,BO1,2020-02-29T21:26:53+00:00,HIGH_CONFIDENCE_STRUCTURAL,"season=2020, team=oe:team:fc8e90107dabb9a35c490b0d86adea0, cutoff<=2020-03-07T00:00:00+00:00",STRUCTURAL_RECONCILIATION_ONLY
oe_structural:2024:2024-08-11:4b7c390955c9,oe:team:0dbb780176ecad18f17292d1f5653af,oe:team:c334c629fea759876e9e04afbe4aee7,period:cdd6b3ae49979eef3d9f,2024.0,Summer,regular,2024-08-11,BO3,2024-08-10T20:07:50+00:00,HIGH_CONFIDENCE_STRUCTURAL,"season=2024, team=oe:team:0dbb780176ecad18f17292d1f5653af, cutoff<=2024-08-11T00:00:00+00:00",STRUCTURAL_RECONCILIATION_ONLY
oe_structural:2024:2024-08-17:875021e183c3,oe:team:0dbb780176ecad18f17292d1f5653af,oe:team:4bd1751425ef6a9bc9d4d8e9385b4a6,period:cdd6b3ae49979eef3d9f,2024.0,Summer,playoffs,2024-08-17,BO5,2024-08-10T20:07:50+00:00,HIGH_CONFIDENCE_STRUCTURAL,"season=2024, team=oe:team:0dbb780176ecad18f17292d1f5653af, cutoff<=2024-08-17T00:00:00+00:00",STRUCTURAL_RECONCILIATION_ONLY
oe_structural:2024:2024-08-11:0fafa2ab7ad0,oe:team:2e66da41dc460dd378e3bcc57042d31,oe:team:fc8e90107dabb9a35c490b0d86adea0,period:cdd6b3ae49979eef3d9f,2024.0,Summer,regular,2024-08-11,BO3,2024-08-10T20:07:50+00:00,HIGH_CONFIDENCE_STRUCTURAL,"season=2024, team=oe:team:2e66da41dc460dd378e3bcc57042d31, cutoff<=2024-08-11T00:00:00+00:00",STRUCTURAL_RECONCILIATION_ONLY
oe_structural:2024:2024-08-17:875021e183c3,oe:team:4bd1751425ef6a9bc9d4d8e9385b4a6,oe:team:0dbb780176ecad18f17292d1f5653af,period:cdd6b3ae49979eef3d9f,2024.0,Summer,playoffs,2024-08-17,BO5,2024-08-10T20:07:50+00:00,HIGH_CONFIDENCE_STRUCTURAL,"season=2024, team=oe:team:4bd1751425ef6a9bc9d4d8e9385b4a6, cutoff<=2024-08-17T00:00:00+00:00",STRUCTURAL_RECONCILIATION_ONLY
oe_structural:2024:2024-08-11:4b7c390955c9,oe:team:c334c629fea759876e9e04afbe4aee7,oe:team:0dbb780176ecad18f17292d1f5653af,period:cdd6b3ae49979eef3d9f,2024.0,Summer,regular,2024-08-11,BO3,2024-08-10T20:07:50+00:00,HIGH_CONFIDENCE_STRUCTURAL,"season=2024, team=oe:team:c334c629fea759876e9e04afbe4aee7, cutoff<=2024-08-11T00:00:00+00:00",STRUCTURAL_RECONCILIATION_ONLY
oe_structural:2024:2024-08-11:0fafa2ab7ad0,oe:team:fc8e90107dabb9a35c490b0d86adea0,oe:team:2e66da41dc460dd378e3bcc57042d31,period:cdd6b3ae49979eef3d9f,2024.0,Summer,regular,2024-08-11,BO3,2024-08-10T20:07:50+00:00,HIGH_CONFIDENCE_STRUCTURAL,"season=2024, team=oe:team:fc8e90107dabb9a35c490b0d86adea0, cutoff<=2024-08-11T00:00:00+00:00",STRUCTURAL_RECONCILIATION_ONLY
oe_structural:2023:2023-04-08:c56865507947,oe:team:2e66da41dc460dd378e3bcc57042d31,oe:team:87ee02298073abc2d55060f097d4041,period:d33d87118e30f5daa86a,2023.0,Spring,playoffs,2023-04-08,BO5,2023-03-30T21:09:21+00:00,HIGH_CONFIDENCE_STRUCTURAL,"season=2023, team=oe:team:2e66da41dc460dd378e3bcc57042d31, cutoff<=2023-04-08T00:00:00+00:00",STRUCTURAL_RECONCILIATION_ONLY
oe_structural:2023:2023-03-31:2d2c2de5aa28,oe:team:87ee02298073abc2d55060f097d4041,oe:team:f7f7324c151aa6ed770b244ce08e027,period:d33d87118e30f5daa86a,2023.0,Spring,playoffs,2023-03-31,BO5,2023-03-30T21:09:21+00:00,HIGH_CONFIDENCE_STRUCTURAL,"season=2023, team=oe:team:87ee02298073abc2d55060f097d4041, cutoff<=2023-03-31T00:00:00+00:00",STRUCTURAL_RECONCILIATION_ONLY
oe_structural:2023:2023-04-08:c56865507947,oe:team:87ee02298073abc2d55060f097d4041,oe:team:2e66da41dc460dd378e3bcc57042d31,period:d33d87118e30f5daa86a,2023.0,Spring,playoffs,2023-04-08,BO5,2023-03-30T21:09:21+00:00,HIGH_CONFIDENCE_STRUCTURAL,"season=2023, team=oe:team:87ee02298073abc2d55060f097d4041, cutoff<=2023-04-08T00:00:00+00:00",STRUCTURAL_RECONCILIATION_ONLY
oe_structural:2023:2023-03-31:2d2c2de5aa28,oe:team:f7f7324c151aa6ed770b244ce08e027,oe:team:87ee02298073abc2d55060f097d4041,period:d33d87118e30f5daa86a,2023.0,Spring,playoffs,2023-03-31,BO5,2023-03-30T21:09:21+00:00,HIGH_CONFIDENCE_STRUCTURAL,"season=2023, team=oe:team:f7f7324c151aa6ed770b244ce08e027, cutoff<=2023-03-31T00:00:00+00:00",STRUCTURAL_RECONCILIATION_ONLY
oe_structural:2022:2022-07-24:5f4460eacee0,oe:team:0dbb780176ecad18f17292d1f5653af,oe:team:2e66da41dc460dd378e3bcc57042d31,period:d36d780bd6e08d095d27,2022.0,Summer,regular,2022-07-24,BO1,2022-07-23T20:43:00+00:00,HIGH_CONFIDENCE_STRUCTURAL,"season=2022, team=oe:team:0dbb780176ecad18f17292d1f5653af, cutoff<=2022-07-24T00:00:00+00:00",STRUCTURAL_RECONCILIATION_ONLY
oe_structural:2022:2022-07-30:ebafc5099ea4,oe:team:0dbb780176ecad18f17292d1f5653af,oe:team:4bd1751425ef6a9bc9d4d8e9385b4a6,period:d36d780bd6e08d095d27,2022.0,Summer,regular,2022-07-30,BO1,2022-07-23T20:43:00+00:00,HIGH_CONFIDENCE_STRUCTURAL,"season=2022, team=oe:team:0dbb780176ecad18f17292d1f5653af, cutoff<=2022-07-30T00:00:00+00:00",STRUCTURAL_RECONCILIATION_ONLY
oe_structural:2022:2022-07-24:286f3c22dc59,oe:team:2e66da41dc460dd378e3bcc57042d31,oe:team:87ee02298073abc2d55060f097d4041,period:d36d780bd6e08d095d27,2022.0,Summer,regular,2022-07-24,BO1,2022-07-23T20:43:00+00:00,HIGH_CONFIDENCE_STRUCTURAL,"season=2022, team=oe:team:2e66da41dc460dd378e3bcc57042d31, cutoff<=2022-07-24T00:00:00+00:00",STRUCTURAL_RECONCILIATION_ONLY
oe_structural:2022:2022-07-24:5f4460eacee0,oe:team:2e66da41dc460dd378e3bcc57042d31,oe:team:0dbb780176ecad18f17292d1f5653af,period:d36d780bd6e08d095d27,2022.0,Summer,regular,2022-07-24,BO1,2022-07-23T20:43:00+00:00,HIGH_CONFIDENCE_STRUCTURAL,"season=2022, team=oe:team:2e66da41dc460dd378e3bcc57042d31, cutoff<=2022-07-24T00:00:00+00:00",STRUCTURAL_RECONCILIATION_ONLY
oe_structural:2022:2022-07-30:a88272ed4f9a,oe:team:2e66da41dc460dd378e3bcc57042d31,oe:team:fc8e90107dabb9a35c490b0d86adea0,period:d36d780bd6e08d095d27,2022.0,Summer,regular,2022-07-30,BO1,2022-07-23T20:43:00+00:00,HIGH_CONFIDENCE_STRUCTURAL,"season=2022, team=oe:team:2e66da41dc460dd378e3bcc57042d31, cutoff<=2022-07-30T00:00:00+00:00",STRUCTURAL_RECONCILIATION_ONLY
oe_structural:2022:2022-07-24:c1d0bd2f2b72,oe:team:4bd1751425ef6a9bc9d4d8e9385b4a6,oe:team:f7f7324c151aa6ed770b244ce08e027,period:d36d780bd6e08d095d27,2022.0,Summer,regular,2022-07-24,BO1,2022-07-23T20:43:00+00:00,HIGH_CONFIDENCE_STRUCTURAL,"season=2022, team=oe:team:4bd1751425ef6a9bc9d4d8e9385b4a6, cutoff<=2022-07-24T00:00:00+00:00",STRUCTURAL_RECONCILIATION_ONLY
oe_structural:2022:2022-07-30:ebafc5099ea4,oe:team:4bd1751425ef6a9bc9d4d8e9385b4a6,oe:team:0dbb780176ecad18f17292d1f5653af,period:d36d780bd6e08d095d27,2022.0,Summer,regular,2022-07-30,BO1,2022-07-23T20:43:00+00:00,HIGH_CONFIDENCE_STRUCTURAL,"season=2022, team=oe:team:4bd1751425ef6a9bc9d4d8e9385b4a6, cutoff<=2022-07-30T00:00:00+00:00",STRUCTURAL_RECONCILIATION_ONLY
oe_structural:2022:2022-07-24:123c6b87b5f2,oe:team:87ee02298073abc2d55060f097d4041,oe:team:fc8e90107dabb9a35c490b0d86adea0,period:d36d780bd6e08d095d27,2022.0,Summer,regular,2022-07-24,BO1,2022-07-23T20:43:00+00:00,HIGH_CONFIDENCE_STRUCTURAL,"season=2022, team=oe:team:87ee02298073abc2d55060f097d4041, cutoff<=2022-07-24T00:00:00+00:00",STRUCTURAL_RECONCILIATION_ONLY
oe_structural:2022:2022-07-24:286f3c22dc59,oe:team:87ee02298073abc2d55060f097d4041,oe:team:2e66da41dc460dd378e3bcc57042d31,period:d36d780bd6e08d095d27,2022.0,Summer,regular,2022-07-24,BO1,2022-07-23T20:43:00+00:00,HIGH_CONFIDENCE_STRUCTURAL,"season=2022, team=oe:team:87ee02298073abc2d55060f097d4041, cutoff<=2022-07-24T00:00:00+00:00",STRUCTURAL_RECONCILIATION_ONLY
oe_structural:2022:2022-07-30:a516a8d05a37,oe:team:87ee02298073abc2d55060f097d4041,oe:team:cbfaf0ca2181f0903d2fcceb6c28f3b,period:d36d780bd6e08d095d27,2022.0,Summer,regular,2022-07-30,BO1,2022-07-23T20:43:00+00:00,HIGH_CONFIDENCE_STRUCTURAL,"season=2022, team=oe:team:87ee02298073abc2d55060f097d4041, cutoff<=2022-07-30T00:00:00+00:00",STRUCTURAL_RECONCILIATION_ONLY
oe_structural:2022:2022-07-24:a1538cb25996,oe:team:8eb884e168f28402ce685bedebb5250,oe:team:cbfaf0ca2181f0903d2fcceb6c28f3b,period:d36d780bd6e08d095d27,2022.0,Summer,regular,2022-07-24,BO1,2022-07-23T20:43:00+00:00,HIGH_CONFIDENCE_STRUCTURAL,"season=2022, team=oe:team:8eb884e168f28402ce685bedebb5250, cutoff<=2022-07-24T00:00:00+00:00",STRUCTURAL_RECONCILIATION_ONLY
oe_structural:2022:2022-07-30:1888cc947da5,oe:team:8eb884e168f28402ce685bedebb5250,oe:team:a22510a4756fa424cb0771b13261139,period:d36d780bd6e08d095d27,2022.0,Summer,regular,2022-07-30,BO1,2022-07-23T20:43:00+00:00,HIGH_CONFIDENCE_STRUCTURAL,"season=2022, team=oe:team:8eb884e168f28402ce685bedebb5250, cutoff<=2022-07-30T00:00:00+00:00",STRUCTURAL_RECONCILIATION_ONLY
oe_structural:2022:2022-07-24:79be7ce6a3cf,oe:team:a22510a4756fa424cb0771b13261139,oe:team:c334c629fea759876e9e04afbe4aee7,period:d36d780bd6e08d095d27,2022.0,Summer,regular,2022-07-24,BO1,2022-07-23T20:43:00+00:00,HIGH_CONFIDENCE_STRUCTURAL,"season=2022, team=oe:team:a22510a4756fa424cb0771b13261139, cutoff<=2022-07-24T00:00:00+00:00",STRUCTURAL_RECONCILIATION_ONLY
oe_structural:2022:2022-07-30:1888cc947da5,oe:team:a22510a4756fa424cb0771b13261139,oe:team:8eb884e168f28402ce685bedebb5250,period:d36d780bd6e08d095d27,2022.0,Summer,regular,2022-07-30,BO1,2022-07-23T20:43:00+00:00,HIGH_CONFIDENCE_STRUCTURAL,"season=2022, team=oe:team:a22510a4756fa424cb0771b13261139, cutoff<=2022-07-30T00:00:00+00:00",STRUCTURAL_RECONCILIATION_ONLY
oe_structural:2022:2022-07-24:79be7ce6a3cf,oe:team:c334c629fea759876e9e04afbe4aee7,oe:team:a22510a4756fa424cb0771b13261139,period:d36d780bd6e08d095d27,2022.0,Summer,regular,2022-07-24,BO1,2022-07-23T20:43:00+00:00,HIGH_CONFIDENCE_STRUCTURAL,"season=2022, team=oe:team:c334c629fea759876e9e04afbe4aee7, cutoff<=2022-07-24T00:00:00+00:00",STRUCTURAL_RECONCILIATION_ONLY
oe_structural:2022:2022-07-24:a1538cb25996,oe:team:cbfaf0ca2181f0903d2fcceb6c28f3b,oe:team:8eb884e168f28402ce685bedebb5250,period:d36d780bd6e08d095d27,2022.0,Summer,regular,2022-07-24,BO1,2022-07-23T20:43:00+00:00,HIGH_CONFIDENCE_STRUCTURAL,"season=2022, team=oe:team:cbfaf0ca2181f0903d2fcceb6c28f3b, cutoff<=2022-07-24T00:00:00+00:00",STRUCTURAL_RECONCILIATION_ONLY
oe_structural:2022:2022-07-30:a516a8d05a37,oe:team:cbfaf0ca2181f0903d2fcceb6c28f3b,oe:team:87ee02298073abc2d55060f097d4041,period:d36d780bd6e08d095d27,2022.0,Summer,regular,2022-07-30,BO1,2022-07-23T20:43:00+00:00,HIGH_CONFIDENCE_STRUCTURAL,"season=2022, team=oe:team:cbfaf0ca2181f0903d2fcceb6c28f3b, cutoff<=2022-07-30T00:00:00+00:00",STRUCTURAL_RECONCILIATION_ONLY
oe_structural:2022:2022-07-24:c1d0bd2f2b72,oe:team:f7f7324c151aa6ed770b244ce08e027,oe:team:4bd1751425ef6a9bc9d4d8e9385b4a6,period:d36d780bd6e08d095d27,2022.0,Summer,regular,2022-07-24,BO1,2022-07-23T20:43:00+00:00,HIGH_CONFIDENCE_STRUCTURAL,"season=2022, team=oe:team:f7f7324c151aa6ed770b244ce08e027, cutoff<=2022-07-24T00:00:00+00:00",STRUCTURAL_RECONCILIATION_ONLY
oe_structural:2022:2022-07-24:123c6b87b5f2,oe:team:fc8e90107dabb9a35c490b0d86adea0,oe:team:87ee02298073abc2d55060f097d4041,period:d36d780bd6e08d095d27,2022.0,Summer,regular,2022-07-24,BO1,2022-07-23T20:43:00+00:00,HIGH_CONFIDENCE_STRUCTURAL,"season=2022, team=oe:team:fc8e90107dabb9a35c490b0d86adea0, cutoff<=2022-07-24T00:00:00+00:00",STRUCTURAL_RECONCILIATION_ONLY
oe_structural:2022:2022-07-30:a88272ed4f9a,oe:team:fc8e90107dabb9a35c490b0d86adea0,oe:team:2e66da41dc460dd378e3bcc57042d31,period:d36d780bd6e08d095d27,2022.0,Summer,regular,2022-07-30,BO1,2022-07-23T20:43:00+00:00,HIGH_CONFIDENCE_STRUCTURAL,"season=2022, team=oe:team:fc8e90107dabb9a35c490b0d86adea0, cutoff<=2022-07-30T00:00:00+00:00",STRUCTURAL_RECONCILIATION_ONLY
oe_structural:2026:2026-04-04:f38e889f0e7b,oe:team:289284911fb6f41c0ccaecc3a0c2891,oe:team:f90422f1cbcb24bc2a855202582ec29,period:d52af7b72997e89c8ea6,2026.0,Spring,regular,2026-04-04,BO1,2026-02-20T21:09:00+00:00,HIGH_CONFIDENCE_STRUCTURAL,"season=2026, team=oe:team:289284911fb6f41c0ccaecc3a0c2891, cutoff<=2026-04-04T00:00:00+00:00",STRUCTURAL_RECONCILIATION_ONLY
oe_structural:2026:2026-02-21:97a1e96427b1,oe:team:2e66da41dc460dd378e3bcc57042d31,oe:team:da1143bf9a245b78a8dc86417de85b3,period:d52af7b72997e89c8ea6,2026.0,Lock-In,regular,2026-02-21,BO1,2026-02-20T21:09:00+00:00,HIGH_CONFIDENCE_STRUCTURAL,"season=2026, team=oe:team:2e66da41dc460dd378e3bcc57042d31, cutoff<=2026-02-21T00:00:00+00:00",STRUCTURAL_RECONCILIATION_ONLY
oe_structural:2026:2026-02-27:d16c641f4c73,oe:team:8eb884e168f28402ce685bedebb5250,oe:team:da1143bf9a245b78a8dc86417de85b3,period:d52af7b72997e89c8ea6,2026.0,Lock-In,regular,2026-02-27,BO1,2026-02-20T21:09:00+00:00,HIGH_CONFIDENCE_STRUCTURAL,"season=2026, team=oe:team:8eb884e168f28402ce685bedebb5250, cutoff<=2026-02-27T00:00:00+00:00",STRUCTURAL_RECONCILIATION_ONLY
oe_structural:2026:2026-02-21:97a1e96427b1,oe:team:da1143bf9a245b78a8dc86417de85b3,oe:team:2e66da41dc460dd378e3bcc57042d31,period:d52af7b72997e89c8ea6,2026.0,Lock-In,regular,2026-02-21,BO1,2026-02-20T21:09:00+00:00,HIGH_CONFIDENCE_STRUCTURAL,"season=2026, team=oe:team:da1143bf9a245b78a8dc86417de85b3, cutoff<=2026-02-21T00:00:00+00:00",STRUCTURAL_RECONCILIATION_ONLY
oe_structural:2026:2026-02-27:d16c641f4c73,oe:team:da1143bf9a245b78a8dc86417de85b3,oe:team:8eb884e168f28402ce685bedebb5250,period:d52af7b72997e89c8ea6,2026.0,Lock-In,regular,2026-02-27,BO1,2026-02-20T21:09:00+00:00,HIGH_CONFIDENCE_STRUCTURAL,"season=2026, team=oe:team:da1143bf9a245b78a8dc86417de85b3, cutoff<=2026-02-27T00:00:00+00:00",STRUCTURAL_RECONCILIATION_ONLY
oe_structural:2026:2026-02-22:c225885b4d4f,oe:team:f90422f1cbcb24bc2a855202582ec29,oe:team:fc8e90107dabb9a35c490b0d86adea0,period:d52af7b72997e89c8ea6,2026.0,Lock-In,regular,2026-02-22,BO1,2026-02-20T21:09:00+00:00,HIGH_CONFIDENCE_STRUCTURAL,"season=2026, team=oe:team:f90422f1cbcb24bc2a855202582ec29, cutoff<=2026-02-22T00:00:00+00:00",STRUCTURAL_RECONCILIATION_ONLY
oe_structural:2026:2026-02-22:c225885b4d4f,oe:team:fc8e90107dabb9a35c490b0d86adea0,oe:team:f90422f1cbcb24bc2a855202582ec29,period:d52af7b72997e89c8ea6,2026.0,Lock-In,regular,2026-02-22,BO1,2026-02-20T21:09:00+00:00,HIGH_CONFIDENCE_STRUCTURAL,"season=2026, team=oe:team:fc8e90107dabb9a35c490b0d86adea0, cutoff<=2026-02-22T00:00:00+00:00",STRUCTURAL_RECONCILIATION_ONLY
oe_structural:2023:2023-03-30:a4e53bad4a5c,oe:team:2e66da41dc460dd378e3bcc57042d31,oe:team:fc8e90107dabb9a35c490b0d86adea0,period:d990ac8b125022094901,2023.0,Spring,playoffs,2023-03-30,BO5,2023-03-23T21:10:53+00:00,HIGH_CONFIDENCE_STRUCTURAL,"season=2023, team=oe:team:2e66da41dc460dd378e3bcc57042d31, cutoff<=2023-03-30T00:00:00+00:00",STRUCTURAL_RECONCILIATION_ONLY
oe_structural:2023:2023-03-25:b8aafbc3f425,oe:team:4bd1751425ef6a9bc9d4d8e9385b4a6,oe:team:87ee02298073abc2d55060f097d4041,period:d990ac8b125022094901,2023.0,Spring,playoffs,2023-03-25,BO5,2023-03-23T21:10:53+00:00,HIGH_CONFIDENCE_STRUCTURAL,"season=2023, team=oe:team:4bd1751425ef6a9bc9d4d8e9385b4a6, cutoff<=2023-03-25T00:00:00+00:00",STRUCTURAL_RECONCILIATION_ONLY
oe_structural:2023:2023-03-26:e17e31d71887,oe:team:4bd1751425ef6a9bc9d4d8e9385b4a6,oe:team:87ee02298073abc2d55060f097d4041,period:d990ac8b125022094901,2023.0,Spring,playoffs,2023-03-26,BO5,2023-03-23T21:10:53+00:00,HIGH_CONFIDENCE_STRUCTURAL,"season=2023, team=oe:team:4bd1751425ef6a9bc9d4d8e9385b4a6, cutoff<=2023-03-26T00:00:00+00:00",STRUCTURAL_RECONCILIATION_ONLY
oe_structural:2023:2023-03-25:b8aafbc3f425,oe:team:87ee02298073abc2d55060f097d4041,oe:team:4bd1751425ef6a9bc9d4d8e9385b4a6,period:d990ac8b125022094901,2023.0,Spring,playoffs,2023-03-25,BO5,2023-03-23T21:10:53+00:00,HIGH_CONFIDENCE_STRUCTURAL,"season=2023, team=oe:team:87ee02298073abc2d55060f097d4041, cutoff<=2023-03-25T00:00:00+00:00",STRUCTURAL_RECONCILIATION_ONLY
oe_structural:2023:2023-03-26:e17e31d71887,oe:team:87ee02298073abc2d55060f097d4041,oe:team:4bd1751425ef6a9bc9d4d8e9385b4a6,period:d990ac8b125022094901,2023.0,Spring,playoffs,2023-03-26,BO5,2023-03-23T21:10:53+00:00,HIGH_CONFIDENCE_STRUCTURAL,"season=2023, team=oe:team:87ee02298073abc2d55060f097d4041, cutoff<=2023-03-26T00:00:00+00:00",STRUCTURAL_RECONCILIATION_ONLY
oe_structural:2023:2023-03-24:bebc029facc0,oe:team:cbfaf0ca2181f0903d2fcceb6c28f3b,oe:team:fc8e90107dabb9a35c490b0d86adea0,period:d990ac8b125022094901,2023.0,Spring,playoffs,2023-03-24,BO5,2023-03-23T21:10:53+00:00,HIGH_CONFIDENCE_STRUCTURAL,"season=2023, team=oe:team:cbfaf0ca2181f0903d2fcceb6c28f3b, cutoff<=2023-03-24T00:00:00+00:00",STRUCTURAL_RECONCILIATION_ONLY
oe_structural:2023:2023-03-26:3447e287e0c1,oe:team:cbfaf0ca2181f0903d2fcceb6c28f3b,oe:team:f7f7324c151aa6ed770b244ce08e027,period:d990ac8b125022094901,2023.0,Spring,playoffs,2023-03-26,BO5,2023-03-23T21:10:53+00:00,HIGH_CONFIDENCE_STRUCTURAL,"season=2023, team=oe:team:cbfaf0ca2181f0903d2fcceb6c28f3b, cutoff<=2023-03-26T00:00:00+00:00",STRUCTURAL_RECONCILIATION_ONLY
oe_structural:2023:2023-03-26:3447e287e0c1,oe:team:f7f7324c151aa6ed770b244ce08e027,oe:team:cbfaf0ca2181f0903d2fcceb6c28f3b,period:d990ac8b125022094901,2023.0,Spring,playoffs,2023-03-26,BO5,2023-03-23T21:10:53+00:00,HIGH_CONFIDENCE_STRUCTURAL,"season=2023, team=oe:team:f7f7324c151aa6ed770b244ce08e027, cutoff<=2023-03-26T00:00:00+00:00",STRUCTURAL_RECONCILIATION_ONLY
oe_structural:2023:2023-03-24:bebc029facc0,oe:team:fc8e90107dabb9a35c490b0d86adea0,oe:team:cbfaf0ca2181f0903d2fcceb6c28f3b,period:d990ac8b125022094901,2023.0,Spring,playoffs,2023-03-24,BO5,2023-03-23T21:10:53+00:00,HIGH_CONFIDENCE_STRUCTURAL,"season=2023, team=oe:team:fc8e90107dabb9a35c490b0d86adea0, cutoff<=2023-03-24T00:00:00+00:00",STRUCTURAL_RECONCILIATION_ONLY
oe_structural:2023:2023-03-30:a4e53bad4a5c,oe:team:fc8e90107dabb9a35c490b0d86adea0,oe:team:2e66da41dc460dd378e3bcc57042d31,period:d990ac8b125022094901,2023.0,Spring,playoffs,2023-03-30,BO5,2023-03-23T21:10:53+00:00,HIGH_CONFIDENCE_STRUCTURAL,"season=2023, team=oe:team:fc8e90107dabb9a35c490b0d86adea0, cutoff<=2023-03-30T00:00:00+00:00",STRUCTURAL_RECONCILIATION_ONLY
oe_structural:2021:2021-08-29:4cd8111b6249,oe:team:4bd1751425ef6a9bc9d4d8e9385b4a6,oe:team:8eb884e168f28402ce685bedebb5250,period:dbb9ba645ae8a19c6555,2021.0,Summer,playoffs,2021-08-29,BO5,2021-08-28T19:41:05+00:00,HIGH_CONFIDENCE_STRUCTURAL,"season=2021, team=oe:team:4bd1751425ef6a9bc9d4d8e9385b4a6, cutoff<=2021-08-29T00:00:00+00:00",STRUCTURAL_RECONCILIATION_ONLY
oe_structural:2021:2021-08-29:4cd8111b6249,oe:team:8eb884e168f28402ce685bedebb5250,oe:team:4bd1751425ef6a9bc9d4d8e9385b4a6,period:dbb9ba645ae8a19c6555,2021.0,Summer,playoffs,2021-08-29,BO5,2021-08-28T19:41:05+00:00,HIGH_CONFIDENCE_STRUCTURAL,"season=2021, team=oe:team:8eb884e168f28402ce685bedebb5250, cutoff<=2021-08-29T00:00:00+00:00",STRUCTURAL_RECONCILIATION_ONLY
oe_structural:2023:2023-07-20:89117cd83648,oe:team:0dbb780176ecad18f17292d1f5653af,oe:team:4bd1751425ef6a9bc9d4d8e9385b4a6,period:dd1399a0cf2f56138daa,2023.0,Summer,regular,2023-07-20,BO1,2023-07-19T21:07:18+00:00,HIGH_CONFIDENCE_STRUCTURAL,"season=2023, team=oe:team:0dbb780176ecad18f17292d1f5653af, cutoff<=2023-07-20T00:00:00+00:00",STRUCTURAL_RECONCILIATION_ONLY
oe_structural:2023:2023-07-21:48146755000a,oe:team:0dbb780176ecad18f17292d1f5653af,oe:team:8eb884e168f28402ce685bedebb5250,period:dd1399a0cf2f56138daa,2023.0,Summer,regular,2023-07-21,BO1,2023-07-19T21:07:18+00:00,HIGH_CONFIDENCE_STRUCTURAL,"season=2023, team=oe:team:0dbb780176ecad18f17292d1f5653af, cutoff<=2023-07-21T00:00:00+00:00",STRUCTURAL_RECONCILIATION_ONLY
oe_structural:2023:2023-07-21:c6793ee0645d,oe:team:0dbb780176ecad18f17292d1f5653af,oe:team:87ee02298073abc2d55060f097d4041,period:dd1399a0cf2f56138daa,2023.0,Summer,regular,2023-07-21,BO1,2023-07-19T21:07:18+00:00,HIGH_CONFIDENCE_STRUCTURAL,"season=2023, team=oe:team:0dbb780176ecad18f17292d1f5653af, cutoff<=2023-07-21T00:00:00+00:00",STRUCTURAL_RECONCILIATION_ONLY
oe_structural:2023:2023-07-22:2d82b819f197,oe:team:0dbb780176ecad18f17292d1f5653af,oe:team:4bd1751425ef6a9bc9d4d8e9385b4a6,period:dd1399a0cf2f56138daa,2023.0,Summer,regular,2023-07-22,BO1,2023-07-19T21:07:18+00:00,HIGH_CONFIDENCE_STRUCTURAL,"season=2023, team=oe:team:0dbb780176ecad18f17292d1f5653af, cutoff<=2023-07-22T00:00:00+00:00",STRUCTURAL_RECONCILIATION_ONLY
oe_structural:2023:2023-08-03:3d9b792e44b9,oe:team:0dbb780176ecad18f17292d1f5653af,oe:team:a22510a4756fa424cb0771b13261139,period:dd1399a0cf2f56138daa,2023.0,Summer,playoffs,2023-08-03,BO5,2023-07-19T21:07:18+00:00,HIGH_CONFIDENCE_STRUCTURAL,"season=2023, team=oe:team:0dbb780176ecad18f17292d1f5653af, cutoff<=2023-08-03T00:00:00+00:00",STRUCTURAL_RECONCILIATION_ONLY
oe_structural:2023:2023-07-20:0c1afbef40f8,oe:team:2e66da41dc460dd378e3bcc57042d31,oe:team:c334c629fea759876e9e04afbe4aee7,period:dd1399a0cf2f56138daa,2023.0,Summer,regular,2023-07-20,BO1,2023-07-19T21:07:18+00:00,HIGH_CONFIDENCE_STRUCTURAL,"season=2023, team=oe:team:2e66da41dc460dd378e3bcc57042d31, cutoff<=2023-07-20T00:00:00+00:00",STRUCTURAL_RECONCILIATION_ONLY
oe_structural:2023:2023-07-22:3cbe64e5f4ad,oe:team:2e66da41dc460dd378e3bcc57042d31,oe:team:fc8e90107dabb9a35c490b0d86adea0,period:dd1399a0cf2f56138daa,2023.0,Summer,regular,2023-07-22,BO1,2023-07-19T21:07:18+00:00,HIGH_CONFIDENCE_STRUCTURAL,"season=2023, team=oe:team:2e66da41dc460dd378e3bcc57042d31, cutoff<=2023-07-22T00:00:00+00:00",STRUCTURAL_RECONCILIATION_ONLY
oe_structural:2023:2023-07-20:0f609155bcfc,oe:team:4bd1751425ef6a9bc9d4d8e9385b4a6,oe:team:e758ebe9a5a2cc81b9c8078479c2d87,period:dd1399a0cf2f56138daa,2023.0,Summer,regular,2023-07-20,BO1,2023-07-19T21:07:18+00:00,HIGH_CONFIDENCE_STRUCTURAL,"season=2023, team=oe:team:4bd1751425ef6a9bc9d4d8e9385b4a6, cutoff<=2023-07-20T00:00:00+00:00",STRUCTURAL_RECONCILIATION_ONLY
oe_structural:2023:2023-07-20:89117cd83648,oe:team:4bd1751425ef6a9bc9d4d8e9385b4a6,oe:team:0dbb780176ecad18f17292d1f5653af,period:dd1399a0cf2f56138daa,2023.0,Summer,regular,2023-07-20,BO1,2023-07-19T21:07:18+00:00,HIGH_CONFIDENCE_STRUCTURAL,"season=2023, team=oe:team:4bd1751425ef6a9bc9d4d8e9385b4a6, cutoff<=2023-07-20T00:00:00+00:00",STRUCTURAL_RECONCILIATION_ONLY
oe_structural:2023:2023-07-21:c2c0344cb165,oe:team:4bd1751425ef6a9bc9d4d8e9385b4a6,oe:team:87ee02298073abc2d55060f097d4041,period:dd1399a0cf2f56138daa,2023.0,Summer,regular,2023-07-21,BO1,2023-07-19T21:07:18+00:00,HIGH_CONFIDENCE_STRUCTURAL,"season=2023, team=oe:team:4bd1751425ef6a9bc9d4d8e9385b4a6, cutoff<=2023-07-21T00:00:00+00:00",STRUCTURAL_RECONCILIATION_ONLY
oe_structural:2023:2023-07-22:2d82b819f197,oe:team:4bd1751425ef6a9bc9d4d8e9385b4a6,oe:team:0dbb780176ecad18f17292d1f5653af,period:dd1399a0cf2f56138daa,2023.0,Summer,regular,2023-07-22,BO1,2023-07-19T21:07:18+00:00,HIGH_CONFIDENCE_STRUCTURAL,"season=2023, team=oe:team:4bd1751425ef6a9bc9d4d8e9385b4a6, cutoff<=2023-07-22T00:00:00+00:00",STRUCTURAL_RECONCILIATION_ONLY
oe_structural:2023:2023-07-21:c2c0344cb165,oe:team:87ee02298073abc2d55060f097d4041,oe:team:4bd1751425ef6a9bc9d4d8e9385b4a6,period:dd1399a0cf2f56138daa,2023.0,Summer,regular,2023-07-21,BO1,2023-07-19T21:07:18+00:00,HIGH_CONFIDENCE_STRUCTURAL,"season=2023, team=oe:team:87ee02298073abc2d55060f097d4041, cutoff<=2023-07-21T00:00:00+00:00",STRUCTURAL_RECONCILIATION_ONLY
oe_structural:2023:2023-07-21:c6793ee0645d,oe:team:87ee02298073abc2d55060f097d4041,oe:team:0dbb780176ecad18f17292d1f5653af,period:dd1399a0cf2f56138daa,2023.0,Summer,regular,2023-07-21,BO1,2023-07-19T21:07:18+00:00,HIGH_CONFIDENCE_STRUCTURAL,"season=2023, team=oe:team:87ee02298073abc2d55060f097d4041, cutoff<=2023-07-21T00:00:00+00:00",STRUCTURAL_RECONCILIATION_ONLY
oe_structural:2023:2023-07-22:2cf12b064d24,oe:team:87ee02298073abc2d55060f097d4041,oe:team:fc8e90107dabb9a35c490b0d86adea0,period:dd1399a0cf2f56138daa,2023.0,Summer,regular,2023-07-22,BO1,2023-07-19T21:07:18+00:00,HIGH_CONFIDENCE_STRUCTURAL,"season=2023, team=oe:team:87ee02298073abc2d55060f097d4041, cutoff<=2023-07-22T00:00:00+00:00",STRUCTURAL_RECONCILIATION_ONLY
oe_structural:2023:2023-07-20:7f4598bf799e,oe:team:8eb884e168f28402ce685bedebb5250,oe:team:f7f7324c151aa6ed770b244ce08e027,period:dd1399a0cf2f56138daa,2023.0,Summer,regular,2023-07-20,BO1,2023-07-19T21:07:18+00:00,HIGH_CONFIDENCE_STRUCTURAL,"season=2023, team=oe:team:8eb884e168f28402ce685bedebb5250, cutoff<=2023-07-20T00:00:00+00:00",STRUCTURAL_RECONCILIATION_ONLY
oe_structural:2023:2023-07-21:48146755000a,oe:team:8eb884e168f28402ce685bedebb5250,oe:team:0dbb780176ecad18f17292d1f5653af,period:dd1399a0cf2f56138daa,2023.0,Summer,regular,2023-07-21,BO1,2023-07-19T21:07:18+00:00,HIGH_CONFIDENCE_STRUCTURAL,"season=2023, team=oe:team:8eb884e168f28402ce685bedebb5250, cutoff<=2023-07-21T00:00:00+00:00",STRUCTURAL_RECONCILIATION_ONLY
oe_structural:2023:2023-07-20:4f7b6308a292,oe:team:a22510a4756fa424cb0771b13261139,oe:team:fc8e90107dabb9a35c490b0d86adea0,period:dd1399a0cf2f56138daa,2023.0,Summer,regular,2023-07-20,BO1,2023-07-19T21:07:18+00:00,HIGH_CONFIDENCE_STRUCTURAL,"season=2023, team=oe:team:a22510a4756fa424cb0771b13261139, cutoff<=2023-07-20T00:00:00+00:00",STRUCTURAL_RECONCILIATION_ONLY
oe_structural:2023:2023-07-21:e9330270991d,oe:team:a22510a4756fa424cb0771b13261139,oe:team:f7f7324c151aa6ed770b244ce08e027,period:dd1399a0cf2f56138daa,2023.0,Summer,regular,2023-07-21,BO1,2023-07-19T21:07:18+00:00,HIGH_CONFIDENCE_STRUCTURAL,"season=2023, team=oe:team:a22510a4756fa424cb0771b13261139, cutoff<=2023-07-21T00:00:00+00:00",STRUCTURAL_RECONCILIATION_ONLY
oe_structural:2023:2023-07-27:2afafbfc5f8f,oe:team:a22510a4756fa424cb0771b13261139,oe:team:f7f7324c151aa6ed770b244ce08e027,period:dd1399a0cf2f56138daa,2023.0,Summer,playoffs,2023-07-27,BO5,2023-07-19T21:07:18+00:00,HIGH_CONFIDENCE_STRUCTURAL,"season=2023, team=oe:team:a22510a4756fa424cb0771b13261139, cutoff<=2023-07-27T00:00:00+00:00",STRUCTURAL_RECONCILIATION_ONLY
oe_structural:2023:2023-07-20:0c1afbef40f8,oe:team:c334c629fea759876e9e04afbe4aee7,oe:team:2e66da41dc460dd378e3bcc57042d31,period:dd1399a0cf2f56138daa,2023.0,Summer,regular,2023-07-20,BO1,2023-07-19T21:07:18+00:00,HIGH_CONFIDENCE_STRUCTURAL,"season=2023, team=oe:team:c334c629fea759876e9e04afbe4aee7, cutoff<=2023-07-20T00:00:00+00:00",STRUCTURAL_RECONCILIATION_ONLY
oe_structural:2023:2023-07-21:f1c34e6a83b1,oe:team:c334c629fea759876e9e04afbe4aee7,oe:team:e758ebe9a5a2cc81b9c8078479c2d87,period:dd1399a0cf2f56138daa,2023.0,Summer,regular,2023-07-21,BO1,2023-07-19T21:07:18+00:00,HIGH_CONFIDENCE_STRUCTURAL,"season=2023, team=oe:team:c334c629fea759876e9e04afbe4aee7, cutoff<=2023-07-21T00:00:00+00:00",STRUCTURAL_RECONCILIATION_ONLY
oe_structural:2023:2023-07-20:0f609155bcfc,oe:team:e758ebe9a5a2cc81b9c8078479c2d87,oe:team:4bd1751425ef6a9bc9d4d8e9385b4a6,period:dd1399a0cf2f56138daa,2023.0,Summer,regular,2023-07-20,BO1,2023-07-19T21:07:18+00:00,HIGH_CONFIDENCE_STRUCTURAL,"season=2023, team=oe:team:e758ebe9a5a2cc81b9c8078479c2d87, cutoff<=2023-07-20T00:00:00+00:00",STRUCTURAL_RECONCILIATION_ONLY
oe_structural:2023:2023-07-21:f1c34e6a83b1,oe:team:e758ebe9a5a2cc81b9c8078479c2d87,oe:team:c334c629fea759876e9e04afbe4aee7,period:dd1399a0cf2f56138daa,2023.0,Summer,regular,2023-07-21,BO1,2023-07-19T21:07:18+00:00,HIGH_CONFIDENCE_STRUCTURAL,"season=2023, team=oe:team:e758ebe9a5a2cc81b9c8078479c2d87, cutoff<=2023-07-21T00:00:00+00:00",STRUCTURAL_RECONCILIATION_ONLY
oe_structural:2023:2023-07-20:7f4598bf799e,oe:team:f7f7324c151aa6ed770b244ce08e027,oe:team:8eb884e168f28402ce685bedebb5250,period:dd1399a0cf2f56138daa,2023.0,Summer,regular,2023-07-20,BO1,2023-07-19T21:07:18+00:00,HIGH_CONFIDENCE_STRUCTURAL,"season=2023, team=oe:team:f7f7324c151aa6ed770b244ce08e027, cutoff<=2023-07-20T00:00:00+00:00",STRUCTURAL_RECONCILIATION_ONLY
oe_structural:2023:2023-07-21:e9330270991d,oe:team:f7f7324c151aa6ed770b244ce08e027,oe:team:a22510a4756fa424cb0771b13261139,period:dd1399a0cf2f56138daa,2023.0,Summer,regular,2023-07-21,BO1,2023-07-19T21:07:18+00:00,HIGH_CONFIDENCE_STRUCTURAL,"season=2023, team=oe:team:f7f7324c151aa6ed770b244ce08e027, cutoff<=2023-07-21T00:00:00+00:00",STRUCTURAL_RECONCILIATION_ONLY
oe_structural:2023:2023-07-27:2afafbfc5f8f,oe:team:f7f7324c151aa6ed770b244ce08e027,oe:team:a22510a4756fa424cb0771b13261139,period:dd1399a0cf2f56138daa,2023.0,Summer,playoffs,2023-07-27,BO5,2023-07-19T21:07:18+00:00,HIGH_CONFIDENCE_STRUCTURAL,"season=2023, team=oe:team:f7f7324c151aa6ed770b244ce08e027, cutoff<=2023-07-27T00:00:00+00:00",STRUCTURAL_RECONCILIATION_ONLY
oe_structural:2023:2023-07-20:4f7b6308a292,oe:team:fc8e90107dabb9a35c490b0d86adea0,oe:team:a22510a4756fa424cb0771b13261139,period:dd1399a0cf2f56138daa,2023.0,Summer,regular,2023-07-20,BO1,2023-07-19T21:07:18+00:00,HIGH_CONFIDENCE_STRUCTURAL,"season=2023, team=oe:team:fc8e90107dabb9a35c490b0d86adea0, cutoff<=2023-07-20T00:00:00+00:00",STRUCTURAL_RECONCILIATION_ONLY
oe_structural:2023:2023-07-22:2cf12b064d24,oe:team:fc8e90107dabb9a35c490b0d86adea0,oe:team:87ee02298073abc2d55060f097d4041,period:dd1399a0cf2f56138daa,2023.0,Summer,regular,2023-07-22,BO1,2023-07-19T21:07:18+00:00,HIGH_CONFIDENCE_STRUCTURAL,"season=2023, team=oe:team:fc8e90107dabb9a35c490b0d86adea0, cutoff<=2023-07-22T00:00:00+00:00",STRUCTURAL_RECONCILIATION_ONLY
oe_structural:2023:2023-07-22:3cbe64e5f4ad,oe:team:fc8e90107dabb9a35c490b0d86adea0,oe:team:2e66da41dc460dd378e3bcc57042d31,period:dd1399a0cf2f56138daa,2023.0,Summer,regular,2023-07-22,BO1,2023-07-19T21:07:18+00:00,HIGH_CONFIDENCE_STRUCTURAL,"season=2023, team=oe:team:fc8e90107dabb9a35c490b0d86adea0, cutoff<=2023-07-22T00:00:00+00:00",STRUCTURAL_RECONCILIATION_ONLY
oe_structural:2021:2021-06-05:8ca5de9431e6,oe:team:0dbb780176ecad18f17292d1f5653af,oe:team:2e66da41dc460dd378e3bcc57042d31,period:debddf61a872640eadfb,2021.0,Summer,regular,2021-06-05,BO1,2021-06-04T22:02:02+00:00,HIGH_CONFIDENCE_STRUCTURAL,"season=2021, team=oe:team:0dbb780176ecad18f17292d1f5653af, cutoff<=2021-06-05T00:00:00+00:00",STRUCTURAL_RECONCILIATION_ONLY
oe_structural:2021:2021-06-06:8bca6e2589ac,oe:team:0dbb780176ecad18f17292d1f5653af,oe:team:4bd1751425ef6a9bc9d4d8e9385b4a6,period:debddf61a872640eadfb,2021.0,Summer,regular,2021-06-06,BO1,2021-06-04T22:02:02+00:00,HIGH_CONFIDENCE_STRUCTURAL,"season=2021, team=oe:team:0dbb780176ecad18f17292d1f5653af, cutoff<=2021-06-06T00:00:00+00:00",STRUCTURAL_RECONCILIATION_ONLY
oe_structural:2021:2021-06-11:8fc765295e7e,oe:team:0dbb780176ecad18f17292d1f5653af,oe:team:8eb884e168f28402ce685bedebb5250,period:debddf61a872640eadfb,2021.0,Summer,regular,2021-06-11,BO1,2021-06-04T22:02:02+00:00,HIGH_CONFIDENCE_STRUCTURAL,"season=2021, team=oe:team:0dbb780176ecad18f17292d1f5653af, cutoff<=2021-06-11T00:00:00+00:00",STRUCTURAL_RECONCILIATION_ONLY
oe_structural:2021:2021-06-05:6f58890f12aa,oe:team:2e66da41dc460dd378e3bcc57042d31,oe:team:cbfaf0ca2181f0903d2fcceb6c28f3b,period:debddf61a872640eadfb,2021.0,Summer,regular,2021-06-05,BO1,2021-06-04T22:02:02+00:00,HIGH_CONFIDENCE_STRUCTURAL,"season=2021, team=oe:team:2e66da41dc460dd378e3bcc57042d31, cutoff<=2021-06-05T00:00:00+00:00",STRUCTURAL_RECONCILIATION_ONLY
oe_structural:2021:2021-06-05:8ca5de9431e6,oe:team:2e66da41dc460dd378e3bcc57042d31,oe:team:0dbb780176ecad18f17292d1f5653af,period:debddf61a872640eadfb,2021.0,Summer,regular,2021-06-05,BO1,2021-06-04T22:02:02+00:00,HIGH_CONFIDENCE_STRUCTURAL,"season=2021, team=oe:team:2e66da41dc460dd378e3bcc57042d31, cutoff<=2021-06-05T00:00:00+00:00",STRUCTURAL_RECONCILIATION_ONLY
oe_structural:2021:2021-06-06:913c5fb9ddd9,oe:team:2e66da41dc460dd378e3bcc57042d31,oe:team:f7f7324c151aa6ed770b244ce08e027,period:debddf61a872640eadfb,2021.0,Summer,regular,2021-06-06,BO1,2021-06-04T22:02:02+00:00,HIGH_CONFIDENCE_STRUCTURAL,"season=2021, team=oe:team:2e66da41dc460dd378e3bcc57042d31, cutoff<=2021-06-06T00:00:00+00:00",STRUCTURAL_RECONCILIATION_ONLY
oe_structural:2021:2021-06-05:21d5a3dd0e21,oe:team:4bd1751425ef6a9bc9d4d8e9385b4a6,oe:team:fc8e90107dabb9a35c490b0d86adea0,period:debddf61a872640eadfb,2021.0,Summer,regular,2021-06-05,BO1,2021-06-04T22:02:02+00:00,HIGH_CONFIDENCE_STRUCTURAL,"season=2021, team=oe:team:4bd1751425ef6a9bc9d4d8e9385b4a6, cutoff<=2021-06-05T00:00:00+00:00",STRUCTURAL_RECONCILIATION_ONLY
oe_structural:2021:2021-06-05:5518ab2c96e8,oe:team:4bd1751425ef6a9bc9d4d8e9385b4a6,oe:team:c334c629fea759876e9e04afbe4aee7,period:debddf61a872640eadfb,2021.0,Summer,regular,2021-06-05,BO1,2021-06-04T22:02:02+00:00,HIGH_CONFIDENCE_STRUCTURAL,"season=2021, team=oe:team:4bd1751425ef6a9bc9d4d8e9385b4a6, cutoff<=2021-06-05T00:00:00+00:00",STRUCTURAL_RECONCILIATION_ONLY
oe_structural:2021:2021-06-06:8bca6e2589ac,oe:team:4bd1751425ef6a9bc9d4d8e9385b4a6,oe:team:0dbb780176ecad18f17292d1f5653af,period:debddf61a872640eadfb,2021.0,Summer,regular,2021-06-06,BO1,2021-06-04T22:02:02+00:00,HIGH_CONFIDENCE_STRUCTURAL,"season=2021, team=oe:team:4bd1751425ef6a9bc9d4d8e9385b4a6, cutoff<=2021-06-06T00:00:00+00:00",STRUCTURAL_RECONCILIATION_ONLY
oe_structural:2021:2021-06-11:23c56ce3dc67,oe:team:4bd1751425ef6a9bc9d4d8e9385b4a6,oe:team:a22510a4756fa424cb0771b13261139,period:debddf61a872640eadfb,2021.0,Summer,regular,2021-06-11,BO1,2021-06-04T22:02:02+00:00,HIGH_CONFIDENCE_STRUCTURAL,"season=2021, team=oe:team:4bd1751425ef6a9bc9d4d8e9385b4a6, cutoff<=2021-06-11T00:00:00+00:00",STRUCTURAL_RECONCILIATION_ONLY
oe_structural:2021:2021-06-05:ed22378584c8,oe:team:87ee02298073abc2d55060f097d4041,oe:team:fc8e90107dabb9a35c490b0d86adea0,period:debddf61a872640eadfb,2021.0,Summer,regular,2021-06-05,BO1,2021-06-04T22:02:02+00:00,HIGH_CONFIDENCE_STRUCTURAL,"season=2021, team=oe:team:87ee02298073abc2d55060f097d4041, cutoff<=2021-06-05T00:00:00+00:00",STRUCTURAL_RECONCILIATION_ONLY
oe_structural:2021:2021-06-06:42c5de38936f,oe:team:87ee02298073abc2d55060f097d4041,oe:team:a22510a4756fa424cb0771b13261139,period:debddf61a872640eadfb,2021.0,Summer,regular,2021-06-06,BO1,2021-06-04T22:02:02+00:00,HIGH_CONFIDENCE_STRUCTURAL,"season=2021, team=oe:team:87ee02298073abc2d55060f097d4041, cutoff<=2021-06-06T00:00:00+00:00",STRUCTURAL_RECONCILIATION_ONLY
oe_structural:2021:2021-06-06:f186446662a8,oe:team:87ee02298073abc2d55060f097d4041,oe:team:c334c629fea759876e9e04afbe4aee7,period:debddf61a872640eadfb,2021.0,Summer,regular,2021-06-06,BO1,2021-06-04T22:02:02+00:00,HIGH_CONFIDENCE_STRUCTURAL,"season=2021, team=oe:team:87ee02298073abc2d55060f097d4041, cutoff<=2021-06-06T00:00:00+00:00",STRUCTURAL_RECONCILIATION_ONLY
oe_structural:2021:2021-06-06:0b266ca309e5,oe:team:8eb884e168f28402ce685bedebb5250,oe:team:fc8e90107dabb9a35c490b0d86adea0,period:debddf61a872640eadfb,2021.0,Summer,regular,2021-06-06,BO1,2021-06-04T22:02:02+00:00,HIGH_CONFIDENCE_STRUCTURAL,"season=2021, team=oe:team:8eb884e168f28402ce685bedebb5250, cutoff<=2021-06-06T00:00:00+00:00",STRUCTURAL_RECONCILIATION_ONLY
oe_structural:2021:2021-06-06:47c5b01c12e5,oe:team:8eb884e168f28402ce685bedebb5250,oe:team:cbfaf0ca2181f0903d2fcceb6c28f3b,period:debddf61a872640eadfb,2021.0,Summer,regular,2021-06-06,BO1,2021-06-04T22:02:02+00:00,HIGH_CONFIDENCE_STRUCTURAL,"season=2021, team=oe:team:8eb884e168f28402ce685bedebb5250, cutoff<=2021-06-06T00:00:00+00:00",STRUCTURAL_RECONCILIATION_ONLY
oe_structural:2021:2021-06-11:8fc765295e7e,oe:team:8eb884e168f28402ce685bedebb5250,oe:team:0dbb780176ecad18f17292d1f5653af,period:debddf61a872640eadfb,2021.0,Summer,regular,2021-06-11,BO1,2021-06-04T22:02:02+00:00,HIGH_CONFIDENCE_STRUCTURAL,"season=2021, team=oe:team:8eb884e168f28402ce685bedebb5250, cutoff<=2021-06-11T00:00:00+00:00",STRUCTURAL_RECONCILIATION_ONLY
oe_structural:2021:2021-06-05:c792bb8c4cd2,oe:team:a22510a4756fa424cb0771b13261139,oe:team:f7f7324c151aa6ed770b244ce08e027,period:debddf61a872640eadfb,2021.0,Summer,regular,2021-06-05,BO1,2021-06-04T22:02:02+00:00,HIGH_CONFIDENCE_STRUCTURAL,"season=2021, team=oe:team:a22510a4756fa424cb0771b13261139, cutoff<=2021-06-05T00:00:00+00:00",STRUCTURAL_RECONCILIATION_ONLY
oe_structural:2021:2021-06-06:42c5de38936f,oe:team:a22510a4756fa424cb0771b13261139,oe:team:87ee02298073abc2d55060f097d4041,period:debddf61a872640eadfb,2021.0,Summer,regular,2021-06-06,BO1,2021-06-04T22:02:02+00:00,HIGH_CONFIDENCE_STRUCTURAL,"season=2021, team=oe:team:a22510a4756fa424cb0771b13261139, cutoff<=2021-06-06T00:00:00+00:00",STRUCTURAL_RECONCILIATION_ONLY
oe_structural:2021:2021-06-11:23c56ce3dc67,oe:team:a22510a4756fa424cb0771b13261139,oe:team:4bd1751425ef6a9bc9d4d8e9385b4a6,period:debddf61a872640eadfb,2021.0,Summer,regular,2021-06-11,BO1,2021-06-04T22:02:02+00:00,HIGH_CONFIDENCE_STRUCTURAL,"season=2021, team=oe:team:a22510a4756fa424cb0771b13261139, cutoff<=2021-06-11T00:00:00+00:00",STRUCTURAL_RECONCILIATION_ONLY
oe_structural:2021:2021-06-05:5518ab2c96e8,oe:team:c334c629fea759876e9e04afbe4aee7,oe:team:4bd1751425ef6a9bc9d4d8e9385b4a6,period:debddf61a872640eadfb,2021.0,Summer,regular,2021-06-05,BO1,2021-06-04T22:02:02+00:00,HIGH_CONFIDENCE_STRUCTURAL,"season=2021, team=oe:team:c334c629fea759876e9e04afbe4aee7, cutoff<=2021-06-05T00:00:00+00:00",STRUCTURAL_RECONCILIATION_ONLY
oe_structural:2021:2021-06-06:f186446662a8,oe:team:c334c629fea759876e9e04afbe4aee7,oe:team:87ee02298073abc2d55060f097d4041,period:debddf61a872640eadfb,2021.0,Summer,regular,2021-06-06,BO1,2021-06-04T22:02:02+00:00,HIGH_CONFIDENCE_STRUCTURAL,"season=2021, team=oe:team:c334c629fea759876e9e04afbe4aee7, cutoff<=2021-06-06T00:00:00+00:00",STRUCTURAL_RECONCILIATION_ONLY
oe_structural:2021:2021-06-07:f94bc2b2f1ee,oe:team:c334c629fea759876e9e04afbe4aee7,oe:team:cbfaf0ca2181f0903d2fcceb6c28f3b,period:debddf61a872640eadfb,2021.0,Summer,regular,2021-06-07,BO1,2021-06-04T22:02:02+00:00,HIGH_CONFIDENCE_STRUCTURAL,"season=2021, team=oe:team:c334c629fea759876e9e04afbe4aee7, cutoff<=2021-06-07T00:00:00+00:00",STRUCTURAL_RECONCILIATION_ONLY
oe_structural:2021:2021-06-05:6f58890f12aa,oe:team:cbfaf0ca2181f0903d2fcceb6c28f3b,oe:team:2e66da41dc460dd378e3bcc57042d31,period:debddf61a872640eadfb,2021.0,Summer,regular,2021-06-05,BO1,2021-06-04T22:02:02+00:00,HIGH_CONFIDENCE_STRUCTURAL,"season=2021, team=oe:team:cbfaf0ca2181f0903d2fcceb6c28f3b, cutoff<=2021-06-05T00:00:00+00:00",STRUCTURAL_RECONCILIATION_ONLY
oe_structural:2021:2021-06-06:47c5b01c12e5,oe:team:cbfaf0ca2181f0903d2fcceb6c28f3b,oe:team:8eb884e168f28402ce685bedebb5250,period:debddf61a872640eadfb,2021.0,Summer,regular,2021-06-06,BO1,2021-06-04T22:02:02+00:00,HIGH_CONFIDENCE_STRUCTURAL,"season=2021, team=oe:team:cbfaf0ca2181f0903d2fcceb6c28f3b, cutoff<=2021-06-06T00:00:00+00:00",STRUCTURAL_RECONCILIATION_ONLY
oe_structural:2021:2021-06-07:f94bc2b2f1ee,oe:team:cbfaf0ca2181f0903d2fcceb6c28f3b,oe:team:c334c629fea759876e9e04afbe4aee7,period:debddf61a872640eadfb,2021.0,Summer,regular,2021-06-07,BO1,2021-06-04T22:02:02+00:00,HIGH_CONFIDENCE_STRUCTURAL,"season=2021, team=oe:team:cbfaf0ca2181f0903d2fcceb6c28f3b, cutoff<=2021-06-07T00:00:00+00:00",STRUCTURAL_RECONCILIATION_ONLY
oe_structural:2021:2021-06-05:c792bb8c4cd2,oe:team:f7f7324c151aa6ed770b244ce08e027,oe:team:a22510a4756fa424cb0771b13261139,period:debddf61a872640eadfb,2021.0,Summer,regular,2021-06-05,BO1,2021-06-04T22:02:02+00:00,HIGH_CONFIDENCE_STRUCTURAL,"season=2021, team=oe:team:f7f7324c151aa6ed770b244ce08e027, cutoff<=2021-06-05T00:00:00+00:00",STRUCTURAL_RECONCILIATION_ONLY
oe_structural:2021:2021-06-06:913c5fb9ddd9,oe:team:f7f7324c151aa6ed770b244ce08e027,oe:team:2e66da41dc460dd378e3bcc57042d31,period:debddf61a872640eadfb,2021.0,Summer,regular,2021-06-06,BO1,2021-06-04T22:02:02+00:00,HIGH_CONFIDENCE_STRUCTURAL,"season=2021, team=oe:team:f7f7324c151aa6ed770b244ce08e027, cutoff<=2021-06-06T00:00:00+00:00",STRUCTURAL_RECONCILIATION_ONLY
oe_structural:2021:2021-06-05:21d5a3dd0e21,oe:team:fc8e90107dabb9a35c490b0d86adea0,oe:team:4bd1751425ef6a9bc9d4d8e9385b4a6,period:debddf61a872640eadfb,2021.0,Summer,regular,2021-06-05,BO1,2021-06-04T22:02:02+00:00,HIGH_CONFIDENCE_STRUCTURAL,"season=2021, team=oe:team:fc8e90107dabb9a35c490b0d86adea0, cutoff<=2021-06-05T00:00:00+00:00",STRUCTURAL_RECONCILIATION_ONLY
oe_structural:2021:2021-06-05:ed22378584c8,oe:team:fc8e90107dabb9a35c490b0d86adea0,oe:team:87ee02298073abc2d55060f097d4041,period:debddf61a872640eadfb,2021.0,Summer,regular,2021-06-05,BO1,2021-06-04T22:02:02+00:00,HIGH_CONFIDENCE_STRUCTURAL,"season=2021, team=oe:team:fc8e90107dabb9a35c490b0d86adea0, cutoff<=2021-06-05T00:00:00+00:00",STRUCTURAL_RECONCILIATION_ONLY
oe_structural:2021:2021-06-06:0b266ca309e5,oe:team:fc8e90107dabb9a35c490b0d86adea0,oe:team:8eb884e168f28402ce685bedebb5250,period:debddf61a872640eadfb,2021.0,Summer,regular,2021-06-06,BO1,2021-06-04T22:02:02+00:00,HIGH_CONFIDENCE_STRUCTURAL,"season=2021, team=oe:team:fc8e90107dabb9a35c490b0d86adea0, cutoff<=2021-06-06T00:00:00+00:00",STRUCTURAL_RECONCILIATION_ONLY
oe_structural:2022:2022-08-13:5a2838627e90,oe:team:0dbb780176ecad18f17292d1f5653af,oe:team:f7f7324c151aa6ed770b244ce08e027,period:e268d0eb9109f8185a29,2022.0,Summer,regular,2022-08-13,BO1,2022-08-12T20:55:46+00:00,HIGH_CONFIDENCE_STRUCTURAL,"season=2022, team=oe:team:0dbb780176ecad18f17292d1f5653af, cutoff<=2022-08-13T00:00:00+00:00",STRUCTURAL_RECONCILIATION_ONLY
oe_structural:2022:2022-08-14:e47f82aa7294,oe:team:0dbb780176ecad18f17292d1f5653af,oe:team:87ee02298073abc2d55060f097d4041,period:e268d0eb9109f8185a29,2022.0,Summer,regular,2022-08-14,BO1,2022-08-12T20:55:46+00:00,HIGH_CONFIDENCE_STRUCTURAL,"season=2022, team=oe:team:0dbb780176ecad18f17292d1f5653af, cutoff<=2022-08-14T00:00:00+00:00",STRUCTURAL_RECONCILIATION_ONLY
oe_structural:2022:2022-08-13:d031aa269ade,oe:team:2e66da41dc460dd378e3bcc57042d31,oe:team:c334c629fea759876e9e04afbe4aee7,period:e268d0eb9109f8185a29,2022.0,Summer,regular,2022-08-13,BO1,2022-08-12T20:55:46+00:00,HIGH_CONFIDENCE_STRUCTURAL,"season=2022, team=oe:team:2e66da41dc460dd378e3bcc57042d31, cutoff<=2022-08-13T00:00:00+00:00",STRUCTURAL_RECONCILIATION_ONLY
oe_structural:2022:2022-08-14:2e86cbf9149e,oe:team:2e66da41dc460dd378e3bcc57042d31,oe:team:a22510a4756fa424cb0771b13261139,period:e268d0eb9109f8185a29,2022.0,Summer,regular,2022-08-14,BO1,2022-08-12T20:55:46+00:00,HIGH_CONFIDENCE_STRUCTURAL,"season=2022, team=oe:team:2e66da41dc460dd378e3bcc57042d31, cutoff<=2022-08-14T00:00:00+00:00",STRUCTURAL_RECONCILIATION_ONLY
oe_structural:2022:2022-08-15:be4fe7a6e510,oe:team:2e66da41dc460dd378e3bcc57042d31,oe:team:fc8e90107dabb9a35c490b0d86adea0,period:e268d0eb9109f8185a29,2022.0,Summer,regular,2022-08-15,BO1,2022-08-12T20:55:46+00:00,HIGH_CONFIDENCE_STRUCTURAL,"season=2022, team=oe:team:2e66da41dc460dd378e3bcc57042d31, cutoff<=2022-08-15T00:00:00+00:00",STRUCTURAL_RECONCILIATION_ONLY
oe_structural:2022:2022-08-20:57e16a63e640,oe:team:2e66da41dc460dd378e3bcc57042d31,oe:team:8eb884e168f28402ce685bedebb5250,period:e268d0eb9109f8185a29,2022.0,Summer,playoffs,2022-08-20,BO5,2022-08-12T20:55:46+00:00,HIGH_CONFIDENCE_STRUCTURAL,"season=2022, team=oe:team:2e66da41dc460dd378e3bcc57042d31, cutoff<=2022-08-20T00:00:00+00:00",STRUCTURAL_RECONCILIATION_ONLY
oe_structural:2022:2022-08-13:b6d2eeea0d43,oe:team:4bd1751425ef6a9bc9d4d8e9385b4a6,oe:team:cbfaf0ca2181f0903d2fcceb6c28f3b,period:e268d0eb9109f8185a29,2022.0,Summer,regular,2022-08-13,BO1,2022-08-12T20:55:46+00:00,HIGH_CONFIDENCE_STRUCTURAL,"season=2022, team=oe:team:4bd1751425ef6a9bc9d4d8e9385b4a6, cutoff<=2022-08-13T00:00:00+00:00",STRUCTURAL_RECONCILIATION_ONLY
oe_structural:2022:2022-08-14:1667c56bfc68,oe:team:4bd1751425ef6a9bc9d4d8e9385b4a6,oe:team:8eb884e168f28402ce685bedebb5250,period:e268d0eb9109f8185a29,2022.0,Summer,regular,2022-08-14,BO1,2022-08-12T20:55:46+00:00,HIGH_CONFIDENCE_STRUCTURAL,"season=2022, team=oe:team:4bd1751425ef6a9bc9d4d8e9385b4a6, cutoff<=2022-08-14T00:00:00+00:00",STRUCTURAL_RECONCILIATION_ONLY
oe_structural:2022:2022-08-13:9eae983d2be0,oe:team:87ee02298073abc2d55060f097d4041,oe:team:8eb884e168f28402ce685bedebb5250,period:e268d0eb9109f8185a29,2022.0,Summer,regular,2022-08-13,BO1,2022-08-12T20:55:46+00:00,HIGH_CONFIDENCE_STRUCTURAL,"season=2022, team=oe:team:87ee02298073abc2d55060f097d4041, cutoff<=2022-08-13T00:00:00+00:00",STRUCTURAL_RECONCILIATION_ONLY
oe_structural:2022:2022-08-14:e47f82aa7294,oe:team:87ee02298073abc2d55060f097d4041,oe:team:0dbb780176ecad18f17292d1f5653af,period:e268d0eb9109f8185a29,2022.0,Summer,regular,2022-08-14,BO1,2022-08-12T20:55:46+00:00,HIGH_CONFIDENCE_STRUCTURAL,"season=2022, team=oe:team:87ee02298073abc2d55060f097d4041, cutoff<=2022-08-14T00:00:00+00:00",STRUCTURAL_RECONCILIATION_ONLY
oe_structural:2022:2022-08-13:9eae983d2be0,oe:team:8eb884e168f28402ce685bedebb5250,oe:team:87ee02298073abc2d55060f097d4041,period:e268d0eb9109f8185a29,2022.0,Summer,regular,2022-08-13,BO1,2022-08-12T20:55:46+00:00,HIGH_CONFIDENCE_STRUCTURAL,"season=2022, team=oe:team:8eb884e168f28402ce685bedebb5250, cutoff<=2022-08-13T00:00:00+00:00",STRUCTURAL_RECONCILIATION_ONLY
oe_structural:2022:2022-08-14:1667c56bfc68,oe:team:8eb884e168f28402ce685bedebb5250,oe:team:4bd1751425ef6a9bc9d4d8e9385b4a6,period:e268d0eb9109f8185a29,2022.0,Summer,regular,2022-08-14,BO1,2022-08-12T20:55:46+00:00,HIGH_CONFIDENCE_STRUCTURAL,"season=2022, team=oe:team:8eb884e168f28402ce685bedebb5250, cutoff<=2022-08-14T00:00:00+00:00",STRUCTURAL_RECONCILIATION_ONLY
oe_structural:2022:2022-08-20:57e16a63e640,oe:team:8eb884e168f28402ce685bedebb5250,oe:team:2e66da41dc460dd378e3bcc57042d31,period:e268d0eb9109f8185a29,2022.0,Summer,playoffs,2022-08-20,BO5,2022-08-12T20:55:46+00:00,HIGH_CONFIDENCE_STRUCTURAL,"season=2022, team=oe:team:8eb884e168f28402ce685bedebb5250, cutoff<=2022-08-20T00:00:00+00:00",STRUCTURAL_RECONCILIATION_ONLY
oe_structural:2022:2022-08-13:bb0aff6cf27c,oe:team:a22510a4756fa424cb0771b13261139,oe:team:cbfaf0ca2181f0903d2fcceb6c28f3b,period:e268d0eb9109f8185a29,2022.0,Summer,regular,2022-08-13,BO1,2022-08-12T20:55:46+00:00,HIGH_CONFIDENCE_STRUCTURAL,"season=2022, team=oe:team:a22510a4756fa424cb0771b13261139, cutoff<=2022-08-13T00:00:00+00:00",STRUCTURAL_RECONCILIATION_ONLY
oe_structural:2022:2022-08-13:df43072c1db4,oe:team:a22510a4756fa424cb0771b13261139,oe:team:fc8e90107dabb9a35c490b0d86adea0,period:e268d0eb9109f8185a29,2022.0,Summer,regular,2022-08-13,BO1,2022-08-12T20:55:46+00:00,HIGH_CONFIDENCE_STRUCTURAL,"season=2022, team=oe:team:a22510a4756fa424cb0771b13261139, cutoff<=2022-08-13T00:00:00+00:00",STRUCTURAL_RECONCILIATION_ONLY
oe_structural:2022:2022-08-14:2e86cbf9149e,oe:team:a22510a4756fa424cb0771b13261139,oe:team:2e66da41dc460dd378e3bcc57042d31,period:e268d0eb9109f8185a29,2022.0,Summer,regular,2022-08-14,BO1,2022-08-12T20:55:46+00:00,HIGH_CONFIDENCE_STRUCTURAL,"season=2022, team=oe:team:a22510a4756fa424cb0771b13261139, cutoff<=2022-08-14T00:00:00+00:00",STRUCTURAL_RECONCILIATION_ONLY
oe_structural:2022:2022-08-25:df0eea366d83,oe:team:a22510a4756fa424cb0771b13261139,oe:team:2e66da41dc460dd378e3bcc57042d31,period:e268d0eb9109f8185a29,2022.0,Summer,playoffs,2022-08-25,BO5,2022-08-12T20:55:46+00:00,HIGH_CONFIDENCE_STRUCTURAL,"season=2022, team=oe:team:a22510a4756fa424cb0771b13261139, cutoff<=2022-08-25T00:00:00+00:00",STRUCTURAL_RECONCILIATION_ONLY
oe_structural:2022:2022-08-13:a6b7c96fba3f,oe:team:c334c629fea759876e9e04afbe4aee7,oe:team:fc8e90107dabb9a35c490b0d86adea0,period:e268d0eb9109f8185a29,2022.0,Summer,regular,2022-08-13,BO1,2022-08-12T20:55:46+00:00,HIGH_CONFIDENCE_STRUCTURAL,"season=2022, team=oe:team:c334c629fea759876e9e04afbe4aee7, cutoff<=2022-08-13T00:00:00+00:00",STRUCTURAL_RECONCILIATION_ONLY
oe_structural:2022:2022-08-13:d031aa269ade,oe:team:c334c629fea759876e9e04afbe4aee7,oe:team:2e66da41dc460dd378e3bcc57042d31,period:e268d0eb9109f8185a29,2022.0,Summer,regular,2022-08-13,BO1,2022-08-12T20:55:46+00:00,HIGH_CONFIDENCE_STRUCTURAL,"season=2022, team=oe:team:c334c629fea759876e9e04afbe4aee7, cutoff<=2022-08-13T00:00:00+00:00",STRUCTURAL_RECONCILIATION_ONLY
oe_structural:2022:2022-08-14:3d417a00cf03,oe:team:c334c629fea759876e9e04afbe4aee7,oe:team:cbfaf0ca2181f0903d2fcceb6c28f3b,period:e268d0eb9109f8185a29,2022.0,Summer,regular,2022-08-14,BO1,2022-08-12T20:55:46+00:00,HIGH_CONFIDENCE_STRUCTURAL,"season=2022, team=oe:team:c334c629fea759876e9e04afbe4aee7, cutoff<=2022-08-14T00:00:00+00:00",STRUCTURAL_RECONCILIATION_ONLY
oe_structural:2022:2022-08-13:b6d2eeea0d43,oe:team:cbfaf0ca2181f0903d2fcceb6c28f3b,oe:team:4bd1751425ef6a9bc9d4d8e9385b4a6,period:e268d0eb9109f8185a29,2022.0,Summer,regular,2022-08-13,BO1,2022-08-12T20:55:46+00:00,HIGH_CONFIDENCE_STRUCTURAL,"season=2022, team=oe:team:cbfaf0ca2181f0903d2fcceb6c28f3b, cutoff<=2022-08-13T00:00:00+00:00",STRUCTURAL_RECONCILIATION_ONLY
oe_structural:2022:2022-08-13:bb0aff6cf27c,oe:team:cbfaf0ca2181f0903d2fcceb6c28f3b,oe:team:a22510a4756fa424cb0771b13261139,period:e268d0eb9109f8185a29,2022.0,Summer,regular,2022-08-13,BO1,2022-08-12T20:55:46+00:00,HIGH_CONFIDENCE_STRUCTURAL,"season=2022, team=oe:team:cbfaf0ca2181f0903d2fcceb6c28f3b, cutoff<=2022-08-13T00:00:00+00:00",STRUCTURAL_RECONCILIATION_ONLY
oe_structural:2022:2022-08-14:3d417a00cf03,oe:team:cbfaf0ca2181f0903d2fcceb6c28f3b,oe:team:c334c629fea759876e9e04afbe4aee7,period:e268d0eb9109f8185a29,2022.0,Summer,regular,2022-08-14,BO1,2022-08-12T20:55:46+00:00,HIGH_CONFIDENCE_STRUCTURAL,"season=2022, team=oe:team:cbfaf0ca2181f0903d2fcceb6c28f3b, cutoff<=2022-08-14T00:00:00+00:00",STRUCTURAL_RECONCILIATION_ONLY
oe_structural:2022:2022-08-13:5a2838627e90,oe:team:f7f7324c151aa6ed770b244ce08e027,oe:team:0dbb780176ecad18f17292d1f5653af,period:e268d0eb9109f8185a29,2022.0,Summer,regular,2022-08-13,BO1,2022-08-12T20:55:46+00:00,HIGH_CONFIDENCE_STRUCTURAL,"season=2022, team=oe:team:f7f7324c151aa6ed770b244ce08e027, cutoff<=2022-08-13T00:00:00+00:00",STRUCTURAL_RECONCILIATION_ONLY
oe_structural:2022:2022-08-14:4b3b312cc0e1,oe:team:f7f7324c151aa6ed770b244ce08e027,oe:team:fc8e90107dabb9a35c490b0d86adea0,period:e268d0eb9109f8185a29,2022.0,Summer,regular,2022-08-14,BO1,2022-08-12T20:55:46+00:00,HIGH_CONFIDENCE_STRUCTURAL,"season=2022, team=oe:team:f7f7324c151aa6ed770b244ce08e027, cutoff<=2022-08-14T00:00:00+00:00",STRUCTURAL_RECONCILIATION_ONLY
oe_structural:2022:2022-08-13:a6b7c96fba3f,oe:team:fc8e90107dabb9a35c490b0d86adea0,oe:team:c334c629fea759876e9e04afbe4aee7,period:e268d0eb9109f8185a29,2022.0,Summer,regular,2022-08-13,BO1,2022-08-12T20:55:46+00:00,HIGH_CONFIDENCE_STRUCTURAL,"season=2022, team=oe:team:fc8e90107dabb9a35c490b0d86adea0, cutoff<=2022-08-13T00:00:00+00:00",STRUCTURAL_RECONCILIATION_ONLY
oe_structural:2022:2022-08-13:df43072c1db4,oe:team:fc8e90107dabb9a35c490b0d86adea0,oe:team:a22510a4756fa424cb0771b13261139,period:e268d0eb9109f8185a29,2022.0,Summer,regular,2022-08-13,BO1,2022-08-12T20:55:46+00:00,HIGH_CONFIDENCE_STRUCTURAL,"season=2022, team=oe:team:fc8e90107dabb9a35c490b0d86adea0, cutoff<=2022-08-13T00:00:00+00:00",STRUCTURAL_RECONCILIATION_ONLY
oe_structural:2022:2022-08-14:4b3b312cc0e1,oe:team:fc8e90107dabb9a35c490b0d86adea0,oe:team:f7f7324c151aa6ed770b244ce08e027,period:e268d0eb9109f8185a29,2022.0,Summer,regular,2022-08-14,BO1,2022-08-12T20:55:46+00:00,HIGH_CONFIDENCE_STRUCTURAL,"season=2022, team=oe:team:fc8e90107dabb9a35c490b0d86adea0, cutoff<=2022-08-14T00:00:00+00:00",STRUCTURAL_RECONCILIATION_ONLY
oe_structural:2022:2022-08-15:be4fe7a6e510,oe:team:fc8e90107dabb9a35c490b0d86adea0,oe:team:2e66da41dc460dd378e3bcc57042d31,period:e268d0eb9109f8185a29,2022.0,Summer,regular,2022-08-15,BO1,2022-08-12T20:55:46+00:00,HIGH_CONFIDENCE_STRUCTURAL,"season=2022, team=oe:team:fc8e90107dabb9a35c490b0d86adea0, cutoff<=2022-08-15T00:00:00+00:00",STRUCTURAL_RECONCILIATION_ONLY
oe_structural:2024:2024-06-23:fa94aae1f79e,oe:team:2e66da41dc460dd378e3bcc57042d31,oe:team:e758ebe9a5a2cc81b9c8078479c2d87,period:ea10f8bb7f189dc4197a,2024.0,Summer,regular,2024-06-23,BO3,2024-06-22T20:11:50+00:00,HIGH_CONFIDENCE_STRUCTURAL,"season=2024, team=oe:team:2e66da41dc460dd378e3bcc57042d31, cutoff<=2024-06-23T00:00:00+00:00",STRUCTURAL_RECONCILIATION_ONLY
oe_structural:2024:2024-06-27:fe6acaf16ffd,oe:team:4bd1751425ef6a9bc9d4d8e9385b4a6,oe:team:8eb884e168f28402ce685bedebb5250,period:ea10f8bb7f189dc4197a,2024.0,Summer,regular,2024-06-27,BO3,2024-06-22T20:11:50+00:00,HIGH_CONFIDENCE_STRUCTURAL,"season=2024, team=oe:team:4bd1751425ef6a9bc9d4d8e9385b4a6, cutoff<=2024-06-27T00:00:00+00:00",STRUCTURAL_RECONCILIATION_ONLY
oe_structural:2024:2024-06-23:185e767e4c53,oe:team:8eb884e168f28402ce685bedebb5250,oe:team:b360f1d729b0a8e0f29a5243c4200fa,period:ea10f8bb7f189dc4197a,2024.0,Summer,regular,2024-06-23,BO3,2024-06-22T20:11:50+00:00,HIGH_CONFIDENCE_STRUCTURAL,"season=2024, team=oe:team:8eb884e168f28402ce685bedebb5250, cutoff<=2024-06-23T00:00:00+00:00",STRUCTURAL_RECONCILIATION_ONLY
oe_structural:2024:2024-06-27:fe6acaf16ffd,oe:team:8eb884e168f28402ce685bedebb5250,oe:team:4bd1751425ef6a9bc9d4d8e9385b4a6,period:ea10f8bb7f189dc4197a,2024.0,Summer,regular,2024-06-27,BO3,2024-06-22T20:11:50+00:00,HIGH_CONFIDENCE_STRUCTURAL,"season=2024, team=oe:team:8eb884e168f28402ce685bedebb5250, cutoff<=2024-06-27T00:00:00+00:00",STRUCTURAL_RECONCILIATION_ONLY
oe_structural:2024:2024-06-23:185e767e4c53,oe:team:b360f1d729b0a8e0f29a5243c4200fa,oe:team:8eb884e168f28402ce685bedebb5250,period:ea10f8bb7f189dc4197a,2024.0,Summer,regular,2024-06-23,BO3,2024-06-22T20:11:50+00:00,HIGH_CONFIDENCE_STRUCTURAL,"season=2024, team=oe:team:b360f1d729b0a8e0f29a5243c4200fa, cutoff<=2024-06-23T00:00:00+00:00",STRUCTURAL_RECONCILIATION_ONLY
oe_structural:2024:2024-06-27:a298adcc6012,oe:team:c334c629fea759876e9e04afbe4aee7,oe:team:e758ebe9a5a2cc81b9c8078479c2d87,period:ea10f8bb7f189dc4197a,2024.0,Summer,regular,2024-06-27,BO3,2024-06-22T20:11:50+00:00,HIGH_CONFIDENCE_STRUCTURAL,"season=2024, team=oe:team:c334c629fea759876e9e04afbe4aee7, cutoff<=2024-06-27T00:00:00+00:00",STRUCTURAL_RECONCILIATION_ONLY
oe_structural:2024:2024-06-23:fa94aae1f79e,oe:team:e758ebe9a5a2cc81b9c8078479c2d87,oe:team:2e66da41dc460dd378e3bcc57042d31,period:ea10f8bb7f189dc4197a,2024.0,Summer,regular,2024-06-23,BO3,2024-06-22T20:11:50+00:00,HIGH_CONFIDENCE_STRUCTURAL,"season=2024, team=oe:team:e758ebe9a5a2cc81b9c8078479c2d87, cutoff<=2024-06-23T00:00:00+00:00",STRUCTURAL_RECONCILIATION_ONLY
oe_structural:2024:2024-06-27:a298adcc6012,oe:team:e758ebe9a5a2cc81b9c8078479c2d87,oe:team:c334c629fea759876e9e04afbe4aee7,period:ea10f8bb7f189dc4197a,2024.0,Summer,regular,2024-06-27,BO3,2024-06-22T20:11:50+00:00,HIGH_CONFIDENCE_STRUCTURAL,"season=2024, team=oe:team:e758ebe9a5a2cc81b9c8078479c2d87, cutoff<=2024-06-27T00:00:00+00:00",STRUCTURAL_RECONCILIATION_ONLY
oe_structural:2022:2022-01-22:08c082bec6b3,oe:team:0dbb780176ecad18f17292d1f5653af,oe:team:4bd1751425ef6a9bc9d4d8e9385b4a6,period:ea5caa919fbd4b75da18,2022.0,Spring,playoffs,2022-01-22,BO5,2022-01-21T21:45:47+00:00,HIGH_CONFIDENCE_STRUCTURAL,"season=2022, team=oe:team:0dbb780176ecad18f17292d1f5653af, cutoff<=2022-01-22T00:00:00+00:00",STRUCTURAL_RECONCILIATION_ONLY
oe_structural:2022:2022-01-22:10ba19dc4f9e,oe:team:0dbb780176ecad18f17292d1f5653af,oe:team:f7f7324c151aa6ed770b244ce08e027,period:ea5caa919fbd4b75da18,2022.0,Spring,playoffs,2022-01-22,BO5,2022-01-21T21:45:47+00:00,HIGH_CONFIDENCE_STRUCTURAL,"season=2022, team=oe:team:0dbb780176ecad18f17292d1f5653af, cutoff<=2022-01-22T00:00:00+00:00",STRUCTURAL_RECONCILIATION_ONLY
oe_structural:2022:2022-01-28:93bb941e2a15,oe:team:0dbb780176ecad18f17292d1f5653af,oe:team:8eb884e168f28402ce685bedebb5250,period:ea5caa919fbd4b75da18,2022.0,Spring,playoffs,2022-01-28,BO5,2022-01-21T21:45:47+00:00,HIGH_CONFIDENCE_STRUCTURAL,"season=2022, team=oe:team:0dbb780176ecad18f17292d1f5653af, cutoff<=2022-01-28T00:00:00+00:00",STRUCTURAL_RECONCILIATION_ONLY
oe_structural:2022:2022-01-22:e66c8f74b1a9,oe:team:2e66da41dc460dd378e3bcc57042d31,oe:team:8eb884e168f28402ce685bedebb5250,period:ea5caa919fbd4b75da18,2022.0,Spring,playoffs,2022-01-22,BO5,2022-01-21T21:45:47+00:00,HIGH_CONFIDENCE_STRUCTURAL,"season=2022, team=oe:team:2e66da41dc460dd378e3bcc57042d31, cutoff<=2022-01-22T00:00:00+00:00",STRUCTURAL_RECONCILIATION_ONLY
oe_structural:2022:2022-01-23:9b93ccedc9c5,oe:team:2e66da41dc460dd378e3bcc57042d31,oe:team:8eb884e168f28402ce685bedebb5250,period:ea5caa919fbd4b75da18,2022.0,Spring,playoffs,2022-01-23,BO5,2022-01-21T21:45:47+00:00,HIGH_CONFIDENCE_STRUCTURAL,"season=2022, team=oe:team:2e66da41dc460dd378e3bcc57042d31, cutoff<=2022-01-23T00:00:00+00:00",STRUCTURAL_RECONCILIATION_ONLY
oe_structural:2022:2022-02-05:93a28f42b1e0,oe:team:2e66da41dc460dd378e3bcc57042d31,oe:team:cbfaf0ca2181f0903d2fcceb6c28f3b,period:ea5caa919fbd4b75da18,2022.0,Spring,regular,2022-02-05,BO1,2022-01-21T21:45:47+00:00,HIGH_CONFIDENCE_STRUCTURAL,"season=2022, team=oe:team:2e66da41dc460dd378e3bcc57042d31, cutoff<=2022-02-05T00:00:00+00:00",STRUCTURAL_RECONCILIATION_ONLY
oe_structural:2022:2022-01-22:08c082bec6b3,oe:team:4bd1751425ef6a9bc9d4d8e9385b4a6,oe:team:0dbb780176ecad18f17292d1f5653af,period:ea5caa919fbd4b75da18,2022.0,Spring,playoffs,2022-01-22,BO5,2022-01-21T21:45:47+00:00,HIGH_CONFIDENCE_STRUCTURAL,"season=2022, team=oe:team:4bd1751425ef6a9bc9d4d8e9385b4a6, cutoff<=2022-01-22T00:00:00+00:00",STRUCTURAL_RECONCILIATION_ONLY
oe_structural:2022:2022-02-05:7f1323d596fa,oe:team:4bd1751425ef6a9bc9d4d8e9385b4a6,oe:team:8eb884e168f28402ce685bedebb5250,period:ea5caa919fbd4b75da18,2022.0,Spring,regular,2022-02-05,BO1,2022-01-21T21:45:47+00:00,HIGH_CONFIDENCE_STRUCTURAL,"season=2022, team=oe:team:4bd1751425ef6a9bc9d4d8e9385b4a6, cutoff<=2022-02-05T00:00:00+00:00",STRUCTURAL_RECONCILIATION_ONLY
oe_structural:2022:2022-01-22:b7efce990ad4,oe:team:87ee02298073abc2d55060f097d4041,oe:team:a22510a4756fa424cb0771b13261139,period:ea5caa919fbd4b75da18,2022.0,Spring,playoffs,2022-01-22,BO5,2022-01-21T21:45:47+00:00,HIGH_CONFIDENCE_STRUCTURAL,"season=2022, team=oe:team:87ee02298073abc2d55060f097d4041, cutoff<=2022-01-22T00:00:00+00:00",STRUCTURAL_RECONCILIATION_ONLY
oe_structural:2022:2022-01-23:f725652642ab,oe:team:87ee02298073abc2d55060f097d4041,oe:team:f7f7324c151aa6ed770b244ce08e027,period:ea5caa919fbd4b75da18,2022.0,Spring,playoffs,2022-01-23,BO5,2022-01-21T21:45:47+00:00,HIGH_CONFIDENCE_STRUCTURAL,"season=2022, team=oe:team:87ee02298073abc2d55060f097d4041, cutoff<=2022-01-23T00:00:00+00:00",STRUCTURAL_RECONCILIATION_ONLY
oe_structural:2022:2022-01-22:3a1a51b53a3d,oe:team:8eb884e168f28402ce685bedebb5250,oe:team:c334c629fea759876e9e04afbe4aee7,period:ea5caa919fbd4b75da18,2022.0,Spring,playoffs,2022-01-22,BO5,2022-01-21T21:45:47+00:00,HIGH_CONFIDENCE_STRUCTURAL,"season=2022, team=oe:team:8eb884e168f28402ce685bedebb5250, cutoff<=2022-01-22T00:00:00+00:00",STRUCTURAL_RECONCILIATION_ONLY
oe_structural:2022:2022-01-22:e66c8f74b1a9,oe:team:8eb884e168f28402ce685bedebb5250,oe:team:2e66da41dc460dd378e3bcc57042d31,period:ea5caa919fbd4b75da18,2022.0,Spring,playoffs,2022-01-22,BO5,2022-01-21T21:45:47+00:00,HIGH_CONFIDENCE_STRUCTURAL,"season=2022, team=oe:team:8eb884e168f28402ce685bedebb5250, cutoff<=2022-01-22T00:00:00+00:00",STRUCTURAL_RECONCILIATION_ONLY
oe_structural:2022:2022-01-23:9b93ccedc9c5,oe:team:8eb884e168f28402ce685bedebb5250,oe:team:2e66da41dc460dd378e3bcc57042d31,period:ea5caa919fbd4b75da18,2022.0,Spring,playoffs,2022-01-23,BO5,2022-01-21T21:45:47+00:00,HIGH_CONFIDENCE_STRUCTURAL,"season=2022, team=oe:team:8eb884e168f28402ce685bedebb5250, cutoff<=2022-01-23T00:00:00+00:00",STRUCTURAL_RECONCILIATION_ONLY
oe_structural:2022:2022-01-28:93bb941e2a15,oe:team:8eb884e168f28402ce685bedebb5250,oe:team:0dbb780176ecad18f17292d1f5653af,period:ea5caa919fbd4b75da18,2022.0,Spring,playoffs,2022-01-28,BO5,2022-01-21T21:45:47+00:00,HIGH_CONFIDENCE_STRUCTURAL,"season=2022, team=oe:team:8eb884e168f28402ce685bedebb5250, cutoff<=2022-01-28T00:00:00+00:00",STRUCTURAL_RECONCILIATION_ONLY
oe_structural:2022:2022-01-22:b7efce990ad4,oe:team:a22510a4756fa424cb0771b13261139,oe:team:87ee02298073abc2d55060f097d4041,period:ea5caa919fbd4b75da18,2022.0,Spring,playoffs,2022-01-22,BO5,2022-01-21T21:45:47+00:00,HIGH_CONFIDENCE_STRUCTURAL,"season=2022, team=oe:team:a22510a4756fa424cb0771b13261139, cutoff<=2022-01-22T00:00:00+00:00",STRUCTURAL_RECONCILIATION_ONLY
oe_structural:2022:2022-02-05:6459612109fa,oe:team:a22510a4756fa424cb0771b13261139,oe:team:f7f7324c151aa6ed770b244ce08e027,period:ea5caa919fbd4b75da18,2022.0,Spring,regular,2022-02-05,BO1,2022-01-21T21:45:47+00:00,HIGH_CONFIDENCE_STRUCTURAL,"season=2022, team=oe:team:a22510a4756fa424cb0771b13261139, cutoff<=2022-02-05T00:00:00+00:00",STRUCTURAL_RECONCILIATION_ONLY
oe_structural:2022:2022-01-22:3a1a51b53a3d,oe:team:c334c629fea759876e9e04afbe4aee7,oe:team:8eb884e168f28402ce685bedebb5250,period:ea5caa919fbd4b75da18,2022.0,Spring,playoffs,2022-01-22,BO5,2022-01-21T21:45:47+00:00,HIGH_CONFIDENCE_STRUCTURAL,"season=2022, team=oe:team:c334c629fea759876e9e04afbe4aee7, cutoff<=2022-01-22T00:00:00+00:00",STRUCTURAL_RECONCILIATION_ONLY
oe_structural:2022:2022-01-23:e3b23cc25c96,oe:team:cbfaf0ca2181f0903d2fcceb6c28f3b,oe:team:fc8e90107dabb9a35c490b0d86adea0,period:ea5caa919fbd4b75da18,2022.0,Spring,playoffs,2022-01-23,BO5,2022-01-21T21:45:47+00:00,HIGH_CONFIDENCE_STRUCTURAL,"season=2022, team=oe:team:cbfaf0ca2181f0903d2fcceb6c28f3b, cutoff<=2022-01-23T00:00:00+00:00",STRUCTURAL_RECONCILIATION_ONLY
oe_structural:2022:2022-02-05:93a28f42b1e0,oe:team:cbfaf0ca2181f0903d2fcceb6c28f3b,oe:team:2e66da41dc460dd378e3bcc57042d31,period:ea5caa919fbd4b75da18,2022.0,Spring,regular,2022-02-05,BO1,2022-01-21T21:45:47+00:00,HIGH_CONFIDENCE_STRUCTURAL,"season=2022, team=oe:team:cbfaf0ca2181f0903d2fcceb6c28f3b, cutoff<=2022-02-05T00:00:00+00:00",STRUCTURAL_RECONCILIATION_ONLY
oe_structural:2022:2022-01-22:10ba19dc4f9e,oe:team:f7f7324c151aa6ed770b244ce08e027,oe:team:0dbb780176ecad18f17292d1f5653af,period:ea5caa919fbd4b75da18,2022.0,Spring,playoffs,2022-01-22,BO5,2022-01-21T21:45:47+00:00,HIGH_CONFIDENCE_STRUCTURAL,"season=2022, team=oe:team:f7f7324c151aa6ed770b244ce08e027, cutoff<=2022-01-22T00:00:00+00:00",STRUCTURAL_RECONCILIATION_ONLY
oe_structural:2022:2022-01-23:f725652642ab,oe:team:f7f7324c151aa6ed770b244ce08e027,oe:team:87ee02298073abc2d55060f097d4041,period:ea5caa919fbd4b75da18,2022.0,Spring,playoffs,2022-01-23,BO5,2022-01-21T21:45:47+00:00,HIGH_CONFIDENCE_STRUCTURAL,"season=2022, team=oe:team:f7f7324c151aa6ed770b244ce08e027, cutoff<=2022-01-23T00:00:00+00:00",STRUCTURAL_RECONCILIATION_ONLY
oe_structural:2022:2022-01-23:e3b23cc25c96,oe:team:fc8e90107dabb9a35c490b0d86adea0,oe:team:cbfaf0ca2181f0903d2fcceb6c28f3b,period:ea5caa919fbd4b75da18,2022.0,Spring,playoffs,2022-01-23,BO5,2022-01-21T21:45:47+00:00,HIGH_CONFIDENCE_STRUCTURAL,"season=2022, team=oe:team:fc8e90107dabb9a35c490b0d86adea0, cutoff<=2022-01-23T00:00:00+00:00",STRUCTURAL_RECONCILIATION_ONLY
oe_structural:2022:2022-09-03:e7ea879645e3,oe:team:4bd1751425ef6a9bc9d4d8e9385b4a6,oe:team:fc8e90107dabb9a35c490b0d86adea0,period:f14a4fb0f93da34e9201,2022.0,Summer,playoffs,2022-09-03,BO5,2022-09-01T19:27:30+00:00,HIGH_CONFIDENCE_STRUCTURAL,"season=2022, team=oe:team:4bd1751425ef6a9bc9d4d8e9385b4a6, cutoff<=2022-09-03T00:00:00+00:00",STRUCTURAL_RECONCILIATION_ONLY
oe_structural:2022:2022-09-10:e5223cdb07d2,oe:team:4bd1751425ef6a9bc9d4d8e9385b4a6,oe:team:f7f7324c151aa6ed770b244ce08e027,period:f14a4fb0f93da34e9201,2022.0,Summer,playoffs,2022-09-10,BO5,2022-09-01T19:27:30+00:00,HIGH_CONFIDENCE_STRUCTURAL,"season=2022, team=oe:team:4bd1751425ef6a9bc9d4d8e9385b4a6, cutoff<=2022-09-10T00:00:00+00:00",STRUCTURAL_RECONCILIATION_ONLY
oe_structural:2022:2022-09-04:b1436bcfdb61,oe:team:8eb884e168f28402ce685bedebb5250,oe:team:f7f7324c151aa6ed770b244ce08e027,period:f14a4fb0f93da34e9201,2022.0,Summer,playoffs,2022-09-04,BO5,2022-09-01T19:27:30+00:00,HIGH_CONFIDENCE_STRUCTURAL,"season=2022, team=oe:team:8eb884e168f28402ce685bedebb5250, cutoff<=2022-09-04T00:00:00+00:00",STRUCTURAL_RECONCILIATION_ONLY
oe_structural:2022:2022-09-02:60530167aa1c,oe:team:a22510a4756fa424cb0771b13261139,oe:team:f7f7324c151aa6ed770b244ce08e027,period:f14a4fb0f93da34e9201,2022.0,Summer,playoffs,2022-09-02,BO5,2022-09-01T19:27:30+00:00,HIGH_CONFIDENCE_STRUCTURAL,"season=2022, team=oe:team:a22510a4756fa424cb0771b13261139, cutoff<=2022-09-02T00:00:00+00:00",STRUCTURAL_RECONCILIATION_ONLY
oe_structural:2022:2022-09-03:8ead8e56530b,oe:team:a22510a4756fa424cb0771b13261139,oe:team:f7f7324c151aa6ed770b244ce08e027,period:f14a4fb0f93da34e9201,2022.0,Summer,playoffs,2022-09-03,BO5,2022-09-01T19:27:30+00:00,HIGH_CONFIDENCE_STRUCTURAL,"season=2022, team=oe:team:a22510a4756fa424cb0771b13261139, cutoff<=2022-09-03T00:00:00+00:00",STRUCTURAL_RECONCILIATION_ONLY
oe_structural:2022:2022-09-02:60530167aa1c,oe:team:f7f7324c151aa6ed770b244ce08e027,oe:team:a22510a4756fa424cb0771b13261139,period:f14a4fb0f93da34e9201,2022.0,Summer,playoffs,2022-09-02,BO5,2022-09-01T19:27:30+00:00,HIGH_CONFIDENCE_STRUCTURAL,"season=2022, team=oe:team:f7f7324c151aa6ed770b244ce08e027, cutoff<=2022-09-02T00:00:00+00:00",STRUCTURAL_RECONCILIATION_ONLY
oe_structural:2022:2022-09-03:8ead8e56530b,oe:team:f7f7324c151aa6ed770b244ce08e027,oe:team:a22510a4756fa424cb0771b13261139,period:f14a4fb0f93da34e9201,2022.0,Summer,playoffs,2022-09-03,BO5,2022-09-01T19:27:30+00:00,HIGH_CONFIDENCE_STRUCTURAL,"season=2022, team=oe:team:f7f7324c151aa6ed770b244ce08e027, cutoff<=2022-09-03T00:00:00+00:00",STRUCTURAL_RECONCILIATION_ONLY
oe_structural:2022:2022-09-04:b1436bcfdb61,oe:team:f7f7324c151aa6ed770b244ce08e027,oe:team:8eb884e168f28402ce685bedebb5250,period:f14a4fb0f93da34e9201,2022.0,Summer,playoffs,2022-09-04,BO5,2022-09-01T19:27:30+00:00,HIGH_CONFIDENCE_STRUCTURAL,"season=2022, team=oe:team:f7f7324c151aa6ed770b244ce08e027, cutoff<=2022-09-04T00:00:00+00:00",STRUCTURAL_RECONCILIATION_ONLY
oe_structural:2022:2022-09-10:e5223cdb07d2,oe:team:f7f7324c151aa6ed770b244ce08e027,oe:team:4bd1751425ef6a9bc9d4d8e9385b4a6,period:f14a4fb0f93da34e9201,2022.0,Summer,playoffs,2022-09-10,BO5,2022-09-01T19:27:30+00:00,HIGH_CONFIDENCE_STRUCTURAL,"season=2022, team=oe:team:f7f7324c151aa6ed770b244ce08e027, cutoff<=2022-09-10T00:00:00+00:00",STRUCTURAL_RECONCILIATION_ONLY
oe_structural:2022:2022-09-03:e7ea879645e3,oe:team:fc8e90107dabb9a35c490b0d86adea0,oe:team:4bd1751425ef6a9bc9d4d8e9385b4a6,period:f14a4fb0f93da34e9201,2022.0,Summer,playoffs,2022-09-03,BO5,2022-09-01T19:27:30+00:00,HIGH_CONFIDENCE_STRUCTURAL,"season=2022, team=oe:team:fc8e90107dabb9a35c490b0d86adea0, cutoff<=2022-09-03T00:00:00+00:00",STRUCTURAL_RECONCILIATION_ONLY
oe_structural:2026:2026-04-04:460f4473edfc,oe:team:da1143bf9a245b78a8dc86417de85b3,oe:team:fc8e90107dabb9a35c490b0d86adea0,period:f1fd6343903a0462322e,2026.0,Spring,regular,2026-04-04,BO1,2026-03-02T00:22:41+00:00,HIGH_CONFIDENCE_STRUCTURAL,"season=2026, team=oe:team:da1143bf9a245b78a8dc86417de85b3, cutoff<=2026-04-04T00:00:00+00:00",STRUCTURAL_RECONCILIATION_ONLY
oe_structural:2026:2026-04-04:460f4473edfc,oe:team:fc8e90107dabb9a35c490b0d86adea0,oe:team:da1143bf9a245b78a8dc86417de85b3,period:f1fd6343903a0462322e,2026.0,Spring,regular,2026-04-04,BO1,2026-03-02T00:22:41+00:00,HIGH_CONFIDENCE_STRUCTURAL,"season=2026, team=oe:team:fc8e90107dabb9a35c490b0d86adea0, cutoff<=2026-04-04T00:00:00+00:00",STRUCTURAL_RECONCILIATION_ONLY
oe_structural:2023:2023-06-22:c5a372adc9fe,oe:team:0dbb780176ecad18f17292d1f5653af,oe:team:8eb884e168f28402ce685bedebb5250,period:f2ee99995367bf0fc030,2023.0,Summer,regular,2023-06-22,BO1,2023-06-21T21:07:31+00:00,HIGH_CONFIDENCE_STRUCTURAL,"season=2023, team=oe:team:0dbb780176ecad18f17292d1f5653af, cutoff<=2023-06-22T00:00:00+00:00",STRUCTURAL_RECONCILIATION_ONLY
oe_structural:2023:2023-06-24:6a74b48d7db2,oe:team:0dbb780176ecad18f17292d1f5653af,oe:team:2e66da41dc460dd378e3bcc57042d31,period:f2ee99995367bf0fc030,2023.0,Summer,regular,2023-06-24,BO1,2023-06-21T21:07:31+00:00,HIGH_CONFIDENCE_STRUCTURAL,"season=2023, team=oe:team:0dbb780176ecad18f17292d1f5653af, cutoff<=2023-06-24T00:00:00+00:00",STRUCTURAL_RECONCILIATION_ONLY
oe_structural:2023:2023-06-23:a000f206b16c,oe:team:2e66da41dc460dd378e3bcc57042d31,oe:team:f7f7324c151aa6ed770b244ce08e027,period:f2ee99995367bf0fc030,2023.0,Summer,regular,2023-06-23,BO1,2023-06-21T21:07:31+00:00,HIGH_CONFIDENCE_STRUCTURAL,"season=2023, team=oe:team:2e66da41dc460dd378e3bcc57042d31, cutoff<=2023-06-23T00:00:00+00:00",STRUCTURAL_RECONCILIATION_ONLY
oe_structural:2023:2023-06-24:6a74b48d7db2,oe:team:2e66da41dc460dd378e3bcc57042d31,oe:team:0dbb780176ecad18f17292d1f5653af,period:f2ee99995367bf0fc030,2023.0,Summer,regular,2023-06-24,BO1,2023-06-21T21:07:31+00:00,HIGH_CONFIDENCE_STRUCTURAL,"season=2023, team=oe:team:2e66da41dc460dd378e3bcc57042d31, cutoff<=2023-06-24T00:00:00+00:00",STRUCTURAL_RECONCILIATION_ONLY
oe_structural:2023:2023-06-28:fbdbea6f0c1f,oe:team:2e66da41dc460dd378e3bcc57042d31,oe:team:8eb884e168f28402ce685bedebb5250,period:f2ee99995367bf0fc030,2023.0,Summer,regular,2023-06-28,BO1,2023-06-21T21:07:31+00:00,HIGH_CONFIDENCE_STRUCTURAL,"season=2023, team=oe:team:2e66da41dc460dd378e3bcc57042d31, cutoff<=2023-06-28T00:00:00+00:00",STRUCTURAL_RECONCILIATION_ONLY
oe_structural:2023:2023-06-22:185409ea6a0e,oe:team:4bd1751425ef6a9bc9d4d8e9385b4a6,oe:team:f7f7324c151aa6ed770b244ce08e027,period:f2ee99995367bf0fc030,2023.0,Summer,regular,2023-06-22,BO1,2023-06-21T21:07:31+00:00,HIGH_CONFIDENCE_STRUCTURAL,"season=2023, team=oe:team:4bd1751425ef6a9bc9d4d8e9385b4a6, cutoff<=2023-06-22T00:00:00+00:00",STRUCTURAL_RECONCILIATION_ONLY
oe_structural:2023:2023-06-22:731b50fc4651,oe:team:4bd1751425ef6a9bc9d4d8e9385b4a6,oe:team:fc8e90107dabb9a35c490b0d86adea0,period:f2ee99995367bf0fc030,2023.0,Summer,regular,2023-06-22,BO1,2023-06-21T21:07:31+00:00,HIGH_CONFIDENCE_STRUCTURAL,"season=2023, team=oe:team:4bd1751425ef6a9bc9d4d8e9385b4a6, cutoff<=2023-06-22T00:00:00+00:00",STRUCTURAL_RECONCILIATION_ONLY
oe_structural:2023:2023-06-23:8ef9ca83256d,oe:team:4bd1751425ef6a9bc9d4d8e9385b4a6,oe:team:c334c629fea759876e9e04afbe4aee7,period:f2ee99995367bf0fc030,2023.0,Summer,regular,2023-06-23,BO1,2023-06-21T21:07:31+00:00,HIGH_CONFIDENCE_STRUCTURAL,"season=2023, team=oe:team:4bd1751425ef6a9bc9d4d8e9385b4a6, cutoff<=2023-06-23T00:00:00+00:00",STRUCTURAL_RECONCILIATION_ONLY
oe_structural:2023:2023-06-22:bfad9aa640fa,oe:team:87ee02298073abc2d55060f097d4041,oe:team:c334c629fea759876e9e04afbe4aee7,period:f2ee99995367bf0fc030,2023.0,Summer,regular,2023-06-22,BO1,2023-06-21T21:07:31+00:00,HIGH_CONFIDENCE_STRUCTURAL,"season=2023, team=oe:team:87ee02298073abc2d55060f097d4041, cutoff<=2023-06-22T00:00:00+00:00",STRUCTURAL_RECONCILIATION_ONLY
oe_structural:2023:2023-06-23:c15ec3c90056,oe:team:87ee02298073abc2d55060f097d4041,oe:team:a22510a4756fa424cb0771b13261139,period:f2ee99995367bf0fc030,2023.0,Summer,regular,2023-06-23,BO1,2023-06-21T21:07:31+00:00,HIGH_CONFIDENCE_STRUCTURAL,"season=2023, team=oe:team:87ee02298073abc2d55060f097d4041, cutoff<=2023-06-23T00:00:00+00:00",STRUCTURAL_RECONCILIATION_ONLY
oe_structural:2023:2023-06-28:ba24ca00728c,oe:team:87ee02298073abc2d55060f097d4041,oe:team:e758ebe9a5a2cc81b9c8078479c2d87,period:f2ee99995367bf0fc030,2023.0,Summer,regular,2023-06-28,BO1,2023-06-21T21:07:31+00:00,HIGH_CONFIDENCE_STRUCTURAL,"season=2023, team=oe:team:87ee02298073abc2d55060f097d4041, cutoff<=2023-06-28T00:00:00+00:00",STRUCTURAL_RECONCILIATION_ONLY
oe_structural:2023:2023-06-22:c5a372adc9fe,oe:team:8eb884e168f28402ce685bedebb5250,oe:team:0dbb780176ecad18f17292d1f5653af,period:f2ee99995367bf0fc030,2023.0,Summer,regular,2023-06-22,BO1,2023-06-21T21:07:31+00:00,HIGH_CONFIDENCE_STRUCTURAL,"season=2023, team=oe:team:8eb884e168f28402ce685bedebb5250, cutoff<=2023-06-22T00:00:00+00:00",STRUCTURAL_RECONCILIATION_ONLY
oe_structural:2023:2023-06-23:852db537ae15,oe:team:8eb884e168f28402ce685bedebb5250,oe:team:f7f7324c151aa6ed770b244ce08e027,period:f2ee99995367bf0fc030,2023.0,Summer,regular,2023-06-23,BO1,2023-06-21T21:07:31+00:00,HIGH_CONFIDENCE_STRUCTURAL,"season=2023, team=oe:team:8eb884e168f28402ce685bedebb5250, cutoff<=2023-06-23T00:00:00+00:00",STRUCTURAL_RECONCILIATION_ONLY
oe_structural:2023:2023-06-28:fbdbea6f0c1f,oe:team:8eb884e168f28402ce685bedebb5250,oe:team:2e66da41dc460dd378e3bcc57042d31,period:f2ee99995367bf0fc030,2023.0,Summer,regular,2023-06-28,BO1,2023-06-21T21:07:31+00:00,HIGH_CONFIDENCE_STRUCTURAL,"season=2023, team=oe:team:8eb884e168f28402ce685bedebb5250, cutoff<=2023-06-28T00:00:00+00:00",STRUCTURAL_RECONCILIATION_ONLY
oe_structural:2023:2023-06-22:4d08948d68d7,oe:team:a22510a4756fa424cb0771b13261139,oe:team:e758ebe9a5a2cc81b9c8078479c2d87,period:f2ee99995367bf0fc030,2023.0,Summer,regular,2023-06-22,BO1,2023-06-21T21:07:31+00:00,HIGH_CONFIDENCE_STRUCTURAL,"season=2023, team=oe:team:a22510a4756fa424cb0771b13261139, cutoff<=2023-06-22T00:00:00+00:00",STRUCTURAL_RECONCILIATION_ONLY
oe_structural:2023:2023-06-23:c15ec3c90056,oe:team:a22510a4756fa424cb0771b13261139,oe:team:87ee02298073abc2d55060f097d4041,period:f2ee99995367bf0fc030,2023.0,Summer,regular,2023-06-23,BO1,2023-06-21T21:07:31+00:00,HIGH_CONFIDENCE_STRUCTURAL,"season=2023, team=oe:team:a22510a4756fa424cb0771b13261139, cutoff<=2023-06-23T00:00:00+00:00",STRUCTURAL_RECONCILIATION_ONLY
oe_structural:2023:2023-06-28:534e0063d6aa,oe:team:a22510a4756fa424cb0771b13261139,oe:team:f7f7324c151aa6ed770b244ce08e027,period:f2ee99995367bf0fc030,2023.0,Summer,regular,2023-06-28,BO1,2023-06-21T21:07:31+00:00,HIGH_CONFIDENCE_STRUCTURAL,"season=2023, team=oe:team:a22510a4756fa424cb0771b13261139, cutoff<=2023-06-28T00:00:00+00:00",STRUCTURAL_RECONCILIATION_ONLY
oe_structural:2023:2023-06-22:bfad9aa640fa,oe:team:c334c629fea759876e9e04afbe4aee7,oe:team:87ee02298073abc2d55060f097d4041,period:f2ee99995367bf0fc030,2023.0,Summer,regular,2023-06-22,BO1,2023-06-21T21:07:31+00:00,HIGH_CONFIDENCE_STRUCTURAL,"season=2023, team=oe:team:c334c629fea759876e9e04afbe4aee7, cutoff<=2023-06-22T00:00:00+00:00",STRUCTURAL_RECONCILIATION_ONLY
oe_structural:2023:2023-06-23:8ef9ca83256d,oe:team:c334c629fea759876e9e04afbe4aee7,oe:team:4bd1751425ef6a9bc9d4d8e9385b4a6,period:f2ee99995367bf0fc030,2023.0,Summer,regular,2023-06-23,BO1,2023-06-21T21:07:31+00:00,HIGH_CONFIDENCE_STRUCTURAL,"season=2023, team=oe:team:c334c629fea759876e9e04afbe4aee7, cutoff<=2023-06-23T00:00:00+00:00",STRUCTURAL_RECONCILIATION_ONLY
oe_structural:2023:2023-06-22:4d08948d68d7,oe:team:e758ebe9a5a2cc81b9c8078479c2d87,oe:team:a22510a4756fa424cb0771b13261139,period:f2ee99995367bf0fc030,2023.0,Summer,regular,2023-06-22,BO1,2023-06-21T21:07:31+00:00,HIGH_CONFIDENCE_STRUCTURAL,"season=2023, team=oe:team:e758ebe9a5a2cc81b9c8078479c2d87, cutoff<=2023-06-22T00:00:00+00:00",STRUCTURAL_RECONCILIATION_ONLY
oe_structural:2023:2023-06-24:a5f18b56ba3b,oe:team:e758ebe9a5a2cc81b9c8078479c2d87,oe:team:fc8e90107dabb9a35c490b0d86adea0,period:f2ee99995367bf0fc030,2023.0,Summer,regular,2023-06-24,BO1,2023-06-21T21:07:31+00:00,HIGH_CONFIDENCE_STRUCTURAL,"season=2023, team=oe:team:e758ebe9a5a2cc81b9c8078479c2d87, cutoff<=2023-06-24T00:00:00+00:00",STRUCTURAL_RECONCILIATION_ONLY
oe_structural:2023:2023-06-28:ba24ca00728c,oe:team:e758ebe9a5a2cc81b9c8078479c2d87,oe:team:87ee02298073abc2d55060f097d4041,period:f2ee99995367bf0fc030,2023.0,Summer,regular,2023-06-28,BO1,2023-06-21T21:07:31+00:00,HIGH_CONFIDENCE_STRUCTURAL,"season=2023, team=oe:team:e758ebe9a5a2cc81b9c8078479c2d87, cutoff<=2023-06-28T00:00:00+00:00",STRUCTURAL_RECONCILIATION_ONLY
oe_structural:2023:2023-06-22:185409ea6a0e,oe:team:f7f7324c151aa6ed770b244ce08e027,oe:team:4bd1751425ef6a9bc9d4d8e9385b4a6,period:f2ee99995367bf0fc030,2023.0,Summer,regular,2023-06-22,BO1,2023-06-21T21:07:31+00:00,HIGH_CONFIDENCE_STRUCTURAL,"season=2023, team=oe:team:f7f7324c151aa6ed770b244ce08e027, cutoff<=2023-06-22T00:00:00+00:00",STRUCTURAL_RECONCILIATION_ONLY
oe_structural:2023:2023-06-23:852db537ae15,oe:team:f7f7324c151aa6ed770b244ce08e027,oe:team:8eb884e168f28402ce685bedebb5250,period:f2ee99995367bf0fc030,2023.0,Summer,regular,2023-06-23,BO1,2023-06-21T21:07:31+00:00,HIGH_CONFIDENCE_STRUCTURAL,"season=2023, team=oe:team:f7f7324c151aa6ed770b244ce08e027, cutoff<=2023-06-23T00:00:00+00:00",STRUCTURAL_RECONCILIATION_ONLY
oe_structural:2023:2023-06-23:a000f206b16c,oe:team:f7f7324c151aa6ed770b244ce08e027,oe:team:2e66da41dc460dd378e3bcc57042d31,period:f2ee99995367bf0fc030,2023.0,Summer,regular,2023-06-23,BO1,2023-06-21T21:07:31+00:00,HIGH_CONFIDENCE_STRUCTURAL,"season=2023, team=oe:team:f7f7324c151aa6ed770b244ce08e027, cutoff<=2023-06-23T00:00:00+00:00",STRUCTURAL_RECONCILIATION_ONLY
oe_structural:2023:2023-06-28:534e0063d6aa,oe:team:f7f7324c151aa6ed770b244ce08e027,oe:team:a22510a4756fa424cb0771b13261139,period:f2ee99995367bf0fc030,2023.0,Summer,regular,2023-06-28,BO1,2023-06-21T21:07:31+00:00,HIGH_CONFIDENCE_STRUCTURAL,"season=2023, team=oe:team:f7f7324c151aa6ed770b244ce08e027, cutoff<=2023-06-28T00:00:00+00:00",STRUCTURAL_RECONCILIATION_ONLY
oe_structural:2023:2023-06-22:731b50fc4651,oe:team:fc8e90107dabb9a35c490b0d86adea0,oe:team:4bd1751425ef6a9bc9d4d8e9385b4a6,period:f2ee99995367bf0fc030,2023.0,Summer,regular,2023-06-22,BO1,2023-06-21T21:07:31+00:00,HIGH_CONFIDENCE_STRUCTURAL,"season=2023, team=oe:team:fc8e90107dabb9a35c490b0d86adea0, cutoff<=2023-06-22T00:00:00+00:00",STRUCTURAL_RECONCILIATION_ONLY
oe_structural:2023:2023-06-24:a5f18b56ba3b,oe:team:fc8e90107dabb9a35c490b0d86adea0,oe:team:e758ebe9a5a2cc81b9c8078479c2d87,period:f2ee99995367bf0fc030,2023.0,Summer,regular,2023-06-24,BO1,2023-06-21T21:07:31+00:00,HIGH_CONFIDENCE_STRUCTURAL,"season=2023, team=oe:team:fc8e90107dabb9a35c490b0d86adea0, cutoff<=2023-06-24T00:00:00+00:00",STRUCTURAL_RECONCILIATION_ONLY
oe_structural:2022:2022-09-11:edcbec529dda,oe:team:4bd1751425ef6a9bc9d4d8e9385b4a6,oe:team:fc8e90107dabb9a35c490b0d86adea0,period:f4e76c51fd962159c780,2022.0,Summer,playoffs,2022-09-11,BO5,2022-09-10T19:07:58+00:00,HIGH_CONFIDENCE_STRUCTURAL,"season=2022, team=oe:team:4bd1751425ef6a9bc9d4d8e9385b4a6, cutoff<=2022-09-11T00:00:00+00:00",STRUCTURAL_RECONCILIATION_ONLY
oe_structural:2022:2022-09-11:edcbec529dda,oe:team:fc8e90107dabb9a35c490b0d86adea0,oe:team:4bd1751425ef6a9bc9d4d8e9385b4a6,period:f4e76c51fd962159c780,2022.0,Summer,playoffs,2022-09-11,BO5,2022-09-10T19:07:58+00:00,HIGH_CONFIDENCE_STRUCTURAL,"season=2022, team=oe:team:fc8e90107dabb9a35c490b0d86adea0, cutoff<=2022-09-11T00:00:00+00:00",STRUCTURAL_RECONCILIATION_ONLY
oe_structural:2023:2023-04-09:23f97dade8e2,oe:team:2e66da41dc460dd378e3bcc57042d31,oe:team:87ee02298073abc2d55060f097d4041,period:f52e10acfa6d747a4c9d,2023.0,Spring,playoffs,2023-04-09,BO5,2023-04-08T20:17:16+00:00,HIGH_CONFIDENCE_STRUCTURAL,"season=2023, team=oe:team:2e66da41dc460dd378e3bcc57042d31, cutoff<=2023-04-09T00:00:00+00:00",STRUCTURAL_RECONCILIATION_ONLY
oe_structural:2023:2023-04-09:23f97dade8e2,oe:team:87ee02298073abc2d55060f097d4041,oe:team:2e66da41dc460dd378e3bcc57042d31,period:f52e10acfa6d747a4c9d,2023.0,Spring,playoffs,2023-04-09,BO5,2023-04-08T20:17:16+00:00,HIGH_CONFIDENCE_STRUCTURAL,"season=2023, team=oe:team:87ee02298073abc2d55060f097d4041, cutoff<=2023-04-09T00:00:00+00:00",STRUCTURAL_RECONCILIATION_ONLY
oe_structural:2023:2023-04-09:be99a76f0215,oe:team:87ee02298073abc2d55060f097d4041,oe:team:fc8e90107dabb9a35c490b0d86adea0,period:f52e10acfa6d747a4c9d,2023.0,Spring,playoffs,2023-04-09,BO5,2023-04-08T20:17:16+00:00,HIGH_CONFIDENCE_STRUCTURAL,"season=2023, team=oe:team:87ee02298073abc2d55060f097d4041, cutoff<=2023-04-09T00:00:00+00:00",STRUCTURAL_RECONCILIATION_ONLY
oe_structural:2023:2023-06-14:ed6f48eb1c42,oe:team:87ee02298073abc2d55060f097d4041,oe:team:fc8e90107dabb9a35c490b0d86adea0,period:f52e10acfa6d747a4c9d,2023.0,Summer,regular,2023-06-14,BO1,2023-04-08T20:17:16+00:00,HIGH_CONFIDENCE_STRUCTURAL,"season=2023, team=oe:team:87ee02298073abc2d55060f097d4041, cutoff<=2023-06-14T00:00:00+00:00",STRUCTURAL_RECONCILIATION_ONLY
oe_structural:2023:2023-04-09:be99a76f0215,oe:team:fc8e90107dabb9a35c490b0d86adea0,oe:team:87ee02298073abc2d55060f097d4041,period:f52e10acfa6d747a4c9d,2023.0,Spring,playoffs,2023-04-09,BO5,2023-04-08T20:17:16+00:00,HIGH_CONFIDENCE_STRUCTURAL,"season=2023, team=oe:team:fc8e90107dabb9a35c490b0d86adea0, cutoff<=2023-04-09T00:00:00+00:00",STRUCTURAL_RECONCILIATION_ONLY
oe_structural:2023:2023-06-14:ed6f48eb1c42,oe:team:fc8e90107dabb9a35c490b0d86adea0,oe:team:87ee02298073abc2d55060f097d4041,period:f52e10acfa6d747a4c9d,2023.0,Summer,regular,2023-06-14,BO1,2023-04-08T20:17:16+00:00,HIGH_CONFIDENCE_STRUCTURAL,"season=2023, team=oe:team:fc8e90107dabb9a35c490b0d86adea0, cutoff<=2023-06-14T00:00:00+00:00",STRUCTURAL_RECONCILIATION_ONLY
oe_structural:2022:2022-08-27:256bc3ab44b0,oe:team:4bd1751425ef6a9bc9d4d8e9385b4a6,oe:team:8eb884e168f28402ce685bedebb5250,period:f6ad6d70568c5aa4ddb9,2022.0,Summer,playoffs,2022-08-27,BO5,2022-08-25T19:37:29+00:00,HIGH_CONFIDENCE_STRUCTURAL,"season=2022, team=oe:team:4bd1751425ef6a9bc9d4d8e9385b4a6, cutoff<=2022-08-27T00:00:00+00:00",STRUCTURAL_RECONCILIATION_ONLY
oe_structural:2022:2022-08-26:66352ae13b44,oe:team:87ee02298073abc2d55060f097d4041,oe:team:cbfaf0ca2181f0903d2fcceb6c28f3b,period:f6ad6d70568c5aa4ddb9,2022.0,Summer,playoffs,2022-08-26,BO5,2022-08-25T19:37:29+00:00,HIGH_CONFIDENCE_STRUCTURAL,"season=2022, team=oe:team:87ee02298073abc2d55060f097d4041, cutoff<=2022-08-26T00:00:00+00:00",STRUCTURAL_RECONCILIATION_ONLY
oe_structural:2022:2022-08-27:256bc3ab44b0,oe:team:8eb884e168f28402ce685bedebb5250,oe:team:4bd1751425ef6a9bc9d4d8e9385b4a6,period:f6ad6d70568c5aa4ddb9,2022.0,Summer,playoffs,2022-08-27,BO5,2022-08-25T19:37:29+00:00,HIGH_CONFIDENCE_STRUCTURAL,"season=2022, team=oe:team:8eb884e168f28402ce685bedebb5250, cutoff<=2022-08-27T00:00:00+00:00",STRUCTURAL_RECONCILIATION_ONLY
oe_structural:2022:2022-09-01:442a5e891ecc,oe:team:8eb884e168f28402ce685bedebb5250,oe:team:cbfaf0ca2181f0903d2fcceb6c28f3b,period:f6ad6d70568c5aa4ddb9,2022.0,Summer,playoffs,2022-09-01,BO5,2022-08-25T19:37:29+00:00,HIGH_CONFIDENCE_STRUCTURAL,"season=2022, team=oe:team:8eb884e168f28402ce685bedebb5250, cutoff<=2022-09-01T00:00:00+00:00",STRUCTURAL_RECONCILIATION_ONLY
oe_structural:2022:2022-08-26:66352ae13b44,oe:team:cbfaf0ca2181f0903d2fcceb6c28f3b,oe:team:87ee02298073abc2d55060f097d4041,period:f6ad6d70568c5aa4ddb9,2022.0,Summer,playoffs,2022-08-26,BO5,2022-08-25T19:37:29+00:00,HIGH_CONFIDENCE_STRUCTURAL,"season=2022, team=oe:team:cbfaf0ca2181f0903d2fcceb6c28f3b, cutoff<=2022-08-26T00:00:00+00:00",STRUCTURAL_RECONCILIATION_ONLY
oe_structural:2022:2022-09-01:442a5e891ecc,oe:team:cbfaf0ca2181f0903d2fcceb6c28f3b,oe:team:8eb884e168f28402ce685bedebb5250,period:f6ad6d70568c5aa4ddb9,2022.0,Summer,playoffs,2022-09-01,BO5,2022-08-25T19:37:29+00:00,HIGH_CONFIDENCE_STRUCTURAL,"season=2022, team=oe:team:cbfaf0ca2181f0903d2fcceb6c28f3b, cutoff<=2022-09-01T00:00:00+00:00",STRUCTURAL_RECONCILIATION_ONLY
oe_structural:2022:2022-08-28:81ec86b63374,oe:team:f7f7324c151aa6ed770b244ce08e027,oe:team:fc8e90107dabb9a35c490b0d86adea0,period:f6ad6d70568c5aa4ddb9,2022.0,Summer,playoffs,2022-08-28,BO5,2022-08-25T19:37:29+00:00,HIGH_CONFIDENCE_STRUCTURAL,"season=2022, team=oe:team:f7f7324c151aa6ed770b244ce08e027, cutoff<=2022-08-28T00:00:00+00:00",STRUCTURAL_RECONCILIATION_ONLY
oe_structural:2022:2022-08-28:81ec86b63374,oe:team:fc8e90107dabb9a35c490b0d86adea0,oe:team:f7f7324c151aa6ed770b244ce08e027,period:f6ad6d70568c5aa4ddb9,2022.0,Summer,playoffs,2022-08-28,BO5,2022-08-25T19:37:29+00:00,HIGH_CONFIDENCE_STRUCTURAL,"season=2022, team=oe:team:fc8e90107dabb9a35c490b0d86adea0, cutoff<=2022-08-28T00:00:00+00:00",STRUCTURAL_RECONCILIATION_ONLY
oe_structural:2024:2024-02-03:7494e0bf39d0,oe:team:0dbb780176ecad18f17292d1f5653af,oe:team:8eb884e168f28402ce685bedebb5250,period:f82eb58c594ccc349383,2024.0,Spring,regular,2024-02-03,BO1,2024-02-02T21:12:22+00:00,HIGH_CONFIDENCE_STRUCTURAL,"season=2024, team=oe:team:0dbb780176ecad18f17292d1f5653af, cutoff<=2024-02-03T00:00:00+00:00",STRUCTURAL_RECONCILIATION_ONLY
oe_structural:2024:2024-02-04:30e39c182678,oe:team:0dbb780176ecad18f17292d1f5653af,oe:team:2e66da41dc460dd378e3bcc57042d31,period:f82eb58c594ccc349383,2024.0,Spring,regular,2024-02-04,BO1,2024-02-02T21:12:22+00:00,HIGH_CONFIDENCE_STRUCTURAL,"season=2024, team=oe:team:0dbb780176ecad18f17292d1f5653af, cutoff<=2024-02-04T00:00:00+00:00",STRUCTURAL_RECONCILIATION_ONLY
oe_structural:2024:2024-02-10:e18b675524b8,oe:team:0dbb780176ecad18f17292d1f5653af,oe:team:c334c629fea759876e9e04afbe4aee7,period:f82eb58c594ccc349383,2024.0,Spring,regular,2024-02-10,BO1,2024-02-02T21:12:22+00:00,HIGH_CONFIDENCE_STRUCTURAL,"season=2024, team=oe:team:0dbb780176ecad18f17292d1f5653af, cutoff<=2024-02-10T00:00:00+00:00",STRUCTURAL_RECONCILIATION_ONLY
oe_structural:2024:2024-02-03:0f143941c9ee,oe:team:2e66da41dc460dd378e3bcc57042d31,oe:team:fc8e90107dabb9a35c490b0d86adea0,period:f82eb58c594ccc349383,2024.0,Spring,regular,2024-02-03,BO1,2024-02-02T21:12:22+00:00,HIGH_CONFIDENCE_STRUCTURAL,"season=2024, team=oe:team:2e66da41dc460dd378e3bcc57042d31, cutoff<=2024-02-03T00:00:00+00:00",STRUCTURAL_RECONCILIATION_ONLY
oe_structural:2024:2024-02-04:30e39c182678,oe:team:2e66da41dc460dd378e3bcc57042d31,oe:team:0dbb780176ecad18f17292d1f5653af,period:f82eb58c594ccc349383,2024.0,Spring,regular,2024-02-04,BO1,2024-02-02T21:12:22+00:00,HIGH_CONFIDENCE_STRUCTURAL,"season=2024, team=oe:team:2e66da41dc460dd378e3bcc57042d31, cutoff<=2024-02-04T00:00:00+00:00",STRUCTURAL_RECONCILIATION_ONLY
oe_structural:2024:2024-02-10:cffc72b579e9,oe:team:2e66da41dc460dd378e3bcc57042d31,oe:team:b360f1d729b0a8e0f29a5243c4200fa,period:f82eb58c594ccc349383,2024.0,Spring,regular,2024-02-10,BO1,2024-02-02T21:12:22+00:00,HIGH_CONFIDENCE_STRUCTURAL,"season=2024, team=oe:team:2e66da41dc460dd378e3bcc57042d31, cutoff<=2024-02-10T00:00:00+00:00",STRUCTURAL_RECONCILIATION_ONLY
oe_structural:2024:2024-02-03:e73ae8a3b2e9,oe:team:4bd1751425ef6a9bc9d4d8e9385b4a6,oe:team:c334c629fea759876e9e04afbe4aee7,period:f82eb58c594ccc349383,2024.0,Spring,regular,2024-02-03,BO1,2024-02-02T21:12:22+00:00,HIGH_CONFIDENCE_STRUCTURAL,"season=2024, team=oe:team:4bd1751425ef6a9bc9d4d8e9385b4a6, cutoff<=2024-02-03T00:00:00+00:00",STRUCTURAL_RECONCILIATION_ONLY
oe_structural:2024:2024-02-04:d89f5e134069,oe:team:4bd1751425ef6a9bc9d4d8e9385b4a6,oe:team:b360f1d729b0a8e0f29a5243c4200fa,period:f82eb58c594ccc349383,2024.0,Spring,regular,2024-02-04,BO1,2024-02-02T21:12:22+00:00,HIGH_CONFIDENCE_STRUCTURAL,"season=2024, team=oe:team:4bd1751425ef6a9bc9d4d8e9385b4a6, cutoff<=2024-02-04T00:00:00+00:00",STRUCTURAL_RECONCILIATION_ONLY
oe_structural:2024:2024-02-10:200e8ec80d26,oe:team:4bd1751425ef6a9bc9d4d8e9385b4a6,oe:team:8eb884e168f28402ce685bedebb5250,period:f82eb58c594ccc349383,2024.0,Spring,regular,2024-02-10,BO1,2024-02-02T21:12:22+00:00,HIGH_CONFIDENCE_STRUCTURAL,"season=2024, team=oe:team:4bd1751425ef6a9bc9d4d8e9385b4a6, cutoff<=2024-02-10T00:00:00+00:00",STRUCTURAL_RECONCILIATION_ONLY
oe_structural:2024:2024-02-03:7494e0bf39d0,oe:team:8eb884e168f28402ce685bedebb5250,oe:team:0dbb780176ecad18f17292d1f5653af,period:f82eb58c594ccc349383,2024.0,Spring,regular,2024-02-03,BO1,2024-02-02T21:12:22+00:00,HIGH_CONFIDENCE_STRUCTURAL,"season=2024, team=oe:team:8eb884e168f28402ce685bedebb5250, cutoff<=2024-02-03T00:00:00+00:00",STRUCTURAL_RECONCILIATION_ONLY
oe_structural:2024:2024-02-04:f0824169bd00,oe:team:8eb884e168f28402ce685bedebb5250,oe:team:fc8e90107dabb9a35c490b0d86adea0,period:f82eb58c594ccc349383,2024.0,Spring,regular,2024-02-04,BO1,2024-02-02T21:12:22+00:00,HIGH_CONFIDENCE_STRUCTURAL,"season=2024, team=oe:team:8eb884e168f28402ce685bedebb5250, cutoff<=2024-02-04T00:00:00+00:00",STRUCTURAL_RECONCILIATION_ONLY
oe_structural:2024:2024-02-10:200e8ec80d26,oe:team:8eb884e168f28402ce685bedebb5250,oe:team:4bd1751425ef6a9bc9d4d8e9385b4a6,period:f82eb58c594ccc349383,2024.0,Spring,regular,2024-02-10,BO1,2024-02-02T21:12:22+00:00,HIGH_CONFIDENCE_STRUCTURAL,"season=2024, team=oe:team:8eb884e168f28402ce685bedebb5250, cutoff<=2024-02-10T00:00:00+00:00",STRUCTURAL_RECONCILIATION_ONLY
oe_structural:2024:2024-02-03:dcb62b89e65e,oe:team:b360f1d729b0a8e0f29a5243c4200fa,oe:team:e758ebe9a5a2cc81b9c8078479c2d87,period:f82eb58c594ccc349383,2024.0,Spring,regular,2024-02-03,BO1,2024-02-02T21:12:22+00:00,HIGH_CONFIDENCE_STRUCTURAL,"season=2024, team=oe:team:b360f1d729b0a8e0f29a5243c4200fa, cutoff<=2024-02-03T00:00:00+00:00",STRUCTURAL_RECONCILIATION_ONLY
oe_structural:2024:2024-02-04:d89f5e134069,oe:team:b360f1d729b0a8e0f29a5243c4200fa,oe:team:4bd1751425ef6a9bc9d4d8e9385b4a6,period:f82eb58c594ccc349383,2024.0,Spring,regular,2024-02-04,BO1,2024-02-02T21:12:22+00:00,HIGH_CONFIDENCE_STRUCTURAL,"season=2024, team=oe:team:b360f1d729b0a8e0f29a5243c4200fa, cutoff<=2024-02-04T00:00:00+00:00",STRUCTURAL_RECONCILIATION_ONLY
oe_structural:2024:2024-02-10:cffc72b579e9,oe:team:b360f1d729b0a8e0f29a5243c4200fa,oe:team:2e66da41dc460dd378e3bcc57042d31,period:f82eb58c594ccc349383,2024.0,Spring,regular,2024-02-10,BO1,2024-02-02T21:12:22+00:00,HIGH_CONFIDENCE_STRUCTURAL,"season=2024, team=oe:team:b360f1d729b0a8e0f29a5243c4200fa, cutoff<=2024-02-10T00:00:00+00:00",STRUCTURAL_RECONCILIATION_ONLY
oe_structural:2024:2024-02-03:e73ae8a3b2e9,oe:team:c334c629fea759876e9e04afbe4aee7,oe:team:4bd1751425ef6a9bc9d4d8e9385b4a6,period:f82eb58c594ccc349383,2024.0,Spring,regular,2024-02-03,BO1,2024-02-02T21:12:22+00:00,HIGH_CONFIDENCE_STRUCTURAL,"season=2024, team=oe:team:c334c629fea759876e9e04afbe4aee7, cutoff<=2024-02-03T00:00:00+00:00",STRUCTURAL_RECONCILIATION_ONLY
oe_structural:2024:2024-02-04:5d35ee61e72e,oe:team:c334c629fea759876e9e04afbe4aee7,oe:team:e758ebe9a5a2cc81b9c8078479c2d87,period:f82eb58c594ccc349383,2024.0,Spring,regular,2024-02-04,BO1,2024-02-02T21:12:22+00:00,HIGH_CONFIDENCE_STRUCTURAL,"season=2024, team=oe:team:c334c629fea759876e9e04afbe4aee7, cutoff<=2024-02-04T00:00:00+00:00",STRUCTURAL_RECONCILIATION_ONLY
oe_structural:2024:2024-02-10:e18b675524b8,oe:team:c334c629fea759876e9e04afbe4aee7,oe:team:0dbb780176ecad18f17292d1f5653af,period:f82eb58c594ccc349383,2024.0,Spring,regular,2024-02-10,BO1,2024-02-02T21:12:22+00:00,HIGH_CONFIDENCE_STRUCTURAL,"season=2024, team=oe:team:c334c629fea759876e9e04afbe4aee7, cutoff<=2024-02-10T00:00:00+00:00",STRUCTURAL_RECONCILIATION_ONLY
oe_structural:2024:2024-02-03:dcb62b89e65e,oe:team:e758ebe9a5a2cc81b9c8078479c2d87,oe:team:b360f1d729b0a8e0f29a5243c4200fa,period:f82eb58c594ccc349383,2024.0,Spring,regular,2024-02-03,BO1,2024-02-02T21:12:22+00:00,HIGH_CONFIDENCE_STRUCTURAL,"season=2024, team=oe:team:e758ebe9a5a2cc81b9c8078479c2d87, cutoff<=2024-02-03T00:00:00+00:00",STRUCTURAL_RECONCILIATION_ONLY
oe_structural:2024:2024-02-04:5d35ee61e72e,oe:team:e758ebe9a5a2cc81b9c8078479c2d87,oe:team:c334c629fea759876e9e04afbe4aee7,period:f82eb58c594ccc349383,2024.0,Spring,regular,2024-02-04,BO1,2024-02-02T21:12:22+00:00,HIGH_CONFIDENCE_STRUCTURAL,"season=2024, team=oe:team:e758ebe9a5a2cc81b9c8078479c2d87, cutoff<=2024-02-04T00:00:00+00:00",STRUCTURAL_RECONCILIATION_ONLY
oe_structural:2024:2024-02-10:c40e90eaffce,oe:team:e758ebe9a5a2cc81b9c8078479c2d87,oe:team:fc8e90107dabb9a35c490b0d86adea0,period:f82eb58c594ccc349383,2024.0,Spring,regular,2024-02-10,BO1,2024-02-02T21:12:22+00:00,HIGH_CONFIDENCE_STRUCTURAL,"season=2024, team=oe:team:e758ebe9a5a2cc81b9c8078479c2d87, cutoff<=2024-02-10T00:00:00+00:00",STRUCTURAL_RECONCILIATION_ONLY
oe_structural:2024:2024-02-03:0f143941c9ee,oe:team:fc8e90107dabb9a35c490b0d86adea0,oe:team:2e66da41dc460dd378e3bcc57042d31,period:f82eb58c594ccc349383,2024.0,Spring,regular,2024-02-03,BO1,2024-02-02T21:12:22+00:00,HIGH_CONFIDENCE_STRUCTURAL,"season=2024, team=oe:team:fc8e90107dabb9a35c490b0d86adea0, cutoff<=2024-02-03T00:00:00+00:00",STRUCTURAL_RECONCILIATION_ONLY
oe_structural:2024:2024-02-04:f0824169bd00,oe:team:fc8e90107dabb9a35c490b0d86adea0,oe:team:8eb884e168f28402ce685bedebb5250,period:f82eb58c594ccc349383,2024.0,Spring,regular,2024-02-04,BO1,2024-02-02T21:12:22+00:00,HIGH_CONFIDENCE_STRUCTURAL,"season=2024, team=oe:team:fc8e90107dabb9a35c490b0d86adea0, cutoff<=2024-02-04T00:00:00+00:00",STRUCTURAL_RECONCILIATION_ONLY
oe_structural:2024:2024-02-10:c40e90eaffce,oe:team:fc8e90107dabb9a35c490b0d86adea0,oe:team:e758ebe9a5a2cc81b9c8078479c2d87,period:f82eb58c594ccc349383,2024.0,Spring,regular,2024-02-10,BO1,2024-02-02T21:12:22+00:00,HIGH_CONFIDENCE_STRUCTURAL,"season=2024, team=oe:team:fc8e90107dabb9a35c490b0d86adea0, cutoff<=2024-02-10T00:00:00+00:00",STRUCTURAL_RECONCILIATION_ONLY
oe_structural:2024:2024-06-28:bf757d566198,oe:team:0dbb780176ecad18f17292d1f5653af,oe:team:2e66da41dc460dd378e3bcc57042d31,period:fb51ebc6418ce68c46c6,2024.0,Summer,regular,2024-06-28,BO3,2024-06-27T20:07:21+00:00,HIGH_CONFIDENCE_STRUCTURAL,"season=2024, team=oe:team:0dbb780176ecad18f17292d1f5653af, cutoff<=2024-06-28T00:00:00+00:00",STRUCTURAL_RECONCILIATION_ONLY
oe_structural:2024:2024-07-20:d1044c67c03f,oe:team:0dbb780176ecad18f17292d1f5653af,oe:team:8eb884e168f28402ce685bedebb5250,period:fb51ebc6418ce68c46c6,2024.0,Summer,regular,2024-07-20,BO3,2024-06-27T20:07:21+00:00,HIGH_CONFIDENCE_STRUCTURAL,"season=2024, team=oe:team:0dbb780176ecad18f17292d1f5653af, cutoff<=2024-07-20T00:00:00+00:00",STRUCTURAL_RECONCILIATION_ONLY
oe_structural:2024:2024-06-28:bf757d566198,oe:team:2e66da41dc460dd378e3bcc57042d31,oe:team:0dbb780176ecad18f17292d1f5653af,period:fb51ebc6418ce68c46c6,2024.0,Summer,regular,2024-06-28,BO3,2024-06-27T20:07:21+00:00,HIGH_CONFIDENCE_STRUCTURAL,"season=2024, team=oe:team:2e66da41dc460dd378e3bcc57042d31, cutoff<=2024-06-28T00:00:00+00:00",STRUCTURAL_RECONCILIATION_ONLY
oe_structural:2024:2024-07-20:a56952758323,oe:team:2e66da41dc460dd378e3bcc57042d31,oe:team:c334c629fea759876e9e04afbe4aee7,period:fb51ebc6418ce68c46c6,2024.0,Summer,regular,2024-07-20,BO3,2024-06-27T20:07:21+00:00,HIGH_CONFIDENCE_STRUCTURAL,"season=2024, team=oe:team:2e66da41dc460dd378e3bcc57042d31, cutoff<=2024-07-20T00:00:00+00:00",STRUCTURAL_RECONCILIATION_ONLY
oe_structural:2024:2024-07-20:d1044c67c03f,oe:team:8eb884e168f28402ce685bedebb5250,oe:team:0dbb780176ecad18f17292d1f5653af,period:fb51ebc6418ce68c46c6,2024.0,Summer,regular,2024-07-20,BO3,2024-06-27T20:07:21+00:00,HIGH_CONFIDENCE_STRUCTURAL,"season=2024, team=oe:team:8eb884e168f28402ce685bedebb5250, cutoff<=2024-07-20T00:00:00+00:00",STRUCTURAL_RECONCILIATION_ONLY
oe_structural:2024:2024-06-28:d92982621d5b,oe:team:b360f1d729b0a8e0f29a5243c4200fa,oe:team:fc8e90107dabb9a35c490b0d86adea0,period:fb51ebc6418ce68c46c6,2024.0,Summer,regular,2024-06-28,BO3,2024-06-27T20:07:21+00:00,HIGH_CONFIDENCE_STRUCTURAL,"season=2024, team=oe:team:b360f1d729b0a8e0f29a5243c4200fa, cutoff<=2024-06-28T00:00:00+00:00",STRUCTURAL_RECONCILIATION_ONLY
oe_structural:2024:2024-07-20:a56952758323,oe:team:c334c629fea759876e9e04afbe4aee7,oe:team:2e66da41dc460dd378e3bcc57042d31,period:fb51ebc6418ce68c46c6,2024.0,Summer,regular,2024-07-20,BO3,2024-06-27T20:07:21+00:00,HIGH_CONFIDENCE_STRUCTURAL,"season=2024, team=oe:team:c334c629fea759876e9e04afbe4aee7, cutoff<=2024-07-20T00:00:00+00:00",STRUCTURAL_RECONCILIATION_ONLY
oe_structural:2024:2024-06-28:d92982621d5b,oe:team:fc8e90107dabb9a35c490b0d86adea0,oe:team:b360f1d729b0a8e0f29a5243c4200fa,period:fb51ebc6418ce68c46c6,2024.0,Summer,regular,2024-06-28,BO3,2024-06-27T20:07:21+00:00,HIGH_CONFIDENCE_STRUCTURAL,"season=2024, team=oe:team:fc8e90107dabb9a35c490b0d86adea0, cutoff<=2024-06-28T00:00:00+00:00",STRUCTURAL_RECONCILIATION_ONLY
oe_structural:2026:2026-04-12:ba04395bdc9c,oe:team:289284911fb6f41c0ccaecc3a0c2891,oe:team:2e66da41dc460dd378e3bcc57042d31,period:fc48b32f725285a09f66,2026.0,Spring,regular,2026-04-12,BO1,2026-04-11T20:08:26+00:00,HIGH_CONFIDENCE_STRUCTURAL,"season=2026, team=oe:team:289284911fb6f41c0ccaecc3a0c2891, cutoff<=2026-04-12T00:00:00+00:00",STRUCTURAL_RECONCILIATION_ONLY
oe_structural:2026:2026-04-18:96602e5a1f46,oe:team:289284911fb6f41c0ccaecc3a0c2891,oe:team:fc8e90107dabb9a35c490b0d86adea0,period:fc48b32f725285a09f66,2026.0,Spring,regular,2026-04-18,BO1,2026-04-11T20:08:26+00:00,HIGH_CONFIDENCE_STRUCTURAL,"season=2026, team=oe:team:289284911fb6f41c0ccaecc3a0c2891, cutoff<=2026-04-18T00:00:00+00:00",STRUCTURAL_RECONCILIATION_ONLY
oe_structural:2026:2026-04-12:ba04395bdc9c,oe:team:2e66da41dc460dd378e3bcc57042d31,oe:team:289284911fb6f41c0ccaecc3a0c2891,period:fc48b32f725285a09f66,2026.0,Spring,regular,2026-04-12,BO1,2026-04-11T20:08:26+00:00,HIGH_CONFIDENCE_STRUCTURAL,"season=2026, team=oe:team:2e66da41dc460dd378e3bcc57042d31, cutoff<=2026-04-12T00:00:00+00:00",STRUCTURAL_RECONCILIATION_ONLY
oe_structural:2026:2026-04-18:6530faf01348,oe:team:2e66da41dc460dd378e3bcc57042d31,oe:team:f90422f1cbcb24bc2a855202582ec29,period:fc48b32f725285a09f66,2026.0,Spring,regular,2026-04-18,BO1,2026-04-11T20:08:26+00:00,HIGH_CONFIDENCE_STRUCTURAL,"season=2026, team=oe:team:2e66da41dc460dd378e3bcc57042d31, cutoff<=2026-04-18T00:00:00+00:00",STRUCTURAL_RECONCILIATION_ONLY
oe_structural:2026:2026-04-12:5bfaae0adcea,oe:team:f90422f1cbcb24bc2a855202582ec29,oe:team:fc8e90107dabb9a35c490b0d86adea0,period:fc48b32f725285a09f66,2026.0,Spring,regular,2026-04-12,BO1,2026-04-11T20:08:26+00:00,HIGH_CONFIDENCE_STRUCTURAL,"season=2026, team=oe:team:f90422f1cbcb24bc2a855202582ec29, cutoff<=2026-04-12T00:00:00+00:00",STRUCTURAL_RECONCILIATION_ONLY
oe_structural:2026:2026-04-18:6530faf01348,oe:team:f90422f1cbcb24bc2a855202582ec29,oe:team:2e66da41dc460dd378e3bcc57042d31,period:fc48b32f725285a09f66,2026.0,Spring,regular,2026-04-18,BO1,2026-04-11T20:08:26+00:00,HIGH_CONFIDENCE_STRUCTURAL,"season=2026, team=oe:team:f90422f1cbcb24bc2a855202582ec29, cutoff<=2026-04-18T00:00:00+00:00",STRUCTURAL_RECONCILIATION_ONLY
oe_structural:2026:2026-04-12:5bfaae0adcea,oe:team:fc8e90107dabb9a35c490b0d86adea0,oe:team:f90422f1cbcb24bc2a855202582ec29,period:fc48b32f725285a09f66,2026.0,Spring,regular,2026-04-12,BO1,2026-04-11T20:08:26+00:00,HIGH_CONFIDENCE_STRUCTURAL,"season=2026, team=oe:team:fc8e90107dabb9a35c490b0d86adea0, cutoff<=2026-04-12T00:00:00+00:00",STRUCTURAL_RECONCILIATION_ONLY
oe_structural:2026:2026-04-18:96602e5a1f46,oe:team:fc8e90107dabb9a35c490b0d86adea0,oe:team:289284911fb6f41c0ccaecc3a0c2891,period:fc48b32f725285a09f66,2026.0,Spring,regular,2026-04-18,BO1,2026-04-11T20:08:26+00:00,HIGH_CONFIDENCE_STRUCTURAL,"season=2026, team=oe:team:fc8e90107dabb9a35c490b0d86adea0, cutoff<=2026-04-18T00:00:00+00:00",STRUCTURAL_RECONCILIATION_ONLY
oe_structural:2021:2021-01-16:09de2756abf7,oe:team:0dbb780176ecad18f17292d1f5653af,oe:team:c334c629fea759876e9e04afbe4aee7,period:fcb777e33a04482e7bfb,2021.0,Spring,playoffs,2021-01-16,BO5,2021-01-15T23:10:17+00:00,HIGH_CONFIDENCE_STRUCTURAL,"season=2021, team=oe:team:0dbb780176ecad18f17292d1f5653af, cutoff<=2021-01-16T00:00:00+00:00",STRUCTURAL_RECONCILIATION_ONLY
oe_structural:2021:2021-01-16:3c9e2b6b8ecd,oe:team:0dbb780176ecad18f17292d1f5653af,oe:team:2e66da41dc460dd378e3bcc57042d31,period:fcb777e33a04482e7bfb,2021.0,Spring,playoffs,2021-01-16,BO5,2021-01-15T23:10:17+00:00,HIGH_CONFIDENCE_STRUCTURAL,"season=2021, team=oe:team:0dbb780176ecad18f17292d1f5653af, cutoff<=2021-01-16T00:00:00+00:00",STRUCTURAL_RECONCILIATION_ONLY
oe_structural:2021:2021-01-17:055509f2d54b,oe:team:0dbb780176ecad18f17292d1f5653af,oe:team:f7f7324c151aa6ed770b244ce08e027,period:fcb777e33a04482e7bfb,2021.0,Spring,playoffs,2021-01-17,BO5,2021-01-15T23:10:17+00:00,HIGH_CONFIDENCE_STRUCTURAL,"season=2021, team=oe:team:0dbb780176ecad18f17292d1f5653af, cutoff<=2021-01-17T00:00:00+00:00",STRUCTURAL_RECONCILIATION_ONLY
oe_structural:2021:2021-01-22:9b920a7fbfc3,oe:team:0dbb780176ecad18f17292d1f5653af,oe:team:fc8e90107dabb9a35c490b0d86adea0,period:fcb777e33a04482e7bfb,2021.0,Spring,playoffs,2021-01-22,BO5,2021-01-15T23:10:17+00:00,HIGH_CONFIDENCE_STRUCTURAL,"season=2021, team=oe:team:0dbb780176ecad18f17292d1f5653af, cutoff<=2021-01-22T00:00:00+00:00",STRUCTURAL_RECONCILIATION_ONLY
oe_structural:2021:2021-01-16:3c9e2b6b8ecd,oe:team:2e66da41dc460dd378e3bcc57042d31,oe:team:0dbb780176ecad18f17292d1f5653af,period:fcb777e33a04482e7bfb,2021.0,Spring,playoffs,2021-01-16,BO5,2021-01-15T23:10:17+00:00,HIGH_CONFIDENCE_STRUCTURAL,"season=2021, team=oe:team:2e66da41dc460dd378e3bcc57042d31, cutoff<=2021-01-16T00:00:00+00:00",STRUCTURAL_RECONCILIATION_ONLY
oe_structural:2021:2021-01-16:ceb2aea97fab,oe:team:2e66da41dc460dd378e3bcc57042d31,oe:team:fc8e90107dabb9a35c490b0d86adea0,period:fcb777e33a04482e7bfb,2021.0,Spring,playoffs,2021-01-16,BO5,2021-01-15T23:10:17+00:00,HIGH_CONFIDENCE_STRUCTURAL,"season=2021, team=oe:team:2e66da41dc460dd378e3bcc57042d31, cutoff<=2021-01-16T00:00:00+00:00",STRUCTURAL_RECONCILIATION_ONLY
oe_structural:2021:2021-01-17:e709fae7dcf8,oe:team:4bd1751425ef6a9bc9d4d8e9385b4a6,oe:team:8eb884e168f28402ce685bedebb5250,period:fcb777e33a04482e7bfb,2021.0,Spring,playoffs,2021-01-17,BO5,2021-01-15T23:10:17+00:00,HIGH_CONFIDENCE_STRUCTURAL,"season=2021, team=oe:team:4bd1751425ef6a9bc9d4d8e9385b4a6, cutoff<=2021-01-17T00:00:00+00:00",STRUCTURAL_RECONCILIATION_ONLY
oe_structural:2021:2021-01-17:e9d50736042d,oe:team:4bd1751425ef6a9bc9d4d8e9385b4a6,oe:team:cbfaf0ca2181f0903d2fcceb6c28f3b,period:fcb777e33a04482e7bfb,2021.0,Spring,playoffs,2021-01-17,BO5,2021-01-15T23:10:17+00:00,HIGH_CONFIDENCE_STRUCTURAL,"season=2021, team=oe:team:4bd1751425ef6a9bc9d4d8e9385b4a6, cutoff<=2021-01-17T00:00:00+00:00",STRUCTURAL_RECONCILIATION_ONLY
oe_structural:2021:2021-01-22:0ab7b662e82f,oe:team:4bd1751425ef6a9bc9d4d8e9385b4a6,oe:team:87ee02298073abc2d55060f097d4041,period:fcb777e33a04482e7bfb,2021.0,Spring,playoffs,2021-01-22,BO5,2021-01-15T23:10:17+00:00,HIGH_CONFIDENCE_STRUCTURAL,"season=2021, team=oe:team:4bd1751425ef6a9bc9d4d8e9385b4a6, cutoff<=2021-01-22T00:00:00+00:00",STRUCTURAL_RECONCILIATION_ONLY
oe_structural:2021:2021-01-16:336656ee88ac,oe:team:87ee02298073abc2d55060f097d4041,oe:team:a22510a4756fa424cb0771b13261139,period:fcb777e33a04482e7bfb,2021.0,Spring,playoffs,2021-01-16,BO5,2021-01-15T23:10:17+00:00,HIGH_CONFIDENCE_STRUCTURAL,"season=2021, team=oe:team:87ee02298073abc2d55060f097d4041, cutoff<=2021-01-16T00:00:00+00:00",STRUCTURAL_RECONCILIATION_ONLY
oe_structural:2021:2021-01-16:615deac29fe3,oe:team:87ee02298073abc2d55060f097d4041,oe:team:cbfaf0ca2181f0903d2fcceb6c28f3b,period:fcb777e33a04482e7bfb,2021.0,Spring,playoffs,2021-01-16,BO5,2021-01-15T23:10:17+00:00,HIGH_CONFIDENCE_STRUCTURAL,"season=2021, team=oe:team:87ee02298073abc2d55060f097d4041, cutoff<=2021-01-16T00:00:00+00:00",STRUCTURAL_RECONCILIATION_ONLY
oe_structural:2021:2021-01-18:c7e38cd51d33,oe:team:87ee02298073abc2d55060f097d4041,oe:team:8eb884e168f28402ce685bedebb5250,period:fcb777e33a04482e7bfb,2021.0,Spring,playoffs,2021-01-18,BO5,2021-01-15T23:10:17+00:00,HIGH_CONFIDENCE_STRUCTURAL,"season=2021, team=oe:team:87ee02298073abc2d55060f097d4041, cutoff<=2021-01-18T00:00:00+00:00",STRUCTURAL_RECONCILIATION_ONLY
oe_structural:2021:2021-01-22:0ab7b662e82f,oe:team:87ee02298073abc2d55060f097d4041,oe:team:4bd1751425ef6a9bc9d4d8e9385b4a6,period:fcb777e33a04482e7bfb,2021.0,Spring,playoffs,2021-01-22,BO5,2021-01-15T23:10:17+00:00,HIGH_CONFIDENCE_STRUCTURAL,"season=2021, team=oe:team:87ee02298073abc2d55060f097d4041, cutoff<=2021-01-22T00:00:00+00:00",STRUCTURAL_RECONCILIATION_ONLY
oe_structural:2021:2021-01-17:e709fae7dcf8,oe:team:8eb884e168f28402ce685bedebb5250,oe:team:4bd1751425ef6a9bc9d4d8e9385b4a6,period:fcb777e33a04482e7bfb,2021.0,Spring,playoffs,2021-01-17,BO5,2021-01-15T23:10:17+00:00,HIGH_CONFIDENCE_STRUCTURAL,"season=2021, team=oe:team:8eb884e168f28402ce685bedebb5250, cutoff<=2021-01-17T00:00:00+00:00",STRUCTURAL_RECONCILIATION_ONLY
oe_structural:2021:2021-01-18:c7e38cd51d33,oe:team:8eb884e168f28402ce685bedebb5250,oe:team:87ee02298073abc2d55060f097d4041,period:fcb777e33a04482e7bfb,2021.0,Spring,playoffs,2021-01-18,BO5,2021-01-15T23:10:17+00:00,HIGH_CONFIDENCE_STRUCTURAL,"season=2021, team=oe:team:8eb884e168f28402ce685bedebb5250, cutoff<=2021-01-18T00:00:00+00:00",STRUCTURAL_RECONCILIATION_ONLY
oe_structural:2021:2021-01-16:336656ee88ac,oe:team:a22510a4756fa424cb0771b13261139,oe:team:87ee02298073abc2d55060f097d4041,period:fcb777e33a04482e7bfb,2021.0,Spring,playoffs,2021-01-16,BO5,2021-01-15T23:10:17+00:00,HIGH_CONFIDENCE_STRUCTURAL,"season=2021, team=oe:team:a22510a4756fa424cb0771b13261139, cutoff<=2021-01-16T00:00:00+00:00",STRUCTURAL_RECONCILIATION_ONLY
oe_structural:2021:2021-01-17:63a1b56315b0,oe:team:a22510a4756fa424cb0771b13261139,oe:team:cbfaf0ca2181f0903d2fcceb6c28f3b,period:fcb777e33a04482e7bfb,2021.0,Spring,playoffs,2021-01-17,BO5,2021-01-15T23:10:17+00:00,HIGH_CONFIDENCE_STRUCTURAL,"season=2021, team=oe:team:a22510a4756fa424cb0771b13261139, cutoff<=2021-01-17T00:00:00+00:00",STRUCTURAL_RECONCILIATION_ONLY
oe_structural:2021:2021-01-16:09de2756abf7,oe:team:c334c629fea759876e9e04afbe4aee7,oe:team:0dbb780176ecad18f17292d1f5653af,period:fcb777e33a04482e7bfb,2021.0,Spring,playoffs,2021-01-16,BO5,2021-01-15T23:10:17+00:00,HIGH_CONFIDENCE_STRUCTURAL,"season=2021, team=oe:team:c334c629fea759876e9e04afbe4aee7, cutoff<=2021-01-16T00:00:00+00:00",STRUCTURAL_RECONCILIATION_ONLY
oe_structural:2021:2021-01-16:445bbf46690f,oe:team:c334c629fea759876e9e04afbe4aee7,oe:team:f7f7324c151aa6ed770b244ce08e027,period:fcb777e33a04482e7bfb,2021.0,Spring,playoffs,2021-01-16,BO5,2021-01-15T23:10:17+00:00,HIGH_CONFIDENCE_STRUCTURAL,"season=2021, team=oe:team:c334c629fea759876e9e04afbe4aee7, cutoff<=2021-01-16T00:00:00+00:00",STRUCTURAL_RECONCILIATION_ONLY
oe_structural:2021:2021-01-17:7a2bde8a30d8,oe:team:c334c629fea759876e9e04afbe4aee7,oe:team:fc8e90107dabb9a35c490b0d86adea0,period:fcb777e33a04482e7bfb,2021.0,Spring,playoffs,2021-01-17,BO5,2021-01-15T23:10:17+00:00,HIGH_CONFIDENCE_STRUCTURAL,"season=2021, team=oe:team:c334c629fea759876e9e04afbe4aee7, cutoff<=2021-01-17T00:00:00+00:00",STRUCTURAL_RECONCILIATION_ONLY
oe_structural:2021:2021-01-16:615deac29fe3,oe:team:cbfaf0ca2181f0903d2fcceb6c28f3b,oe:team:87ee02298073abc2d55060f097d4041,period:fcb777e33a04482e7bfb,2021.0,Spring,playoffs,2021-01-16,BO5,2021-01-15T23:10:17+00:00,HIGH_CONFIDENCE_STRUCTURAL,"season=2021, team=oe:team:cbfaf0ca2181f0903d2fcceb6c28f3b, cutoff<=2021-01-16T00:00:00+00:00",STRUCTURAL_RECONCILIATION_ONLY
oe_structural:2021:2021-01-17:63a1b56315b0,oe:team:cbfaf0ca2181f0903d2fcceb6c28f3b,oe:team:a22510a4756fa424cb0771b13261139,period:fcb777e33a04482e7bfb,2021.0,Spring,playoffs,2021-01-17,BO5,2021-01-15T23:10:17+00:00,HIGH_CONFIDENCE_STRUCTURAL,"season=2021, team=oe:team:cbfaf0ca2181f0903d2fcceb6c28f3b, cutoff<=2021-01-17T00:00:00+00:00",STRUCTURAL_RECONCILIATION_ONLY
oe_structural:2021:2021-01-17:e9d50736042d,oe:team:cbfaf0ca2181f0903d2fcceb6c28f3b,oe:team:4bd1751425ef6a9bc9d4d8e9385b4a6,period:fcb777e33a04482e7bfb,2021.0,Spring,playoffs,2021-01-17,BO5,2021-01-15T23:10:17+00:00,HIGH_CONFIDENCE_STRUCTURAL,"season=2021, team=oe:team:cbfaf0ca2181f0903d2fcceb6c28f3b, cutoff<=2021-01-17T00:00:00+00:00",STRUCTURAL_RECONCILIATION_ONLY
oe_structural:2021:2021-01-16:445bbf46690f,oe:team:f7f7324c151aa6ed770b244ce08e027,oe:team:c334c629fea759876e9e04afbe4aee7,period:fcb777e33a04482e7bfb,2021.0,Spring,playoffs,2021-01-16,BO5,2021-01-15T23:10:17+00:00,HIGH_CONFIDENCE_STRUCTURAL,"season=2021, team=oe:team:f7f7324c151aa6ed770b244ce08e027, cutoff<=2021-01-16T00:00:00+00:00",STRUCTURAL_RECONCILIATION_ONLY
oe_structural:2021:2021-01-16:5a0abc02a314,oe:team:f7f7324c151aa6ed770b244ce08e027,oe:team:fc8e90107dabb9a35c490b0d86adea0,period:fcb777e33a04482e7bfb,2021.0,Spring,playoffs,2021-01-16,BO5,2021-01-15T23:10:17+00:00,HIGH_CONFIDENCE_STRUCTURAL,"season=2021, team=oe:team:f7f7324c151aa6ed770b244ce08e027, cutoff<=2021-01-16T00:00:00+00:00",STRUCTURAL_RECONCILIATION_ONLY
oe_structural:2021:2021-01-17:055509f2d54b,oe:team:f7f7324c151aa6ed770b244ce08e027,oe:team:0dbb780176ecad18f17292d1f5653af,period:fcb777e33a04482e7bfb,2021.0,Spring,playoffs,2021-01-17,BO5,2021-01-15T23:10:17+00:00,HIGH_CONFIDENCE_STRUCTURAL,"season=2021, team=oe:team:f7f7324c151aa6ed770b244ce08e027, cutoff<=2021-01-17T00:00:00+00:00",STRUCTURAL_RECONCILIATION_ONLY
oe_structural:2021:2021-01-16:5a0abc02a314,oe:team:fc8e90107dabb9a35c490b0d86adea0,oe:team:f7f7324c151aa6ed770b244ce08e027,period:fcb777e33a04482e7bfb,2021.0,Spring,playoffs,2021-01-16,BO5,2021-01-15T23:10:17+00:00,HIGH_CONFIDENCE_STRUCTURAL,"season=2021, team=oe:team:fc8e90107dabb9a35c490b0d86adea0, cutoff<=2021-01-16T00:00:00+00:00",STRUCTURAL_RECONCILIATION_ONLY
oe_structural:2021:2021-01-16:ceb2aea97fab,oe:team:fc8e90107dabb9a35c490b0d86adea0,oe:team:2e66da41dc460dd378e3bcc57042d31,period:fcb777e33a04482e7bfb,2021.0,Spring,playoffs,2021-01-16,BO5,2021-01-15T23:10:17+00:00,HIGH_CONFIDENCE_STRUCTURAL,"season=2021, team=oe:team:fc8e90107dabb9a35c490b0d86adea0, cutoff<=2021-01-16T00:00:00+00:00",STRUCTURAL_RECONCILIATION_ONLY
oe_structural:2021:2021-01-17:7a2bde8a30d8,oe:team:fc8e90107dabb9a35c490b0d86adea0,oe:team:c334c629fea759876e9e04afbe4aee7,period:fcb777e33a04482e7bfb,2021.0,Spring,playoffs,2021-01-17,BO5,2021-01-15T23:10:17+00:00,HIGH_CONFIDENCE_STRUCTURAL,"season=2021, team=oe:team:fc8e90107dabb9a35c490b0d86adea0, cutoff<=2021-01-17T00:00:00+00:00",STRUCTURAL_RECONCILIATION_ONLY
oe_structural:2021:2021-01-22:9b920a7fbfc3,oe:team:fc8e90107dabb9a35c490b0d86adea0,oe:team:0dbb780176ecad18f17292d1f5653af,period:fcb777e33a04482e7bfb,2021.0,Spring,playoffs,2021-01-22,BO5,2021-01-15T23:10:17+00:00,HIGH_CONFIDENCE_STRUCTURAL,"season=2021, team=oe:team:fc8e90107dabb9a35c490b0d86adea0, cutoff<=2021-01-22T00:00:00+00:00",STRUCTURAL_RECONCILIATION_ONLY
oe_structural:2022:2022-08-25:df0eea366d83,oe:team:2e66da41dc460dd378e3bcc57042d31,oe:team:a22510a4756fa424cb0771b13261139,period:fcd21c282bb6eb984919,2022.0,Summer,playoffs,2022-08-25,BO5,2022-08-20T19:32:26+00:00,HIGH_CONFIDENCE_STRUCTURAL,"season=2022, team=oe:team:2e66da41dc460dd378e3bcc57042d31, cutoff<=2022-08-25T00:00:00+00:00",STRUCTURAL_RECONCILIATION_ONLY
oe_structural:2022:2022-08-21:db6b379aa332,oe:team:cbfaf0ca2181f0903d2fcceb6c28f3b,oe:team:fc8e90107dabb9a35c490b0d86adea0,period:fcd21c282bb6eb984919,2022.0,Summer,playoffs,2022-08-21,BO5,2022-08-20T19:32:26+00:00,HIGH_CONFIDENCE_STRUCTURAL,"season=2022, team=oe:team:cbfaf0ca2181f0903d2fcceb6c28f3b, cutoff<=2022-08-21T00:00:00+00:00",STRUCTURAL_RECONCILIATION_ONLY
oe_structural:2022:2022-08-21:db6b379aa332,oe:team:fc8e90107dabb9a35c490b0d86adea0,oe:team:cbfaf0ca2181f0903d2fcceb6c28f3b,period:fcd21c282bb6eb984919,2022.0,Summer,playoffs,2022-08-21,BO5,2022-08-20T19:32:26+00:00,HIGH_CONFIDENCE_STRUCTURAL,"season=2022, team=oe:team:fc8e90107dabb9a35c490b0d86adea0, cutoff<=2022-08-21T00:00:00+00:00",STRUCTURAL_RECONCILIATION_ONLY
oe_structural:2020:2020-07-26:c7bcc11c1ffc,oe:team:0dbb780176ecad18f17292d1f5653af,oe:team:f7f7324c151aa6ed770b244ce08e027,period:fe3df3b5886d9a4a5234,2020.0,Summer,regular,2020-07-26,BO1,2020-07-25T00:38:07+00:00,HIGH_CONFIDENCE_STRUCTURAL,"season=2020, team=oe:team:0dbb780176ecad18f17292d1f5653af, cutoff<=2020-07-26T00:00:00+00:00",STRUCTURAL_RECONCILIATION_ONLY
oe_structural:2020:2020-08-01:d26b44c07b2a,oe:team:0dbb780176ecad18f17292d1f5653af,oe:team:8eb884e168f28402ce685bedebb5250,period:fe3df3b5886d9a4a5234,2020.0,Summer,regular,2020-08-01,BO1,2020-07-25T00:38:07+00:00,HIGH_CONFIDENCE_STRUCTURAL,"season=2020, team=oe:team:0dbb780176ecad18f17292d1f5653af, cutoff<=2020-08-01T00:00:00+00:00",STRUCTURAL_RECONCILIATION_ONLY
oe_structural:2020:2020-08-01:d5c34da8029d,oe:team:0dbb780176ecad18f17292d1f5653af,oe:team:c334c629fea759876e9e04afbe4aee7,period:fe3df3b5886d9a4a5234,2020.0,Summer,regular,2020-08-01,BO1,2020-07-25T00:38:07+00:00,HIGH_CONFIDENCE_STRUCTURAL,"season=2020, team=oe:team:0dbb780176ecad18f17292d1f5653af, cutoff<=2020-08-01T00:00:00+00:00",STRUCTURAL_RECONCILIATION_ONLY
oe_structural:2020:2020-08-01:c2a45bf550f5,oe:team:2e66da41dc460dd378e3bcc57042d31,oe:team:4bd1751425ef6a9bc9d4d8e9385b4a6,period:fe3df3b5886d9a4a5234,2020.0,Summer,regular,2020-08-01,BO1,2020-07-25T00:38:07+00:00,HIGH_CONFIDENCE_STRUCTURAL,"season=2020, team=oe:team:2e66da41dc460dd378e3bcc57042d31, cutoff<=2020-08-01T00:00:00+00:00",STRUCTURAL_RECONCILIATION_ONLY
oe_structural:2020:2020-07-26:e105c942427a,oe:team:4bd1751425ef6a9bc9d4d8e9385b4a6,oe:team:87ee02298073abc2d55060f097d4041,period:fe3df3b5886d9a4a5234,2020.0,Summer,regular,2020-07-26,BO1,2020-07-25T00:38:07+00:00,HIGH_CONFIDENCE_STRUCTURAL,"season=2020, team=oe:team:4bd1751425ef6a9bc9d4d8e9385b4a6, cutoff<=2020-07-26T00:00:00+00:00",STRUCTURAL_RECONCILIATION_ONLY
oe_structural:2020:2020-08-01:c2a45bf550f5,oe:team:4bd1751425ef6a9bc9d4d8e9385b4a6,oe:team:2e66da41dc460dd378e3bcc57042d31,period:fe3df3b5886d9a4a5234,2020.0,Summer,regular,2020-08-01,BO1,2020-07-25T00:38:07+00:00,HIGH_CONFIDENCE_STRUCTURAL,"season=2020, team=oe:team:4bd1751425ef6a9bc9d4d8e9385b4a6, cutoff<=2020-08-01T00:00:00+00:00",STRUCTURAL_RECONCILIATION_ONLY
oe_structural:2020:2020-07-26:e105c942427a,oe:team:87ee02298073abc2d55060f097d4041,oe:team:4bd1751425ef6a9bc9d4d8e9385b4a6,period:fe3df3b5886d9a4a5234,2020.0,Summer,regular,2020-07-26,BO1,2020-07-25T00:38:07+00:00,HIGH_CONFIDENCE_STRUCTURAL,"season=2020, team=oe:team:87ee02298073abc2d55060f097d4041, cutoff<=2020-07-26T00:00:00+00:00",STRUCTURAL_RECONCILIATION_ONLY
oe_structural:2020:2020-08-01:da58b042940f,oe:team:87ee02298073abc2d55060f097d4041,oe:team:fc8e90107dabb9a35c490b0d86adea0,period:fe3df3b5886d9a4a5234,2020.0,Summer,regular,2020-08-01,BO1,2020-07-25T00:38:07+00:00,HIGH_CONFIDENCE_STRUCTURAL,"season=2020, team=oe:team:87ee02298073abc2d55060f097d4041, cutoff<=2020-08-01T00:00:00+00:00",STRUCTURAL_RECONCILIATION_ONLY
oe_structural:2020:2020-07-26:72c6744abaf2,oe:team:8eb884e168f28402ce685bedebb5250,oe:team:fc8e90107dabb9a35c490b0d86adea0,period:fe3df3b5886d9a4a5234,2020.0,Summer,regular,2020-07-26,BO1,2020-07-25T00:38:07+00:00,HIGH_CONFIDENCE_STRUCTURAL,"season=2020, team=oe:team:8eb884e168f28402ce685bedebb5250, cutoff<=2020-07-26T00:00:00+00:00",STRUCTURAL_RECONCILIATION_ONLY
oe_structural:2020:2020-08-01:d26b44c07b2a,oe:team:8eb884e168f28402ce685bedebb5250,oe:team:0dbb780176ecad18f17292d1f5653af,period:fe3df3b5886d9a4a5234,2020.0,Summer,regular,2020-08-01,BO1,2020-07-25T00:38:07+00:00,HIGH_CONFIDENCE_STRUCTURAL,"season=2020, team=oe:team:8eb884e168f28402ce685bedebb5250, cutoff<=2020-08-01T00:00:00+00:00",STRUCTURAL_RECONCILIATION_ONLY
oe_structural:2020:2020-08-01:fed0ed8cea29,oe:team:8eb884e168f28402ce685bedebb5250,oe:team:cbfaf0ca2181f0903d2fcceb6c28f3b,period:fe3df3b5886d9a4a5234,2020.0,Summer,regular,2020-08-01,BO1,2020-07-25T00:38:07+00:00,HIGH_CONFIDENCE_STRUCTURAL,"season=2020, team=oe:team:8eb884e168f28402ce685bedebb5250, cutoff<=2020-08-01T00:00:00+00:00",STRUCTURAL_RECONCILIATION_ONLY
oe_structural:2020:2020-07-26:344eaf30b0ae,oe:team:a22510a4756fa424cb0771b13261139,oe:team:cbfaf0ca2181f0903d2fcceb6c28f3b,period:fe3df3b5886d9a4a5234,2020.0,Summer,regular,2020-07-26,BO1,2020-07-25T00:38:07+00:00,HIGH_CONFIDENCE_STRUCTURAL,"season=2020, team=oe:team:a22510a4756fa424cb0771b13261139, cutoff<=2020-07-26T00:00:00+00:00",STRUCTURAL_RECONCILIATION_ONLY
oe_structural:2020:2020-08-01:b8828cc0ee19,oe:team:a22510a4756fa424cb0771b13261139,oe:team:f7f7324c151aa6ed770b244ce08e027,period:fe3df3b5886d9a4a5234,2020.0,Summer,regular,2020-08-01,BO1,2020-07-25T00:38:07+00:00,HIGH_CONFIDENCE_STRUCTURAL,"season=2020, team=oe:team:a22510a4756fa424cb0771b13261139, cutoff<=2020-08-01T00:00:00+00:00",STRUCTURAL_RECONCILIATION_ONLY
oe_structural:2020:2020-08-01:d5c34da8029d,oe:team:c334c629fea759876e9e04afbe4aee7,oe:team:0dbb780176ecad18f17292d1f5653af,period:fe3df3b5886d9a4a5234,2020.0,Summer,regular,2020-08-01,BO1,2020-07-25T00:38:07+00:00,HIGH_CONFIDENCE_STRUCTURAL,"season=2020, team=oe:team:c334c629fea759876e9e04afbe4aee7, cutoff<=2020-08-01T00:00:00+00:00",STRUCTURAL_RECONCILIATION_ONLY
oe_structural:2020:2020-07-26:344eaf30b0ae,oe:team:cbfaf0ca2181f0903d2fcceb6c28f3b,oe:team:a22510a4756fa424cb0771b13261139,period:fe3df3b5886d9a4a5234,2020.0,Summer,regular,2020-07-26,BO1,2020-07-25T00:38:07+00:00,HIGH_CONFIDENCE_STRUCTURAL,"season=2020, team=oe:team:cbfaf0ca2181f0903d2fcceb6c28f3b, cutoff<=2020-07-26T00:00:00+00:00",STRUCTURAL_RECONCILIATION_ONLY
oe_structural:2020:2020-08-01:fed0ed8cea29,oe:team:cbfaf0ca2181f0903d2fcceb6c28f3b,oe:team:8eb884e168f28402ce685bedebb5250,period:fe3df3b5886d9a4a5234,2020.0,Summer,regular,2020-08-01,BO1,2020-07-25T00:38:07+00:00,HIGH_CONFIDENCE_STRUCTURAL,"season=2020, team=oe:team:cbfaf0ca2181f0903d2fcceb6c28f3b, cutoff<=2020-08-01T00:00:00+00:00",STRUCTURAL_RECONCILIATION_ONLY
oe_structural:2020:2020-07-26:c7bcc11c1ffc,oe:team:f7f7324c151aa6ed770b244ce08e027,oe:team:0dbb780176ecad18f17292d1f5653af,period:fe3df3b5886d9a4a5234,2020.0,Summer,regular,2020-07-26,BO1,2020-07-25T00:38:07+00:00,HIGH_CONFIDENCE_STRUCTURAL,"season=2020, team=oe:team:f7f7324c151aa6ed770b244ce08e027, cutoff<=2020-07-26T00:00:00+00:00",STRUCTURAL_RECONCILIATION_ONLY
oe_structural:2020:2020-08-01:b8828cc0ee19,oe:team:f7f7324c151aa6ed770b244ce08e027,oe:team:a22510a4756fa424cb0771b13261139,period:fe3df3b5886d9a4a5234,2020.0,Summer,regular,2020-08-01,BO1,2020-07-25T00:38:07+00:00,HIGH_CONFIDENCE_STRUCTURAL,"season=2020, team=oe:team:f7f7324c151aa6ed770b244ce08e027, cutoff<=2020-08-01T00:00:00+00:00",STRUCTURAL_RECONCILIATION_ONLY
oe_structural:2020:2020-07-26:72c6744abaf2,oe:team:fc8e90107dabb9a35c490b0d86adea0,oe:team:8eb884e168f28402ce685bedebb5250,period:fe3df3b5886d9a4a5234,2020.0,Summer,regular,2020-07-26,BO1,2020-07-25T00:38:07+00:00,HIGH_CONFIDENCE_STRUCTURAL,"season=2020, team=oe:team:fc8e90107dabb9a35c490b0d86adea0, cutoff<=2020-07-26T00:00:00+00:00",STRUCTURAL_RECONCILIATION_ONLY
oe_structural:2020:2020-08-01:da58b042940f,oe:team:fc8e90107dabb9a35c490b0d86adea0,oe:team:87ee02298073abc2d55060f097d4041,period:fe3df3b5886d9a4a5234,2020.0,Summer,regular,2020-08-01,BO1,2020-07-25T00:38:07+00:00,HIGH_CONFIDENCE_STRUCTURAL,"season=2020, team=oe:team:fc8e90107dabb9a35c490b0d86adea0, cutoff<=2020-08-01T00:00:00+00:00",STRUCTURAL_RECONCILIATION_ONLY
oe_structural:2022:2022-04-10:688a02346fc7,oe:team:2e66da41dc460dd378e3bcc57042d31,oe:team:f7f7324c151aa6ed770b244ce08e027,period:feb156c0b7ef67e8a92a,2022.0,nan,playoffs,2022-04-10,BO5,2022-04-09T20:43:33+00:00,HIGH_CONFIDENCE_STRUCTURAL,"season=2022, team=oe:team:2e66da41dc460dd378e3bcc57042d31, cutoff<=2022-04-10T00:00:00+00:00",STRUCTURAL_RECONCILIATION_ONLY
oe_structural:2022:2022-06-17:bf996fb5f4e5,oe:team:2e66da41dc460dd378e3bcc57042d31,oe:team:87ee02298073abc2d55060f097d4041,period:feb156c0b7ef67e8a92a,2022.0,Summer,regular,2022-06-17,BO1,2022-04-09T20:43:33+00:00,HIGH_CONFIDENCE_STRUCTURAL,"season=2022, team=oe:team:2e66da41dc460dd378e3bcc57042d31, cutoff<=2022-06-17T00:00:00+00:00",STRUCTURAL_RECONCILIATION_ONLY
oe_structural:2022:2022-06-17:bf996fb5f4e5,oe:team:87ee02298073abc2d55060f097d4041,oe:team:2e66da41dc460dd378e3bcc57042d31,period:feb156c0b7ef67e8a92a,2022.0,Summer,regular,2022-06-17,BO1,2022-04-09T20:43:33+00:00,HIGH_CONFIDENCE_STRUCTURAL,"season=2022, team=oe:team:87ee02298073abc2d55060f097d4041, cutoff<=2022-06-17T00:00:00+00:00",STRUCTURAL_RECONCILIATION_ONLY
oe_structural:2022:2022-04-10:688a02346fc7,oe:team:f7f7324c151aa6ed770b244ce08e027,oe:team:2e66da41dc460dd378e3bcc57042d31,period:feb156c0b7ef67e8a92a,2022.0,nan,playoffs,2022-04-10,BO5,2022-04-09T20:43:33+00:00,HIGH_CONFIDENCE_STRUCTURAL,"season=2022, team=oe:team:f7f7324c151aa6ed770b244ce08e027, cutoff<=2022-04-10T00:00:00+00:00",STRUCTURAL_RECONCILIATION_ONLY
oe_structural:2023:2023-07-06:612e4881b84e,oe:team:0dbb780176ecad18f17292d1f5653af,oe:team:fc8e90107dabb9a35c490b0d86adea0,period:ff185424af4133395119,2023.0,Summer,regular,2023-07-06,BO1,2023-07-05T21:05:49+00:00,HIGH_CONFIDENCE_STRUCTURAL,"season=2023, team=oe:team:0dbb780176ecad18f17292d1f5653af, cutoff<=2023-07-06T00:00:00+00:00",STRUCTURAL_RECONCILIATION_ONLY
oe_structural:2023:2023-07-07:4c3458ad5306,oe:team:0dbb780176ecad18f17292d1f5653af,oe:team:2e66da41dc460dd378e3bcc57042d31,period:ff185424af4133395119,2023.0,Summer,regular,2023-07-07,BO1,2023-07-05T21:05:49+00:00,HIGH_CONFIDENCE_STRUCTURAL,"season=2023, team=oe:team:0dbb780176ecad18f17292d1f5653af, cutoff<=2023-07-07T00:00:00+00:00",STRUCTURAL_RECONCILIATION_ONLY
oe_structural:2023:2023-07-12:89674d69b5b7,oe:team:0dbb780176ecad18f17292d1f5653af,oe:team:a22510a4756fa424cb0771b13261139,period:ff185424af4133395119,2023.0,Summer,regular,2023-07-12,BO1,2023-07-05T21:05:49+00:00,HIGH_CONFIDENCE_STRUCTURAL,"season=2023, team=oe:team:0dbb780176ecad18f17292d1f5653af, cutoff<=2023-07-12T00:00:00+00:00",STRUCTURAL_RECONCILIATION_ONLY
oe_structural:2023:2023-07-06:7a5233b115bb,oe:team:2e66da41dc460dd378e3bcc57042d31,oe:team:87ee02298073abc2d55060f097d4041,period:ff185424af4133395119,2023.0,Summer,regular,2023-07-06,BO1,2023-07-05T21:05:49+00:00,HIGH_CONFIDENCE_STRUCTURAL,"season=2023, team=oe:team:2e66da41dc460dd378e3bcc57042d31, cutoff<=2023-07-06T00:00:00+00:00",STRUCTURAL_RECONCILIATION_ONLY
oe_structural:2023:2023-07-07:4c3458ad5306,oe:team:2e66da41dc460dd378e3bcc57042d31,oe:team:0dbb780176ecad18f17292d1f5653af,period:ff185424af4133395119,2023.0,Summer,regular,2023-07-07,BO1,2023-07-05T21:05:49+00:00,HIGH_CONFIDENCE_STRUCTURAL,"season=2023, team=oe:team:2e66da41dc460dd378e3bcc57042d31, cutoff<=2023-07-07T00:00:00+00:00",STRUCTURAL_RECONCILIATION_ONLY
oe_structural:2023:2023-07-12:db675c2a9898,oe:team:2e66da41dc460dd378e3bcc57042d31,oe:team:e758ebe9a5a2cc81b9c8078479c2d87,period:ff185424af4133395119,2023.0,Summer,regular,2023-07-12,BO1,2023-07-05T21:05:49+00:00,HIGH_CONFIDENCE_STRUCTURAL,"season=2023, team=oe:team:2e66da41dc460dd378e3bcc57042d31, cutoff<=2023-07-12T00:00:00+00:00",STRUCTURAL_RECONCILIATION_ONLY
oe_structural:2023:2023-07-07:c4876c5c1edd,oe:team:4bd1751425ef6a9bc9d4d8e9385b4a6,oe:team:f7f7324c151aa6ed770b244ce08e027,period:ff185424af4133395119,2023.0,Summer,regular,2023-07-07,BO1,2023-07-05T21:05:49+00:00,HIGH_CONFIDENCE_STRUCTURAL,"season=2023, team=oe:team:4bd1751425ef6a9bc9d4d8e9385b4a6, cutoff<=2023-07-07T00:00:00+00:00",STRUCTURAL_RECONCILIATION_ONLY
oe_structural:2023:2023-07-08:06adaf146ec3,oe:team:4bd1751425ef6a9bc9d4d8e9385b4a6,oe:team:8eb884e168f28402ce685bedebb5250,period:ff185424af4133395119,2023.0,Summer,regular,2023-07-08,BO1,2023-07-05T21:05:49+00:00,HIGH_CONFIDENCE_STRUCTURAL,"season=2023, team=oe:team:4bd1751425ef6a9bc9d4d8e9385b4a6, cutoff<=2023-07-08T00:00:00+00:00",STRUCTURAL_RECONCILIATION_ONLY
oe_structural:2023:2023-07-06:7a5233b115bb,oe:team:87ee02298073abc2d55060f097d4041,oe:team:2e66da41dc460dd378e3bcc57042d31,period:ff185424af4133395119,2023.0,Summer,regular,2023-07-06,BO1,2023-07-05T21:05:49+00:00,HIGH_CONFIDENCE_STRUCTURAL,"season=2023, team=oe:team:87ee02298073abc2d55060f097d4041, cutoff<=2023-07-06T00:00:00+00:00",STRUCTURAL_RECONCILIATION_ONLY
oe_structural:2023:2023-07-08:1d51731db6bc,oe:team:87ee02298073abc2d55060f097d4041,oe:team:a22510a4756fa424cb0771b13261139,period:ff185424af4133395119,2023.0,Summer,regular,2023-07-08,BO1,2023-07-05T21:05:49+00:00,HIGH_CONFIDENCE_STRUCTURAL,"season=2023, team=oe:team:87ee02298073abc2d55060f097d4041, cutoff<=2023-07-08T00:00:00+00:00",STRUCTURAL_RECONCILIATION_ONLY
oe_structural:2023:2023-07-12:b18c53967507,oe:team:87ee02298073abc2d55060f097d4041,oe:team:f7f7324c151aa6ed770b244ce08e027,period:ff185424af4133395119,2023.0,Summer,regular,2023-07-12,BO1,2023-07-05T21:05:49+00:00,HIGH_CONFIDENCE_STRUCTURAL,"season=2023, team=oe:team:87ee02298073abc2d55060f097d4041, cutoff<=2023-07-12T00:00:00+00:00",STRUCTURAL_RECONCILIATION_ONLY
oe_structural:2023:2023-07-06:7ebe96190909,oe:team:8eb884e168f28402ce685bedebb5250,oe:team:e758ebe9a5a2cc81b9c8078479c2d87,period:ff185424af4133395119,2023.0,Summer,regular,2023-07-06,BO1,2023-07-05T21:05:49+00:00,HIGH_CONFIDENCE_STRUCTURAL,"season=2023, team=oe:team:8eb884e168f28402ce685bedebb5250, cutoff<=2023-07-06T00:00:00+00:00",STRUCTURAL_RECONCILIATION_ONLY
oe_structural:2023:2023-07-07:e8771511eb75,oe:team:8eb884e168f28402ce685bedebb5250,oe:team:c334c629fea759876e9e04afbe4aee7,period:ff185424af4133395119,2023.0,Summer,regular,2023-07-07,BO1,2023-07-05T21:05:49+00:00,HIGH_CONFIDENCE_STRUCTURAL,"season=2023, team=oe:team:8eb884e168f28402ce685bedebb5250, cutoff<=2023-07-07T00:00:00+00:00",STRUCTURAL_RECONCILIATION_ONLY
oe_structural:2023:2023-07-08:06adaf146ec3,oe:team:8eb884e168f28402ce685bedebb5250,oe:team:4bd1751425ef6a9bc9d4d8e9385b4a6,period:ff185424af4133395119,2023.0,Summer,regular,2023-07-08,BO1,2023-07-05T21:05:49+00:00,HIGH_CONFIDENCE_STRUCTURAL,"season=2023, team=oe:team:8eb884e168f28402ce685bedebb5250, cutoff<=2023-07-08T00:00:00+00:00",STRUCTURAL_RECONCILIATION_ONLY
oe_structural:2023:2023-07-12:7f152158d7ac,oe:team:8eb884e168f28402ce685bedebb5250,oe:team:fc8e90107dabb9a35c490b0d86adea0,period:ff185424af4133395119,2023.0,Summer,regular,2023-07-12,BO1,2023-07-05T21:05:49+00:00,HIGH_CONFIDENCE_STRUCTURAL,"season=2023, team=oe:team:8eb884e168f28402ce685bedebb5250, cutoff<=2023-07-12T00:00:00+00:00",STRUCTURAL_RECONCILIATION_ONLY
oe_structural:2023:2023-07-06:848d296476d3,oe:team:a22510a4756fa424cb0771b13261139,oe:team:e758ebe9a5a2cc81b9c8078479c2d87,period:ff185424af4133395119,2023.0,Summer,regular,2023-07-06,BO1,2023-07-05T21:05:49+00:00,HIGH_CONFIDENCE_STRUCTURAL,"season=2023, team=oe:team:a22510a4756fa424cb0771b13261139, cutoff<=2023-07-06T00:00:00+00:00",STRUCTURAL_RECONCILIATION_ONLY
oe_structural:2023:2023-07-08:1d51731db6bc,oe:team:a22510a4756fa424cb0771b13261139,oe:team:87ee02298073abc2d55060f097d4041,period:ff185424af4133395119,2023.0,Summer,regular,2023-07-08,BO1,2023-07-05T21:05:49+00:00,HIGH_CONFIDENCE_STRUCTURAL,"season=2023, team=oe:team:a22510a4756fa424cb0771b13261139, cutoff<=2023-07-08T00:00:00+00:00",STRUCTURAL_RECONCILIATION_ONLY
oe_structural:2023:2023-07-12:89674d69b5b7,oe:team:a22510a4756fa424cb0771b13261139,oe:team:0dbb780176ecad18f17292d1f5653af,period:ff185424af4133395119,2023.0,Summer,regular,2023-07-12,BO1,2023-07-05T21:05:49+00:00,HIGH_CONFIDENCE_STRUCTURAL,"season=2023, team=oe:team:a22510a4756fa424cb0771b13261139, cutoff<=2023-07-12T00:00:00+00:00",STRUCTURAL_RECONCILIATION_ONLY
oe_structural:2023:2023-07-07:a1bd3b8ed349,oe:team:c334c629fea759876e9e04afbe4aee7,oe:team:fc8e90107dabb9a35c490b0d86adea0,period:ff185424af4133395119,2023.0,Summer,regular,2023-07-07,BO1,2023-07-05T21:05:49+00:00,HIGH_CONFIDENCE_STRUCTURAL,"season=2023, team=oe:team:c334c629fea759876e9e04afbe4aee7, cutoff<=2023-07-07T00:00:00+00:00",STRUCTURAL_RECONCILIATION_ONLY
oe_structural:2023:2023-07-07:e8771511eb75,oe:team:c334c629fea759876e9e04afbe4aee7,oe:team:8eb884e168f28402ce685bedebb5250,period:ff185424af4133395119,2023.0,Summer,regular,2023-07-07,BO1,2023-07-05T21:05:49+00:00,HIGH_CONFIDENCE_STRUCTURAL,"season=2023, team=oe:team:c334c629fea759876e9e04afbe4aee7, cutoff<=2023-07-07T00:00:00+00:00",STRUCTURAL_RECONCILIATION_ONLY
oe_structural:2023:2023-07-06:7ebe96190909,oe:team:e758ebe9a5a2cc81b9c8078479c2d87,oe:team:8eb884e168f28402ce685bedebb5250,period:ff185424af4133395119,2023.0,Summer,regular,2023-07-06,BO1,2023-07-05T21:05:49+00:00,HIGH_CONFIDENCE_STRUCTURAL,"season=2023, team=oe:team:e758ebe9a5a2cc81b9c8078479c2d87, cutoff<=2023-07-06T00:00:00+00:00",STRUCTURAL_RECONCILIATION_ONLY
oe_structural:2023:2023-07-06:848d296476d3,oe:team:e758ebe9a5a2cc81b9c8078479c2d87,oe:team:a22510a4756fa424cb0771b13261139,period:ff185424af4133395119,2023.0,Summer,regular,2023-07-06,BO1,2023-07-05T21:05:49+00:00,HIGH_CONFIDENCE_STRUCTURAL,"season=2023, team=oe:team:e758ebe9a5a2cc81b9c8078479c2d87, cutoff<=2023-07-06T00:00:00+00:00",STRUCTURAL_RECONCILIATION_ONLY
oe_structural:2023:2023-07-07:81606e7bdc3b,oe:team:e758ebe9a5a2cc81b9c8078479c2d87,oe:team:f7f7324c151aa6ed770b244ce08e027,period:ff185424af4133395119,2023.0,Summer,regular,2023-07-07,BO1,2023-07-05T21:05:49+00:00,HIGH_CONFIDENCE_STRUCTURAL,"season=2023, team=oe:team:e758ebe9a5a2cc81b9c8078479c2d87, cutoff<=2023-07-07T00:00:00+00:00",STRUCTURAL_RECONCILIATION_ONLY
oe_structural:2023:2023-07-12:db675c2a9898,oe:team:e758ebe9a5a2cc81b9c8078479c2d87,oe:team:2e66da41dc460dd378e3bcc57042d31,period:ff185424af4133395119,2023.0,Summer,regular,2023-07-12,BO1,2023-07-05T21:05:49+00:00,HIGH_CONFIDENCE_STRUCTURAL,"season=2023, team=oe:team:e758ebe9a5a2cc81b9c8078479c2d87, cutoff<=2023-07-12T00:00:00+00:00",STRUCTURAL_RECONCILIATION_ONLY
oe_structural:2023:2023-07-07:81606e7bdc3b,oe:team:f7f7324c151aa6ed770b244ce08e027,oe:team:e758ebe9a5a2cc81b9c8078479c2d87,period:ff185424af4133395119,2023.0,Summer,regular,2023-07-07,BO1,2023-07-05T21:05:49+00:00,HIGH_CONFIDENCE_STRUCTURAL,"season=2023, team=oe:team:f7f7324c151aa6ed770b244ce08e027, cutoff<=2023-07-07T00:00:00+00:00",STRUCTURAL_RECONCILIATION_ONLY
oe_structural:2023:2023-07-07:c4876c5c1edd,oe:team:f7f7324c151aa6ed770b244ce08e027,oe:team:4bd1751425ef6a9bc9d4d8e9385b4a6,period:ff185424af4133395119,2023.0,Summer,regular,2023-07-07,BO1,2023-07-05T21:05:49+00:00,HIGH_CONFIDENCE_STRUCTURAL,"season=2023, team=oe:team:f7f7324c151aa6ed770b244ce08e027, cutoff<=2023-07-07T00:00:00+00:00",STRUCTURAL_RECONCILIATION_ONLY
oe_structural:2023:2023-07-12:b18c53967507,oe:team:f7f7324c151aa6ed770b244ce08e027,oe:team:87ee02298073abc2d55060f097d4041,period:ff185424af4133395119,2023.0,Summer,regular,2023-07-12,BO1,2023-07-05T21:05:49+00:00,HIGH_CONFIDENCE_STRUCTURAL,"season=2023, team=oe:team:f7f7324c151aa6ed770b244ce08e027, cutoff<=2023-07-12T00:00:00+00:00",STRUCTURAL_RECONCILIATION_ONLY
oe_structural:2023:2023-07-06:612e4881b84e,oe:team:fc8e90107dabb9a35c490b0d86adea0,oe:team:0dbb780176ecad18f17292d1f5653af,period:ff185424af4133395119,2023.0,Summer,regular,2023-07-06,BO1,2023-07-05T21:05:49+00:00,HIGH_CONFIDENCE_STRUCTURAL,"season=2023, team=oe:team:fc8e90107dabb9a35c490b0d86adea0, cutoff<=2023-07-06T00:00:00+00:00",STRUCTURAL_RECONCILIATION_ONLY
oe_structural:2023:2023-07-07:a1bd3b8ed349,oe:team:fc8e90107dabb9a35c490b0d86adea0,oe:team:c334c629fea759876e9e04afbe4aee7,period:ff185424af4133395119,2023.0,Summer,regular,2023-07-07,BO1,2023-07-05T21:05:49+00:00,HIGH_CONFIDENCE_STRUCTURAL,"season=2023, team=oe:team:fc8e90107dabb9a35c490b0d86adea0, cutoff<=2023-07-07T00:00:00+00:00",STRUCTURAL_RECONCILIATION_ONLY
oe_structural:2023:2023-07-12:7f152158d7ac,oe:team:fc8e90107dabb9a35c490b0d86adea0,oe:team:8eb884e168f28402ce685bedebb5250,period:ff185424af4133395119,2023.0,Summer,regular,2023-07-12,BO1,2023-07-05T21:05:49+00:00,HIGH_CONFIDENCE_STRUCTURAL,"season=2023, team=oe:team:fc8e90107dabb9a35c490b0d86adea0, cutoff<=2023-07-12T00:00:00+00:00",STRUCTURAL_RECONCILIATION_ONLY
