player,prediction_period_id,target_cutoff,patch,patch_release_date,patch_context_status
APA,period:ff185424af4133395119,2023-07-05 21:05:49+00:00,,,QUALIFIED_LABEL_ONLY
APA,period:36cf05276a8bbe55409a,2023-07-12 21:06:58+00:00,,,QUALIFIED_LABEL_ONLY
APA,period:dd1399a0cf2f56138daa,2023-07-19 21:07:18+00:00,,,QUALIFIED_LABEL_ONLY
APA,period:67a5ff4d5b051b402092,2023-07-27 21:07:41+00:00,,,QUALIFIED_LABEL_ONLY
APA,period:4520b87081b51698489a,2023-08-03 21:07:08+00:00,,,QUALIFIED_LABEL_ONLY
APA,period:a7fd1e72d2ba831ccc8d,2023-08-10 21:10:37+00:00,,,QUALIFIED_LABEL_ONLY
APA,period:c21bdc9dc5e7a7f7922d,2023-08-19 20:18:53+00:00,,,QUALIFIED_LABEL_ONLY
APA,period:27c11f42e65c97b901b8,2024-01-20 20:15:01+00:00,,,QUALIFIED_LABEL_ONLY
APA,period:ab546300266e49331659,2024-01-27 20:15:48+00:00,,,QUALIFIED_LABEL_ONLY
APA,period:f82eb58c594ccc349383,2024-02-02 21:12:22+00:00,,,QUALIFIED_LABEL_ONLY
APA,period:06566a2ea584fecf6c15,2024-02-10 21:07:54+00:00,,,QUALIFIED_LABEL_ONLY
APA,period:789a06731adc1e0c8798,2024-03-02 21:07:29+00:00,,,QUALIFIED_LABEL_ONLY
APA,period:a0f9da327c11cf3cc717,2024-03-08 21:07:46+00:00,,,QUALIFIED_LABEL_ONLY
APA,period:448a8f91622619afdbe7,2024-03-14 20:08:02+00:00,,,QUALIFIED_LABEL_ONLY
APA,period:18a8b98d7b5d7f0b7105,2024-03-22 20:08:04+00:00,,,QUALIFIED_LABEL_ONLY
APA,period:0c3bfca85acd014e625d,2024-03-30 20:22:30+00:00,,,QUALIFIED_LABEL_ONLY
APA,period:697d8a8453920f1ff1c8,2024-06-15 20:11:50+00:00,,,QUALIFIED_LABEL_ONLY
APA,period:ea10f8bb7f189dc4197a,2024-06-22 20:11:50+00:00,,,QUALIFIED_LABEL_ONLY
APA,period:fb51ebc6418ce68c46c6,2024-06-27 20:07:21+00:00,,,QUALIFIED_LABEL_ONLY
APA,period:0f3dd675ff7b55987f43,2024-07-20 20:10:15+00:00,,,QUALIFIED_LABEL_ONLY
APA,period:29c7eddc03e68fe96070,2024-07-27 20:09:19+00:00,,,QUALIFIED_LABEL_ONLY
APA,period:03ffd32cfddfafb63d73,2024-08-03 20:08:15+00:00,,,QUALIFIED_LABEL_ONLY
APA,period:cdd6b3ae49979eef3d9f,2024-08-10 20:07:50+00:00,,,QUALIFIED_LABEL_ONLY
APA,period:c0a1c4ffff2a32aacb10,2024-08-23 20:07:51+00:00,,,QUALIFIED_LABEL_ONLY
APA,period:3685f26c9338932445a9,2024-08-30 20:08:40+00:00,,,QUALIFIED_LABEL_ONLY
APA,period:77186dc9e4b5f1acc2df,2024-09-06 20:13:13+00:00,,,QUALIFIED_LABEL_ONLY
APA,period:ee078790277fa6a5a0ce,2025-01-25 21:14:31+00:00,,,QUALIFIED_LABEL_ONLY
APA,period:b08144b94745feadc04c,2025-02-01 21:06:58+00:00,,,QUALIFIED_LABEL_ONLY
APA,period:bcc5730448bc2219d32a,2025-02-09 21:07:49+00:00,,,QUALIFIED_LABEL_ONLY
APA,period:5a5260defef5072643d0,2025-04-05 20:14:15+00:00,,,QUALIFIED_LABEL_ONLY
APA,period:fb622d9f67b0d1bacd81,2025-04-12 20:06:56+00:00,,,QUALIFIED_LABEL_ONLY
APA,period:ab17bbbf5d12cdddc770,2025-04-19 20:08:34+00:00,,,QUALIFIED_LABEL_ONLY
APA,period:0bd7b62868a6e6fa9a6d,2025-04-26 20:08:33+00:00,,,QUALIFIED_LABEL_ONLY
APA,period:f91ca0f544586fb72c4d,2025-05-03 20:08:26+00:00,,,QUALIFIED_LABEL_ONLY
APA,period:92eb584d41521b4a115a,2025-05-10 20:09:23+00:00,,,QUALIFIED_LABEL_ONLY
APA,period:42a66f8e41011df34073,2025-05-17 20:08:05+00:00,,,QUALIFIED_LABEL_ONLY
APA,period:769a792cb95be4e074fc,2025-05-24 20:07:34+00:00,,,QUALIFIED_LABEL_ONLY
APA,period:540a575a08edacdeb808,2025-05-31 20:08:28+00:00,,,QUALIFIED_LABEL_ONLY
APA,period:b6b241bcd2df026a0c10,2025-06-07 20:06:56+00:00,,,QUALIFIED_LABEL_ONLY
APA,period:f92170f131413923b84c,2025-07-26 20:10:23+00:00,,,QUALIFIED_LABEL_ONLY
APA,period:c7231b512ce5dfec31cf,2025-08-02 20:08:18+00:00,,,QUALIFIED_LABEL_ONLY
APA,period:c139a580fc7ad181ea33,2025-08-09 20:06:58+00:00,,,QUALIFIED_LABEL_ONLY
APA,period:9d2506f6d55754824303,2025-08-16 20:06:27+00:00,,,QUALIFIED_LABEL_ONLY
APA,period:1ffa4e947c2611f80c97,2025-08-29 20:06:10+00:00,,,QUALIFIED_LABEL_ONLY
APA,period:28d589eedfce312e1ad3,2026-01-24 21:24:34+00:00,,,QUALIFIED_LABEL_ONLY
APA,period:70fac0200d695853ccdc,2026-01-31 21:07:01+00:00,,,QUALIFIED_LABEL_ONLY
APA,period:b2e5a5987eefaa30eea2,2026-02-07 21:11:32+00:00,,,QUALIFIED_LABEL_ONLY
APA,period:9c6a0a6efb8480316e54,2026-02-09 00:51:15+00:00,,,QUALIFIED_LABEL_ONLY
APA,period:0433ceb2175e1870c17a,2026-02-14 21:11:50+00:00,,,QUALIFIED_LABEL_ONLY
APA,period:d52af7b72997e89c8ea6,2026-02-20 21:09:00+00:00,,,QUALIFIED_LABEL_ONLY
APA,period:b628e8f047ec274b8698,2026-02-27 21:09:38+00:00,,,QUALIFIED_LABEL_ONLY
APA,period:f1fd6343903a0462322e,2026-03-02 00:22:41+00:00,,,QUALIFIED_LABEL_ONLY
APA,period:74efed7e4a28a304cc30,2026-04-04 20:17:46+00:00,,,QUALIFIED_LABEL_ONLY
APA,period:fc48b32f725285a09f66,2026-04-11 20:08:26+00:00,,,QUALIFIED_LABEL_ONLY
APA,period:9ad9f360f988761d91c1,2026-04-18 20:07:45+00:00,,,QUALIFIED_LABEL_ONLY
APA,period:b0a60cf2f3d3558f5e56,2026-04-25 20:09:02+00:00,,,QUALIFIED_LABEL_ONLY
APA,period:0a890f671f8ce6bbde59,2026-05-02 20:10:20+00:00,,,QUALIFIED_LABEL_ONLY
APA,period:bca1e648a46734294b57,2026-05-09 20:08:09+00:00,,,QUALIFIED_LABEL_ONLY
APA,period:1c76ac6866aa6a71a894,2026-05-16 20:08:36+00:00,,,QUALIFIED_LABEL_ONLY
APA,period:2ba54fbdb1ed8ce5723d,2026-05-23 20:10:31+00:00,,,QUALIFIED_LABEL_ONLY
APA,period:76aa7cb585d2505649ba,2026-06-06 20:09:49+00:00,,,QUALIFIED_LABEL_ONLY
APA,period:2a0b31a43b9b5e794a24,2026-06-13 20:14:55+00:00,,,QUALIFIED_LABEL_ONLY
Abbedagge,period:debddf61a872640eadfb,2021-06-04 22:02:02+00:00,,,QUALIFIED_LABEL_ONLY
Abbedagge,period:24ddb9953986c3386cb5,2021-06-11 21:37:50+00:00,,,QUALIFIED_LABEL_ONLY
Abbedagge,period:111e9dfa6ccd70cbab3b,2021-06-18 21:02:38+00:00,,,QUALIFIED_LABEL_ONLY
Abbedagge,period:32c02d32a3c87111d752,2021-06-25 21:33:16+00:00,,,QUALIFIED_LABEL_ONLY
Abbedagge,period:4f8f85e36ba842416702,2021-07-02 21:10:28+00:00,,,QUALIFIED_LABEL_ONLY
Abbedagge,period:490dcd8b072f0c76bfcd,2021-07-09 21:35:31+00:00,,,QUALIFIED_LABEL_ONLY
Abbedagge,period:5ede35b384e34b4e7cf7,2021-07-16 21:20:22+00:00,,,QUALIFIED_LABEL_ONLY
Abbedagge,period:5befa75590802ab7de54,2021-07-23 20:58:06+00:00,,,QUALIFIED_LABEL_ONLY
Abbedagge,period:afb91f11a5c9c66cc35b,2021-07-30 21:12:55+00:00,,,QUALIFIED_LABEL_ONLY
Abbedagge,period:3951db25bbaff1ec59cd,2021-08-12 21:13:39+00:00,,,QUALIFIED_LABEL_ONLY
Abbedagge,period:7c5e83ab4c6a7ca8c86a,2021-08-19 21:11:40+00:00,,,QUALIFIED_LABEL_ONLY
Abbedagge,period:dbb9ba645ae8a19c6555,2021-08-28 19:41:05+00:00,,,QUALIFIED_LABEL_ONLY
Abbedagge,period:3921ed3cc984afb56c50,2022-01-14 21:26:31+00:00,,,QUALIFIED_LABEL_ONLY
Abbedagge,period:ea5caa919fbd4b75da18,2022-01-21 21:45:47+00:00,,,QUALIFIED_LABEL_ONLY
Abbedagge,period:5a26c3b6318c7b633520,2022-02-05 20:33:18+00:00,,,QUALIFIED_LABEL_ONLY
Abbedagge,period:44168f74464b99791ba3,2022-02-12 20:53:38+00:00,,,QUALIFIED_LABEL_ONLY
Abbedagge,period:466f661effb9208a840b,2022-02-19 20:54:27+00:00,,,QUALIFIED_LABEL_ONLY
Abbedagge,period:4138ca482beb4344e9ad,2022-02-25 22:37:00+00:00,,,QUALIFIED_LABEL_ONLY
Abbedagge,period:7a928b9ecc895d38667e,2022-03-05 21:01:58+00:00,,,QUALIFIED_LABEL_ONLY
Abbedagge,period:bfbcb255cff7d2c3894f,2022-03-12 21:07:29+00:00,,,QUALIFIED_LABEL_ONLY
Abbedagge,period:9a704a25f780f56ebe1b,2022-03-19 19:32:42+00:00,,,QUALIFIED_LABEL_ONLY
Abbedagge,period:2543e9e0dda5edca0977,2022-03-25 20:43:57+00:00,,,QUALIFIED_LABEL_ONLY
Abbedagge,period:95c58b937c0fcc3e92b9,2022-04-02 20:00:26+00:00,,,QUALIFIED_LABEL_ONLY
Abbedagge,period:8e4979ebdc36578e98ba,2022-04-16 20:06:15+00:00,,,QUALIFIED_LABEL_ONLY
Abbedagge,period:8036ed58940a8d2ab607,2022-04-23 18:36:24+00:00,,,QUALIFIED_LABEL_ONLY
Abbedagge,period:4c81af754b6b135da741,2022-06-17 21:46:00+00:00,,,QUALIFIED_LABEL_ONLY
Abbedagge,period:9098ed2cd53d3e50498b,2022-06-25 20:09:54+00:00,,,QUALIFIED_LABEL_ONLY
Abbedagge,period:bd5d15bd6830501052ed,2022-07-02 20:14:47+00:00,,,QUALIFIED_LABEL_ONLY
Abbedagge,period:a1385753e89a22ad7415,2022-07-16 20:31:00+00:00,,,QUALIFIED_LABEL_ONLY
Abbedagge,period:d36d780bd6e08d095d27,2022-07-23 20:43:00+00:00,,,QUALIFIED_LABEL_ONLY
Abbedagge,period:ab4c55f2271a097a29e2,2022-07-30 20:03:25+00:00,,,QUALIFIED_LABEL_ONLY
Abbedagge,period:9310314000d1dccfe6ae,2022-08-06 20:08:43+00:00,,,QUALIFIED_LABEL_ONLY
Abbedagge,period:e268d0eb9109f8185a29,2022-08-12 20:55:46+00:00,,,QUALIFIED_LABEL_ONLY
Abbedagge,period:f6ad6d70568c5aa4ddb9,2022-08-25 19:37:29+00:00,,,QUALIFIED_LABEL_ONLY
Abbedagge,period:f14a4fb0f93da34e9201,2022-09-01 19:27:30+00:00,,,QUALIFIED_LABEL_ONLY
Abbedagge,period:f4e76c51fd962159c780,2022-09-10 19:07:58+00:00,,,QUALIFIED_LABEL_ONLY
Abbedagge,period:ee078790277fa6a5a0ce,2025-01-25 21:14:31+00:00,,,QUALIFIED_LABEL_ONLY
Abbedagge,period:b08144b94745feadc04c,2025-02-01 21:06:58+00:00,,,QUALIFIED_LABEL_ONLY
Abbedagge,period:5a5260defef5072643d0,2025-04-05 20:14:15+00:00,,,QUALIFIED_LABEL_ONLY
Abbedagge,period:fb622d9f67b0d1bacd81,2025-04-12 20:06:56+00:00,,,QUALIFIED_LABEL_ONLY
Abbedagge,period:ab17bbbf5d12cdddc770,2025-04-19 20:08:34+00:00,,,QUALIFIED_LABEL_ONLY
Abbedagge,period:0bd7b62868a6e6fa9a6d,2025-04-26 20:08:33+00:00,,,QUALIFIED_LABEL_ONLY
Abbedagge,period:f91ca0f544586fb72c4d,2025-05-03 20:08:26+00:00,,,QUALIFIED_LABEL_ONLY
Abbedagge,period:92eb584d41521b4a115a,2025-05-10 20:09:23+00:00,,,QUALIFIED_LABEL_ONLY
Abbedagge,period:42a66f8e41011df34073,2025-05-17 20:08:05+00:00,,,QUALIFIED_LABEL_ONLY
Ablazeolive,period:fcb777e33a04482e7bfb,2021-01-15 23:10:17+00:00,,,QUALIFIED_LABEL_ONLY
Ablazeolive,period:2e302fc7c4bd7a4b3864,2021-01-22 22:29:56+00:00,,,QUALIFIED_LABEL_ONLY
Ablazeolive,period:7c66db573c65177b96bf,2021-02-05 22:24:44+00:00,,,QUALIFIED_LABEL_ONLY
Ablazeolive,period:19d1212ec047ea2c2e1c,2021-02-12 22:29:59+00:00,,,QUALIFIED_LABEL_ONLY
Ablazeolive,period:577ed5ecd652eb981e79,2021-02-19 22:21:31+00:00,,,QUALIFIED_LABEL_ONLY
Ablazeolive,period:3482fd65afd711052651,2021-02-26 22:23:25+00:00,,,QUALIFIED_LABEL_ONLY
Ablazeolive,period:433079f36e14953ffe3e,2021-03-05 22:15:28+00:00,,,QUALIFIED_LABEL_ONLY
Ablazeolive,period:2eea81e5fabdc42a729f,2021-03-12 22:24:45+00:00,,,QUALIFIED_LABEL_ONLY
Ablazeolive,period:debddf61a872640eadfb,2021-06-04 22:02:02+00:00,,,QUALIFIED_LABEL_ONLY
Ablazeolive,period:24ddb9953986c3386cb5,2021-06-11 21:37:50+00:00,,,QUALIFIED_LABEL_ONLY
Ablazeolive,period:111e9dfa6ccd70cbab3b,2021-06-18 21:02:38+00:00,,,QUALIFIED_LABEL_ONLY
Ablazeolive,period:32c02d32a3c87111d752,2021-06-25 21:33:16+00:00,,,QUALIFIED_LABEL_ONLY
Ablazeolive,period:4f8f85e36ba842416702,2021-07-02 21:10:28+00:00,,,QUALIFIED_LABEL_ONLY
Ablazeolive,period:490dcd8b072f0c76bfcd,2021-07-09 21:35:31+00:00,,,QUALIFIED_LABEL_ONLY
Ablazeolive,period:5ede35b384e34b4e7cf7,2021-07-16 21:20:22+00:00,,,QUALIFIED_LABEL_ONLY
Ablazeolive,period:5befa75590802ab7de54,2021-07-23 20:58:06+00:00,,,QUALIFIED_LABEL_ONLY
Ablazeolive,period:afb91f11a5c9c66cc35b,2021-07-30 21:12:55+00:00,,,QUALIFIED_LABEL_ONLY
Ablazeolive,period:3951db25bbaff1ec59cd,2021-08-12 21:13:39+00:00,,,QUALIFIED_LABEL_ONLY
Ablazeolive,period:5a26c3b6318c7b633520,2022-02-05 20:33:18+00:00,,,QUALIFIED_LABEL_ONLY
Ablazeolive,period:44168f74464b99791ba3,2022-02-12 20:53:38+00:00,,,QUALIFIED_LABEL_ONLY
Ablazeolive,period:466f661effb9208a840b,2022-02-19 20:54:27+00:00,,,QUALIFIED_LABEL_ONLY
Ablazeolive,period:4138ca482beb4344e9ad,2022-02-25 22:37:00+00:00,,,QUALIFIED_LABEL_ONLY
Ablazeolive,period:7a928b9ecc895d38667e,2022-03-05 21:01:58+00:00,,,QUALIFIED_LABEL_ONLY
Ablazeolive,period:bfbcb255cff7d2c3894f,2022-03-12 21:07:29+00:00,,,QUALIFIED_LABEL_ONLY
Ablazeolive,period:9a704a25f780f56ebe1b,2022-03-19 19:32:42+00:00,,,QUALIFIED_LABEL_ONLY
Ablazeolive,period:2543e9e0dda5edca0977,2022-03-25 20:43:57+00:00,,,QUALIFIED_LABEL_ONLY
Ablazeolive,period:feb156c0b7ef67e8a92a,2022-04-09 20:43:33+00:00,,,QUALIFIED_LABEL_ONLY
Ablazeolive,period:4c81af754b6b135da741,2022-06-17 21:46:00+00:00,,,QUALIFIED_LABEL_ONLY
Ablazeolive,period:9098ed2cd53d3e50498b,2022-06-25 20:09:54+00:00,,,QUALIFIED_LABEL_ONLY
Ablazeolive,period:bd5d15bd6830501052ed,2022-07-02 20:14:47+00:00,,,QUALIFIED_LABEL_ONLY
Ablazeolive,period:a1385753e89a22ad7415,2022-07-16 20:31:00+00:00,,,QUALIFIED_LABEL_ONLY
Ablazeolive,period:d36d780bd6e08d095d27,2022-07-23 20:43:00+00:00,,,QUALIFIED_LABEL_ONLY
Ablazeolive,period:ab4c55f2271a097a29e2,2022-07-30 20:03:25+00:00,,,QUALIFIED_LABEL_ONLY
Ablazeolive,period:e268d0eb9109f8185a29,2022-08-12 20:55:46+00:00,,,QUALIFIED_LABEL_ONLY
Ablazeolive,period:f6ad6d70568c5aa4ddb9,2022-08-25 19:37:29+00:00,,,QUALIFIED_LABEL_ONLY
Ablazeolive,period:452655f2bc33b5b76085,2023-01-26 22:16:48+00:00,,,QUALIFIED_LABEL_ONLY
Ablazeolive,period:9ad2bd3e76204c678ee3,2023-02-02 22:06:55+00:00,,,QUALIFIED_LABEL_ONLY
Ablazeolive,period:5193f604ed2f15e301e1,2023-02-09 22:07:17+00:00,,,QUALIFIED_LABEL_ONLY
Ablazeolive,period:2b3de7782bdf56dc82d0,2023-02-15 22:07:50+00:00,,,QUALIFIED_LABEL_ONLY
Ablazeolive,period:36d3f31311f21e914d55,2023-02-23 22:06:52+00:00,,,QUALIFIED_LABEL_ONLY
Akaadian,period:14606e5066005561df07,2020-03-07 21:40:12+00:00,,,QUALIFIED_LABEL_ONLY
Akaadian,period:b2e2840d56c789b5030c,2020-03-21 20:18:48+00:00,,,QUALIFIED_LABEL_ONLY
Akaadian,period:666de7dcc2eb91211639,2020-03-28 20:29:42+00:00,,,QUALIFIED_LABEL_ONLY
Akaadian,period:1970df0ebd4246c6ea3b,2020-06-13 00:40:51+00:00,,,QUALIFIED_LABEL_ONLY
Akaadian,period:3968b01a861a52d381a8,2020-06-20 00:31:26+00:00,,,QUALIFIED_LABEL_ONLY
Akaadian,period:642a5bb7deff76d164b5,2020-06-27 00:39:52+00:00,,,QUALIFIED_LABEL_ONLY
Akaadian,period:111e9dfa6ccd70cbab3b,2021-06-18 21:02:38+00:00,,,QUALIFIED_LABEL_ONLY
Akaadian,period:32c02d32a3c87111d752,2021-06-25 21:33:16+00:00,,,QUALIFIED_LABEL_ONLY
Akaadian,period:4f8f85e36ba842416702,2021-07-02 21:10:28+00:00,,,QUALIFIED_LABEL_ONLY
Akaadian,period:490dcd8b072f0c76bfcd,2021-07-09 21:35:31+00:00,,,QUALIFIED_LABEL_ONLY
Akaadian,period:5ede35b384e34b4e7cf7,2021-07-16 21:20:22+00:00,,,QUALIFIED_LABEL_ONLY
Akaadian,period:5befa75590802ab7de54,2021-07-23 20:58:06+00:00,,,QUALIFIED_LABEL_ONLY
Akaadian,period:afb91f11a5c9c66cc35b,2021-07-30 21:12:55+00:00,,,QUALIFIED_LABEL_ONLY
Akaadian,period:a8f8fd7e2f96bbacb87c,2021-08-07 20:23:28+00:00,,,QUALIFIED_LABEL_ONLY
Akaadian,period:3951db25bbaff1ec59cd,2021-08-12 21:13:39+00:00,,,QUALIFIED_LABEL_ONLY
Allorim,period:642a5bb7deff76d164b5,2020-06-27 00:39:52+00:00,,,QUALIFIED_LABEL_ONLY
Allorim,period:7813fa8e90f59320de07,2020-07-04 00:21:06+00:00,,,QUALIFIED_LABEL_ONLY
Allorim,period:1e2c5a7144cf9a8bc308,2020-07-11 00:50:27+00:00,,,QUALIFIED_LABEL_ONLY
Allorim,period:2d69b4a154591d5cca77,2020-07-18 00:30:49+00:00,,,QUALIFIED_LABEL_ONLY
Allorim,period:fe3df3b5886d9a4a5234,2020-07-25 00:38:07+00:00,,,QUALIFIED_LABEL_ONLY
Allorim,period:3e89f4975798019beec8,2020-08-01 00:35:44+00:00,,,QUALIFIED_LABEL_ONLY
Allorim,period:9cfbd3e5ecdd20626eed,2020-08-08 00:43:41+00:00,,,QUALIFIED_LABEL_ONLY
Alphari,period:fcb777e33a04482e7bfb,2021-01-15 23:10:17+00:00,,,QUALIFIED_LABEL_ONLY
Alphari,period:2e302fc7c4bd7a4b3864,2021-01-22 22:29:56+00:00,,,QUALIFIED_LABEL_ONLY
Alphari,period:9b9f3f2ec839feb3a947,2021-01-29 22:28:31+00:00,,,QUALIFIED_LABEL_ONLY
Alphari,period:7c66db573c65177b96bf,2021-02-05 22:24:44+00:00,,,QUALIFIED_LABEL_ONLY
Alphari,period:19d1212ec047ea2c2e1c,2021-02-12 22:29:59+00:00,,,QUALIFIED_LABEL_ONLY
Alphari,period:577ed5ecd652eb981e79,2021-02-19 22:21:31+00:00,,,QUALIFIED_LABEL_ONLY
Alphari,period:3482fd65afd711052651,2021-02-26 22:23:25+00:00,,,QUALIFIED_LABEL_ONLY
Alphari,period:433079f36e14953ffe3e,2021-03-05 22:15:28+00:00,,,QUALIFIED_LABEL_ONLY
Alphari,period:2eea81e5fabdc42a729f,2021-03-12 22:24:45+00:00,,,QUALIFIED_LABEL_ONLY
Alphari,period:4a6e60b4d46361a99310,2021-03-20 19:21:03+00:00,,,QUALIFIED_LABEL_ONLY
Alphari,period:8e2682918e14580d212b,2021-04-03 19:17:31+00:00,,,QUALIFIED_LABEL_ONLY
Alphari,period:759dd00fd0d693b754cc,2021-04-10 19:41:22+00:00,,,QUALIFIED_LABEL_ONLY
Alphari,period:debddf61a872640eadfb,2021-06-04 22:02:02+00:00,,,QUALIFIED_LABEL_ONLY
Alphari,period:490dcd8b072f0c76bfcd,2021-07-09 21:35:31+00:00,,,QUALIFIED_LABEL_ONLY
Alphari,period:5ede35b384e34b4e7cf7,2021-07-16 21:20:22+00:00,,,QUALIFIED_LABEL_ONLY
Alphari,period:5befa75590802ab7de54,2021-07-23 20:58:06+00:00,,,QUALIFIED_LABEL_ONLY
Alphari,period:afb91f11a5c9c66cc35b,2021-07-30 21:12:55+00:00,,,QUALIFIED_LABEL_ONLY
Alphari,period:a8f8fd7e2f96bbacb87c,2021-08-07 20:23:28+00:00,,,QUALIFIED_LABEL_ONLY
Alphari,period:3951db25bbaff1ec59cd,2021-08-12 21:13:39+00:00,,,QUALIFIED_LABEL_ONLY
Alphari,period:7c5e83ab4c6a7ca8c86a,2021-08-19 21:11:40+00:00,,,QUALIFIED_LABEL_ONLY
Alphari,period:dbb9ba645ae8a19c6555,2021-08-28 19:41:05+00:00,,,QUALIFIED_LABEL_ONLY
Altec,period:01bed218199c5fc6a295,2020-01-25 21:37:53+00:00,,,QUALIFIED_LABEL_ONLY
Altec,period:18c306f73901eb8e548e,2020-02-01 21:36:35+00:00,,,QUALIFIED_LABEL_ONLY
Altec,period:bd2e80371da37619c695,2020-02-08 21:30:18+00:00,,,QUALIFIED_LABEL_ONLY
Altec,period:94dc307a169a4236f643,2020-02-15 21:33:19+00:00,,,QUALIFIED_LABEL_ONLY
Altec,period:90cc39f891e2dbcab3ef,2020-02-22 21:37:14+00:00,,,QUALIFIED_LABEL_ONLY
Altec,period:1970df0ebd4246c6ea3b,2020-06-13 00:40:51+00:00,,,QUALIFIED_LABEL_ONLY
Altec,period:3968b01a861a52d381a8,2020-06-20 00:31:26+00:00,,,QUALIFIED_LABEL_ONLY
Amazo,period:fcb777e33a04482e7bfb,2021-01-15 23:10:17+00:00,,,QUALIFIED_LABEL_ONLY
Amazo,period:2e302fc7c4bd7a4b3864,2021-01-22 22:29:56+00:00,,,QUALIFIED_LABEL_ONLY
Amazo,period:7c66db573c65177b96bf,2021-02-05 22:24:44+00:00,,,QUALIFIED_LABEL_ONLY
Amazo,period:19d1212ec047ea2c2e1c,2021-02-12 22:29:59+00:00,,,QUALIFIED_LABEL_ONLY
Amazo,period:577ed5ecd652eb981e79,2021-02-19 22:21:31+00:00,,,QUALIFIED_LABEL_ONLY
Amazo,period:3482fd65afd711052651,2021-02-26 22:23:25+00:00,,,QUALIFIED_LABEL_ONLY
Amazo,period:433079f36e14953ffe3e,2021-03-05 22:15:28+00:00,,,QUALIFIED_LABEL_ONLY
Amazo,period:2eea81e5fabdc42a729f,2021-03-12 22:24:45+00:00,,,QUALIFIED_LABEL_ONLY
Amazo,period:debddf61a872640eadfb,2021-06-04 22:02:02+00:00,,,QUALIFIED_LABEL_ONLY
Amazo,period:24ddb9953986c3386cb5,2021-06-11 21:37:50+00:00,,,QUALIFIED_LABEL_ONLY
Amazo,period:111e9dfa6ccd70cbab3b,2021-06-18 21:02:38+00:00,,,QUALIFIED_LABEL_ONLY
Amazo,period:32c02d32a3c87111d752,2021-06-25 21:33:16+00:00,,,QUALIFIED_LABEL_ONLY
Amazo,period:4f8f85e36ba842416702,2021-07-02 21:10:28+00:00,,,QUALIFIED_LABEL_ONLY
Amazo,period:490dcd8b072f0c76bfcd,2021-07-09 21:35:31+00:00,,,QUALIFIED_LABEL_ONLY
Amazo,period:5ede35b384e34b4e7cf7,2021-07-16 21:20:22+00:00,,,QUALIFIED_LABEL_ONLY
Amazo,period:5befa75590802ab7de54,2021-07-23 20:58:06+00:00,,,QUALIFIED_LABEL_ONLY
Amazo,period:afb91f11a5c9c66cc35b,2021-07-30 21:12:55+00:00,,,QUALIFIED_LABEL_ONLY
Amazo,period:3951db25bbaff1ec59cd,2021-08-12 21:13:39+00:00,,,QUALIFIED_LABEL_ONLY
Amazo,period:3921ed3cc984afb56c50,2022-01-14 21:26:31+00:00,,,QUALIFIED_LABEL_ONLY
Amazo,period:ea5caa919fbd4b75da18,2022-01-21 21:45:47+00:00,,,QUALIFIED_LABEL_ONLY
Apollo,period:cb03c621696fc2e91764,2020-02-29 21:26:53+00:00,,,QUALIFIED_LABEL_ONLY
Apollo,period:14606e5066005561df07,2020-03-07 21:40:12+00:00,,,QUALIFIED_LABEL_ONLY
Apollo,period:b2e2840d56c789b5030c,2020-03-21 20:18:48+00:00,,,QUALIFIED_LABEL_ONLY
Apollo,period:666de7dcc2eb91211639,2020-03-28 20:29:42+00:00,,,QUALIFIED_LABEL_ONLY
Apollo,period:642a5bb7deff76d164b5,2020-06-27 00:39:52+00:00,,,QUALIFIED_LABEL_ONLY
Apollo,period:7813fa8e90f59320de07,2020-07-04 00:21:06+00:00,,,QUALIFIED_LABEL_ONLY
Apollo,period:1e2c5a7144cf9a8bc308,2020-07-11 00:50:27+00:00,,,QUALIFIED_LABEL_ONLY
Apollo,period:2d69b4a154591d5cca77,2020-07-18 00:30:49+00:00,,,QUALIFIED_LABEL_ONLY
Apollo,period:fe3df3b5886d9a4a5234,2020-07-25 00:38:07+00:00,,,QUALIFIED_LABEL_ONLY
Apollo,period:3e89f4975798019beec8,2020-08-01 00:35:44+00:00,,,QUALIFIED_LABEL_ONLY
Apollo,period:9cfbd3e5ecdd20626eed,2020-08-08 00:43:41+00:00,,,QUALIFIED_LABEL_ONLY
Armao,period:01bed218199c5fc6a295,2020-01-25 21:37:53+00:00,,,QUALIFIED_LABEL_ONLY
Armao,period:18c306f73901eb8e548e,2020-02-01 21:36:35+00:00,,,QUALIFIED_LABEL_ONLY
Armao,period:bd2e80371da37619c695,2020-02-08 21:30:18+00:00,,,QUALIFIED_LABEL_ONLY
Armao,period:94dc307a169a4236f643,2020-02-15 21:33:19+00:00,,,QUALIFIED_LABEL_ONLY
Armao,period:90cc39f891e2dbcab3ef,2020-02-22 21:37:14+00:00,,,QUALIFIED_LABEL_ONLY
Armao,period:cb03c621696fc2e91764,2020-02-29 21:26:53+00:00,,,QUALIFIED_LABEL_ONLY
Armao,period:fcb777e33a04482e7bfb,2021-01-15 23:10:17+00:00,,,QUALIFIED_LABEL_ONLY
Armao,period:759dd00fd0d693b754cc,2021-04-10 19:41:22+00:00,,,QUALIFIED_LABEL_ONLY
Armao,period:32c02d32a3c87111d752,2021-06-25 21:33:16+00:00,,,QUALIFIED_LABEL_ONLY
Armao,period:4f8f85e36ba842416702,2021-07-02 21:10:28+00:00,,,QUALIFIED_LABEL_ONLY
Armao,period:490dcd8b072f0c76bfcd,2021-07-09 21:35:31+00:00,,,QUALIFIED_LABEL_ONLY
Armao,period:5ede35b384e34b4e7cf7,2021-07-16 21:20:22+00:00,,,QUALIFIED_LABEL_ONLY
Armao,period:5befa75590802ab7de54,2021-07-23 20:58:06+00:00,,,QUALIFIED_LABEL_ONLY
Armao,period:3943367d2ce567a9fae3,2023-06-14 21:13:03+00:00,,,QUALIFIED_LABEL_ONLY
Armao,period:f2ee99995367bf0fc030,2023-06-21 21:07:31+00:00,,,QUALIFIED_LABEL_ONLY
Armao,period:c790283b449e6bb25672,2023-06-28 21:06:50+00:00,,,QUALIFIED_LABEL_ONLY
Armao,period:ff185424af4133395119,2023-07-05 21:05:49+00:00,,,QUALIFIED_LABEL_ONLY
Armao,period:36cf05276a8bbe55409a,2023-07-12 21:06:58+00:00,,,QUALIFIED_LABEL_ONLY
Armao,period:4520b87081b51698489a,2023-08-03 21:07:08+00:00,,,QUALIFIED_LABEL_ONLY
Armao,period:27c11f42e65c97b901b8,2024-01-20 20:15:01+00:00,,,QUALIFIED_LABEL_ONLY
Armao,period:ab546300266e49331659,2024-01-27 20:15:48+00:00,,,QUALIFIED_LABEL_ONLY
Armao,period:f82eb58c594ccc349383,2024-02-02 21:12:22+00:00,,,QUALIFIED_LABEL_ONLY
Armao,period:06566a2ea584fecf6c15,2024-02-10 21:07:54+00:00,,,QUALIFIED_LABEL_ONLY
Armao,period:789a06731adc1e0c8798,2024-03-02 21:07:29+00:00,,,QUALIFIED_LABEL_ONLY
Armao,period:a0f9da327c11cf3cc717,2024-03-08 21:07:46+00:00,,,QUALIFIED_LABEL_ONLY
Armao,period:697d8a8453920f1ff1c8,2024-06-15 20:11:50+00:00,,,QUALIFIED_LABEL_ONLY
Armao,period:ea10f8bb7f189dc4197a,2024-06-22 20:11:50+00:00,,,QUALIFIED_LABEL_ONLY
Armao,period:fb51ebc6418ce68c46c6,2024-06-27 20:07:21+00:00,,,QUALIFIED_LABEL_ONLY
Armao,period:0f3dd675ff7b55987f43,2024-07-20 20:10:15+00:00,,,QUALIFIED_LABEL_ONLY
Armao,period:29c7eddc03e68fe96070,2024-07-27 20:09:19+00:00,,,QUALIFIED_LABEL_ONLY
Armao,period:03ffd32cfddfafb63d73,2024-08-03 20:08:15+00:00,,,QUALIFIED_LABEL_ONLY
Armao,period:cdd6b3ae49979eef3d9f,2024-08-10 20:07:50+00:00,,,QUALIFIED_LABEL_ONLY
Armao,period:5afe139f56d9c0db8f2d,2026-07-25 20:13:30+00:00,,,QUALIFIED_LABEL_ONLY
Armut,period:452655f2bc33b5b76085,2023-01-26 22:16:48+00:00,,,QUALIFIED_LABEL_ONLY
Armut,period:9ad2bd3e76204c678ee3,2023-02-02 22:06:55+00:00,,,QUALIFIED_LABEL_ONLY
Armut,period:5193f604ed2f15e301e1,2023-02-09 22:07:17+00:00,,,QUALIFIED_LABEL_ONLY
Armut,period:2b3de7782bdf56dc82d0,2023-02-15 22:07:50+00:00,,,QUALIFIED_LABEL_ONLY
Armut,period:36d3f31311f21e914d55,2023-02-23 22:06:52+00:00,,,QUALIFIED_LABEL_ONLY
Armut,period:83278694723ba910058b,2023-03-02 22:08:20+00:00,,,QUALIFIED_LABEL_ONLY
Armut,period:402a134be7abbe005149,2023-03-09 22:22:41+00:00,,,QUALIFIED_LABEL_ONLY
Armut,period:8d9d5d3f36e034ced562,2023-03-15 21:07:53+00:00,,,QUALIFIED_LABEL_ONLY
Arrow,period:4138ca482beb4344e9ad,2022-02-25 22:37:00+00:00,,,QUALIFIED_LABEL_ONLY
Arrow,period:7a928b9ecc895d38667e,2022-03-05 21:01:58+00:00,,,QUALIFIED_LABEL_ONLY
Arrow,period:bfbcb255cff7d2c3894f,2022-03-12 21:07:29+00:00,,,QUALIFIED_LABEL_ONLY
Arrow,period:9a704a25f780f56ebe1b,2022-03-19 19:32:42+00:00,,,QUALIFIED_LABEL_ONLY
Arrow,period:2543e9e0dda5edca0977,2022-03-25 20:43:57+00:00,,,QUALIFIED_LABEL_ONLY
Bang,period:01bed218199c5fc6a295,2020-01-25 21:37:53+00:00,,,QUALIFIED_LABEL_ONLY
Bang,period:18c306f73901eb8e548e,2020-02-01 21:36:35+00:00,,,QUALIFIED_LABEL_ONLY
Bang,period:bd2e80371da37619c695,2020-02-08 21:30:18+00:00,,,QUALIFIED_LABEL_ONLY
Bang,period:94dc307a169a4236f643,2020-02-15 21:33:19+00:00,,,QUALIFIED_LABEL_ONLY
Bang,period:90cc39f891e2dbcab3ef,2020-02-22 21:37:14+00:00,,,QUALIFIED_LABEL_ONLY
Bang,period:cb03c621696fc2e91764,2020-02-29 21:26:53+00:00,,,QUALIFIED_LABEL_ONLY
Bang,period:14606e5066005561df07,2020-03-07 21:40:12+00:00,,,QUALIFIED_LABEL_ONLY
Bang,period:b2e2840d56c789b5030c,2020-03-21 20:18:48+00:00,,,QUALIFIED_LABEL_ONLY
Bang,period:666de7dcc2eb91211639,2020-03-28 20:29:42+00:00,,,QUALIFIED_LABEL_ONLY
Bang,period:5a2658b56ec5d5c6a04d,2020-04-04 19:44:42+00:00,,,QUALIFIED_LABEL_ONLY
Bang,period:be73ead0e53874776373,2020-04-18 19:37:34+00:00,,,QUALIFIED_LABEL_ONLY
Bang,period:1970df0ebd4246c6ea3b,2020-06-13 00:40:51+00:00,,,QUALIFIED_LABEL_ONLY
Bang,period:3968b01a861a52d381a8,2020-06-20 00:31:26+00:00,,,QUALIFIED_LABEL_ONLY
Bang,period:642a5bb7deff76d164b5,2020-06-27 00:39:52+00:00,,,QUALIFIED_LABEL_ONLY
Bang,period:7813fa8e90f59320de07,2020-07-04 00:21:06+00:00,,,QUALIFIED_LABEL_ONLY
Bang,period:1e2c5a7144cf9a8bc308,2020-07-11 00:50:27+00:00,,,QUALIFIED_LABEL_ONLY
Bang,period:2d69b4a154591d5cca77,2020-07-18 00:30:49+00:00,,,QUALIFIED_LABEL_ONLY
Bang,period:fe3df3b5886d9a4a5234,2020-07-25 00:38:07+00:00,,,QUALIFIED_LABEL_ONLY
Bang,period:3e89f4975798019beec8,2020-08-01 00:35:44+00:00,,,QUALIFIED_LABEL_ONLY
Bang,period:9cfbd3e5ecdd20626eed,2020-08-08 00:43:41+00:00,,,QUALIFIED_LABEL_ONLY
Bang,period:0836494c11a0b381c084,2020-08-13 19:38:23+00:00,,,QUALIFIED_LABEL_ONLY
Bang,period:38cb400566e2a3aee1c8,2020-08-20 19:31:44+00:00,,,QUALIFIED_LABEL_ONLY
Bejjaniii,period:f92170f131413923b84c,2025-07-26 20:10:23+00:00,,,QUALIFIED_LABEL_ONLY
Berserker,period:5a26c3b6318c7b633520,2022-02-05 20:33:18+00:00,,,QUALIFIED_LABEL_ONLY
Berserker,period:44168f74464b99791ba3,2022-02-12 20:53:38+00:00,,,QUALIFIED_LABEL_ONLY
Berserker,period:466f661effb9208a840b,2022-02-19 20:54:27+00:00,,,QUALIFIED_LABEL_ONLY
Berserker,period:4138ca482beb4344e9ad,2022-02-25 22:37:00+00:00,,,QUALIFIED_LABEL_ONLY
Berserker,period:7a928b9ecc895d38667e,2022-03-05 21:01:58+00:00,,,QUALIFIED_LABEL_ONLY
Berserker,period:bfbcb255cff7d2c3894f,2022-03-12 21:07:29+00:00,,,QUALIFIED_LABEL_ONLY
Berserker,period:9a704a25f780f56ebe1b,2022-03-19 19:32:42+00:00,,,QUALIFIED_LABEL_ONLY
Berserker,period:2543e9e0dda5edca0977,2022-03-25 20:43:57+00:00,,,QUALIFIED_LABEL_ONLY
Berserker,period:95c58b937c0fcc3e92b9,2022-04-02 20:00:26+00:00,,,QUALIFIED_LABEL_ONLY
Berserker,period:feb156c0b7ef67e8a92a,2022-04-09 20:43:33+00:00,,,QUALIFIED_LABEL_ONLY
Berserker,period:8e4979ebdc36578e98ba,2022-04-16 20:06:15+00:00,,,QUALIFIED_LABEL_ONLY
Berserker,period:9098ed2cd53d3e50498b,2022-06-25 20:09:54+00:00,,,QUALIFIED_LABEL_ONLY
Berserker,period:bd5d15bd6830501052ed,2022-07-02 20:14:47+00:00,,,QUALIFIED_LABEL_ONLY
Berserker,period:a1385753e89a22ad7415,2022-07-16 20:31:00+00:00,,,QUALIFIED_LABEL_ONLY
Berserker,period:d36d780bd6e08d095d27,2022-07-23 20:43:00+00:00,,,QUALIFIED_LABEL_ONLY
Berserker,period:ab4c55f2271a097a29e2,2022-07-30 20:03:25+00:00,,,QUALIFIED_LABEL_ONLY
Berserker,period:9310314000d1dccfe6ae,2022-08-06 20:08:43+00:00,,,QUALIFIED_LABEL_ONLY
Berserker,period:e268d0eb9109f8185a29,2022-08-12 20:55:46+00:00,,,QUALIFIED_LABEL_ONLY
Berserker,period:fcd21c282bb6eb984919,2022-08-20 19:32:26+00:00,,,QUALIFIED_LABEL_ONLY
Berserker,period:f6ad6d70568c5aa4ddb9,2022-08-25 19:37:29+00:00,,,QUALIFIED_LABEL_ONLY
Berserker,period:f14a4fb0f93da34e9201,2022-09-01 19:27:30+00:00,,,QUALIFIED_LABEL_ONLY
Berserker,period:f4e76c51fd962159c780,2022-09-10 19:07:58+00:00,,,QUALIFIED_LABEL_ONLY
Berserker,period:452655f2bc33b5b76085,2023-01-26 22:16:48+00:00,,,QUALIFIED_LABEL_ONLY
Berserker,period:9ad2bd3e76204c678ee3,2023-02-02 22:06:55+00:00,,,QUALIFIED_LABEL_ONLY
Berserker,period:5193f604ed2f15e301e1,2023-02-09 22:07:17+00:00,,,QUALIFIED_LABEL_ONLY
Berserker,period:2b3de7782bdf56dc82d0,2023-02-15 22:07:50+00:00,,,QUALIFIED_LABEL_ONLY
Berserker,period:36d3f31311f21e914d55,2023-02-23 22:06:52+00:00,,,QUALIFIED_LABEL_ONLY
Berserker,period:83278694723ba910058b,2023-03-02 22:08:20+00:00,,,QUALIFIED_LABEL_ONLY
Berserker,period:402a134be7abbe005149,2023-03-09 22:22:41+00:00,,,QUALIFIED_LABEL_ONLY
Berserker,period:8d9d5d3f36e034ced562,2023-03-15 21:07:53+00:00,,,QUALIFIED_LABEL_ONLY
Berserker,period:d990ac8b125022094901,2023-03-23 21:10:53+00:00,,,QUALIFIED_LABEL_ONLY
Berserker,period:d33d87118e30f5daa86a,2023-03-30 21:09:21+00:00,,,QUALIFIED_LABEL_ONLY
Berserker,period:f52e10acfa6d747a4c9d,2023-04-08 20:17:16+00:00,,,QUALIFIED_LABEL_ONLY
Berserker,period:3943367d2ce567a9fae3,2023-06-14 21:13:03+00:00,,,QUALIFIED_LABEL_ONLY
Berserker,period:f2ee99995367bf0fc030,2023-06-21 21:07:31+00:00,,,QUALIFIED_LABEL_ONLY
Berserker,period:c790283b449e6bb25672,2023-06-28 21:06:50+00:00,,,QUALIFIED_LABEL_ONLY
Berserker,period:ff185424af4133395119,2023-07-05 21:05:49+00:00,,,QUALIFIED_LABEL_ONLY
Berserker,period:36cf05276a8bbe55409a,2023-07-12 21:06:58+00:00,,,QUALIFIED_LABEL_ONLY
Berserker,period:dd1399a0cf2f56138daa,2023-07-19 21:07:18+00:00,,,QUALIFIED_LABEL_ONLY
Berserker,period:4520b87081b51698489a,2023-08-03 21:07:08+00:00,,,QUALIFIED_LABEL_ONLY
Berserker,period:a7fd1e72d2ba831ccc8d,2023-08-10 21:10:37+00:00,,,QUALIFIED_LABEL_ONLY
Berserker,period:c21bdc9dc5e7a7f7922d,2023-08-19 20:18:53+00:00,,,QUALIFIED_LABEL_ONLY
Berserker,period:27c11f42e65c97b901b8,2024-01-20 20:15:01+00:00,,,QUALIFIED_LABEL_ONLY
Berserker,period:ab546300266e49331659,2024-01-27 20:15:48+00:00,,,QUALIFIED_LABEL_ONLY
Berserker,period:f82eb58c594ccc349383,2024-02-02 21:12:22+00:00,,,QUALIFIED_LABEL_ONLY
Berserker,period:06566a2ea584fecf6c15,2024-02-10 21:07:54+00:00,,,QUALIFIED_LABEL_ONLY
Berserker,period:789a06731adc1e0c8798,2024-03-02 21:07:29+00:00,,,QUALIFIED_LABEL_ONLY
Berserker,period:a0f9da327c11cf3cc717,2024-03-08 21:07:46+00:00,,,QUALIFIED_LABEL_ONLY
Berserker,period:448a8f91622619afdbe7,2024-03-14 20:08:02+00:00,,,QUALIFIED_LABEL_ONLY
Berserker,period:18a8b98d7b5d7f0b7105,2024-03-22 20:08:04+00:00,,,QUALIFIED_LABEL_ONLY
Berserker,period:0c3bfca85acd014e625d,2024-03-30 20:22:30+00:00,,,QUALIFIED_LABEL_ONLY
Berserker,period:697d8a8453920f1ff1c8,2024-06-15 20:11:50+00:00,,,QUALIFIED_LABEL_ONLY
Berserker,period:ea10f8bb7f189dc4197a,2024-06-22 20:11:50+00:00,,,QUALIFIED_LABEL_ONLY
Berserker,period:fb51ebc6418ce68c46c6,2024-06-27 20:07:21+00:00,,,QUALIFIED_LABEL_ONLY
Berserker,period:0f3dd675ff7b55987f43,2024-07-20 20:10:15+00:00,,,QUALIFIED_LABEL_ONLY
Berserker,period:29c7eddc03e68fe96070,2024-07-27 20:09:19+00:00,,,QUALIFIED_LABEL_ONLY
Berserker,period:03ffd32cfddfafb63d73,2024-08-03 20:08:15+00:00,,,QUALIFIED_LABEL_ONLY
Berserker,period:cdd6b3ae49979eef3d9f,2024-08-10 20:07:50+00:00,,,QUALIFIED_LABEL_ONLY
Berserker,period:c0a1c4ffff2a32aacb10,2024-08-23 20:07:51+00:00,,,QUALIFIED_LABEL_ONLY
Berserker,period:3685f26c9338932445a9,2024-08-30 20:08:40+00:00,,,QUALIFIED_LABEL_ONLY
Berserker,period:28d589eedfce312e1ad3,2026-01-24 21:24:34+00:00,,,QUALIFIED_LABEL_ONLY
Berserker,period:6186b6ccaf2d592d540a,2026-01-26 00:04:23+00:00,,,QUALIFIED_LABEL_ONLY
Berserker,period:70fac0200d695853ccdc,2026-01-31 21:07:01+00:00,,,QUALIFIED_LABEL_ONLY
Berserker,period:b2e5a5987eefaa30eea2,2026-02-07 21:11:32+00:00,,,QUALIFIED_LABEL_ONLY
Berserker,period:d52af7b72997e89c8ea6,2026-02-20 21:09:00+00:00,,,QUALIFIED_LABEL_ONLY
Berserker,period:b628e8f047ec274b8698,2026-02-27 21:09:38+00:00,,,QUALIFIED_LABEL_ONLY
Berserker,period:f1fd6343903a0462322e,2026-03-02 00:22:41+00:00,,,QUALIFIED_LABEL_ONLY
Berserker,period:74efed7e4a28a304cc30,2026-04-04 20:17:46+00:00,,,QUALIFIED_LABEL_ONLY
Berserker,period:fc48b32f725285a09f66,2026-04-11 20:08:26+00:00,,,QUALIFIED_LABEL_ONLY
Berserker,period:9ad9f360f988761d91c1,2026-04-18 20:07:45+00:00,,,QUALIFIED_LABEL_ONLY
Berserker,period:b0a60cf2f3d3558f5e56,2026-04-25 20:09:02+00:00,,,QUALIFIED_LABEL_ONLY
Berserker,period:0a890f671f8ce6bbde59,2026-05-02 20:10:20+00:00,,,QUALIFIED_LABEL_ONLY
Berserker,period:bca1e648a46734294b57,2026-05-09 20:08:09+00:00,,,QUALIFIED_LABEL_ONLY
Berserker,period:1c76ac6866aa6a71a894,2026-05-16 20:08:36+00:00,,,QUALIFIED_LABEL_ONLY
Berserker,period:2ba54fbdb1ed8ce5723d,2026-05-23 20:10:31+00:00,,,QUALIFIED_LABEL_ONLY
Berserker,period:76aa7cb585d2505649ba,2026-06-06 20:09:49+00:00,,,QUALIFIED_LABEL_ONLY
Berserker,period:2a0b31a43b9b5e794a24,2026-06-13 20:14:55+00:00,,,QUALIFIED_LABEL_ONLY
Berserker,period:5afe139f56d9c0db8f2d,2026-07-25 20:13:30+00:00,,,QUALIFIED_LABEL_ONLY
Biofrost,period:01bed218199c5fc6a295,2020-01-25 21:37:53+00:00,,,QUALIFIED_LABEL_ONLY
Biofrost,period:18c306f73901eb8e548e,2020-02-01 21:36:35+00:00,,,QUALIFIED_LABEL_ONLY
Biofrost,period:bd2e80371da37619c695,2020-02-08 21:30:18+00:00,,,QUALIFIED_LABEL_ONLY
Biofrost,period:94dc307a169a4236f643,2020-02-15 21:33:19+00:00,,,QUALIFIED_LABEL_ONLY
Biofrost,period:90cc39f891e2dbcab3ef,2020-02-22 21:37:14+00:00,,,QUALIFIED_LABEL_ONLY
Biofrost,period:cb03c621696fc2e91764,2020-02-29 21:26:53+00:00,,,QUALIFIED_LABEL_ONLY
Biofrost,period:14606e5066005561df07,2020-03-07 21:40:12+00:00,,,QUALIFIED_LABEL_ONLY
Biofrost,period:b2e2840d56c789b5030c,2020-03-21 20:18:48+00:00,,,QUALIFIED_LABEL_ONLY
Biofrost,period:666de7dcc2eb91211639,2020-03-28 20:29:42+00:00,,,QUALIFIED_LABEL_ONLY
Biofrost,period:5a2658b56ec5d5c6a04d,2020-04-04 19:44:42+00:00,,,QUALIFIED_LABEL_ONLY
Biofrost,period:1970df0ebd4246c6ea3b,2020-06-13 00:40:51+00:00,,,QUALIFIED_LABEL_ONLY
Biofrost,period:3968b01a861a52d381a8,2020-06-20 00:31:26+00:00,,,QUALIFIED_LABEL_ONLY
Biofrost,period:642a5bb7deff76d164b5,2020-06-27 00:39:52+00:00,,,QUALIFIED_LABEL_ONLY
Biofrost,period:7813fa8e90f59320de07,2020-07-04 00:21:06+00:00,,,QUALIFIED_LABEL_ONLY
Biofrost,period:1e2c5a7144cf9a8bc308,2020-07-11 00:50:27+00:00,,,QUALIFIED_LABEL_ONLY
Biofrost,period:38cb400566e2a3aee1c8,2020-08-20 19:31:44+00:00,,,QUALIFIED_LABEL_ONLY
Biofrost,period:53a986e97c4e64053db8,2020-08-29 19:32:38+00:00,,,QUALIFIED_LABEL_ONLY
Biofrost,period:c131bd9da535908c94f0,2020-09-05 19:31:41+00:00,,,QUALIFIED_LABEL_ONLY
Biofrost,period:3921ed3cc984afb56c50,2022-01-14 21:26:31+00:00,,,QUALIFIED_LABEL_ONLY
Biofrost,period:ea5caa919fbd4b75da18,2022-01-21 21:45:47+00:00,,,QUALIFIED_LABEL_ONLY
Biofrost,period:3b01aa4d9786587a33b3,2022-01-28 21:53:04+00:00,,,QUALIFIED_LABEL_ONLY
Biofrost,period:5a26c3b6318c7b633520,2022-02-05 20:33:18+00:00,,,QUALIFIED_LABEL_ONLY
Biofrost,period:44168f74464b99791ba3,2022-02-12 20:53:38+00:00,,,QUALIFIED_LABEL_ONLY
Biofrost,period:466f661effb9208a840b,2022-02-19 20:54:27+00:00,,,QUALIFIED_LABEL_ONLY
Biofrost,period:4138ca482beb4344e9ad,2022-02-25 22:37:00+00:00,,,QUALIFIED_LABEL_ONLY
Biofrost,period:7a928b9ecc895d38667e,2022-03-05 21:01:58+00:00,,,QUALIFIED_LABEL_ONLY
Biofrost,period:bfbcb255cff7d2c3894f,2022-03-12 21:07:29+00:00,,,QUALIFIED_LABEL_ONLY
Biofrost,period:9a704a25f780f56ebe1b,2022-03-19 19:32:42+00:00,,,QUALIFIED_LABEL_ONLY
Biofrost,period:2543e9e0dda5edca0977,2022-03-25 20:43:57+00:00,,,QUALIFIED_LABEL_ONLY
Biofrost,period:4c81af754b6b135da741,2022-06-17 21:46:00+00:00,,,QUALIFIED_LABEL_ONLY
Biofrost,period:9098ed2cd53d3e50498b,2022-06-25 20:09:54+00:00,,,QUALIFIED_LABEL_ONLY
Biofrost,period:bd5d15bd6830501052ed,2022-07-02 20:14:47+00:00,,,QUALIFIED_LABEL_ONLY
Biofrost,period:a1385753e89a22ad7415,2022-07-16 20:31:00+00:00,,,QUALIFIED_LABEL_ONLY
Biofrost,period:d36d780bd6e08d095d27,2022-07-23 20:43:00+00:00,,,QUALIFIED_LABEL_ONLY
Biofrost,period:ab4c55f2271a097a29e2,2022-07-30 20:03:25+00:00,,,QUALIFIED_LABEL_ONLY
Biofrost,period:9310314000d1dccfe6ae,2022-08-06 20:08:43+00:00,,,QUALIFIED_LABEL_ONLY
Biofrost,period:e268d0eb9109f8185a29,2022-08-12 20:55:46+00:00,,,QUALIFIED_LABEL_ONLY
Biofrost,period:452655f2bc33b5b76085,2023-01-26 22:16:48+00:00,,,QUALIFIED_LABEL_ONLY
Biofrost,period:9ad2bd3e76204c678ee3,2023-02-02 22:06:55+00:00,,,QUALIFIED_LABEL_ONLY
Biofrost,period:5193f604ed2f15e301e1,2023-02-09 22:07:17+00:00,,,QUALIFIED_LABEL_ONLY
Bjergsen,period:01bed218199c5fc6a295,2020-01-25 21:37:53+00:00,,,QUALIFIED_LABEL_ONLY
Bjergsen,period:18c306f73901eb8e548e,2020-02-01 21:36:35+00:00,,,QUALIFIED_LABEL_ONLY
Bjergsen,period:bd2e80371da37619c695,2020-02-08 21:30:18+00:00,,,QUALIFIED_LABEL_ONLY
Bjergsen,period:94dc307a169a4236f643,2020-02-15 21:33:19+00:00,,,QUALIFIED_LABEL_ONLY
Bjergsen,period:90cc39f891e2dbcab3ef,2020-02-22 21:37:14+00:00,,,QUALIFIED_LABEL_ONLY
Bjergsen,period:cb03c621696fc2e91764,2020-02-29 21:26:53+00:00,,,QUALIFIED_LABEL_ONLY
Bjergsen,period:14606e5066005561df07,2020-03-07 21:40:12+00:00,,,QUALIFIED_LABEL_ONLY
Bjergsen,period:b2e2840d56c789b5030c,2020-03-21 20:18:48+00:00,,,QUALIFIED_LABEL_ONLY
Bjergsen,period:666de7dcc2eb91211639,2020-03-28 20:29:42+00:00,,,QUALIFIED_LABEL_ONLY
Bjergsen,period:5a2658b56ec5d5c6a04d,2020-04-04 19:44:42+00:00,,,QUALIFIED_LABEL_ONLY
Bjergsen,period:1970df0ebd4246c6ea3b,2020-06-13 00:40:51+00:00,,,QUALIFIED_LABEL_ONLY
Bjergsen,period:3968b01a861a52d381a8,2020-06-20 00:31:26+00:00,,,QUALIFIED_LABEL_ONLY
Bjergsen,period:642a5bb7deff76d164b5,2020-06-27 00:39:52+00:00,,,QUALIFIED_LABEL_ONLY
Bjergsen,period:7813fa8e90f59320de07,2020-07-04 00:21:06+00:00,,,QUALIFIED_LABEL_ONLY
Bjergsen,period:1e2c5a7144cf9a8bc308,2020-07-11 00:50:27+00:00,,,QUALIFIED_LABEL_ONLY
Bjergsen,period:2d69b4a154591d5cca77,2020-07-18 00:30:49+00:00,,,QUALIFIED_LABEL_ONLY
Bjergsen,period:fe3df3b5886d9a4a5234,2020-07-25 00:38:07+00:00,,,QUALIFIED_LABEL_ONLY
Bjergsen,period:3e89f4975798019beec8,2020-08-01 00:35:44+00:00,,,QUALIFIED_LABEL_ONLY
Bjergsen,period:9cfbd3e5ecdd20626eed,2020-08-08 00:43:41+00:00,,,QUALIFIED_LABEL_ONLY
Bjergsen,period:0836494c11a0b381c084,2020-08-13 19:38:23+00:00,,,QUALIFIED_LABEL_ONLY
Bjergsen,period:38cb400566e2a3aee1c8,2020-08-20 19:31:44+00:00,,,QUALIFIED_LABEL_ONLY
Bjergsen,period:53a986e97c4e64053db8,2020-08-29 19:32:38+00:00,,,QUALIFIED_LABEL_ONLY
Bjergsen,period:c131bd9da535908c94f0,2020-09-05 19:31:41+00:00,,,QUALIFIED_LABEL_ONLY
Bjergsen,period:3921ed3cc984afb56c50,2022-01-14 21:26:31+00:00,,,QUALIFIED_LABEL_ONLY
Bjergsen,period:ea5caa919fbd4b75da18,2022-01-21 21:45:47+00:00,,,QUALIFIED_LABEL_ONLY
Bjergsen,period:3b01aa4d9786587a33b3,2022-01-28 21:53:04+00:00,,,QUALIFIED_LABEL_ONLY
Bjergsen,period:5a26c3b6318c7b633520,2022-02-05 20:33:18+00:00,,,QUALIFIED_LABEL_ONLY
Bjergsen,period:44168f74464b99791ba3,2022-02-12 20:53:38+00:00,,,QUALIFIED_LABEL_ONLY
Bjergsen,period:466f661effb9208a840b,2022-02-19 20:54:27+00:00,,,QUALIFIED_LABEL_ONLY
Bjergsen,period:4138ca482beb4344e9ad,2022-02-25 22:37:00+00:00,,,QUALIFIED_LABEL_ONLY
Bjergsen,period:7a928b9ecc895d38667e,2022-03-05 21:01:58+00:00,,,QUALIFIED_LABEL_ONLY
Bjergsen,period:bfbcb255cff7d2c3894f,2022-03-12 21:07:29+00:00,,,QUALIFIED_LABEL_ONLY
Bjergsen,period:9a704a25f780f56ebe1b,2022-03-19 19:32:42+00:00,,,QUALIFIED_LABEL_ONLY
Bjergsen,period:2543e9e0dda5edca0977,2022-03-25 20:43:57+00:00,,,QUALIFIED_LABEL_ONLY
Bjergsen,period:95c58b937c0fcc3e92b9,2022-04-02 20:00:26+00:00,,,QUALIFIED_LABEL_ONLY
Bjergsen,period:8e4979ebdc36578e98ba,2022-04-16 20:06:15+00:00,,,QUALIFIED_LABEL_ONLY
Bjergsen,period:8036ed58940a8d2ab607,2022-04-23 18:36:24+00:00,,,QUALIFIED_LABEL_ONLY
Bjergsen,period:4c81af754b6b135da741,2022-06-17 21:46:00+00:00,,,QUALIFIED_LABEL_ONLY
Bjergsen,period:9098ed2cd53d3e50498b,2022-06-25 20:09:54+00:00,,,QUALIFIED_LABEL_ONLY
Bjergsen,period:bd5d15bd6830501052ed,2022-07-02 20:14:47+00:00,,,QUALIFIED_LABEL_ONLY
Bjergsen,period:a1385753e89a22ad7415,2022-07-16 20:31:00+00:00,,,QUALIFIED_LABEL_ONLY
Bjergsen,period:d36d780bd6e08d095d27,2022-07-23 20:43:00+00:00,,,QUALIFIED_LABEL_ONLY
Bjergsen,period:ab4c55f2271a097a29e2,2022-07-30 20:03:25+00:00,,,QUALIFIED_LABEL_ONLY
Bjergsen,period:9310314000d1dccfe6ae,2022-08-06 20:08:43+00:00,,,QUALIFIED_LABEL_ONLY
Bjergsen,period:e268d0eb9109f8185a29,2022-08-12 20:55:46+00:00,,,QUALIFIED_LABEL_ONLY
Bjergsen,period:fcd21c282bb6eb984919,2022-08-20 19:32:26+00:00,,,QUALIFIED_LABEL_ONLY
Bjergsen,period:f6ad6d70568c5aa4ddb9,2022-08-25 19:37:29+00:00,,,QUALIFIED_LABEL_ONLY
Bjergsen,period:f14a4fb0f93da34e9201,2022-09-01 19:27:30+00:00,,,QUALIFIED_LABEL_ONLY
Bjergsen,period:452655f2bc33b5b76085,2023-01-26 22:16:48+00:00,,,QUALIFIED_LABEL_ONLY
Bjergsen,period:9ad2bd3e76204c678ee3,2023-02-02 22:06:55+00:00,,,QUALIFIED_LABEL_ONLY
Bjergsen,period:5193f604ed2f15e301e1,2023-02-09 22:07:17+00:00,,,QUALIFIED_LABEL_ONLY
Bjergsen,period:2b3de7782bdf56dc82d0,2023-02-15 22:07:50+00:00,,,QUALIFIED_LABEL_ONLY
Bjergsen,period:36d3f31311f21e914d55,2023-02-23 22:06:52+00:00,,,QUALIFIED_LABEL_ONLY
Bjergsen,period:83278694723ba910058b,2023-03-02 22:08:20+00:00,,,QUALIFIED_LABEL_ONLY
Bjergsen,period:402a134be7abbe005149,2023-03-09 22:22:41+00:00,,,QUALIFIED_LABEL_ONLY
Bjergsen,period:8d9d5d3f36e034ced562,2023-03-15 21:07:53+00:00,,,QUALIFIED_LABEL_ONLY
Bjergsen,period:d990ac8b125022094901,2023-03-23 21:10:53+00:00,,,QUALIFIED_LABEL_ONLY
Blaber,period:01bed218199c5fc6a295,2020-01-25 21:37:53+00:00,,,QUALIFIED_LABEL_ONLY
Blaber,period:18c306f73901eb8e548e,2020-02-01 21:36:35+00:00,,,QUALIFIED_LABEL_ONLY
Blaber,period:bd2e80371da37619c695,2020-02-08 21:30:18+00:00,,,QUALIFIED_LABEL_ONLY
Blaber,period:94dc307a169a4236f643,2020-02-15 21:33:19+00:00,,,QUALIFIED_LABEL_ONLY
Blaber,period:90cc39f891e2dbcab3ef,2020-02-22 21:37:14+00:00,,,QUALIFIED_LABEL_ONLY
Blaber,period:cb03c621696fc2e91764,2020-02-29 21:26:53+00:00,,,QUALIFIED_LABEL_ONLY
Blaber,period:14606e5066005561df07,2020-03-07 21:40:12+00:00,,,QUALIFIED_LABEL_ONLY
Blaber,period:b2e2840d56c789b5030c,2020-03-21 20:18:48+00:00,,,QUALIFIED_LABEL_ONLY
Blaber,period:666de7dcc2eb91211639,2020-03-28 20:29:42+00:00,,,QUALIFIED_LABEL_ONLY
Blaber,period:5a2658b56ec5d5c6a04d,2020-04-04 19:44:42+00:00,,,QUALIFIED_LABEL_ONLY
Blaber,period:be73ead0e53874776373,2020-04-18 19:37:34+00:00,,,QUALIFIED_LABEL_ONLY
Blaber,period:1970df0ebd4246c6ea3b,2020-06-13 00:40:51+00:00,,,QUALIFIED_LABEL_ONLY
Blaber,period:3968b01a861a52d381a8,2020-06-20 00:31:26+00:00,,,QUALIFIED_LABEL_ONLY
Blaber,period:642a5bb7deff76d164b5,2020-06-27 00:39:52+00:00,,,QUALIFIED_LABEL_ONLY
Blaber,period:7813fa8e90f59320de07,2020-07-04 00:21:06+00:00,,,QUALIFIED_LABEL_ONLY
Blaber,period:1e2c5a7144cf9a8bc308,2020-07-11 00:50:27+00:00,,,QUALIFIED_LABEL_ONLY
Blaber,period:2d69b4a154591d5cca77,2020-07-18 00:30:49+00:00,,,QUALIFIED_LABEL_ONLY
Blaber,period:fe3df3b5886d9a4a5234,2020-07-25 00:38:07+00:00,,,QUALIFIED_LABEL_ONLY
Blaber,period:3e89f4975798019beec8,2020-08-01 00:35:44+00:00,,,QUALIFIED_LABEL_ONLY
Blaber,period:9cfbd3e5ecdd20626eed,2020-08-08 00:43:41+00:00,,,QUALIFIED_LABEL_ONLY
Blaber,period:38cb400566e2a3aee1c8,2020-08-20 19:31:44+00:00,,,QUALIFIED_LABEL_ONLY
Blaber,period:53a986e97c4e64053db8,2020-08-29 19:32:38+00:00,,,QUALIFIED_LABEL_ONLY
Blaber,period:fcb777e33a04482e7bfb,2021-01-15 23:10:17+00:00,,,QUALIFIED_LABEL_ONLY
Blaber,period:2e302fc7c4bd7a4b3864,2021-01-22 22:29:56+00:00,,,QUALIFIED_LABEL_ONLY
Blaber,period:9b9f3f2ec839feb3a947,2021-01-29 22:28:31+00:00,,,QUALIFIED_LABEL_ONLY
Blaber,period:7c66db573c65177b96bf,2021-02-05 22:24:44+00:00,,,QUALIFIED_LABEL_ONLY
Blaber,period:19d1212ec047ea2c2e1c,2021-02-12 22:29:59+00:00,,,QUALIFIED_LABEL_ONLY
Blaber,period:577ed5ecd652eb981e79,2021-02-19 22:21:31+00:00,,,QUALIFIED_LABEL_ONLY
Blaber,period:3482fd65afd711052651,2021-02-26 22:23:25+00:00,,,QUALIFIED_LABEL_ONLY
Blaber,period:433079f36e14953ffe3e,2021-03-05 22:15:28+00:00,,,QUALIFIED_LABEL_ONLY
Blaber,period:2eea81e5fabdc42a729f,2021-03-12 22:24:45+00:00,,,QUALIFIED_LABEL_ONLY
Blaber,period:4a6e60b4d46361a99310,2021-03-20 19:21:03+00:00,,,QUALIFIED_LABEL_ONLY
Blaber,period:8e2682918e14580d212b,2021-04-03 19:17:31+00:00,,,QUALIFIED_LABEL_ONLY
Blaber,period:759dd00fd0d693b754cc,2021-04-10 19:41:22+00:00,,,QUALIFIED_LABEL_ONLY
Blaber,period:debddf61a872640eadfb,2021-06-04 22:02:02+00:00,,,QUALIFIED_LABEL_ONLY
Blaber,period:24ddb9953986c3386cb5,2021-06-11 21:37:50+00:00,,,QUALIFIED_LABEL_ONLY
Blaber,period:111e9dfa6ccd70cbab3b,2021-06-18 21:02:38+00:00,,,QUALIFIED_LABEL_ONLY
Blaber,period:32c02d32a3c87111d752,2021-06-25 21:33:16+00:00,,,QUALIFIED_LABEL_ONLY
Blaber,period:4f8f85e36ba842416702,2021-07-02 21:10:28+00:00,,,QUALIFIED_LABEL_ONLY
Blaber,period:490dcd8b072f0c76bfcd,2021-07-09 21:35:31+00:00,,,QUALIFIED_LABEL_ONLY
Blaber,period:5ede35b384e34b4e7cf7,2021-07-16 21:20:22+00:00,,,QUALIFIED_LABEL_ONLY
Blaber,period:5befa75590802ab7de54,2021-07-23 20:58:06+00:00,,,QUALIFIED_LABEL_ONLY
Blaber,period:afb91f11a5c9c66cc35b,2021-07-30 21:12:55+00:00,,,QUALIFIED_LABEL_ONLY
Blaber,period:a8f8fd7e2f96bbacb87c,2021-08-07 20:23:28+00:00,,,QUALIFIED_LABEL_ONLY
Blaber,period:3951db25bbaff1ec59cd,2021-08-12 21:13:39+00:00,,,QUALIFIED_LABEL_ONLY
Blaber,period:7c5e83ab4c6a7ca8c86a,2021-08-19 21:11:40+00:00,,,QUALIFIED_LABEL_ONLY
Blaber,period:dbb9ba645ae8a19c6555,2021-08-28 19:41:05+00:00,,,QUALIFIED_LABEL_ONLY
Blaber,period:3921ed3cc984afb56c50,2022-01-14 21:26:31+00:00,,,QUALIFIED_LABEL_ONLY
Blaber,period:ea5caa919fbd4b75da18,2022-01-21 21:45:47+00:00,,,QUALIFIED_LABEL_ONLY
Blaber,period:3b01aa4d9786587a33b3,2022-01-28 21:53:04+00:00,,,QUALIFIED_LABEL_ONLY
Blaber,period:5a26c3b6318c7b633520,2022-02-05 20:33:18+00:00,,,QUALIFIED_LABEL_ONLY
Blaber,period:44168f74464b99791ba3,2022-02-12 20:53:38+00:00,,,QUALIFIED_LABEL_ONLY
Blaber,period:466f661effb9208a840b,2022-02-19 20:54:27+00:00,,,QUALIFIED_LABEL_ONLY
Blaber,period:4138ca482beb4344e9ad,2022-02-25 22:37:00+00:00,,,QUALIFIED_LABEL_ONLY
Blaber,period:7a928b9ecc895d38667e,2022-03-05 21:01:58+00:00,,,QUALIFIED_LABEL_ONLY
Blaber,period:bfbcb255cff7d2c3894f,2022-03-12 21:07:29+00:00,,,QUALIFIED_LABEL_ONLY
Blaber,period:9a704a25f780f56ebe1b,2022-03-19 19:32:42+00:00,,,QUALIFIED_LABEL_ONLY
Blaber,period:2543e9e0dda5edca0977,2022-03-25 20:43:57+00:00,,,QUALIFIED_LABEL_ONLY
Blaber,period:95c58b937c0fcc3e92b9,2022-04-02 20:00:26+00:00,,,QUALIFIED_LABEL_ONLY
Blaber,period:feb156c0b7ef67e8a92a,2022-04-09 20:43:33+00:00,,,QUALIFIED_LABEL_ONLY
Blaber,period:8e4979ebdc36578e98ba,2022-04-16 20:06:15+00:00,,,QUALIFIED_LABEL_ONLY
Blaber,period:4c81af754b6b135da741,2022-06-17 21:46:00+00:00,,,QUALIFIED_LABEL_ONLY
Blaber,period:9098ed2cd53d3e50498b,2022-06-25 20:09:54+00:00,,,QUALIFIED_LABEL_ONLY
Blaber,period:bd5d15bd6830501052ed,2022-07-02 20:14:47+00:00,,,QUALIFIED_LABEL_ONLY
Blaber,period:a1385753e89a22ad7415,2022-07-16 20:31:00+00:00,,,QUALIFIED_LABEL_ONLY
Blaber,period:d36d780bd6e08d095d27,2022-07-23 20:43:00+00:00,,,QUALIFIED_LABEL_ONLY
Blaber,period:ab4c55f2271a097a29e2,2022-07-30 20:03:25+00:00,,,QUALIFIED_LABEL_ONLY
Blaber,period:9310314000d1dccfe6ae,2022-08-06 20:08:43+00:00,,,QUALIFIED_LABEL_ONLY
Blaber,period:e268d0eb9109f8185a29,2022-08-12 20:55:46+00:00,,,QUALIFIED_LABEL_ONLY
Blaber,period:fcd21c282bb6eb984919,2022-08-20 19:32:26+00:00,,,QUALIFIED_LABEL_ONLY
Blaber,period:f6ad6d70568c5aa4ddb9,2022-08-25 19:37:29+00:00,,,QUALIFIED_LABEL_ONLY
Blaber,period:f14a4fb0f93da34e9201,2022-09-01 19:27:30+00:00,,,QUALIFIED_LABEL_ONLY
Blaber,period:f4e76c51fd962159c780,2022-09-10 19:07:58+00:00,,,QUALIFIED_LABEL_ONLY
Blaber,period:452655f2bc33b5b76085,2023-01-26 22:16:48+00:00,,,QUALIFIED_LABEL_ONLY
Blaber,period:9ad2bd3e76204c678ee3,2023-02-02 22:06:55+00:00,,,QUALIFIED_LABEL_ONLY
Blaber,period:5193f604ed2f15e301e1,2023-02-09 22:07:17+00:00,,,QUALIFIED_LABEL_ONLY
Blaber,period:2b3de7782bdf56dc82d0,2023-02-15 22:07:50+00:00,,,QUALIFIED_LABEL_ONLY
Blaber,period:36d3f31311f21e914d55,2023-02-23 22:06:52+00:00,,,QUALIFIED_LABEL_ONLY
Blaber,period:83278694723ba910058b,2023-03-02 22:08:20+00:00,,,QUALIFIED_LABEL_ONLY
Blaber,period:402a134be7abbe005149,2023-03-09 22:22:41+00:00,,,QUALIFIED_LABEL_ONLY
Blaber,period:8d9d5d3f36e034ced562,2023-03-15 21:07:53+00:00,,,QUALIFIED_LABEL_ONLY
Blaber,period:d990ac8b125022094901,2023-03-23 21:10:53+00:00,,,QUALIFIED_LABEL_ONLY
Blaber,period:d33d87118e30f5daa86a,2023-03-30 21:09:21+00:00,,,QUALIFIED_LABEL_ONLY
Blaber,period:f52e10acfa6d747a4c9d,2023-04-08 20:17:16+00:00,,,QUALIFIED_LABEL_ONLY
Blaber,period:3943367d2ce567a9fae3,2023-06-14 21:13:03+00:00,,,QUALIFIED_LABEL_ONLY
Blaber,period:f2ee99995367bf0fc030,2023-06-21 21:07:31+00:00,,,QUALIFIED_LABEL_ONLY
Blaber,period:c790283b449e6bb25672,2023-06-28 21:06:50+00:00,,,QUALIFIED_LABEL_ONLY
Blaber,period:ff185424af4133395119,2023-07-05 21:05:49+00:00,,,QUALIFIED_LABEL_ONLY
Blaber,period:36cf05276a8bbe55409a,2023-07-12 21:06:58+00:00,,,QUALIFIED_LABEL_ONLY
Blaber,period:dd1399a0cf2f56138daa,2023-07-19 21:07:18+00:00,,,QUALIFIED_LABEL_ONLY
Blaber,period:4520b87081b51698489a,2023-08-03 21:07:08+00:00,,,QUALIFIED_LABEL_ONLY
Blaber,period:a7fd1e72d2ba831ccc8d,2023-08-10 21:10:37+00:00,,,QUALIFIED_LABEL_ONLY
Blaber,period:c21bdc9dc5e7a7f7922d,2023-08-19 20:18:53+00:00,,,QUALIFIED_LABEL_ONLY
Blaber,period:27c11f42e65c97b901b8,2024-01-20 20:15:01+00:00,,,QUALIFIED_LABEL_ONLY
Blaber,period:ab546300266e49331659,2024-01-27 20:15:48+00:00,,,QUALIFIED_LABEL_ONLY
Blaber,period:f82eb58c594ccc349383,2024-02-02 21:12:22+00:00,,,QUALIFIED_LABEL_ONLY
Blaber,period:06566a2ea584fecf6c15,2024-02-10 21:07:54+00:00,,,QUALIFIED_LABEL_ONLY
Blaber,period:789a06731adc1e0c8798,2024-03-02 21:07:29+00:00,,,QUALIFIED_LABEL_ONLY
Blaber,period:a0f9da327c11cf3cc717,2024-03-08 21:07:46+00:00,,,QUALIFIED_LABEL_ONLY
Blaber,period:448a8f91622619afdbe7,2024-03-14 20:08:02+00:00,,,QUALIFIED_LABEL_ONLY
Blaber,period:18a8b98d7b5d7f0b7105,2024-03-22 20:08:04+00:00,,,QUALIFIED_LABEL_ONLY
Blaber,period:0c3bfca85acd014e625d,2024-03-30 20:22:30+00:00,,,QUALIFIED_LABEL_ONLY
Blaber,period:697d8a8453920f1ff1c8,2024-06-15 20:11:50+00:00,,,QUALIFIED_LABEL_ONLY
Blaber,period:ea10f8bb7f189dc4197a,2024-06-22 20:11:50+00:00,,,QUALIFIED_LABEL_ONLY
Blaber,period:fb51ebc6418ce68c46c6,2024-06-27 20:07:21+00:00,,,QUALIFIED_LABEL_ONLY
Blaber,period:0f3dd675ff7b55987f43,2024-07-20 20:10:15+00:00,,,QUALIFIED_LABEL_ONLY
Blaber,period:29c7eddc03e68fe96070,2024-07-27 20:09:19+00:00,,,QUALIFIED_LABEL_ONLY
Blaber,period:03ffd32cfddfafb63d73,2024-08-03 20:08:15+00:00,,,QUALIFIED_LABEL_ONLY
Blaber,period:cdd6b3ae49979eef3d9f,2024-08-10 20:07:50+00:00,,,QUALIFIED_LABEL_ONLY
Blaber,period:c0a1c4ffff2a32aacb10,2024-08-23 20:07:51+00:00,,,QUALIFIED_LABEL_ONLY
Blaber,period:3685f26c9338932445a9,2024-08-30 20:08:40+00:00,,,QUALIFIED_LABEL_ONLY
Blaber,period:ee078790277fa6a5a0ce,2025-01-25 21:14:31+00:00,,,QUALIFIED_LABEL_ONLY
Blaber,period:b08144b94745feadc04c,2025-02-01 21:06:58+00:00,,,QUALIFIED_LABEL_ONLY
Blaber,period:5a5260defef5072643d0,2025-04-05 20:14:15+00:00,,,QUALIFIED_LABEL_ONLY
Blaber,period:fb622d9f67b0d1bacd81,2025-04-12 20:06:56+00:00,,,QUALIFIED_LABEL_ONLY
Blaber,period:ab17bbbf5d12cdddc770,2025-04-19 20:08:34+00:00,,,QUALIFIED_LABEL_ONLY
Blaber,period:0bd7b62868a6e6fa9a6d,2025-04-26 20:08:33+00:00,,,QUALIFIED_LABEL_ONLY
Blaber,period:f91ca0f544586fb72c4d,2025-05-03 20:08:26+00:00,,,QUALIFIED_LABEL_ONLY
Blaber,period:92eb584d41521b4a115a,2025-05-10 20:09:23+00:00,,,QUALIFIED_LABEL_ONLY
Blaber,period:42a66f8e41011df34073,2025-05-17 20:08:05+00:00,,,QUALIFIED_LABEL_ONLY
Blaber,period:769a792cb95be4e074fc,2025-05-24 20:07:34+00:00,,,QUALIFIED_LABEL_ONLY
Blaber,period:b6b241bcd2df026a0c10,2025-06-07 20:06:56+00:00,,,QUALIFIED_LABEL_ONLY
Blaber,period:780234292186bbac5f9e,2025-06-14 20:12:24+00:00,,,QUALIFIED_LABEL_ONLY
Blaber,period:f92170f131413923b84c,2025-07-26 20:10:23+00:00,,,QUALIFIED_LABEL_ONLY
Blaber,period:c7231b512ce5dfec31cf,2025-08-02 20:08:18+00:00,,,QUALIFIED_LABEL_ONLY
Blaber,period:c139a580fc7ad181ea33,2025-08-09 20:06:58+00:00,,,QUALIFIED_LABEL_ONLY
Blaber,period:9d2506f6d55754824303,2025-08-16 20:06:27+00:00,,,QUALIFIED_LABEL_ONLY
Blaber,period:1ffa4e947c2611f80c97,2025-08-29 20:06:10+00:00,,,QUALIFIED_LABEL_ONLY
Blaber,period:717827b0ee213b1efab1,2025-09-05 20:05:46+00:00,,,QUALIFIED_LABEL_ONLY
Blaber,period:28d589eedfce312e1ad3,2026-01-24 21:24:34+00:00,,,QUALIFIED_LABEL_ONLY
Blaber,period:70fac0200d695853ccdc,2026-01-31 21:07:01+00:00,,,QUALIFIED_LABEL_ONLY
Blaber,period:b2e5a5987eefaa30eea2,2026-02-07 21:11:32+00:00,,,QUALIFIED_LABEL_ONLY
Blaber,period:9c6a0a6efb8480316e54,2026-02-09 00:51:15+00:00,,,QUALIFIED_LABEL_ONLY
Blaber,period:0433ceb2175e1870c17a,2026-02-14 21:11:50+00:00,,,QUALIFIED_LABEL_ONLY
Blaber,period:d52af7b72997e89c8ea6,2026-02-20 21:09:00+00:00,,,QUALIFIED_LABEL_ONLY
Blaber,period:b628e8f047ec274b8698,2026-02-27 21:09:38+00:00,,,QUALIFIED_LABEL_ONLY
Blaber,period:f1fd6343903a0462322e,2026-03-02 00:22:41+00:00,,,QUALIFIED_LABEL_ONLY
Blaber,period:74efed7e4a28a304cc30,2026-04-04 20:17:46+00:00,,,QUALIFIED_LABEL_ONLY
Blaber,period:fc48b32f725285a09f66,2026-04-11 20:08:26+00:00,,,QUALIFIED_LABEL_ONLY
Blaber,period:9ad9f360f988761d91c1,2026-04-18 20:07:45+00:00,,,QUALIFIED_LABEL_ONLY
Blaber,period:b0a60cf2f3d3558f5e56,2026-04-25 20:09:02+00:00,,,QUALIFIED_LABEL_ONLY
Blaber,period:0a890f671f8ce6bbde59,2026-05-02 20:10:20+00:00,,,QUALIFIED_LABEL_ONLY
Blaber,period:bca1e648a46734294b57,2026-05-09 20:08:09+00:00,,,QUALIFIED_LABEL_ONLY
Blaber,period:1c76ac6866aa6a71a894,2026-05-16 20:08:36+00:00,,,QUALIFIED_LABEL_ONLY
Blaber,period:2ba54fbdb1ed8ce5723d,2026-05-23 20:10:31+00:00,,,QUALIFIED_LABEL_ONLY
Blaber,period:76aa7cb585d2505649ba,2026-06-06 20:09:49+00:00,,,QUALIFIED_LABEL_ONLY
Blaber,period:2a0b31a43b9b5e794a24,2026-06-13 20:14:55+00:00,,,QUALIFIED_LABEL_ONLY
Blaber,period:5afe139f56d9c0db8f2d,2026-07-25 20:13:30+00:00,,,QUALIFIED_LABEL_ONLY
Blue,period:3921ed3cc984afb56c50,2022-01-14 21:26:31+00:00,,,QUALIFIED_LABEL_ONLY
Blue,period:ea5caa919fbd4b75da18,2022-01-21 21:45:47+00:00,,,QUALIFIED_LABEL_ONLY
Blue,period:3b01aa4d9786587a33b3,2022-01-28 21:53:04+00:00,,,QUALIFIED_LABEL_ONLY
Blue,period:5a26c3b6318c7b633520,2022-02-05 20:33:18+00:00,,,QUALIFIED_LABEL_ONLY
Blue,period:44168f74464b99791ba3,2022-02-12 20:53:38+00:00,,,QUALIFIED_LABEL_ONLY
Blue,period:466f661effb9208a840b,2022-02-19 20:54:27+00:00,,,QUALIFIED_LABEL_ONLY
Blue,period:4138ca482beb4344e9ad,2022-02-25 22:37:00+00:00,,,QUALIFIED_LABEL_ONLY
Blue,period:7a928b9ecc895d38667e,2022-03-05 21:01:58+00:00,,,QUALIFIED_LABEL_ONLY
Blue,period:bfbcb255cff7d2c3894f,2022-03-12 21:07:29+00:00,,,QUALIFIED_LABEL_ONLY
Blue,period:9a704a25f780f56ebe1b,2022-03-19 19:32:42+00:00,,,QUALIFIED_LABEL_ONLY
Blue,period:2543e9e0dda5edca0977,2022-03-25 20:43:57+00:00,,,QUALIFIED_LABEL_ONLY
Blue,period:4c81af754b6b135da741,2022-06-17 21:46:00+00:00,,,QUALIFIED_LABEL_ONLY
Blue,period:9098ed2cd53d3e50498b,2022-06-25 20:09:54+00:00,,,QUALIFIED_LABEL_ONLY
Blue,period:bd5d15bd6830501052ed,2022-07-02 20:14:47+00:00,,,QUALIFIED_LABEL_ONLY
Blue,period:a1385753e89a22ad7415,2022-07-16 20:31:00+00:00,,,QUALIFIED_LABEL_ONLY
Blue,period:d36d780bd6e08d095d27,2022-07-23 20:43:00+00:00,,,QUALIFIED_LABEL_ONLY
Blue,period:ab4c55f2271a097a29e2,2022-07-30 20:03:25+00:00,,,QUALIFIED_LABEL_ONLY
Blue,period:9310314000d1dccfe6ae,2022-08-06 20:08:43+00:00,,,QUALIFIED_LABEL_ONLY
Blue,period:e268d0eb9109f8185a29,2022-08-12 20:55:46+00:00,,,QUALIFIED_LABEL_ONLY
Bolulu,period:83278694723ba910058b,2023-03-02 22:08:20+00:00,,,QUALIFIED_LABEL_ONLY
Bolulu,period:402a134be7abbe005149,2023-03-09 22:22:41+00:00,,,QUALIFIED_LABEL_ONLY
Bolulu,period:8d9d5d3f36e034ced562,2023-03-15 21:07:53+00:00,,,QUALIFIED_LABEL_ONLY
Bolulu,period:3943367d2ce567a9fae3,2023-06-14 21:13:03+00:00,,,QUALIFIED_LABEL_ONLY
Bolulu,period:f2ee99995367bf0fc030,2023-06-21 21:07:31+00:00,,,QUALIFIED_LABEL_ONLY
Bolulu,period:c790283b449e6bb25672,2023-06-28 21:06:50+00:00,,,QUALIFIED_LABEL_ONLY
Bolulu,period:ff185424af4133395119,2023-07-05 21:05:49+00:00,,,QUALIFIED_LABEL_ONLY
Bolulu,period:36cf05276a8bbe55409a,2023-07-12 21:06:58+00:00,,,QUALIFIED_LABEL_ONLY
Bolulu,period:dd1399a0cf2f56138daa,2023-07-19 21:07:18+00:00,,,QUALIFIED_LABEL_ONLY
Bradley,period:ea5caa919fbd4b75da18,2022-01-21 21:45:47+00:00,,,QUALIFIED_LABEL_ONLY
Breezy,period:2543e9e0dda5edca0977,2022-03-25 20:43:57+00:00,,,QUALIFIED_LABEL_ONLY
Breezy,period:28d589eedfce312e1ad3,2026-01-24 21:24:34+00:00,,,QUALIFIED_LABEL_ONLY
Breezy,period:6186b6ccaf2d592d540a,2026-01-26 00:04:23+00:00,,,QUALIFIED_LABEL_ONLY
BrokenBlade,period:01bed218199c5fc6a295,2020-01-25 21:37:53+00:00,,,QUALIFIED_LABEL_ONLY
BrokenBlade,period:18c306f73901eb8e548e,2020-02-01 21:36:35+00:00,,,QUALIFIED_LABEL_ONLY
BrokenBlade,period:bd2e80371da37619c695,2020-02-08 21:30:18+00:00,,,QUALIFIED_LABEL_ONLY
BrokenBlade,period:94dc307a169a4236f643,2020-02-15 21:33:19+00:00,,,QUALIFIED_LABEL_ONLY
BrokenBlade,period:90cc39f891e2dbcab3ef,2020-02-22 21:37:14+00:00,,,QUALIFIED_LABEL_ONLY
BrokenBlade,period:cb03c621696fc2e91764,2020-02-29 21:26:53+00:00,,,QUALIFIED_LABEL_ONLY
BrokenBlade,period:14606e5066005561df07,2020-03-07 21:40:12+00:00,,,QUALIFIED_LABEL_ONLY
BrokenBlade,period:b2e2840d56c789b5030c,2020-03-21 20:18:48+00:00,,,QUALIFIED_LABEL_ONLY
BrokenBlade,period:666de7dcc2eb91211639,2020-03-28 20:29:42+00:00,,,QUALIFIED_LABEL_ONLY
BrokenBlade,period:5a2658b56ec5d5c6a04d,2020-04-04 19:44:42+00:00,,,QUALIFIED_LABEL_ONLY
BrokenBlade,period:1970df0ebd4246c6ea3b,2020-06-13 00:40:51+00:00,,,QUALIFIED_LABEL_ONLY
BrokenBlade,period:3968b01a861a52d381a8,2020-06-20 00:31:26+00:00,,,QUALIFIED_LABEL_ONLY
BrokenBlade,period:642a5bb7deff76d164b5,2020-06-27 00:39:52+00:00,,,QUALIFIED_LABEL_ONLY
BrokenBlade,period:7813fa8e90f59320de07,2020-07-04 00:21:06+00:00,,,QUALIFIED_LABEL_ONLY
BrokenBlade,period:1e2c5a7144cf9a8bc308,2020-07-11 00:50:27+00:00,,,QUALIFIED_LABEL_ONLY
BrokenBlade,period:2d69b4a154591d5cca77,2020-07-18 00:30:49+00:00,,,QUALIFIED_LABEL_ONLY
BrokenBlade,period:fe3df3b5886d9a4a5234,2020-07-25 00:38:07+00:00,,,QUALIFIED_LABEL_ONLY
BrokenBlade,period:3e89f4975798019beec8,2020-08-01 00:35:44+00:00,,,QUALIFIED_LABEL_ONLY
BrokenBlade,period:9cfbd3e5ecdd20626eed,2020-08-08 00:43:41+00:00,,,QUALIFIED_LABEL_ONLY
BrokenBlade,period:0836494c11a0b381c084,2020-08-13 19:38:23+00:00,,,QUALIFIED_LABEL_ONLY
BrokenBlade,period:38cb400566e2a3aee1c8,2020-08-20 19:31:44+00:00,,,QUALIFIED_LABEL_ONLY
BrokenBlade,period:53a986e97c4e64053db8,2020-08-29 19:32:38+00:00,,,QUALIFIED_LABEL_ONLY
BrokenBlade,period:c131bd9da535908c94f0,2020-09-05 19:31:41+00:00,,,QUALIFIED_LABEL_ONLY
Broxah,period:94dc307a169a4236f643,2020-02-15 21:33:19+00:00,,,QUALIFIED_LABEL_ONLY
Broxah,period:90cc39f891e2dbcab3ef,2020-02-22 21:37:14+00:00,,,QUALIFIED_LABEL_ONLY
Broxah,period:cb03c621696fc2e91764,2020-02-29 21:26:53+00:00,,,QUALIFIED_LABEL_ONLY
Broxah,period:14606e5066005561df07,2020-03-07 21:40:12+00:00,,,QUALIFIED_LABEL_ONLY
Broxah,period:b2e2840d56c789b5030c,2020-03-21 20:18:48+00:00,,,QUALIFIED_LABEL_ONLY
Broxah,period:666de7dcc2eb91211639,2020-03-28 20:29:42+00:00,,,QUALIFIED_LABEL_ONLY
Broxah,period:1970df0ebd4246c6ea3b,2020-06-13 00:40:51+00:00,,,QUALIFIED_LABEL_ONLY
Broxah,period:3968b01a861a52d381a8,2020-06-20 00:31:26+00:00,,,QUALIFIED_LABEL_ONLY
Broxah,period:642a5bb7deff76d164b5,2020-06-27 00:39:52+00:00,,,QUALIFIED_LABEL_ONLY
Broxah,period:7813fa8e90f59320de07,2020-07-04 00:21:06+00:00,,,QUALIFIED_LABEL_ONLY
Broxah,period:1e2c5a7144cf9a8bc308,2020-07-11 00:50:27+00:00,,,QUALIFIED_LABEL_ONLY
Broxah,period:2d69b4a154591d5cca77,2020-07-18 00:30:49+00:00,,,QUALIFIED_LABEL_ONLY
Broxah,period:fe3df3b5886d9a4a5234,2020-07-25 00:38:07+00:00,,,QUALIFIED_LABEL_ONLY
Broxah,period:3e89f4975798019beec8,2020-08-01 00:35:44+00:00,,,QUALIFIED_LABEL_ONLY
Broxah,period:9cfbd3e5ecdd20626eed,2020-08-08 00:43:41+00:00,,,QUALIFIED_LABEL_ONLY
Broxah,period:38cb400566e2a3aee1c8,2020-08-20 19:31:44+00:00,,,QUALIFIED_LABEL_ONLY
Broxah,period:53a986e97c4e64053db8,2020-08-29 19:32:38+00:00,,,QUALIFIED_LABEL_ONLY
Broxah,period:c131bd9da535908c94f0,2020-09-05 19:31:41+00:00,,,QUALIFIED_LABEL_ONLY
Broxah,period:577ed5ecd652eb981e79,2021-02-19 22:21:31+00:00,,,QUALIFIED_LABEL_ONLY
Broxah,period:3482fd65afd711052651,2021-02-26 22:23:25+00:00,,,QUALIFIED_LABEL_ONLY
Broxah,period:433079f36e14953ffe3e,2021-03-05 22:15:28+00:00,,,QUALIFIED_LABEL_ONLY
Broxah,period:2eea81e5fabdc42a729f,2021-03-12 22:24:45+00:00,,,QUALIFIED_LABEL_ONLY
Broxah,period:debddf61a872640eadfb,2021-06-04 22:02:02+00:00,,,QUALIFIED_LABEL_ONLY
Broxah,period:24ddb9953986c3386cb5,2021-06-11 21:37:50+00:00,,,QUALIFIED_LABEL_ONLY
Broxah,period:111e9dfa6ccd70cbab3b,2021-06-18 21:02:38+00:00,,,QUALIFIED_LABEL_ONLY
Broxah,period:32c02d32a3c87111d752,2021-06-25 21:33:16+00:00,,,QUALIFIED_LABEL_ONLY
Broxah,period:4f8f85e36ba842416702,2021-07-02 21:10:28+00:00,,,QUALIFIED_LABEL_ONLY
Broxah,period:490dcd8b072f0c76bfcd,2021-07-09 21:35:31+00:00,,,QUALIFIED_LABEL_ONLY
Broxah,period:5ede35b384e34b4e7cf7,2021-07-16 21:20:22+00:00,,,QUALIFIED_LABEL_ONLY
Broxah,period:5befa75590802ab7de54,2021-07-23 20:58:06+00:00,,,QUALIFIED_LABEL_ONLY
Broxah,period:afb91f11a5c9c66cc35b,2021-07-30 21:12:55+00:00,,,QUALIFIED_LABEL_ONLY
Bugi,period:452655f2bc33b5b76085,2023-01-26 22:16:48+00:00,,,QUALIFIED_LABEL_ONLY
Bugi,period:9ad2bd3e76204c678ee3,2023-02-02 22:06:55+00:00,,,QUALIFIED_LABEL_ONLY
Bugi,period:5193f604ed2f15e301e1,2023-02-09 22:07:17+00:00,,,QUALIFIED_LABEL_ONLY
Bugi,period:2b3de7782bdf56dc82d0,2023-02-15 22:07:50+00:00,,,QUALIFIED_LABEL_ONLY
Bugi,period:36d3f31311f21e914d55,2023-02-23 22:06:52+00:00,,,QUALIFIED_LABEL_ONLY
Bugi,period:83278694723ba910058b,2023-03-02 22:08:20+00:00,,,QUALIFIED_LABEL_ONLY
Bugi,period:402a134be7abbe005149,2023-03-09 22:22:41+00:00,,,QUALIFIED_LABEL_ONLY
Bugi,period:8d9d5d3f36e034ced562,2023-03-15 21:07:53+00:00,,,QUALIFIED_LABEL_ONLY
Bugi,period:3943367d2ce567a9fae3,2023-06-14 21:13:03+00:00,,,QUALIFIED_LABEL_ONLY
Bugi,period:f2ee99995367bf0fc030,2023-06-21 21:07:31+00:00,,,QUALIFIED_LABEL_ONLY
Bugi,period:c790283b449e6bb25672,2023-06-28 21:06:50+00:00,,,QUALIFIED_LABEL_ONLY
Bugi,period:ff185424af4133395119,2023-07-05 21:05:49+00:00,,,QUALIFIED_LABEL_ONLY
Bugi,period:36cf05276a8bbe55409a,2023-07-12 21:06:58+00:00,,,QUALIFIED_LABEL_ONLY
Bugi,period:dd1399a0cf2f56138daa,2023-07-19 21:07:18+00:00,,,QUALIFIED_LABEL_ONLY
Bugi,period:67a5ff4d5b051b402092,2023-07-27 21:07:41+00:00,,,QUALIFIED_LABEL_ONLY
Bugi,period:4520b87081b51698489a,2023-08-03 21:07:08+00:00,,,QUALIFIED_LABEL_ONLY
Bugi,period:27c11f42e65c97b901b8,2024-01-20 20:15:01+00:00,,,QUALIFIED_LABEL_ONLY
Bugi,period:ab546300266e49331659,2024-01-27 20:15:48+00:00,,,QUALIFIED_LABEL_ONLY
Bugi,period:f82eb58c594ccc349383,2024-02-02 21:12:22+00:00,,,QUALIFIED_LABEL_ONLY
Bugi,period:06566a2ea584fecf6c15,2024-02-10 21:07:54+00:00,,,QUALIFIED_LABEL_ONLY
Bugi,period:789a06731adc1e0c8798,2024-03-02 21:07:29+00:00,,,QUALIFIED_LABEL_ONLY
Bugi,period:a0f9da327c11cf3cc717,2024-03-08 21:07:46+00:00,,,QUALIFIED_LABEL_ONLY
Bugi,period:0f3dd675ff7b55987f43,2024-07-20 20:10:15+00:00,,,QUALIFIED_LABEL_ONLY
Bugi,period:29c7eddc03e68fe96070,2024-07-27 20:09:19+00:00,,,QUALIFIED_LABEL_ONLY
Bugi,period:03ffd32cfddfafb63d73,2024-08-03 20:08:15+00:00,,,QUALIFIED_LABEL_ONLY
Bugi,period:cdd6b3ae49979eef3d9f,2024-08-10 20:07:50+00:00,,,QUALIFIED_LABEL_ONLY
Busio,period:452655f2bc33b5b76085,2023-01-26 22:16:48+00:00,,,QUALIFIED_LABEL_ONLY
Busio,period:9ad2bd3e76204c678ee3,2023-02-02 22:06:55+00:00,,,QUALIFIED_LABEL_ONLY
Busio,period:5193f604ed2f15e301e1,2023-02-09 22:07:17+00:00,,,QUALIFIED_LABEL_ONLY
Busio,period:2b3de7782bdf56dc82d0,2023-02-15 22:07:50+00:00,,,QUALIFIED_LABEL_ONLY
Busio,period:36d3f31311f21e914d55,2023-02-23 22:06:52+00:00,,,QUALIFIED_LABEL_ONLY
Busio,period:83278694723ba910058b,2023-03-02 22:08:20+00:00,,,QUALIFIED_LABEL_ONLY
Busio,period:402a134be7abbe005149,2023-03-09 22:22:41+00:00,,,QUALIFIED_LABEL_ONLY
Busio,period:8d9d5d3f36e034ced562,2023-03-15 21:07:53+00:00,,,QUALIFIED_LABEL_ONLY
Busio,period:d990ac8b125022094901,2023-03-23 21:10:53+00:00,,,QUALIFIED_LABEL_ONLY
Busio,period:3943367d2ce567a9fae3,2023-06-14 21:13:03+00:00,,,QUALIFIED_LABEL_ONLY
Busio,period:f2ee99995367bf0fc030,2023-06-21 21:07:31+00:00,,,QUALIFIED_LABEL_ONLY
Busio,period:c790283b449e6bb25672,2023-06-28 21:06:50+00:00,,,QUALIFIED_LABEL_ONLY
Busio,period:ff185424af4133395119,2023-07-05 21:05:49+00:00,,,QUALIFIED_LABEL_ONLY
Busio,period:36cf05276a8bbe55409a,2023-07-12 21:06:58+00:00,,,QUALIFIED_LABEL_ONLY
Busio,period:dd1399a0cf2f56138daa,2023-07-19 21:07:18+00:00,,,QUALIFIED_LABEL_ONLY
Busio,period:4520b87081b51698489a,2023-08-03 21:07:08+00:00,,,QUALIFIED_LABEL_ONLY
Busio,period:27c11f42e65c97b901b8,2024-01-20 20:15:01+00:00,,,QUALIFIED_LABEL_ONLY
Busio,period:ab546300266e49331659,2024-01-27 20:15:48+00:00,,,QUALIFIED_LABEL_ONLY
Busio,period:f82eb58c594ccc349383,2024-02-02 21:12:22+00:00,,,QUALIFIED_LABEL_ONLY
Busio,period:06566a2ea584fecf6c15,2024-02-10 21:07:54+00:00,,,QUALIFIED_LABEL_ONLY
Busio,period:789a06731adc1e0c8798,2024-03-02 21:07:29+00:00,,,QUALIFIED_LABEL_ONLY
Busio,period:a0f9da327c11cf3cc717,2024-03-08 21:07:46+00:00,,,QUALIFIED_LABEL_ONLY
Busio,period:448a8f91622619afdbe7,2024-03-14 20:08:02+00:00,,,QUALIFIED_LABEL_ONLY
Busio,period:18a8b98d7b5d7f0b7105,2024-03-22 20:08:04+00:00,,,QUALIFIED_LABEL_ONLY
Busio,period:0c3bfca85acd014e625d,2024-03-30 20:22:30+00:00,,,QUALIFIED_LABEL_ONLY
Busio,period:697d8a8453920f1ff1c8,2024-06-15 20:11:50+00:00,,,QUALIFIED_LABEL_ONLY
Busio,period:ea10f8bb7f189dc4197a,2024-06-22 20:11:50+00:00,,,QUALIFIED_LABEL_ONLY
Busio,period:fb51ebc6418ce68c46c6,2024-06-27 20:07:21+00:00,,,QUALIFIED_LABEL_ONLY
Busio,period:0f3dd675ff7b55987f43,2024-07-20 20:10:15+00:00,,,QUALIFIED_LABEL_ONLY
Busio,period:29c7eddc03e68fe96070,2024-07-27 20:09:19+00:00,,,QUALIFIED_LABEL_ONLY
Busio,period:03ffd32cfddfafb63d73,2024-08-03 20:08:15+00:00,,,QUALIFIED_LABEL_ONLY
Busio,period:cdd6b3ae49979eef3d9f,2024-08-10 20:07:50+00:00,,,QUALIFIED_LABEL_ONLY
Busio,period:5218e82018c8910d187b,2024-08-17 20:07:21+00:00,,,QUALIFIED_LABEL_ONLY
Busio,period:c0a1c4ffff2a32aacb10,2024-08-23 20:07:51+00:00,,,QUALIFIED_LABEL_ONLY
Busio,period:3685f26c9338932445a9,2024-08-30 20:08:40+00:00,,,QUALIFIED_LABEL_ONLY
Busio,period:77186dc9e4b5f1acc2df,2024-09-06 20:13:13+00:00,,,QUALIFIED_LABEL_ONLY
Busio,period:ee078790277fa6a5a0ce,2025-01-25 21:14:31+00:00,,,QUALIFIED_LABEL_ONLY
Busio,period:b08144b94745feadc04c,2025-02-01 21:06:58+00:00,,,QUALIFIED_LABEL_ONLY
Busio,period:bcc5730448bc2219d32a,2025-02-09 21:07:49+00:00,,,QUALIFIED_LABEL_ONLY
Busio,period:5a5260defef5072643d0,2025-04-05 20:14:15+00:00,,,QUALIFIED_LABEL_ONLY
Busio,period:fb622d9f67b0d1bacd81,2025-04-12 20:06:56+00:00,,,QUALIFIED_LABEL_ONLY
Busio,period:ab17bbbf5d12cdddc770,2025-04-19 20:08:34+00:00,,,QUALIFIED_LABEL_ONLY
Busio,period:0bd7b62868a6e6fa9a6d,2025-04-26 20:08:33+00:00,,,QUALIFIED_LABEL_ONLY
Busio,period:f91ca0f544586fb72c4d,2025-05-03 20:08:26+00:00,,,QUALIFIED_LABEL_ONLY
Busio,period:92eb584d41521b4a115a,2025-05-10 20:09:23+00:00,,,QUALIFIED_LABEL_ONLY
Busio,period:42a66f8e41011df34073,2025-05-17 20:08:05+00:00,,,QUALIFIED_LABEL_ONLY
Busio,period:769a792cb95be4e074fc,2025-05-24 20:07:34+00:00,,,QUALIFIED_LABEL_ONLY
Busio,period:b6b241bcd2df026a0c10,2025-06-07 20:06:56+00:00,,,QUALIFIED_LABEL_ONLY
Busio,period:780234292186bbac5f9e,2025-06-14 20:12:24+00:00,,,QUALIFIED_LABEL_ONLY
Busio,period:f92170f131413923b84c,2025-07-26 20:10:23+00:00,,,QUALIFIED_LABEL_ONLY
Busio,period:c7231b512ce5dfec31cf,2025-08-02 20:08:18+00:00,,,QUALIFIED_LABEL_ONLY
Busio,period:c139a580fc7ad181ea33,2025-08-09 20:06:58+00:00,,,QUALIFIED_LABEL_ONLY
Busio,period:9d2506f6d55754824303,2025-08-16 20:06:27+00:00,,,QUALIFIED_LABEL_ONLY
Busio,period:1ffa4e947c2611f80c97,2025-08-29 20:06:10+00:00,,,QUALIFIED_LABEL_ONLY
Busio,period:717827b0ee213b1efab1,2025-09-05 20:05:46+00:00,,,QUALIFIED_LABEL_ONLY
Bvoy,period:ab546300266e49331659,2024-01-27 20:15:48+00:00,,,QUALIFIED_LABEL_ONLY
Bvoy,period:f82eb58c594ccc349383,2024-02-02 21:12:22+00:00,,,QUALIFIED_LABEL_ONLY
Bvoy,period:06566a2ea584fecf6c15,2024-02-10 21:07:54+00:00,,,QUALIFIED_LABEL_ONLY
Bvoy,period:789a06731adc1e0c8798,2024-03-02 21:07:29+00:00,,,QUALIFIED_LABEL_ONLY
Bvoy,period:a0f9da327c11cf3cc717,2024-03-08 21:07:46+00:00,,,QUALIFIED_LABEL_ONLY
Bvoy,period:697d8a8453920f1ff1c8,2024-06-15 20:11:50+00:00,,,QUALIFIED_LABEL_ONLY
Bvoy,period:ea10f8bb7f189dc4197a,2024-06-22 20:11:50+00:00,,,QUALIFIED_LABEL_ONLY
Bvoy,period:fb51ebc6418ce68c46c6,2024-06-27 20:07:21+00:00,,,QUALIFIED_LABEL_ONLY
Bvoy,period:0f3dd675ff7b55987f43,2024-07-20 20:10:15+00:00,,,QUALIFIED_LABEL_ONLY
Bvoy,period:29c7eddc03e68fe96070,2024-07-27 20:09:19+00:00,,,QUALIFIED_LABEL_ONLY
Bvoy,period:03ffd32cfddfafb63d73,2024-08-03 20:08:15+00:00,,,QUALIFIED_LABEL_ONLY
Bvoy,period:cdd6b3ae49979eef3d9f,2024-08-10 20:07:50+00:00,,,QUALIFIED_LABEL_ONLY
Bvoy,period:ee078790277fa6a5a0ce,2025-01-25 21:14:31+00:00,,,QUALIFIED_LABEL_ONLY
Bvoy,period:b08144b94745feadc04c,2025-02-01 21:06:58+00:00,,,QUALIFIED_LABEL_ONLY
Bvoy,period:bcc5730448bc2219d32a,2025-02-09 21:07:49+00:00,,,QUALIFIED_LABEL_ONLY
Bvoy,period:5a5260defef5072643d0,2025-04-05 20:14:15+00:00,,,QUALIFIED_LABEL_ONLY
Bvoy,period:fb622d9f67b0d1bacd81,2025-04-12 20:06:56+00:00,,,QUALIFIED_LABEL_ONLY
Bvoy,period:ab17bbbf5d12cdddc770,2025-04-19 20:08:34+00:00,,,QUALIFIED_LABEL_ONLY
Bvoy,period:0bd7b62868a6e6fa9a6d,2025-04-26 20:08:33+00:00,,,QUALIFIED_LABEL_ONLY
Bvoy,period:f91ca0f544586fb72c4d,2025-05-03 20:08:26+00:00,,,QUALIFIED_LABEL_ONLY
Bvoy,period:92eb584d41521b4a115a,2025-05-10 20:09:23+00:00,,,QUALIFIED_LABEL_ONLY
Bvoy,period:42a66f8e41011df34073,2025-05-17 20:08:05+00:00,,,QUALIFIED_LABEL_ONLY
Bvoy,period:769a792cb95be4e074fc,2025-05-24 20:07:34+00:00,,,QUALIFIED_LABEL_ONLY
Bvoy,period:540a575a08edacdeb808,2025-05-31 20:08:28+00:00,,,QUALIFIED_LABEL_ONLY
Bvoy,period:b6b241bcd2df026a0c10,2025-06-07 20:06:56+00:00,,,QUALIFIED_LABEL_ONLY
Bvoy,period:780234292186bbac5f9e,2025-06-14 20:12:24+00:00,,,QUALIFIED_LABEL_ONLY
Bvoy,period:f92170f131413923b84c,2025-07-26 20:10:23+00:00,,,QUALIFIED_LABEL_ONLY
Bvoy,period:c7231b512ce5dfec31cf,2025-08-02 20:08:18+00:00,,,QUALIFIED_LABEL_ONLY
Bvoy,period:c139a580fc7ad181ea33,2025-08-09 20:06:58+00:00,,,QUALIFIED_LABEL_ONLY
Bvoy,period:9d2506f6d55754824303,2025-08-16 20:06:27+00:00,,,QUALIFIED_LABEL_ONLY
Bvoy,period:1ffa4e947c2611f80c97,2025-08-29 20:06:10+00:00,,,QUALIFIED_LABEL_ONLY
Bvoy,period:717827b0ee213b1efab1,2025-09-05 20:05:46+00:00,,,QUALIFIED_LABEL_ONLY
Bvoy,period:28d589eedfce312e1ad3,2026-01-24 21:24:34+00:00,,,QUALIFIED_LABEL_ONLY
Bvoy,period:70fac0200d695853ccdc,2026-01-31 21:07:01+00:00,,,QUALIFIED_LABEL_ONLY
Bvoy,period:640bff8c4b7983edf208,2026-02-02 00:35:19+00:00,,,QUALIFIED_LABEL_ONLY
Bvoy,period:b2e5a5987eefaa30eea2,2026-02-07 21:11:32+00:00,,,QUALIFIED_LABEL_ONLY
Bvoy,period:74efed7e4a28a304cc30,2026-04-04 20:17:46+00:00,,,QUALIFIED_LABEL_ONLY
Bvoy,period:fc48b32f725285a09f66,2026-04-11 20:08:26+00:00,,,QUALIFIED_LABEL_ONLY
Bvoy,period:9ad9f360f988761d91c1,2026-04-18 20:07:45+00:00,,,QUALIFIED_LABEL_ONLY
Bvoy,period:b0a60cf2f3d3558f5e56,2026-04-25 20:09:02+00:00,,,QUALIFIED_LABEL_ONLY
Bvoy,period:0a890f671f8ce6bbde59,2026-05-02 20:10:20+00:00,,,QUALIFIED_LABEL_ONLY
Bvoy,period:bca1e648a46734294b57,2026-05-09 20:08:09+00:00,,,QUALIFIED_LABEL_ONLY
Bvoy,period:1c76ac6866aa6a71a894,2026-05-16 20:08:36+00:00,,,QUALIFIED_LABEL_ONLY
Bvoy,period:646c3784493968152598,2026-05-30 20:10:37+00:00,,,QUALIFIED_LABEL_ONLY
Bvoy,period:5afe139f56d9c0db8f2d,2026-07-25 20:13:30+00:00,,,QUALIFIED_LABEL_ONLY
Bwipo,period:3921ed3cc984afb56c50,2022-01-14 21:26:31+00:00,,,QUALIFIED_LABEL_ONLY
Bwipo,period:ea5caa919fbd4b75da18,2022-01-21 21:45:47+00:00,,,QUALIFIED_LABEL_ONLY
Bwipo,period:3b01aa4d9786587a33b3,2022-01-28 21:53:04+00:00,,,QUALIFIED_LABEL_ONLY
Bwipo,period:5a26c3b6318c7b633520,2022-02-05 20:33:18+00:00,,,QUALIFIED_LABEL_ONLY
Bwipo,period:44168f74464b99791ba3,2022-02-12 20:53:38+00:00,,,QUALIFIED_LABEL_ONLY
Bwipo,period:466f661effb9208a840b,2022-02-19 20:54:27+00:00,,,QUALIFIED_LABEL_ONLY
Bwipo,period:4138ca482beb4344e9ad,2022-02-25 22:37:00+00:00,,,QUALIFIED_LABEL_ONLY
Bwipo,period:7a928b9ecc895d38667e,2022-03-05 21:01:58+00:00,,,QUALIFIED_LABEL_ONLY
Bwipo,period:bfbcb255cff7d2c3894f,2022-03-12 21:07:29+00:00,,,QUALIFIED_LABEL_ONLY
Bwipo,period:9a704a25f780f56ebe1b,2022-03-19 19:32:42+00:00,,,QUALIFIED_LABEL_ONLY
Bwipo,period:2543e9e0dda5edca0977,2022-03-25 20:43:57+00:00,,,QUALIFIED_LABEL_ONLY
Bwipo,period:95c58b937c0fcc3e92b9,2022-04-02 20:00:26+00:00,,,QUALIFIED_LABEL_ONLY
Bwipo,period:8e4979ebdc36578e98ba,2022-04-16 20:06:15+00:00,,,QUALIFIED_LABEL_ONLY
Bwipo,period:8036ed58940a8d2ab607,2022-04-23 18:36:24+00:00,,,QUALIFIED_LABEL_ONLY
Bwipo,period:4c81af754b6b135da741,2022-06-17 21:46:00+00:00,,,QUALIFIED_LABEL_ONLY
Bwipo,period:9098ed2cd53d3e50498b,2022-06-25 20:09:54+00:00,,,QUALIFIED_LABEL_ONLY
Bwipo,period:bd5d15bd6830501052ed,2022-07-02 20:14:47+00:00,,,QUALIFIED_LABEL_ONLY
Bwipo,period:a1385753e89a22ad7415,2022-07-16 20:31:00+00:00,,,QUALIFIED_LABEL_ONLY
Bwipo,period:d36d780bd6e08d095d27,2022-07-23 20:43:00+00:00,,,QUALIFIED_LABEL_ONLY
Bwipo,period:ab4c55f2271a097a29e2,2022-07-30 20:03:25+00:00,,,QUALIFIED_LABEL_ONLY
Bwipo,period:9310314000d1dccfe6ae,2022-08-06 20:08:43+00:00,,,QUALIFIED_LABEL_ONLY
Bwipo,period:e268d0eb9109f8185a29,2022-08-12 20:55:46+00:00,,,QUALIFIED_LABEL_ONLY
Bwipo,period:fcd21c282bb6eb984919,2022-08-20 19:32:26+00:00,,,QUALIFIED_LABEL_ONLY
Bwipo,period:f6ad6d70568c5aa4ddb9,2022-08-25 19:37:29+00:00,,,QUALIFIED_LABEL_ONLY
Bwipo,period:f14a4fb0f93da34e9201,2022-09-01 19:27:30+00:00,,,QUALIFIED_LABEL_ONLY
Bwipo,period:27c11f42e65c97b901b8,2024-01-20 20:15:01+00:00,,,QUALIFIED_LABEL_ONLY
Bwipo,period:ab546300266e49331659,2024-01-27 20:15:48+00:00,,,QUALIFIED_LABEL_ONLY
Bwipo,period:f82eb58c594ccc349383,2024-02-02 21:12:22+00:00,,,QUALIFIED_LABEL_ONLY
Bwipo,period:06566a2ea584fecf6c15,2024-02-10 21:07:54+00:00,,,QUALIFIED_LABEL_ONLY
Bwipo,period:789a06731adc1e0c8798,2024-03-02 21:07:29+00:00,,,QUALIFIED_LABEL_ONLY
Bwipo,period:a0f9da327c11cf3cc717,2024-03-08 21:07:46+00:00,,,QUALIFIED_LABEL_ONLY
Bwipo,period:448a8f91622619afdbe7,2024-03-14 20:08:02+00:00,,,QUALIFIED_LABEL_ONLY
Bwipo,period:18a8b98d7b5d7f0b7105,2024-03-22 20:08:04+00:00,,,QUALIFIED_LABEL_ONLY
Bwipo,period:0c3bfca85acd014e625d,2024-03-30 20:22:30+00:00,,,QUALIFIED_LABEL_ONLY
Bwipo,period:697d8a8453920f1ff1c8,2024-06-15 20:11:50+00:00,,,QUALIFIED_LABEL_ONLY
Bwipo,period:ea10f8bb7f189dc4197a,2024-06-22 20:11:50+00:00,,,QUALIFIED_LABEL_ONLY
Bwipo,period:fb51ebc6418ce68c46c6,2024-06-27 20:07:21+00:00,,,QUALIFIED_LABEL_ONLY
Bwipo,period:0f3dd675ff7b55987f43,2024-07-20 20:10:15+00:00,,,QUALIFIED_LABEL_ONLY
Bwipo,period:29c7eddc03e68fe96070,2024-07-27 20:09:19+00:00,,,QUALIFIED_LABEL_ONLY
Bwipo,period:03ffd32cfddfafb63d73,2024-08-03 20:08:15+00:00,,,QUALIFIED_LABEL_ONLY
Bwipo,period:cdd6b3ae49979eef3d9f,2024-08-10 20:07:50+00:00,,,QUALIFIED_LABEL_ONLY
Bwipo,period:5218e82018c8910d187b,2024-08-17 20:07:21+00:00,,,QUALIFIED_LABEL_ONLY
Bwipo,period:c0a1c4ffff2a32aacb10,2024-08-23 20:07:51+00:00,,,QUALIFIED_LABEL_ONLY
Bwipo,period:3685f26c9338932445a9,2024-08-30 20:08:40+00:00,,,QUALIFIED_LABEL_ONLY
Bwipo,period:77186dc9e4b5f1acc2df,2024-09-06 20:13:13+00:00,,,QUALIFIED_LABEL_ONLY
Bwipo,period:ee078790277fa6a5a0ce,2025-01-25 21:14:31+00:00,,,QUALIFIED_LABEL_ONLY
Bwipo,period:b08144b94745feadc04c,2025-02-01 21:06:58+00:00,,,QUALIFIED_LABEL_ONLY
Bwipo,period:bcc5730448bc2219d32a,2025-02-09 21:07:49+00:00,,,QUALIFIED_LABEL_ONLY
Bwipo,period:5a5260defef5072643d0,2025-04-05 20:14:15+00:00,,,QUALIFIED_LABEL_ONLY
Bwipo,period:fb622d9f67b0d1bacd81,2025-04-12 20:06:56+00:00,,,QUALIFIED_LABEL_ONLY
Bwipo,period:ab17bbbf5d12cdddc770,2025-04-19 20:08:34+00:00,,,QUALIFIED_LABEL_ONLY
Bwipo,period:0bd7b62868a6e6fa9a6d,2025-04-26 20:08:33+00:00,,,QUALIFIED_LABEL_ONLY
Bwipo,period:f91ca0f544586fb72c4d,2025-05-03 20:08:26+00:00,,,QUALIFIED_LABEL_ONLY
Bwipo,period:92eb584d41521b4a115a,2025-05-10 20:09:23+00:00,,,QUALIFIED_LABEL_ONLY
Bwipo,period:42a66f8e41011df34073,2025-05-17 20:08:05+00:00,,,QUALIFIED_LABEL_ONLY
Bwipo,period:769a792cb95be4e074fc,2025-05-24 20:07:34+00:00,,,QUALIFIED_LABEL_ONLY
Bwipo,period:b6b241bcd2df026a0c10,2025-06-07 20:06:56+00:00,,,QUALIFIED_LABEL_ONLY
Bwipo,period:780234292186bbac5f9e,2025-06-14 20:12:24+00:00,,,QUALIFIED_LABEL_ONLY
Bwipo,period:f92170f131413923b84c,2025-07-26 20:10:23+00:00,,,QUALIFIED_LABEL_ONLY
Bwipo,period:c7231b512ce5dfec31cf,2025-08-02 20:08:18+00:00,,,QUALIFIED_LABEL_ONLY
Bwipo,period:c139a580fc7ad181ea33,2025-08-09 20:06:58+00:00,,,QUALIFIED_LABEL_ONLY
Bwipo,period:9d2506f6d55754824303,2025-08-16 20:06:27+00:00,,,QUALIFIED_LABEL_ONLY
Bwipo,period:1ffa4e947c2611f80c97,2025-08-29 20:06:10+00:00,,,QUALIFIED_LABEL_ONLY
Bwipo,period:717827b0ee213b1efab1,2025-09-05 20:05:46+00:00,,,QUALIFIED_LABEL_ONLY
Callme,period:28d589eedfce312e1ad3,2026-01-24 21:24:34+00:00,,,QUALIFIED_LABEL_ONLY
Callme,period:70fac0200d695853ccdc,2026-01-31 21:07:01+00:00,,,QUALIFIED_LABEL_ONLY
Callme,period:b2e5a5987eefaa30eea2,2026-02-07 21:11:32+00:00,,,QUALIFIED_LABEL_ONLY
Callme,period:0433ceb2175e1870c17a,2026-02-14 21:11:50+00:00,,,QUALIFIED_LABEL_ONLY
Callme,period:d52af7b72997e89c8ea6,2026-02-20 21:09:00+00:00,,,QUALIFIED_LABEL_ONLY
Callme,period:74efed7e4a28a304cc30,2026-04-04 20:17:46+00:00,,,QUALIFIED_LABEL_ONLY
Callme,period:fc48b32f725285a09f66,2026-04-11 20:08:26+00:00,,,QUALIFIED_LABEL_ONLY
Callme,period:9ad9f360f988761d91c1,2026-04-18 20:07:45+00:00,,,QUALIFIED_LABEL_ONLY
Callme,period:b0a60cf2f3d3558f5e56,2026-04-25 20:09:02+00:00,,,QUALIFIED_LABEL_ONLY
Callme,period:0a890f671f8ce6bbde59,2026-05-02 20:10:20+00:00,,,QUALIFIED_LABEL_ONLY
Callme,period:bca1e648a46734294b57,2026-05-09 20:08:09+00:00,,,QUALIFIED_LABEL_ONLY
Callme,period:1c76ac6866aa6a71a894,2026-05-16 20:08:36+00:00,,,QUALIFIED_LABEL_ONLY
Callme,period:5afe139f56d9c0db8f2d,2026-07-25 20:13:30+00:00,,,QUALIFIED_LABEL_ONLY
Castle,period:27c11f42e65c97b901b8,2024-01-20 20:15:01+00:00,,,QUALIFIED_LABEL_ONLY
Castle,period:ab546300266e49331659,2024-01-27 20:15:48+00:00,,,QUALIFIED_LABEL_ONLY
Castle,period:f82eb58c594ccc349383,2024-02-02 21:12:22+00:00,,,QUALIFIED_LABEL_ONLY
Castle,period:06566a2ea584fecf6c15,2024-02-10 21:07:54+00:00,,,QUALIFIED_LABEL_ONLY
Castle,period:789a06731adc1e0c8798,2024-03-02 21:07:29+00:00,,,QUALIFIED_LABEL_ONLY
Castle,period:a0f9da327c11cf3cc717,2024-03-08 21:07:46+00:00,,,QUALIFIED_LABEL_ONLY
Castle,period:697d8a8453920f1ff1c8,2024-06-15 20:11:50+00:00,,,QUALIFIED_LABEL_ONLY
Castle,period:ea10f8bb7f189dc4197a,2024-06-22 20:11:50+00:00,,,QUALIFIED_LABEL_ONLY
Castle,period:fb51ebc6418ce68c46c6,2024-06-27 20:07:21+00:00,,,QUALIFIED_LABEL_ONLY
Castle,period:0f3dd675ff7b55987f43,2024-07-20 20:10:15+00:00,,,QUALIFIED_LABEL_ONLY
Castle,period:29c7eddc03e68fe96070,2024-07-27 20:09:19+00:00,,,QUALIFIED_LABEL_ONLY
Castle,period:03ffd32cfddfafb63d73,2024-08-03 20:08:15+00:00,,,QUALIFIED_LABEL_ONLY
Castle,period:cdd6b3ae49979eef3d9f,2024-08-10 20:07:50+00:00,,,QUALIFIED_LABEL_ONLY
Castle,period:ee078790277fa6a5a0ce,2025-01-25 21:14:31+00:00,,,QUALIFIED_LABEL_ONLY
Castle,period:b08144b94745feadc04c,2025-02-01 21:06:58+00:00,,,QUALIFIED_LABEL_ONLY
Castle,period:5a5260defef5072643d0,2025-04-05 20:14:15+00:00,,,QUALIFIED_LABEL_ONLY
Castle,period:fb622d9f67b0d1bacd81,2025-04-12 20:06:56+00:00,,,QUALIFIED_LABEL_ONLY
Castle,period:ab17bbbf5d12cdddc770,2025-04-19 20:08:34+00:00,,,QUALIFIED_LABEL_ONLY
Castle,period:0bd7b62868a6e6fa9a6d,2025-04-26 20:08:33+00:00,,,QUALIFIED_LABEL_ONLY
Castle,period:f91ca0f544586fb72c4d,2025-05-03 20:08:26+00:00,,,QUALIFIED_LABEL_ONLY
Castle,period:92eb584d41521b4a115a,2025-05-10 20:09:23+00:00,,,QUALIFIED_LABEL_ONLY
Castle,period:42a66f8e41011df34073,2025-05-17 20:08:05+00:00,,,QUALIFIED_LABEL_ONLY
Castle,period:f92170f131413923b84c,2025-07-26 20:10:23+00:00,,,QUALIFIED_LABEL_ONLY
Castle,period:c7231b512ce5dfec31cf,2025-08-02 20:08:18+00:00,,,QUALIFIED_LABEL_ONLY
Castle,period:c139a580fc7ad181ea33,2025-08-09 20:06:58+00:00,,,QUALIFIED_LABEL_ONLY
Castle,period:7c6d5817a7155f3a80bb,2025-08-23 20:06:29+00:00,,,QUALIFIED_LABEL_ONLY
Castle,period:1ffa4e947c2611f80c97,2025-08-29 20:06:10+00:00,,,QUALIFIED_LABEL_ONLY
Castle,period:28d589eedfce312e1ad3,2026-01-24 21:24:34+00:00,,,QUALIFIED_LABEL_ONLY
Castle,period:70fac0200d695853ccdc,2026-01-31 21:07:01+00:00,,,QUALIFIED_LABEL_ONLY
Castle,period:b2e5a5987eefaa30eea2,2026-02-07 21:11:32+00:00,,,QUALIFIED_LABEL_ONLY
Castle,period:0433ceb2175e1870c17a,2026-02-14 21:11:50+00:00,,,QUALIFIED_LABEL_ONLY
Castle,period:d52af7b72997e89c8ea6,2026-02-20 21:09:00+00:00,,,QUALIFIED_LABEL_ONLY
Castle,period:74efed7e4a28a304cc30,2026-04-04 20:17:46+00:00,,,QUALIFIED_LABEL_ONLY
Castle,period:fc48b32f725285a09f66,2026-04-11 20:08:26+00:00,,,QUALIFIED_LABEL_ONLY
Castle,period:9ad9f360f988761d91c1,2026-04-18 20:07:45+00:00,,,QUALIFIED_LABEL_ONLY
Castle,period:b0a60cf2f3d3558f5e56,2026-04-25 20:09:02+00:00,,,QUALIFIED_LABEL_ONLY
Castle,period:0a890f671f8ce6bbde59,2026-05-02 20:10:20+00:00,,,QUALIFIED_LABEL_ONLY
Castle,period:bca1e648a46734294b57,2026-05-09 20:08:09+00:00,,,QUALIFIED_LABEL_ONLY
Castle,period:1c76ac6866aa6a71a894,2026-05-16 20:08:36+00:00,,,QUALIFIED_LABEL_ONLY
Ceos,period:5a5260defef5072643d0,2025-04-05 20:14:15+00:00,,,QUALIFIED_LABEL_ONLY
Ceos,period:fb622d9f67b0d1bacd81,2025-04-12 20:06:56+00:00,,,QUALIFIED_LABEL_ONLY
Ceos,period:ab17bbbf5d12cdddc770,2025-04-19 20:08:34+00:00,,,QUALIFIED_LABEL_ONLY
Ceos,period:0bd7b62868a6e6fa9a6d,2025-04-26 20:08:33+00:00,,,QUALIFIED_LABEL_ONLY
Ceos,period:f91ca0f544586fb72c4d,2025-05-03 20:08:26+00:00,,,QUALIFIED_LABEL_ONLY
Ceos,period:92eb584d41521b4a115a,2025-05-10 20:09:23+00:00,,,QUALIFIED_LABEL_ONLY
Ceos,period:42a66f8e41011df34073,2025-05-17 20:08:05+00:00,,,QUALIFIED_LABEL_ONLY
Ceos,period:769a792cb95be4e074fc,2025-05-24 20:07:34+00:00,,,QUALIFIED_LABEL_ONLY
Ceos,period:540a575a08edacdeb808,2025-05-31 20:08:28+00:00,,,QUALIFIED_LABEL_ONLY
Ceos,period:b6b241bcd2df026a0c10,2025-06-07 20:06:56+00:00,,,QUALIFIED_LABEL_ONLY
Ceos,period:780234292186bbac5f9e,2025-06-14 20:12:24+00:00,,,QUALIFIED_LABEL_ONLY
Ceos,period:f92170f131413923b84c,2025-07-26 20:10:23+00:00,,,QUALIFIED_LABEL_ONLY
Ceos,period:c7231b512ce5dfec31cf,2025-08-02 20:08:18+00:00,,,QUALIFIED_LABEL_ONLY
Ceos,period:c139a580fc7ad181ea33,2025-08-09 20:06:58+00:00,,,QUALIFIED_LABEL_ONLY
Ceos,period:9d2506f6d55754824303,2025-08-16 20:06:27+00:00,,,QUALIFIED_LABEL_ONLY
Ceos,period:1ffa4e947c2611f80c97,2025-08-29 20:06:10+00:00,,,QUALIFIED_LABEL_ONLY
Ceos,period:717827b0ee213b1efab1,2025-09-05 20:05:46+00:00,,,QUALIFIED_LABEL_ONLY
Ceos,period:28d589eedfce312e1ad3,2026-01-24 21:24:34+00:00,,,QUALIFIED_LABEL_ONLY
Ceos,period:70fac0200d695853ccdc,2026-01-31 21:07:01+00:00,,,QUALIFIED_LABEL_ONLY
Ceos,period:640bff8c4b7983edf208,2026-02-02 00:35:19+00:00,,,QUALIFIED_LABEL_ONLY
Ceos,period:b2e5a5987eefaa30eea2,2026-02-07 21:11:32+00:00,,,QUALIFIED_LABEL_ONLY
Ceos,period:74efed7e4a28a304cc30,2026-04-04 20:17:46+00:00,,,QUALIFIED_LABEL_ONLY
Ceos,period:fc48b32f725285a09f66,2026-04-11 20:08:26+00:00,,,QUALIFIED_LABEL_ONLY
Ceos,period:9ad9f360f988761d91c1,2026-04-18 20:07:45+00:00,,,QUALIFIED_LABEL_ONLY
Ceos,period:b0a60cf2f3d3558f5e56,2026-04-25 20:09:02+00:00,,,QUALIFIED_LABEL_ONLY
Ceos,period:0a890f671f8ce6bbde59,2026-05-02 20:10:20+00:00,,,QUALIFIED_LABEL_ONLY
Ceos,period:bca1e648a46734294b57,2026-05-09 20:08:09+00:00,,,QUALIFIED_LABEL_ONLY
Ceos,period:1c76ac6866aa6a71a894,2026-05-16 20:08:36+00:00,,,QUALIFIED_LABEL_ONLY
Ceos,period:646c3784493968152598,2026-05-30 20:10:37+00:00,,,QUALIFIED_LABEL_ONLY
Chad,period:2543e9e0dda5edca0977,2022-03-25 20:43:57+00:00,,,QUALIFIED_LABEL_ONLY
Chime,period:debddf61a872640eadfb,2021-06-04 22:02:02+00:00,,,QUALIFIED_LABEL_ONLY
Chime,period:24ddb9953986c3386cb5,2021-06-11 21:37:50+00:00,,,QUALIFIED_LABEL_ONLY
Chime,period:111e9dfa6ccd70cbab3b,2021-06-18 21:02:38+00:00,,,QUALIFIED_LABEL_ONLY
Chime,period:32c02d32a3c87111d752,2021-06-25 21:33:16+00:00,,,QUALIFIED_LABEL_ONLY
Chime,period:4f8f85e36ba842416702,2021-07-02 21:10:28+00:00,,,QUALIFIED_LABEL_ONLY
Chime,period:490dcd8b072f0c76bfcd,2021-07-09 21:35:31+00:00,,,QUALIFIED_LABEL_ONLY
Chime,period:5ede35b384e34b4e7cf7,2021-07-16 21:20:22+00:00,,,QUALIFIED_LABEL_ONLY
Chime,period:5befa75590802ab7de54,2021-07-23 20:58:06+00:00,,,QUALIFIED_LABEL_ONLY
Chime,period:afb91f11a5c9c66cc35b,2021-07-30 21:12:55+00:00,,,QUALIFIED_LABEL_ONLY
Chime,period:3951db25bbaff1ec59cd,2021-08-12 21:13:39+00:00,,,QUALIFIED_LABEL_ONLY
Chime,period:3921ed3cc984afb56c50,2022-01-14 21:26:31+00:00,,,QUALIFIED_LABEL_ONLY
Chime,period:ea5caa919fbd4b75da18,2022-01-21 21:45:47+00:00,,,QUALIFIED_LABEL_ONLY
Chime,period:a1385753e89a22ad7415,2022-07-16 20:31:00+00:00,,,QUALIFIED_LABEL_ONLY
Chime,period:d36d780bd6e08d095d27,2022-07-23 20:43:00+00:00,,,QUALIFIED_LABEL_ONLY
Chime,period:ab4c55f2271a097a29e2,2022-07-30 20:03:25+00:00,,,QUALIFIED_LABEL_ONLY
Chime,period:9310314000d1dccfe6ae,2022-08-06 20:08:43+00:00,,,QUALIFIED_LABEL_ONLY
Chime,period:e268d0eb9109f8185a29,2022-08-12 20:55:46+00:00,,,QUALIFIED_LABEL_ONLY
Chime,period:f6ad6d70568c5aa4ddb9,2022-08-25 19:37:29+00:00,,,QUALIFIED_LABEL_ONLY
Chime,period:f14a4fb0f93da34e9201,2022-09-01 19:27:30+00:00,,,QUALIFIED_LABEL_ONLY
Chime,period:452655f2bc33b5b76085,2023-01-26 22:16:48+00:00,,,QUALIFIED_LABEL_ONLY
Chime,period:9ad2bd3e76204c678ee3,2023-02-02 22:06:55+00:00,,,QUALIFIED_LABEL_ONLY
Chime,period:5193f604ed2f15e301e1,2023-02-09 22:07:17+00:00,,,QUALIFIED_LABEL_ONLY
Chime,period:2b3de7782bdf56dc82d0,2023-02-15 22:07:50+00:00,,,QUALIFIED_LABEL_ONLY
Chime,period:36d3f31311f21e914d55,2023-02-23 22:06:52+00:00,,,QUALIFIED_LABEL_ONLY
Chime,period:83278694723ba910058b,2023-03-02 22:08:20+00:00,,,QUALIFIED_LABEL_ONLY
Chime,period:402a134be7abbe005149,2023-03-09 22:22:41+00:00,,,QUALIFIED_LABEL_ONLY
Chime,period:8d9d5d3f36e034ced562,2023-03-15 21:07:53+00:00,,,QUALIFIED_LABEL_ONLY
Chime,period:3943367d2ce567a9fae3,2023-06-14 21:13:03+00:00,,,QUALIFIED_LABEL_ONLY
Chime,period:f2ee99995367bf0fc030,2023-06-21 21:07:31+00:00,,,QUALIFIED_LABEL_ONLY
Chime,period:c790283b449e6bb25672,2023-06-28 21:06:50+00:00,,,QUALIFIED_LABEL_ONLY
Chime,period:ff185424af4133395119,2023-07-05 21:05:49+00:00,,,QUALIFIED_LABEL_ONLY
Chime,period:36cf05276a8bbe55409a,2023-07-12 21:06:58+00:00,,,QUALIFIED_LABEL_ONLY
Chime,period:dd1399a0cf2f56138daa,2023-07-19 21:07:18+00:00,,,QUALIFIED_LABEL_ONLY
Chime,period:67a5ff4d5b051b402092,2023-07-27 21:07:41+00:00,,,QUALIFIED_LABEL_ONLY
Chime,period:4520b87081b51698489a,2023-08-03 21:07:08+00:00,,,QUALIFIED_LABEL_ONLY
Closer,period:01bed218199c5fc6a295,2020-01-25 21:37:53+00:00,,,QUALIFIED_LABEL_ONLY
Closer,period:18c306f73901eb8e548e,2020-02-01 21:36:35+00:00,,,QUALIFIED_LABEL_ONLY
Closer,period:bd2e80371da37619c695,2020-02-08 21:30:18+00:00,,,QUALIFIED_LABEL_ONLY
Closer,period:94dc307a169a4236f643,2020-02-15 21:33:19+00:00,,,QUALIFIED_LABEL_ONLY
Closer,period:90cc39f891e2dbcab3ef,2020-02-22 21:37:14+00:00,,,QUALIFIED_LABEL_ONLY
Closer,period:cb03c621696fc2e91764,2020-02-29 21:26:53+00:00,,,QUALIFIED_LABEL_ONLY
Closer,period:14606e5066005561df07,2020-03-07 21:40:12+00:00,,,QUALIFIED_LABEL_ONLY
Closer,period:b2e2840d56c789b5030c,2020-03-21 20:18:48+00:00,,,QUALIFIED_LABEL_ONLY
Closer,period:666de7dcc2eb91211639,2020-03-28 20:29:42+00:00,,,QUALIFIED_LABEL_ONLY
Closer,period:5a2658b56ec5d5c6a04d,2020-04-04 19:44:42+00:00,,,QUALIFIED_LABEL_ONLY
Closer,period:1970df0ebd4246c6ea3b,2020-06-13 00:40:51+00:00,,,QUALIFIED_LABEL_ONLY
Closer,period:3968b01a861a52d381a8,2020-06-20 00:31:26+00:00,,,QUALIFIED_LABEL_ONLY
Closer,period:642a5bb7deff76d164b5,2020-06-27 00:39:52+00:00,,,QUALIFIED_LABEL_ONLY
Closer,period:7813fa8e90f59320de07,2020-07-04 00:21:06+00:00,,,QUALIFIED_LABEL_ONLY
Closer,period:1e2c5a7144cf9a8bc308,2020-07-11 00:50:27+00:00,,,QUALIFIED_LABEL_ONLY
Closer,period:2d69b4a154591d5cca77,2020-07-18 00:30:49+00:00,,,QUALIFIED_LABEL_ONLY
Closer,period:fe3df3b5886d9a4a5234,2020-07-25 00:38:07+00:00,,,QUALIFIED_LABEL_ONLY
Closer,period:3e89f4975798019beec8,2020-08-01 00:35:44+00:00,,,QUALIFIED_LABEL_ONLY
Closer,period:9cfbd3e5ecdd20626eed,2020-08-08 00:43:41+00:00,,,QUALIFIED_LABEL_ONLY
Closer,period:0836494c11a0b381c084,2020-08-13 19:38:23+00:00,,,QUALIFIED_LABEL_ONLY
Closer,period:38cb400566e2a3aee1c8,2020-08-20 19:31:44+00:00,,,QUALIFIED_LABEL_ONLY
Closer,period:fcb777e33a04482e7bfb,2021-01-15 23:10:17+00:00,,,QUALIFIED_LABEL_ONLY
Closer,period:2e302fc7c4bd7a4b3864,2021-01-22 22:29:56+00:00,,,QUALIFIED_LABEL_ONLY
Closer,period:9b9f3f2ec839feb3a947,2021-01-29 22:28:31+00:00,,,QUALIFIED_LABEL_ONLY
Closer,period:7c66db573c65177b96bf,2021-02-05 22:24:44+00:00,,,QUALIFIED_LABEL_ONLY
Closer,period:19d1212ec047ea2c2e1c,2021-02-12 22:29:59+00:00,,,QUALIFIED_LABEL_ONLY
Closer,period:577ed5ecd652eb981e79,2021-02-19 22:21:31+00:00,,,QUALIFIED_LABEL_ONLY
Closer,period:3482fd65afd711052651,2021-02-26 22:23:25+00:00,,,QUALIFIED_LABEL_ONLY
Closer,period:433079f36e14953ffe3e,2021-03-05 22:15:28+00:00,,,QUALIFIED_LABEL_ONLY
Closer,period:2eea81e5fabdc42a729f,2021-03-12 22:24:45+00:00,,,QUALIFIED_LABEL_ONLY
Closer,period:4a6e60b4d46361a99310,2021-03-20 19:21:03+00:00,,,QUALIFIED_LABEL_ONLY
Closer,period:22dfd57f1594beeba715,2021-03-27 19:16:36+00:00,,,QUALIFIED_LABEL_ONLY
Closer,period:8e2682918e14580d212b,2021-04-03 19:17:31+00:00,,,QUALIFIED_LABEL_ONLY
Closer,period:debddf61a872640eadfb,2021-06-04 22:02:02+00:00,,,QUALIFIED_LABEL_ONLY
Closer,period:24ddb9953986c3386cb5,2021-06-11 21:37:50+00:00,,,QUALIFIED_LABEL_ONLY
Closer,period:111e9dfa6ccd70cbab3b,2021-06-18 21:02:38+00:00,,,QUALIFIED_LABEL_ONLY
Closer,period:32c02d32a3c87111d752,2021-06-25 21:33:16+00:00,,,QUALIFIED_LABEL_ONLY
Closer,period:4f8f85e36ba842416702,2021-07-02 21:10:28+00:00,,,QUALIFIED_LABEL_ONLY
Closer,period:490dcd8b072f0c76bfcd,2021-07-09 21:35:31+00:00,,,QUALIFIED_LABEL_ONLY
Closer,period:5ede35b384e34b4e7cf7,2021-07-16 21:20:22+00:00,,,QUALIFIED_LABEL_ONLY
Closer,period:5befa75590802ab7de54,2021-07-23 20:58:06+00:00,,,QUALIFIED_LABEL_ONLY
Closer,period:afb91f11a5c9c66cc35b,2021-07-30 21:12:55+00:00,,,QUALIFIED_LABEL_ONLY
Closer,period:3951db25bbaff1ec59cd,2021-08-12 21:13:39+00:00,,,QUALIFIED_LABEL_ONLY
Closer,period:7c5e83ab4c6a7ca8c86a,2021-08-19 21:11:40+00:00,,,QUALIFIED_LABEL_ONLY
Closer,period:dbb9ba645ae8a19c6555,2021-08-28 19:41:05+00:00,,,QUALIFIED_LABEL_ONLY
Closer,period:3921ed3cc984afb56c50,2022-01-14 21:26:31+00:00,,,QUALIFIED_LABEL_ONLY
Closer,period:ea5caa919fbd4b75da18,2022-01-21 21:45:47+00:00,,,QUALIFIED_LABEL_ONLY
Closer,period:5a26c3b6318c7b633520,2022-02-05 20:33:18+00:00,,,QUALIFIED_LABEL_ONLY
Closer,period:44168f74464b99791ba3,2022-02-12 20:53:38+00:00,,,QUALIFIED_LABEL_ONLY
Closer,period:466f661effb9208a840b,2022-02-19 20:54:27+00:00,,,QUALIFIED_LABEL_ONLY
Closer,period:4138ca482beb4344e9ad,2022-02-25 22:37:00+00:00,,,QUALIFIED_LABEL_ONLY
Closer,period:7a928b9ecc895d38667e,2022-03-05 21:01:58+00:00,,,QUALIFIED_LABEL_ONLY
Closer,period:bfbcb255cff7d2c3894f,2022-03-12 21:07:29+00:00,,,QUALIFIED_LABEL_ONLY
Closer,period:9a704a25f780f56ebe1b,2022-03-19 19:32:42+00:00,,,QUALIFIED_LABEL_ONLY
Closer,period:2543e9e0dda5edca0977,2022-03-25 20:43:57+00:00,,,QUALIFIED_LABEL_ONLY
Closer,period:95c58b937c0fcc3e92b9,2022-04-02 20:00:26+00:00,,,QUALIFIED_LABEL_ONLY
Closer,period:8e4979ebdc36578e98ba,2022-04-16 20:06:15+00:00,,,QUALIFIED_LABEL_ONLY
Closer,period:8036ed58940a8d2ab607,2022-04-23 18:36:24+00:00,,,QUALIFIED_LABEL_ONLY
Closer,period:4c81af754b6b135da741,2022-06-17 21:46:00+00:00,,,QUALIFIED_LABEL_ONLY
Closer,period:9098ed2cd53d3e50498b,2022-06-25 20:09:54+00:00,,,QUALIFIED_LABEL_ONLY
Closer,period:bd5d15bd6830501052ed,2022-07-02 20:14:47+00:00,,,QUALIFIED_LABEL_ONLY
Closer,period:a1385753e89a22ad7415,2022-07-16 20:31:00+00:00,,,QUALIFIED_LABEL_ONLY
Closer,period:d36d780bd6e08d095d27,2022-07-23 20:43:00+00:00,,,QUALIFIED_LABEL_ONLY
Closer,period:ab4c55f2271a097a29e2,2022-07-30 20:03:25+00:00,,,QUALIFIED_LABEL_ONLY
Closer,period:9310314000d1dccfe6ae,2022-08-06 20:08:43+00:00,,,QUALIFIED_LABEL_ONLY
Closer,period:e268d0eb9109f8185a29,2022-08-12 20:55:46+00:00,,,QUALIFIED_LABEL_ONLY
Closer,period:f6ad6d70568c5aa4ddb9,2022-08-25 19:37:29+00:00,,,QUALIFIED_LABEL_ONLY
Closer,period:f14a4fb0f93da34e9201,2022-09-01 19:27:30+00:00,,,QUALIFIED_LABEL_ONLY
Closer,period:f4e76c51fd962159c780,2022-09-10 19:07:58+00:00,,,QUALIFIED_LABEL_ONLY
Closer,period:452655f2bc33b5b76085,2023-01-26 22:16:48+00:00,,,QUALIFIED_LABEL_ONLY
Closer,period:9ad2bd3e76204c678ee3,2023-02-02 22:06:55+00:00,,,QUALIFIED_LABEL_ONLY
Closer,period:5193f604ed2f15e301e1,2023-02-09 22:07:17+00:00,,,QUALIFIED_LABEL_ONLY
Closer,period:2b3de7782bdf56dc82d0,2023-02-15 22:07:50+00:00,,,QUALIFIED_LABEL_ONLY
Closer,period:36d3f31311f21e914d55,2023-02-23 22:06:52+00:00,,,QUALIFIED_LABEL_ONLY
Closer,period:83278694723ba910058b,2023-03-02 22:08:20+00:00,,,QUALIFIED_LABEL_ONLY
Closer,period:402a134be7abbe005149,2023-03-09 22:22:41+00:00,,,QUALIFIED_LABEL_ONLY
Closer,period:8d9d5d3f36e034ced562,2023-03-15 21:07:53+00:00,,,QUALIFIED_LABEL_ONLY
Closer,period:d990ac8b125022094901,2023-03-23 21:10:53+00:00,,,QUALIFIED_LABEL_ONLY
Closer,period:3943367d2ce567a9fae3,2023-06-14 21:13:03+00:00,,,QUALIFIED_LABEL_ONLY
Closer,period:f2ee99995367bf0fc030,2023-06-21 21:07:31+00:00,,,QUALIFIED_LABEL_ONLY
Closer,period:c790283b449e6bb25672,2023-06-28 21:06:50+00:00,,,QUALIFIED_LABEL_ONLY
Closer,period:ff185424af4133395119,2023-07-05 21:05:49+00:00,,,QUALIFIED_LABEL_ONLY
Closer,period:36cf05276a8bbe55409a,2023-07-12 21:06:58+00:00,,,QUALIFIED_LABEL_ONLY
Closer,period:dd1399a0cf2f56138daa,2023-07-19 21:07:18+00:00,,,QUALIFIED_LABEL_ONLY
Closer,period:4520b87081b51698489a,2023-08-03 21:07:08+00:00,,,QUALIFIED_LABEL_ONLY
Cody Sun,period:01bed218199c5fc6a295,2020-01-25 21:37:53+00:00,,,QUALIFIED_LABEL_ONLY
Cody Sun,period:18c306f73901eb8e548e,2020-02-01 21:36:35+00:00,,,QUALIFIED_LABEL_ONLY
Cody Sun,period:bd2e80371da37619c695,2020-02-08 21:30:18+00:00,,,QUALIFIED_LABEL_ONLY
Cody Sun,period:94dc307a169a4236f643,2020-02-15 21:33:19+00:00,,,QUALIFIED_LABEL_ONLY
Cody Sun,period:90cc39f891e2dbcab3ef,2020-02-22 21:37:14+00:00,,,QUALIFIED_LABEL_ONLY
Cody Sun,period:cb03c621696fc2e91764,2020-02-29 21:26:53+00:00,,,QUALIFIED_LABEL_ONLY
Cody Sun,period:14606e5066005561df07,2020-03-07 21:40:12+00:00,,,QUALIFIED_LABEL_ONLY
Cody Sun,period:b2e2840d56c789b5030c,2020-03-21 20:18:48+00:00,,,QUALIFIED_LABEL_ONLY
Cody Sun,period:666de7dcc2eb91211639,2020-03-28 20:29:42+00:00,,,QUALIFIED_LABEL_ONLY
Cody Sun,period:5a2658b56ec5d5c6a04d,2020-04-04 19:44:42+00:00,,,QUALIFIED_LABEL_ONLY
Cody Sun,period:1970df0ebd4246c6ea3b,2020-06-13 00:40:51+00:00,,,QUALIFIED_LABEL_ONLY
Cody Sun,period:3968b01a861a52d381a8,2020-06-20 00:31:26+00:00,,,QUALIFIED_LABEL_ONLY
Cody Sun,period:642a5bb7deff76d164b5,2020-06-27 00:39:52+00:00,,,QUALIFIED_LABEL_ONLY
Cody Sun,period:7813fa8e90f59320de07,2020-07-04 00:21:06+00:00,,,QUALIFIED_LABEL_ONLY
Cody Sun,period:1e2c5a7144cf9a8bc308,2020-07-11 00:50:27+00:00,,,QUALIFIED_LABEL_ONLY
Cody Sun,period:2d69b4a154591d5cca77,2020-07-18 00:30:49+00:00,,,QUALIFIED_LABEL_ONLY
Cody Sun,period:fe3df3b5886d9a4a5234,2020-07-25 00:38:07+00:00,,,QUALIFIED_LABEL_ONLY
Cody Sun,period:3e89f4975798019beec8,2020-08-01 00:35:44+00:00,,,QUALIFIED_LABEL_ONLY
Cody Sun,period:9cfbd3e5ecdd20626eed,2020-08-08 00:43:41+00:00,,,QUALIFIED_LABEL_ONLY
Cody Sun,period:0836494c11a0b381c084,2020-08-13 19:38:23+00:00,,,QUALIFIED_LABEL_ONLY
Contractz,period:7813fa8e90f59320de07,2020-07-04 00:21:06+00:00,,,QUALIFIED_LABEL_ONLY
Contractz,period:1e2c5a7144cf9a8bc308,2020-07-11 00:50:27+00:00,,,QUALIFIED_LABEL_ONLY
Contractz,period:2d69b4a154591d5cca77,2020-07-18 00:30:49+00:00,,,QUALIFIED_LABEL_ONLY
Contractz,period:fe3df3b5886d9a4a5234,2020-07-25 00:38:07+00:00,,,QUALIFIED_LABEL_ONLY
Contractz,period:3e89f4975798019beec8,2020-08-01 00:35:44+00:00,,,QUALIFIED_LABEL_ONLY
Contractz,period:9cfbd3e5ecdd20626eed,2020-08-08 00:43:41+00:00,,,QUALIFIED_LABEL_ONLY
Contractz,period:0836494c11a0b381c084,2020-08-13 19:38:23+00:00,,,QUALIFIED_LABEL_ONLY
Contractz,period:32c02d32a3c87111d752,2021-06-25 21:33:16+00:00,,,QUALIFIED_LABEL_ONLY
Contractz,period:490dcd8b072f0c76bfcd,2021-07-09 21:35:31+00:00,,,QUALIFIED_LABEL_ONLY
Contractz,period:5befa75590802ab7de54,2021-07-23 20:58:06+00:00,,,QUALIFIED_LABEL_ONLY
Contractz,period:afb91f11a5c9c66cc35b,2021-07-30 21:12:55+00:00,,,QUALIFIED_LABEL_ONLY
Contractz,period:a8f8fd7e2f96bbacb87c,2021-08-07 20:23:28+00:00,,,QUALIFIED_LABEL_ONLY
Contractz,period:3951db25bbaff1ec59cd,2021-08-12 21:13:39+00:00,,,QUALIFIED_LABEL_ONLY
Contractz,period:7c5e83ab4c6a7ca8c86a,2021-08-19 21:11:40+00:00,,,QUALIFIED_LABEL_ONLY
Contractz,period:3921ed3cc984afb56c50,2022-01-14 21:26:31+00:00,,,QUALIFIED_LABEL_ONLY
Contractz,period:ea5caa919fbd4b75da18,2022-01-21 21:45:47+00:00,,,QUALIFIED_LABEL_ONLY
Contractz,period:5a26c3b6318c7b633520,2022-02-05 20:33:18+00:00,,,QUALIFIED_LABEL_ONLY
Contractz,period:44168f74464b99791ba3,2022-02-12 20:53:38+00:00,,,QUALIFIED_LABEL_ONLY
Contractz,period:466f661effb9208a840b,2022-02-19 20:54:27+00:00,,,QUALIFIED_LABEL_ONLY
Contractz,period:4138ca482beb4344e9ad,2022-02-25 22:37:00+00:00,,,QUALIFIED_LABEL_ONLY
Contractz,period:7a928b9ecc895d38667e,2022-03-05 21:01:58+00:00,,,QUALIFIED_LABEL_ONLY
Contractz,period:bfbcb255cff7d2c3894f,2022-03-12 21:07:29+00:00,,,QUALIFIED_LABEL_ONLY
Contractz,period:9a704a25f780f56ebe1b,2022-03-19 19:32:42+00:00,,,QUALIFIED_LABEL_ONLY
Contractz,period:2543e9e0dda5edca0977,2022-03-25 20:43:57+00:00,,,QUALIFIED_LABEL_ONLY
Contractz,period:4c81af754b6b135da741,2022-06-17 21:46:00+00:00,,,QUALIFIED_LABEL_ONLY
Contractz,period:9098ed2cd53d3e50498b,2022-06-25 20:09:54+00:00,,,QUALIFIED_LABEL_ONLY
Contractz,period:bd5d15bd6830501052ed,2022-07-02 20:14:47+00:00,,,QUALIFIED_LABEL_ONLY
Contractz,period:a1385753e89a22ad7415,2022-07-16 20:31:00+00:00,,,QUALIFIED_LABEL_ONLY
Contractz,period:d36d780bd6e08d095d27,2022-07-23 20:43:00+00:00,,,QUALIFIED_LABEL_ONLY
Contractz,period:ab4c55f2271a097a29e2,2022-07-30 20:03:25+00:00,,,QUALIFIED_LABEL_ONLY
Contractz,period:9310314000d1dccfe6ae,2022-08-06 20:08:43+00:00,,,QUALIFIED_LABEL_ONLY
Contractz,period:e268d0eb9109f8185a29,2022-08-12 20:55:46+00:00,,,QUALIFIED_LABEL_ONLY
Contractz,period:fcd21c282bb6eb984919,2022-08-20 19:32:26+00:00,,,QUALIFIED_LABEL_ONLY
Contractz,period:f6ad6d70568c5aa4ddb9,2022-08-25 19:37:29+00:00,,,QUALIFIED_LABEL_ONLY
Contractz,period:f14a4fb0f93da34e9201,2022-09-01 19:27:30+00:00,,,QUALIFIED_LABEL_ONLY
Contractz,period:452655f2bc33b5b76085,2023-01-26 22:16:48+00:00,,,QUALIFIED_LABEL_ONLY
Contractz,period:9ad2bd3e76204c678ee3,2023-02-02 22:06:55+00:00,,,QUALIFIED_LABEL_ONLY
Contractz,period:5193f604ed2f15e301e1,2023-02-09 22:07:17+00:00,,,QUALIFIED_LABEL_ONLY
Contractz,period:2b3de7782bdf56dc82d0,2023-02-15 22:07:50+00:00,,,QUALIFIED_LABEL_ONLY
Contractz,period:36d3f31311f21e914d55,2023-02-23 22:06:52+00:00,,,QUALIFIED_LABEL_ONLY
Contractz,period:83278694723ba910058b,2023-03-02 22:08:20+00:00,,,QUALIFIED_LABEL_ONLY
Contractz,period:402a134be7abbe005149,2023-03-09 22:22:41+00:00,,,QUALIFIED_LABEL_ONLY
Contractz,period:8d9d5d3f36e034ced562,2023-03-15 21:07:53+00:00,,,QUALIFIED_LABEL_ONLY
Contractz,period:d990ac8b125022094901,2023-03-23 21:10:53+00:00,,,QUALIFIED_LABEL_ONLY
Contractz,period:3943367d2ce567a9fae3,2023-06-14 21:13:03+00:00,,,QUALIFIED_LABEL_ONLY
Contractz,period:f2ee99995367bf0fc030,2023-06-21 21:07:31+00:00,,,QUALIFIED_LABEL_ONLY
Contractz,period:c790283b449e6bb25672,2023-06-28 21:06:50+00:00,,,QUALIFIED_LABEL_ONLY
Contractz,period:ff185424af4133395119,2023-07-05 21:05:49+00:00,,,QUALIFIED_LABEL_ONLY
Contractz,period:36cf05276a8bbe55409a,2023-07-12 21:06:58+00:00,,,QUALIFIED_LABEL_ONLY
Contractz,period:dd1399a0cf2f56138daa,2023-07-19 21:07:18+00:00,,,QUALIFIED_LABEL_ONLY
Contractz,period:67a5ff4d5b051b402092,2023-07-27 21:07:41+00:00,,,QUALIFIED_LABEL_ONLY
Contractz,period:4520b87081b51698489a,2023-08-03 21:07:08+00:00,,,QUALIFIED_LABEL_ONLY
Contractz,period:a7fd1e72d2ba831ccc8d,2023-08-10 21:10:37+00:00,,,QUALIFIED_LABEL_ONLY
Contractz,period:c21bdc9dc5e7a7f7922d,2023-08-19 20:18:53+00:00,,,QUALIFIED_LABEL_ONLY
Contractz,period:27c11f42e65c97b901b8,2024-01-20 20:15:01+00:00,,,QUALIFIED_LABEL_ONLY
Contractz,period:ab546300266e49331659,2024-01-27 20:15:48+00:00,,,QUALIFIED_LABEL_ONLY
Contractz,period:f82eb58c594ccc349383,2024-02-02 21:12:22+00:00,,,QUALIFIED_LABEL_ONLY
Contractz,period:06566a2ea584fecf6c15,2024-02-10 21:07:54+00:00,,,QUALIFIED_LABEL_ONLY
Contractz,period:789a06731adc1e0c8798,2024-03-02 21:07:29+00:00,,,QUALIFIED_LABEL_ONLY
Contractz,period:a0f9da327c11cf3cc717,2024-03-08 21:07:46+00:00,,,QUALIFIED_LABEL_ONLY
Contractz,period:448a8f91622619afdbe7,2024-03-14 20:08:02+00:00,,,QUALIFIED_LABEL_ONLY
Contractz,period:697d8a8453920f1ff1c8,2024-06-15 20:11:50+00:00,,,QUALIFIED_LABEL_ONLY
Contractz,period:ea10f8bb7f189dc4197a,2024-06-22 20:11:50+00:00,,,QUALIFIED_LABEL_ONLY
Contractz,period:fb51ebc6418ce68c46c6,2024-06-27 20:07:21+00:00,,,QUALIFIED_LABEL_ONLY
Contractz,period:0f3dd675ff7b55987f43,2024-07-20 20:10:15+00:00,,,QUALIFIED_LABEL_ONLY
Contractz,period:29c7eddc03e68fe96070,2024-07-27 20:09:19+00:00,,,QUALIFIED_LABEL_ONLY
Contractz,period:03ffd32cfddfafb63d73,2024-08-03 20:08:15+00:00,,,QUALIFIED_LABEL_ONLY
Contractz,period:cdd6b3ae49979eef3d9f,2024-08-10 20:07:50+00:00,,,QUALIFIED_LABEL_ONLY
Contractz,period:5218e82018c8910d187b,2024-08-17 20:07:21+00:00,,,QUALIFIED_LABEL_ONLY
Contractz,period:c0a1c4ffff2a32aacb10,2024-08-23 20:07:51+00:00,,,QUALIFIED_LABEL_ONLY
Contractz,period:ee078790277fa6a5a0ce,2025-01-25 21:14:31+00:00,,,QUALIFIED_LABEL_ONLY
Contractz,period:b08144b94745feadc04c,2025-02-01 21:06:58+00:00,,,QUALIFIED_LABEL_ONLY
Contractz,period:bcc5730448bc2219d32a,2025-02-09 21:07:49+00:00,,,QUALIFIED_LABEL_ONLY
Contractz,period:5a5260defef5072643d0,2025-04-05 20:14:15+00:00,,,QUALIFIED_LABEL_ONLY
Contractz,period:fb622d9f67b0d1bacd81,2025-04-12 20:06:56+00:00,,,QUALIFIED_LABEL_ONLY
Contractz,period:ab17bbbf5d12cdddc770,2025-04-19 20:08:34+00:00,,,QUALIFIED_LABEL_ONLY
Contractz,period:0bd7b62868a6e6fa9a6d,2025-04-26 20:08:33+00:00,,,QUALIFIED_LABEL_ONLY
Contractz,period:f91ca0f544586fb72c4d,2025-05-03 20:08:26+00:00,,,QUALIFIED_LABEL_ONLY
Contractz,period:92eb584d41521b4a115a,2025-05-10 20:09:23+00:00,,,QUALIFIED_LABEL_ONLY
Contractz,period:42a66f8e41011df34073,2025-05-17 20:08:05+00:00,,,QUALIFIED_LABEL_ONLY
Contractz,period:769a792cb95be4e074fc,2025-05-24 20:07:34+00:00,,,QUALIFIED_LABEL_ONLY
Contractz,period:540a575a08edacdeb808,2025-05-31 20:08:28+00:00,,,QUALIFIED_LABEL_ONLY
Contractz,period:b6b241bcd2df026a0c10,2025-06-07 20:06:56+00:00,,,QUALIFIED_LABEL_ONLY
Contractz,period:780234292186bbac5f9e,2025-06-14 20:12:24+00:00,,,QUALIFIED_LABEL_ONLY
Contractz,period:f92170f131413923b84c,2025-07-26 20:10:23+00:00,,,QUALIFIED_LABEL_ONLY
Contractz,period:c7231b512ce5dfec31cf,2025-08-02 20:08:18+00:00,,,QUALIFIED_LABEL_ONLY
Contractz,period:c139a580fc7ad181ea33,2025-08-09 20:06:58+00:00,,,QUALIFIED_LABEL_ONLY
Contractz,period:9d2506f6d55754824303,2025-08-16 20:06:27+00:00,,,QUALIFIED_LABEL_ONLY
Contractz,period:1ffa4e947c2611f80c97,2025-08-29 20:06:10+00:00,,,QUALIFIED_LABEL_ONLY
Contractz,period:717827b0ee213b1efab1,2025-09-05 20:05:46+00:00,,,QUALIFIED_LABEL_ONLY
Contractz,period:28d589eedfce312e1ad3,2026-01-24 21:24:34+00:00,,,QUALIFIED_LABEL_ONLY
Contractz,period:70fac0200d695853ccdc,2026-01-31 21:07:01+00:00,,,QUALIFIED_LABEL_ONLY
Contractz,period:640bff8c4b7983edf208,2026-02-02 00:35:19+00:00,,,QUALIFIED_LABEL_ONLY
Contractz,period:b2e5a5987eefaa30eea2,2026-02-07 21:11:32+00:00,,,QUALIFIED_LABEL_ONLY
Contractz,period:74efed7e4a28a304cc30,2026-04-04 20:17:46+00:00,,,QUALIFIED_LABEL_ONLY
Contractz,period:fc48b32f725285a09f66,2026-04-11 20:08:26+00:00,,,QUALIFIED_LABEL_ONLY
Contractz,period:9ad9f360f988761d91c1,2026-04-18 20:07:45+00:00,,,QUALIFIED_LABEL_ONLY
Contractz,period:b0a60cf2f3d3558f5e56,2026-04-25 20:09:02+00:00,,,QUALIFIED_LABEL_ONLY
Contractz,period:0a890f671f8ce6bbde59,2026-05-02 20:10:20+00:00,,,QUALIFIED_LABEL_ONLY
Contractz,period:bca1e648a46734294b57,2026-05-09 20:08:09+00:00,,,QUALIFIED_LABEL_ONLY
Contractz,period:1c76ac6866aa6a71a894,2026-05-16 20:08:36+00:00,,,QUALIFIED_LABEL_ONLY
Contractz,period:646c3784493968152598,2026-05-30 20:10:37+00:00,,,QUALIFIED_LABEL_ONLY
Contractz,period:5afe139f56d9c0db8f2d,2026-07-25 20:13:30+00:00,,,QUALIFIED_LABEL_ONLY
CoreJJ,period:01bed218199c5fc6a295,2020-01-25 21:37:53+00:00,,,QUALIFIED_LABEL_ONLY
CoreJJ,period:18c306f73901eb8e548e,2020-02-01 21:36:35+00:00,,,QUALIFIED_LABEL_ONLY
CoreJJ,period:bd2e80371da37619c695,2020-02-08 21:30:18+00:00,,,QUALIFIED_LABEL_ONLY
CoreJJ,period:94dc307a169a4236f643,2020-02-15 21:33:19+00:00,,,QUALIFIED_LABEL_ONLY
CoreJJ,period:90cc39f891e2dbcab3ef,2020-02-22 21:37:14+00:00,,,QUALIFIED_LABEL_ONLY
CoreJJ,period:cb03c621696fc2e91764,2020-02-29 21:26:53+00:00,,,QUALIFIED_LABEL_ONLY
CoreJJ,period:14606e5066005561df07,2020-03-07 21:40:12+00:00,,,QUALIFIED_LABEL_ONLY
CoreJJ,period:b2e2840d56c789b5030c,2020-03-21 20:18:48+00:00,,,QUALIFIED_LABEL_ONLY
CoreJJ,period:666de7dcc2eb91211639,2020-03-28 20:29:42+00:00,,,QUALIFIED_LABEL_ONLY
CoreJJ,period:1970df0ebd4246c6ea3b,2020-06-13 00:40:51+00:00,,,QUALIFIED_LABEL_ONLY
CoreJJ,period:3968b01a861a52d381a8,2020-06-20 00:31:26+00:00,,,QUALIFIED_LABEL_ONLY
CoreJJ,period:642a5bb7deff76d164b5,2020-06-27 00:39:52+00:00,,,QUALIFIED_LABEL_ONLY
CoreJJ,period:7813fa8e90f59320de07,2020-07-04 00:21:06+00:00,,,QUALIFIED_LABEL_ONLY
CoreJJ,period:1e2c5a7144cf9a8bc308,2020-07-11 00:50:27+00:00,,,QUALIFIED_LABEL_ONLY
CoreJJ,period:2d69b4a154591d5cca77,2020-07-18 00:30:49+00:00,,,QUALIFIED_LABEL_ONLY
CoreJJ,period:fe3df3b5886d9a4a5234,2020-07-25 00:38:07+00:00,,,QUALIFIED_LABEL_ONLY
CoreJJ,period:3e89f4975798019beec8,2020-08-01 00:35:44+00:00,,,QUALIFIED_LABEL_ONLY
CoreJJ,period:9cfbd3e5ecdd20626eed,2020-08-08 00:43:41+00:00,,,QUALIFIED_LABEL_ONLY
CoreJJ,period:38cb400566e2a3aee1c8,2020-08-20 19:31:44+00:00,,,QUALIFIED_LABEL_ONLY
CoreJJ,period:53a986e97c4e64053db8,2020-08-29 19:32:38+00:00,,,QUALIFIED_LABEL_ONLY
CoreJJ,period:c131bd9da535908c94f0,2020-09-05 19:31:41+00:00,,,QUALIFIED_LABEL_ONLY
CoreJJ,period:fcb777e33a04482e7bfb,2021-01-15 23:10:17+00:00,,,QUALIFIED_LABEL_ONLY
CoreJJ,period:2e302fc7c4bd7a4b3864,2021-01-22 22:29:56+00:00,,,QUALIFIED_LABEL_ONLY
CoreJJ,period:9b9f3f2ec839feb3a947,2021-01-29 22:28:31+00:00,,,QUALIFIED_LABEL_ONLY
CoreJJ,period:7c66db573c65177b96bf,2021-02-05 22:24:44+00:00,,,QUALIFIED_LABEL_ONLY
CoreJJ,period:19d1212ec047ea2c2e1c,2021-02-12 22:29:59+00:00,,,QUALIFIED_LABEL_ONLY
CoreJJ,period:577ed5ecd652eb981e79,2021-02-19 22:21:31+00:00,,,QUALIFIED_LABEL_ONLY
CoreJJ,period:3482fd65afd711052651,2021-02-26 22:23:25+00:00,,,QUALIFIED_LABEL_ONLY
CoreJJ,period:433079f36e14953ffe3e,2021-03-05 22:15:28+00:00,,,QUALIFIED_LABEL_ONLY
CoreJJ,period:2eea81e5fabdc42a729f,2021-03-12 22:24:45+00:00,,,QUALIFIED_LABEL_ONLY
CoreJJ,period:4a6e60b4d46361a99310,2021-03-20 19:21:03+00:00,,,QUALIFIED_LABEL_ONLY
CoreJJ,period:8e2682918e14580d212b,2021-04-03 19:17:31+00:00,,,QUALIFIED_LABEL_ONLY
CoreJJ,period:759dd00fd0d693b754cc,2021-04-10 19:41:22+00:00,,,QUALIFIED_LABEL_ONLY
CoreJJ,period:debddf61a872640eadfb,2021-06-04 22:02:02+00:00,,,QUALIFIED_LABEL_ONLY
CoreJJ,period:24ddb9953986c3386cb5,2021-06-11 21:37:50+00:00,,,QUALIFIED_LABEL_ONLY
CoreJJ,period:111e9dfa6ccd70cbab3b,2021-06-18 21:02:38+00:00,,,QUALIFIED_LABEL_ONLY
CoreJJ,period:32c02d32a3c87111d752,2021-06-25 21:33:16+00:00,,,QUALIFIED_LABEL_ONLY
CoreJJ,period:4f8f85e36ba842416702,2021-07-02 21:10:28+00:00,,,QUALIFIED_LABEL_ONLY
CoreJJ,period:490dcd8b072f0c76bfcd,2021-07-09 21:35:31+00:00,,,QUALIFIED_LABEL_ONLY
CoreJJ,period:5ede35b384e34b4e7cf7,2021-07-16 21:20:22+00:00,,,QUALIFIED_LABEL_ONLY
CoreJJ,period:5befa75590802ab7de54,2021-07-23 20:58:06+00:00,,,QUALIFIED_LABEL_ONLY
CoreJJ,period:afb91f11a5c9c66cc35b,2021-07-30 21:12:55+00:00,,,QUALIFIED_LABEL_ONLY
CoreJJ,period:a8f8fd7e2f96bbacb87c,2021-08-07 20:23:28+00:00,,,QUALIFIED_LABEL_ONLY
CoreJJ,period:3951db25bbaff1ec59cd,2021-08-12 21:13:39+00:00,,,QUALIFIED_LABEL_ONLY
CoreJJ,period:7c5e83ab4c6a7ca8c86a,2021-08-19 21:11:40+00:00,,,QUALIFIED_LABEL_ONLY
CoreJJ,period:dbb9ba645ae8a19c6555,2021-08-28 19:41:05+00:00,,,QUALIFIED_LABEL_ONLY
CoreJJ,period:3921ed3cc984afb56c50,2022-01-14 21:26:31+00:00,,,QUALIFIED_LABEL_ONLY
CoreJJ,period:ea5caa919fbd4b75da18,2022-01-21 21:45:47+00:00,,,QUALIFIED_LABEL_ONLY
CoreJJ,period:466f661effb9208a840b,2022-02-19 20:54:27+00:00,,,QUALIFIED_LABEL_ONLY
CoreJJ,period:7a928b9ecc895d38667e,2022-03-05 21:01:58+00:00,,,QUALIFIED_LABEL_ONLY
CoreJJ,period:bfbcb255cff7d2c3894f,2022-03-12 21:07:29+00:00,,,QUALIFIED_LABEL_ONLY
CoreJJ,period:9a704a25f780f56ebe1b,2022-03-19 19:32:42+00:00,,,QUALIFIED_LABEL_ONLY
CoreJJ,period:2543e9e0dda5edca0977,2022-03-25 20:43:57+00:00,,,QUALIFIED_LABEL_ONLY
CoreJJ,period:95c58b937c0fcc3e92b9,2022-04-02 20:00:26+00:00,,,QUALIFIED_LABEL_ONLY
CoreJJ,period:8e4979ebdc36578e98ba,2022-04-16 20:06:15+00:00,,,QUALIFIED_LABEL_ONLY
CoreJJ,period:8036ed58940a8d2ab607,2022-04-23 18:36:24+00:00,,,QUALIFIED_LABEL_ONLY
CoreJJ,period:4c81af754b6b135da741,2022-06-17 21:46:00+00:00,,,QUALIFIED_LABEL_ONLY
CoreJJ,period:9098ed2cd53d3e50498b,2022-06-25 20:09:54+00:00,,,QUALIFIED_LABEL_ONLY
CoreJJ,period:bd5d15bd6830501052ed,2022-07-02 20:14:47+00:00,,,QUALIFIED_LABEL_ONLY
CoreJJ,period:a1385753e89a22ad7415,2022-07-16 20:31:00+00:00,,,QUALIFIED_LABEL_ONLY
CoreJJ,period:d36d780bd6e08d095d27,2022-07-23 20:43:00+00:00,,,QUALIFIED_LABEL_ONLY
CoreJJ,period:ab4c55f2271a097a29e2,2022-07-30 20:03:25+00:00,,,QUALIFIED_LABEL_ONLY
CoreJJ,period:9310314000d1dccfe6ae,2022-08-06 20:08:43+00:00,,,QUALIFIED_LABEL_ONLY
CoreJJ,period:e268d0eb9109f8185a29,2022-08-12 20:55:46+00:00,,,QUALIFIED_LABEL_ONLY
CoreJJ,period:fcd21c282bb6eb984919,2022-08-20 19:32:26+00:00,,,QUALIFIED_LABEL_ONLY
CoreJJ,period:f6ad6d70568c5aa4ddb9,2022-08-25 19:37:29+00:00,,,QUALIFIED_LABEL_ONLY
CoreJJ,period:f14a4fb0f93da34e9201,2022-09-01 19:27:30+00:00,,,QUALIFIED_LABEL_ONLY
CoreJJ,period:452655f2bc33b5b76085,2023-01-26 22:16:48+00:00,,,QUALIFIED_LABEL_ONLY
CoreJJ,period:9ad2bd3e76204c678ee3,2023-02-02 22:06:55+00:00,,,QUALIFIED_LABEL_ONLY
CoreJJ,period:5193f604ed2f15e301e1,2023-02-09 22:07:17+00:00,,,QUALIFIED_LABEL_ONLY
CoreJJ,period:2b3de7782bdf56dc82d0,2023-02-15 22:07:50+00:00,,,QUALIFIED_LABEL_ONLY
CoreJJ,period:36d3f31311f21e914d55,2023-02-23 22:06:52+00:00,,,QUALIFIED_LABEL_ONLY
CoreJJ,period:83278694723ba910058b,2023-03-02 22:08:20+00:00,,,QUALIFIED_LABEL_ONLY
CoreJJ,period:402a134be7abbe005149,2023-03-09 22:22:41+00:00,,,QUALIFIED_LABEL_ONLY
CoreJJ,period:8d9d5d3f36e034ced562,2023-03-15 21:07:53+00:00,,,QUALIFIED_LABEL_ONLY
CoreJJ,period:3943367d2ce567a9fae3,2023-06-14 21:13:03+00:00,,,QUALIFIED_LABEL_ONLY
CoreJJ,period:f2ee99995367bf0fc030,2023-06-21 21:07:31+00:00,,,QUALIFIED_LABEL_ONLY
CoreJJ,period:c790283b449e6bb25672,2023-06-28 21:06:50+00:00,,,QUALIFIED_LABEL_ONLY
CoreJJ,period:ff185424af4133395119,2023-07-05 21:05:49+00:00,,,QUALIFIED_LABEL_ONLY
CoreJJ,period:36cf05276a8bbe55409a,2023-07-12 21:06:58+00:00,,,QUALIFIED_LABEL_ONLY
CoreJJ,period:dd1399a0cf2f56138daa,2023-07-19 21:07:18+00:00,,,QUALIFIED_LABEL_ONLY
CoreJJ,period:67a5ff4d5b051b402092,2023-07-27 21:07:41+00:00,,,QUALIFIED_LABEL_ONLY
CoreJJ,period:4520b87081b51698489a,2023-08-03 21:07:08+00:00,,,QUALIFIED_LABEL_ONLY
CoreJJ,period:a7fd1e72d2ba831ccc8d,2023-08-10 21:10:37+00:00,,,QUALIFIED_LABEL_ONLY
CoreJJ,period:c21bdc9dc5e7a7f7922d,2023-08-19 20:18:53+00:00,,,QUALIFIED_LABEL_ONLY
CoreJJ,period:27c11f42e65c97b901b8,2024-01-20 20:15:01+00:00,,,QUALIFIED_LABEL_ONLY
CoreJJ,period:ab546300266e49331659,2024-01-27 20:15:48+00:00,,,QUALIFIED_LABEL_ONLY
CoreJJ,period:f82eb58c594ccc349383,2024-02-02 21:12:22+00:00,,,QUALIFIED_LABEL_ONLY
CoreJJ,period:06566a2ea584fecf6c15,2024-02-10 21:07:54+00:00,,,QUALIFIED_LABEL_ONLY
CoreJJ,period:789a06731adc1e0c8798,2024-03-02 21:07:29+00:00,,,QUALIFIED_LABEL_ONLY
CoreJJ,period:a0f9da327c11cf3cc717,2024-03-08 21:07:46+00:00,,,QUALIFIED_LABEL_ONLY
CoreJJ,period:448a8f91622619afdbe7,2024-03-14 20:08:02+00:00,,,QUALIFIED_LABEL_ONLY
CoreJJ,period:18a8b98d7b5d7f0b7105,2024-03-22 20:08:04+00:00,,,QUALIFIED_LABEL_ONLY
CoreJJ,period:0c3bfca85acd014e625d,2024-03-30 20:22:30+00:00,,,QUALIFIED_LABEL_ONLY
CoreJJ,period:697d8a8453920f1ff1c8,2024-06-15 20:11:50+00:00,,,QUALIFIED_LABEL_ONLY
CoreJJ,period:ea10f8bb7f189dc4197a,2024-06-22 20:11:50+00:00,,,QUALIFIED_LABEL_ONLY
CoreJJ,period:fb51ebc6418ce68c46c6,2024-06-27 20:07:21+00:00,,,QUALIFIED_LABEL_ONLY
CoreJJ,period:0f3dd675ff7b55987f43,2024-07-20 20:10:15+00:00,,,QUALIFIED_LABEL_ONLY
CoreJJ,period:29c7eddc03e68fe96070,2024-07-27 20:09:19+00:00,,,QUALIFIED_LABEL_ONLY
CoreJJ,period:03ffd32cfddfafb63d73,2024-08-03 20:08:15+00:00,,,QUALIFIED_LABEL_ONLY
CoreJJ,period:cdd6b3ae49979eef3d9f,2024-08-10 20:07:50+00:00,,,QUALIFIED_LABEL_ONLY
CoreJJ,period:c0a1c4ffff2a32aacb10,2024-08-23 20:07:51+00:00,,,QUALIFIED_LABEL_ONLY
CoreJJ,period:3685f26c9338932445a9,2024-08-30 20:08:40+00:00,,,QUALIFIED_LABEL_ONLY
CoreJJ,period:77186dc9e4b5f1acc2df,2024-09-06 20:13:13+00:00,,,QUALIFIED_LABEL_ONLY
CoreJJ,period:ee078790277fa6a5a0ce,2025-01-25 21:14:31+00:00,,,QUALIFIED_LABEL_ONLY
CoreJJ,period:b08144b94745feadc04c,2025-02-01 21:06:58+00:00,,,QUALIFIED_LABEL_ONLY
CoreJJ,period:bcc5730448bc2219d32a,2025-02-09 21:07:49+00:00,,,QUALIFIED_LABEL_ONLY
CoreJJ,period:5a5260defef5072643d0,2025-04-05 20:14:15+00:00,,,QUALIFIED_LABEL_ONLY
CoreJJ,period:fb622d9f67b0d1bacd81,2025-04-12 20:06:56+00:00,,,QUALIFIED_LABEL_ONLY
CoreJJ,period:ab17bbbf5d12cdddc770,2025-04-19 20:08:34+00:00,,,QUALIFIED_LABEL_ONLY
CoreJJ,period:0bd7b62868a6e6fa9a6d,2025-04-26 20:08:33+00:00,,,QUALIFIED_LABEL_ONLY
CoreJJ,period:f91ca0f544586fb72c4d,2025-05-03 20:08:26+00:00,,,QUALIFIED_LABEL_ONLY
CoreJJ,period:92eb584d41521b4a115a,2025-05-10 20:09:23+00:00,,,QUALIFIED_LABEL_ONLY
CoreJJ,period:42a66f8e41011df34073,2025-05-17 20:08:05+00:00,,,QUALIFIED_LABEL_ONLY
CoreJJ,period:769a792cb95be4e074fc,2025-05-24 20:07:34+00:00,,,QUALIFIED_LABEL_ONLY
CoreJJ,period:540a575a08edacdeb808,2025-05-31 20:08:28+00:00,,,QUALIFIED_LABEL_ONLY
CoreJJ,period:b6b241bcd2df026a0c10,2025-06-07 20:06:56+00:00,,,QUALIFIED_LABEL_ONLY
CoreJJ,period:f92170f131413923b84c,2025-07-26 20:10:23+00:00,,,QUALIFIED_LABEL_ONLY
CoreJJ,period:c7231b512ce5dfec31cf,2025-08-02 20:08:18+00:00,,,QUALIFIED_LABEL_ONLY
CoreJJ,period:c139a580fc7ad181ea33,2025-08-09 20:06:58+00:00,,,QUALIFIED_LABEL_ONLY
CoreJJ,period:9d2506f6d55754824303,2025-08-16 20:06:27+00:00,,,QUALIFIED_LABEL_ONLY
CoreJJ,period:1ffa4e947c2611f80c97,2025-08-29 20:06:10+00:00,,,QUALIFIED_LABEL_ONLY
CoreJJ,period:28d589eedfce312e1ad3,2026-01-24 21:24:34+00:00,,,QUALIFIED_LABEL_ONLY
CoreJJ,period:70fac0200d695853ccdc,2026-01-31 21:07:01+00:00,,,QUALIFIED_LABEL_ONLY
CoreJJ,period:640bff8c4b7983edf208,2026-02-02 00:35:19+00:00,,,QUALIFIED_LABEL_ONLY
CoreJJ,period:b2e5a5987eefaa30eea2,2026-02-07 21:11:32+00:00,,,QUALIFIED_LABEL_ONLY
CoreJJ,period:9c6a0a6efb8480316e54,2026-02-09 00:51:15+00:00,,,QUALIFIED_LABEL_ONLY
CoreJJ,period:d52af7b72997e89c8ea6,2026-02-20 21:09:00+00:00,,,QUALIFIED_LABEL_ONLY
CoreJJ,period:b628e8f047ec274b8698,2026-02-27 21:09:38+00:00,,,QUALIFIED_LABEL_ONLY
CoreJJ,period:74efed7e4a28a304cc30,2026-04-04 20:17:46+00:00,,,QUALIFIED_LABEL_ONLY
CoreJJ,period:fc48b32f725285a09f66,2026-04-11 20:08:26+00:00,,,QUALIFIED_LABEL_ONLY
CoreJJ,period:9ad9f360f988761d91c1,2026-04-18 20:07:45+00:00,,,QUALIFIED_LABEL_ONLY
CoreJJ,period:b0a60cf2f3d3558f5e56,2026-04-25 20:09:02+00:00,,,QUALIFIED_LABEL_ONLY
CoreJJ,period:0a890f671f8ce6bbde59,2026-05-02 20:10:20+00:00,,,QUALIFIED_LABEL_ONLY
CoreJJ,period:bca1e648a46734294b57,2026-05-09 20:08:09+00:00,,,QUALIFIED_LABEL_ONLY
CoreJJ,period:1c76ac6866aa6a71a894,2026-05-16 20:08:36+00:00,,,QUALIFIED_LABEL_ONLY
CoreJJ,period:2ba54fbdb1ed8ce5723d,2026-05-23 20:10:31+00:00,,,QUALIFIED_LABEL_ONLY
CoreJJ,period:646c3784493968152598,2026-05-30 20:10:37+00:00,,,QUALIFIED_LABEL_ONLY
CoreJJ,period:76aa7cb585d2505649ba,2026-06-06 20:09:49+00:00,,,QUALIFIED_LABEL_ONLY
CoreJJ,period:2a0b31a43b9b5e794a24,2026-06-13 20:14:55+00:00,,,QUALIFIED_LABEL_ONLY
CoreJJ,period:5afe139f56d9c0db8f2d,2026-07-25 20:13:30+00:00,,,QUALIFIED_LABEL_ONLY
Crown,period:01bed218199c5fc6a295,2020-01-25 21:37:53+00:00,,,QUALIFIED_LABEL_ONLY
Crown,period:18c306f73901eb8e548e,2020-02-01 21:36:35+00:00,,,QUALIFIED_LABEL_ONLY
Crown,period:bd2e80371da37619c695,2020-02-08 21:30:18+00:00,,,QUALIFIED_LABEL_ONLY
Crown,period:94dc307a169a4236f643,2020-02-15 21:33:19+00:00,,,QUALIFIED_LABEL_ONLY
Cryogen,period:28d589eedfce312e1ad3,2026-01-24 21:24:34+00:00,,,QUALIFIED_LABEL_ONLY
Cryogen,period:70fac0200d695853ccdc,2026-01-31 21:07:01+00:00,,,QUALIFIED_LABEL_ONLY
Cryogen,period:b2e5a5987eefaa30eea2,2026-02-07 21:11:32+00:00,,,QUALIFIED_LABEL_ONLY
Cryogen,period:9c6a0a6efb8480316e54,2026-02-09 00:51:15+00:00,,,QUALIFIED_LABEL_ONLY
Cryogen,period:0433ceb2175e1870c17a,2026-02-14 21:11:50+00:00,,,QUALIFIED_LABEL_ONLY
Cryogen,period:d52af7b72997e89c8ea6,2026-02-20 21:09:00+00:00,,,QUALIFIED_LABEL_ONLY
Cryogen,period:74efed7e4a28a304cc30,2026-04-04 20:17:46+00:00,,,QUALIFIED_LABEL_ONLY
Cryogen,period:fc48b32f725285a09f66,2026-04-11 20:08:26+00:00,,,QUALIFIED_LABEL_ONLY
Cryogen,period:9ad9f360f988761d91c1,2026-04-18 20:07:45+00:00,,,QUALIFIED_LABEL_ONLY
Cryogen,period:b0a60cf2f3d3558f5e56,2026-04-25 20:09:02+00:00,,,QUALIFIED_LABEL_ONLY
Cryogen,period:0a890f671f8ce6bbde59,2026-05-02 20:10:20+00:00,,,QUALIFIED_LABEL_ONLY
Cryogen,period:bca1e648a46734294b57,2026-05-09 20:08:09+00:00,,,QUALIFIED_LABEL_ONLY
Cryogen,period:1c76ac6866aa6a71a894,2026-05-16 20:08:36+00:00,,,QUALIFIED_LABEL_ONLY
Cryogen,period:2ba54fbdb1ed8ce5723d,2026-05-23 20:10:31+00:00,,,QUALIFIED_LABEL_ONLY
Cryogen,period:646c3784493968152598,2026-05-30 20:10:37+00:00,,,QUALIFIED_LABEL_ONLY
Cryogen,period:76aa7cb585d2505649ba,2026-06-06 20:09:49+00:00,,,QUALIFIED_LABEL_ONLY
Cryogen,period:5afe139f56d9c0db8f2d,2026-07-25 20:13:30+00:00,,,QUALIFIED_LABEL_ONLY
DARKWINGS,period:f92170f131413923b84c,2025-07-26 20:10:23+00:00,,,QUALIFIED_LABEL_ONLY
DARKWINGS,period:c7231b512ce5dfec31cf,2025-08-02 20:08:18+00:00,,,QUALIFIED_LABEL_ONLY
DARKWINGS,period:c139a580fc7ad181ea33,2025-08-09 20:06:58+00:00,,,QUALIFIED_LABEL_ONLY
DARKWINGS,period:7c6d5817a7155f3a80bb,2025-08-23 20:06:29+00:00,,,QUALIFIED_LABEL_ONLY
DARKWINGS,period:1ffa4e947c2611f80c97,2025-08-29 20:06:10+00:00,,,QUALIFIED_LABEL_ONLY
DARKWINGS,period:28d589eedfce312e1ad3,2026-01-24 21:24:34+00:00,,,QUALIFIED_LABEL_ONLY
DARKWINGS,period:70fac0200d695853ccdc,2026-01-31 21:07:01+00:00,,,QUALIFIED_LABEL_ONLY
DARKWINGS,period:b2e5a5987eefaa30eea2,2026-02-07 21:11:32+00:00,,,QUALIFIED_LABEL_ONLY
DARKWINGS,period:0433ceb2175e1870c17a,2026-02-14 21:11:50+00:00,,,QUALIFIED_LABEL_ONLY
DARKWINGS,period:d52af7b72997e89c8ea6,2026-02-20 21:09:00+00:00,,,QUALIFIED_LABEL_ONLY
DARKWINGS,period:b628e8f047ec274b8698,2026-02-27 21:09:38+00:00,,,QUALIFIED_LABEL_ONLY
DARKWINGS,period:74efed7e4a28a304cc30,2026-04-04 20:17:46+00:00,,,QUALIFIED_LABEL_ONLY
DARKWINGS,period:fc48b32f725285a09f66,2026-04-11 20:08:26+00:00,,,QUALIFIED_LABEL_ONLY
DARKWINGS,period:9ad9f360f988761d91c1,2026-04-18 20:07:45+00:00,,,QUALIFIED_LABEL_ONLY
DARKWINGS,period:b0a60cf2f3d3558f5e56,2026-04-25 20:09:02+00:00,,,QUALIFIED_LABEL_ONLY
DARKWINGS,period:0a890f671f8ce6bbde59,2026-05-02 20:10:20+00:00,,,QUALIFIED_LABEL_ONLY
DARKWINGS,period:bca1e648a46734294b57,2026-05-09 20:08:09+00:00,,,QUALIFIED_LABEL_ONLY
DARKWINGS,period:1c76ac6866aa6a71a894,2026-05-16 20:08:36+00:00,,,QUALIFIED_LABEL_ONLY
DARKWINGS,period:646c3784493968152598,2026-05-30 20:10:37+00:00,,,QUALIFIED_LABEL_ONLY
DARKWINGS,period:5afe139f56d9c0db8f2d,2026-07-25 20:13:30+00:00,,,QUALIFIED_LABEL_ONLY
Damonte,period:1970df0ebd4246c6ea3b,2020-06-13 00:40:51+00:00,,,QUALIFIED_LABEL_ONLY
Damonte,period:3968b01a861a52d381a8,2020-06-20 00:31:26+00:00,,,QUALIFIED_LABEL_ONLY
Damonte,period:642a5bb7deff76d164b5,2020-06-27 00:39:52+00:00,,,QUALIFIED_LABEL_ONLY
Damonte,period:7813fa8e90f59320de07,2020-07-04 00:21:06+00:00,,,QUALIFIED_LABEL_ONLY
Damonte,period:1e2c5a7144cf9a8bc308,2020-07-11 00:50:27+00:00,,,QUALIFIED_LABEL_ONLY
Damonte,period:2d69b4a154591d5cca77,2020-07-18 00:30:49+00:00,,,QUALIFIED_LABEL_ONLY
Damonte,period:fe3df3b5886d9a4a5234,2020-07-25 00:38:07+00:00,,,QUALIFIED_LABEL_ONLY
Damonte,period:3e89f4975798019beec8,2020-08-01 00:35:44+00:00,,,QUALIFIED_LABEL_ONLY
Damonte,period:9cfbd3e5ecdd20626eed,2020-08-08 00:43:41+00:00,,,QUALIFIED_LABEL_ONLY
Damonte,period:0836494c11a0b381c084,2020-08-13 19:38:23+00:00,,,QUALIFIED_LABEL_ONLY
Damonte,period:38cb400566e2a3aee1c8,2020-08-20 19:31:44+00:00,,,QUALIFIED_LABEL_ONLY
Damonte,period:fcb777e33a04482e7bfb,2021-01-15 23:10:17+00:00,,,QUALIFIED_LABEL_ONLY
Damonte,period:2e302fc7c4bd7a4b3864,2021-01-22 22:29:56+00:00,,,QUALIFIED_LABEL_ONLY
Damonte,period:9b9f3f2ec839feb3a947,2021-01-29 22:28:31+00:00,,,QUALIFIED_LABEL_ONLY
Damonte,period:7c66db573c65177b96bf,2021-02-05 22:24:44+00:00,,,QUALIFIED_LABEL_ONLY
Damonte,period:19d1212ec047ea2c2e1c,2021-02-12 22:29:59+00:00,,,QUALIFIED_LABEL_ONLY
Damonte,period:577ed5ecd652eb981e79,2021-02-19 22:21:31+00:00,,,QUALIFIED_LABEL_ONLY
Damonte,period:3482fd65afd711052651,2021-02-26 22:23:25+00:00,,,QUALIFIED_LABEL_ONLY
Damonte,period:5ede35b384e34b4e7cf7,2021-07-16 21:20:22+00:00,,,QUALIFIED_LABEL_ONLY
Damonte,period:5befa75590802ab7de54,2021-07-23 20:58:06+00:00,,,QUALIFIED_LABEL_ONLY
Damonte,period:afb91f11a5c9c66cc35b,2021-07-30 21:12:55+00:00,,,QUALIFIED_LABEL_ONLY
Danny,period:debddf61a872640eadfb,2021-06-04 22:02:02+00:00,,,QUALIFIED_LABEL_ONLY
Danny,period:24ddb9953986c3386cb5,2021-06-11 21:37:50+00:00,,,QUALIFIED_LABEL_ONLY
Danny,period:111e9dfa6ccd70cbab3b,2021-06-18 21:02:38+00:00,,,QUALIFIED_LABEL_ONLY
Danny,period:32c02d32a3c87111d752,2021-06-25 21:33:16+00:00,,,QUALIFIED_LABEL_ONLY
Danny,period:4f8f85e36ba842416702,2021-07-02 21:10:28+00:00,,,QUALIFIED_LABEL_ONLY
Danny,period:490dcd8b072f0c76bfcd,2021-07-09 21:35:31+00:00,,,QUALIFIED_LABEL_ONLY
Danny,period:5ede35b384e34b4e7cf7,2021-07-16 21:20:22+00:00,,,QUALIFIED_LABEL_ONLY
Danny,period:5befa75590802ab7de54,2021-07-23 20:58:06+00:00,,,QUALIFIED_LABEL_ONLY
Danny,period:afb91f11a5c9c66cc35b,2021-07-30 21:12:55+00:00,,,QUALIFIED_LABEL_ONLY
Danny,period:a8f8fd7e2f96bbacb87c,2021-08-07 20:23:28+00:00,,,QUALIFIED_LABEL_ONLY
Danny,period:3951db25bbaff1ec59cd,2021-08-12 21:13:39+00:00,,,QUALIFIED_LABEL_ONLY
Danny,period:7c5e83ab4c6a7ca8c86a,2021-08-19 21:11:40+00:00,,,QUALIFIED_LABEL_ONLY
Danny,period:3921ed3cc984afb56c50,2022-01-14 21:26:31+00:00,,,QUALIFIED_LABEL_ONLY
Danny,period:ea5caa919fbd4b75da18,2022-01-21 21:45:47+00:00,,,QUALIFIED_LABEL_ONLY
Danny,period:3b01aa4d9786587a33b3,2022-01-28 21:53:04+00:00,,,QUALIFIED_LABEL_ONLY
Danny,period:5a26c3b6318c7b633520,2022-02-05 20:33:18+00:00,,,QUALIFIED_LABEL_ONLY
Danny,period:44168f74464b99791ba3,2022-02-12 20:53:38+00:00,,,QUALIFIED_LABEL_ONLY
Danny,period:466f661effb9208a840b,2022-02-19 20:54:27+00:00,,,QUALIFIED_LABEL_ONLY
Danny,period:4138ca482beb4344e9ad,2022-02-25 22:37:00+00:00,,,QUALIFIED_LABEL_ONLY
Danny,period:7a928b9ecc895d38667e,2022-03-05 21:01:58+00:00,,,QUALIFIED_LABEL_ONLY
Danny,period:bfbcb255cff7d2c3894f,2022-03-12 21:07:29+00:00,,,QUALIFIED_LABEL_ONLY
Danny,period:9a704a25f780f56ebe1b,2022-03-19 19:32:42+00:00,,,QUALIFIED_LABEL_ONLY
Danny,period:2543e9e0dda5edca0977,2022-03-25 20:43:57+00:00,,,QUALIFIED_LABEL_ONLY
Danny,period:95c58b937c0fcc3e92b9,2022-04-02 20:00:26+00:00,,,QUALIFIED_LABEL_ONLY
Danny,period:feb156c0b7ef67e8a92a,2022-04-09 20:43:33+00:00,,,QUALIFIED_LABEL_ONLY
Danny,period:8e4979ebdc36578e98ba,2022-04-16 20:06:15+00:00,,,QUALIFIED_LABEL_ONLY
Danny,period:8036ed58940a8d2ab607,2022-04-23 18:36:24+00:00,,,QUALIFIED_LABEL_ONLY
Danny,period:4c81af754b6b135da741,2022-06-17 21:46:00+00:00,,,QUALIFIED_LABEL_ONLY
Danny,period:9098ed2cd53d3e50498b,2022-06-25 20:09:54+00:00,,,QUALIFIED_LABEL_ONLY
Danny,period:bd5d15bd6830501052ed,2022-07-02 20:14:47+00:00,,,QUALIFIED_LABEL_ONLY
Danny,period:a1385753e89a22ad7415,2022-07-16 20:31:00+00:00,,,QUALIFIED_LABEL_ONLY
Danny,period:d36d780bd6e08d095d27,2022-07-23 20:43:00+00:00,,,QUALIFIED_LABEL_ONLY
Danny,period:ab4c55f2271a097a29e2,2022-07-30 20:03:25+00:00,,,QUALIFIED_LABEL_ONLY
Danny,period:9310314000d1dccfe6ae,2022-08-06 20:08:43+00:00,,,QUALIFIED_LABEL_ONLY
Danny,period:e268d0eb9109f8185a29,2022-08-12 20:55:46+00:00,,,QUALIFIED_LABEL_ONLY
Danny,period:f6ad6d70568c5aa4ddb9,2022-08-25 19:37:29+00:00,,,QUALIFIED_LABEL_ONLY
Danny,period:f14a4fb0f93da34e9201,2022-09-01 19:27:30+00:00,,,QUALIFIED_LABEL_ONLY
Dardoch,period:01bed218199c5fc6a295,2020-01-25 21:37:53+00:00,,,QUALIFIED_LABEL_ONLY
Dardoch,period:18c306f73901eb8e548e,2020-02-01 21:36:35+00:00,,,QUALIFIED_LABEL_ONLY
Dardoch,period:bd2e80371da37619c695,2020-02-08 21:30:18+00:00,,,QUALIFIED_LABEL_ONLY
Dardoch,period:94dc307a169a4236f643,2020-02-15 21:33:19+00:00,,,QUALIFIED_LABEL_ONLY
Dardoch,period:90cc39f891e2dbcab3ef,2020-02-22 21:37:14+00:00,,,QUALIFIED_LABEL_ONLY
Dardoch,period:cb03c621696fc2e91764,2020-02-29 21:26:53+00:00,,,QUALIFIED_LABEL_ONLY
Dardoch,period:14606e5066005561df07,2020-03-07 21:40:12+00:00,,,QUALIFIED_LABEL_ONLY
Dardoch,period:b2e2840d56c789b5030c,2020-03-21 20:18:48+00:00,,,QUALIFIED_LABEL_ONLY
Dardoch,period:666de7dcc2eb91211639,2020-03-28 20:29:42+00:00,,,QUALIFIED_LABEL_ONLY
Dardoch,period:5a2658b56ec5d5c6a04d,2020-04-04 19:44:42+00:00,,,QUALIFIED_LABEL_ONLY
Dardoch,period:7813fa8e90f59320de07,2020-07-04 00:21:06+00:00,,,QUALIFIED_LABEL_ONLY
Dardoch,period:1e2c5a7144cf9a8bc308,2020-07-11 00:50:27+00:00,,,QUALIFIED_LABEL_ONLY
Dardoch,period:2d69b4a154591d5cca77,2020-07-18 00:30:49+00:00,,,QUALIFIED_LABEL_ONLY
Dardoch,period:fe3df3b5886d9a4a5234,2020-07-25 00:38:07+00:00,,,QUALIFIED_LABEL_ONLY
Dardoch,period:3e89f4975798019beec8,2020-08-01 00:35:44+00:00,,,QUALIFIED_LABEL_ONLY
Dardoch,period:9cfbd3e5ecdd20626eed,2020-08-08 00:43:41+00:00,,,QUALIFIED_LABEL_ONLY
Dardoch,period:0836494c11a0b381c084,2020-08-13 19:38:23+00:00,,,QUALIFIED_LABEL_ONLY
Dardoch,period:fcb777e33a04482e7bfb,2021-01-15 23:10:17+00:00,,,QUALIFIED_LABEL_ONLY
Dardoch,period:2e302fc7c4bd7a4b3864,2021-01-22 22:29:56+00:00,,,QUALIFIED_LABEL_ONLY
Dardoch,period:7c66db573c65177b96bf,2021-02-05 22:24:44+00:00,,,QUALIFIED_LABEL_ONLY
Dardoch,period:19d1212ec047ea2c2e1c,2021-02-12 22:29:59+00:00,,,QUALIFIED_LABEL_ONLY
Dardoch,period:577ed5ecd652eb981e79,2021-02-19 22:21:31+00:00,,,QUALIFIED_LABEL_ONLY
Dardoch,period:3482fd65afd711052651,2021-02-26 22:23:25+00:00,,,QUALIFIED_LABEL_ONLY
Dardoch,period:433079f36e14953ffe3e,2021-03-05 22:15:28+00:00,,,QUALIFIED_LABEL_ONLY
Dardoch,period:2eea81e5fabdc42a729f,2021-03-12 22:24:45+00:00,,,QUALIFIED_LABEL_ONLY
Dardoch,period:22dfd57f1594beeba715,2021-03-27 19:16:36+00:00,,,QUALIFIED_LABEL_ONLY
Dardoch,period:debddf61a872640eadfb,2021-06-04 22:02:02+00:00,,,QUALIFIED_LABEL_ONLY
Dardoch,period:24ddb9953986c3386cb5,2021-06-11 21:37:50+00:00,,,QUALIFIED_LABEL_ONLY
Dardoch,period:111e9dfa6ccd70cbab3b,2021-06-18 21:02:38+00:00,,,QUALIFIED_LABEL_ONLY
Darshan,period:3921ed3cc984afb56c50,2022-01-14 21:26:31+00:00,,,QUALIFIED_LABEL_ONLY
Darshan,period:ea5caa919fbd4b75da18,2022-01-21 21:45:47+00:00,,,QUALIFIED_LABEL_ONLY
Darshan,period:3b01aa4d9786587a33b3,2022-01-28 21:53:04+00:00,,,QUALIFIED_LABEL_ONLY
Deftly,period:fcb777e33a04482e7bfb,2021-01-15 23:10:17+00:00,,,QUALIFIED_LABEL_ONLY
Deftly,period:2e302fc7c4bd7a4b3864,2021-01-22 22:29:56+00:00,,,QUALIFIED_LABEL_ONLY
Deftly,period:9b9f3f2ec839feb3a947,2021-01-29 22:28:31+00:00,,,QUALIFIED_LABEL_ONLY
Deftly,period:7c66db573c65177b96bf,2021-02-05 22:24:44+00:00,,,QUALIFIED_LABEL_ONLY
Deftly,period:19d1212ec047ea2c2e1c,2021-02-12 22:29:59+00:00,,,QUALIFIED_LABEL_ONLY
Deftly,period:577ed5ecd652eb981e79,2021-02-19 22:21:31+00:00,,,QUALIFIED_LABEL_ONLY
Deftly,period:3482fd65afd711052651,2021-02-26 22:23:25+00:00,,,QUALIFIED_LABEL_ONLY
Deftly,period:433079f36e14953ffe3e,2021-03-05 22:15:28+00:00,,,QUALIFIED_LABEL_ONLY
Deftly,period:2eea81e5fabdc42a729f,2021-03-12 22:24:45+00:00,,,QUALIFIED_LABEL_ONLY
Deftly,period:22dfd57f1594beeba715,2021-03-27 19:16:36+00:00,,,QUALIFIED_LABEL_ONLY
Denathor,period:5afe139f56d9c0db8f2d,2026-07-25 20:13:30+00:00,,,QUALIFIED_LABEL_ONLY
Dhokla,period:2543e9e0dda5edca0977,2022-03-25 20:43:57+00:00,,,QUALIFIED_LABEL_ONLY
Dhokla,period:4c81af754b6b135da741,2022-06-17 21:46:00+00:00,,,QUALIFIED_LABEL_ONLY
Dhokla,period:9098ed2cd53d3e50498b,2022-06-25 20:09:54+00:00,,,QUALIFIED_LABEL_ONLY
Dhokla,period:bd5d15bd6830501052ed,2022-07-02 20:14:47+00:00,,,QUALIFIED_LABEL_ONLY
Dhokla,period:a1385753e89a22ad7415,2022-07-16 20:31:00+00:00,,,QUALIFIED_LABEL_ONLY
Dhokla,period:d36d780bd6e08d095d27,2022-07-23 20:43:00+00:00,,,QUALIFIED_LABEL_ONLY
Dhokla,period:ab4c55f2271a097a29e2,2022-07-30 20:03:25+00:00,,,QUALIFIED_LABEL_ONLY
Dhokla,period:9310314000d1dccfe6ae,2022-08-06 20:08:43+00:00,,,QUALIFIED_LABEL_ONLY
Dhokla,period:e268d0eb9109f8185a29,2022-08-12 20:55:46+00:00,,,QUALIFIED_LABEL_ONLY
Dhokla,period:fcd21c282bb6eb984919,2022-08-20 19:32:26+00:00,,,QUALIFIED_LABEL_ONLY
Dhokla,period:f6ad6d70568c5aa4ddb9,2022-08-25 19:37:29+00:00,,,QUALIFIED_LABEL_ONLY
Dhokla,period:f14a4fb0f93da34e9201,2022-09-01 19:27:30+00:00,,,QUALIFIED_LABEL_ONLY
Dhokla,period:452655f2bc33b5b76085,2023-01-26 22:16:48+00:00,,,QUALIFIED_LABEL_ONLY
Dhokla,period:9ad2bd3e76204c678ee3,2023-02-02 22:06:55+00:00,,,QUALIFIED_LABEL_ONLY
Dhokla,period:5193f604ed2f15e301e1,2023-02-09 22:07:17+00:00,,,QUALIFIED_LABEL_ONLY
Dhokla,period:2b3de7782bdf56dc82d0,2023-02-15 22:07:50+00:00,,,QUALIFIED_LABEL_ONLY
Dhokla,period:36d3f31311f21e914d55,2023-02-23 22:06:52+00:00,,,QUALIFIED_LABEL_ONLY
Dhokla,period:83278694723ba910058b,2023-03-02 22:08:20+00:00,,,QUALIFIED_LABEL_ONLY
Dhokla,period:402a134be7abbe005149,2023-03-09 22:22:41+00:00,,,QUALIFIED_LABEL_ONLY
Dhokla,period:8d9d5d3f36e034ced562,2023-03-15 21:07:53+00:00,,,QUALIFIED_LABEL_ONLY
Dhokla,period:d990ac8b125022094901,2023-03-23 21:10:53+00:00,,,QUALIFIED_LABEL_ONLY
Dhokla,period:3943367d2ce567a9fae3,2023-06-14 21:13:03+00:00,,,QUALIFIED_LABEL_ONLY
Dhokla,period:f2ee99995367bf0fc030,2023-06-21 21:07:31+00:00,,,QUALIFIED_LABEL_ONLY
Dhokla,period:c790283b449e6bb25672,2023-06-28 21:06:50+00:00,,,QUALIFIED_LABEL_ONLY
Dhokla,period:ff185424af4133395119,2023-07-05 21:05:49+00:00,,,QUALIFIED_LABEL_ONLY
Dhokla,period:36cf05276a8bbe55409a,2023-07-12 21:06:58+00:00,,,QUALIFIED_LABEL_ONLY
Dhokla,period:dd1399a0cf2f56138daa,2023-07-19 21:07:18+00:00,,,QUALIFIED_LABEL_ONLY
Dhokla,period:67a5ff4d5b051b402092,2023-07-27 21:07:41+00:00,,,QUALIFIED_LABEL_ONLY
Dhokla,period:4520b87081b51698489a,2023-08-03 21:07:08+00:00,,,QUALIFIED_LABEL_ONLY
Dhokla,period:a7fd1e72d2ba831ccc8d,2023-08-10 21:10:37+00:00,,,QUALIFIED_LABEL_ONLY
Dhokla,period:c21bdc9dc5e7a7f7922d,2023-08-19 20:18:53+00:00,,,QUALIFIED_LABEL_ONLY
Dhokla,period:27c11f42e65c97b901b8,2024-01-20 20:15:01+00:00,,,QUALIFIED_LABEL_ONLY
Dhokla,period:ab546300266e49331659,2024-01-27 20:15:48+00:00,,,QUALIFIED_LABEL_ONLY
Dhokla,period:f82eb58c594ccc349383,2024-02-02 21:12:22+00:00,,,QUALIFIED_LABEL_ONLY
Dhokla,period:06566a2ea584fecf6c15,2024-02-10 21:07:54+00:00,,,QUALIFIED_LABEL_ONLY
Dhokla,period:789a06731adc1e0c8798,2024-03-02 21:07:29+00:00,,,QUALIFIED_LABEL_ONLY
Dhokla,period:a0f9da327c11cf3cc717,2024-03-08 21:07:46+00:00,,,QUALIFIED_LABEL_ONLY
Dhokla,period:448a8f91622619afdbe7,2024-03-14 20:08:02+00:00,,,QUALIFIED_LABEL_ONLY
Dhokla,period:697d8a8453920f1ff1c8,2024-06-15 20:11:50+00:00,,,QUALIFIED_LABEL_ONLY
Dhokla,period:ea10f8bb7f189dc4197a,2024-06-22 20:11:50+00:00,,,QUALIFIED_LABEL_ONLY
Dhokla,period:fb51ebc6418ce68c46c6,2024-06-27 20:07:21+00:00,,,QUALIFIED_LABEL_ONLY
Dhokla,period:0f3dd675ff7b55987f43,2024-07-20 20:10:15+00:00,,,QUALIFIED_LABEL_ONLY
Dhokla,period:29c7eddc03e68fe96070,2024-07-27 20:09:19+00:00,,,QUALIFIED_LABEL_ONLY
Dhokla,period:03ffd32cfddfafb63d73,2024-08-03 20:08:15+00:00,,,QUALIFIED_LABEL_ONLY
Dhokla,period:cdd6b3ae49979eef3d9f,2024-08-10 20:07:50+00:00,,,QUALIFIED_LABEL_ONLY
Dhokla,period:5218e82018c8910d187b,2024-08-17 20:07:21+00:00,,,QUALIFIED_LABEL_ONLY
Dhokla,period:c0a1c4ffff2a32aacb10,2024-08-23 20:07:51+00:00,,,QUALIFIED_LABEL_ONLY
Dhokla,period:c139a580fc7ad181ea33,2025-08-09 20:06:58+00:00,,,QUALIFIED_LABEL_ONLY
Dhokla,period:7c6d5817a7155f3a80bb,2025-08-23 20:06:29+00:00,,,QUALIFIED_LABEL_ONLY
Dhokla,period:1ffa4e947c2611f80c97,2025-08-29 20:06:10+00:00,,,QUALIFIED_LABEL_ONLY
Dhokla,period:717827b0ee213b1efab1,2025-09-05 20:05:46+00:00,,,QUALIFIED_LABEL_ONLY
Dhokla,period:28d589eedfce312e1ad3,2026-01-24 21:24:34+00:00,,,QUALIFIED_LABEL_ONLY
Dhokla,period:6186b6ccaf2d592d540a,2026-01-26 00:04:23+00:00,,,QUALIFIED_LABEL_ONLY
Dhokla,period:70fac0200d695853ccdc,2026-01-31 21:07:01+00:00,,,QUALIFIED_LABEL_ONLY
Dhokla,period:b2e5a5987eefaa30eea2,2026-02-07 21:11:32+00:00,,,QUALIFIED_LABEL_ONLY
Dhokla,period:d52af7b72997e89c8ea6,2026-02-20 21:09:00+00:00,,,QUALIFIED_LABEL_ONLY
Dhokla,period:b628e8f047ec274b8698,2026-02-27 21:09:38+00:00,,,QUALIFIED_LABEL_ONLY
Dhokla,period:f1fd6343903a0462322e,2026-03-02 00:22:41+00:00,,,QUALIFIED_LABEL_ONLY
Dhokla,period:74efed7e4a28a304cc30,2026-04-04 20:17:46+00:00,,,QUALIFIED_LABEL_ONLY
Dhokla,period:fc48b32f725285a09f66,2026-04-11 20:08:26+00:00,,,QUALIFIED_LABEL_ONLY
Dhokla,period:9ad9f360f988761d91c1,2026-04-18 20:07:45+00:00,,,QUALIFIED_LABEL_ONLY
Dhokla,period:b0a60cf2f3d3558f5e56,2026-04-25 20:09:02+00:00,,,QUALIFIED_LABEL_ONLY
Dhokla,period:0a890f671f8ce6bbde59,2026-05-02 20:10:20+00:00,,,QUALIFIED_LABEL_ONLY
Dhokla,period:bca1e648a46734294b57,2026-05-09 20:08:09+00:00,,,QUALIFIED_LABEL_ONLY
Dhokla,period:1c76ac6866aa6a71a894,2026-05-16 20:08:36+00:00,,,QUALIFIED_LABEL_ONLY
Dhokla,period:2ba54fbdb1ed8ce5723d,2026-05-23 20:10:31+00:00,,,QUALIFIED_LABEL_ONLY
Dhokla,period:76aa7cb585d2505649ba,2026-06-06 20:09:49+00:00,,,QUALIFIED_LABEL_ONLY
Dhokla,period:2a0b31a43b9b5e794a24,2026-06-13 20:14:55+00:00,,,QUALIFIED_LABEL_ONLY
Dhokla,period:5afe139f56d9c0db8f2d,2026-07-25 20:13:30+00:00,,,QUALIFIED_LABEL_ONLY
Diamond,period:fcb777e33a04482e7bfb,2021-01-15 23:10:17+00:00,,,QUALIFIED_LABEL_ONLY
Diamond,period:2e302fc7c4bd7a4b3864,2021-01-22 22:29:56+00:00,,,QUALIFIED_LABEL_ONLY
Diamond,period:7c66db573c65177b96bf,2021-02-05 22:24:44+00:00,,,QUALIFIED_LABEL_ONLY
Diamond,period:19d1212ec047ea2c2e1c,2021-02-12 22:29:59+00:00,,,QUALIFIED_LABEL_ONLY
Diamond,period:577ed5ecd652eb981e79,2021-02-19 22:21:31+00:00,,,QUALIFIED_LABEL_ONLY
Diamond,period:3482fd65afd711052651,2021-02-26 22:23:25+00:00,,,QUALIFIED_LABEL_ONLY
Diamond,period:433079f36e14953ffe3e,2021-03-05 22:15:28+00:00,,,QUALIFIED_LABEL_ONLY
Diamond,period:32c02d32a3c87111d752,2021-06-25 21:33:16+00:00,,,QUALIFIED_LABEL_ONLY
Diamond,period:490dcd8b072f0c76bfcd,2021-07-09 21:35:31+00:00,,,QUALIFIED_LABEL_ONLY
Diamond,period:5ede35b384e34b4e7cf7,2021-07-16 21:20:22+00:00,,,QUALIFIED_LABEL_ONLY
Diamond,period:5befa75590802ab7de54,2021-07-23 20:58:06+00:00,,,QUALIFIED_LABEL_ONLY
Diamond,period:afb91f11a5c9c66cc35b,2021-07-30 21:12:55+00:00,,,QUALIFIED_LABEL_ONLY
Diamond,period:3943367d2ce567a9fae3,2023-06-14 21:13:03+00:00,,,QUALIFIED_LABEL_ONLY
Diamond,period:f2ee99995367bf0fc030,2023-06-21 21:07:31+00:00,,,QUALIFIED_LABEL_ONLY
Diamond,period:c790283b449e6bb25672,2023-06-28 21:06:50+00:00,,,QUALIFIED_LABEL_ONLY
Diamond,period:ff185424af4133395119,2023-07-05 21:05:49+00:00,,,QUALIFIED_LABEL_ONLY
Diplex,period:452655f2bc33b5b76085,2023-01-26 22:16:48+00:00,,,QUALIFIED_LABEL_ONLY
Diplex,period:9ad2bd3e76204c678ee3,2023-02-02 22:06:55+00:00,,,QUALIFIED_LABEL_ONLY
Diplex,period:5193f604ed2f15e301e1,2023-02-09 22:07:17+00:00,,,QUALIFIED_LABEL_ONLY
Diplex,period:2b3de7782bdf56dc82d0,2023-02-15 22:07:50+00:00,,,QUALIFIED_LABEL_ONLY
Doublelift,period:01bed218199c5fc6a295,2020-01-25 21:37:53+00:00,,,QUALIFIED_LABEL_ONLY
Doublelift,period:18c306f73901eb8e548e,2020-02-01 21:36:35+00:00,,,QUALIFIED_LABEL_ONLY
Doublelift,period:bd2e80371da37619c695,2020-02-08 21:30:18+00:00,,,QUALIFIED_LABEL_ONLY
Doublelift,period:94dc307a169a4236f643,2020-02-15 21:33:19+00:00,,,QUALIFIED_LABEL_ONLY
Doublelift,period:90cc39f891e2dbcab3ef,2020-02-22 21:37:14+00:00,,,QUALIFIED_LABEL_ONLY
Doublelift,period:14606e5066005561df07,2020-03-07 21:40:12+00:00,,,QUALIFIED_LABEL_ONLY
Doublelift,period:b2e2840d56c789b5030c,2020-03-21 20:18:48+00:00,,,QUALIFIED_LABEL_ONLY
Doublelift,period:666de7dcc2eb91211639,2020-03-28 20:29:42+00:00,,,QUALIFIED_LABEL_ONLY
Doublelift,period:1970df0ebd4246c6ea3b,2020-06-13 00:40:51+00:00,,,QUALIFIED_LABEL_ONLY
Doublelift,period:3968b01a861a52d381a8,2020-06-20 00:31:26+00:00,,,QUALIFIED_LABEL_ONLY
Doublelift,period:642a5bb7deff76d164b5,2020-06-27 00:39:52+00:00,,,QUALIFIED_LABEL_ONLY
Doublelift,period:7813fa8e90f59320de07,2020-07-04 00:21:06+00:00,,,QUALIFIED_LABEL_ONLY
Doublelift,period:1e2c5a7144cf9a8bc308,2020-07-11 00:50:27+00:00,,,QUALIFIED_LABEL_ONLY
Doublelift,period:2d69b4a154591d5cca77,2020-07-18 00:30:49+00:00,,,QUALIFIED_LABEL_ONLY
Doublelift,period:fe3df3b5886d9a4a5234,2020-07-25 00:38:07+00:00,,,QUALIFIED_LABEL_ONLY
Doublelift,period:3e89f4975798019beec8,2020-08-01 00:35:44+00:00,,,QUALIFIED_LABEL_ONLY
Doublelift,period:9cfbd3e5ecdd20626eed,2020-08-08 00:43:41+00:00,,,QUALIFIED_LABEL_ONLY
Doublelift,period:0836494c11a0b381c084,2020-08-13 19:38:23+00:00,,,QUALIFIED_LABEL_ONLY
Doublelift,period:38cb400566e2a3aee1c8,2020-08-20 19:31:44+00:00,,,QUALIFIED_LABEL_ONLY
Doublelift,period:53a986e97c4e64053db8,2020-08-29 19:32:38+00:00,,,QUALIFIED_LABEL_ONLY
Doublelift,period:c131bd9da535908c94f0,2020-09-05 19:31:41+00:00,,,QUALIFIED_LABEL_ONLY
Doublelift,period:452655f2bc33b5b76085,2023-01-26 22:16:48+00:00,,,QUALIFIED_LABEL_ONLY
Doublelift,period:9ad2bd3e76204c678ee3,2023-02-02 22:06:55+00:00,,,QUALIFIED_LABEL_ONLY
Doublelift,period:5193f604ed2f15e301e1,2023-02-09 22:07:17+00:00,,,QUALIFIED_LABEL_ONLY
Doublelift,period:2b3de7782bdf56dc82d0,2023-02-15 22:07:50+00:00,,,QUALIFIED_LABEL_ONLY
Doublelift,period:36d3f31311f21e914d55,2023-02-23 22:06:52+00:00,,,QUALIFIED_LABEL_ONLY
Doublelift,period:83278694723ba910058b,2023-03-02 22:08:20+00:00,,,QUALIFIED_LABEL_ONLY
Doublelift,period:402a134be7abbe005149,2023-03-09 22:22:41+00:00,,,QUALIFIED_LABEL_ONLY
Doublelift,period:8d9d5d3f36e034ced562,2023-03-15 21:07:53+00:00,,,QUALIFIED_LABEL_ONLY
Doublelift,period:d990ac8b125022094901,2023-03-23 21:10:53+00:00,,,QUALIFIED_LABEL_ONLY
Doublelift,period:3943367d2ce567a9fae3,2023-06-14 21:13:03+00:00,,,QUALIFIED_LABEL_ONLY
Doublelift,period:f2ee99995367bf0fc030,2023-06-21 21:07:31+00:00,,,QUALIFIED_LABEL_ONLY
Doublelift,period:c790283b449e6bb25672,2023-06-28 21:06:50+00:00,,,QUALIFIED_LABEL_ONLY
Doublelift,period:ff185424af4133395119,2023-07-05 21:05:49+00:00,,,QUALIFIED_LABEL_ONLY
Doublelift,period:36cf05276a8bbe55409a,2023-07-12 21:06:58+00:00,,,QUALIFIED_LABEL_ONLY
Doublelift,period:dd1399a0cf2f56138daa,2023-07-19 21:07:18+00:00,,,QUALIFIED_LABEL_ONLY
Doublelift,period:4520b87081b51698489a,2023-08-03 21:07:08+00:00,,,QUALIFIED_LABEL_ONLY
Dove,period:27c11f42e65c97b901b8,2024-01-20 20:15:01+00:00,,,QUALIFIED_LABEL_ONLY
Dove,period:ab546300266e49331659,2024-01-27 20:15:48+00:00,,,QUALIFIED_LABEL_ONLY
Dove,period:f82eb58c594ccc349383,2024-02-02 21:12:22+00:00,,,QUALIFIED_LABEL_ONLY
Dove,period:06566a2ea584fecf6c15,2024-02-10 21:07:54+00:00,,,QUALIFIED_LABEL_ONLY
Dove,period:789a06731adc1e0c8798,2024-03-02 21:07:29+00:00,,,QUALIFIED_LABEL_ONLY
Dove,period:a0f9da327c11cf3cc717,2024-03-08 21:07:46+00:00,,,QUALIFIED_LABEL_ONLY
Dove,period:448a8f91622619afdbe7,2024-03-14 20:08:02+00:00,,,QUALIFIED_LABEL_ONLY
Dreams,period:2eea81e5fabdc42a729f,2021-03-12 22:24:45+00:00,,,QUALIFIED_LABEL_ONLY
Dreams,period:debddf61a872640eadfb,2021-06-04 22:02:02+00:00,,,QUALIFIED_LABEL_ONLY
Dreams,period:24ddb9953986c3386cb5,2021-06-11 21:37:50+00:00,,,QUALIFIED_LABEL_ONLY
Dreams,period:111e9dfa6ccd70cbab3b,2021-06-18 21:02:38+00:00,,,QUALIFIED_LABEL_ONLY
Dreams,period:32c02d32a3c87111d752,2021-06-25 21:33:16+00:00,,,QUALIFIED_LABEL_ONLY
Dreams,period:4f8f85e36ba842416702,2021-07-02 21:10:28+00:00,,,QUALIFIED_LABEL_ONLY
EMENES,period:36d3f31311f21e914d55,2023-02-23 22:06:52+00:00,,,QUALIFIED_LABEL_ONLY
EMENES,period:83278694723ba910058b,2023-03-02 22:08:20+00:00,,,QUALIFIED_LABEL_ONLY
EMENES,period:402a134be7abbe005149,2023-03-09 22:22:41+00:00,,,QUALIFIED_LABEL_ONLY
EMENES,period:8d9d5d3f36e034ced562,2023-03-15 21:07:53+00:00,,,QUALIFIED_LABEL_ONLY
EMENES,period:d990ac8b125022094901,2023-03-23 21:10:53+00:00,,,QUALIFIED_LABEL_ONLY
EMENES,period:d33d87118e30f5daa86a,2023-03-30 21:09:21+00:00,,,QUALIFIED_LABEL_ONLY
EMENES,period:f52e10acfa6d747a4c9d,2023-04-08 20:17:16+00:00,,,QUALIFIED_LABEL_ONLY
EMENES,period:3943367d2ce567a9fae3,2023-06-14 21:13:03+00:00,,,QUALIFIED_LABEL_ONLY
EMENES,period:f2ee99995367bf0fc030,2023-06-21 21:07:31+00:00,,,QUALIFIED_LABEL_ONLY
EMENES,period:c790283b449e6bb25672,2023-06-28 21:06:50+00:00,,,QUALIFIED_LABEL_ONLY
EMENES,period:ff185424af4133395119,2023-07-05 21:05:49+00:00,,,QUALIFIED_LABEL_ONLY
EMENES,period:36cf05276a8bbe55409a,2023-07-12 21:06:58+00:00,,,QUALIFIED_LABEL_ONLY
EMENES,period:dd1399a0cf2f56138daa,2023-07-19 21:07:18+00:00,,,QUALIFIED_LABEL_ONLY
EMENES,period:4520b87081b51698489a,2023-08-03 21:07:08+00:00,,,QUALIFIED_LABEL_ONLY
EMENES,period:a7fd1e72d2ba831ccc8d,2023-08-10 21:10:37+00:00,,,QUALIFIED_LABEL_ONLY
EMENES,period:c21bdc9dc5e7a7f7922d,2023-08-19 20:18:53+00:00,,,QUALIFIED_LABEL_ONLY
Eika,period:01bed218199c5fc6a295,2020-01-25 21:37:53+00:00,,,QUALIFIED_LABEL_ONLY
Eika,period:18c306f73901eb8e548e,2020-02-01 21:36:35+00:00,,,QUALIFIED_LABEL_ONLY
Eika,period:bd2e80371da37619c695,2020-02-08 21:30:18+00:00,,,QUALIFIED_LABEL_ONLY
Eika,period:94dc307a169a4236f643,2020-02-15 21:33:19+00:00,,,QUALIFIED_LABEL_ONLY
Eika,period:90cc39f891e2dbcab3ef,2020-02-22 21:37:14+00:00,,,QUALIFIED_LABEL_ONLY
Eika,period:cb03c621696fc2e91764,2020-02-29 21:26:53+00:00,,,QUALIFIED_LABEL_ONLY
Eika,period:14606e5066005561df07,2020-03-07 21:40:12+00:00,,,QUALIFIED_LABEL_ONLY
Eika,period:b2e2840d56c789b5030c,2020-03-21 20:18:48+00:00,,,QUALIFIED_LABEL_ONLY
Eika,period:666de7dcc2eb91211639,2020-03-28 20:29:42+00:00,,,QUALIFIED_LABEL_ONLY
Eika,period:1970df0ebd4246c6ea3b,2020-06-13 00:40:51+00:00,,,QUALIFIED_LABEL_ONLY
Eika,period:3968b01a861a52d381a8,2020-06-20 00:31:26+00:00,,,QUALIFIED_LABEL_ONLY
Eyla,period:3921ed3cc984afb56c50,2022-01-14 21:26:31+00:00,,,QUALIFIED_LABEL_ONLY
Eyla,period:ea5caa919fbd4b75da18,2022-01-21 21:45:47+00:00,,,QUALIFIED_LABEL_ONLY
Eyla,period:3b01aa4d9786587a33b3,2022-01-28 21:53:04+00:00,,,QUALIFIED_LABEL_ONLY
Eyla,period:5a26c3b6318c7b633520,2022-02-05 20:33:18+00:00,,,QUALIFIED_LABEL_ONLY
Eyla,period:44168f74464b99791ba3,2022-02-12 20:53:38+00:00,,,QUALIFIED_LABEL_ONLY
Eyla,period:4138ca482beb4344e9ad,2022-02-25 22:37:00+00:00,,,QUALIFIED_LABEL_ONLY
Eyla,period:36d3f31311f21e914d55,2023-02-23 22:06:52+00:00,,,QUALIFIED_LABEL_ONLY
Eyla,period:83278694723ba910058b,2023-03-02 22:08:20+00:00,,,QUALIFIED_LABEL_ONLY
Eyla,period:402a134be7abbe005149,2023-03-09 22:22:41+00:00,,,QUALIFIED_LABEL_ONLY
Eyla,period:8d9d5d3f36e034ced562,2023-03-15 21:07:53+00:00,,,QUALIFIED_LABEL_ONLY
Eyla,period:d990ac8b125022094901,2023-03-23 21:10:53+00:00,,,QUALIFIED_LABEL_ONLY
Eyla,period:d33d87118e30f5daa86a,2023-03-30 21:09:21+00:00,,,QUALIFIED_LABEL_ONLY
Eyla,period:3943367d2ce567a9fae3,2023-06-14 21:13:03+00:00,,,QUALIFIED_LABEL_ONLY
Eyla,period:f2ee99995367bf0fc030,2023-06-21 21:07:31+00:00,,,QUALIFIED_LABEL_ONLY
Eyla,period:c790283b449e6bb25672,2023-06-28 21:06:50+00:00,,,QUALIFIED_LABEL_ONLY
Eyla,period:ff185424af4133395119,2023-07-05 21:05:49+00:00,,,QUALIFIED_LABEL_ONLY
Eyla,period:36cf05276a8bbe55409a,2023-07-12 21:06:58+00:00,,,QUALIFIED_LABEL_ONLY
Eyla,period:dd1399a0cf2f56138daa,2023-07-19 21:07:18+00:00,,,QUALIFIED_LABEL_ONLY
Eyla,period:67a5ff4d5b051b402092,2023-07-27 21:07:41+00:00,,,QUALIFIED_LABEL_ONLY
Eyla,period:4520b87081b51698489a,2023-08-03 21:07:08+00:00,,,QUALIFIED_LABEL_ONLY
Eyla,period:a7fd1e72d2ba831ccc8d,2023-08-10 21:10:37+00:00,,,QUALIFIED_LABEL_ONLY
Eyla,period:27c11f42e65c97b901b8,2024-01-20 20:15:01+00:00,,,QUALIFIED_LABEL_ONLY
Eyla,period:ab546300266e49331659,2024-01-27 20:15:48+00:00,,,QUALIFIED_LABEL_ONLY
Eyla,period:f82eb58c594ccc349383,2024-02-02 21:12:22+00:00,,,QUALIFIED_LABEL_ONLY
Eyla,period:06566a2ea584fecf6c15,2024-02-10 21:07:54+00:00,,,QUALIFIED_LABEL_ONLY
Eyla,period:789a06731adc1e0c8798,2024-03-02 21:07:29+00:00,,,QUALIFIED_LABEL_ONLY
Eyla,period:a0f9da327c11cf3cc717,2024-03-08 21:07:46+00:00,,,QUALIFIED_LABEL_ONLY
Eyla,period:448a8f91622619afdbe7,2024-03-14 20:08:02+00:00,,,QUALIFIED_LABEL_ONLY
Eyla,period:18a8b98d7b5d7f0b7105,2024-03-22 20:08:04+00:00,,,QUALIFIED_LABEL_ONLY
Eyla,period:697d8a8453920f1ff1c8,2024-06-15 20:11:50+00:00,,,QUALIFIED_LABEL_ONLY
Eyla,period:ea10f8bb7f189dc4197a,2024-06-22 20:11:50+00:00,,,QUALIFIED_LABEL_ONLY
Eyla,period:fb51ebc6418ce68c46c6,2024-06-27 20:07:21+00:00,,,QUALIFIED_LABEL_ONLY
Eyla,period:0f3dd675ff7b55987f43,2024-07-20 20:10:15+00:00,,,QUALIFIED_LABEL_ONLY
Eyla,period:29c7eddc03e68fe96070,2024-07-27 20:09:19+00:00,,,QUALIFIED_LABEL_ONLY
Eyla,period:03ffd32cfddfafb63d73,2024-08-03 20:08:15+00:00,,,QUALIFIED_LABEL_ONLY
Eyla,period:cdd6b3ae49979eef3d9f,2024-08-10 20:07:50+00:00,,,QUALIFIED_LABEL_ONLY
Eyla,period:5218e82018c8910d187b,2024-08-17 20:07:21+00:00,,,QUALIFIED_LABEL_ONLY
Eyla,period:c0a1c4ffff2a32aacb10,2024-08-23 20:07:51+00:00,,,QUALIFIED_LABEL_ONLY
Eyla,period:3685f26c9338932445a9,2024-08-30 20:08:40+00:00,,,QUALIFIED_LABEL_ONLY
Eyla,period:77186dc9e4b5f1acc2df,2024-09-06 20:13:13+00:00,,,QUALIFIED_LABEL_ONLY
Eyla,period:ee078790277fa6a5a0ce,2025-01-25 21:14:31+00:00,,,QUALIFIED_LABEL_ONLY
Eyla,period:b08144b94745feadc04c,2025-02-01 21:06:58+00:00,,,QUALIFIED_LABEL_ONLY
Eyla,period:5a5260defef5072643d0,2025-04-05 20:14:15+00:00,,,QUALIFIED_LABEL_ONLY
Eyla,period:fb622d9f67b0d1bacd81,2025-04-12 20:06:56+00:00,,,QUALIFIED_LABEL_ONLY
Eyla,period:ab17bbbf5d12cdddc770,2025-04-19 20:08:34+00:00,,,QUALIFIED_LABEL_ONLY
Eyla,period:0bd7b62868a6e6fa9a6d,2025-04-26 20:08:33+00:00,,,QUALIFIED_LABEL_ONLY
Eyla,period:f91ca0f544586fb72c4d,2025-05-03 20:08:26+00:00,,,QUALIFIED_LABEL_ONLY
Eyla,period:92eb584d41521b4a115a,2025-05-10 20:09:23+00:00,,,QUALIFIED_LABEL_ONLY
Eyla,period:42a66f8e41011df34073,2025-05-17 20:08:05+00:00,,,QUALIFIED_LABEL_ONLY
Eyla,period:540a575a08edacdeb808,2025-05-31 20:08:28+00:00,,,QUALIFIED_LABEL_ONLY
Eyla,period:f92170f131413923b84c,2025-07-26 20:10:23+00:00,,,QUALIFIED_LABEL_ONLY
Eyla,period:c7231b512ce5dfec31cf,2025-08-02 20:08:18+00:00,,,QUALIFIED_LABEL_ONLY
Eyla,period:c139a580fc7ad181ea33,2025-08-09 20:06:58+00:00,,,QUALIFIED_LABEL_ONLY
Eyla,period:7c6d5817a7155f3a80bb,2025-08-23 20:06:29+00:00,,,QUALIFIED_LABEL_ONLY
Eyla,period:1ffa4e947c2611f80c97,2025-08-29 20:06:10+00:00,,,QUALIFIED_LABEL_ONLY
Eyla,period:717827b0ee213b1efab1,2025-09-05 20:05:46+00:00,,,QUALIFIED_LABEL_ONLY
FBI,period:01bed218199c5fc6a295,2020-01-25 21:37:53+00:00,,,QUALIFIED_LABEL_ONLY
FBI,period:18c306f73901eb8e548e,2020-02-01 21:36:35+00:00,,,QUALIFIED_LABEL_ONLY
FBI,period:bd2e80371da37619c695,2020-02-08 21:30:18+00:00,,,QUALIFIED_LABEL_ONLY
FBI,period:94dc307a169a4236f643,2020-02-15 21:33:19+00:00,,,QUALIFIED_LABEL_ONLY
FBI,period:90cc39f891e2dbcab3ef,2020-02-22 21:37:14+00:00,,,QUALIFIED_LABEL_ONLY
FBI,period:cb03c621696fc2e91764,2020-02-29 21:26:53+00:00,,,QUALIFIED_LABEL_ONLY
FBI,period:14606e5066005561df07,2020-03-07 21:40:12+00:00,,,QUALIFIED_LABEL_ONLY
FBI,period:b2e2840d56c789b5030c,2020-03-21 20:18:48+00:00,,,QUALIFIED_LABEL_ONLY
FBI,period:666de7dcc2eb91211639,2020-03-28 20:29:42+00:00,,,QUALIFIED_LABEL_ONLY
FBI,period:5a2658b56ec5d5c6a04d,2020-04-04 19:44:42+00:00,,,QUALIFIED_LABEL_ONLY
FBI,period:1970df0ebd4246c6ea3b,2020-06-13 00:40:51+00:00,,,QUALIFIED_LABEL_ONLY
FBI,period:3968b01a861a52d381a8,2020-06-20 00:31:26+00:00,,,QUALIFIED_LABEL_ONLY
FBI,period:642a5bb7deff76d164b5,2020-06-27 00:39:52+00:00,,,QUALIFIED_LABEL_ONLY
FBI,period:7813fa8e90f59320de07,2020-07-04 00:21:06+00:00,,,QUALIFIED_LABEL_ONLY
FBI,period:1e2c5a7144cf9a8bc308,2020-07-11 00:50:27+00:00,,,QUALIFIED_LABEL_ONLY
FBI,period:2d69b4a154591d5cca77,2020-07-18 00:30:49+00:00,,,QUALIFIED_LABEL_ONLY
FBI,period:fe3df3b5886d9a4a5234,2020-07-25 00:38:07+00:00,,,QUALIFIED_LABEL_ONLY
FBI,period:3e89f4975798019beec8,2020-08-01 00:35:44+00:00,,,QUALIFIED_LABEL_ONLY
FBI,period:9cfbd3e5ecdd20626eed,2020-08-08 00:43:41+00:00,,,QUALIFIED_LABEL_ONLY
FBI,period:0836494c11a0b381c084,2020-08-13 19:38:23+00:00,,,QUALIFIED_LABEL_ONLY
FBI,period:38cb400566e2a3aee1c8,2020-08-20 19:31:44+00:00,,,QUALIFIED_LABEL_ONLY
FBI,period:fcb777e33a04482e7bfb,2021-01-15 23:10:17+00:00,,,QUALIFIED_LABEL_ONLY
FBI,period:2e302fc7c4bd7a4b3864,2021-01-22 22:29:56+00:00,,,QUALIFIED_LABEL_ONLY
FBI,period:9b9f3f2ec839feb3a947,2021-01-29 22:28:31+00:00,,,QUALIFIED_LABEL_ONLY
FBI,period:7c66db573c65177b96bf,2021-02-05 22:24:44+00:00,,,QUALIFIED_LABEL_ONLY
FBI,period:19d1212ec047ea2c2e1c,2021-02-12 22:29:59+00:00,,,QUALIFIED_LABEL_ONLY
FBI,period:577ed5ecd652eb981e79,2021-02-19 22:21:31+00:00,,,QUALIFIED_LABEL_ONLY
FBI,period:3482fd65afd711052651,2021-02-26 22:23:25+00:00,,,QUALIFIED_LABEL_ONLY
FBI,period:433079f36e14953ffe3e,2021-03-05 22:15:28+00:00,,,QUALIFIED_LABEL_ONLY
FBI,period:2eea81e5fabdc42a729f,2021-03-12 22:24:45+00:00,,,QUALIFIED_LABEL_ONLY
FBI,period:4a6e60b4d46361a99310,2021-03-20 19:21:03+00:00,,,QUALIFIED_LABEL_ONLY
FBI,period:22dfd57f1594beeba715,2021-03-27 19:16:36+00:00,,,QUALIFIED_LABEL_ONLY
FBI,period:8e2682918e14580d212b,2021-04-03 19:17:31+00:00,,,QUALIFIED_LABEL_ONLY
FBI,period:debddf61a872640eadfb,2021-06-04 22:02:02+00:00,,,QUALIFIED_LABEL_ONLY
FBI,period:24ddb9953986c3386cb5,2021-06-11 21:37:50+00:00,,,QUALIFIED_LABEL_ONLY
FBI,period:111e9dfa6ccd70cbab3b,2021-06-18 21:02:38+00:00,,,QUALIFIED_LABEL_ONLY
FBI,period:32c02d32a3c87111d752,2021-06-25 21:33:16+00:00,,,QUALIFIED_LABEL_ONLY
FBI,period:4f8f85e36ba842416702,2021-07-02 21:10:28+00:00,,,QUALIFIED_LABEL_ONLY
FBI,period:490dcd8b072f0c76bfcd,2021-07-09 21:35:31+00:00,,,QUALIFIED_LABEL_ONLY
FBI,period:5ede35b384e34b4e7cf7,2021-07-16 21:20:22+00:00,,,QUALIFIED_LABEL_ONLY
FBI,period:5befa75590802ab7de54,2021-07-23 20:58:06+00:00,,,QUALIFIED_LABEL_ONLY
FBI,period:afb91f11a5c9c66cc35b,2021-07-30 21:12:55+00:00,,,QUALIFIED_LABEL_ONLY
FBI,period:3951db25bbaff1ec59cd,2021-08-12 21:13:39+00:00,,,QUALIFIED_LABEL_ONLY
FBI,period:7c5e83ab4c6a7ca8c86a,2021-08-19 21:11:40+00:00,,,QUALIFIED_LABEL_ONLY
FBI,period:dbb9ba645ae8a19c6555,2021-08-28 19:41:05+00:00,,,QUALIFIED_LABEL_ONLY
FBI,period:3921ed3cc984afb56c50,2022-01-14 21:26:31+00:00,,,QUALIFIED_LABEL_ONLY
FBI,period:ea5caa919fbd4b75da18,2022-01-21 21:45:47+00:00,,,QUALIFIED_LABEL_ONLY
FBI,period:5a26c3b6318c7b633520,2022-02-05 20:33:18+00:00,,,QUALIFIED_LABEL_ONLY
FBI,period:44168f74464b99791ba3,2022-02-12 20:53:38+00:00,,,QUALIFIED_LABEL_ONLY
FBI,period:466f661effb9208a840b,2022-02-19 20:54:27+00:00,,,QUALIFIED_LABEL_ONLY
FBI,period:4138ca482beb4344e9ad,2022-02-25 22:37:00+00:00,,,QUALIFIED_LABEL_ONLY
FBI,period:7a928b9ecc895d38667e,2022-03-05 21:01:58+00:00,,,QUALIFIED_LABEL_ONLY
FBI,period:bfbcb255cff7d2c3894f,2022-03-12 21:07:29+00:00,,,QUALIFIED_LABEL_ONLY
FBI,period:9a704a25f780f56ebe1b,2022-03-19 19:32:42+00:00,,,QUALIFIED_LABEL_ONLY
FBI,period:2543e9e0dda5edca0977,2022-03-25 20:43:57+00:00,,,QUALIFIED_LABEL_ONLY
FBI,period:95c58b937c0fcc3e92b9,2022-04-02 20:00:26+00:00,,,QUALIFIED_LABEL_ONLY
FBI,period:8e4979ebdc36578e98ba,2022-04-16 20:06:15+00:00,,,QUALIFIED_LABEL_ONLY
FBI,period:8036ed58940a8d2ab607,2022-04-23 18:36:24+00:00,,,QUALIFIED_LABEL_ONLY
FBI,period:4c81af754b6b135da741,2022-06-17 21:46:00+00:00,,,QUALIFIED_LABEL_ONLY
FBI,period:9098ed2cd53d3e50498b,2022-06-25 20:09:54+00:00,,,QUALIFIED_LABEL_ONLY
FBI,period:bd5d15bd6830501052ed,2022-07-02 20:14:47+00:00,,,QUALIFIED_LABEL_ONLY
FBI,period:a1385753e89a22ad7415,2022-07-16 20:31:00+00:00,,,QUALIFIED_LABEL_ONLY
FBI,period:d36d780bd6e08d095d27,2022-07-23 20:43:00+00:00,,,QUALIFIED_LABEL_ONLY
FBI,period:ab4c55f2271a097a29e2,2022-07-30 20:03:25+00:00,,,QUALIFIED_LABEL_ONLY
FBI,period:9310314000d1dccfe6ae,2022-08-06 20:08:43+00:00,,,QUALIFIED_LABEL_ONLY
FBI,period:e268d0eb9109f8185a29,2022-08-12 20:55:46+00:00,,,QUALIFIED_LABEL_ONLY
FBI,period:f6ad6d70568c5aa4ddb9,2022-08-25 19:37:29+00:00,,,QUALIFIED_LABEL_ONLY
FBI,period:f14a4fb0f93da34e9201,2022-09-01 19:27:30+00:00,,,QUALIFIED_LABEL_ONLY
FBI,period:f4e76c51fd962159c780,2022-09-10 19:07:58+00:00,,,QUALIFIED_LABEL_ONLY
FBI,period:452655f2bc33b5b76085,2023-01-26 22:16:48+00:00,,,QUALIFIED_LABEL_ONLY
FBI,period:9ad2bd3e76204c678ee3,2023-02-02 22:06:55+00:00,,,QUALIFIED_LABEL_ONLY
FBI,period:5193f604ed2f15e301e1,2023-02-09 22:07:17+00:00,,,QUALIFIED_LABEL_ONLY
FBI,period:2b3de7782bdf56dc82d0,2023-02-15 22:07:50+00:00,,,QUALIFIED_LABEL_ONLY
FBI,period:36d3f31311f21e914d55,2023-02-23 22:06:52+00:00,,,QUALIFIED_LABEL_ONLY
FBI,period:83278694723ba910058b,2023-03-02 22:08:20+00:00,,,QUALIFIED_LABEL_ONLY
FBI,period:402a134be7abbe005149,2023-03-09 22:22:41+00:00,,,QUALIFIED_LABEL_ONLY
FBI,period:8d9d5d3f36e034ced562,2023-03-15 21:07:53+00:00,,,QUALIFIED_LABEL_ONLY
FBI,period:d990ac8b125022094901,2023-03-23 21:10:53+00:00,,,QUALIFIED_LABEL_ONLY
FBI,period:d33d87118e30f5daa86a,2023-03-30 21:09:21+00:00,,,QUALIFIED_LABEL_ONLY
FBI,period:3943367d2ce567a9fae3,2023-06-14 21:13:03+00:00,,,QUALIFIED_LABEL_ONLY
FBI,period:f2ee99995367bf0fc030,2023-06-21 21:07:31+00:00,,,QUALIFIED_LABEL_ONLY
FBI,period:c790283b449e6bb25672,2023-06-28 21:06:50+00:00,,,QUALIFIED_LABEL_ONLY
FBI,period:ff185424af4133395119,2023-07-05 21:05:49+00:00,,,QUALIFIED_LABEL_ONLY
FBI,period:36cf05276a8bbe55409a,2023-07-12 21:06:58+00:00,,,QUALIFIED_LABEL_ONLY
FBI,period:dd1399a0cf2f56138daa,2023-07-19 21:07:18+00:00,,,QUALIFIED_LABEL_ONLY
FBI,period:67a5ff4d5b051b402092,2023-07-27 21:07:41+00:00,,,QUALIFIED_LABEL_ONLY
FBI,period:4520b87081b51698489a,2023-08-03 21:07:08+00:00,,,QUALIFIED_LABEL_ONLY
FBI,period:a7fd1e72d2ba831ccc8d,2023-08-10 21:10:37+00:00,,,QUALIFIED_LABEL_ONLY
FBI,period:c21bdc9dc5e7a7f7922d,2023-08-19 20:18:53+00:00,,,QUALIFIED_LABEL_ONLY
FBI,period:27c11f42e65c97b901b8,2024-01-20 20:15:01+00:00,,,QUALIFIED_LABEL_ONLY
FBI,period:ab546300266e49331659,2024-01-27 20:15:48+00:00,,,QUALIFIED_LABEL_ONLY
FBI,period:f82eb58c594ccc349383,2024-02-02 21:12:22+00:00,,,QUALIFIED_LABEL_ONLY
FBI,period:06566a2ea584fecf6c15,2024-02-10 21:07:54+00:00,,,QUALIFIED_LABEL_ONLY
FBI,period:789a06731adc1e0c8798,2024-03-02 21:07:29+00:00,,,QUALIFIED_LABEL_ONLY
FBI,period:a0f9da327c11cf3cc717,2024-03-08 21:07:46+00:00,,,QUALIFIED_LABEL_ONLY
FBI,period:448a8f91622619afdbe7,2024-03-14 20:08:02+00:00,,,QUALIFIED_LABEL_ONLY
FBI,period:697d8a8453920f1ff1c8,2024-06-15 20:11:50+00:00,,,QUALIFIED_LABEL_ONLY
FBI,period:ea10f8bb7f189dc4197a,2024-06-22 20:11:50+00:00,,,QUALIFIED_LABEL_ONLY
FBI,period:fb51ebc6418ce68c46c6,2024-06-27 20:07:21+00:00,,,QUALIFIED_LABEL_ONLY
FBI,period:0f3dd675ff7b55987f43,2024-07-20 20:10:15+00:00,,,QUALIFIED_LABEL_ONLY
FBI,period:29c7eddc03e68fe96070,2024-07-27 20:09:19+00:00,,,QUALIFIED_LABEL_ONLY
FBI,period:03ffd32cfddfafb63d73,2024-08-03 20:08:15+00:00,,,QUALIFIED_LABEL_ONLY
FBI,period:cdd6b3ae49979eef3d9f,2024-08-10 20:07:50+00:00,,,QUALIFIED_LABEL_ONLY
FBI,period:5218e82018c8910d187b,2024-08-17 20:07:21+00:00,,,QUALIFIED_LABEL_ONLY
FBI,period:c0a1c4ffff2a32aacb10,2024-08-23 20:07:51+00:00,,,QUALIFIED_LABEL_ONLY
FBI,period:ee078790277fa6a5a0ce,2025-01-25 21:14:31+00:00,,,QUALIFIED_LABEL_ONLY
FBI,period:b08144b94745feadc04c,2025-02-01 21:06:58+00:00,,,QUALIFIED_LABEL_ONLY
FBI,period:5a5260defef5072643d0,2025-04-05 20:14:15+00:00,,,QUALIFIED_LABEL_ONLY
FBI,period:fb622d9f67b0d1bacd81,2025-04-12 20:06:56+00:00,,,QUALIFIED_LABEL_ONLY
FBI,period:ab17bbbf5d12cdddc770,2025-04-19 20:08:34+00:00,,,QUALIFIED_LABEL_ONLY
FBI,period:0bd7b62868a6e6fa9a6d,2025-04-26 20:08:33+00:00,,,QUALIFIED_LABEL_ONLY
FBI,period:f91ca0f544586fb72c4d,2025-05-03 20:08:26+00:00,,,QUALIFIED_LABEL_ONLY
FBI,period:92eb584d41521b4a115a,2025-05-10 20:09:23+00:00,,,QUALIFIED_LABEL_ONLY
FBI,period:42a66f8e41011df34073,2025-05-17 20:08:05+00:00,,,QUALIFIED_LABEL_ONLY
FBI,period:540a575a08edacdeb808,2025-05-31 20:08:28+00:00,,,QUALIFIED_LABEL_ONLY
FBI,period:f92170f131413923b84c,2025-07-26 20:10:23+00:00,,,QUALIFIED_LABEL_ONLY
FBI,period:c7231b512ce5dfec31cf,2025-08-02 20:08:18+00:00,,,QUALIFIED_LABEL_ONLY
FBI,period:c139a580fc7ad181ea33,2025-08-09 20:06:58+00:00,,,QUALIFIED_LABEL_ONLY
FBI,period:7c6d5817a7155f3a80bb,2025-08-23 20:06:29+00:00,,,QUALIFIED_LABEL_ONLY
FBI,period:1ffa4e947c2611f80c97,2025-08-29 20:06:10+00:00,,,QUALIFIED_LABEL_ONLY
FBI,period:717827b0ee213b1efab1,2025-09-05 20:05:46+00:00,,,QUALIFIED_LABEL_ONLY
FBI,period:70fac0200d695853ccdc,2026-01-31 21:07:01+00:00,,,QUALIFIED_LABEL_ONLY
FBI,period:b2e5a5987eefaa30eea2,2026-02-07 21:11:32+00:00,,,QUALIFIED_LABEL_ONLY
FBI,period:9c6a0a6efb8480316e54,2026-02-09 00:51:15+00:00,,,QUALIFIED_LABEL_ONLY
FBI,period:74efed7e4a28a304cc30,2026-04-04 20:17:46+00:00,,,QUALIFIED_LABEL_ONLY
FBI,period:fc48b32f725285a09f66,2026-04-11 20:08:26+00:00,,,QUALIFIED_LABEL_ONLY
FBI,period:9ad9f360f988761d91c1,2026-04-18 20:07:45+00:00,,,QUALIFIED_LABEL_ONLY
FBI,period:b0a60cf2f3d3558f5e56,2026-04-25 20:09:02+00:00,,,QUALIFIED_LABEL_ONLY
FBI,period:0a890f671f8ce6bbde59,2026-05-02 20:10:20+00:00,,,QUALIFIED_LABEL_ONLY
FBI,period:bca1e648a46734294b57,2026-05-09 20:08:09+00:00,,,QUALIFIED_LABEL_ONLY
FBI,period:1c76ac6866aa6a71a894,2026-05-16 20:08:36+00:00,,,QUALIFIED_LABEL_ONLY
FBI,period:5afe139f56d9c0db8f2d,2026-07-25 20:13:30+00:00,,,QUALIFIED_LABEL_ONLY
FakeGod,period:fcb777e33a04482e7bfb,2021-01-15 23:10:17+00:00,,,QUALIFIED_LABEL_ONLY
FakeGod,period:2e302fc7c4bd7a4b3864,2021-01-22 22:29:56+00:00,,,QUALIFIED_LABEL_ONLY
FakeGod,period:7c66db573c65177b96bf,2021-02-05 22:24:44+00:00,,,QUALIFIED_LABEL_ONLY
FakeGod,period:19d1212ec047ea2c2e1c,2021-02-12 22:29:59+00:00,,,QUALIFIED_LABEL_ONLY
FakeGod,period:577ed5ecd652eb981e79,2021-02-19 22:21:31+00:00,,,QUALIFIED_LABEL_ONLY
FakeGod,period:3482fd65afd711052651,2021-02-26 22:23:25+00:00,,,QUALIFIED_LABEL_ONLY
FakeGod,period:433079f36e14953ffe3e,2021-03-05 22:15:28+00:00,,,QUALIFIED_LABEL_ONLY
FakeGod,period:2eea81e5fabdc42a729f,2021-03-12 22:24:45+00:00,,,QUALIFIED_LABEL_ONLY
FakeGod,period:22dfd57f1594beeba715,2021-03-27 19:16:36+00:00,,,QUALIFIED_LABEL_ONLY
FakeGod,period:debddf61a872640eadfb,2021-06-04 22:02:02+00:00,,,QUALIFIED_LABEL_ONLY
FakeGod,period:24ddb9953986c3386cb5,2021-06-11 21:37:50+00:00,,,QUALIFIED_LABEL_ONLY
FakeGod,period:111e9dfa6ccd70cbab3b,2021-06-18 21:02:38+00:00,,,QUALIFIED_LABEL_ONLY
FakeGod,period:32c02d32a3c87111d752,2021-06-25 21:33:16+00:00,,,QUALIFIED_LABEL_ONLY
FakeGod,period:4f8f85e36ba842416702,2021-07-02 21:10:28+00:00,,,QUALIFIED_LABEL_ONLY
FakeGod,period:490dcd8b072f0c76bfcd,2021-07-09 21:35:31+00:00,,,QUALIFIED_LABEL_ONLY
FakeGod,period:5ede35b384e34b4e7cf7,2021-07-16 21:20:22+00:00,,,QUALIFIED_LABEL_ONLY
FakeGod,period:5befa75590802ab7de54,2021-07-23 20:58:06+00:00,,,QUALIFIED_LABEL_ONLY
FakeGod,period:afb91f11a5c9c66cc35b,2021-07-30 21:12:55+00:00,,,QUALIFIED_LABEL_ONLY
FakeGod,period:a8f8fd7e2f96bbacb87c,2021-08-07 20:23:28+00:00,,,QUALIFIED_LABEL_ONLY
FakeGod,period:3951db25bbaff1ec59cd,2021-08-12 21:13:39+00:00,,,QUALIFIED_LABEL_ONLY
FakeGod,period:3921ed3cc984afb56c50,2022-01-14 21:26:31+00:00,,,QUALIFIED_LABEL_ONLY
FakeGod,period:ea5caa919fbd4b75da18,2022-01-21 21:45:47+00:00,,,QUALIFIED_LABEL_ONLY
FakeGod,period:3b01aa4d9786587a33b3,2022-01-28 21:53:04+00:00,,,QUALIFIED_LABEL_ONLY
FakeGod,period:5a26c3b6318c7b633520,2022-02-05 20:33:18+00:00,,,QUALIFIED_LABEL_ONLY
FakeGod,period:44168f74464b99791ba3,2022-02-12 20:53:38+00:00,,,QUALIFIED_LABEL_ONLY
FakeGod,period:466f661effb9208a840b,2022-02-19 20:54:27+00:00,,,QUALIFIED_LABEL_ONLY
FakeGod,period:4138ca482beb4344e9ad,2022-02-25 22:37:00+00:00,,,QUALIFIED_LABEL_ONLY
FakeGod,period:7a928b9ecc895d38667e,2022-03-05 21:01:58+00:00,,,QUALIFIED_LABEL_ONLY
FakeGod,period:bfbcb255cff7d2c3894f,2022-03-12 21:07:29+00:00,,,QUALIFIED_LABEL_ONLY
FakeGod,period:9a704a25f780f56ebe1b,2022-03-19 19:32:42+00:00,,,QUALIFIED_LABEL_ONLY
FakeGod,period:2543e9e0dda5edca0977,2022-03-25 20:43:57+00:00,,,QUALIFIED_LABEL_ONLY
FakeGod,period:27c11f42e65c97b901b8,2024-01-20 20:15:01+00:00,,,QUALIFIED_LABEL_ONLY
FakeGod,period:ab546300266e49331659,2024-01-27 20:15:48+00:00,,,QUALIFIED_LABEL_ONLY
FakeGod,period:f82eb58c594ccc349383,2024-02-02 21:12:22+00:00,,,QUALIFIED_LABEL_ONLY
FakeGod,period:06566a2ea584fecf6c15,2024-02-10 21:07:54+00:00,,,QUALIFIED_LABEL_ONLY
FakeGod,period:789a06731adc1e0c8798,2024-03-02 21:07:29+00:00,,,QUALIFIED_LABEL_ONLY
FakeGod,period:a0f9da327c11cf3cc717,2024-03-08 21:07:46+00:00,,,QUALIFIED_LABEL_ONLY
FakeGod,period:697d8a8453920f1ff1c8,2024-06-15 20:11:50+00:00,,,QUALIFIED_LABEL_ONLY
FakeGod,period:ea10f8bb7f189dc4197a,2024-06-22 20:11:50+00:00,,,QUALIFIED_LABEL_ONLY
FakeGod,period:fb51ebc6418ce68c46c6,2024-06-27 20:07:21+00:00,,,QUALIFIED_LABEL_ONLY
FakeGod,period:0f3dd675ff7b55987f43,2024-07-20 20:10:15+00:00,,,QUALIFIED_LABEL_ONLY
FakeGod,period:29c7eddc03e68fe96070,2024-07-27 20:09:19+00:00,,,QUALIFIED_LABEL_ONLY
FakeGod,period:03ffd32cfddfafb63d73,2024-08-03 20:08:15+00:00,,,QUALIFIED_LABEL_ONLY
FakeGod,period:cdd6b3ae49979eef3d9f,2024-08-10 20:07:50+00:00,,,QUALIFIED_LABEL_ONLY
Fenix,period:7813fa8e90f59320de07,2020-07-04 00:21:06+00:00,,,QUALIFIED_LABEL_ONLY
Fenix,period:1e2c5a7144cf9a8bc308,2020-07-11 00:50:27+00:00,,,QUALIFIED_LABEL_ONLY
Fenix,period:2d69b4a154591d5cca77,2020-07-18 00:30:49+00:00,,,QUALIFIED_LABEL_ONLY
Fenix,period:fe3df3b5886d9a4a5234,2020-07-25 00:38:07+00:00,,,QUALIFIED_LABEL_ONLY
Fenix,period:3e89f4975798019beec8,2020-08-01 00:35:44+00:00,,,QUALIFIED_LABEL_ONLY
Fenix,period:9cfbd3e5ecdd20626eed,2020-08-08 00:43:41+00:00,,,QUALIFIED_LABEL_ONLY
Fenix,period:0836494c11a0b381c084,2020-08-13 19:38:23+00:00,,,QUALIFIED_LABEL_ONLY
Finn,period:7c66db573c65177b96bf,2021-02-05 22:24:44+00:00,,,QUALIFIED_LABEL_ONLY
Finn,period:19d1212ec047ea2c2e1c,2021-02-12 22:29:59+00:00,,,QUALIFIED_LABEL_ONLY
Finn,period:577ed5ecd652eb981e79,2021-02-19 22:21:31+00:00,,,QUALIFIED_LABEL_ONLY
Finn,period:3482fd65afd711052651,2021-02-26 22:23:25+00:00,,,QUALIFIED_LABEL_ONLY
Finn,period:433079f36e14953ffe3e,2021-03-05 22:15:28+00:00,,,QUALIFIED_LABEL_ONLY
Finn,period:2eea81e5fabdc42a729f,2021-03-12 22:24:45+00:00,,,QUALIFIED_LABEL_ONLY
Finn,period:debddf61a872640eadfb,2021-06-04 22:02:02+00:00,,,QUALIFIED_LABEL_ONLY
Finn,period:24ddb9953986c3386cb5,2021-06-11 21:37:50+00:00,,,QUALIFIED_LABEL_ONLY
Finn,period:111e9dfa6ccd70cbab3b,2021-06-18 21:02:38+00:00,,,QUALIFIED_LABEL_ONLY
Finn,period:32c02d32a3c87111d752,2021-06-25 21:33:16+00:00,,,QUALIFIED_LABEL_ONLY
Finn,period:4f8f85e36ba842416702,2021-07-02 21:10:28+00:00,,,QUALIFIED_LABEL_ONLY
Finn,period:490dcd8b072f0c76bfcd,2021-07-09 21:35:31+00:00,,,QUALIFIED_LABEL_ONLY
Finn,period:5ede35b384e34b4e7cf7,2021-07-16 21:20:22+00:00,,,QUALIFIED_LABEL_ONLY
Finn,period:5befa75590802ab7de54,2021-07-23 20:58:06+00:00,,,QUALIFIED_LABEL_ONLY
Finn,period:afb91f11a5c9c66cc35b,2021-07-30 21:12:55+00:00,,,QUALIFIED_LABEL_ONLY
Fleshy,period:452655f2bc33b5b76085,2023-01-26 22:16:48+00:00,,,QUALIFIED_LABEL_ONLY
Fleshy,period:9ad2bd3e76204c678ee3,2023-02-02 22:06:55+00:00,,,QUALIFIED_LABEL_ONLY
Fleshy,period:5193f604ed2f15e301e1,2023-02-09 22:07:17+00:00,,,QUALIFIED_LABEL_ONLY
Fleshy,period:2b3de7782bdf56dc82d0,2023-02-15 22:07:50+00:00,,,QUALIFIED_LABEL_ONLY
Fleshy,period:36d3f31311f21e914d55,2023-02-23 22:06:52+00:00,,,QUALIFIED_LABEL_ONLY
Fleshy,period:83278694723ba910058b,2023-03-02 22:08:20+00:00,,,QUALIFIED_LABEL_ONLY
Fleshy,period:402a134be7abbe005149,2023-03-09 22:22:41+00:00,,,QUALIFIED_LABEL_ONLY
Fleshy,period:8d9d5d3f36e034ced562,2023-03-15 21:07:53+00:00,,,QUALIFIED_LABEL_ONLY
Fragas,period:9cfbd3e5ecdd20626eed,2020-08-08 00:43:41+00:00,,,QUALIFIED_LABEL_ONLY
Froggen,period:01bed218199c5fc6a295,2020-01-25 21:37:53+00:00,,,QUALIFIED_LABEL_ONLY
Froggen,period:18c306f73901eb8e548e,2020-02-01 21:36:35+00:00,,,QUALIFIED_LABEL_ONLY
Froggen,period:bd2e80371da37619c695,2020-02-08 21:30:18+00:00,,,QUALIFIED_LABEL_ONLY
Froggen,period:94dc307a169a4236f643,2020-02-15 21:33:19+00:00,,,QUALIFIED_LABEL_ONLY
Froggen,period:90cc39f891e2dbcab3ef,2020-02-22 21:37:14+00:00,,,QUALIFIED_LABEL_ONLY
Froggen,period:cb03c621696fc2e91764,2020-02-29 21:26:53+00:00,,,QUALIFIED_LABEL_ONLY
Froggen,period:14606e5066005561df07,2020-03-07 21:40:12+00:00,,,QUALIFIED_LABEL_ONLY
Froggen,period:b2e2840d56c789b5030c,2020-03-21 20:18:48+00:00,,,QUALIFIED_LABEL_ONLY
Froggen,period:666de7dcc2eb91211639,2020-03-28 20:29:42+00:00,,,QUALIFIED_LABEL_ONLY
Froggen,period:1970df0ebd4246c6ea3b,2020-06-13 00:40:51+00:00,,,QUALIFIED_LABEL_ONLY
Froggen,period:3968b01a861a52d381a8,2020-06-20 00:31:26+00:00,,,QUALIFIED_LABEL_ONLY
Froggen,period:642a5bb7deff76d164b5,2020-06-27 00:39:52+00:00,,,QUALIFIED_LABEL_ONLY
Fudge,period:fcb777e33a04482e7bfb,2021-01-15 23:10:17+00:00,,,QUALIFIED_LABEL_ONLY
Fudge,period:2e302fc7c4bd7a4b3864,2021-01-22 22:29:56+00:00,,,QUALIFIED_LABEL_ONLY
Fudge,period:9b9f3f2ec839feb3a947,2021-01-29 22:28:31+00:00,,,QUALIFIED_LABEL_ONLY
Fudge,period:7c66db573c65177b96bf,2021-02-05 22:24:44+00:00,,,QUALIFIED_LABEL_ONLY
Fudge,period:19d1212ec047ea2c2e1c,2021-02-12 22:29:59+00:00,,,QUALIFIED_LABEL_ONLY
Fudge,period:577ed5ecd652eb981e79,2021-02-19 22:21:31+00:00,,,QUALIFIED_LABEL_ONLY
Fudge,period:3482fd65afd711052651,2021-02-26 22:23:25+00:00,,,QUALIFIED_LABEL_ONLY
Fudge,period:433079f36e14953ffe3e,2021-03-05 22:15:28+00:00,,,QUALIFIED_LABEL_ONLY
Fudge,period:2eea81e5fabdc42a729f,2021-03-12 22:24:45+00:00,,,QUALIFIED_LABEL_ONLY
Fudge,period:4a6e60b4d46361a99310,2021-03-20 19:21:03+00:00,,,QUALIFIED_LABEL_ONLY
Fudge,period:8e2682918e14580d212b,2021-04-03 19:17:31+00:00,,,QUALIFIED_LABEL_ONLY
Fudge,period:759dd00fd0d693b754cc,2021-04-10 19:41:22+00:00,,,QUALIFIED_LABEL_ONLY
Fudge,period:debddf61a872640eadfb,2021-06-04 22:02:02+00:00,,,QUALIFIED_LABEL_ONLY
Fudge,period:24ddb9953986c3386cb5,2021-06-11 21:37:50+00:00,,,QUALIFIED_LABEL_ONLY
Fudge,period:111e9dfa6ccd70cbab3b,2021-06-18 21:02:38+00:00,,,QUALIFIED_LABEL_ONLY
Fudge,period:32c02d32a3c87111d752,2021-06-25 21:33:16+00:00,,,QUALIFIED_LABEL_ONLY
Fudge,period:4f8f85e36ba842416702,2021-07-02 21:10:28+00:00,,,QUALIFIED_LABEL_ONLY
Fudge,period:490dcd8b072f0c76bfcd,2021-07-09 21:35:31+00:00,,,QUALIFIED_LABEL_ONLY
Fudge,period:5ede35b384e34b4e7cf7,2021-07-16 21:20:22+00:00,,,QUALIFIED_LABEL_ONLY
Fudge,period:5befa75590802ab7de54,2021-07-23 20:58:06+00:00,,,QUALIFIED_LABEL_ONLY
Fudge,period:afb91f11a5c9c66cc35b,2021-07-30 21:12:55+00:00,,,QUALIFIED_LABEL_ONLY
Fudge,period:a8f8fd7e2f96bbacb87c,2021-08-07 20:23:28+00:00,,,QUALIFIED_LABEL_ONLY
Fudge,period:3951db25bbaff1ec59cd,2021-08-12 21:13:39+00:00,,,QUALIFIED_LABEL_ONLY
Fudge,period:7c5e83ab4c6a7ca8c86a,2021-08-19 21:11:40+00:00,,,QUALIFIED_LABEL_ONLY
Fudge,period:dbb9ba645ae8a19c6555,2021-08-28 19:41:05+00:00,,,QUALIFIED_LABEL_ONLY
Fudge,period:3921ed3cc984afb56c50,2022-01-14 21:26:31+00:00,,,QUALIFIED_LABEL_ONLY
Fudge,period:ea5caa919fbd4b75da18,2022-01-21 21:45:47+00:00,,,QUALIFIED_LABEL_ONLY
Fudge,period:3b01aa4d9786587a33b3,2022-01-28 21:53:04+00:00,,,QUALIFIED_LABEL_ONLY
Fudge,period:5a26c3b6318c7b633520,2022-02-05 20:33:18+00:00,,,QUALIFIED_LABEL_ONLY
Fudge,period:44168f74464b99791ba3,2022-02-12 20:53:38+00:00,,,QUALIFIED_LABEL_ONLY
Fudge,period:466f661effb9208a840b,2022-02-19 20:54:27+00:00,,,QUALIFIED_LABEL_ONLY
Fudge,period:4138ca482beb4344e9ad,2022-02-25 22:37:00+00:00,,,QUALIFIED_LABEL_ONLY
Fudge,period:7a928b9ecc895d38667e,2022-03-05 21:01:58+00:00,,,QUALIFIED_LABEL_ONLY
Fudge,period:bfbcb255cff7d2c3894f,2022-03-12 21:07:29+00:00,,,QUALIFIED_LABEL_ONLY
Fudge,period:9a704a25f780f56ebe1b,2022-03-19 19:32:42+00:00,,,QUALIFIED_LABEL_ONLY
Fudge,period:2543e9e0dda5edca0977,2022-03-25 20:43:57+00:00,,,QUALIFIED_LABEL_ONLY
Fudge,period:95c58b937c0fcc3e92b9,2022-04-02 20:00:26+00:00,,,QUALIFIED_LABEL_ONLY
Fudge,period:feb156c0b7ef67e8a92a,2022-04-09 20:43:33+00:00,,,QUALIFIED_LABEL_ONLY
Fudge,period:8e4979ebdc36578e98ba,2022-04-16 20:06:15+00:00,,,QUALIFIED_LABEL_ONLY
Fudge,period:4c81af754b6b135da741,2022-06-17 21:46:00+00:00,,,QUALIFIED_LABEL_ONLY
Fudge,period:9098ed2cd53d3e50498b,2022-06-25 20:09:54+00:00,,,QUALIFIED_LABEL_ONLY
Fudge,period:bd5d15bd6830501052ed,2022-07-02 20:14:47+00:00,,,QUALIFIED_LABEL_ONLY
Fudge,period:a1385753e89a22ad7415,2022-07-16 20:31:00+00:00,,,QUALIFIED_LABEL_ONLY
Fudge,period:d36d780bd6e08d095d27,2022-07-23 20:43:00+00:00,,,QUALIFIED_LABEL_ONLY
Fudge,period:ab4c55f2271a097a29e2,2022-07-30 20:03:25+00:00,,,QUALIFIED_LABEL_ONLY
Fudge,period:9310314000d1dccfe6ae,2022-08-06 20:08:43+00:00,,,QUALIFIED_LABEL_ONLY
Fudge,period:e268d0eb9109f8185a29,2022-08-12 20:55:46+00:00,,,QUALIFIED_LABEL_ONLY
Fudge,period:fcd21c282bb6eb984919,2022-08-20 19:32:26+00:00,,,QUALIFIED_LABEL_ONLY
Fudge,period:f6ad6d70568c5aa4ddb9,2022-08-25 19:37:29+00:00,,,QUALIFIED_LABEL_ONLY
Fudge,period:f14a4fb0f93da34e9201,2022-09-01 19:27:30+00:00,,,QUALIFIED_LABEL_ONLY
Fudge,period:f4e76c51fd962159c780,2022-09-10 19:07:58+00:00,,,QUALIFIED_LABEL_ONLY
Fudge,period:452655f2bc33b5b76085,2023-01-26 22:16:48+00:00,,,QUALIFIED_LABEL_ONLY
Fudge,period:9ad2bd3e76204c678ee3,2023-02-02 22:06:55+00:00,,,QUALIFIED_LABEL_ONLY
Fudge,period:5193f604ed2f15e301e1,2023-02-09 22:07:17+00:00,,,QUALIFIED_LABEL_ONLY
Fudge,period:2b3de7782bdf56dc82d0,2023-02-15 22:07:50+00:00,,,QUALIFIED_LABEL_ONLY
Fudge,period:36d3f31311f21e914d55,2023-02-23 22:06:52+00:00,,,QUALIFIED_LABEL_ONLY
Fudge,period:83278694723ba910058b,2023-03-02 22:08:20+00:00,,,QUALIFIED_LABEL_ONLY
Fudge,period:402a134be7abbe005149,2023-03-09 22:22:41+00:00,,,QUALIFIED_LABEL_ONLY
Fudge,period:8d9d5d3f36e034ced562,2023-03-15 21:07:53+00:00,,,QUALIFIED_LABEL_ONLY
Fudge,period:d990ac8b125022094901,2023-03-23 21:10:53+00:00,,,QUALIFIED_LABEL_ONLY
Fudge,period:d33d87118e30f5daa86a,2023-03-30 21:09:21+00:00,,,QUALIFIED_LABEL_ONLY
Fudge,period:f52e10acfa6d747a4c9d,2023-04-08 20:17:16+00:00,,,QUALIFIED_LABEL_ONLY
Fudge,period:3943367d2ce567a9fae3,2023-06-14 21:13:03+00:00,,,QUALIFIED_LABEL_ONLY
Fudge,period:f2ee99995367bf0fc030,2023-06-21 21:07:31+00:00,,,QUALIFIED_LABEL_ONLY
Fudge,period:c790283b449e6bb25672,2023-06-28 21:06:50+00:00,,,QUALIFIED_LABEL_ONLY
Fudge,period:ff185424af4133395119,2023-07-05 21:05:49+00:00,,,QUALIFIED_LABEL_ONLY
Fudge,period:36cf05276a8bbe55409a,2023-07-12 21:06:58+00:00,,,QUALIFIED_LABEL_ONLY
Fudge,period:dd1399a0cf2f56138daa,2023-07-19 21:07:18+00:00,,,QUALIFIED_LABEL_ONLY
Fudge,period:4520b87081b51698489a,2023-08-03 21:07:08+00:00,,,QUALIFIED_LABEL_ONLY
Fudge,period:a7fd1e72d2ba831ccc8d,2023-08-10 21:10:37+00:00,,,QUALIFIED_LABEL_ONLY
Fudge,period:c21bdc9dc5e7a7f7922d,2023-08-19 20:18:53+00:00,,,QUALIFIED_LABEL_ONLY
Fudge,period:27c11f42e65c97b901b8,2024-01-20 20:15:01+00:00,,,QUALIFIED_LABEL_ONLY
Fudge,period:ab546300266e49331659,2024-01-27 20:15:48+00:00,,,QUALIFIED_LABEL_ONLY
Fudge,period:f82eb58c594ccc349383,2024-02-02 21:12:22+00:00,,,QUALIFIED_LABEL_ONLY
Fudge,period:06566a2ea584fecf6c15,2024-02-10 21:07:54+00:00,,,QUALIFIED_LABEL_ONLY
Fudge,period:789a06731adc1e0c8798,2024-03-02 21:07:29+00:00,,,QUALIFIED_LABEL_ONLY
Fudge,period:a0f9da327c11cf3cc717,2024-03-08 21:07:46+00:00,,,QUALIFIED_LABEL_ONLY
Fudge,period:448a8f91622619afdbe7,2024-03-14 20:08:02+00:00,,,QUALIFIED_LABEL_ONLY
Fudge,period:18a8b98d7b5d7f0b7105,2024-03-22 20:08:04+00:00,,,QUALIFIED_LABEL_ONLY
Fudge,period:0c3bfca85acd014e625d,2024-03-30 20:22:30+00:00,,,QUALIFIED_LABEL_ONLY
Fudge,period:ee078790277fa6a5a0ce,2025-01-25 21:14:31+00:00,,,QUALIFIED_LABEL_ONLY
Fudge,period:b08144b94745feadc04c,2025-02-01 21:06:58+00:00,,,QUALIFIED_LABEL_ONLY
Fudge,period:bcc5730448bc2219d32a,2025-02-09 21:07:49+00:00,,,QUALIFIED_LABEL_ONLY
Fudge,period:5a5260defef5072643d0,2025-04-05 20:14:15+00:00,,,QUALIFIED_LABEL_ONLY
Fudge,period:fb622d9f67b0d1bacd81,2025-04-12 20:06:56+00:00,,,QUALIFIED_LABEL_ONLY
Fudge,period:ab17bbbf5d12cdddc770,2025-04-19 20:08:34+00:00,,,QUALIFIED_LABEL_ONLY
Fudge,period:0bd7b62868a6e6fa9a6d,2025-04-26 20:08:33+00:00,,,QUALIFIED_LABEL_ONLY
Fudge,period:f91ca0f544586fb72c4d,2025-05-03 20:08:26+00:00,,,QUALIFIED_LABEL_ONLY
Fudge,period:92eb584d41521b4a115a,2025-05-10 20:09:23+00:00,,,QUALIFIED_LABEL_ONLY
Fudge,period:42a66f8e41011df34073,2025-05-17 20:08:05+00:00,,,QUALIFIED_LABEL_ONLY
Fudge,period:769a792cb95be4e074fc,2025-05-24 20:07:34+00:00,,,QUALIFIED_LABEL_ONLY
Fudge,period:540a575a08edacdeb808,2025-05-31 20:08:28+00:00,,,QUALIFIED_LABEL_ONLY
Fudge,period:b6b241bcd2df026a0c10,2025-06-07 20:06:56+00:00,,,QUALIFIED_LABEL_ONLY
Fudge,period:780234292186bbac5f9e,2025-06-14 20:12:24+00:00,,,QUALIFIED_LABEL_ONLY
Fudge,period:f92170f131413923b84c,2025-07-26 20:10:23+00:00,,,QUALIFIED_LABEL_ONLY
Fudge,period:c7231b512ce5dfec31cf,2025-08-02 20:08:18+00:00,,,QUALIFIED_LABEL_ONLY
Fudge,period:c139a580fc7ad181ea33,2025-08-09 20:06:58+00:00,,,QUALIFIED_LABEL_ONLY
Fudge,period:9d2506f6d55754824303,2025-08-16 20:06:27+00:00,,,QUALIFIED_LABEL_ONLY
Fudge,period:1ffa4e947c2611f80c97,2025-08-29 20:06:10+00:00,,,QUALIFIED_LABEL_ONLY
Fudge,period:717827b0ee213b1efab1,2025-09-05 20:05:46+00:00,,,QUALIFIED_LABEL_ONLY
Fudge,period:28d589eedfce312e1ad3,2026-01-24 21:24:34+00:00,,,QUALIFIED_LABEL_ONLY
Fudge,period:70fac0200d695853ccdc,2026-01-31 21:07:01+00:00,,,QUALIFIED_LABEL_ONLY
Fudge,period:640bff8c4b7983edf208,2026-02-02 00:35:19+00:00,,,QUALIFIED_LABEL_ONLY
Fudge,period:b2e5a5987eefaa30eea2,2026-02-07 21:11:32+00:00,,,QUALIFIED_LABEL_ONLY
Fudge,period:74efed7e4a28a304cc30,2026-04-04 20:17:46+00:00,,,QUALIFIED_LABEL_ONLY
Fudge,period:fc48b32f725285a09f66,2026-04-11 20:08:26+00:00,,,QUALIFIED_LABEL_ONLY
Fudge,period:9ad9f360f988761d91c1,2026-04-18 20:07:45+00:00,,,QUALIFIED_LABEL_ONLY
Fudge,period:b0a60cf2f3d3558f5e56,2026-04-25 20:09:02+00:00,,,QUALIFIED_LABEL_ONLY
Fudge,period:0a890f671f8ce6bbde59,2026-05-02 20:10:20+00:00,,,QUALIFIED_LABEL_ONLY
Fudge,period:bca1e648a46734294b57,2026-05-09 20:08:09+00:00,,,QUALIFIED_LABEL_ONLY
Fudge,period:1c76ac6866aa6a71a894,2026-05-16 20:08:36+00:00,,,QUALIFIED_LABEL_ONLY
Fudge,period:646c3784493968152598,2026-05-30 20:10:37+00:00,,,QUALIFIED_LABEL_ONLY
Fudge,period:5afe139f56d9c0db8f2d,2026-07-25 20:13:30+00:00,,,QUALIFIED_LABEL_ONLY
Gakgos,period:f92170f131413923b84c,2025-07-26 20:10:23+00:00,,,QUALIFIED_LABEL_ONLY
Gakgos,period:1ffa4e947c2611f80c97,2025-08-29 20:06:10+00:00,,,QUALIFIED_LABEL_ONLY
Gakgos,period:28d589eedfce312e1ad3,2026-01-24 21:24:34+00:00,,,QUALIFIED_LABEL_ONLY
Gakgos,period:70fac0200d695853ccdc,2026-01-31 21:07:01+00:00,,,QUALIFIED_LABEL_ONLY
Gakgos,period:b2e5a5987eefaa30eea2,2026-02-07 21:11:32+00:00,,,QUALIFIED_LABEL_ONLY
Gakgos,period:9c6a0a6efb8480316e54,2026-02-09 00:51:15+00:00,,,QUALIFIED_LABEL_ONLY
Gakgos,period:0433ceb2175e1870c17a,2026-02-14 21:11:50+00:00,,,QUALIFIED_LABEL_ONLY
Gakgos,period:d52af7b72997e89c8ea6,2026-02-20 21:09:00+00:00,,,QUALIFIED_LABEL_ONLY
Gakgos,period:74efed7e4a28a304cc30,2026-04-04 20:17:46+00:00,,,QUALIFIED_LABEL_ONLY
Gakgos,period:fc48b32f725285a09f66,2026-04-11 20:08:26+00:00,,,QUALIFIED_LABEL_ONLY
Gakgos,period:9ad9f360f988761d91c1,2026-04-18 20:07:45+00:00,,,QUALIFIED_LABEL_ONLY
Gakgos,period:b0a60cf2f3d3558f5e56,2026-04-25 20:09:02+00:00,,,QUALIFIED_LABEL_ONLY
Gakgos,period:0a890f671f8ce6bbde59,2026-05-02 20:10:20+00:00,,,QUALIFIED_LABEL_ONLY
Gakgos,period:bca1e648a46734294b57,2026-05-09 20:08:09+00:00,,,QUALIFIED_LABEL_ONLY
Gakgos,period:1c76ac6866aa6a71a894,2026-05-16 20:08:36+00:00,,,QUALIFIED_LABEL_ONLY
Gakgos,period:2ba54fbdb1ed8ce5723d,2026-05-23 20:10:31+00:00,,,QUALIFIED_LABEL_ONLY
Gakgos,period:646c3784493968152598,2026-05-30 20:10:37+00:00,,,QUALIFIED_LABEL_ONLY
Gakgos,period:76aa7cb585d2505649ba,2026-06-06 20:09:49+00:00,,,QUALIFIED_LABEL_ONLY
Gakgos,period:5afe139f56d9c0db8f2d,2026-07-25 20:13:30+00:00,,,QUALIFIED_LABEL_ONLY
Gamsu,period:4c81af754b6b135da741,2022-06-17 21:46:00+00:00,,,QUALIFIED_LABEL_ONLY
Gamsu,period:9098ed2cd53d3e50498b,2022-06-25 20:09:54+00:00,,,QUALIFIED_LABEL_ONLY
Gamsu,period:bd5d15bd6830501052ed,2022-07-02 20:14:47+00:00,,,QUALIFIED_LABEL_ONLY
Gamsu,period:a1385753e89a22ad7415,2022-07-16 20:31:00+00:00,,,QUALIFIED_LABEL_ONLY
Gamsu,period:d36d780bd6e08d095d27,2022-07-23 20:43:00+00:00,,,QUALIFIED_LABEL_ONLY
Gate,period:1970df0ebd4246c6ea3b,2020-06-13 00:40:51+00:00,,,QUALIFIED_LABEL_ONLY
Gate,period:3968b01a861a52d381a8,2020-06-20 00:31:26+00:00,,,QUALIFIED_LABEL_ONLY
Goldenglue,period:01bed218199c5fc6a295,2020-01-25 21:37:53+00:00,,,QUALIFIED_LABEL_ONLY
Goldenglue,period:18c306f73901eb8e548e,2020-02-01 21:36:35+00:00,,,QUALIFIED_LABEL_ONLY
Goldenglue,period:bd2e80371da37619c695,2020-02-08 21:30:18+00:00,,,QUALIFIED_LABEL_ONLY
Goldenglue,period:94dc307a169a4236f643,2020-02-15 21:33:19+00:00,,,QUALIFIED_LABEL_ONLY
Goldenglue,period:90cc39f891e2dbcab3ef,2020-02-22 21:37:14+00:00,,,QUALIFIED_LABEL_ONLY
Goldenglue,period:cb03c621696fc2e91764,2020-02-29 21:26:53+00:00,,,QUALIFIED_LABEL_ONLY
Goldenglue,period:14606e5066005561df07,2020-03-07 21:40:12+00:00,,,QUALIFIED_LABEL_ONLY
Goldenglue,period:b2e2840d56c789b5030c,2020-03-21 20:18:48+00:00,,,QUALIFIED_LABEL_ONLY
Goldenglue,period:666de7dcc2eb91211639,2020-03-28 20:29:42+00:00,,,QUALIFIED_LABEL_ONLY
Goldenglue,period:5a2658b56ec5d5c6a04d,2020-04-04 19:44:42+00:00,,,QUALIFIED_LABEL_ONLY
Goldenglue,period:2d69b4a154591d5cca77,2020-07-18 00:30:49+00:00,,,QUALIFIED_LABEL_ONLY
Goldenglue,period:fe3df3b5886d9a4a5234,2020-07-25 00:38:07+00:00,,,QUALIFIED_LABEL_ONLY
Goldenglue,period:3e89f4975798019beec8,2020-08-01 00:35:44+00:00,,,QUALIFIED_LABEL_ONLY
Goldenglue,period:9cfbd3e5ecdd20626eed,2020-08-08 00:43:41+00:00,,,QUALIFIED_LABEL_ONLY
Goldenglue,period:0836494c11a0b381c084,2020-08-13 19:38:23+00:00,,,QUALIFIED_LABEL_ONLY
Goldenglue,period:38cb400566e2a3aee1c8,2020-08-20 19:31:44+00:00,,,QUALIFIED_LABEL_ONLY
Gori,period:9ad2bd3e76204c678ee3,2023-02-02 22:06:55+00:00,,,QUALIFIED_LABEL_ONLY
Gori,period:5193f604ed2f15e301e1,2023-02-09 22:07:17+00:00,,,QUALIFIED_LABEL_ONLY
Gori,period:2b3de7782bdf56dc82d0,2023-02-15 22:07:50+00:00,,,QUALIFIED_LABEL_ONLY
Gori,period:36d3f31311f21e914d55,2023-02-23 22:06:52+00:00,,,QUALIFIED_LABEL_ONLY
Gori,period:83278694723ba910058b,2023-03-02 22:08:20+00:00,,,QUALIFIED_LABEL_ONLY
Gori,period:402a134be7abbe005149,2023-03-09 22:22:41+00:00,,,QUALIFIED_LABEL_ONLY
Gori,period:8d9d5d3f36e034ced562,2023-03-15 21:07:53+00:00,,,QUALIFIED_LABEL_ONLY
Gori,period:d990ac8b125022094901,2023-03-23 21:10:53+00:00,,,QUALIFIED_LABEL_ONLY
Gori,period:d33d87118e30f5daa86a,2023-03-30 21:09:21+00:00,,,QUALIFIED_LABEL_ONLY
Gori,period:f52e10acfa6d747a4c9d,2023-04-08 20:17:16+00:00,,,QUALIFIED_LABEL_ONLY
Gori,period:3943367d2ce567a9fae3,2023-06-14 21:13:03+00:00,,,QUALIFIED_LABEL_ONLY
Gori,period:f2ee99995367bf0fc030,2023-06-21 21:07:31+00:00,,,QUALIFIED_LABEL_ONLY
Gori,period:c790283b449e6bb25672,2023-06-28 21:06:50+00:00,,,QUALIFIED_LABEL_ONLY
Gori,period:ff185424af4133395119,2023-07-05 21:05:49+00:00,,,QUALIFIED_LABEL_ONLY
Gori,period:36cf05276a8bbe55409a,2023-07-12 21:06:58+00:00,,,QUALIFIED_LABEL_ONLY
Gori,period:dd1399a0cf2f56138daa,2023-07-19 21:07:18+00:00,,,QUALIFIED_LABEL_ONLY
Gori,period:4520b87081b51698489a,2023-08-03 21:07:08+00:00,,,QUALIFIED_LABEL_ONLY
Gori,period:a7fd1e72d2ba831ccc8d,2023-08-10 21:10:37+00:00,,,QUALIFIED_LABEL_ONLY
Griffin,period:01bed218199c5fc6a295,2020-01-25 21:37:53+00:00,,,QUALIFIED_LABEL_ONLY
Griffin,period:18c306f73901eb8e548e,2020-02-01 21:36:35+00:00,,,QUALIFIED_LABEL_ONLY
Griffin,period:bd2e80371da37619c695,2020-02-08 21:30:18+00:00,,,QUALIFIED_LABEL_ONLY
Griffin,period:94dc307a169a4236f643,2020-02-15 21:33:19+00:00,,,QUALIFIED_LABEL_ONLY
Griffin,period:90cc39f891e2dbcab3ef,2020-02-22 21:37:14+00:00,,,QUALIFIED_LABEL_ONLY
Griffin,period:cb03c621696fc2e91764,2020-02-29 21:26:53+00:00,,,QUALIFIED_LABEL_ONLY
Griffin,period:14606e5066005561df07,2020-03-07 21:40:12+00:00,,,QUALIFIED_LABEL_ONLY
Griffin,period:b2e2840d56c789b5030c,2020-03-21 20:18:48+00:00,,,QUALIFIED_LABEL_ONLY
Griffin,period:666de7dcc2eb91211639,2020-03-28 20:29:42+00:00,,,QUALIFIED_LABEL_ONLY
Griffin,period:1970df0ebd4246c6ea3b,2020-06-13 00:40:51+00:00,,,QUALIFIED_LABEL_ONLY
Griffin,period:3968b01a861a52d381a8,2020-06-20 00:31:26+00:00,,,QUALIFIED_LABEL_ONLY
Griffin,period:642a5bb7deff76d164b5,2020-06-27 00:39:52+00:00,,,QUALIFIED_LABEL_ONLY
Griffin,period:7813fa8e90f59320de07,2020-07-04 00:21:06+00:00,,,QUALIFIED_LABEL_ONLY
Griffin,period:1e2c5a7144cf9a8bc308,2020-07-11 00:50:27+00:00,,,QUALIFIED_LABEL_ONLY
Griffin,period:2d69b4a154591d5cca77,2020-07-18 00:30:49+00:00,,,QUALIFIED_LABEL_ONLY
Griffin,period:fe3df3b5886d9a4a5234,2020-07-25 00:38:07+00:00,,,QUALIFIED_LABEL_ONLY
Griffin,period:3e89f4975798019beec8,2020-08-01 00:35:44+00:00,,,QUALIFIED_LABEL_ONLY
Griffin,period:fcb777e33a04482e7bfb,2021-01-15 23:10:17+00:00,,,QUALIFIED_LABEL_ONLY
Griffin,period:7c66db573c65177b96bf,2021-02-05 22:24:44+00:00,,,QUALIFIED_LABEL_ONLY
Griffin,period:19d1212ec047ea2c2e1c,2021-02-12 22:29:59+00:00,,,QUALIFIED_LABEL_ONLY
Gryffinn,period:28d589eedfce312e1ad3,2026-01-24 21:24:34+00:00,,,QUALIFIED_LABEL_ONLY
Gryffinn,period:70fac0200d695853ccdc,2026-01-31 21:07:01+00:00,,,QUALIFIED_LABEL_ONLY
Gryffinn,period:b2e5a5987eefaa30eea2,2026-02-07 21:11:32+00:00,,,QUALIFIED_LABEL_ONLY
Gryffinn,period:9c6a0a6efb8480316e54,2026-02-09 00:51:15+00:00,,,QUALIFIED_LABEL_ONLY
Gryffinn,period:0433ceb2175e1870c17a,2026-02-14 21:11:50+00:00,,,QUALIFIED_LABEL_ONLY
Gryffinn,period:d52af7b72997e89c8ea6,2026-02-20 21:09:00+00:00,,,QUALIFIED_LABEL_ONLY
Gryffinn,period:74efed7e4a28a304cc30,2026-04-04 20:17:46+00:00,,,QUALIFIED_LABEL_ONLY
Gryffinn,period:fc48b32f725285a09f66,2026-04-11 20:08:26+00:00,,,QUALIFIED_LABEL_ONLY
Gryffinn,period:9ad9f360f988761d91c1,2026-04-18 20:07:45+00:00,,,QUALIFIED_LABEL_ONLY
Gryffinn,period:b0a60cf2f3d3558f5e56,2026-04-25 20:09:02+00:00,,,QUALIFIED_LABEL_ONLY
Gryffinn,period:0a890f671f8ce6bbde59,2026-05-02 20:10:20+00:00,,,QUALIFIED_LABEL_ONLY
Gryffinn,period:bca1e648a46734294b57,2026-05-09 20:08:09+00:00,,,QUALIFIED_LABEL_ONLY
Gryffinn,period:1c76ac6866aa6a71a894,2026-05-16 20:08:36+00:00,,,QUALIFIED_LABEL_ONLY
Gryffinn,period:2ba54fbdb1ed8ce5723d,2026-05-23 20:10:31+00:00,,,QUALIFIED_LABEL_ONLY
Gryffinn,period:646c3784493968152598,2026-05-30 20:10:37+00:00,,,QUALIFIED_LABEL_ONLY
Gryffinn,period:76aa7cb585d2505649ba,2026-06-06 20:09:49+00:00,,,QUALIFIED_LABEL_ONLY
Gryffinn,period:5afe139f56d9c0db8f2d,2026-07-25 20:13:30+00:00,,,QUALIFIED_LABEL_ONLY
Haeri,period:452655f2bc33b5b76085,2023-01-26 22:16:48+00:00,,,QUALIFIED_LABEL_ONLY
Haeri,period:9ad2bd3e76204c678ee3,2023-02-02 22:06:55+00:00,,,QUALIFIED_LABEL_ONLY
Haeri,period:5193f604ed2f15e301e1,2023-02-09 22:07:17+00:00,,,QUALIFIED_LABEL_ONLY
Haeri,period:2b3de7782bdf56dc82d0,2023-02-15 22:07:50+00:00,,,QUALIFIED_LABEL_ONLY
Haeri,period:36d3f31311f21e914d55,2023-02-23 22:06:52+00:00,,,QUALIFIED_LABEL_ONLY
Haeri,period:83278694723ba910058b,2023-03-02 22:08:20+00:00,,,QUALIFIED_LABEL_ONLY
Haeri,period:402a134be7abbe005149,2023-03-09 22:22:41+00:00,,,QUALIFIED_LABEL_ONLY
Haeri,period:8d9d5d3f36e034ced562,2023-03-15 21:07:53+00:00,,,QUALIFIED_LABEL_ONLY
Haeri,period:3943367d2ce567a9fae3,2023-06-14 21:13:03+00:00,,,QUALIFIED_LABEL_ONLY
Haeri,period:f2ee99995367bf0fc030,2023-06-21 21:07:31+00:00,,,QUALIFIED_LABEL_ONLY
Haeri,period:c790283b449e6bb25672,2023-06-28 21:06:50+00:00,,,QUALIFIED_LABEL_ONLY
Haeri,period:ff185424af4133395119,2023-07-05 21:05:49+00:00,,,QUALIFIED_LABEL_ONLY
Hakuho,period:01bed218199c5fc6a295,2020-01-25 21:37:53+00:00,,,QUALIFIED_LABEL_ONLY
Hakuho,period:18c306f73901eb8e548e,2020-02-01 21:36:35+00:00,,,QUALIFIED_LABEL_ONLY
Hakuho,period:bd2e80371da37619c695,2020-02-08 21:30:18+00:00,,,QUALIFIED_LABEL_ONLY
Hakuho,period:94dc307a169a4236f643,2020-02-15 21:33:19+00:00,,,QUALIFIED_LABEL_ONLY
Hakuho,period:90cc39f891e2dbcab3ef,2020-02-22 21:37:14+00:00,,,QUALIFIED_LABEL_ONLY
Hakuho,period:cb03c621696fc2e91764,2020-02-29 21:26:53+00:00,,,QUALIFIED_LABEL_ONLY
Hakuho,period:14606e5066005561df07,2020-03-07 21:40:12+00:00,,,QUALIFIED_LABEL_ONLY
Hakuho,period:b2e2840d56c789b5030c,2020-03-21 20:18:48+00:00,,,QUALIFIED_LABEL_ONLY
Hakuho,period:666de7dcc2eb91211639,2020-03-28 20:29:42+00:00,,,QUALIFIED_LABEL_ONLY
Hakuho,period:642a5bb7deff76d164b5,2020-06-27 00:39:52+00:00,,,QUALIFIED_LABEL_ONLY
Hakuho,period:7813fa8e90f59320de07,2020-07-04 00:21:06+00:00,,,QUALIFIED_LABEL_ONLY
Hakuho,period:1e2c5a7144cf9a8bc308,2020-07-11 00:50:27+00:00,,,QUALIFIED_LABEL_ONLY
Hakuho,period:2d69b4a154591d5cca77,2020-07-18 00:30:49+00:00,,,QUALIFIED_LABEL_ONLY
Hakuho,period:fe3df3b5886d9a4a5234,2020-07-25 00:38:07+00:00,,,QUALIFIED_LABEL_ONLY
Hakuho,period:3e89f4975798019beec8,2020-08-01 00:35:44+00:00,,,QUALIFIED_LABEL_ONLY
Hakuho,period:9cfbd3e5ecdd20626eed,2020-08-08 00:43:41+00:00,,,QUALIFIED_LABEL_ONLY
HamBak,period:28d589eedfce312e1ad3,2026-01-24 21:24:34+00:00,,,QUALIFIED_LABEL_ONLY
HamBak,period:70fac0200d695853ccdc,2026-01-31 21:07:01+00:00,,,QUALIFIED_LABEL_ONLY
HamBak,period:b2e5a5987eefaa30eea2,2026-02-07 21:11:32+00:00,,,QUALIFIED_LABEL_ONLY
HamBak,period:0433ceb2175e1870c17a,2026-02-14 21:11:50+00:00,,,QUALIFIED_LABEL_ONLY
HamBak,period:d52af7b72997e89c8ea6,2026-02-20 21:09:00+00:00,,,QUALIFIED_LABEL_ONLY
HamBak,period:b628e8f047ec274b8698,2026-02-27 21:09:38+00:00,,,QUALIFIED_LABEL_ONLY
HamBak,period:74efed7e4a28a304cc30,2026-04-04 20:17:46+00:00,,,QUALIFIED_LABEL_ONLY
HamBak,period:fc48b32f725285a09f66,2026-04-11 20:08:26+00:00,,,QUALIFIED_LABEL_ONLY
HamBak,period:9ad9f360f988761d91c1,2026-04-18 20:07:45+00:00,,,QUALIFIED_LABEL_ONLY
HamBak,period:b0a60cf2f3d3558f5e56,2026-04-25 20:09:02+00:00,,,QUALIFIED_LABEL_ONLY
HamBak,period:0a890f671f8ce6bbde59,2026-05-02 20:10:20+00:00,,,QUALIFIED_LABEL_ONLY
HamBak,period:bca1e648a46734294b57,2026-05-09 20:08:09+00:00,,,QUALIFIED_LABEL_ONLY
HamBak,period:1c76ac6866aa6a71a894,2026-05-16 20:08:36+00:00,,,QUALIFIED_LABEL_ONLY
HamBak,period:646c3784493968152598,2026-05-30 20:10:37+00:00,,,QUALIFIED_LABEL_ONLY
HamBak,period:5afe139f56d9c0db8f2d,2026-07-25 20:13:30+00:00,,,QUALIFIED_LABEL_ONLY
Hans Sama,period:3921ed3cc984afb56c50,2022-01-14 21:26:31+00:00,,,QUALIFIED_LABEL_ONLY
Hans Sama,period:ea5caa919fbd4b75da18,2022-01-21 21:45:47+00:00,,,QUALIFIED_LABEL_ONLY
Hans Sama,period:3b01aa4d9786587a33b3,2022-01-28 21:53:04+00:00,,,QUALIFIED_LABEL_ONLY
Hans Sama,period:5a26c3b6318c7b633520,2022-02-05 20:33:18+00:00,,,QUALIFIED_LABEL_ONLY
Hans Sama,period:44168f74464b99791ba3,2022-02-12 20:53:38+00:00,,,QUALIFIED_LABEL_ONLY
Hans Sama,period:466f661effb9208a840b,2022-02-19 20:54:27+00:00,,,QUALIFIED_LABEL_ONLY
Hans Sama,period:4138ca482beb4344e9ad,2022-02-25 22:37:00+00:00,,,QUALIFIED_LABEL_ONLY
Hans Sama,period:7a928b9ecc895d38667e,2022-03-05 21:01:58+00:00,,,QUALIFIED_LABEL_ONLY
Hans Sama,period:bfbcb255cff7d2c3894f,2022-03-12 21:07:29+00:00,,,QUALIFIED_LABEL_ONLY
Hans Sama,period:9a704a25f780f56ebe1b,2022-03-19 19:32:42+00:00,,,QUALIFIED_LABEL_ONLY
Hans Sama,period:2543e9e0dda5edca0977,2022-03-25 20:43:57+00:00,,,QUALIFIED_LABEL_ONLY
Hans Sama,period:95c58b937c0fcc3e92b9,2022-04-02 20:00:26+00:00,,,QUALIFIED_LABEL_ONLY
Hans Sama,period:8e4979ebdc36578e98ba,2022-04-16 20:06:15+00:00,,,QUALIFIED_LABEL_ONLY
Hans Sama,period:8036ed58940a8d2ab607,2022-04-23 18:36:24+00:00,,,QUALIFIED_LABEL_ONLY
Hans Sama,period:4c81af754b6b135da741,2022-06-17 21:46:00+00:00,,,QUALIFIED_LABEL_ONLY
Hans Sama,period:9098ed2cd53d3e50498b,2022-06-25 20:09:54+00:00,,,QUALIFIED_LABEL_ONLY
Hans Sama,period:bd5d15bd6830501052ed,2022-07-02 20:14:47+00:00,,,QUALIFIED_LABEL_ONLY
Hans Sama,period:a1385753e89a22ad7415,2022-07-16 20:31:00+00:00,,,QUALIFIED_LABEL_ONLY
Hans Sama,period:d36d780bd6e08d095d27,2022-07-23 20:43:00+00:00,,,QUALIFIED_LABEL_ONLY
Hans Sama,period:ab4c55f2271a097a29e2,2022-07-30 20:03:25+00:00,,,QUALIFIED_LABEL_ONLY
Hans Sama,period:9310314000d1dccfe6ae,2022-08-06 20:08:43+00:00,,,QUALIFIED_LABEL_ONLY
Hans Sama,period:e268d0eb9109f8185a29,2022-08-12 20:55:46+00:00,,,QUALIFIED_LABEL_ONLY
Hans Sama,period:fcd21c282bb6eb984919,2022-08-20 19:32:26+00:00,,,QUALIFIED_LABEL_ONLY
Hans Sama,period:f6ad6d70568c5aa4ddb9,2022-08-25 19:37:29+00:00,,,QUALIFIED_LABEL_ONLY
Hans Sama,period:f14a4fb0f93da34e9201,2022-09-01 19:27:30+00:00,,,QUALIFIED_LABEL_ONLY
Hauntzer,period:01bed218199c5fc6a295,2020-01-25 21:37:53+00:00,,,QUALIFIED_LABEL_ONLY
Hauntzer,period:18c306f73901eb8e548e,2020-02-01 21:36:35+00:00,,,QUALIFIED_LABEL_ONLY
Hauntzer,period:bd2e80371da37619c695,2020-02-08 21:30:18+00:00,,,QUALIFIED_LABEL_ONLY
Hauntzer,period:94dc307a169a4236f643,2020-02-15 21:33:19+00:00,,,QUALIFIED_LABEL_ONLY
Hauntzer,period:90cc39f891e2dbcab3ef,2020-02-22 21:37:14+00:00,,,QUALIFIED_LABEL_ONLY
Hauntzer,period:cb03c621696fc2e91764,2020-02-29 21:26:53+00:00,,,QUALIFIED_LABEL_ONLY
Hauntzer,period:14606e5066005561df07,2020-03-07 21:40:12+00:00,,,QUALIFIED_LABEL_ONLY
Hauntzer,period:b2e2840d56c789b5030c,2020-03-21 20:18:48+00:00,,,QUALIFIED_LABEL_ONLY
Hauntzer,period:666de7dcc2eb91211639,2020-03-28 20:29:42+00:00,,,QUALIFIED_LABEL_ONLY
Hauntzer,period:5a2658b56ec5d5c6a04d,2020-04-04 19:44:42+00:00,,,QUALIFIED_LABEL_ONLY
Hauntzer,period:1970df0ebd4246c6ea3b,2020-06-13 00:40:51+00:00,,,QUALIFIED_LABEL_ONLY
Hauntzer,period:3968b01a861a52d381a8,2020-06-20 00:31:26+00:00,,,QUALIFIED_LABEL_ONLY
Hauntzer,period:642a5bb7deff76d164b5,2020-06-27 00:39:52+00:00,,,QUALIFIED_LABEL_ONLY
Hauntzer,period:7813fa8e90f59320de07,2020-07-04 00:21:06+00:00,,,QUALIFIED_LABEL_ONLY
Hauntzer,period:1e2c5a7144cf9a8bc308,2020-07-11 00:50:27+00:00,,,QUALIFIED_LABEL_ONLY
Hauntzer,period:2d69b4a154591d5cca77,2020-07-18 00:30:49+00:00,,,QUALIFIED_LABEL_ONLY
Hauntzer,period:fe3df3b5886d9a4a5234,2020-07-25 00:38:07+00:00,,,QUALIFIED_LABEL_ONLY
Hauntzer,period:3e89f4975798019beec8,2020-08-01 00:35:44+00:00,,,QUALIFIED_LABEL_ONLY
Hauntzer,period:9cfbd3e5ecdd20626eed,2020-08-08 00:43:41+00:00,,,QUALIFIED_LABEL_ONLY
Hauntzer,period:0836494c11a0b381c084,2020-08-13 19:38:23+00:00,,,QUALIFIED_LABEL_ONLY
Hauntzer,period:38cb400566e2a3aee1c8,2020-08-20 19:31:44+00:00,,,QUALIFIED_LABEL_ONLY
Hauntzer,period:8d9d5d3f36e034ced562,2023-03-15 21:07:53+00:00,,,QUALIFIED_LABEL_ONLY
Hauntzer,period:3943367d2ce567a9fae3,2023-06-14 21:13:03+00:00,,,QUALIFIED_LABEL_ONLY
Hauntzer,period:f2ee99995367bf0fc030,2023-06-21 21:07:31+00:00,,,QUALIFIED_LABEL_ONLY
Hauntzer,period:c790283b449e6bb25672,2023-06-28 21:06:50+00:00,,,QUALIFIED_LABEL_ONLY
Hauntzer,period:ff185424af4133395119,2023-07-05 21:05:49+00:00,,,QUALIFIED_LABEL_ONLY
Hauntzer,period:36cf05276a8bbe55409a,2023-07-12 21:06:58+00:00,,,QUALIFIED_LABEL_ONLY
Hauntzer,period:dd1399a0cf2f56138daa,2023-07-19 21:07:18+00:00,,,QUALIFIED_LABEL_ONLY
Hauntzer,period:67a5ff4d5b051b402092,2023-07-27 21:07:41+00:00,,,QUALIFIED_LABEL_ONLY
Hauntzer,period:4520b87081b51698489a,2023-08-03 21:07:08+00:00,,,QUALIFIED_LABEL_ONLY
Hena,period:ee078790277fa6a5a0ce,2025-01-25 21:14:31+00:00,,,QUALIFIED_LABEL_ONLY
Hena,period:b08144b94745feadc04c,2025-02-01 21:06:58+00:00,,,QUALIFIED_LABEL_ONLY
Hena,period:5a5260defef5072643d0,2025-04-05 20:14:15+00:00,,,QUALIFIED_LABEL_ONLY
Hena,period:fb622d9f67b0d1bacd81,2025-04-12 20:06:56+00:00,,,QUALIFIED_LABEL_ONLY
Hena,period:ab17bbbf5d12cdddc770,2025-04-19 20:08:34+00:00,,,QUALIFIED_LABEL_ONLY
Hena,period:0bd7b62868a6e6fa9a6d,2025-04-26 20:08:33+00:00,,,QUALIFIED_LABEL_ONLY
Hena,period:f91ca0f544586fb72c4d,2025-05-03 20:08:26+00:00,,,QUALIFIED_LABEL_ONLY
Hena,period:92eb584d41521b4a115a,2025-05-10 20:09:23+00:00,,,QUALIFIED_LABEL_ONLY
Hena,period:42a66f8e41011df34073,2025-05-17 20:08:05+00:00,,,QUALIFIED_LABEL_ONLY
Hena,period:f92170f131413923b84c,2025-07-26 20:10:23+00:00,,,QUALIFIED_LABEL_ONLY
Hena,period:c7231b512ce5dfec31cf,2025-08-02 20:08:18+00:00,,,QUALIFIED_LABEL_ONLY
Hena,period:c139a580fc7ad181ea33,2025-08-09 20:06:58+00:00,,,QUALIFIED_LABEL_ONLY
Hena,period:7c6d5817a7155f3a80bb,2025-08-23 20:06:29+00:00,,,QUALIFIED_LABEL_ONLY
Hoon,period:ab4c55f2271a097a29e2,2022-07-30 20:03:25+00:00,,,QUALIFIED_LABEL_ONLY
Hoon,period:9310314000d1dccfe6ae,2022-08-06 20:08:43+00:00,,,QUALIFIED_LABEL_ONLY
Hoon,period:e268d0eb9109f8185a29,2022-08-12 20:55:46+00:00,,,QUALIFIED_LABEL_ONLY
Huni,period:01bed218199c5fc6a295,2020-01-25 21:37:53+00:00,,,QUALIFIED_LABEL_ONLY
Huni,period:18c306f73901eb8e548e,2020-02-01 21:36:35+00:00,,,QUALIFIED_LABEL_ONLY
Huni,period:bd2e80371da37619c695,2020-02-08 21:30:18+00:00,,,QUALIFIED_LABEL_ONLY
Huni,period:94dc307a169a4236f643,2020-02-15 21:33:19+00:00,,,QUALIFIED_LABEL_ONLY
Huni,period:90cc39f891e2dbcab3ef,2020-02-22 21:37:14+00:00,,,QUALIFIED_LABEL_ONLY
Huni,period:cb03c621696fc2e91764,2020-02-29 21:26:53+00:00,,,QUALIFIED_LABEL_ONLY
Huni,period:14606e5066005561df07,2020-03-07 21:40:12+00:00,,,QUALIFIED_LABEL_ONLY
Huni,period:b2e2840d56c789b5030c,2020-03-21 20:18:48+00:00,,,QUALIFIED_LABEL_ONLY
Huni,period:666de7dcc2eb91211639,2020-03-28 20:29:42+00:00,,,QUALIFIED_LABEL_ONLY
Huni,period:2d69b4a154591d5cca77,2020-07-18 00:30:49+00:00,,,QUALIFIED_LABEL_ONLY
Huni,period:fe3df3b5886d9a4a5234,2020-07-25 00:38:07+00:00,,,QUALIFIED_LABEL_ONLY
Huni,period:3e89f4975798019beec8,2020-08-01 00:35:44+00:00,,,QUALIFIED_LABEL_ONLY
Huni,period:9cfbd3e5ecdd20626eed,2020-08-08 00:43:41+00:00,,,QUALIFIED_LABEL_ONLY
Huni,period:0836494c11a0b381c084,2020-08-13 19:38:23+00:00,,,QUALIFIED_LABEL_ONLY
Huni,period:38cb400566e2a3aee1c8,2020-08-20 19:31:44+00:00,,,QUALIFIED_LABEL_ONLY
Huni,period:fcb777e33a04482e7bfb,2021-01-15 23:10:17+00:00,,,QUALIFIED_LABEL_ONLY
Huni,period:2e302fc7c4bd7a4b3864,2021-01-22 22:29:56+00:00,,,QUALIFIED_LABEL_ONLY
Huni,period:7c66db573c65177b96bf,2021-02-05 22:24:44+00:00,,,QUALIFIED_LABEL_ONLY
Huni,period:19d1212ec047ea2c2e1c,2021-02-12 22:29:59+00:00,,,QUALIFIED_LABEL_ONLY
Huni,period:577ed5ecd652eb981e79,2021-02-19 22:21:31+00:00,,,QUALIFIED_LABEL_ONLY
Huni,period:3482fd65afd711052651,2021-02-26 22:23:25+00:00,,,QUALIFIED_LABEL_ONLY
Huni,period:433079f36e14953ffe3e,2021-03-05 22:15:28+00:00,,,QUALIFIED_LABEL_ONLY
Huni,period:2eea81e5fabdc42a729f,2021-03-12 22:24:45+00:00,,,QUALIFIED_LABEL_ONLY
Huni,period:4a6e60b4d46361a99310,2021-03-20 19:21:03+00:00,,,QUALIFIED_LABEL_ONLY
Huni,period:22dfd57f1594beeba715,2021-03-27 19:16:36+00:00,,,QUALIFIED_LABEL_ONLY
Huni,period:8e2682918e14580d212b,2021-04-03 19:17:31+00:00,,,QUALIFIED_LABEL_ONLY
Huni,period:759dd00fd0d693b754cc,2021-04-10 19:41:22+00:00,,,QUALIFIED_LABEL_ONLY
Huni,period:debddf61a872640eadfb,2021-06-04 22:02:02+00:00,,,QUALIFIED_LABEL_ONLY
Huni,period:24ddb9953986c3386cb5,2021-06-11 21:37:50+00:00,,,QUALIFIED_LABEL_ONLY
Huni,period:111e9dfa6ccd70cbab3b,2021-06-18 21:02:38+00:00,,,QUALIFIED_LABEL_ONLY
Huni,period:32c02d32a3c87111d752,2021-06-25 21:33:16+00:00,,,QUALIFIED_LABEL_ONLY
Huni,period:4f8f85e36ba842416702,2021-07-02 21:10:28+00:00,,,QUALIFIED_LABEL_ONLY
Huni,period:490dcd8b072f0c76bfcd,2021-07-09 21:35:31+00:00,,,QUALIFIED_LABEL_ONLY
Huni,period:5ede35b384e34b4e7cf7,2021-07-16 21:20:22+00:00,,,QUALIFIED_LABEL_ONLY
Huni,period:5befa75590802ab7de54,2021-07-23 20:58:06+00:00,,,QUALIFIED_LABEL_ONLY
Huni,period:afb91f11a5c9c66cc35b,2021-07-30 21:12:55+00:00,,,QUALIFIED_LABEL_ONLY
Huni,period:3951db25bbaff1ec59cd,2021-08-12 21:13:39+00:00,,,QUALIFIED_LABEL_ONLY
Huni,period:7c5e83ab4c6a7ca8c86a,2021-08-19 21:11:40+00:00,,,QUALIFIED_LABEL_ONLY
Huni,period:5a26c3b6318c7b633520,2022-02-05 20:33:18+00:00,,,QUALIFIED_LABEL_ONLY
Huni,period:44168f74464b99791ba3,2022-02-12 20:53:38+00:00,,,QUALIFIED_LABEL_ONLY
Huni,period:466f661effb9208a840b,2022-02-19 20:54:27+00:00,,,QUALIFIED_LABEL_ONLY
Huni,period:4138ca482beb4344e9ad,2022-02-25 22:37:00+00:00,,,QUALIFIED_LABEL_ONLY
Huni,period:7a928b9ecc895d38667e,2022-03-05 21:01:58+00:00,,,QUALIFIED_LABEL_ONLY
Huni,period:bfbcb255cff7d2c3894f,2022-03-12 21:07:29+00:00,,,QUALIFIED_LABEL_ONLY
Huni,period:9a704a25f780f56ebe1b,2022-03-19 19:32:42+00:00,,,QUALIFIED_LABEL_ONLY
Huni,period:2543e9e0dda5edca0977,2022-03-25 20:43:57+00:00,,,QUALIFIED_LABEL_ONLY
Huni,period:4c81af754b6b135da741,2022-06-17 21:46:00+00:00,,,QUALIFIED_LABEL_ONLY
Huni,period:9098ed2cd53d3e50498b,2022-06-25 20:09:54+00:00,,,QUALIFIED_LABEL_ONLY
Huni,period:bd5d15bd6830501052ed,2022-07-02 20:14:47+00:00,,,QUALIFIED_LABEL_ONLY
Hyper,period:3921ed3cc984afb56c50,2022-01-14 21:26:31+00:00,,,QUALIFIED_LABEL_ONLY
Hyper,period:ea5caa919fbd4b75da18,2022-01-21 21:45:47+00:00,,,QUALIFIED_LABEL_ONLY
Ignar,period:01bed218199c5fc6a295,2020-01-25 21:37:53+00:00,,,QUALIFIED_LABEL_ONLY
Ignar,period:18c306f73901eb8e548e,2020-02-01 21:36:35+00:00,,,QUALIFIED_LABEL_ONLY
Ignar,period:bd2e80371da37619c695,2020-02-08 21:30:18+00:00,,,QUALIFIED_LABEL_ONLY
Ignar,period:94dc307a169a4236f643,2020-02-15 21:33:19+00:00,,,QUALIFIED_LABEL_ONLY
Ignar,period:90cc39f891e2dbcab3ef,2020-02-22 21:37:14+00:00,,,QUALIFIED_LABEL_ONLY
Ignar,period:cb03c621696fc2e91764,2020-02-29 21:26:53+00:00,,,QUALIFIED_LABEL_ONLY
Ignar,period:14606e5066005561df07,2020-03-07 21:40:12+00:00,,,QUALIFIED_LABEL_ONLY
Ignar,period:b2e2840d56c789b5030c,2020-03-21 20:18:48+00:00,,,QUALIFIED_LABEL_ONLY
Ignar,period:666de7dcc2eb91211639,2020-03-28 20:29:42+00:00,,,QUALIFIED_LABEL_ONLY
Ignar,period:5a2658b56ec5d5c6a04d,2020-04-04 19:44:42+00:00,,,QUALIFIED_LABEL_ONLY
Ignar,period:be73ead0e53874776373,2020-04-18 19:37:34+00:00,,,QUALIFIED_LABEL_ONLY
Ignar,period:1970df0ebd4246c6ea3b,2020-06-13 00:40:51+00:00,,,QUALIFIED_LABEL_ONLY
Ignar,period:3968b01a861a52d381a8,2020-06-20 00:31:26+00:00,,,QUALIFIED_LABEL_ONLY
Ignar,period:642a5bb7deff76d164b5,2020-06-27 00:39:52+00:00,,,QUALIFIED_LABEL_ONLY
Ignar,period:7813fa8e90f59320de07,2020-07-04 00:21:06+00:00,,,QUALIFIED_LABEL_ONLY
Ignar,period:1e2c5a7144cf9a8bc308,2020-07-11 00:50:27+00:00,,,QUALIFIED_LABEL_ONLY
Ignar,period:2d69b4a154591d5cca77,2020-07-18 00:30:49+00:00,,,QUALIFIED_LABEL_ONLY
Ignar,period:fe3df3b5886d9a4a5234,2020-07-25 00:38:07+00:00,,,QUALIFIED_LABEL_ONLY
Ignar,period:3e89f4975798019beec8,2020-08-01 00:35:44+00:00,,,QUALIFIED_LABEL_ONLY
Ignar,period:9cfbd3e5ecdd20626eed,2020-08-08 00:43:41+00:00,,,QUALIFIED_LABEL_ONLY
Ignar,period:0836494c11a0b381c084,2020-08-13 19:38:23+00:00,,,QUALIFIED_LABEL_ONLY
Ignar,period:38cb400566e2a3aee1c8,2020-08-20 19:31:44+00:00,,,QUALIFIED_LABEL_ONLY
Ignar,period:53a986e97c4e64053db8,2020-08-29 19:32:38+00:00,,,QUALIFIED_LABEL_ONLY
Ignar,period:c131bd9da535908c94f0,2020-09-05 19:31:41+00:00,,,QUALIFIED_LABEL_ONLY
Ignar,period:fcb777e33a04482e7bfb,2021-01-15 23:10:17+00:00,,,QUALIFIED_LABEL_ONLY
Ignar,period:2e302fc7c4bd7a4b3864,2021-01-22 22:29:56+00:00,,,QUALIFIED_LABEL_ONLY
Ignar,period:9b9f3f2ec839feb3a947,2021-01-29 22:28:31+00:00,,,QUALIFIED_LABEL_ONLY
Ignar,period:7c66db573c65177b96bf,2021-02-05 22:24:44+00:00,,,QUALIFIED_LABEL_ONLY
Ignar,period:19d1212ec047ea2c2e1c,2021-02-12 22:29:59+00:00,,,QUALIFIED_LABEL_ONLY
Ignar,period:577ed5ecd652eb981e79,2021-02-19 22:21:31+00:00,,,QUALIFIED_LABEL_ONLY
Ignar,period:3482fd65afd711052651,2021-02-26 22:23:25+00:00,,,QUALIFIED_LABEL_ONLY
Ignar,period:433079f36e14953ffe3e,2021-03-05 22:15:28+00:00,,,QUALIFIED_LABEL_ONLY
Ignar,period:2eea81e5fabdc42a729f,2021-03-12 22:24:45+00:00,,,QUALIFIED_LABEL_ONLY
Ignar,period:22dfd57f1594beeba715,2021-03-27 19:16:36+00:00,,,QUALIFIED_LABEL_ONLY
Ignar,period:debddf61a872640eadfb,2021-06-04 22:02:02+00:00,,,QUALIFIED_LABEL_ONLY
Ignar,period:24ddb9953986c3386cb5,2021-06-11 21:37:50+00:00,,,QUALIFIED_LABEL_ONLY
Ignar,period:111e9dfa6ccd70cbab3b,2021-06-18 21:02:38+00:00,,,QUALIFIED_LABEL_ONLY
Ignar,period:32c02d32a3c87111d752,2021-06-25 21:33:16+00:00,,,QUALIFIED_LABEL_ONLY
Ignar,period:4f8f85e36ba842416702,2021-07-02 21:10:28+00:00,,,QUALIFIED_LABEL_ONLY
Ignar,period:490dcd8b072f0c76bfcd,2021-07-09 21:35:31+00:00,,,QUALIFIED_LABEL_ONLY
Ignar,period:5ede35b384e34b4e7cf7,2021-07-16 21:20:22+00:00,,,QUALIFIED_LABEL_ONLY
Ignar,period:5befa75590802ab7de54,2021-07-23 20:58:06+00:00,,,QUALIFIED_LABEL_ONLY
Ignar,period:afb91f11a5c9c66cc35b,2021-07-30 21:12:55+00:00,,,QUALIFIED_LABEL_ONLY
Ignar,period:a8f8fd7e2f96bbacb87c,2021-08-07 20:23:28+00:00,,,QUALIFIED_LABEL_ONLY
Ignar,period:3951db25bbaff1ec59cd,2021-08-12 21:13:39+00:00,,,QUALIFIED_LABEL_ONLY
Ignar,period:7c5e83ab4c6a7ca8c86a,2021-08-19 21:11:40+00:00,,,QUALIFIED_LABEL_ONLY
Ignar,period:4c81af754b6b135da741,2022-06-17 21:46:00+00:00,,,QUALIFIED_LABEL_ONLY
Ignar,period:9098ed2cd53d3e50498b,2022-06-25 20:09:54+00:00,,,QUALIFIED_LABEL_ONLY
Ignar,period:bd5d15bd6830501052ed,2022-07-02 20:14:47+00:00,,,QUALIFIED_LABEL_ONLY
Ignar,period:a1385753e89a22ad7415,2022-07-16 20:31:00+00:00,,,QUALIFIED_LABEL_ONLY
Ignar,period:d36d780bd6e08d095d27,2022-07-23 20:43:00+00:00,,,QUALIFIED_LABEL_ONLY
Ignar,period:ab4c55f2271a097a29e2,2022-07-30 20:03:25+00:00,,,QUALIFIED_LABEL_ONLY
Ignar,period:9310314000d1dccfe6ae,2022-08-06 20:08:43+00:00,,,QUALIFIED_LABEL_ONLY
Ignar,period:e268d0eb9109f8185a29,2022-08-12 20:55:46+00:00,,,QUALIFIED_LABEL_ONLY
Ignar,period:2b3de7782bdf56dc82d0,2023-02-15 22:07:50+00:00,,,QUALIFIED_LABEL_ONLY
Ignar,period:36d3f31311f21e914d55,2023-02-23 22:06:52+00:00,,,QUALIFIED_LABEL_ONLY
Ignar,period:83278694723ba910058b,2023-03-02 22:08:20+00:00,,,QUALIFIED_LABEL_ONLY
Ignar,period:402a134be7abbe005149,2023-03-09 22:22:41+00:00,,,QUALIFIED_LABEL_ONLY
Ignar,period:8d9d5d3f36e034ced562,2023-03-15 21:07:53+00:00,,,QUALIFIED_LABEL_ONLY
Ignar,period:3943367d2ce567a9fae3,2023-06-14 21:13:03+00:00,,,QUALIFIED_LABEL_ONLY
Ignar,period:f2ee99995367bf0fc030,2023-06-21 21:07:31+00:00,,,QUALIFIED_LABEL_ONLY
Ignar,period:c790283b449e6bb25672,2023-06-28 21:06:50+00:00,,,QUALIFIED_LABEL_ONLY
Ignar,period:ff185424af4133395119,2023-07-05 21:05:49+00:00,,,QUALIFIED_LABEL_ONLY
Ignar,period:36cf05276a8bbe55409a,2023-07-12 21:06:58+00:00,,,QUALIFIED_LABEL_ONLY
Ignar,period:dd1399a0cf2f56138daa,2023-07-19 21:07:18+00:00,,,QUALIFIED_LABEL_ONLY
Ignar,period:67a5ff4d5b051b402092,2023-07-27 21:07:41+00:00,,,QUALIFIED_LABEL_ONLY
Ignar,period:4520b87081b51698489a,2023-08-03 21:07:08+00:00,,,QUALIFIED_LABEL_ONLY
Ignar,period:a7fd1e72d2ba831ccc8d,2023-08-10 21:10:37+00:00,,,QUALIFIED_LABEL_ONLY
Ignar,period:c21bdc9dc5e7a7f7922d,2023-08-19 20:18:53+00:00,,,QUALIFIED_LABEL_ONLY
Ignar,period:70fac0200d695853ccdc,2026-01-31 21:07:01+00:00,,,QUALIFIED_LABEL_ONLY
Ignar,period:b2e5a5987eefaa30eea2,2026-02-07 21:11:32+00:00,,,QUALIFIED_LABEL_ONLY
Ignar,period:9c6a0a6efb8480316e54,2026-02-09 00:51:15+00:00,,,QUALIFIED_LABEL_ONLY
Ignar,period:74efed7e4a28a304cc30,2026-04-04 20:17:46+00:00,,,QUALIFIED_LABEL_ONLY
Ignar,period:fc48b32f725285a09f66,2026-04-11 20:08:26+00:00,,,QUALIFIED_LABEL_ONLY
Ignar,period:9ad9f360f988761d91c1,2026-04-18 20:07:45+00:00,,,QUALIFIED_LABEL_ONLY
Ignar,period:b0a60cf2f3d3558f5e56,2026-04-25 20:09:02+00:00,,,QUALIFIED_LABEL_ONLY
Ignar,period:0a890f671f8ce6bbde59,2026-05-02 20:10:20+00:00,,,QUALIFIED_LABEL_ONLY
Ignar,period:bca1e648a46734294b57,2026-05-09 20:08:09+00:00,,,QUALIFIED_LABEL_ONLY
Ignar,period:1c76ac6866aa6a71a894,2026-05-16 20:08:36+00:00,,,QUALIFIED_LABEL_ONLY
Ignar,period:5afe139f56d9c0db8f2d,2026-07-25 20:13:30+00:00,,,QUALIFIED_LABEL_ONLY
Impact,period:01bed218199c5fc6a295,2020-01-25 21:37:53+00:00,,,QUALIFIED_LABEL_ONLY
Impact,period:18c306f73901eb8e548e,2020-02-01 21:36:35+00:00,,,QUALIFIED_LABEL_ONLY
Impact,period:bd2e80371da37619c695,2020-02-08 21:30:18+00:00,,,QUALIFIED_LABEL_ONLY
Impact,period:94dc307a169a4236f643,2020-02-15 21:33:19+00:00,,,QUALIFIED_LABEL_ONLY
Impact,period:90cc39f891e2dbcab3ef,2020-02-22 21:37:14+00:00,,,QUALIFIED_LABEL_ONLY
Impact,period:cb03c621696fc2e91764,2020-02-29 21:26:53+00:00,,,QUALIFIED_LABEL_ONLY
Impact,period:14606e5066005561df07,2020-03-07 21:40:12+00:00,,,QUALIFIED_LABEL_ONLY
Impact,period:b2e2840d56c789b5030c,2020-03-21 20:18:48+00:00,,,QUALIFIED_LABEL_ONLY
Impact,period:666de7dcc2eb91211639,2020-03-28 20:29:42+00:00,,,QUALIFIED_LABEL_ONLY
Impact,period:1970df0ebd4246c6ea3b,2020-06-13 00:40:51+00:00,,,QUALIFIED_LABEL_ONLY
Impact,period:3968b01a861a52d381a8,2020-06-20 00:31:26+00:00,,,QUALIFIED_LABEL_ONLY
Impact,period:642a5bb7deff76d164b5,2020-06-27 00:39:52+00:00,,,QUALIFIED_LABEL_ONLY
Impact,period:7813fa8e90f59320de07,2020-07-04 00:21:06+00:00,,,QUALIFIED_LABEL_ONLY
Impact,period:1e2c5a7144cf9a8bc308,2020-07-11 00:50:27+00:00,,,QUALIFIED_LABEL_ONLY
Impact,period:2d69b4a154591d5cca77,2020-07-18 00:30:49+00:00,,,QUALIFIED_LABEL_ONLY
Impact,period:fe3df3b5886d9a4a5234,2020-07-25 00:38:07+00:00,,,QUALIFIED_LABEL_ONLY
Impact,period:3e89f4975798019beec8,2020-08-01 00:35:44+00:00,,,QUALIFIED_LABEL_ONLY
Impact,period:9cfbd3e5ecdd20626eed,2020-08-08 00:43:41+00:00,,,QUALIFIED_LABEL_ONLY
Impact,period:38cb400566e2a3aee1c8,2020-08-20 19:31:44+00:00,,,QUALIFIED_LABEL_ONLY
Impact,period:53a986e97c4e64053db8,2020-08-29 19:32:38+00:00,,,QUALIFIED_LABEL_ONLY
Impact,period:c131bd9da535908c94f0,2020-09-05 19:31:41+00:00,,,QUALIFIED_LABEL_ONLY
Impact,period:fcb777e33a04482e7bfb,2021-01-15 23:10:17+00:00,,,QUALIFIED_LABEL_ONLY
Impact,period:2e302fc7c4bd7a4b3864,2021-01-22 22:29:56+00:00,,,QUALIFIED_LABEL_ONLY
Impact,period:9b9f3f2ec839feb3a947,2021-01-29 22:28:31+00:00,,,QUALIFIED_LABEL_ONLY
Impact,period:7c66db573c65177b96bf,2021-02-05 22:24:44+00:00,,,QUALIFIED_LABEL_ONLY
Impact,period:19d1212ec047ea2c2e1c,2021-02-12 22:29:59+00:00,,,QUALIFIED_LABEL_ONLY
Impact,period:577ed5ecd652eb981e79,2021-02-19 22:21:31+00:00,,,QUALIFIED_LABEL_ONLY
Impact,period:3482fd65afd711052651,2021-02-26 22:23:25+00:00,,,QUALIFIED_LABEL_ONLY
Impact,period:433079f36e14953ffe3e,2021-03-05 22:15:28+00:00,,,QUALIFIED_LABEL_ONLY
Impact,period:2eea81e5fabdc42a729f,2021-03-12 22:24:45+00:00,,,QUALIFIED_LABEL_ONLY
Impact,period:22dfd57f1594beeba715,2021-03-27 19:16:36+00:00,,,QUALIFIED_LABEL_ONLY
Impact,period:debddf61a872640eadfb,2021-06-04 22:02:02+00:00,,,QUALIFIED_LABEL_ONLY
Impact,period:24ddb9953986c3386cb5,2021-06-11 21:37:50+00:00,,,QUALIFIED_LABEL_ONLY
Impact,period:111e9dfa6ccd70cbab3b,2021-06-18 21:02:38+00:00,,,QUALIFIED_LABEL_ONLY
Impact,period:32c02d32a3c87111d752,2021-06-25 21:33:16+00:00,,,QUALIFIED_LABEL_ONLY
Impact,period:4f8f85e36ba842416702,2021-07-02 21:10:28+00:00,,,QUALIFIED_LABEL_ONLY
Impact,period:490dcd8b072f0c76bfcd,2021-07-09 21:35:31+00:00,,,QUALIFIED_LABEL_ONLY
Impact,period:5ede35b384e34b4e7cf7,2021-07-16 21:20:22+00:00,,,QUALIFIED_LABEL_ONLY
Impact,period:5befa75590802ab7de54,2021-07-23 20:58:06+00:00,,,QUALIFIED_LABEL_ONLY
Impact,period:afb91f11a5c9c66cc35b,2021-07-30 21:12:55+00:00,,,QUALIFIED_LABEL_ONLY
Impact,period:a8f8fd7e2f96bbacb87c,2021-08-07 20:23:28+00:00,,,QUALIFIED_LABEL_ONLY
Impact,period:3951db25bbaff1ec59cd,2021-08-12 21:13:39+00:00,,,QUALIFIED_LABEL_ONLY
Impact,period:7c5e83ab4c6a7ca8c86a,2021-08-19 21:11:40+00:00,,,QUALIFIED_LABEL_ONLY
Impact,period:3921ed3cc984afb56c50,2022-01-14 21:26:31+00:00,,,QUALIFIED_LABEL_ONLY
Impact,period:ea5caa919fbd4b75da18,2022-01-21 21:45:47+00:00,,,QUALIFIED_LABEL_ONLY
Impact,period:3b01aa4d9786587a33b3,2022-01-28 21:53:04+00:00,,,QUALIFIED_LABEL_ONLY
Impact,period:5a26c3b6318c7b633520,2022-02-05 20:33:18+00:00,,,QUALIFIED_LABEL_ONLY
Impact,period:44168f74464b99791ba3,2022-02-12 20:53:38+00:00,,,QUALIFIED_LABEL_ONLY
Impact,period:466f661effb9208a840b,2022-02-19 20:54:27+00:00,,,QUALIFIED_LABEL_ONLY
Impact,period:4138ca482beb4344e9ad,2022-02-25 22:37:00+00:00,,,QUALIFIED_LABEL_ONLY
Impact,period:7a928b9ecc895d38667e,2022-03-05 21:01:58+00:00,,,QUALIFIED_LABEL_ONLY
Impact,period:bfbcb255cff7d2c3894f,2022-03-12 21:07:29+00:00,,,QUALIFIED_LABEL_ONLY
Impact,period:9a704a25f780f56ebe1b,2022-03-19 19:32:42+00:00,,,QUALIFIED_LABEL_ONLY
Impact,period:2543e9e0dda5edca0977,2022-03-25 20:43:57+00:00,,,QUALIFIED_LABEL_ONLY
Impact,period:95c58b937c0fcc3e92b9,2022-04-02 20:00:26+00:00,,,QUALIFIED_LABEL_ONLY
Impact,period:feb156c0b7ef67e8a92a,2022-04-09 20:43:33+00:00,,,QUALIFIED_LABEL_ONLY
Impact,period:8e4979ebdc36578e98ba,2022-04-16 20:06:15+00:00,,,QUALIFIED_LABEL_ONLY
Impact,period:8036ed58940a8d2ab607,2022-04-23 18:36:24+00:00,,,QUALIFIED_LABEL_ONLY
Impact,period:4c81af754b6b135da741,2022-06-17 21:46:00+00:00,,,QUALIFIED_LABEL_ONLY
Impact,period:9098ed2cd53d3e50498b,2022-06-25 20:09:54+00:00,,,QUALIFIED_LABEL_ONLY
Impact,period:bd5d15bd6830501052ed,2022-07-02 20:14:47+00:00,,,QUALIFIED_LABEL_ONLY
Impact,period:a1385753e89a22ad7415,2022-07-16 20:31:00+00:00,,,QUALIFIED_LABEL_ONLY
Impact,period:d36d780bd6e08d095d27,2022-07-23 20:43:00+00:00,,,QUALIFIED_LABEL_ONLY
Impact,period:ab4c55f2271a097a29e2,2022-07-30 20:03:25+00:00,,,QUALIFIED_LABEL_ONLY
Impact,period:9310314000d1dccfe6ae,2022-08-06 20:08:43+00:00,,,QUALIFIED_LABEL_ONLY
Impact,period:e268d0eb9109f8185a29,2022-08-12 20:55:46+00:00,,,QUALIFIED_LABEL_ONLY
Impact,period:f6ad6d70568c5aa4ddb9,2022-08-25 19:37:29+00:00,,,QUALIFIED_LABEL_ONLY
Impact,period:f14a4fb0f93da34e9201,2022-09-01 19:27:30+00:00,,,QUALIFIED_LABEL_ONLY
Impact,period:f4e76c51fd962159c780,2022-09-10 19:07:58+00:00,,,QUALIFIED_LABEL_ONLY
Impact,period:452655f2bc33b5b76085,2023-01-26 22:16:48+00:00,,,QUALIFIED_LABEL_ONLY
Impact,period:9ad2bd3e76204c678ee3,2023-02-02 22:06:55+00:00,,,QUALIFIED_LABEL_ONLY
Impact,period:5193f604ed2f15e301e1,2023-02-09 22:07:17+00:00,,,QUALIFIED_LABEL_ONLY
Impact,period:2b3de7782bdf56dc82d0,2023-02-15 22:07:50+00:00,,,QUALIFIED_LABEL_ONLY
Impact,period:36d3f31311f21e914d55,2023-02-23 22:06:52+00:00,,,QUALIFIED_LABEL_ONLY
Impact,period:83278694723ba910058b,2023-03-02 22:08:20+00:00,,,QUALIFIED_LABEL_ONLY
Impact,period:402a134be7abbe005149,2023-03-09 22:22:41+00:00,,,QUALIFIED_LABEL_ONLY
Impact,period:8d9d5d3f36e034ced562,2023-03-15 21:07:53+00:00,,,QUALIFIED_LABEL_ONLY
Impact,period:d990ac8b125022094901,2023-03-23 21:10:53+00:00,,,QUALIFIED_LABEL_ONLY
Impact,period:d33d87118e30f5daa86a,2023-03-30 21:09:21+00:00,,,QUALIFIED_LABEL_ONLY
Impact,period:f52e10acfa6d747a4c9d,2023-04-08 20:17:16+00:00,,,QUALIFIED_LABEL_ONLY
Impact,period:3943367d2ce567a9fae3,2023-06-14 21:13:03+00:00,,,QUALIFIED_LABEL_ONLY
Impact,period:f2ee99995367bf0fc030,2023-06-21 21:07:31+00:00,,,QUALIFIED_LABEL_ONLY
Impact,period:c790283b449e6bb25672,2023-06-28 21:06:50+00:00,,,QUALIFIED_LABEL_ONLY
Impact,period:ff185424af4133395119,2023-07-05 21:05:49+00:00,,,QUALIFIED_LABEL_ONLY
Impact,period:36cf05276a8bbe55409a,2023-07-12 21:06:58+00:00,,,QUALIFIED_LABEL_ONLY
Impact,period:dd1399a0cf2f56138daa,2023-07-19 21:07:18+00:00,,,QUALIFIED_LABEL_ONLY
Impact,period:27c11f42e65c97b901b8,2024-01-20 20:15:01+00:00,,,QUALIFIED_LABEL_ONLY
Impact,period:ab546300266e49331659,2024-01-27 20:15:48+00:00,,,QUALIFIED_LABEL_ONLY
Impact,period:f82eb58c594ccc349383,2024-02-02 21:12:22+00:00,,,QUALIFIED_LABEL_ONLY
Impact,period:06566a2ea584fecf6c15,2024-02-10 21:07:54+00:00,,,QUALIFIED_LABEL_ONLY
Impact,period:789a06731adc1e0c8798,2024-03-02 21:07:29+00:00,,,QUALIFIED_LABEL_ONLY
Impact,period:a0f9da327c11cf3cc717,2024-03-08 21:07:46+00:00,,,QUALIFIED_LABEL_ONLY
Impact,period:448a8f91622619afdbe7,2024-03-14 20:08:02+00:00,,,QUALIFIED_LABEL_ONLY
Impact,period:18a8b98d7b5d7f0b7105,2024-03-22 20:08:04+00:00,,,QUALIFIED_LABEL_ONLY
Impact,period:0c3bfca85acd014e625d,2024-03-30 20:22:30+00:00,,,QUALIFIED_LABEL_ONLY
Impact,period:697d8a8453920f1ff1c8,2024-06-15 20:11:50+00:00,,,QUALIFIED_LABEL_ONLY
Impact,period:ea10f8bb7f189dc4197a,2024-06-22 20:11:50+00:00,,,QUALIFIED_LABEL_ONLY
Impact,period:fb51ebc6418ce68c46c6,2024-06-27 20:07:21+00:00,,,QUALIFIED_LABEL_ONLY
Impact,period:0f3dd675ff7b55987f43,2024-07-20 20:10:15+00:00,,,QUALIFIED_LABEL_ONLY
Impact,period:29c7eddc03e68fe96070,2024-07-27 20:09:19+00:00,,,QUALIFIED_LABEL_ONLY
Impact,period:03ffd32cfddfafb63d73,2024-08-03 20:08:15+00:00,,,QUALIFIED_LABEL_ONLY
Impact,period:cdd6b3ae49979eef3d9f,2024-08-10 20:07:50+00:00,,,QUALIFIED_LABEL_ONLY
Impact,period:c0a1c4ffff2a32aacb10,2024-08-23 20:07:51+00:00,,,QUALIFIED_LABEL_ONLY
Impact,period:3685f26c9338932445a9,2024-08-30 20:08:40+00:00,,,QUALIFIED_LABEL_ONLY
Impact,period:77186dc9e4b5f1acc2df,2024-09-06 20:13:13+00:00,,,QUALIFIED_LABEL_ONLY
Impact,period:ee078790277fa6a5a0ce,2025-01-25 21:14:31+00:00,,,QUALIFIED_LABEL_ONLY
Impact,period:b08144b94745feadc04c,2025-02-01 21:06:58+00:00,,,QUALIFIED_LABEL_ONLY
Impact,period:bcc5730448bc2219d32a,2025-02-09 21:07:49+00:00,,,QUALIFIED_LABEL_ONLY
Impact,period:5a5260defef5072643d0,2025-04-05 20:14:15+00:00,,,QUALIFIED_LABEL_ONLY
Impact,period:fb622d9f67b0d1bacd81,2025-04-12 20:06:56+00:00,,,QUALIFIED_LABEL_ONLY
Impact,period:ab17bbbf5d12cdddc770,2025-04-19 20:08:34+00:00,,,QUALIFIED_LABEL_ONLY
Impact,period:0bd7b62868a6e6fa9a6d,2025-04-26 20:08:33+00:00,,,QUALIFIED_LABEL_ONLY
Impact,period:f91ca0f544586fb72c4d,2025-05-03 20:08:26+00:00,,,QUALIFIED_LABEL_ONLY
Impact,period:92eb584d41521b4a115a,2025-05-10 20:09:23+00:00,,,QUALIFIED_LABEL_ONLY
Impact,period:42a66f8e41011df34073,2025-05-17 20:08:05+00:00,,,QUALIFIED_LABEL_ONLY
Impact,period:769a792cb95be4e074fc,2025-05-24 20:07:34+00:00,,,QUALIFIED_LABEL_ONLY
Impact,period:540a575a08edacdeb808,2025-05-31 20:08:28+00:00,,,QUALIFIED_LABEL_ONLY
Impact,period:b6b241bcd2df026a0c10,2025-06-07 20:06:56+00:00,,,QUALIFIED_LABEL_ONLY
Impact,period:f92170f131413923b84c,2025-07-26 20:10:23+00:00,,,QUALIFIED_LABEL_ONLY
Impact,period:c7231b512ce5dfec31cf,2025-08-02 20:08:18+00:00,,,QUALIFIED_LABEL_ONLY
Impact,period:c139a580fc7ad181ea33,2025-08-09 20:06:58+00:00,,,QUALIFIED_LABEL_ONLY
Impact,period:9d2506f6d55754824303,2025-08-16 20:06:27+00:00,,,QUALIFIED_LABEL_ONLY
Impact,period:1ffa4e947c2611f80c97,2025-08-29 20:06:10+00:00,,,QUALIFIED_LABEL_ONLY
Impact,period:28d589eedfce312e1ad3,2026-01-24 21:24:34+00:00,,,QUALIFIED_LABEL_ONLY
Impact,period:70fac0200d695853ccdc,2026-01-31 21:07:01+00:00,,,QUALIFIED_LABEL_ONLY
Impact,period:b2e5a5987eefaa30eea2,2026-02-07 21:11:32+00:00,,,QUALIFIED_LABEL_ONLY
Impact,period:0433ceb2175e1870c17a,2026-02-14 21:11:50+00:00,,,QUALIFIED_LABEL_ONLY
Impact,period:d52af7b72997e89c8ea6,2026-02-20 21:09:00+00:00,,,QUALIFIED_LABEL_ONLY
Impact,period:b628e8f047ec274b8698,2026-02-27 21:09:38+00:00,,,QUALIFIED_LABEL_ONLY
Impact,period:74efed7e4a28a304cc30,2026-04-04 20:17:46+00:00,,,QUALIFIED_LABEL_ONLY
Impact,period:fc48b32f725285a09f66,2026-04-11 20:08:26+00:00,,,QUALIFIED_LABEL_ONLY
Impact,period:9ad9f360f988761d91c1,2026-04-18 20:07:45+00:00,,,QUALIFIED_LABEL_ONLY
Impact,period:b0a60cf2f3d3558f5e56,2026-04-25 20:09:02+00:00,,,QUALIFIED_LABEL_ONLY
Impact,period:0a890f671f8ce6bbde59,2026-05-02 20:10:20+00:00,,,QUALIFIED_LABEL_ONLY
Impact,period:bca1e648a46734294b57,2026-05-09 20:08:09+00:00,,,QUALIFIED_LABEL_ONLY
Impact,period:1c76ac6866aa6a71a894,2026-05-16 20:08:36+00:00,,,QUALIFIED_LABEL_ONLY
Impact,period:646c3784493968152598,2026-05-30 20:10:37+00:00,,,QUALIFIED_LABEL_ONLY
Impact,period:5afe139f56d9c0db8f2d,2026-07-25 20:13:30+00:00,,,QUALIFIED_LABEL_ONLY
Insanity,period:642a5bb7deff76d164b5,2020-06-27 00:39:52+00:00,,,QUALIFIED_LABEL_ONLY
Insanity,period:7813fa8e90f59320de07,2020-07-04 00:21:06+00:00,,,QUALIFIED_LABEL_ONLY
Insanity,period:1e2c5a7144cf9a8bc308,2020-07-11 00:50:27+00:00,,,QUALIFIED_LABEL_ONLY
Insanity,period:2d69b4a154591d5cca77,2020-07-18 00:30:49+00:00,,,QUALIFIED_LABEL_ONLY
Insanity,period:fe3df3b5886d9a4a5234,2020-07-25 00:38:07+00:00,,,QUALIFIED_LABEL_ONLY
Insanity,period:3e89f4975798019beec8,2020-08-01 00:35:44+00:00,,,QUALIFIED_LABEL_ONLY
Insanity,period:9cfbd3e5ecdd20626eed,2020-08-08 00:43:41+00:00,,,QUALIFIED_LABEL_ONLY
Insanity,period:fcb777e33a04482e7bfb,2021-01-15 23:10:17+00:00,,,QUALIFIED_LABEL_ONLY
Insanity,period:7c66db573c65177b96bf,2021-02-05 22:24:44+00:00,,,QUALIFIED_LABEL_ONLY
Insanity,period:19d1212ec047ea2c2e1c,2021-02-12 22:29:59+00:00,,,QUALIFIED_LABEL_ONLY
Insanity,period:577ed5ecd652eb981e79,2021-02-19 22:21:31+00:00,,,QUALIFIED_LABEL_ONLY
Insanity,period:3482fd65afd711052651,2021-02-26 22:23:25+00:00,,,QUALIFIED_LABEL_ONLY
Insanity,period:433079f36e14953ffe3e,2021-03-05 22:15:28+00:00,,,QUALIFIED_LABEL_ONLY
Insanity,period:2eea81e5fabdc42a729f,2021-03-12 22:24:45+00:00,,,QUALIFIED_LABEL_ONLY
Insanity,period:debddf61a872640eadfb,2021-06-04 22:02:02+00:00,,,QUALIFIED_LABEL_ONLY
Insanity,period:24ddb9953986c3386cb5,2021-06-11 21:37:50+00:00,,,QUALIFIED_LABEL_ONLY
Insanity,period:111e9dfa6ccd70cbab3b,2021-06-18 21:02:38+00:00,,,QUALIFIED_LABEL_ONLY
Insanity,period:32c02d32a3c87111d752,2021-06-25 21:33:16+00:00,,,QUALIFIED_LABEL_ONLY
Insanity,period:4f8f85e36ba842416702,2021-07-02 21:10:28+00:00,,,QUALIFIED_LABEL_ONLY
Insanity,period:490dcd8b072f0c76bfcd,2021-07-09 21:35:31+00:00,,,QUALIFIED_LABEL_ONLY
Insanity,period:5ede35b384e34b4e7cf7,2021-07-16 21:20:22+00:00,,,QUALIFIED_LABEL_ONLY
Insanity,period:5befa75590802ab7de54,2021-07-23 20:58:06+00:00,,,QUALIFIED_LABEL_ONLY
Insanity,period:afb91f11a5c9c66cc35b,2021-07-30 21:12:55+00:00,,,QUALIFIED_LABEL_ONLY
Insanity,period:3951db25bbaff1ec59cd,2021-08-12 21:13:39+00:00,,,QUALIFIED_LABEL_ONLY
Insanity,period:7c5e83ab4c6a7ca8c86a,2021-08-19 21:11:40+00:00,,,QUALIFIED_LABEL_ONLY
Insanity,period:3943367d2ce567a9fae3,2023-06-14 21:13:03+00:00,,,QUALIFIED_LABEL_ONLY
Insanity,period:f2ee99995367bf0fc030,2023-06-21 21:07:31+00:00,,,QUALIFIED_LABEL_ONLY
Insanity,period:ff185424af4133395119,2023-07-05 21:05:49+00:00,,,QUALIFIED_LABEL_ONLY
Insanity,period:36cf05276a8bbe55409a,2023-07-12 21:06:58+00:00,,,QUALIFIED_LABEL_ONLY
Insanity,period:dd1399a0cf2f56138daa,2023-07-19 21:07:18+00:00,,,QUALIFIED_LABEL_ONLY
Insanity,period:67a5ff4d5b051b402092,2023-07-27 21:07:41+00:00,,,QUALIFIED_LABEL_ONLY
Insanity,period:4520b87081b51698489a,2023-08-03 21:07:08+00:00,,,QUALIFIED_LABEL_ONLY
Insanity,period:27c11f42e65c97b901b8,2024-01-20 20:15:01+00:00,,,QUALIFIED_LABEL_ONLY
Insanity,period:ab546300266e49331659,2024-01-27 20:15:48+00:00,,,QUALIFIED_LABEL_ONLY
Insanity,period:f82eb58c594ccc349383,2024-02-02 21:12:22+00:00,,,QUALIFIED_LABEL_ONLY
Insanity,period:06566a2ea584fecf6c15,2024-02-10 21:07:54+00:00,,,QUALIFIED_LABEL_ONLY
Insanity,period:789a06731adc1e0c8798,2024-03-02 21:07:29+00:00,,,QUALIFIED_LABEL_ONLY
Insanity,period:a0f9da327c11cf3cc717,2024-03-08 21:07:46+00:00,,,QUALIFIED_LABEL_ONLY
Insanity,period:697d8a8453920f1ff1c8,2024-06-15 20:11:50+00:00,,,QUALIFIED_LABEL_ONLY
Insanity,period:ea10f8bb7f189dc4197a,2024-06-22 20:11:50+00:00,,,QUALIFIED_LABEL_ONLY
Insanity,period:fb51ebc6418ce68c46c6,2024-06-27 20:07:21+00:00,,,QUALIFIED_LABEL_ONLY
Insanity,period:0f3dd675ff7b55987f43,2024-07-20 20:10:15+00:00,,,QUALIFIED_LABEL_ONLY
Insanity,period:29c7eddc03e68fe96070,2024-07-27 20:09:19+00:00,,,QUALIFIED_LABEL_ONLY
Insanity,period:03ffd32cfddfafb63d73,2024-08-03 20:08:15+00:00,,,QUALIFIED_LABEL_ONLY
Insanity,period:cdd6b3ae49979eef3d9f,2024-08-10 20:07:50+00:00,,,QUALIFIED_LABEL_ONLY
Inspired,period:3921ed3cc984afb56c50,2022-01-14 21:26:31+00:00,,,QUALIFIED_LABEL_ONLY
Inspired,period:ea5caa919fbd4b75da18,2022-01-21 21:45:47+00:00,,,QUALIFIED_LABEL_ONLY
Inspired,period:3b01aa4d9786587a33b3,2022-01-28 21:53:04+00:00,,,QUALIFIED_LABEL_ONLY
Inspired,period:5a26c3b6318c7b633520,2022-02-05 20:33:18+00:00,,,QUALIFIED_LABEL_ONLY
Inspired,period:44168f74464b99791ba3,2022-02-12 20:53:38+00:00,,,QUALIFIED_LABEL_ONLY
Inspired,period:466f661effb9208a840b,2022-02-19 20:54:27+00:00,,,QUALIFIED_LABEL_ONLY
Inspired,period:4138ca482beb4344e9ad,2022-02-25 22:37:00+00:00,,,QUALIFIED_LABEL_ONLY
Inspired,period:7a928b9ecc895d38667e,2022-03-05 21:01:58+00:00,,,QUALIFIED_LABEL_ONLY
Inspired,period:bfbcb255cff7d2c3894f,2022-03-12 21:07:29+00:00,,,QUALIFIED_LABEL_ONLY
Inspired,period:9a704a25f780f56ebe1b,2022-03-19 19:32:42+00:00,,,QUALIFIED_LABEL_ONLY
Inspired,period:2543e9e0dda5edca0977,2022-03-25 20:43:57+00:00,,,QUALIFIED_LABEL_ONLY
Inspired,period:95c58b937c0fcc3e92b9,2022-04-02 20:00:26+00:00,,,QUALIFIED_LABEL_ONLY
Inspired,period:feb156c0b7ef67e8a92a,2022-04-09 20:43:33+00:00,,,QUALIFIED_LABEL_ONLY
Inspired,period:8e4979ebdc36578e98ba,2022-04-16 20:06:15+00:00,,,QUALIFIED_LABEL_ONLY
Inspired,period:8036ed58940a8d2ab607,2022-04-23 18:36:24+00:00,,,QUALIFIED_LABEL_ONLY
Inspired,period:4c81af754b6b135da741,2022-06-17 21:46:00+00:00,,,QUALIFIED_LABEL_ONLY
Inspired,period:9098ed2cd53d3e50498b,2022-06-25 20:09:54+00:00,,,QUALIFIED_LABEL_ONLY
Inspired,period:bd5d15bd6830501052ed,2022-07-02 20:14:47+00:00,,,QUALIFIED_LABEL_ONLY
Inspired,period:a1385753e89a22ad7415,2022-07-16 20:31:00+00:00,,,QUALIFIED_LABEL_ONLY
Inspired,period:d36d780bd6e08d095d27,2022-07-23 20:43:00+00:00,,,QUALIFIED_LABEL_ONLY
Inspired,period:ab4c55f2271a097a29e2,2022-07-30 20:03:25+00:00,,,QUALIFIED_LABEL_ONLY
Inspired,period:9310314000d1dccfe6ae,2022-08-06 20:08:43+00:00,,,QUALIFIED_LABEL_ONLY
Inspired,period:e268d0eb9109f8185a29,2022-08-12 20:55:46+00:00,,,QUALIFIED_LABEL_ONLY
Inspired,period:f6ad6d70568c5aa4ddb9,2022-08-25 19:37:29+00:00,,,QUALIFIED_LABEL_ONLY
Inspired,period:f14a4fb0f93da34e9201,2022-09-01 19:27:30+00:00,,,QUALIFIED_LABEL_ONLY
Inspired,period:f4e76c51fd962159c780,2022-09-10 19:07:58+00:00,,,QUALIFIED_LABEL_ONLY
Inspired,period:452655f2bc33b5b76085,2023-01-26 22:16:48+00:00,,,QUALIFIED_LABEL_ONLY
Inspired,period:9ad2bd3e76204c678ee3,2023-02-02 22:06:55+00:00,,,QUALIFIED_LABEL_ONLY
Inspired,period:5193f604ed2f15e301e1,2023-02-09 22:07:17+00:00,,,QUALIFIED_LABEL_ONLY
Inspired,period:2b3de7782bdf56dc82d0,2023-02-15 22:07:50+00:00,,,QUALIFIED_LABEL_ONLY
Inspired,period:36d3f31311f21e914d55,2023-02-23 22:06:52+00:00,,,QUALIFIED_LABEL_ONLY
Inspired,period:83278694723ba910058b,2023-03-02 22:08:20+00:00,,,QUALIFIED_LABEL_ONLY
Inspired,period:402a134be7abbe005149,2023-03-09 22:22:41+00:00,,,QUALIFIED_LABEL_ONLY
Inspired,period:8d9d5d3f36e034ced562,2023-03-15 21:07:53+00:00,,,QUALIFIED_LABEL_ONLY
Inspired,period:d990ac8b125022094901,2023-03-23 21:10:53+00:00,,,QUALIFIED_LABEL_ONLY
Inspired,period:d33d87118e30f5daa86a,2023-03-30 21:09:21+00:00,,,QUALIFIED_LABEL_ONLY
Inspired,period:27c11f42e65c97b901b8,2024-01-20 20:15:01+00:00,,,QUALIFIED_LABEL_ONLY
Inspired,period:ab546300266e49331659,2024-01-27 20:15:48+00:00,,,QUALIFIED_LABEL_ONLY
Inspired,period:f82eb58c594ccc349383,2024-02-02 21:12:22+00:00,,,QUALIFIED_LABEL_ONLY
Inspired,period:06566a2ea584fecf6c15,2024-02-10 21:07:54+00:00,,,QUALIFIED_LABEL_ONLY
Inspired,period:789a06731adc1e0c8798,2024-03-02 21:07:29+00:00,,,QUALIFIED_LABEL_ONLY
Inspired,period:a0f9da327c11cf3cc717,2024-03-08 21:07:46+00:00,,,QUALIFIED_LABEL_ONLY
Inspired,period:448a8f91622619afdbe7,2024-03-14 20:08:02+00:00,,,QUALIFIED_LABEL_ONLY
Inspired,period:18a8b98d7b5d7f0b7105,2024-03-22 20:08:04+00:00,,,QUALIFIED_LABEL_ONLY
Inspired,period:0c3bfca85acd014e625d,2024-03-30 20:22:30+00:00,,,QUALIFIED_LABEL_ONLY
Inspired,period:697d8a8453920f1ff1c8,2024-06-15 20:11:50+00:00,,,QUALIFIED_LABEL_ONLY
Inspired,period:ea10f8bb7f189dc4197a,2024-06-22 20:11:50+00:00,,,QUALIFIED_LABEL_ONLY
Inspired,period:fb51ebc6418ce68c46c6,2024-06-27 20:07:21+00:00,,,QUALIFIED_LABEL_ONLY
Inspired,period:0f3dd675ff7b55987f43,2024-07-20 20:10:15+00:00,,,QUALIFIED_LABEL_ONLY
Inspired,period:29c7eddc03e68fe96070,2024-07-27 20:09:19+00:00,,,QUALIFIED_LABEL_ONLY
Inspired,period:03ffd32cfddfafb63d73,2024-08-03 20:08:15+00:00,,,QUALIFIED_LABEL_ONLY
Inspired,period:cdd6b3ae49979eef3d9f,2024-08-10 20:07:50+00:00,,,QUALIFIED_LABEL_ONLY
Inspired,period:5218e82018c8910d187b,2024-08-17 20:07:21+00:00,,,QUALIFIED_LABEL_ONLY
Inspired,period:c0a1c4ffff2a32aacb10,2024-08-23 20:07:51+00:00,,,QUALIFIED_LABEL_ONLY
Inspired,period:3685f26c9338932445a9,2024-08-30 20:08:40+00:00,,,QUALIFIED_LABEL_ONLY
Inspired,period:77186dc9e4b5f1acc2df,2024-09-06 20:13:13+00:00,,,QUALIFIED_LABEL_ONLY
Inspired,period:ee078790277fa6a5a0ce,2025-01-25 21:14:31+00:00,,,QUALIFIED_LABEL_ONLY
Inspired,period:b08144b94745feadc04c,2025-02-01 21:06:58+00:00,,,QUALIFIED_LABEL_ONLY
Inspired,period:bcc5730448bc2219d32a,2025-02-09 21:07:49+00:00,,,QUALIFIED_LABEL_ONLY
Inspired,period:5a5260defef5072643d0,2025-04-05 20:14:15+00:00,,,QUALIFIED_LABEL_ONLY
Inspired,period:fb622d9f67b0d1bacd81,2025-04-12 20:06:56+00:00,,,QUALIFIED_LABEL_ONLY
Inspired,period:ab17bbbf5d12cdddc770,2025-04-19 20:08:34+00:00,,,QUALIFIED_LABEL_ONLY
Inspired,period:0bd7b62868a6e6fa9a6d,2025-04-26 20:08:33+00:00,,,QUALIFIED_LABEL_ONLY
Inspired,period:f91ca0f544586fb72c4d,2025-05-03 20:08:26+00:00,,,QUALIFIED_LABEL_ONLY
Inspired,period:92eb584d41521b4a115a,2025-05-10 20:09:23+00:00,,,QUALIFIED_LABEL_ONLY
Inspired,period:42a66f8e41011df34073,2025-05-17 20:08:05+00:00,,,QUALIFIED_LABEL_ONLY
Inspired,period:769a792cb95be4e074fc,2025-05-24 20:07:34+00:00,,,QUALIFIED_LABEL_ONLY
Inspired,period:b6b241bcd2df026a0c10,2025-06-07 20:06:56+00:00,,,QUALIFIED_LABEL_ONLY
Inspired,period:780234292186bbac5f9e,2025-06-14 20:12:24+00:00,,,QUALIFIED_LABEL_ONLY
Inspired,period:f92170f131413923b84c,2025-07-26 20:10:23+00:00,,,QUALIFIED_LABEL_ONLY
Inspired,period:c7231b512ce5dfec31cf,2025-08-02 20:08:18+00:00,,,QUALIFIED_LABEL_ONLY
Inspired,period:c139a580fc7ad181ea33,2025-08-09 20:06:58+00:00,,,QUALIFIED_LABEL_ONLY
Inspired,period:9d2506f6d55754824303,2025-08-16 20:06:27+00:00,,,QUALIFIED_LABEL_ONLY
Inspired,period:1ffa4e947c2611f80c97,2025-08-29 20:06:10+00:00,,,QUALIFIED_LABEL_ONLY
Inspired,period:717827b0ee213b1efab1,2025-09-05 20:05:46+00:00,,,QUALIFIED_LABEL_ONLY
Inspired,period:28d589eedfce312e1ad3,2026-01-24 21:24:34+00:00,,,QUALIFIED_LABEL_ONLY
Inspired,period:6186b6ccaf2d592d540a,2026-01-26 00:04:23+00:00,,,QUALIFIED_LABEL_ONLY
Inspired,period:70fac0200d695853ccdc,2026-01-31 21:07:01+00:00,,,QUALIFIED_LABEL_ONLY
Inspired,period:b2e5a5987eefaa30eea2,2026-02-07 21:11:32+00:00,,,QUALIFIED_LABEL_ONLY
Inspired,period:d52af7b72997e89c8ea6,2026-02-20 21:09:00+00:00,,,QUALIFIED_LABEL_ONLY
Inspired,period:b628e8f047ec274b8698,2026-02-27 21:09:38+00:00,,,QUALIFIED_LABEL_ONLY
Inspired,period:f1fd6343903a0462322e,2026-03-02 00:22:41+00:00,,,QUALIFIED_LABEL_ONLY
Inspired,period:74efed7e4a28a304cc30,2026-04-04 20:17:46+00:00,,,QUALIFIED_LABEL_ONLY
Inspired,period:fc48b32f725285a09f66,2026-04-11 20:08:26+00:00,,,QUALIFIED_LABEL_ONLY
Inspired,period:9ad9f360f988761d91c1,2026-04-18 20:07:45+00:00,,,QUALIFIED_LABEL_ONLY
Inspired,period:b0a60cf2f3d3558f5e56,2026-04-25 20:09:02+00:00,,,QUALIFIED_LABEL_ONLY
Inspired,period:0a890f671f8ce6bbde59,2026-05-02 20:10:20+00:00,,,QUALIFIED_LABEL_ONLY
Inspired,period:bca1e648a46734294b57,2026-05-09 20:08:09+00:00,,,QUALIFIED_LABEL_ONLY
Inspired,period:1c76ac6866aa6a71a894,2026-05-16 20:08:36+00:00,,,QUALIFIED_LABEL_ONLY
Inspired,period:2ba54fbdb1ed8ce5723d,2026-05-23 20:10:31+00:00,,,QUALIFIED_LABEL_ONLY
Inspired,period:76aa7cb585d2505649ba,2026-06-06 20:09:49+00:00,,,QUALIFIED_LABEL_ONLY
Inspired,period:2a0b31a43b9b5e794a24,2026-06-13 20:14:55+00:00,,,QUALIFIED_LABEL_ONLY
Instinct,period:3921ed3cc984afb56c50,2022-01-14 21:26:31+00:00,,,QUALIFIED_LABEL_ONLY
Instinct,period:ea5caa919fbd4b75da18,2022-01-21 21:45:47+00:00,,,QUALIFIED_LABEL_ONLY
Instinct,period:a1385753e89a22ad7415,2022-07-16 20:31:00+00:00,,,QUALIFIED_LABEL_ONLY
Instinct,period:d36d780bd6e08d095d27,2022-07-23 20:43:00+00:00,,,QUALIFIED_LABEL_ONLY
Instinct,period:ab4c55f2271a097a29e2,2022-07-30 20:03:25+00:00,,,QUALIFIED_LABEL_ONLY
Instinct,period:9310314000d1dccfe6ae,2022-08-06 20:08:43+00:00,,,QUALIFIED_LABEL_ONLY
Instinct,period:e268d0eb9109f8185a29,2022-08-12 20:55:46+00:00,,,QUALIFIED_LABEL_ONLY
Instinct,period:f6ad6d70568c5aa4ddb9,2022-08-25 19:37:29+00:00,,,QUALIFIED_LABEL_ONLY
Isles,period:3921ed3cc984afb56c50,2022-01-14 21:26:31+00:00,,,QUALIFIED_LABEL_ONLY
Isles,period:ea5caa919fbd4b75da18,2022-01-21 21:45:47+00:00,,,QUALIFIED_LABEL_ONLY
Isles,period:3b01aa4d9786587a33b3,2022-01-28 21:53:04+00:00,,,QUALIFIED_LABEL_ONLY
Isles,period:feb156c0b7ef67e8a92a,2022-04-09 20:43:33+00:00,,,QUALIFIED_LABEL_ONLY
Isles,period:8e4979ebdc36578e98ba,2022-04-16 20:06:15+00:00,,,QUALIFIED_LABEL_ONLY
Isles,period:27c11f42e65c97b901b8,2024-01-20 20:15:01+00:00,,,QUALIFIED_LABEL_ONLY
Isles,period:ab546300266e49331659,2024-01-27 20:15:48+00:00,,,QUALIFIED_LABEL_ONLY
Isles,period:f82eb58c594ccc349383,2024-02-02 21:12:22+00:00,,,QUALIFIED_LABEL_ONLY
Isles,period:06566a2ea584fecf6c15,2024-02-10 21:07:54+00:00,,,QUALIFIED_LABEL_ONLY
Isles,period:789a06731adc1e0c8798,2024-03-02 21:07:29+00:00,,,QUALIFIED_LABEL_ONLY
Isles,period:a0f9da327c11cf3cc717,2024-03-08 21:07:46+00:00,,,QUALIFIED_LABEL_ONLY
Isles,period:448a8f91622619afdbe7,2024-03-14 20:08:02+00:00,,,QUALIFIED_LABEL_ONLY
Isles,period:697d8a8453920f1ff1c8,2024-06-15 20:11:50+00:00,,,QUALIFIED_LABEL_ONLY
Isles,period:ea10f8bb7f189dc4197a,2024-06-22 20:11:50+00:00,,,QUALIFIED_LABEL_ONLY
Isles,period:fb51ebc6418ce68c46c6,2024-06-27 20:07:21+00:00,,,QUALIFIED_LABEL_ONLY
Isles,period:0f3dd675ff7b55987f43,2024-07-20 20:10:15+00:00,,,QUALIFIED_LABEL_ONLY
Isles,period:29c7eddc03e68fe96070,2024-07-27 20:09:19+00:00,,,QUALIFIED_LABEL_ONLY
Isles,period:03ffd32cfddfafb63d73,2024-08-03 20:08:15+00:00,,,QUALIFIED_LABEL_ONLY
Isles,period:cdd6b3ae49979eef3d9f,2024-08-10 20:07:50+00:00,,,QUALIFIED_LABEL_ONLY
Isles,period:5218e82018c8910d187b,2024-08-17 20:07:21+00:00,,,QUALIFIED_LABEL_ONLY
Isles,period:c0a1c4ffff2a32aacb10,2024-08-23 20:07:51+00:00,,,QUALIFIED_LABEL_ONLY
Isles,period:3685f26c9338932445a9,2024-08-30 20:08:40+00:00,,,QUALIFIED_LABEL_ONLY
Isles,period:ee078790277fa6a5a0ce,2025-01-25 21:14:31+00:00,,,QUALIFIED_LABEL_ONLY
Isles,period:b08144b94745feadc04c,2025-02-01 21:06:58+00:00,,,QUALIFIED_LABEL_ONLY
Isles,period:bcc5730448bc2219d32a,2025-02-09 21:07:49+00:00,,,QUALIFIED_LABEL_ONLY
Isles,period:5a5260defef5072643d0,2025-04-05 20:14:15+00:00,,,QUALIFIED_LABEL_ONLY
Isles,period:fb622d9f67b0d1bacd81,2025-04-12 20:06:56+00:00,,,QUALIFIED_LABEL_ONLY
Isles,period:ab17bbbf5d12cdddc770,2025-04-19 20:08:34+00:00,,,QUALIFIED_LABEL_ONLY
Isles,period:0bd7b62868a6e6fa9a6d,2025-04-26 20:08:33+00:00,,,QUALIFIED_LABEL_ONLY
Isles,period:f91ca0f544586fb72c4d,2025-05-03 20:08:26+00:00,,,QUALIFIED_LABEL_ONLY
Isles,period:92eb584d41521b4a115a,2025-05-10 20:09:23+00:00,,,QUALIFIED_LABEL_ONLY
Isles,period:42a66f8e41011df34073,2025-05-17 20:08:05+00:00,,,QUALIFIED_LABEL_ONLY
Isles,period:540a575a08edacdeb808,2025-05-31 20:08:28+00:00,,,QUALIFIED_LABEL_ONLY
Isles,period:f92170f131413923b84c,2025-07-26 20:10:23+00:00,,,QUALIFIED_LABEL_ONLY
Isles,period:c7231b512ce5dfec31cf,2025-08-02 20:08:18+00:00,,,QUALIFIED_LABEL_ONLY
Isles,period:c139a580fc7ad181ea33,2025-08-09 20:06:58+00:00,,,QUALIFIED_LABEL_ONLY
Isles,period:7c6d5817a7155f3a80bb,2025-08-23 20:06:29+00:00,,,QUALIFIED_LABEL_ONLY
Isles,period:28d589eedfce312e1ad3,2026-01-24 21:24:34+00:00,,,QUALIFIED_LABEL_ONLY
Isles,period:6186b6ccaf2d592d540a,2026-01-26 00:04:23+00:00,,,QUALIFIED_LABEL_ONLY
Isles,period:70fac0200d695853ccdc,2026-01-31 21:07:01+00:00,,,QUALIFIED_LABEL_ONLY
Isles,period:b2e5a5987eefaa30eea2,2026-02-07 21:11:32+00:00,,,QUALIFIED_LABEL_ONLY
Isles,period:d52af7b72997e89c8ea6,2026-02-20 21:09:00+00:00,,,QUALIFIED_LABEL_ONLY
Isles,period:b628e8f047ec274b8698,2026-02-27 21:09:38+00:00,,,QUALIFIED_LABEL_ONLY
Isles,period:f1fd6343903a0462322e,2026-03-02 00:22:41+00:00,,,QUALIFIED_LABEL_ONLY
Isles,period:74efed7e4a28a304cc30,2026-04-04 20:17:46+00:00,,,QUALIFIED_LABEL_ONLY
Isles,period:fc48b32f725285a09f66,2026-04-11 20:08:26+00:00,,,QUALIFIED_LABEL_ONLY
Isles,period:9ad9f360f988761d91c1,2026-04-18 20:07:45+00:00,,,QUALIFIED_LABEL_ONLY
Isles,period:b0a60cf2f3d3558f5e56,2026-04-25 20:09:02+00:00,,,QUALIFIED_LABEL_ONLY
Isles,period:0a890f671f8ce6bbde59,2026-05-02 20:10:20+00:00,,,QUALIFIED_LABEL_ONLY
Isles,period:bca1e648a46734294b57,2026-05-09 20:08:09+00:00,,,QUALIFIED_LABEL_ONLY
Isles,period:1c76ac6866aa6a71a894,2026-05-16 20:08:36+00:00,,,QUALIFIED_LABEL_ONLY
Isles,period:2ba54fbdb1ed8ce5723d,2026-05-23 20:10:31+00:00,,,QUALIFIED_LABEL_ONLY
Isles,period:76aa7cb585d2505649ba,2026-06-06 20:09:49+00:00,,,QUALIFIED_LABEL_ONLY
Isles,period:2a0b31a43b9b5e794a24,2026-06-13 20:14:55+00:00,,,QUALIFIED_LABEL_ONLY
Isles,period:5afe139f56d9c0db8f2d,2026-07-25 20:13:30+00:00,,,QUALIFIED_LABEL_ONLY
Jenkins,period:debddf61a872640eadfb,2021-06-04 22:02:02+00:00,,,QUALIFIED_LABEL_ONLY
Jenkins,period:24ddb9953986c3386cb5,2021-06-11 21:37:50+00:00,,,QUALIFIED_LABEL_ONLY
Jenkins,period:111e9dfa6ccd70cbab3b,2021-06-18 21:02:38+00:00,,,QUALIFIED_LABEL_ONLY
Jenkins,period:32c02d32a3c87111d752,2021-06-25 21:33:16+00:00,,,QUALIFIED_LABEL_ONLY
Jenkins,period:4f8f85e36ba842416702,2021-07-02 21:10:28+00:00,,,QUALIFIED_LABEL_ONLY
Jenkins,period:490dcd8b072f0c76bfcd,2021-07-09 21:35:31+00:00,,,QUALIFIED_LABEL_ONLY
Jenkins,period:3921ed3cc984afb56c50,2022-01-14 21:26:31+00:00,,,QUALIFIED_LABEL_ONLY
Jenkins,period:ea5caa919fbd4b75da18,2022-01-21 21:45:47+00:00,,,QUALIFIED_LABEL_ONLY
Jenkins,period:5a26c3b6318c7b633520,2022-02-05 20:33:18+00:00,,,QUALIFIED_LABEL_ONLY
Jenkins,period:44168f74464b99791ba3,2022-02-12 20:53:38+00:00,,,QUALIFIED_LABEL_ONLY
Jenkins,period:466f661effb9208a840b,2022-02-19 20:54:27+00:00,,,QUALIFIED_LABEL_ONLY
Jenkins,period:4138ca482beb4344e9ad,2022-02-25 22:37:00+00:00,,,QUALIFIED_LABEL_ONLY
Jenkins,period:7a928b9ecc895d38667e,2022-03-05 21:01:58+00:00,,,QUALIFIED_LABEL_ONLY
Jenkins,period:bfbcb255cff7d2c3894f,2022-03-12 21:07:29+00:00,,,QUALIFIED_LABEL_ONLY
Jenkins,period:9a704a25f780f56ebe1b,2022-03-19 19:32:42+00:00,,,QUALIFIED_LABEL_ONLY
Jenkins,period:2543e9e0dda5edca0977,2022-03-25 20:43:57+00:00,,,QUALIFIED_LABEL_ONLY
Jensen,period:01bed218199c5fc6a295,2020-01-25 21:37:53+00:00,,,QUALIFIED_LABEL_ONLY
Jensen,period:18c306f73901eb8e548e,2020-02-01 21:36:35+00:00,,,QUALIFIED_LABEL_ONLY
Jensen,period:bd2e80371da37619c695,2020-02-08 21:30:18+00:00,,,QUALIFIED_LABEL_ONLY
Jensen,period:94dc307a169a4236f643,2020-02-15 21:33:19+00:00,,,QUALIFIED_LABEL_ONLY
Jensen,period:90cc39f891e2dbcab3ef,2020-02-22 21:37:14+00:00,,,QUALIFIED_LABEL_ONLY
Jensen,period:cb03c621696fc2e91764,2020-02-29 21:26:53+00:00,,,QUALIFIED_LABEL_ONLY
Jensen,period:14606e5066005561df07,2020-03-07 21:40:12+00:00,,,QUALIFIED_LABEL_ONLY
Jensen,period:b2e2840d56c789b5030c,2020-03-21 20:18:48+00:00,,,QUALIFIED_LABEL_ONLY
Jensen,period:666de7dcc2eb91211639,2020-03-28 20:29:42+00:00,,,QUALIFIED_LABEL_ONLY
Jensen,period:1970df0ebd4246c6ea3b,2020-06-13 00:40:51+00:00,,,QUALIFIED_LABEL_ONLY
Jensen,period:3968b01a861a52d381a8,2020-06-20 00:31:26+00:00,,,QUALIFIED_LABEL_ONLY
Jensen,period:642a5bb7deff76d164b5,2020-06-27 00:39:52+00:00,,,QUALIFIED_LABEL_ONLY
Jensen,period:7813fa8e90f59320de07,2020-07-04 00:21:06+00:00,,,QUALIFIED_LABEL_ONLY
Jensen,period:1e2c5a7144cf9a8bc308,2020-07-11 00:50:27+00:00,,,QUALIFIED_LABEL_ONLY
Jensen,period:2d69b4a154591d5cca77,2020-07-18 00:30:49+00:00,,,QUALIFIED_LABEL_ONLY
Jensen,period:fe3df3b5886d9a4a5234,2020-07-25 00:38:07+00:00,,,QUALIFIED_LABEL_ONLY
Jensen,period:3e89f4975798019beec8,2020-08-01 00:35:44+00:00,,,QUALIFIED_LABEL_ONLY
Jensen,period:9cfbd3e5ecdd20626eed,2020-08-08 00:43:41+00:00,,,QUALIFIED_LABEL_ONLY
Jensen,period:38cb400566e2a3aee1c8,2020-08-20 19:31:44+00:00,,,QUALIFIED_LABEL_ONLY
Jensen,period:53a986e97c4e64053db8,2020-08-29 19:32:38+00:00,,,QUALIFIED_LABEL_ONLY
Jensen,period:c131bd9da535908c94f0,2020-09-05 19:31:41+00:00,,,QUALIFIED_LABEL_ONLY
Jensen,period:fcb777e33a04482e7bfb,2021-01-15 23:10:17+00:00,,,QUALIFIED_LABEL_ONLY
Jensen,period:2e302fc7c4bd7a4b3864,2021-01-22 22:29:56+00:00,,,QUALIFIED_LABEL_ONLY
Jensen,period:9b9f3f2ec839feb3a947,2021-01-29 22:28:31+00:00,,,QUALIFIED_LABEL_ONLY
Jensen,period:7c66db573c65177b96bf,2021-02-05 22:24:44+00:00,,,QUALIFIED_LABEL_ONLY
Jensen,period:19d1212ec047ea2c2e1c,2021-02-12 22:29:59+00:00,,,QUALIFIED_LABEL_ONLY
Jensen,period:577ed5ecd652eb981e79,2021-02-19 22:21:31+00:00,,,QUALIFIED_LABEL_ONLY
Jensen,period:3482fd65afd711052651,2021-02-26 22:23:25+00:00,,,QUALIFIED_LABEL_ONLY
Jensen,period:433079f36e14953ffe3e,2021-03-05 22:15:28+00:00,,,QUALIFIED_LABEL_ONLY
Jensen,period:2eea81e5fabdc42a729f,2021-03-12 22:24:45+00:00,,,QUALIFIED_LABEL_ONLY
Jensen,period:4a6e60b4d46361a99310,2021-03-20 19:21:03+00:00,,,QUALIFIED_LABEL_ONLY
Jensen,period:8e2682918e14580d212b,2021-04-03 19:17:31+00:00,,,QUALIFIED_LABEL_ONLY
Jensen,period:759dd00fd0d693b754cc,2021-04-10 19:41:22+00:00,,,QUALIFIED_LABEL_ONLY
Jensen,period:debddf61a872640eadfb,2021-06-04 22:02:02+00:00,,,QUALIFIED_LABEL_ONLY
Jensen,period:24ddb9953986c3386cb5,2021-06-11 21:37:50+00:00,,,QUALIFIED_LABEL_ONLY
Jensen,period:111e9dfa6ccd70cbab3b,2021-06-18 21:02:38+00:00,,,QUALIFIED_LABEL_ONLY
Jensen,period:32c02d32a3c87111d752,2021-06-25 21:33:16+00:00,,,QUALIFIED_LABEL_ONLY
Jensen,period:4f8f85e36ba842416702,2021-07-02 21:10:28+00:00,,,QUALIFIED_LABEL_ONLY
Jensen,period:490dcd8b072f0c76bfcd,2021-07-09 21:35:31+00:00,,,QUALIFIED_LABEL_ONLY
Jensen,period:5ede35b384e34b4e7cf7,2021-07-16 21:20:22+00:00,,,QUALIFIED_LABEL_ONLY
Jensen,period:5befa75590802ab7de54,2021-07-23 20:58:06+00:00,,,QUALIFIED_LABEL_ONLY
Jensen,period:afb91f11a5c9c66cc35b,2021-07-30 21:12:55+00:00,,,QUALIFIED_LABEL_ONLY
Jensen,period:a8f8fd7e2f96bbacb87c,2021-08-07 20:23:28+00:00,,,QUALIFIED_LABEL_ONLY
Jensen,period:3951db25bbaff1ec59cd,2021-08-12 21:13:39+00:00,,,QUALIFIED_LABEL_ONLY
Jensen,period:7c5e83ab4c6a7ca8c86a,2021-08-19 21:11:40+00:00,,,QUALIFIED_LABEL_ONLY
Jensen,period:dbb9ba645ae8a19c6555,2021-08-28 19:41:05+00:00,,,QUALIFIED_LABEL_ONLY
Jensen,period:4c81af754b6b135da741,2022-06-17 21:46:00+00:00,,,QUALIFIED_LABEL_ONLY
Jensen,period:9098ed2cd53d3e50498b,2022-06-25 20:09:54+00:00,,,QUALIFIED_LABEL_ONLY
Jensen,period:bd5d15bd6830501052ed,2022-07-02 20:14:47+00:00,,,QUALIFIED_LABEL_ONLY
Jensen,period:a1385753e89a22ad7415,2022-07-16 20:31:00+00:00,,,QUALIFIED_LABEL_ONLY
Jensen,period:d36d780bd6e08d095d27,2022-07-23 20:43:00+00:00,,,QUALIFIED_LABEL_ONLY
Jensen,period:ab4c55f2271a097a29e2,2022-07-30 20:03:25+00:00,,,QUALIFIED_LABEL_ONLY
Jensen,period:9310314000d1dccfe6ae,2022-08-06 20:08:43+00:00,,,QUALIFIED_LABEL_ONLY
Jensen,period:e268d0eb9109f8185a29,2022-08-12 20:55:46+00:00,,,QUALIFIED_LABEL_ONLY
Jensen,period:fcd21c282bb6eb984919,2022-08-20 19:32:26+00:00,,,QUALIFIED_LABEL_ONLY
Jensen,period:f6ad6d70568c5aa4ddb9,2022-08-25 19:37:29+00:00,,,QUALIFIED_LABEL_ONLY
Jensen,period:f14a4fb0f93da34e9201,2022-09-01 19:27:30+00:00,,,QUALIFIED_LABEL_ONLY
Jensen,period:f4e76c51fd962159c780,2022-09-10 19:07:58+00:00,,,QUALIFIED_LABEL_ONLY
Jensen,period:452655f2bc33b5b76085,2023-01-26 22:16:48+00:00,,,QUALIFIED_LABEL_ONLY
Jensen,period:9ad2bd3e76204c678ee3,2023-02-02 22:06:55+00:00,,,QUALIFIED_LABEL_ONLY
Jensen,period:5193f604ed2f15e301e1,2023-02-09 22:07:17+00:00,,,QUALIFIED_LABEL_ONLY
Jensen,period:2b3de7782bdf56dc82d0,2023-02-15 22:07:50+00:00,,,QUALIFIED_LABEL_ONLY
Jensen,period:36d3f31311f21e914d55,2023-02-23 22:06:52+00:00,,,QUALIFIED_LABEL_ONLY
Jensen,period:83278694723ba910058b,2023-03-02 22:08:20+00:00,,,QUALIFIED_LABEL_ONLY
Jensen,period:402a134be7abbe005149,2023-03-09 22:22:41+00:00,,,QUALIFIED_LABEL_ONLY
Jensen,period:8d9d5d3f36e034ced562,2023-03-15 21:07:53+00:00,,,QUALIFIED_LABEL_ONLY
Jensen,period:3943367d2ce567a9fae3,2023-06-14 21:13:03+00:00,,,QUALIFIED_LABEL_ONLY
Jensen,period:f2ee99995367bf0fc030,2023-06-21 21:07:31+00:00,,,QUALIFIED_LABEL_ONLY
Jensen,period:c790283b449e6bb25672,2023-06-28 21:06:50+00:00,,,QUALIFIED_LABEL_ONLY
Jensen,period:ff185424af4133395119,2023-07-05 21:05:49+00:00,,,QUALIFIED_LABEL_ONLY
Jensen,period:36cf05276a8bbe55409a,2023-07-12 21:06:58+00:00,,,QUALIFIED_LABEL_ONLY
Jensen,period:dd1399a0cf2f56138daa,2023-07-19 21:07:18+00:00,,,QUALIFIED_LABEL_ONLY
Jensen,period:4520b87081b51698489a,2023-08-03 21:07:08+00:00,,,QUALIFIED_LABEL_ONLY
Jensen,period:a7fd1e72d2ba831ccc8d,2023-08-10 21:10:37+00:00,,,QUALIFIED_LABEL_ONLY
Jensen,period:27c11f42e65c97b901b8,2024-01-20 20:15:01+00:00,,,QUALIFIED_LABEL_ONLY
Jensen,period:ab546300266e49331659,2024-01-27 20:15:48+00:00,,,QUALIFIED_LABEL_ONLY
Jensen,period:f82eb58c594ccc349383,2024-02-02 21:12:22+00:00,,,QUALIFIED_LABEL_ONLY
Jensen,period:06566a2ea584fecf6c15,2024-02-10 21:07:54+00:00,,,QUALIFIED_LABEL_ONLY
Jensen,period:789a06731adc1e0c8798,2024-03-02 21:07:29+00:00,,,QUALIFIED_LABEL_ONLY
Jensen,period:a0f9da327c11cf3cc717,2024-03-08 21:07:46+00:00,,,QUALIFIED_LABEL_ONLY
Jensen,period:448a8f91622619afdbe7,2024-03-14 20:08:02+00:00,,,QUALIFIED_LABEL_ONLY
Jensen,period:18a8b98d7b5d7f0b7105,2024-03-22 20:08:04+00:00,,,QUALIFIED_LABEL_ONLY
Jensen,period:0c3bfca85acd014e625d,2024-03-30 20:22:30+00:00,,,QUALIFIED_LABEL_ONLY
Jensen,period:697d8a8453920f1ff1c8,2024-06-15 20:11:50+00:00,,,QUALIFIED_LABEL_ONLY
Jensen,period:ea10f8bb7f189dc4197a,2024-06-22 20:11:50+00:00,,,QUALIFIED_LABEL_ONLY
Jensen,period:fb51ebc6418ce68c46c6,2024-06-27 20:07:21+00:00,,,QUALIFIED_LABEL_ONLY
Jensen,period:0f3dd675ff7b55987f43,2024-07-20 20:10:15+00:00,,,QUALIFIED_LABEL_ONLY
Jensen,period:29c7eddc03e68fe96070,2024-07-27 20:09:19+00:00,,,QUALIFIED_LABEL_ONLY
Jensen,period:03ffd32cfddfafb63d73,2024-08-03 20:08:15+00:00,,,QUALIFIED_LABEL_ONLY
Jensen,period:cdd6b3ae49979eef3d9f,2024-08-10 20:07:50+00:00,,,QUALIFIED_LABEL_ONLY
Jensen,period:5218e82018c8910d187b,2024-08-17 20:07:21+00:00,,,QUALIFIED_LABEL_ONLY
Jensen,period:c0a1c4ffff2a32aacb10,2024-08-23 20:07:51+00:00,,,QUALIFIED_LABEL_ONLY
Jensen,period:3685f26c9338932445a9,2024-08-30 20:08:40+00:00,,,QUALIFIED_LABEL_ONLY
Jiizuke,period:01bed218199c5fc6a295,2020-01-25 21:37:53+00:00,,,QUALIFIED_LABEL_ONLY
Jiizuke,period:18c306f73901eb8e548e,2020-02-01 21:36:35+00:00,,,QUALIFIED_LABEL_ONLY
Jiizuke,period:bd2e80371da37619c695,2020-02-08 21:30:18+00:00,,,QUALIFIED_LABEL_ONLY
Jiizuke,period:94dc307a169a4236f643,2020-02-15 21:33:19+00:00,,,QUALIFIED_LABEL_ONLY
Jiizuke,period:90cc39f891e2dbcab3ef,2020-02-22 21:37:14+00:00,,,QUALIFIED_LABEL_ONLY
Jiizuke,period:cb03c621696fc2e91764,2020-02-29 21:26:53+00:00,,,QUALIFIED_LABEL_ONLY
Jiizuke,period:14606e5066005561df07,2020-03-07 21:40:12+00:00,,,QUALIFIED_LABEL_ONLY
Jiizuke,period:b2e2840d56c789b5030c,2020-03-21 20:18:48+00:00,,,QUALIFIED_LABEL_ONLY
Jiizuke,period:666de7dcc2eb91211639,2020-03-28 20:29:42+00:00,,,QUALIFIED_LABEL_ONLY
Jiizuke,period:5a2658b56ec5d5c6a04d,2020-04-04 19:44:42+00:00,,,QUALIFIED_LABEL_ONLY
Jiizuke,period:be73ead0e53874776373,2020-04-18 19:37:34+00:00,,,QUALIFIED_LABEL_ONLY
Jiizuke,period:1970df0ebd4246c6ea3b,2020-06-13 00:40:51+00:00,,,QUALIFIED_LABEL_ONLY
Jiizuke,period:3968b01a861a52d381a8,2020-06-20 00:31:26+00:00,,,QUALIFIED_LABEL_ONLY
Jiizuke,period:642a5bb7deff76d164b5,2020-06-27 00:39:52+00:00,,,QUALIFIED_LABEL_ONLY
Jiizuke,period:7813fa8e90f59320de07,2020-07-04 00:21:06+00:00,,,QUALIFIED_LABEL_ONLY
Jiizuke,period:1e2c5a7144cf9a8bc308,2020-07-11 00:50:27+00:00,,,QUALIFIED_LABEL_ONLY
Jiizuke,period:fcb777e33a04482e7bfb,2021-01-15 23:10:17+00:00,,,QUALIFIED_LABEL_ONLY
Jiizuke,period:2e302fc7c4bd7a4b3864,2021-01-22 22:29:56+00:00,,,QUALIFIED_LABEL_ONLY
Jiizuke,period:9b9f3f2ec839feb3a947,2021-01-29 22:28:31+00:00,,,QUALIFIED_LABEL_ONLY
Jiizuke,period:7c66db573c65177b96bf,2021-02-05 22:24:44+00:00,,,QUALIFIED_LABEL_ONLY
Jiizuke,period:19d1212ec047ea2c2e1c,2021-02-12 22:29:59+00:00,,,QUALIFIED_LABEL_ONLY
Jiizuke,period:577ed5ecd652eb981e79,2021-02-19 22:21:31+00:00,,,QUALIFIED_LABEL_ONLY
Jiizuke,period:3482fd65afd711052651,2021-02-26 22:23:25+00:00,,,QUALIFIED_LABEL_ONLY
Jiizuke,period:433079f36e14953ffe3e,2021-03-05 22:15:28+00:00,,,QUALIFIED_LABEL_ONLY
Jiizuke,period:2eea81e5fabdc42a729f,2021-03-12 22:24:45+00:00,,,QUALIFIED_LABEL_ONLY
Jiizuke,period:22dfd57f1594beeba715,2021-03-27 19:16:36+00:00,,,QUALIFIED_LABEL_ONLY
Jiizuke,period:debddf61a872640eadfb,2021-06-04 22:02:02+00:00,,,QUALIFIED_LABEL_ONLY
Jiizuke,period:24ddb9953986c3386cb5,2021-06-11 21:37:50+00:00,,,QUALIFIED_LABEL_ONLY
Jiizuke,period:111e9dfa6ccd70cbab3b,2021-06-18 21:02:38+00:00,,,QUALIFIED_LABEL_ONLY
Jiizuke,period:32c02d32a3c87111d752,2021-06-25 21:33:16+00:00,,,QUALIFIED_LABEL_ONLY
Jiizuke,period:4f8f85e36ba842416702,2021-07-02 21:10:28+00:00,,,QUALIFIED_LABEL_ONLY
Jiizuke,period:490dcd8b072f0c76bfcd,2021-07-09 21:35:31+00:00,,,QUALIFIED_LABEL_ONLY
Jiizuke,period:5ede35b384e34b4e7cf7,2021-07-16 21:20:22+00:00,,,QUALIFIED_LABEL_ONLY
Jiizuke,period:5befa75590802ab7de54,2021-07-23 20:58:06+00:00,,,QUALIFIED_LABEL_ONLY
Jiizuke,period:afb91f11a5c9c66cc35b,2021-07-30 21:12:55+00:00,,,QUALIFIED_LABEL_ONLY
Jiizuke,period:a8f8fd7e2f96bbacb87c,2021-08-07 20:23:28+00:00,,,QUALIFIED_LABEL_ONLY
Jiizuke,period:3951db25bbaff1ec59cd,2021-08-12 21:13:39+00:00,,,QUALIFIED_LABEL_ONLY
Jiizuke,period:7c5e83ab4c6a7ca8c86a,2021-08-19 21:11:40+00:00,,,QUALIFIED_LABEL_ONLY
Joey,period:fcb777e33a04482e7bfb,2021-01-15 23:10:17+00:00,,,QUALIFIED_LABEL_ONLY
Joey,period:2e302fc7c4bd7a4b3864,2021-01-22 22:29:56+00:00,,,QUALIFIED_LABEL_ONLY
Joey,period:2543e9e0dda5edca0977,2022-03-25 20:43:57+00:00,,,QUALIFIED_LABEL_ONLY
Johnsun,period:01bed218199c5fc6a295,2020-01-25 21:37:53+00:00,,,QUALIFIED_LABEL_ONLY
Johnsun,period:18c306f73901eb8e548e,2020-02-01 21:36:35+00:00,,,QUALIFIED_LABEL_ONLY
Johnsun,period:bd2e80371da37619c695,2020-02-08 21:30:18+00:00,,,QUALIFIED_LABEL_ONLY
Johnsun,period:94dc307a169a4236f643,2020-02-15 21:33:19+00:00,,,QUALIFIED_LABEL_ONLY
Johnsun,period:90cc39f891e2dbcab3ef,2020-02-22 21:37:14+00:00,,,QUALIFIED_LABEL_ONLY
Johnsun,period:cb03c621696fc2e91764,2020-02-29 21:26:53+00:00,,,QUALIFIED_LABEL_ONLY
Johnsun,period:14606e5066005561df07,2020-03-07 21:40:12+00:00,,,QUALIFIED_LABEL_ONLY
Johnsun,period:b2e2840d56c789b5030c,2020-03-21 20:18:48+00:00,,,QUALIFIED_LABEL_ONLY
Johnsun,period:666de7dcc2eb91211639,2020-03-28 20:29:42+00:00,,,QUALIFIED_LABEL_ONLY
Johnsun,period:1970df0ebd4246c6ea3b,2020-06-13 00:40:51+00:00,,,QUALIFIED_LABEL_ONLY
Johnsun,period:3968b01a861a52d381a8,2020-06-20 00:31:26+00:00,,,QUALIFIED_LABEL_ONLY
Johnsun,period:642a5bb7deff76d164b5,2020-06-27 00:39:52+00:00,,,QUALIFIED_LABEL_ONLY
Johnsun,period:7813fa8e90f59320de07,2020-07-04 00:21:06+00:00,,,QUALIFIED_LABEL_ONLY
Johnsun,period:1e2c5a7144cf9a8bc308,2020-07-11 00:50:27+00:00,,,QUALIFIED_LABEL_ONLY
Johnsun,period:2d69b4a154591d5cca77,2020-07-18 00:30:49+00:00,,,QUALIFIED_LABEL_ONLY
Johnsun,period:fe3df3b5886d9a4a5234,2020-07-25 00:38:07+00:00,,,QUALIFIED_LABEL_ONLY
Johnsun,period:3e89f4975798019beec8,2020-08-01 00:35:44+00:00,,,QUALIFIED_LABEL_ONLY
Johnsun,period:9cfbd3e5ecdd20626eed,2020-08-08 00:43:41+00:00,,,QUALIFIED_LABEL_ONLY
Johnsun,period:0836494c11a0b381c084,2020-08-13 19:38:23+00:00,,,QUALIFIED_LABEL_ONLY
Johnsun,period:fcb777e33a04482e7bfb,2021-01-15 23:10:17+00:00,,,QUALIFIED_LABEL_ONLY
Johnsun,period:2e302fc7c4bd7a4b3864,2021-01-22 22:29:56+00:00,,,QUALIFIED_LABEL_ONLY
Johnsun,period:7c66db573c65177b96bf,2021-02-05 22:24:44+00:00,,,QUALIFIED_LABEL_ONLY
Johnsun,period:19d1212ec047ea2c2e1c,2021-02-12 22:29:59+00:00,,,QUALIFIED_LABEL_ONLY
Johnsun,period:577ed5ecd652eb981e79,2021-02-19 22:21:31+00:00,,,QUALIFIED_LABEL_ONLY
Johnsun,period:3482fd65afd711052651,2021-02-26 22:23:25+00:00,,,QUALIFIED_LABEL_ONLY
Johnsun,period:433079f36e14953ffe3e,2021-03-05 22:15:28+00:00,,,QUALIFIED_LABEL_ONLY
Johnsun,period:2eea81e5fabdc42a729f,2021-03-12 22:24:45+00:00,,,QUALIFIED_LABEL_ONLY
Johnsun,period:debddf61a872640eadfb,2021-06-04 22:02:02+00:00,,,QUALIFIED_LABEL_ONLY
Johnsun,period:24ddb9953986c3386cb5,2021-06-11 21:37:50+00:00,,,QUALIFIED_LABEL_ONLY
Johnsun,period:111e9dfa6ccd70cbab3b,2021-06-18 21:02:38+00:00,,,QUALIFIED_LABEL_ONLY
Johnsun,period:32c02d32a3c87111d752,2021-06-25 21:33:16+00:00,,,QUALIFIED_LABEL_ONLY
Johnsun,period:4f8f85e36ba842416702,2021-07-02 21:10:28+00:00,,,QUALIFIED_LABEL_ONLY
Johnsun,period:3921ed3cc984afb56c50,2022-01-14 21:26:31+00:00,,,QUALIFIED_LABEL_ONLY
Johnsun,period:ea5caa919fbd4b75da18,2022-01-21 21:45:47+00:00,,,QUALIFIED_LABEL_ONLY
Johnsun,period:5a26c3b6318c7b633520,2022-02-05 20:33:18+00:00,,,QUALIFIED_LABEL_ONLY
Johnsun,period:44168f74464b99791ba3,2022-02-12 20:53:38+00:00,,,QUALIFIED_LABEL_ONLY
Johnsun,period:466f661effb9208a840b,2022-02-19 20:54:27+00:00,,,QUALIFIED_LABEL_ONLY
Johnsun,period:4138ca482beb4344e9ad,2022-02-25 22:37:00+00:00,,,QUALIFIED_LABEL_ONLY
Johnsun,period:7a928b9ecc895d38667e,2022-03-05 21:01:58+00:00,,,QUALIFIED_LABEL_ONLY
Johnsun,period:bfbcb255cff7d2c3894f,2022-03-12 21:07:29+00:00,,,QUALIFIED_LABEL_ONLY
Johnsun,period:9a704a25f780f56ebe1b,2022-03-19 19:32:42+00:00,,,QUALIFIED_LABEL_ONLY
Johnsun,period:2543e9e0dda5edca0977,2022-03-25 20:43:57+00:00,,,QUALIFIED_LABEL_ONLY
Johnsun,period:feb156c0b7ef67e8a92a,2022-04-09 20:43:33+00:00,,,QUALIFIED_LABEL_ONLY
Johnsun,period:4c81af754b6b135da741,2022-06-17 21:46:00+00:00,,,QUALIFIED_LABEL_ONLY
Johnsun,period:9098ed2cd53d3e50498b,2022-06-25 20:09:54+00:00,,,QUALIFIED_LABEL_ONLY
Johnsun,period:bd5d15bd6830501052ed,2022-07-02 20:14:47+00:00,,,QUALIFIED_LABEL_ONLY
Johnsun,period:a1385753e89a22ad7415,2022-07-16 20:31:00+00:00,,,QUALIFIED_LABEL_ONLY
Johnsun,period:d36d780bd6e08d095d27,2022-07-23 20:43:00+00:00,,,QUALIFIED_LABEL_ONLY
Johnsun,period:ab4c55f2271a097a29e2,2022-07-30 20:03:25+00:00,,,QUALIFIED_LABEL_ONLY
Johnsun,period:9310314000d1dccfe6ae,2022-08-06 20:08:43+00:00,,,QUALIFIED_LABEL_ONLY
Johnsun,period:e268d0eb9109f8185a29,2022-08-12 20:55:46+00:00,,,QUALIFIED_LABEL_ONLY
Johnsun,period:fcd21c282bb6eb984919,2022-08-20 19:32:26+00:00,,,QUALIFIED_LABEL_ONLY
Johnsun,period:f6ad6d70568c5aa4ddb9,2022-08-25 19:37:29+00:00,,,QUALIFIED_LABEL_ONLY
Jojopyun,period:3921ed3cc984afb56c50,2022-01-14 21:26:31+00:00,,,QUALIFIED_LABEL_ONLY
Jojopyun,period:ea5caa919fbd4b75da18,2022-01-21 21:45:47+00:00,,,QUALIFIED_LABEL_ONLY
Jojopyun,period:3b01aa4d9786587a33b3,2022-01-28 21:53:04+00:00,,,QUALIFIED_LABEL_ONLY
Jojopyun,period:5a26c3b6318c7b633520,2022-02-05 20:33:18+00:00,,,QUALIFIED_LABEL_ONLY
Jojopyun,period:44168f74464b99791ba3,2022-02-12 20:53:38+00:00,,,QUALIFIED_LABEL_ONLY
Jojopyun,period:466f661effb9208a840b,2022-02-19 20:54:27+00:00,,,QUALIFIED_LABEL_ONLY
Jojopyun,period:4138ca482beb4344e9ad,2022-02-25 22:37:00+00:00,,,QUALIFIED_LABEL_ONLY
Jojopyun,period:7a928b9ecc895d38667e,2022-03-05 21:01:58+00:00,,,QUALIFIED_LABEL_ONLY
Jojopyun,period:bfbcb255cff7d2c3894f,2022-03-12 21:07:29+00:00,,,QUALIFIED_LABEL_ONLY
Jojopyun,period:9a704a25f780f56ebe1b,2022-03-19 19:32:42+00:00,,,QUALIFIED_LABEL_ONLY
Jojopyun,period:2543e9e0dda5edca0977,2022-03-25 20:43:57+00:00,,,QUALIFIED_LABEL_ONLY
Jojopyun,period:95c58b937c0fcc3e92b9,2022-04-02 20:00:26+00:00,,,QUALIFIED_LABEL_ONLY
Jojopyun,period:feb156c0b7ef67e8a92a,2022-04-09 20:43:33+00:00,,,QUALIFIED_LABEL_ONLY
Jojopyun,period:8e4979ebdc36578e98ba,2022-04-16 20:06:15+00:00,,,QUALIFIED_LABEL_ONLY
Jojopyun,period:8036ed58940a8d2ab607,2022-04-23 18:36:24+00:00,,,QUALIFIED_LABEL_ONLY
Jojopyun,period:4c81af754b6b135da741,2022-06-17 21:46:00+00:00,,,QUALIFIED_LABEL_ONLY
Jojopyun,period:9098ed2cd53d3e50498b,2022-06-25 20:09:54+00:00,,,QUALIFIED_LABEL_ONLY
Jojopyun,period:bd5d15bd6830501052ed,2022-07-02 20:14:47+00:00,,,QUALIFIED_LABEL_ONLY
Jojopyun,period:a1385753e89a22ad7415,2022-07-16 20:31:00+00:00,,,QUALIFIED_LABEL_ONLY
Jojopyun,period:d36d780bd6e08d095d27,2022-07-23 20:43:00+00:00,,,QUALIFIED_LABEL_ONLY
Jojopyun,period:ab4c55f2271a097a29e2,2022-07-30 20:03:25+00:00,,,QUALIFIED_LABEL_ONLY
Jojopyun,period:9310314000d1dccfe6ae,2022-08-06 20:08:43+00:00,,,QUALIFIED_LABEL_ONLY
Jojopyun,period:e268d0eb9109f8185a29,2022-08-12 20:55:46+00:00,,,QUALIFIED_LABEL_ONLY
Jojopyun,period:f6ad6d70568c5aa4ddb9,2022-08-25 19:37:29+00:00,,,QUALIFIED_LABEL_ONLY
Jojopyun,period:f14a4fb0f93da34e9201,2022-09-01 19:27:30+00:00,,,QUALIFIED_LABEL_ONLY
Jojopyun,period:f4e76c51fd962159c780,2022-09-10 19:07:58+00:00,,,QUALIFIED_LABEL_ONLY
Jojopyun,period:452655f2bc33b5b76085,2023-01-26 22:16:48+00:00,,,QUALIFIED_LABEL_ONLY
Jojopyun,period:9ad2bd3e76204c678ee3,2023-02-02 22:06:55+00:00,,,QUALIFIED_LABEL_ONLY
Jojopyun,period:5193f604ed2f15e301e1,2023-02-09 22:07:17+00:00,,,QUALIFIED_LABEL_ONLY
Jojopyun,period:2b3de7782bdf56dc82d0,2023-02-15 22:07:50+00:00,,,QUALIFIED_LABEL_ONLY
Jojopyun,period:36d3f31311f21e914d55,2023-02-23 22:06:52+00:00,,,QUALIFIED_LABEL_ONLY
Jojopyun,period:83278694723ba910058b,2023-03-02 22:08:20+00:00,,,QUALIFIED_LABEL_ONLY
Jojopyun,period:402a134be7abbe005149,2023-03-09 22:22:41+00:00,,,QUALIFIED_LABEL_ONLY
Jojopyun,period:8d9d5d3f36e034ced562,2023-03-15 21:07:53+00:00,,,QUALIFIED_LABEL_ONLY
Jojopyun,period:d990ac8b125022094901,2023-03-23 21:10:53+00:00,,,QUALIFIED_LABEL_ONLY
Jojopyun,period:d33d87118e30f5daa86a,2023-03-30 21:09:21+00:00,,,QUALIFIED_LABEL_ONLY
Jojopyun,period:3943367d2ce567a9fae3,2023-06-14 21:13:03+00:00,,,QUALIFIED_LABEL_ONLY
Jojopyun,period:f2ee99995367bf0fc030,2023-06-21 21:07:31+00:00,,,QUALIFIED_LABEL_ONLY
Jojopyun,period:c790283b449e6bb25672,2023-06-28 21:06:50+00:00,,,QUALIFIED_LABEL_ONLY
Jojopyun,period:ff185424af4133395119,2023-07-05 21:05:49+00:00,,,QUALIFIED_LABEL_ONLY
Jojopyun,period:36cf05276a8bbe55409a,2023-07-12 21:06:58+00:00,,,QUALIFIED_LABEL_ONLY
Jojopyun,period:dd1399a0cf2f56138daa,2023-07-19 21:07:18+00:00,,,QUALIFIED_LABEL_ONLY
Jojopyun,period:67a5ff4d5b051b402092,2023-07-27 21:07:41+00:00,,,QUALIFIED_LABEL_ONLY
Jojopyun,period:4520b87081b51698489a,2023-08-03 21:07:08+00:00,,,QUALIFIED_LABEL_ONLY
Jojopyun,period:a7fd1e72d2ba831ccc8d,2023-08-10 21:10:37+00:00,,,QUALIFIED_LABEL_ONLY
Jojopyun,period:27c11f42e65c97b901b8,2024-01-20 20:15:01+00:00,,,QUALIFIED_LABEL_ONLY
Jojopyun,period:ab546300266e49331659,2024-01-27 20:15:48+00:00,,,QUALIFIED_LABEL_ONLY
Jojopyun,period:f82eb58c594ccc349383,2024-02-02 21:12:22+00:00,,,QUALIFIED_LABEL_ONLY
Jojopyun,period:06566a2ea584fecf6c15,2024-02-10 21:07:54+00:00,,,QUALIFIED_LABEL_ONLY
Jojopyun,period:789a06731adc1e0c8798,2024-03-02 21:07:29+00:00,,,QUALIFIED_LABEL_ONLY
Jojopyun,period:a0f9da327c11cf3cc717,2024-03-08 21:07:46+00:00,,,QUALIFIED_LABEL_ONLY
Jojopyun,period:448a8f91622619afdbe7,2024-03-14 20:08:02+00:00,,,QUALIFIED_LABEL_ONLY
Jojopyun,period:18a8b98d7b5d7f0b7105,2024-03-22 20:08:04+00:00,,,QUALIFIED_LABEL_ONLY
Jojopyun,period:0c3bfca85acd014e625d,2024-03-30 20:22:30+00:00,,,QUALIFIED_LABEL_ONLY
Jojopyun,period:697d8a8453920f1ff1c8,2024-06-15 20:11:50+00:00,,,QUALIFIED_LABEL_ONLY
Jojopyun,period:ea10f8bb7f189dc4197a,2024-06-22 20:11:50+00:00,,,QUALIFIED_LABEL_ONLY
Jojopyun,period:fb51ebc6418ce68c46c6,2024-06-27 20:07:21+00:00,,,QUALIFIED_LABEL_ONLY
Jojopyun,period:0f3dd675ff7b55987f43,2024-07-20 20:10:15+00:00,,,QUALIFIED_LABEL_ONLY
Jojopyun,period:29c7eddc03e68fe96070,2024-07-27 20:09:19+00:00,,,QUALIFIED_LABEL_ONLY
Jojopyun,period:03ffd32cfddfafb63d73,2024-08-03 20:08:15+00:00,,,QUALIFIED_LABEL_ONLY
Jojopyun,period:cdd6b3ae49979eef3d9f,2024-08-10 20:07:50+00:00,,,QUALIFIED_LABEL_ONLY
Jojopyun,period:c0a1c4ffff2a32aacb10,2024-08-23 20:07:51+00:00,,,QUALIFIED_LABEL_ONLY
Jojopyun,period:3685f26c9338932445a9,2024-08-30 20:08:40+00:00,,,QUALIFIED_LABEL_ONLY
Josedeodo,period:2e302fc7c4bd7a4b3864,2021-01-22 22:29:56+00:00,,,QUALIFIED_LABEL_ONLY
Josedeodo,period:7c66db573c65177b96bf,2021-02-05 22:24:44+00:00,,,QUALIFIED_LABEL_ONLY
Josedeodo,period:19d1212ec047ea2c2e1c,2021-02-12 22:29:59+00:00,,,QUALIFIED_LABEL_ONLY
Josedeodo,period:577ed5ecd652eb981e79,2021-02-19 22:21:31+00:00,,,QUALIFIED_LABEL_ONLY
Josedeodo,period:3482fd65afd711052651,2021-02-26 22:23:25+00:00,,,QUALIFIED_LABEL_ONLY
Josedeodo,period:433079f36e14953ffe3e,2021-03-05 22:15:28+00:00,,,QUALIFIED_LABEL_ONLY
Josedeodo,period:2eea81e5fabdc42a729f,2021-03-12 22:24:45+00:00,,,QUALIFIED_LABEL_ONLY
Josedeodo,period:debddf61a872640eadfb,2021-06-04 22:02:02+00:00,,,QUALIFIED_LABEL_ONLY
Josedeodo,period:24ddb9953986c3386cb5,2021-06-11 21:37:50+00:00,,,QUALIFIED_LABEL_ONLY
Josedeodo,period:111e9dfa6ccd70cbab3b,2021-06-18 21:02:38+00:00,,,QUALIFIED_LABEL_ONLY
Josedeodo,period:32c02d32a3c87111d752,2021-06-25 21:33:16+00:00,,,QUALIFIED_LABEL_ONLY
Josedeodo,period:4f8f85e36ba842416702,2021-07-02 21:10:28+00:00,,,QUALIFIED_LABEL_ONLY
Josedeodo,period:afb91f11a5c9c66cc35b,2021-07-30 21:12:55+00:00,,,QUALIFIED_LABEL_ONLY
Josedeodo,period:3921ed3cc984afb56c50,2022-01-14 21:26:31+00:00,,,QUALIFIED_LABEL_ONLY
Josedeodo,period:ea5caa919fbd4b75da18,2022-01-21 21:45:47+00:00,,,QUALIFIED_LABEL_ONLY
Josedeodo,period:5a26c3b6318c7b633520,2022-02-05 20:33:18+00:00,,,QUALIFIED_LABEL_ONLY
Josedeodo,period:44168f74464b99791ba3,2022-02-12 20:53:38+00:00,,,QUALIFIED_LABEL_ONLY
Josedeodo,period:466f661effb9208a840b,2022-02-19 20:54:27+00:00,,,QUALIFIED_LABEL_ONLY
Josedeodo,period:4138ca482beb4344e9ad,2022-02-25 22:37:00+00:00,,,QUALIFIED_LABEL_ONLY
Josedeodo,period:7a928b9ecc895d38667e,2022-03-05 21:01:58+00:00,,,QUALIFIED_LABEL_ONLY
Josedeodo,period:bfbcb255cff7d2c3894f,2022-03-12 21:07:29+00:00,,,QUALIFIED_LABEL_ONLY
Josedeodo,period:9a704a25f780f56ebe1b,2022-03-19 19:32:42+00:00,,,QUALIFIED_LABEL_ONLY
Josedeodo,period:2543e9e0dda5edca0977,2022-03-25 20:43:57+00:00,,,QUALIFIED_LABEL_ONLY
Josedeodo,period:feb156c0b7ef67e8a92a,2022-04-09 20:43:33+00:00,,,QUALIFIED_LABEL_ONLY
Josedeodo,period:4c81af754b6b135da741,2022-06-17 21:46:00+00:00,,,QUALIFIED_LABEL_ONLY
Josedeodo,period:9098ed2cd53d3e50498b,2022-06-25 20:09:54+00:00,,,QUALIFIED_LABEL_ONLY
Josedeodo,period:bd5d15bd6830501052ed,2022-07-02 20:14:47+00:00,,,QUALIFIED_LABEL_ONLY
Josedeodo,period:a1385753e89a22ad7415,2022-07-16 20:31:00+00:00,,,QUALIFIED_LABEL_ONLY
Josedeodo,period:d36d780bd6e08d095d27,2022-07-23 20:43:00+00:00,,,QUALIFIED_LABEL_ONLY
Josedeodo,period:ab4c55f2271a097a29e2,2022-07-30 20:03:25+00:00,,,QUALIFIED_LABEL_ONLY
Josedeodo,period:9310314000d1dccfe6ae,2022-08-06 20:08:43+00:00,,,QUALIFIED_LABEL_ONLY
Josedeodo,period:e268d0eb9109f8185a29,2022-08-12 20:55:46+00:00,,,QUALIFIED_LABEL_ONLY
Josedeodo,period:fcd21c282bb6eb984919,2022-08-20 19:32:26+00:00,,,QUALIFIED_LABEL_ONLY
Josedeodo,period:f6ad6d70568c5aa4ddb9,2022-08-25 19:37:29+00:00,,,QUALIFIED_LABEL_ONLY
Josedeodo,period:28d589eedfce312e1ad3,2026-01-24 21:24:34+00:00,,,QUALIFIED_LABEL_ONLY
Josedeodo,period:70fac0200d695853ccdc,2026-01-31 21:07:01+00:00,,,QUALIFIED_LABEL_ONLY
Josedeodo,period:640bff8c4b7983edf208,2026-02-02 00:35:19+00:00,,,QUALIFIED_LABEL_ONLY
Josedeodo,period:b2e5a5987eefaa30eea2,2026-02-07 21:11:32+00:00,,,QUALIFIED_LABEL_ONLY
Josedeodo,period:9c6a0a6efb8480316e54,2026-02-09 00:51:15+00:00,,,QUALIFIED_LABEL_ONLY
Josedeodo,period:d52af7b72997e89c8ea6,2026-02-20 21:09:00+00:00,,,QUALIFIED_LABEL_ONLY
Josedeodo,period:b628e8f047ec274b8698,2026-02-27 21:09:38+00:00,,,QUALIFIED_LABEL_ONLY
Josedeodo,period:74efed7e4a28a304cc30,2026-04-04 20:17:46+00:00,,,QUALIFIED_LABEL_ONLY
Josedeodo,period:fc48b32f725285a09f66,2026-04-11 20:08:26+00:00,,,QUALIFIED_LABEL_ONLY
Josedeodo,period:9ad9f360f988761d91c1,2026-04-18 20:07:45+00:00,,,QUALIFIED_LABEL_ONLY
Josedeodo,period:b0a60cf2f3d3558f5e56,2026-04-25 20:09:02+00:00,,,QUALIFIED_LABEL_ONLY
Josedeodo,period:0a890f671f8ce6bbde59,2026-05-02 20:10:20+00:00,,,QUALIFIED_LABEL_ONLY
Josedeodo,period:bca1e648a46734294b57,2026-05-09 20:08:09+00:00,,,QUALIFIED_LABEL_ONLY
Josedeodo,period:1c76ac6866aa6a71a894,2026-05-16 20:08:36+00:00,,,QUALIFIED_LABEL_ONLY
Josedeodo,period:2ba54fbdb1ed8ce5723d,2026-05-23 20:10:31+00:00,,,QUALIFIED_LABEL_ONLY
Josedeodo,period:646c3784493968152598,2026-05-30 20:10:37+00:00,,,QUALIFIED_LABEL_ONLY
Josedeodo,period:76aa7cb585d2505649ba,2026-06-06 20:09:49+00:00,,,QUALIFIED_LABEL_ONLY
Josedeodo,period:2a0b31a43b9b5e794a24,2026-06-13 20:14:55+00:00,,,QUALIFIED_LABEL_ONLY
Josedeodo,period:5afe139f56d9c0db8f2d,2026-07-25 20:13:30+00:00,,,QUALIFIED_LABEL_ONLY
Kaori,period:f4e76c51fd962159c780,2022-09-10 19:07:58+00:00,,,QUALIFIED_LABEL_ONLY
Keaiduo,period:5a26c3b6318c7b633520,2022-02-05 20:33:18+00:00,,,QUALIFIED_LABEL_ONLY
Keaiduo,period:44168f74464b99791ba3,2022-02-12 20:53:38+00:00,,,QUALIFIED_LABEL_ONLY
Keaiduo,period:466f661effb9208a840b,2022-02-19 20:54:27+00:00,,,QUALIFIED_LABEL_ONLY
Keaiduo,period:4138ca482beb4344e9ad,2022-02-25 22:37:00+00:00,,,QUALIFIED_LABEL_ONLY
Keine,period:ee078790277fa6a5a0ce,2025-01-25 21:14:31+00:00,,,QUALIFIED_LABEL_ONLY
Keine,period:b08144b94745feadc04c,2025-02-01 21:06:58+00:00,,,QUALIFIED_LABEL_ONLY
Keine,period:bcc5730448bc2219d32a,2025-02-09 21:07:49+00:00,,,QUALIFIED_LABEL_ONLY
Keine,period:5a5260defef5072643d0,2025-04-05 20:14:15+00:00,,,QUALIFIED_LABEL_ONLY
Keine,period:fb622d9f67b0d1bacd81,2025-04-12 20:06:56+00:00,,,QUALIFIED_LABEL_ONLY
Keine,period:ab17bbbf5d12cdddc770,2025-04-19 20:08:34+00:00,,,QUALIFIED_LABEL_ONLY
Keine,period:0bd7b62868a6e6fa9a6d,2025-04-26 20:08:33+00:00,,,QUALIFIED_LABEL_ONLY
Keine,period:f91ca0f544586fb72c4d,2025-05-03 20:08:26+00:00,,,QUALIFIED_LABEL_ONLY
Keine,period:92eb584d41521b4a115a,2025-05-10 20:09:23+00:00,,,QUALIFIED_LABEL_ONLY
Keine,period:42a66f8e41011df34073,2025-05-17 20:08:05+00:00,,,QUALIFIED_LABEL_ONLY
Keine,period:540a575a08edacdeb808,2025-05-31 20:08:28+00:00,,,QUALIFIED_LABEL_ONLY
Keine,period:f92170f131413923b84c,2025-07-26 20:10:23+00:00,,,QUALIFIED_LABEL_ONLY
Keine,period:c7231b512ce5dfec31cf,2025-08-02 20:08:18+00:00,,,QUALIFIED_LABEL_ONLY
Keine,period:c139a580fc7ad181ea33,2025-08-09 20:06:58+00:00,,,QUALIFIED_LABEL_ONLY
Keine,period:7c6d5817a7155f3a80bb,2025-08-23 20:06:29+00:00,,,QUALIFIED_LABEL_ONLY
Keith,period:01bed218199c5fc6a295,2020-01-25 21:37:53+00:00,,,QUALIFIED_LABEL_ONLY
Keith,period:18c306f73901eb8e548e,2020-02-01 21:36:35+00:00,,,QUALIFIED_LABEL_ONLY
Keith,period:bd2e80371da37619c695,2020-02-08 21:30:18+00:00,,,QUALIFIED_LABEL_ONLY
Keith,period:94dc307a169a4236f643,2020-02-15 21:33:19+00:00,,,QUALIFIED_LABEL_ONLY
Keith,period:90cc39f891e2dbcab3ef,2020-02-22 21:37:14+00:00,,,QUALIFIED_LABEL_ONLY
Keith,period:cb03c621696fc2e91764,2020-02-29 21:26:53+00:00,,,QUALIFIED_LABEL_ONLY
Keith,period:fcb777e33a04482e7bfb,2021-01-15 23:10:17+00:00,,,QUALIFIED_LABEL_ONLY
Keith,period:2e302fc7c4bd7a4b3864,2021-01-22 22:29:56+00:00,,,QUALIFIED_LABEL_ONLY
Kenvi,period:afb91f11a5c9c66cc35b,2021-07-30 21:12:55+00:00,,,QUALIFIED_LABEL_ONLY
Kenvi,period:4c81af754b6b135da741,2022-06-17 21:46:00+00:00,,,QUALIFIED_LABEL_ONLY
Kenvi,period:9098ed2cd53d3e50498b,2022-06-25 20:09:54+00:00,,,QUALIFIED_LABEL_ONLY
Kenvi,period:bd5d15bd6830501052ed,2022-07-02 20:14:47+00:00,,,QUALIFIED_LABEL_ONLY
Kenvi,period:a1385753e89a22ad7415,2022-07-16 20:31:00+00:00,,,QUALIFIED_LABEL_ONLY
Kenvi,period:d36d780bd6e08d095d27,2022-07-23 20:43:00+00:00,,,QUALIFIED_LABEL_ONLY
Kenvi,period:ab4c55f2271a097a29e2,2022-07-30 20:03:25+00:00,,,QUALIFIED_LABEL_ONLY
Kenvi,period:9310314000d1dccfe6ae,2022-08-06 20:08:43+00:00,,,QUALIFIED_LABEL_ONLY
Kenvi,period:e268d0eb9109f8185a29,2022-08-12 20:55:46+00:00,,,QUALIFIED_LABEL_ONLY
Kenvi,period:452655f2bc33b5b76085,2023-01-26 22:16:48+00:00,,,QUALIFIED_LABEL_ONLY
Kenvi,period:9ad2bd3e76204c678ee3,2023-02-02 22:06:55+00:00,,,QUALIFIED_LABEL_ONLY
Kenvi,period:5193f604ed2f15e301e1,2023-02-09 22:07:17+00:00,,,QUALIFIED_LABEL_ONLY
Kenvi,period:2b3de7782bdf56dc82d0,2023-02-15 22:07:50+00:00,,,QUALIFIED_LABEL_ONLY
Kenvi,period:36d3f31311f21e914d55,2023-02-23 22:06:52+00:00,,,QUALIFIED_LABEL_ONLY
Kenvi,period:83278694723ba910058b,2023-03-02 22:08:20+00:00,,,QUALIFIED_LABEL_ONLY
Kenvi,period:402a134be7abbe005149,2023-03-09 22:22:41+00:00,,,QUALIFIED_LABEL_ONLY
Kenvi,period:8d9d5d3f36e034ced562,2023-03-15 21:07:53+00:00,,,QUALIFIED_LABEL_ONLY
Kenvi,period:3943367d2ce567a9fae3,2023-06-14 21:13:03+00:00,,,QUALIFIED_LABEL_ONLY
Kenvi,period:f2ee99995367bf0fc030,2023-06-21 21:07:31+00:00,,,QUALIFIED_LABEL_ONLY
Kenvi,period:c790283b449e6bb25672,2023-06-28 21:06:50+00:00,,,QUALIFIED_LABEL_ONLY
Kenvi,period:ff185424af4133395119,2023-07-05 21:05:49+00:00,,,QUALIFIED_LABEL_ONLY
Kenvi,period:36cf05276a8bbe55409a,2023-07-12 21:06:58+00:00,,,QUALIFIED_LABEL_ONLY
Kenvi,period:dd1399a0cf2f56138daa,2023-07-19 21:07:18+00:00,,,QUALIFIED_LABEL_ONLY
Kisno,period:28d589eedfce312e1ad3,2026-01-24 21:24:34+00:00,,,QUALIFIED_LABEL_ONLY
Kisno,period:70fac0200d695853ccdc,2026-01-31 21:07:01+00:00,,,QUALIFIED_LABEL_ONLY
Kobbe,period:01bed218199c5fc6a295,2020-01-25 21:37:53+00:00,,,QUALIFIED_LABEL_ONLY
Kobbe,period:18c306f73901eb8e548e,2020-02-01 21:36:35+00:00,,,QUALIFIED_LABEL_ONLY
Kobbe,period:bd2e80371da37619c695,2020-02-08 21:30:18+00:00,,,QUALIFIED_LABEL_ONLY
Kobbe,period:94dc307a169a4236f643,2020-02-15 21:33:19+00:00,,,QUALIFIED_LABEL_ONLY
Kobbe,period:90cc39f891e2dbcab3ef,2020-02-22 21:37:14+00:00,,,QUALIFIED_LABEL_ONLY
Kobbe,period:cb03c621696fc2e91764,2020-02-29 21:26:53+00:00,,,QUALIFIED_LABEL_ONLY
Kobbe,period:14606e5066005561df07,2020-03-07 21:40:12+00:00,,,QUALIFIED_LABEL_ONLY
Kobbe,period:b2e2840d56c789b5030c,2020-03-21 20:18:48+00:00,,,QUALIFIED_LABEL_ONLY
Kobbe,period:666de7dcc2eb91211639,2020-03-28 20:29:42+00:00,,,QUALIFIED_LABEL_ONLY
Kobbe,period:5a2658b56ec5d5c6a04d,2020-04-04 19:44:42+00:00,,,QUALIFIED_LABEL_ONLY
KryRa,period:b2e5a5987eefaa30eea2,2026-02-07 21:11:32+00:00,,,QUALIFIED_LABEL_ONLY
KryRa,period:0433ceb2175e1870c17a,2026-02-14 21:11:50+00:00,,,QUALIFIED_LABEL_ONLY
KryRa,period:d52af7b72997e89c8ea6,2026-02-20 21:09:00+00:00,,,QUALIFIED_LABEL_ONLY
KryRa,period:74efed7e4a28a304cc30,2026-04-04 20:17:46+00:00,,,QUALIFIED_LABEL_ONLY
KryRa,period:fc48b32f725285a09f66,2026-04-11 20:08:26+00:00,,,QUALIFIED_LABEL_ONLY
KryRa,period:9ad9f360f988761d91c1,2026-04-18 20:07:45+00:00,,,QUALIFIED_LABEL_ONLY
KryRa,period:b0a60cf2f3d3558f5e56,2026-04-25 20:09:02+00:00,,,QUALIFIED_LABEL_ONLY
KryRa,period:0a890f671f8ce6bbde59,2026-05-02 20:10:20+00:00,,,QUALIFIED_LABEL_ONLY
KryRa,period:bca1e648a46734294b57,2026-05-09 20:08:09+00:00,,,QUALIFIED_LABEL_ONLY
KryRa,period:1c76ac6866aa6a71a894,2026-05-16 20:08:36+00:00,,,QUALIFIED_LABEL_ONLY
KryRa,period:5afe139f56d9c0db8f2d,2026-07-25 20:13:30+00:00,,,QUALIFIED_LABEL_ONLY
Kumo,period:01bed218199c5fc6a295,2020-01-25 21:37:53+00:00,,,QUALIFIED_LABEL_ONLY
Kumo,period:18c306f73901eb8e548e,2020-02-01 21:36:35+00:00,,,QUALIFIED_LABEL_ONLY
Kumo,period:bd2e80371da37619c695,2020-02-08 21:30:18+00:00,,,QUALIFIED_LABEL_ONLY
Kumo,period:94dc307a169a4236f643,2020-02-15 21:33:19+00:00,,,QUALIFIED_LABEL_ONLY
Kumo,period:90cc39f891e2dbcab3ef,2020-02-22 21:37:14+00:00,,,QUALIFIED_LABEL_ONLY
Kumo,period:cb03c621696fc2e91764,2020-02-29 21:26:53+00:00,,,QUALIFIED_LABEL_ONLY
Kumo,period:14606e5066005561df07,2020-03-07 21:40:12+00:00,,,QUALIFIED_LABEL_ONLY
Kumo,period:b2e2840d56c789b5030c,2020-03-21 20:18:48+00:00,,,QUALIFIED_LABEL_ONLY
Kumo,period:666de7dcc2eb91211639,2020-03-28 20:29:42+00:00,,,QUALIFIED_LABEL_ONLY
Kumo,period:5a2658b56ec5d5c6a04d,2020-04-04 19:44:42+00:00,,,QUALIFIED_LABEL_ONLY
Kumo,period:be73ead0e53874776373,2020-04-18 19:37:34+00:00,,,QUALIFIED_LABEL_ONLY
Kumo,period:1970df0ebd4246c6ea3b,2020-06-13 00:40:51+00:00,,,QUALIFIED_LABEL_ONLY
Kumo,period:3968b01a861a52d381a8,2020-06-20 00:31:26+00:00,,,QUALIFIED_LABEL_ONLY
Kumo,period:642a5bb7deff76d164b5,2020-06-27 00:39:52+00:00,,,QUALIFIED_LABEL_ONLY
Kumo,period:7813fa8e90f59320de07,2020-07-04 00:21:06+00:00,,,QUALIFIED_LABEL_ONLY
Kumo,period:1e2c5a7144cf9a8bc308,2020-07-11 00:50:27+00:00,,,QUALIFIED_LABEL_ONLY
Kumo,period:32c02d32a3c87111d752,2021-06-25 21:33:16+00:00,,,QUALIFIED_LABEL_ONLY
Kumo,period:490dcd8b072f0c76bfcd,2021-07-09 21:35:31+00:00,,,QUALIFIED_LABEL_ONLY
Kumo,period:5ede35b384e34b4e7cf7,2021-07-16 21:20:22+00:00,,,QUALIFIED_LABEL_ONLY
Kumo,period:5befa75590802ab7de54,2021-07-23 20:58:06+00:00,,,QUALIFIED_LABEL_ONLY
Kumo,period:afb91f11a5c9c66cc35b,2021-07-30 21:12:55+00:00,,,QUALIFIED_LABEL_ONLY
Kumo,period:3921ed3cc984afb56c50,2022-01-14 21:26:31+00:00,,,QUALIFIED_LABEL_ONLY
Kumo,period:ea5caa919fbd4b75da18,2022-01-21 21:45:47+00:00,,,QUALIFIED_LABEL_ONLY
Kumo,period:5a26c3b6318c7b633520,2022-02-05 20:33:18+00:00,,,QUALIFIED_LABEL_ONLY
Kumo,period:44168f74464b99791ba3,2022-02-12 20:53:38+00:00,,,QUALIFIED_LABEL_ONLY
Kumo,period:466f661effb9208a840b,2022-02-19 20:54:27+00:00,,,QUALIFIED_LABEL_ONLY
Kumo,period:4138ca482beb4344e9ad,2022-02-25 22:37:00+00:00,,,QUALIFIED_LABEL_ONLY
Kumo,period:7a928b9ecc895d38667e,2022-03-05 21:01:58+00:00,,,QUALIFIED_LABEL_ONLY
Kumo,period:bfbcb255cff7d2c3894f,2022-03-12 21:07:29+00:00,,,QUALIFIED_LABEL_ONLY
Kumo,period:9a704a25f780f56ebe1b,2022-03-19 19:32:42+00:00,,,QUALIFIED_LABEL_ONLY
Kumo,period:2543e9e0dda5edca0977,2022-03-25 20:43:57+00:00,,,QUALIFIED_LABEL_ONLY
Kumo,period:feb156c0b7ef67e8a92a,2022-04-09 20:43:33+00:00,,,QUALIFIED_LABEL_ONLY
LIDER,period:9310314000d1dccfe6ae,2022-08-06 20:08:43+00:00,,,QUALIFIED_LABEL_ONLY
Licorice,period:01bed218199c5fc6a295,2020-01-25 21:37:53+00:00,,,QUALIFIED_LABEL_ONLY
Licorice,period:18c306f73901eb8e548e,2020-02-01 21:36:35+00:00,,,QUALIFIED_LABEL_ONLY
Licorice,period:bd2e80371da37619c695,2020-02-08 21:30:18+00:00,,,QUALIFIED_LABEL_ONLY
Licorice,period:94dc307a169a4236f643,2020-02-15 21:33:19+00:00,,,QUALIFIED_LABEL_ONLY
Licorice,period:90cc39f891e2dbcab3ef,2020-02-22 21:37:14+00:00,,,QUALIFIED_LABEL_ONLY
Licorice,period:cb03c621696fc2e91764,2020-02-29 21:26:53+00:00,,,QUALIFIED_LABEL_ONLY
Licorice,period:14606e5066005561df07,2020-03-07 21:40:12+00:00,,,QUALIFIED_LABEL_ONLY
Licorice,period:b2e2840d56c789b5030c,2020-03-21 20:18:48+00:00,,,QUALIFIED_LABEL_ONLY
Licorice,period:666de7dcc2eb91211639,2020-03-28 20:29:42+00:00,,,QUALIFIED_LABEL_ONLY
Licorice,period:5a2658b56ec5d5c6a04d,2020-04-04 19:44:42+00:00,,,QUALIFIED_LABEL_ONLY
Licorice,period:be73ead0e53874776373,2020-04-18 19:37:34+00:00,,,QUALIFIED_LABEL_ONLY
Licorice,period:1970df0ebd4246c6ea3b,2020-06-13 00:40:51+00:00,,,QUALIFIED_LABEL_ONLY
Licorice,period:3968b01a861a52d381a8,2020-06-20 00:31:26+00:00,,,QUALIFIED_LABEL_ONLY
Licorice,period:642a5bb7deff76d164b5,2020-06-27 00:39:52+00:00,,,QUALIFIED_LABEL_ONLY
Licorice,period:7813fa8e90f59320de07,2020-07-04 00:21:06+00:00,,,QUALIFIED_LABEL_ONLY
Licorice,period:1e2c5a7144cf9a8bc308,2020-07-11 00:50:27+00:00,,,QUALIFIED_LABEL_ONLY
Licorice,period:2d69b4a154591d5cca77,2020-07-18 00:30:49+00:00,,,QUALIFIED_LABEL_ONLY
Licorice,period:fe3df3b5886d9a4a5234,2020-07-25 00:38:07+00:00,,,QUALIFIED_LABEL_ONLY
Licorice,period:3e89f4975798019beec8,2020-08-01 00:35:44+00:00,,,QUALIFIED_LABEL_ONLY
Licorice,period:9cfbd3e5ecdd20626eed,2020-08-08 00:43:41+00:00,,,QUALIFIED_LABEL_ONLY
Licorice,period:38cb400566e2a3aee1c8,2020-08-20 19:31:44+00:00,,,QUALIFIED_LABEL_ONLY
Licorice,period:53a986e97c4e64053db8,2020-08-29 19:32:38+00:00,,,QUALIFIED_LABEL_ONLY
Licorice,period:fcb777e33a04482e7bfb,2021-01-15 23:10:17+00:00,,,QUALIFIED_LABEL_ONLY
Licorice,period:2e302fc7c4bd7a4b3864,2021-01-22 22:29:56+00:00,,,QUALIFIED_LABEL_ONLY
Licorice,period:7c66db573c65177b96bf,2021-02-05 22:24:44+00:00,,,QUALIFIED_LABEL_ONLY
Licorice,period:19d1212ec047ea2c2e1c,2021-02-12 22:29:59+00:00,,,QUALIFIED_LABEL_ONLY
Licorice,period:577ed5ecd652eb981e79,2021-02-19 22:21:31+00:00,,,QUALIFIED_LABEL_ONLY
Licorice,period:3482fd65afd711052651,2021-02-26 22:23:25+00:00,,,QUALIFIED_LABEL_ONLY
Licorice,period:433079f36e14953ffe3e,2021-03-05 22:15:28+00:00,,,QUALIFIED_LABEL_ONLY
Licorice,period:2eea81e5fabdc42a729f,2021-03-12 22:24:45+00:00,,,QUALIFIED_LABEL_ONLY
Licorice,period:debddf61a872640eadfb,2021-06-04 22:02:02+00:00,,,QUALIFIED_LABEL_ONLY
Licorice,period:24ddb9953986c3386cb5,2021-06-11 21:37:50+00:00,,,QUALIFIED_LABEL_ONLY
Licorice,period:111e9dfa6ccd70cbab3b,2021-06-18 21:02:38+00:00,,,QUALIFIED_LABEL_ONLY
Licorice,period:32c02d32a3c87111d752,2021-06-25 21:33:16+00:00,,,QUALIFIED_LABEL_ONLY
Licorice,period:4f8f85e36ba842416702,2021-07-02 21:10:28+00:00,,,QUALIFIED_LABEL_ONLY
Licorice,period:490dcd8b072f0c76bfcd,2021-07-09 21:35:31+00:00,,,QUALIFIED_LABEL_ONLY
Licorice,period:5ede35b384e34b4e7cf7,2021-07-16 21:20:22+00:00,,,QUALIFIED_LABEL_ONLY
Licorice,period:5befa75590802ab7de54,2021-07-23 20:58:06+00:00,,,QUALIFIED_LABEL_ONLY
Licorice,period:afb91f11a5c9c66cc35b,2021-07-30 21:12:55+00:00,,,QUALIFIED_LABEL_ONLY
Licorice,period:3951db25bbaff1ec59cd,2021-08-12 21:13:39+00:00,,,QUALIFIED_LABEL_ONLY
Licorice,period:5a26c3b6318c7b633520,2022-02-05 20:33:18+00:00,,,QUALIFIED_LABEL_ONLY
Licorice,period:44168f74464b99791ba3,2022-02-12 20:53:38+00:00,,,QUALIFIED_LABEL_ONLY
Licorice,period:466f661effb9208a840b,2022-02-19 20:54:27+00:00,,,QUALIFIED_LABEL_ONLY
Licorice,period:4138ca482beb4344e9ad,2022-02-25 22:37:00+00:00,,,QUALIFIED_LABEL_ONLY
Licorice,period:7a928b9ecc895d38667e,2022-03-05 21:01:58+00:00,,,QUALIFIED_LABEL_ONLY
Licorice,period:bfbcb255cff7d2c3894f,2022-03-12 21:07:29+00:00,,,QUALIFIED_LABEL_ONLY
Licorice,period:9a704a25f780f56ebe1b,2022-03-19 19:32:42+00:00,,,QUALIFIED_LABEL_ONLY
Licorice,period:2543e9e0dda5edca0977,2022-03-25 20:43:57+00:00,,,QUALIFIED_LABEL_ONLY
Licorice,period:feb156c0b7ef67e8a92a,2022-04-09 20:43:33+00:00,,,QUALIFIED_LABEL_ONLY
Licorice,period:4c81af754b6b135da741,2022-06-17 21:46:00+00:00,,,QUALIFIED_LABEL_ONLY
Licorice,period:9098ed2cd53d3e50498b,2022-06-25 20:09:54+00:00,,,QUALIFIED_LABEL_ONLY
Licorice,period:bd5d15bd6830501052ed,2022-07-02 20:14:47+00:00,,,QUALIFIED_LABEL_ONLY
Licorice,period:a1385753e89a22ad7415,2022-07-16 20:31:00+00:00,,,QUALIFIED_LABEL_ONLY
Licorice,period:d36d780bd6e08d095d27,2022-07-23 20:43:00+00:00,,,QUALIFIED_LABEL_ONLY
Licorice,period:ab4c55f2271a097a29e2,2022-07-30 20:03:25+00:00,,,QUALIFIED_LABEL_ONLY
Licorice,period:9310314000d1dccfe6ae,2022-08-06 20:08:43+00:00,,,QUALIFIED_LABEL_ONLY
Licorice,period:e268d0eb9109f8185a29,2022-08-12 20:55:46+00:00,,,QUALIFIED_LABEL_ONLY
Licorice,period:f6ad6d70568c5aa4ddb9,2022-08-25 19:37:29+00:00,,,QUALIFIED_LABEL_ONLY
Licorice,period:452655f2bc33b5b76085,2023-01-26 22:16:48+00:00,,,QUALIFIED_LABEL_ONLY
Licorice,period:9ad2bd3e76204c678ee3,2023-02-02 22:06:55+00:00,,,QUALIFIED_LABEL_ONLY
Licorice,period:5193f604ed2f15e301e1,2023-02-09 22:07:17+00:00,,,QUALIFIED_LABEL_ONLY
Licorice,period:2b3de7782bdf56dc82d0,2023-02-15 22:07:50+00:00,,,QUALIFIED_LABEL_ONLY
Licorice,period:36d3f31311f21e914d55,2023-02-23 22:06:52+00:00,,,QUALIFIED_LABEL_ONLY
Licorice,period:83278694723ba910058b,2023-03-02 22:08:20+00:00,,,QUALIFIED_LABEL_ONLY
Licorice,period:402a134be7abbe005149,2023-03-09 22:22:41+00:00,,,QUALIFIED_LABEL_ONLY
Licorice,period:8d9d5d3f36e034ced562,2023-03-15 21:07:53+00:00,,,QUALIFIED_LABEL_ONLY
Licorice,period:d990ac8b125022094901,2023-03-23 21:10:53+00:00,,,QUALIFIED_LABEL_ONLY
Licorice,period:d33d87118e30f5daa86a,2023-03-30 21:09:21+00:00,,,QUALIFIED_LABEL_ONLY
Licorice,period:f52e10acfa6d747a4c9d,2023-04-08 20:17:16+00:00,,,QUALIFIED_LABEL_ONLY
Licorice,period:3943367d2ce567a9fae3,2023-06-14 21:13:03+00:00,,,QUALIFIED_LABEL_ONLY
Licorice,period:f2ee99995367bf0fc030,2023-06-21 21:07:31+00:00,,,QUALIFIED_LABEL_ONLY
Licorice,period:c790283b449e6bb25672,2023-06-28 21:06:50+00:00,,,QUALIFIED_LABEL_ONLY
Licorice,period:ff185424af4133395119,2023-07-05 21:05:49+00:00,,,QUALIFIED_LABEL_ONLY
Licorice,period:36cf05276a8bbe55409a,2023-07-12 21:06:58+00:00,,,QUALIFIED_LABEL_ONLY
Licorice,period:dd1399a0cf2f56138daa,2023-07-19 21:07:18+00:00,,,QUALIFIED_LABEL_ONLY
Licorice,period:4520b87081b51698489a,2023-08-03 21:07:08+00:00,,,QUALIFIED_LABEL_ONLY
Licorice,period:a7fd1e72d2ba831ccc8d,2023-08-10 21:10:37+00:00,,,QUALIFIED_LABEL_ONLY
Licorice,period:697d8a8453920f1ff1c8,2024-06-15 20:11:50+00:00,,,QUALIFIED_LABEL_ONLY
Licorice,period:ea10f8bb7f189dc4197a,2024-06-22 20:11:50+00:00,,,QUALIFIED_LABEL_ONLY
Licorice,period:fb51ebc6418ce68c46c6,2024-06-27 20:07:21+00:00,,,QUALIFIED_LABEL_ONLY
Licorice,period:0f3dd675ff7b55987f43,2024-07-20 20:10:15+00:00,,,QUALIFIED_LABEL_ONLY
Licorice,period:29c7eddc03e68fe96070,2024-07-27 20:09:19+00:00,,,QUALIFIED_LABEL_ONLY
Licorice,period:03ffd32cfddfafb63d73,2024-08-03 20:08:15+00:00,,,QUALIFIED_LABEL_ONLY
Licorice,period:cdd6b3ae49979eef3d9f,2024-08-10 20:07:50+00:00,,,QUALIFIED_LABEL_ONLY
Licorice,period:5218e82018c8910d187b,2024-08-17 20:07:21+00:00,,,QUALIFIED_LABEL_ONLY
Licorice,period:c0a1c4ffff2a32aacb10,2024-08-23 20:07:51+00:00,,,QUALIFIED_LABEL_ONLY
Licorice,period:3685f26c9338932445a9,2024-08-30 20:08:40+00:00,,,QUALIFIED_LABEL_ONLY
Licorice,period:ee078790277fa6a5a0ce,2025-01-25 21:14:31+00:00,,,QUALIFIED_LABEL_ONLY
Licorice,period:b08144b94745feadc04c,2025-02-01 21:06:58+00:00,,,QUALIFIED_LABEL_ONLY
Licorice,period:5a5260defef5072643d0,2025-04-05 20:14:15+00:00,,,QUALIFIED_LABEL_ONLY
Licorice,period:fb622d9f67b0d1bacd81,2025-04-12 20:06:56+00:00,,,QUALIFIED_LABEL_ONLY
Licorice,period:ab17bbbf5d12cdddc770,2025-04-19 20:08:34+00:00,,,QUALIFIED_LABEL_ONLY
Licorice,period:0bd7b62868a6e6fa9a6d,2025-04-26 20:08:33+00:00,,,QUALIFIED_LABEL_ONLY
Licorice,period:f91ca0f544586fb72c4d,2025-05-03 20:08:26+00:00,,,QUALIFIED_LABEL_ONLY
Licorice,period:92eb584d41521b4a115a,2025-05-10 20:09:23+00:00,,,QUALIFIED_LABEL_ONLY
Licorice,period:42a66f8e41011df34073,2025-05-17 20:08:05+00:00,,,QUALIFIED_LABEL_ONLY
Lira,period:ee078790277fa6a5a0ce,2025-01-25 21:14:31+00:00,,,QUALIFIED_LABEL_ONLY
Loki,period:ee078790277fa6a5a0ce,2025-01-25 21:14:31+00:00,,,QUALIFIED_LABEL_ONLY
Loki,period:b08144b94745feadc04c,2025-02-01 21:06:58+00:00,,,QUALIFIED_LABEL_ONLY
Loki,period:5a5260defef5072643d0,2025-04-05 20:14:15+00:00,,,QUALIFIED_LABEL_ONLY
Loki,period:fb622d9f67b0d1bacd81,2025-04-12 20:06:56+00:00,,,QUALIFIED_LABEL_ONLY
Loki,period:ab17bbbf5d12cdddc770,2025-04-19 20:08:34+00:00,,,QUALIFIED_LABEL_ONLY
Loki,period:0bd7b62868a6e6fa9a6d,2025-04-26 20:08:33+00:00,,,QUALIFIED_LABEL_ONLY
Loki,period:f91ca0f544586fb72c4d,2025-05-03 20:08:26+00:00,,,QUALIFIED_LABEL_ONLY
Loki,period:92eb584d41521b4a115a,2025-05-10 20:09:23+00:00,,,QUALIFIED_LABEL_ONLY
Loki,period:42a66f8e41011df34073,2025-05-17 20:08:05+00:00,,,QUALIFIED_LABEL_ONLY
Loki,period:769a792cb95be4e074fc,2025-05-24 20:07:34+00:00,,,QUALIFIED_LABEL_ONLY
Loki,period:b6b241bcd2df026a0c10,2025-06-07 20:06:56+00:00,,,QUALIFIED_LABEL_ONLY
Loki,period:780234292186bbac5f9e,2025-06-14 20:12:24+00:00,,,QUALIFIED_LABEL_ONLY
Loki,period:f92170f131413923b84c,2025-07-26 20:10:23+00:00,,,QUALIFIED_LABEL_ONLY
Loki,period:c7231b512ce5dfec31cf,2025-08-02 20:08:18+00:00,,,QUALIFIED_LABEL_ONLY
Loki,period:c139a580fc7ad181ea33,2025-08-09 20:06:58+00:00,,,QUALIFIED_LABEL_ONLY
Loki,period:9d2506f6d55754824303,2025-08-16 20:06:27+00:00,,,QUALIFIED_LABEL_ONLY
Loki,period:1ffa4e947c2611f80c97,2025-08-29 20:06:10+00:00,,,QUALIFIED_LABEL_ONLY
Loki,period:717827b0ee213b1efab1,2025-09-05 20:05:46+00:00,,,QUALIFIED_LABEL_ONLY
Loki,period:5afe139f56d9c0db8f2d,2026-07-25 20:13:30+00:00,,,QUALIFIED_LABEL_ONLY
Lost,period:fcb777e33a04482e7bfb,2021-01-15 23:10:17+00:00,,,QUALIFIED_LABEL_ONLY
Lost,period:2e302fc7c4bd7a4b3864,2021-01-22 22:29:56+00:00,,,QUALIFIED_LABEL_ONLY
Lost,period:7c66db573c65177b96bf,2021-02-05 22:24:44+00:00,,,QUALIFIED_LABEL_ONLY
Lost,period:19d1212ec047ea2c2e1c,2021-02-12 22:29:59+00:00,,,QUALIFIED_LABEL_ONLY
Lost,period:577ed5ecd652eb981e79,2021-02-19 22:21:31+00:00,,,QUALIFIED_LABEL_ONLY
Lost,period:3482fd65afd711052651,2021-02-26 22:23:25+00:00,,,QUALIFIED_LABEL_ONLY
Lost,period:433079f36e14953ffe3e,2021-03-05 22:15:28+00:00,,,QUALIFIED_LABEL_ONLY
Lost,period:2eea81e5fabdc42a729f,2021-03-12 22:24:45+00:00,,,QUALIFIED_LABEL_ONLY
Lost,period:4a6e60b4d46361a99310,2021-03-20 19:21:03+00:00,,,QUALIFIED_LABEL_ONLY
Lost,period:22dfd57f1594beeba715,2021-03-27 19:16:36+00:00,,,QUALIFIED_LABEL_ONLY
Lost,period:8e2682918e14580d212b,2021-04-03 19:17:31+00:00,,,QUALIFIED_LABEL_ONLY
Lost,period:759dd00fd0d693b754cc,2021-04-10 19:41:22+00:00,,,QUALIFIED_LABEL_ONLY
Lost,period:debddf61a872640eadfb,2021-06-04 22:02:02+00:00,,,QUALIFIED_LABEL_ONLY
Lost,period:24ddb9953986c3386cb5,2021-06-11 21:37:50+00:00,,,QUALIFIED_LABEL_ONLY
Lost,period:111e9dfa6ccd70cbab3b,2021-06-18 21:02:38+00:00,,,QUALIFIED_LABEL_ONLY
Lost,period:32c02d32a3c87111d752,2021-06-25 21:33:16+00:00,,,QUALIFIED_LABEL_ONLY
Lost,period:4f8f85e36ba842416702,2021-07-02 21:10:28+00:00,,,QUALIFIED_LABEL_ONLY
Lost,period:490dcd8b072f0c76bfcd,2021-07-09 21:35:31+00:00,,,QUALIFIED_LABEL_ONLY
Lost,period:5ede35b384e34b4e7cf7,2021-07-16 21:20:22+00:00,,,QUALIFIED_LABEL_ONLY
Lost,period:5befa75590802ab7de54,2021-07-23 20:58:06+00:00,,,QUALIFIED_LABEL_ONLY
Lost,period:afb91f11a5c9c66cc35b,2021-07-30 21:12:55+00:00,,,QUALIFIED_LABEL_ONLY
Lost,period:3951db25bbaff1ec59cd,2021-08-12 21:13:39+00:00,,,QUALIFIED_LABEL_ONLY
Lost,period:7c5e83ab4c6a7ca8c86a,2021-08-19 21:11:40+00:00,,,QUALIFIED_LABEL_ONLY
Lost,period:5a26c3b6318c7b633520,2022-02-05 20:33:18+00:00,,,QUALIFIED_LABEL_ONLY
Lost,period:44168f74464b99791ba3,2022-02-12 20:53:38+00:00,,,QUALIFIED_LABEL_ONLY
Lost,period:466f661effb9208a840b,2022-02-19 20:54:27+00:00,,,QUALIFIED_LABEL_ONLY
Lost,period:4138ca482beb4344e9ad,2022-02-25 22:37:00+00:00,,,QUALIFIED_LABEL_ONLY
Lost,period:7a928b9ecc895d38667e,2022-03-05 21:01:58+00:00,,,QUALIFIED_LABEL_ONLY
Lost,period:bfbcb255cff7d2c3894f,2022-03-12 21:07:29+00:00,,,QUALIFIED_LABEL_ONLY
Lost,period:9a704a25f780f56ebe1b,2022-03-19 19:32:42+00:00,,,QUALIFIED_LABEL_ONLY
Lost,period:2543e9e0dda5edca0977,2022-03-25 20:43:57+00:00,,,QUALIFIED_LABEL_ONLY
Lost,period:feb156c0b7ef67e8a92a,2022-04-09 20:43:33+00:00,,,QUALIFIED_LABEL_ONLY
Lost,period:4c81af754b6b135da741,2022-06-17 21:46:00+00:00,,,QUALIFIED_LABEL_ONLY
Lost,period:9098ed2cd53d3e50498b,2022-06-25 20:09:54+00:00,,,QUALIFIED_LABEL_ONLY
Lost,period:bd5d15bd6830501052ed,2022-07-02 20:14:47+00:00,,,QUALIFIED_LABEL_ONLY
Lost,period:a1385753e89a22ad7415,2022-07-16 20:31:00+00:00,,,QUALIFIED_LABEL_ONLY
Lost,period:d36d780bd6e08d095d27,2022-07-23 20:43:00+00:00,,,QUALIFIED_LABEL_ONLY
Lost,period:ab4c55f2271a097a29e2,2022-07-30 20:03:25+00:00,,,QUALIFIED_LABEL_ONLY
Lost,period:9310314000d1dccfe6ae,2022-08-06 20:08:43+00:00,,,QUALIFIED_LABEL_ONLY
Lost,period:e268d0eb9109f8185a29,2022-08-12 20:55:46+00:00,,,QUALIFIED_LABEL_ONLY
Lourlo,period:642a5bb7deff76d164b5,2020-06-27 00:39:52+00:00,,,QUALIFIED_LABEL_ONLY
Lourlo,period:7813fa8e90f59320de07,2020-07-04 00:21:06+00:00,,,QUALIFIED_LABEL_ONLY
Lourlo,period:1e2c5a7144cf9a8bc308,2020-07-11 00:50:27+00:00,,,QUALIFIED_LABEL_ONLY
Luger,period:afb91f11a5c9c66cc35b,2021-07-30 21:12:55+00:00,,,QUALIFIED_LABEL_ONLY
Luger,period:3921ed3cc984afb56c50,2022-01-14 21:26:31+00:00,,,QUALIFIED_LABEL_ONLY
Luger,period:ea5caa919fbd4b75da18,2022-01-21 21:45:47+00:00,,,QUALIFIED_LABEL_ONLY
Luger,period:5a26c3b6318c7b633520,2022-02-05 20:33:18+00:00,,,QUALIFIED_LABEL_ONLY
Luger,period:44168f74464b99791ba3,2022-02-12 20:53:38+00:00,,,QUALIFIED_LABEL_ONLY
Luger,period:466f661effb9208a840b,2022-02-19 20:54:27+00:00,,,QUALIFIED_LABEL_ONLY
Luger,period:4138ca482beb4344e9ad,2022-02-25 22:37:00+00:00,,,QUALIFIED_LABEL_ONLY
Luger,period:7a928b9ecc895d38667e,2022-03-05 21:01:58+00:00,,,QUALIFIED_LABEL_ONLY
Luger,period:bfbcb255cff7d2c3894f,2022-03-12 21:07:29+00:00,,,QUALIFIED_LABEL_ONLY
Luger,period:9a704a25f780f56ebe1b,2022-03-19 19:32:42+00:00,,,QUALIFIED_LABEL_ONLY
Luger,period:2543e9e0dda5edca0977,2022-03-25 20:43:57+00:00,,,QUALIFIED_LABEL_ONLY
Luger,period:4c81af754b6b135da741,2022-06-17 21:46:00+00:00,,,QUALIFIED_LABEL_ONLY
Luger,period:9098ed2cd53d3e50498b,2022-06-25 20:09:54+00:00,,,QUALIFIED_LABEL_ONLY
Luger,period:bd5d15bd6830501052ed,2022-07-02 20:14:47+00:00,,,QUALIFIED_LABEL_ONLY
Luger,period:a1385753e89a22ad7415,2022-07-16 20:31:00+00:00,,,QUALIFIED_LABEL_ONLY
Luger,period:d36d780bd6e08d095d27,2022-07-23 20:43:00+00:00,,,QUALIFIED_LABEL_ONLY
Luger,period:ab4c55f2271a097a29e2,2022-07-30 20:03:25+00:00,,,QUALIFIED_LABEL_ONLY
Luger,period:9310314000d1dccfe6ae,2022-08-06 20:08:43+00:00,,,QUALIFIED_LABEL_ONLY
Luger,period:e268d0eb9109f8185a29,2022-08-12 20:55:46+00:00,,,QUALIFIED_LABEL_ONLY
Luger,period:fcd21c282bb6eb984919,2022-08-20 19:32:26+00:00,,,QUALIFIED_LABEL_ONLY
Luger,period:f6ad6d70568c5aa4ddb9,2022-08-25 19:37:29+00:00,,,QUALIFIED_LABEL_ONLY
Luger,period:f14a4fb0f93da34e9201,2022-09-01 19:27:30+00:00,,,QUALIFIED_LABEL_ONLY
Luger,period:452655f2bc33b5b76085,2023-01-26 22:16:48+00:00,,,QUALIFIED_LABEL_ONLY
Luger,period:9ad2bd3e76204c678ee3,2023-02-02 22:06:55+00:00,,,QUALIFIED_LABEL_ONLY
Luger,period:5193f604ed2f15e301e1,2023-02-09 22:07:17+00:00,,,QUALIFIED_LABEL_ONLY
Luger,period:2b3de7782bdf56dc82d0,2023-02-15 22:07:50+00:00,,,QUALIFIED_LABEL_ONLY
Luger,period:36d3f31311f21e914d55,2023-02-23 22:06:52+00:00,,,QUALIFIED_LABEL_ONLY
Luger,period:83278694723ba910058b,2023-03-02 22:08:20+00:00,,,QUALIFIED_LABEL_ONLY
Luger,period:402a134be7abbe005149,2023-03-09 22:22:41+00:00,,,QUALIFIED_LABEL_ONLY
Luger,period:8d9d5d3f36e034ced562,2023-03-15 21:07:53+00:00,,,QUALIFIED_LABEL_ONLY
Luger,period:d990ac8b125022094901,2023-03-23 21:10:53+00:00,,,QUALIFIED_LABEL_ONLY
Lyonz,period:ee078790277fa6a5a0ce,2025-01-25 21:14:31+00:00,,,QUALIFIED_LABEL_ONLY
Lyonz,period:b08144b94745feadc04c,2025-02-01 21:06:58+00:00,,,QUALIFIED_LABEL_ONLY
Lyonz,period:5a5260defef5072643d0,2025-04-05 20:14:15+00:00,,,QUALIFIED_LABEL_ONLY
Lyonz,period:fb622d9f67b0d1bacd81,2025-04-12 20:06:56+00:00,,,QUALIFIED_LABEL_ONLY
Lyonz,period:ab17bbbf5d12cdddc770,2025-04-19 20:08:34+00:00,,,QUALIFIED_LABEL_ONLY
Lyonz,period:0bd7b62868a6e6fa9a6d,2025-04-26 20:08:33+00:00,,,QUALIFIED_LABEL_ONLY
Lyonz,period:f91ca0f544586fb72c4d,2025-05-03 20:08:26+00:00,,,QUALIFIED_LABEL_ONLY
Lyonz,period:92eb584d41521b4a115a,2025-05-10 20:09:23+00:00,,,QUALIFIED_LABEL_ONLY
Lyonz,period:42a66f8e41011df34073,2025-05-17 20:08:05+00:00,,,QUALIFIED_LABEL_ONLY
Lyonz,period:f92170f131413923b84c,2025-07-26 20:10:23+00:00,,,QUALIFIED_LABEL_ONLY
Lyonz,period:c7231b512ce5dfec31cf,2025-08-02 20:08:18+00:00,,,QUALIFIED_LABEL_ONLY
Lyonz,period:c139a580fc7ad181ea33,2025-08-09 20:06:58+00:00,,,QUALIFIED_LABEL_ONLY
Lyonz,period:7c6d5817a7155f3a80bb,2025-08-23 20:06:29+00:00,,,QUALIFIED_LABEL_ONLY
Lyonz,period:28d589eedfce312e1ad3,2026-01-24 21:24:34+00:00,,,QUALIFIED_LABEL_ONLY
Lyonz,period:70fac0200d695853ccdc,2026-01-31 21:07:01+00:00,,,QUALIFIED_LABEL_ONLY
Lyonz,period:b2e5a5987eefaa30eea2,2026-02-07 21:11:32+00:00,,,QUALIFIED_LABEL_ONLY
Lyonz,period:0433ceb2175e1870c17a,2026-02-14 21:11:50+00:00,,,QUALIFIED_LABEL_ONLY
Lyonz,period:d52af7b72997e89c8ea6,2026-02-20 21:09:00+00:00,,,QUALIFIED_LABEL_ONLY
Lyonz,period:74efed7e4a28a304cc30,2026-04-04 20:17:46+00:00,,,QUALIFIED_LABEL_ONLY
Lyonz,period:fc48b32f725285a09f66,2026-04-11 20:08:26+00:00,,,QUALIFIED_LABEL_ONLY
Lyonz,period:9ad9f360f988761d91c1,2026-04-18 20:07:45+00:00,,,QUALIFIED_LABEL_ONLY
Lyonz,period:b0a60cf2f3d3558f5e56,2026-04-25 20:09:02+00:00,,,QUALIFIED_LABEL_ONLY
Lyonz,period:0a890f671f8ce6bbde59,2026-05-02 20:10:20+00:00,,,QUALIFIED_LABEL_ONLY
Lyonz,period:bca1e648a46734294b57,2026-05-09 20:08:09+00:00,,,QUALIFIED_LABEL_ONLY
Lyonz,period:1c76ac6866aa6a71a894,2026-05-16 20:08:36+00:00,,,QUALIFIED_LABEL_ONLY
Lyonz,period:5afe139f56d9c0db8f2d,2026-07-25 20:13:30+00:00,,,QUALIFIED_LABEL_ONLY
Maple,period:4c81af754b6b135da741,2022-06-17 21:46:00+00:00,,,QUALIFIED_LABEL_ONLY
Maple,period:9098ed2cd53d3e50498b,2022-06-25 20:09:54+00:00,,,QUALIFIED_LABEL_ONLY
Maple,period:bd5d15bd6830501052ed,2022-07-02 20:14:47+00:00,,,QUALIFIED_LABEL_ONLY
Maple,period:a1385753e89a22ad7415,2022-07-16 20:31:00+00:00,,,QUALIFIED_LABEL_ONLY
Maple,period:d36d780bd6e08d095d27,2022-07-23 20:43:00+00:00,,,QUALIFIED_LABEL_ONLY
Maple,period:ab4c55f2271a097a29e2,2022-07-30 20:03:25+00:00,,,QUALIFIED_LABEL_ONLY
Maple,period:9310314000d1dccfe6ae,2022-08-06 20:08:43+00:00,,,QUALIFIED_LABEL_ONLY
Maple,period:e268d0eb9109f8185a29,2022-08-12 20:55:46+00:00,,,QUALIFIED_LABEL_ONLY
Maple,period:f6ad6d70568c5aa4ddb9,2022-08-25 19:37:29+00:00,,,QUALIFIED_LABEL_ONLY
Maple,period:f14a4fb0f93da34e9201,2022-09-01 19:27:30+00:00,,,QUALIFIED_LABEL_ONLY
Maple,period:452655f2bc33b5b76085,2023-01-26 22:16:48+00:00,,,QUALIFIED_LABEL_ONLY
Maple,period:9ad2bd3e76204c678ee3,2023-02-02 22:06:55+00:00,,,QUALIFIED_LABEL_ONLY
Maple,period:5193f604ed2f15e301e1,2023-02-09 22:07:17+00:00,,,QUALIFIED_LABEL_ONLY
Maple,period:2b3de7782bdf56dc82d0,2023-02-15 22:07:50+00:00,,,QUALIFIED_LABEL_ONLY
Maple,period:36d3f31311f21e914d55,2023-02-23 22:06:52+00:00,,,QUALIFIED_LABEL_ONLY
Maple,period:83278694723ba910058b,2023-03-02 22:08:20+00:00,,,QUALIFIED_LABEL_ONLY
Maple,period:402a134be7abbe005149,2023-03-09 22:22:41+00:00,,,QUALIFIED_LABEL_ONLY
Maple,period:8d9d5d3f36e034ced562,2023-03-15 21:07:53+00:00,,,QUALIFIED_LABEL_ONLY
Mash,period:3968b01a861a52d381a8,2020-06-20 00:31:26+00:00,,,QUALIFIED_LABEL_ONLY
Mash,period:642a5bb7deff76d164b5,2020-06-27 00:39:52+00:00,,,QUALIFIED_LABEL_ONLY
Mash,period:7813fa8e90f59320de07,2020-07-04 00:21:06+00:00,,,QUALIFIED_LABEL_ONLY
Mash,period:1e2c5a7144cf9a8bc308,2020-07-11 00:50:27+00:00,,,QUALIFIED_LABEL_ONLY
Mask,period:27c11f42e65c97b901b8,2024-01-20 20:15:01+00:00,,,QUALIFIED_LABEL_ONLY
Mask,period:ab546300266e49331659,2024-01-27 20:15:48+00:00,,,QUALIFIED_LABEL_ONLY
Mask,period:f82eb58c594ccc349383,2024-02-02 21:12:22+00:00,,,QUALIFIED_LABEL_ONLY
Mask,period:06566a2ea584fecf6c15,2024-02-10 21:07:54+00:00,,,QUALIFIED_LABEL_ONLY
Mask,period:789a06731adc1e0c8798,2024-03-02 21:07:29+00:00,,,QUALIFIED_LABEL_ONLY
Mask,period:a0f9da327c11cf3cc717,2024-03-08 21:07:46+00:00,,,QUALIFIED_LABEL_ONLY
Mask,period:697d8a8453920f1ff1c8,2024-06-15 20:11:50+00:00,,,QUALIFIED_LABEL_ONLY
Mask,period:ea10f8bb7f189dc4197a,2024-06-22 20:11:50+00:00,,,QUALIFIED_LABEL_ONLY
Mask,period:fb51ebc6418ce68c46c6,2024-06-27 20:07:21+00:00,,,QUALIFIED_LABEL_ONLY
Mask,period:0f3dd675ff7b55987f43,2024-07-20 20:10:15+00:00,,,QUALIFIED_LABEL_ONLY
Mask,period:29c7eddc03e68fe96070,2024-07-27 20:09:19+00:00,,,QUALIFIED_LABEL_ONLY
Mask,period:03ffd32cfddfafb63d73,2024-08-03 20:08:15+00:00,,,QUALIFIED_LABEL_ONLY
Mask,period:cdd6b3ae49979eef3d9f,2024-08-10 20:07:50+00:00,,,QUALIFIED_LABEL_ONLY
Massu,period:27c11f42e65c97b901b8,2024-01-20 20:15:01+00:00,,,QUALIFIED_LABEL_ONLY
Massu,period:ab546300266e49331659,2024-01-27 20:15:48+00:00,,,QUALIFIED_LABEL_ONLY
Massu,period:f82eb58c594ccc349383,2024-02-02 21:12:22+00:00,,,QUALIFIED_LABEL_ONLY
Massu,period:06566a2ea584fecf6c15,2024-02-10 21:07:54+00:00,,,QUALIFIED_LABEL_ONLY
Massu,period:789a06731adc1e0c8798,2024-03-02 21:07:29+00:00,,,QUALIFIED_LABEL_ONLY
Massu,period:a0f9da327c11cf3cc717,2024-03-08 21:07:46+00:00,,,QUALIFIED_LABEL_ONLY
Massu,period:448a8f91622619afdbe7,2024-03-14 20:08:02+00:00,,,QUALIFIED_LABEL_ONLY
Massu,period:18a8b98d7b5d7f0b7105,2024-03-22 20:08:04+00:00,,,QUALIFIED_LABEL_ONLY
Massu,period:0c3bfca85acd014e625d,2024-03-30 20:22:30+00:00,,,QUALIFIED_LABEL_ONLY
Massu,period:697d8a8453920f1ff1c8,2024-06-15 20:11:50+00:00,,,QUALIFIED_LABEL_ONLY
Massu,period:ea10f8bb7f189dc4197a,2024-06-22 20:11:50+00:00,,,QUALIFIED_LABEL_ONLY
Massu,period:fb51ebc6418ce68c46c6,2024-06-27 20:07:21+00:00,,,QUALIFIED_LABEL_ONLY
Massu,period:0f3dd675ff7b55987f43,2024-07-20 20:10:15+00:00,,,QUALIFIED_LABEL_ONLY
Massu,period:29c7eddc03e68fe96070,2024-07-27 20:09:19+00:00,,,QUALIFIED_LABEL_ONLY
Massu,period:03ffd32cfddfafb63d73,2024-08-03 20:08:15+00:00,,,QUALIFIED_LABEL_ONLY
Massu,period:cdd6b3ae49979eef3d9f,2024-08-10 20:07:50+00:00,,,QUALIFIED_LABEL_ONLY
Massu,period:5218e82018c8910d187b,2024-08-17 20:07:21+00:00,,,QUALIFIED_LABEL_ONLY
Massu,period:c0a1c4ffff2a32aacb10,2024-08-23 20:07:51+00:00,,,QUALIFIED_LABEL_ONLY
Massu,period:3685f26c9338932445a9,2024-08-30 20:08:40+00:00,,,QUALIFIED_LABEL_ONLY
Massu,period:77186dc9e4b5f1acc2df,2024-09-06 20:13:13+00:00,,,QUALIFIED_LABEL_ONLY
Massu,period:ee078790277fa6a5a0ce,2025-01-25 21:14:31+00:00,,,QUALIFIED_LABEL_ONLY
Massu,period:b08144b94745feadc04c,2025-02-01 21:06:58+00:00,,,QUALIFIED_LABEL_ONLY
Massu,period:bcc5730448bc2219d32a,2025-02-09 21:07:49+00:00,,,QUALIFIED_LABEL_ONLY
Massu,period:5a5260defef5072643d0,2025-04-05 20:14:15+00:00,,,QUALIFIED_LABEL_ONLY
Massu,period:fb622d9f67b0d1bacd81,2025-04-12 20:06:56+00:00,,,QUALIFIED_LABEL_ONLY
Massu,period:ab17bbbf5d12cdddc770,2025-04-19 20:08:34+00:00,,,QUALIFIED_LABEL_ONLY
Massu,period:0bd7b62868a6e6fa9a6d,2025-04-26 20:08:33+00:00,,,QUALIFIED_LABEL_ONLY
Massu,period:f91ca0f544586fb72c4d,2025-05-03 20:08:26+00:00,,,QUALIFIED_LABEL_ONLY
Massu,period:92eb584d41521b4a115a,2025-05-10 20:09:23+00:00,,,QUALIFIED_LABEL_ONLY
Massu,period:42a66f8e41011df34073,2025-05-17 20:08:05+00:00,,,QUALIFIED_LABEL_ONLY
Massu,period:769a792cb95be4e074fc,2025-05-24 20:07:34+00:00,,,QUALIFIED_LABEL_ONLY
Massu,period:b6b241bcd2df026a0c10,2025-06-07 20:06:56+00:00,,,QUALIFIED_LABEL_ONLY
Massu,period:780234292186bbac5f9e,2025-06-14 20:12:24+00:00,,,QUALIFIED_LABEL_ONLY
Massu,period:f92170f131413923b84c,2025-07-26 20:10:23+00:00,,,QUALIFIED_LABEL_ONLY
Massu,period:c7231b512ce5dfec31cf,2025-08-02 20:08:18+00:00,,,QUALIFIED_LABEL_ONLY
Massu,period:c139a580fc7ad181ea33,2025-08-09 20:06:58+00:00,,,QUALIFIED_LABEL_ONLY
Massu,period:9d2506f6d55754824303,2025-08-16 20:06:27+00:00,,,QUALIFIED_LABEL_ONLY
Massu,period:1ffa4e947c2611f80c97,2025-08-29 20:06:10+00:00,,,QUALIFIED_LABEL_ONLY
Massu,period:717827b0ee213b1efab1,2025-09-05 20:05:46+00:00,,,QUALIFIED_LABEL_ONLY
Massu,period:28d589eedfce312e1ad3,2026-01-24 21:24:34+00:00,,,QUALIFIED_LABEL_ONLY
Massu,period:70fac0200d695853ccdc,2026-01-31 21:07:01+00:00,,,QUALIFIED_LABEL_ONLY
Massu,period:b2e5a5987eefaa30eea2,2026-02-07 21:11:32+00:00,,,QUALIFIED_LABEL_ONLY
Massu,period:9c6a0a6efb8480316e54,2026-02-09 00:51:15+00:00,,,QUALIFIED_LABEL_ONLY
Massu,period:0433ceb2175e1870c17a,2026-02-14 21:11:50+00:00,,,QUALIFIED_LABEL_ONLY
Massu,period:d52af7b72997e89c8ea6,2026-02-20 21:09:00+00:00,,,QUALIFIED_LABEL_ONLY
Massu,period:74efed7e4a28a304cc30,2026-04-04 20:17:46+00:00,,,QUALIFIED_LABEL_ONLY
Massu,period:fc48b32f725285a09f66,2026-04-11 20:08:26+00:00,,,QUALIFIED_LABEL_ONLY
Massu,period:9ad9f360f988761d91c1,2026-04-18 20:07:45+00:00,,,QUALIFIED_LABEL_ONLY
Massu,period:b0a60cf2f3d3558f5e56,2026-04-25 20:09:02+00:00,,,QUALIFIED_LABEL_ONLY
Massu,period:0a890f671f8ce6bbde59,2026-05-02 20:10:20+00:00,,,QUALIFIED_LABEL_ONLY
Massu,period:bca1e648a46734294b57,2026-05-09 20:08:09+00:00,,,QUALIFIED_LABEL_ONLY
Massu,period:1c76ac6866aa6a71a894,2026-05-16 20:08:36+00:00,,,QUALIFIED_LABEL_ONLY
Massu,period:2ba54fbdb1ed8ce5723d,2026-05-23 20:10:31+00:00,,,QUALIFIED_LABEL_ONLY
Massu,period:646c3784493968152598,2026-05-30 20:10:37+00:00,,,QUALIFIED_LABEL_ONLY
Massu,period:76aa7cb585d2505649ba,2026-06-06 20:09:49+00:00,,,QUALIFIED_LABEL_ONLY
Massu,period:5afe139f56d9c0db8f2d,2026-07-25 20:13:30+00:00,,,QUALIFIED_LABEL_ONLY
Meech,period:27c11f42e65c97b901b8,2024-01-20 20:15:01+00:00,,,QUALIFIED_LABEL_ONLY
Meech,period:ab546300266e49331659,2024-01-27 20:15:48+00:00,,,QUALIFIED_LABEL_ONLY
Meech,period:f82eb58c594ccc349383,2024-02-02 21:12:22+00:00,,,QUALIFIED_LABEL_ONLY
Meech,period:06566a2ea584fecf6c15,2024-02-10 21:07:54+00:00,,,QUALIFIED_LABEL_ONLY
Meech,period:789a06731adc1e0c8798,2024-03-02 21:07:29+00:00,,,QUALIFIED_LABEL_ONLY
Meech,period:a0f9da327c11cf3cc717,2024-03-08 21:07:46+00:00,,,QUALIFIED_LABEL_ONLY
Meech,period:448a8f91622619afdbe7,2024-03-14 20:08:02+00:00,,,QUALIFIED_LABEL_ONLY
Meech,period:18a8b98d7b5d7f0b7105,2024-03-22 20:08:04+00:00,,,QUALIFIED_LABEL_ONLY
Meech,period:697d8a8453920f1ff1c8,2024-06-15 20:11:50+00:00,,,QUALIFIED_LABEL_ONLY
Meech,period:ea10f8bb7f189dc4197a,2024-06-22 20:11:50+00:00,,,QUALIFIED_LABEL_ONLY
Meech,period:fb51ebc6418ce68c46c6,2024-06-27 20:07:21+00:00,,,QUALIFIED_LABEL_ONLY
Meech,period:0f3dd675ff7b55987f43,2024-07-20 20:10:15+00:00,,,QUALIFIED_LABEL_ONLY
Meech,period:29c7eddc03e68fe96070,2024-07-27 20:09:19+00:00,,,QUALIFIED_LABEL_ONLY
Meteos,period:01bed218199c5fc6a295,2020-01-25 21:37:53+00:00,,,QUALIFIED_LABEL_ONLY
Meteos,period:18c306f73901eb8e548e,2020-02-01 21:36:35+00:00,,,QUALIFIED_LABEL_ONLY
Meteos,period:bd2e80371da37619c695,2020-02-08 21:30:18+00:00,,,QUALIFIED_LABEL_ONLY
Meteos,period:94dc307a169a4236f643,2020-02-15 21:33:19+00:00,,,QUALIFIED_LABEL_ONLY
Meteos,period:90cc39f891e2dbcab3ef,2020-02-22 21:37:14+00:00,,,QUALIFIED_LABEL_ONLY
Meteos,period:cb03c621696fc2e91764,2020-02-29 21:26:53+00:00,,,QUALIFIED_LABEL_ONLY
Meteos,period:14606e5066005561df07,2020-03-07 21:40:12+00:00,,,QUALIFIED_LABEL_ONLY
Meteos,period:b2e2840d56c789b5030c,2020-03-21 20:18:48+00:00,,,QUALIFIED_LABEL_ONLY
Meteos,period:666de7dcc2eb91211639,2020-03-28 20:29:42+00:00,,,QUALIFIED_LABEL_ONLY
Meteos,period:5a2658b56ec5d5c6a04d,2020-04-04 19:44:42+00:00,,,QUALIFIED_LABEL_ONLY
Meteos,period:1970df0ebd4246c6ea3b,2020-06-13 00:40:51+00:00,,,QUALIFIED_LABEL_ONLY
Meteos,period:3968b01a861a52d381a8,2020-06-20 00:31:26+00:00,,,QUALIFIED_LABEL_ONLY
Meteos,period:642a5bb7deff76d164b5,2020-06-27 00:39:52+00:00,,,QUALIFIED_LABEL_ONLY
Mia,period:4c81af754b6b135da741,2022-06-17 21:46:00+00:00,,,QUALIFIED_LABEL_ONLY
Mia,period:9098ed2cd53d3e50498b,2022-06-25 20:09:54+00:00,,,QUALIFIED_LABEL_ONLY
Mia,period:bd5d15bd6830501052ed,2022-07-02 20:14:47+00:00,,,QUALIFIED_LABEL_ONLY
Mobility,period:28d589eedfce312e1ad3,2026-01-24 21:24:34+00:00,,,QUALIFIED_LABEL_ONLY
Mobility,period:6186b6ccaf2d592d540a,2026-01-26 00:04:23+00:00,,,QUALIFIED_LABEL_ONLY
Morgan,period:28d589eedfce312e1ad3,2026-01-24 21:24:34+00:00,,,QUALIFIED_LABEL_ONLY
Morgan,period:70fac0200d695853ccdc,2026-01-31 21:07:01+00:00,,,QUALIFIED_LABEL_ONLY
Morgan,period:640bff8c4b7983edf208,2026-02-02 00:35:19+00:00,,,QUALIFIED_LABEL_ONLY
Morgan,period:b2e5a5987eefaa30eea2,2026-02-07 21:11:32+00:00,,,QUALIFIED_LABEL_ONLY
Morgan,period:9c6a0a6efb8480316e54,2026-02-09 00:51:15+00:00,,,QUALIFIED_LABEL_ONLY
Morgan,period:d52af7b72997e89c8ea6,2026-02-20 21:09:00+00:00,,,QUALIFIED_LABEL_ONLY
Morgan,period:b628e8f047ec274b8698,2026-02-27 21:09:38+00:00,,,QUALIFIED_LABEL_ONLY
Morgan,period:74efed7e4a28a304cc30,2026-04-04 20:17:46+00:00,,,QUALIFIED_LABEL_ONLY
Morgan,period:fc48b32f725285a09f66,2026-04-11 20:08:26+00:00,,,QUALIFIED_LABEL_ONLY
Morgan,period:9ad9f360f988761d91c1,2026-04-18 20:07:45+00:00,,,QUALIFIED_LABEL_ONLY
Morgan,period:b0a60cf2f3d3558f5e56,2026-04-25 20:09:02+00:00,,,QUALIFIED_LABEL_ONLY
Morgan,period:0a890f671f8ce6bbde59,2026-05-02 20:10:20+00:00,,,QUALIFIED_LABEL_ONLY
Morgan,period:bca1e648a46734294b57,2026-05-09 20:08:09+00:00,,,QUALIFIED_LABEL_ONLY
Morgan,period:1c76ac6866aa6a71a894,2026-05-16 20:08:36+00:00,,,QUALIFIED_LABEL_ONLY
Morgan,period:2ba54fbdb1ed8ce5723d,2026-05-23 20:10:31+00:00,,,QUALIFIED_LABEL_ONLY
Morgan,period:646c3784493968152598,2026-05-30 20:10:37+00:00,,,QUALIFIED_LABEL_ONLY
Morgan,period:76aa7cb585d2505649ba,2026-06-06 20:09:49+00:00,,,QUALIFIED_LABEL_ONLY
Morgan,period:2a0b31a43b9b5e794a24,2026-06-13 20:14:55+00:00,,,QUALIFIED_LABEL_ONLY
Morgan,period:5afe139f56d9c0db8f2d,2026-07-25 20:13:30+00:00,,,QUALIFIED_LABEL_ONLY
Neo,period:fcb777e33a04482e7bfb,2021-01-15 23:10:17+00:00,,,QUALIFIED_LABEL_ONLY
Neo,period:2e302fc7c4bd7a4b3864,2021-01-22 22:29:56+00:00,,,QUALIFIED_LABEL_ONLY
Neo,period:7c66db573c65177b96bf,2021-02-05 22:24:44+00:00,,,QUALIFIED_LABEL_ONLY
Neo,period:19d1212ec047ea2c2e1c,2021-02-12 22:29:59+00:00,,,QUALIFIED_LABEL_ONLY
Neo,period:577ed5ecd652eb981e79,2021-02-19 22:21:31+00:00,,,QUALIFIED_LABEL_ONLY
Neo,period:3482fd65afd711052651,2021-02-26 22:23:25+00:00,,,QUALIFIED_LABEL_ONLY
Neo,period:433079f36e14953ffe3e,2021-03-05 22:15:28+00:00,,,QUALIFIED_LABEL_ONLY
Neo,period:2eea81e5fabdc42a729f,2021-03-12 22:24:45+00:00,,,QUALIFIED_LABEL_ONLY
Neo,period:22dfd57f1594beeba715,2021-03-27 19:16:36+00:00,,,QUALIFIED_LABEL_ONLY
Neo,period:debddf61a872640eadfb,2021-06-04 22:02:02+00:00,,,QUALIFIED_LABEL_ONLY
Neo,period:24ddb9953986c3386cb5,2021-06-11 21:37:50+00:00,,,QUALIFIED_LABEL_ONLY
Neo,period:111e9dfa6ccd70cbab3b,2021-06-18 21:02:38+00:00,,,QUALIFIED_LABEL_ONLY
Neo,period:32c02d32a3c87111d752,2021-06-25 21:33:16+00:00,,,QUALIFIED_LABEL_ONLY
Neo,period:4f8f85e36ba842416702,2021-07-02 21:10:28+00:00,,,QUALIFIED_LABEL_ONLY
Neo,period:490dcd8b072f0c76bfcd,2021-07-09 21:35:31+00:00,,,QUALIFIED_LABEL_ONLY
Neo,period:5ede35b384e34b4e7cf7,2021-07-16 21:20:22+00:00,,,QUALIFIED_LABEL_ONLY
Neo,period:5befa75590802ab7de54,2021-07-23 20:58:06+00:00,,,QUALIFIED_LABEL_ONLY
Neo,period:afb91f11a5c9c66cc35b,2021-07-30 21:12:55+00:00,,,QUALIFIED_LABEL_ONLY
Neo,period:a8f8fd7e2f96bbacb87c,2021-08-07 20:23:28+00:00,,,QUALIFIED_LABEL_ONLY
Neo,period:3951db25bbaff1ec59cd,2021-08-12 21:13:39+00:00,,,QUALIFIED_LABEL_ONLY
Neo,period:3921ed3cc984afb56c50,2022-01-14 21:26:31+00:00,,,QUALIFIED_LABEL_ONLY
Neo,period:ea5caa919fbd4b75da18,2022-01-21 21:45:47+00:00,,,QUALIFIED_LABEL_ONLY
Neo,period:3b01aa4d9786587a33b3,2022-01-28 21:53:04+00:00,,,QUALIFIED_LABEL_ONLY
Neo,period:5a26c3b6318c7b633520,2022-02-05 20:33:18+00:00,,,QUALIFIED_LABEL_ONLY
Neo,period:44168f74464b99791ba3,2022-02-12 20:53:38+00:00,,,QUALIFIED_LABEL_ONLY
Neo,period:466f661effb9208a840b,2022-02-19 20:54:27+00:00,,,QUALIFIED_LABEL_ONLY
Neo,period:4138ca482beb4344e9ad,2022-02-25 22:37:00+00:00,,,QUALIFIED_LABEL_ONLY
Neo,period:7a928b9ecc895d38667e,2022-03-05 21:01:58+00:00,,,QUALIFIED_LABEL_ONLY
Neo,period:bfbcb255cff7d2c3894f,2022-03-12 21:07:29+00:00,,,QUALIFIED_LABEL_ONLY
Neo,period:9a704a25f780f56ebe1b,2022-03-19 19:32:42+00:00,,,QUALIFIED_LABEL_ONLY
Neo,period:2543e9e0dda5edca0977,2022-03-25 20:43:57+00:00,,,QUALIFIED_LABEL_ONLY
Neo,period:4c81af754b6b135da741,2022-06-17 21:46:00+00:00,,,QUALIFIED_LABEL_ONLY
Neo,period:9098ed2cd53d3e50498b,2022-06-25 20:09:54+00:00,,,QUALIFIED_LABEL_ONLY
Neo,period:bd5d15bd6830501052ed,2022-07-02 20:14:47+00:00,,,QUALIFIED_LABEL_ONLY
Neo,period:a1385753e89a22ad7415,2022-07-16 20:31:00+00:00,,,QUALIFIED_LABEL_ONLY
Neo,period:452655f2bc33b5b76085,2023-01-26 22:16:48+00:00,,,QUALIFIED_LABEL_ONLY
Neo,period:9ad2bd3e76204c678ee3,2023-02-02 22:06:55+00:00,,,QUALIFIED_LABEL_ONLY
Neo,period:5193f604ed2f15e301e1,2023-02-09 22:07:17+00:00,,,QUALIFIED_LABEL_ONLY
Neo,period:2b3de7782bdf56dc82d0,2023-02-15 22:07:50+00:00,,,QUALIFIED_LABEL_ONLY
Neo,period:36d3f31311f21e914d55,2023-02-23 22:06:52+00:00,,,QUALIFIED_LABEL_ONLY
Newbie,period:fcb777e33a04482e7bfb,2021-01-15 23:10:17+00:00,,,QUALIFIED_LABEL_ONLY
Newbie,period:2e302fc7c4bd7a4b3864,2021-01-22 22:29:56+00:00,,,QUALIFIED_LABEL_ONLY
Newbie,period:7c66db573c65177b96bf,2021-02-05 22:24:44+00:00,,,QUALIFIED_LABEL_ONLY
Newbie,period:19d1212ec047ea2c2e1c,2021-02-12 22:29:59+00:00,,,QUALIFIED_LABEL_ONLY
Newbie,period:577ed5ecd652eb981e79,2021-02-19 22:21:31+00:00,,,QUALIFIED_LABEL_ONLY
Newbie,period:3482fd65afd711052651,2021-02-26 22:23:25+00:00,,,QUALIFIED_LABEL_ONLY
Newbie,period:433079f36e14953ffe3e,2021-03-05 22:15:28+00:00,,,QUALIFIED_LABEL_ONLY
Newbie,period:2eea81e5fabdc42a729f,2021-03-12 22:24:45+00:00,,,QUALIFIED_LABEL_ONLY
Niles,period:fcb777e33a04482e7bfb,2021-01-15 23:10:17+00:00,,,QUALIFIED_LABEL_ONLY
Niles,period:2e302fc7c4bd7a4b3864,2021-01-22 22:29:56+00:00,,,QUALIFIED_LABEL_ONLY
Niles,period:7c66db573c65177b96bf,2021-02-05 22:24:44+00:00,,,QUALIFIED_LABEL_ONLY
Niles,period:19d1212ec047ea2c2e1c,2021-02-12 22:29:59+00:00,,,QUALIFIED_LABEL_ONLY
Niles,period:577ed5ecd652eb981e79,2021-02-19 22:21:31+00:00,,,QUALIFIED_LABEL_ONLY
Niles,period:3482fd65afd711052651,2021-02-26 22:23:25+00:00,,,QUALIFIED_LABEL_ONLY
Niles,period:433079f36e14953ffe3e,2021-03-05 22:15:28+00:00,,,QUALIFIED_LABEL_ONLY
Niles,period:2eea81e5fabdc42a729f,2021-03-12 22:24:45+00:00,,,QUALIFIED_LABEL_ONLY
Nisqy,period:01bed218199c5fc6a295,2020-01-25 21:37:53+00:00,,,QUALIFIED_LABEL_ONLY
Nisqy,period:18c306f73901eb8e548e,2020-02-01 21:36:35+00:00,,,QUALIFIED_LABEL_ONLY
Nisqy,period:bd2e80371da37619c695,2020-02-08 21:30:18+00:00,,,QUALIFIED_LABEL_ONLY
Nisqy,period:94dc307a169a4236f643,2020-02-15 21:33:19+00:00,,,QUALIFIED_LABEL_ONLY
Nisqy,period:90cc39f891e2dbcab3ef,2020-02-22 21:37:14+00:00,,,QUALIFIED_LABEL_ONLY
Nisqy,period:cb03c621696fc2e91764,2020-02-29 21:26:53+00:00,,,QUALIFIED_LABEL_ONLY
Nisqy,period:14606e5066005561df07,2020-03-07 21:40:12+00:00,,,QUALIFIED_LABEL_ONLY
Nisqy,period:b2e2840d56c789b5030c,2020-03-21 20:18:48+00:00,,,QUALIFIED_LABEL_ONLY
Nisqy,period:666de7dcc2eb91211639,2020-03-28 20:29:42+00:00,,,QUALIFIED_LABEL_ONLY
Nisqy,period:5a2658b56ec5d5c6a04d,2020-04-04 19:44:42+00:00,,,QUALIFIED_LABEL_ONLY
Nisqy,period:be73ead0e53874776373,2020-04-18 19:37:34+00:00,,,QUALIFIED_LABEL_ONLY
Nisqy,period:1970df0ebd4246c6ea3b,2020-06-13 00:40:51+00:00,,,QUALIFIED_LABEL_ONLY
Nisqy,period:3968b01a861a52d381a8,2020-06-20 00:31:26+00:00,,,QUALIFIED_LABEL_ONLY
Nisqy,period:642a5bb7deff76d164b5,2020-06-27 00:39:52+00:00,,,QUALIFIED_LABEL_ONLY
Nisqy,period:7813fa8e90f59320de07,2020-07-04 00:21:06+00:00,,,QUALIFIED_LABEL_ONLY
Nisqy,period:1e2c5a7144cf9a8bc308,2020-07-11 00:50:27+00:00,,,QUALIFIED_LABEL_ONLY
Nisqy,period:2d69b4a154591d5cca77,2020-07-18 00:30:49+00:00,,,QUALIFIED_LABEL_ONLY
Nisqy,period:fe3df3b5886d9a4a5234,2020-07-25 00:38:07+00:00,,,QUALIFIED_LABEL_ONLY
Nisqy,period:3e89f4975798019beec8,2020-08-01 00:35:44+00:00,,,QUALIFIED_LABEL_ONLY
Nisqy,period:9cfbd3e5ecdd20626eed,2020-08-08 00:43:41+00:00,,,QUALIFIED_LABEL_ONLY
Nisqy,period:38cb400566e2a3aee1c8,2020-08-20 19:31:44+00:00,,,QUALIFIED_LABEL_ONLY
Nisqy,period:53a986e97c4e64053db8,2020-08-29 19:32:38+00:00,,,QUALIFIED_LABEL_ONLY
Nukeduck,period:3943367d2ce567a9fae3,2023-06-14 21:13:03+00:00,,,QUALIFIED_LABEL_ONLY
Nxi,period:fcb777e33a04482e7bfb,2021-01-15 23:10:17+00:00,,,QUALIFIED_LABEL_ONLY
Nxi,period:490dcd8b072f0c76bfcd,2021-07-09 21:35:31+00:00,,,QUALIFIED_LABEL_ONLY
Nxi,period:5ede35b384e34b4e7cf7,2021-07-16 21:20:22+00:00,,,QUALIFIED_LABEL_ONLY
Nxi,period:5befa75590802ab7de54,2021-07-23 20:58:06+00:00,,,QUALIFIED_LABEL_ONLY
Oddie,period:ee078790277fa6a5a0ce,2025-01-25 21:14:31+00:00,,,QUALIFIED_LABEL_ONLY
Oddie,period:b08144b94745feadc04c,2025-02-01 21:06:58+00:00,,,QUALIFIED_LABEL_ONLY
Oddie,period:5a5260defef5072643d0,2025-04-05 20:14:15+00:00,,,QUALIFIED_LABEL_ONLY
Oddie,period:fb622d9f67b0d1bacd81,2025-04-12 20:06:56+00:00,,,QUALIFIED_LABEL_ONLY
Oddie,period:ab17bbbf5d12cdddc770,2025-04-19 20:08:34+00:00,,,QUALIFIED_LABEL_ONLY
Oddie,period:0bd7b62868a6e6fa9a6d,2025-04-26 20:08:33+00:00,,,QUALIFIED_LABEL_ONLY
Oddie,period:f91ca0f544586fb72c4d,2025-05-03 20:08:26+00:00,,,QUALIFIED_LABEL_ONLY
Oddie,period:92eb584d41521b4a115a,2025-05-10 20:09:23+00:00,,,QUALIFIED_LABEL_ONLY
Oddie,period:42a66f8e41011df34073,2025-05-17 20:08:05+00:00,,,QUALIFIED_LABEL_ONLY
Oddie,period:f92170f131413923b84c,2025-07-26 20:10:23+00:00,,,QUALIFIED_LABEL_ONLY
Oddie,period:c7231b512ce5dfec31cf,2025-08-02 20:08:18+00:00,,,QUALIFIED_LABEL_ONLY
Oddie,period:c139a580fc7ad181ea33,2025-08-09 20:06:58+00:00,,,QUALIFIED_LABEL_ONLY
Oddie,period:7c6d5817a7155f3a80bb,2025-08-23 20:06:29+00:00,,,QUALIFIED_LABEL_ONLY
Olleh,period:5a26c3b6318c7b633520,2022-02-05 20:33:18+00:00,,,QUALIFIED_LABEL_ONLY
Olleh,period:44168f74464b99791ba3,2022-02-12 20:53:38+00:00,,,QUALIFIED_LABEL_ONLY
Olleh,period:466f661effb9208a840b,2022-02-19 20:54:27+00:00,,,QUALIFIED_LABEL_ONLY
Olleh,period:4138ca482beb4344e9ad,2022-02-25 22:37:00+00:00,,,QUALIFIED_LABEL_ONLY
Olleh,period:7a928b9ecc895d38667e,2022-03-05 21:01:58+00:00,,,QUALIFIED_LABEL_ONLY
Olleh,period:bfbcb255cff7d2c3894f,2022-03-12 21:07:29+00:00,,,QUALIFIED_LABEL_ONLY
Olleh,period:9a704a25f780f56ebe1b,2022-03-19 19:32:42+00:00,,,QUALIFIED_LABEL_ONLY
Olleh,period:2543e9e0dda5edca0977,2022-03-25 20:43:57+00:00,,,QUALIFIED_LABEL_ONLY
Olleh,period:feb156c0b7ef67e8a92a,2022-04-09 20:43:33+00:00,,,QUALIFIED_LABEL_ONLY
Olleh,period:4c81af754b6b135da741,2022-06-17 21:46:00+00:00,,,QUALIFIED_LABEL_ONLY
Olleh,period:9098ed2cd53d3e50498b,2022-06-25 20:09:54+00:00,,,QUALIFIED_LABEL_ONLY
Olleh,period:bd5d15bd6830501052ed,2022-07-02 20:14:47+00:00,,,QUALIFIED_LABEL_ONLY
Olleh,period:a1385753e89a22ad7415,2022-07-16 20:31:00+00:00,,,QUALIFIED_LABEL_ONLY
Olleh,period:d36d780bd6e08d095d27,2022-07-23 20:43:00+00:00,,,QUALIFIED_LABEL_ONLY
Olleh,period:ab4c55f2271a097a29e2,2022-07-30 20:03:25+00:00,,,QUALIFIED_LABEL_ONLY
Olleh,period:e268d0eb9109f8185a29,2022-08-12 20:55:46+00:00,,,QUALIFIED_LABEL_ONLY
Olleh,period:f6ad6d70568c5aa4ddb9,2022-08-25 19:37:29+00:00,,,QUALIFIED_LABEL_ONLY
Olleh,period:27c11f42e65c97b901b8,2024-01-20 20:15:01+00:00,,,QUALIFIED_LABEL_ONLY
Olleh,period:ab546300266e49331659,2024-01-27 20:15:48+00:00,,,QUALIFIED_LABEL_ONLY
Olleh,period:f82eb58c594ccc349383,2024-02-02 21:12:22+00:00,,,QUALIFIED_LABEL_ONLY
Olleh,period:06566a2ea584fecf6c15,2024-02-10 21:07:54+00:00,,,QUALIFIED_LABEL_ONLY
Olleh,period:789a06731adc1e0c8798,2024-03-02 21:07:29+00:00,,,QUALIFIED_LABEL_ONLY
Olleh,period:a0f9da327c11cf3cc717,2024-03-08 21:07:46+00:00,,,QUALIFIED_LABEL_ONLY
Olleh,period:697d8a8453920f1ff1c8,2024-06-15 20:11:50+00:00,,,QUALIFIED_LABEL_ONLY
Olleh,period:ea10f8bb7f189dc4197a,2024-06-22 20:11:50+00:00,,,QUALIFIED_LABEL_ONLY
Olleh,period:fb51ebc6418ce68c46c6,2024-06-27 20:07:21+00:00,,,QUALIFIED_LABEL_ONLY
Olleh,period:0f3dd675ff7b55987f43,2024-07-20 20:10:15+00:00,,,QUALIFIED_LABEL_ONLY
Olleh,period:29c7eddc03e68fe96070,2024-07-27 20:09:19+00:00,,,QUALIFIED_LABEL_ONLY
Olleh,period:03ffd32cfddfafb63d73,2024-08-03 20:08:15+00:00,,,QUALIFIED_LABEL_ONLY
Olleh,period:cdd6b3ae49979eef3d9f,2024-08-10 20:07:50+00:00,,,QUALIFIED_LABEL_ONLY
Palafox,period:fcb777e33a04482e7bfb,2021-01-15 23:10:17+00:00,,,QUALIFIED_LABEL_ONLY
Palafox,period:2e302fc7c4bd7a4b3864,2021-01-22 22:29:56+00:00,,,QUALIFIED_LABEL_ONLY
Palafox,period:7c66db573c65177b96bf,2021-02-05 22:24:44+00:00,,,QUALIFIED_LABEL_ONLY
Palafox,period:19d1212ec047ea2c2e1c,2021-02-12 22:29:59+00:00,,,QUALIFIED_LABEL_ONLY
Palafox,period:577ed5ecd652eb981e79,2021-02-19 22:21:31+00:00,,,QUALIFIED_LABEL_ONLY
Palafox,period:3482fd65afd711052651,2021-02-26 22:23:25+00:00,,,QUALIFIED_LABEL_ONLY
Palafox,period:433079f36e14953ffe3e,2021-03-05 22:15:28+00:00,,,QUALIFIED_LABEL_ONLY
Palafox,period:2eea81e5fabdc42a729f,2021-03-12 22:24:45+00:00,,,QUALIFIED_LABEL_ONLY
Palafox,period:debddf61a872640eadfb,2021-06-04 22:02:02+00:00,,,QUALIFIED_LABEL_ONLY
Palafox,period:24ddb9953986c3386cb5,2021-06-11 21:37:50+00:00,,,QUALIFIED_LABEL_ONLY
Palafox,period:111e9dfa6ccd70cbab3b,2021-06-18 21:02:38+00:00,,,QUALIFIED_LABEL_ONLY
Palafox,period:32c02d32a3c87111d752,2021-06-25 21:33:16+00:00,,,QUALIFIED_LABEL_ONLY
Palafox,period:4f8f85e36ba842416702,2021-07-02 21:10:28+00:00,,,QUALIFIED_LABEL_ONLY
Palafox,period:afb91f11a5c9c66cc35b,2021-07-30 21:12:55+00:00,,,QUALIFIED_LABEL_ONLY
Palafox,period:3921ed3cc984afb56c50,2022-01-14 21:26:31+00:00,,,QUALIFIED_LABEL_ONLY
Palafox,period:ea5caa919fbd4b75da18,2022-01-21 21:45:47+00:00,,,QUALIFIED_LABEL_ONLY
Palafox,period:5a26c3b6318c7b633520,2022-02-05 20:33:18+00:00,,,QUALIFIED_LABEL_ONLY
Palafox,period:44168f74464b99791ba3,2022-02-12 20:53:38+00:00,,,QUALIFIED_LABEL_ONLY
Palafox,period:466f661effb9208a840b,2022-02-19 20:54:27+00:00,,,QUALIFIED_LABEL_ONLY
Palafox,period:4138ca482beb4344e9ad,2022-02-25 22:37:00+00:00,,,QUALIFIED_LABEL_ONLY
Palafox,period:7a928b9ecc895d38667e,2022-03-05 21:01:58+00:00,,,QUALIFIED_LABEL_ONLY
Palafox,period:bfbcb255cff7d2c3894f,2022-03-12 21:07:29+00:00,,,QUALIFIED_LABEL_ONLY
Palafox,period:9a704a25f780f56ebe1b,2022-03-19 19:32:42+00:00,,,QUALIFIED_LABEL_ONLY
Palafox,period:2543e9e0dda5edca0977,2022-03-25 20:43:57+00:00,,,QUALIFIED_LABEL_ONLY
Palafox,period:4c81af754b6b135da741,2022-06-17 21:46:00+00:00,,,QUALIFIED_LABEL_ONLY
Palafox,period:9098ed2cd53d3e50498b,2022-06-25 20:09:54+00:00,,,QUALIFIED_LABEL_ONLY
Palafox,period:bd5d15bd6830501052ed,2022-07-02 20:14:47+00:00,,,QUALIFIED_LABEL_ONLY
Palafox,period:a1385753e89a22ad7415,2022-07-16 20:31:00+00:00,,,QUALIFIED_LABEL_ONLY
Palafox,period:d36d780bd6e08d095d27,2022-07-23 20:43:00+00:00,,,QUALIFIED_LABEL_ONLY
Palafox,period:ab4c55f2271a097a29e2,2022-07-30 20:03:25+00:00,,,QUALIFIED_LABEL_ONLY
Palafox,period:9310314000d1dccfe6ae,2022-08-06 20:08:43+00:00,,,QUALIFIED_LABEL_ONLY
Palafox,period:e268d0eb9109f8185a29,2022-08-12 20:55:46+00:00,,,QUALIFIED_LABEL_ONLY
Palafox,period:fcd21c282bb6eb984919,2022-08-20 19:32:26+00:00,,,QUALIFIED_LABEL_ONLY
Palafox,period:f6ad6d70568c5aa4ddb9,2022-08-25 19:37:29+00:00,,,QUALIFIED_LABEL_ONLY
Palafox,period:f14a4fb0f93da34e9201,2022-09-01 19:27:30+00:00,,,QUALIFIED_LABEL_ONLY
Palafox,period:452655f2bc33b5b76085,2023-01-26 22:16:48+00:00,,,QUALIFIED_LABEL_ONLY
Palafox,period:9ad2bd3e76204c678ee3,2023-02-02 22:06:55+00:00,,,QUALIFIED_LABEL_ONLY
Palafox,period:5193f604ed2f15e301e1,2023-02-09 22:07:17+00:00,,,QUALIFIED_LABEL_ONLY
Palafox,period:2b3de7782bdf56dc82d0,2023-02-15 22:07:50+00:00,,,QUALIFIED_LABEL_ONLY
Palafox,period:36d3f31311f21e914d55,2023-02-23 22:06:52+00:00,,,QUALIFIED_LABEL_ONLY
Palafox,period:83278694723ba910058b,2023-03-02 22:08:20+00:00,,,QUALIFIED_LABEL_ONLY
Palafox,period:402a134be7abbe005149,2023-03-09 22:22:41+00:00,,,QUALIFIED_LABEL_ONLY
Palafox,period:8d9d5d3f36e034ced562,2023-03-15 21:07:53+00:00,,,QUALIFIED_LABEL_ONLY
Palafox,period:d990ac8b125022094901,2023-03-23 21:10:53+00:00,,,QUALIFIED_LABEL_ONLY
Palafox,period:3943367d2ce567a9fae3,2023-06-14 21:13:03+00:00,,,QUALIFIED_LABEL_ONLY
Palafox,period:f2ee99995367bf0fc030,2023-06-21 21:07:31+00:00,,,QUALIFIED_LABEL_ONLY
Palafox,period:c790283b449e6bb25672,2023-06-28 21:06:50+00:00,,,QUALIFIED_LABEL_ONLY
Palafox,period:ff185424af4133395119,2023-07-05 21:05:49+00:00,,,QUALIFIED_LABEL_ONLY
Palafox,period:36cf05276a8bbe55409a,2023-07-12 21:06:58+00:00,,,QUALIFIED_LABEL_ONLY
Palafox,period:dd1399a0cf2f56138daa,2023-07-19 21:07:18+00:00,,,QUALIFIED_LABEL_ONLY
Palafox,period:67a5ff4d5b051b402092,2023-07-27 21:07:41+00:00,,,QUALIFIED_LABEL_ONLY
Palafox,period:4520b87081b51698489a,2023-08-03 21:07:08+00:00,,,QUALIFIED_LABEL_ONLY
Palafox,period:a7fd1e72d2ba831ccc8d,2023-08-10 21:10:37+00:00,,,QUALIFIED_LABEL_ONLY
Palafox,period:c21bdc9dc5e7a7f7922d,2023-08-19 20:18:53+00:00,,,QUALIFIED_LABEL_ONLY
Palafox,period:27c11f42e65c97b901b8,2024-01-20 20:15:01+00:00,,,QUALIFIED_LABEL_ONLY
Palafox,period:ab546300266e49331659,2024-01-27 20:15:48+00:00,,,QUALIFIED_LABEL_ONLY
Palafox,period:f82eb58c594ccc349383,2024-02-02 21:12:22+00:00,,,QUALIFIED_LABEL_ONLY
Palafox,period:06566a2ea584fecf6c15,2024-02-10 21:07:54+00:00,,,QUALIFIED_LABEL_ONLY
Palafox,period:789a06731adc1e0c8798,2024-03-02 21:07:29+00:00,,,QUALIFIED_LABEL_ONLY
Palafox,period:a0f9da327c11cf3cc717,2024-03-08 21:07:46+00:00,,,QUALIFIED_LABEL_ONLY
Palafox,period:448a8f91622619afdbe7,2024-03-14 20:08:02+00:00,,,QUALIFIED_LABEL_ONLY
Palafox,period:697d8a8453920f1ff1c8,2024-06-15 20:11:50+00:00,,,QUALIFIED_LABEL_ONLY
Palafox,period:ea10f8bb7f189dc4197a,2024-06-22 20:11:50+00:00,,,QUALIFIED_LABEL_ONLY
Palafox,period:fb51ebc6418ce68c46c6,2024-06-27 20:07:21+00:00,,,QUALIFIED_LABEL_ONLY
Palafox,period:0f3dd675ff7b55987f43,2024-07-20 20:10:15+00:00,,,QUALIFIED_LABEL_ONLY
Palafox,period:29c7eddc03e68fe96070,2024-07-27 20:09:19+00:00,,,QUALIFIED_LABEL_ONLY
Palafox,period:03ffd32cfddfafb63d73,2024-08-03 20:08:15+00:00,,,QUALIFIED_LABEL_ONLY
Palafox,period:cdd6b3ae49979eef3d9f,2024-08-10 20:07:50+00:00,,,QUALIFIED_LABEL_ONLY
Palafox,period:5218e82018c8910d187b,2024-08-17 20:07:21+00:00,,,QUALIFIED_LABEL_ONLY
Palafox,period:c0a1c4ffff2a32aacb10,2024-08-23 20:07:51+00:00,,,QUALIFIED_LABEL_ONLY
Palafox,period:ee078790277fa6a5a0ce,2025-01-25 21:14:31+00:00,,,QUALIFIED_LABEL_ONLY
Palafox,period:b08144b94745feadc04c,2025-02-01 21:06:58+00:00,,,QUALIFIED_LABEL_ONLY
Palafox,period:bcc5730448bc2219d32a,2025-02-09 21:07:49+00:00,,,QUALIFIED_LABEL_ONLY
Palafox,period:5a5260defef5072643d0,2025-04-05 20:14:15+00:00,,,QUALIFIED_LABEL_ONLY
Palafox,period:fb622d9f67b0d1bacd81,2025-04-12 20:06:56+00:00,,,QUALIFIED_LABEL_ONLY
Palafox,period:ab17bbbf5d12cdddc770,2025-04-19 20:08:34+00:00,,,QUALIFIED_LABEL_ONLY
Palafox,period:0bd7b62868a6e6fa9a6d,2025-04-26 20:08:33+00:00,,,QUALIFIED_LABEL_ONLY
Palafox,period:f91ca0f544586fb72c4d,2025-05-03 20:08:26+00:00,,,QUALIFIED_LABEL_ONLY
Palafox,period:92eb584d41521b4a115a,2025-05-10 20:09:23+00:00,,,QUALIFIED_LABEL_ONLY
Palafox,period:42a66f8e41011df34073,2025-05-17 20:08:05+00:00,,,QUALIFIED_LABEL_ONLY
Palafox,period:769a792cb95be4e074fc,2025-05-24 20:07:34+00:00,,,QUALIFIED_LABEL_ONLY
Palafox,period:540a575a08edacdeb808,2025-05-31 20:08:28+00:00,,,QUALIFIED_LABEL_ONLY
Palafox,period:b6b241bcd2df026a0c10,2025-06-07 20:06:56+00:00,,,QUALIFIED_LABEL_ONLY
Palafox,period:780234292186bbac5f9e,2025-06-14 20:12:24+00:00,,,QUALIFIED_LABEL_ONLY
Palafox,period:f92170f131413923b84c,2025-07-26 20:10:23+00:00,,,QUALIFIED_LABEL_ONLY
Palafox,period:c7231b512ce5dfec31cf,2025-08-02 20:08:18+00:00,,,QUALIFIED_LABEL_ONLY
Palafox,period:c139a580fc7ad181ea33,2025-08-09 20:06:58+00:00,,,QUALIFIED_LABEL_ONLY
Palafox,period:9d2506f6d55754824303,2025-08-16 20:06:27+00:00,,,QUALIFIED_LABEL_ONLY
Palafox,period:1ffa4e947c2611f80c97,2025-08-29 20:06:10+00:00,,,QUALIFIED_LABEL_ONLY
Palafox,period:717827b0ee213b1efab1,2025-09-05 20:05:46+00:00,,,QUALIFIED_LABEL_ONLY
Palafox,period:28d589eedfce312e1ad3,2026-01-24 21:24:34+00:00,,,QUALIFIED_LABEL_ONLY
Palafox,period:6186b6ccaf2d592d540a,2026-01-26 00:04:23+00:00,,,QUALIFIED_LABEL_ONLY
Palafox,period:70fac0200d695853ccdc,2026-01-31 21:07:01+00:00,,,QUALIFIED_LABEL_ONLY
Palafox,period:b2e5a5987eefaa30eea2,2026-02-07 21:11:32+00:00,,,QUALIFIED_LABEL_ONLY
Palafox,period:9c6a0a6efb8480316e54,2026-02-09 00:51:15+00:00,,,QUALIFIED_LABEL_ONLY
Palafox,period:74efed7e4a28a304cc30,2026-04-04 20:17:46+00:00,,,QUALIFIED_LABEL_ONLY
Palafox,period:fc48b32f725285a09f66,2026-04-11 20:08:26+00:00,,,QUALIFIED_LABEL_ONLY
Palafox,period:9ad9f360f988761d91c1,2026-04-18 20:07:45+00:00,,,QUALIFIED_LABEL_ONLY
Palafox,period:b0a60cf2f3d3558f5e56,2026-04-25 20:09:02+00:00,,,QUALIFIED_LABEL_ONLY
Palafox,period:0a890f671f8ce6bbde59,2026-05-02 20:10:20+00:00,,,QUALIFIED_LABEL_ONLY
Palafox,period:bca1e648a46734294b57,2026-05-09 20:08:09+00:00,,,QUALIFIED_LABEL_ONLY
Palafox,period:1c76ac6866aa6a71a894,2026-05-16 20:08:36+00:00,,,QUALIFIED_LABEL_ONLY
Palafox,period:5afe139f56d9c0db8f2d,2026-07-25 20:13:30+00:00,,,QUALIFIED_LABEL_ONLY
Perkz,period:fcb777e33a04482e7bfb,2021-01-15 23:10:17+00:00,,,QUALIFIED_LABEL_ONLY
Perkz,period:2e302fc7c4bd7a4b3864,2021-01-22 22:29:56+00:00,,,QUALIFIED_LABEL_ONLY
Perkz,period:9b9f3f2ec839feb3a947,2021-01-29 22:28:31+00:00,,,QUALIFIED_LABEL_ONLY
Perkz,period:7c66db573c65177b96bf,2021-02-05 22:24:44+00:00,,,QUALIFIED_LABEL_ONLY
Perkz,period:19d1212ec047ea2c2e1c,2021-02-12 22:29:59+00:00,,,QUALIFIED_LABEL_ONLY
Perkz,period:577ed5ecd652eb981e79,2021-02-19 22:21:31+00:00,,,QUALIFIED_LABEL_ONLY
Perkz,period:3482fd65afd711052651,2021-02-26 22:23:25+00:00,,,QUALIFIED_LABEL_ONLY
Perkz,period:433079f36e14953ffe3e,2021-03-05 22:15:28+00:00,,,QUALIFIED_LABEL_ONLY
Perkz,period:2eea81e5fabdc42a729f,2021-03-12 22:24:45+00:00,,,QUALIFIED_LABEL_ONLY
Perkz,period:4a6e60b4d46361a99310,2021-03-20 19:21:03+00:00,,,QUALIFIED_LABEL_ONLY
Perkz,period:8e2682918e14580d212b,2021-04-03 19:17:31+00:00,,,QUALIFIED_LABEL_ONLY
Perkz,period:759dd00fd0d693b754cc,2021-04-10 19:41:22+00:00,,,QUALIFIED_LABEL_ONLY
Perkz,period:debddf61a872640eadfb,2021-06-04 22:02:02+00:00,,,QUALIFIED_LABEL_ONLY
Perkz,period:24ddb9953986c3386cb5,2021-06-11 21:37:50+00:00,,,QUALIFIED_LABEL_ONLY
Perkz,period:111e9dfa6ccd70cbab3b,2021-06-18 21:02:38+00:00,,,QUALIFIED_LABEL_ONLY
Perkz,period:32c02d32a3c87111d752,2021-06-25 21:33:16+00:00,,,QUALIFIED_LABEL_ONLY
Perkz,period:4f8f85e36ba842416702,2021-07-02 21:10:28+00:00,,,QUALIFIED_LABEL_ONLY
Perkz,period:490dcd8b072f0c76bfcd,2021-07-09 21:35:31+00:00,,,QUALIFIED_LABEL_ONLY
Perkz,period:5ede35b384e34b4e7cf7,2021-07-16 21:20:22+00:00,,,QUALIFIED_LABEL_ONLY
Perkz,period:5befa75590802ab7de54,2021-07-23 20:58:06+00:00,,,QUALIFIED_LABEL_ONLY
Perkz,period:afb91f11a5c9c66cc35b,2021-07-30 21:12:55+00:00,,,QUALIFIED_LABEL_ONLY
Perkz,period:a8f8fd7e2f96bbacb87c,2021-08-07 20:23:28+00:00,,,QUALIFIED_LABEL_ONLY
Perkz,period:3951db25bbaff1ec59cd,2021-08-12 21:13:39+00:00,,,QUALIFIED_LABEL_ONLY
Perkz,period:7c5e83ab4c6a7ca8c86a,2021-08-19 21:11:40+00:00,,,QUALIFIED_LABEL_ONLY
Perkz,period:dbb9ba645ae8a19c6555,2021-08-28 19:41:05+00:00,,,QUALIFIED_LABEL_ONLY
Philip,period:4c81af754b6b135da741,2022-06-17 21:46:00+00:00,,,QUALIFIED_LABEL_ONLY
Philip,period:9098ed2cd53d3e50498b,2022-06-25 20:09:54+00:00,,,QUALIFIED_LABEL_ONLY
Philip,period:bd5d15bd6830501052ed,2022-07-02 20:14:47+00:00,,,QUALIFIED_LABEL_ONLY
Philip,period:a1385753e89a22ad7415,2022-07-16 20:31:00+00:00,,,QUALIFIED_LABEL_ONLY
Philip,period:d36d780bd6e08d095d27,2022-07-23 20:43:00+00:00,,,QUALIFIED_LABEL_ONLY
Philip,period:ab4c55f2271a097a29e2,2022-07-30 20:03:25+00:00,,,QUALIFIED_LABEL_ONLY
Philip,period:9310314000d1dccfe6ae,2022-08-06 20:08:43+00:00,,,QUALIFIED_LABEL_ONLY
Philip,period:e268d0eb9109f8185a29,2022-08-12 20:55:46+00:00,,,QUALIFIED_LABEL_ONLY
Philip,period:fcd21c282bb6eb984919,2022-08-20 19:32:26+00:00,,,QUALIFIED_LABEL_ONLY
Philip,period:f6ad6d70568c5aa4ddb9,2022-08-25 19:37:29+00:00,,,QUALIFIED_LABEL_ONLY
Photon,period:f92170f131413923b84c,2025-07-26 20:10:23+00:00,,,QUALIFIED_LABEL_ONLY
Photon,period:c7231b512ce5dfec31cf,2025-08-02 20:08:18+00:00,,,QUALIFIED_LABEL_ONLY
Photon,period:c139a580fc7ad181ea33,2025-08-09 20:06:58+00:00,,,QUALIFIED_LABEL_ONLY
Photon,period:7c6d5817a7155f3a80bb,2025-08-23 20:06:29+00:00,,,QUALIFIED_LABEL_ONLY
Photon,period:28d589eedfce312e1ad3,2026-01-24 21:24:34+00:00,,,QUALIFIED_LABEL_ONLY
Photon,period:6186b6ccaf2d592d540a,2026-01-26 00:04:23+00:00,,,QUALIFIED_LABEL_ONLY
Photon,period:70fac0200d695853ccdc,2026-01-31 21:07:01+00:00,,,QUALIFIED_LABEL_ONLY
Photon,period:b2e5a5987eefaa30eea2,2026-02-07 21:11:32+00:00,,,QUALIFIED_LABEL_ONLY
Photon,period:9c6a0a6efb8480316e54,2026-02-09 00:51:15+00:00,,,QUALIFIED_LABEL_ONLY
Photon,period:74efed7e4a28a304cc30,2026-04-04 20:17:46+00:00,,,QUALIFIED_LABEL_ONLY
Photon,period:fc48b32f725285a09f66,2026-04-11 20:08:26+00:00,,,QUALIFIED_LABEL_ONLY
Photon,period:9ad9f360f988761d91c1,2026-04-18 20:07:45+00:00,,,QUALIFIED_LABEL_ONLY
Photon,period:b0a60cf2f3d3558f5e56,2026-04-25 20:09:02+00:00,,,QUALIFIED_LABEL_ONLY
Photon,period:0a890f671f8ce6bbde59,2026-05-02 20:10:20+00:00,,,QUALIFIED_LABEL_ONLY
Photon,period:bca1e648a46734294b57,2026-05-09 20:08:09+00:00,,,QUALIFIED_LABEL_ONLY
Photon,period:1c76ac6866aa6a71a894,2026-05-16 20:08:36+00:00,,,QUALIFIED_LABEL_ONLY
Pobelter,period:90cc39f891e2dbcab3ef,2020-02-22 21:37:14+00:00,,,QUALIFIED_LABEL_ONLY
Pobelter,period:cb03c621696fc2e91764,2020-02-29 21:26:53+00:00,,,QUALIFIED_LABEL_ONLY
Pobelter,period:14606e5066005561df07,2020-03-07 21:40:12+00:00,,,QUALIFIED_LABEL_ONLY
Pobelter,period:b2e2840d56c789b5030c,2020-03-21 20:18:48+00:00,,,QUALIFIED_LABEL_ONLY
Pobelter,period:666de7dcc2eb91211639,2020-03-28 20:29:42+00:00,,,QUALIFIED_LABEL_ONLY
Pobelter,period:1970df0ebd4246c6ea3b,2020-06-13 00:40:51+00:00,,,QUALIFIED_LABEL_ONLY
Pobelter,period:3968b01a861a52d381a8,2020-06-20 00:31:26+00:00,,,QUALIFIED_LABEL_ONLY
Pobelter,period:642a5bb7deff76d164b5,2020-06-27 00:39:52+00:00,,,QUALIFIED_LABEL_ONLY
Pobelter,period:7813fa8e90f59320de07,2020-07-04 00:21:06+00:00,,,QUALIFIED_LABEL_ONLY
Pobelter,period:1e2c5a7144cf9a8bc308,2020-07-11 00:50:27+00:00,,,QUALIFIED_LABEL_ONLY
Pobelter,period:2d69b4a154591d5cca77,2020-07-18 00:30:49+00:00,,,QUALIFIED_LABEL_ONLY
Pobelter,period:fe3df3b5886d9a4a5234,2020-07-25 00:38:07+00:00,,,QUALIFIED_LABEL_ONLY
Pobelter,period:3e89f4975798019beec8,2020-08-01 00:35:44+00:00,,,QUALIFIED_LABEL_ONLY
Pobelter,period:9cfbd3e5ecdd20626eed,2020-08-08 00:43:41+00:00,,,QUALIFIED_LABEL_ONLY
Pobelter,period:fcb777e33a04482e7bfb,2021-01-15 23:10:17+00:00,,,QUALIFIED_LABEL_ONLY
Pobelter,period:3482fd65afd711052651,2021-02-26 22:23:25+00:00,,,QUALIFIED_LABEL_ONLY
Pobelter,period:433079f36e14953ffe3e,2021-03-05 22:15:28+00:00,,,QUALIFIED_LABEL_ONLY
Pobelter,period:2eea81e5fabdc42a729f,2021-03-12 22:24:45+00:00,,,QUALIFIED_LABEL_ONLY
Pobelter,period:debddf61a872640eadfb,2021-06-04 22:02:02+00:00,,,QUALIFIED_LABEL_ONLY
Pobelter,period:24ddb9953986c3386cb5,2021-06-11 21:37:50+00:00,,,QUALIFIED_LABEL_ONLY
Pobelter,period:111e9dfa6ccd70cbab3b,2021-06-18 21:02:38+00:00,,,QUALIFIED_LABEL_ONLY
Pobelter,period:32c02d32a3c87111d752,2021-06-25 21:33:16+00:00,,,QUALIFIED_LABEL_ONLY
Pobelter,period:4f8f85e36ba842416702,2021-07-02 21:10:28+00:00,,,QUALIFIED_LABEL_ONLY
Pobelter,period:490dcd8b072f0c76bfcd,2021-07-09 21:35:31+00:00,,,QUALIFIED_LABEL_ONLY
Poome,period:7813fa8e90f59320de07,2020-07-04 00:21:06+00:00,,,QUALIFIED_LABEL_ONLY
Poome,period:1e2c5a7144cf9a8bc308,2020-07-11 00:50:27+00:00,,,QUALIFIED_LABEL_ONLY
Poome,period:2d69b4a154591d5cca77,2020-07-18 00:30:49+00:00,,,QUALIFIED_LABEL_ONLY
Poome,period:fe3df3b5886d9a4a5234,2020-07-25 00:38:07+00:00,,,QUALIFIED_LABEL_ONLY
Poome,period:3e89f4975798019beec8,2020-08-01 00:35:44+00:00,,,QUALIFIED_LABEL_ONLY
Poome,period:9cfbd3e5ecdd20626eed,2020-08-08 00:43:41+00:00,,,QUALIFIED_LABEL_ONLY
Poome,period:0836494c11a0b381c084,2020-08-13 19:38:23+00:00,,,QUALIFIED_LABEL_ONLY
Poome,period:afb91f11a5c9c66cc35b,2021-07-30 21:12:55+00:00,,,QUALIFIED_LABEL_ONLY
Poome,period:3921ed3cc984afb56c50,2022-01-14 21:26:31+00:00,,,QUALIFIED_LABEL_ONLY
Poome,period:ea5caa919fbd4b75da18,2022-01-21 21:45:47+00:00,,,QUALIFIED_LABEL_ONLY
Poome,period:5a26c3b6318c7b633520,2022-02-05 20:33:18+00:00,,,QUALIFIED_LABEL_ONLY
Poome,period:44168f74464b99791ba3,2022-02-12 20:53:38+00:00,,,QUALIFIED_LABEL_ONLY
Poome,period:466f661effb9208a840b,2022-02-19 20:54:27+00:00,,,QUALIFIED_LABEL_ONLY
Poome,period:4138ca482beb4344e9ad,2022-02-25 22:37:00+00:00,,,QUALIFIED_LABEL_ONLY
Poome,period:7a928b9ecc895d38667e,2022-03-05 21:01:58+00:00,,,QUALIFIED_LABEL_ONLY
Poome,period:bfbcb255cff7d2c3894f,2022-03-12 21:07:29+00:00,,,QUALIFIED_LABEL_ONLY
Poome,period:9a704a25f780f56ebe1b,2022-03-19 19:32:42+00:00,,,QUALIFIED_LABEL_ONLY
Poome,period:2543e9e0dda5edca0977,2022-03-25 20:43:57+00:00,,,QUALIFIED_LABEL_ONLY
Poome,period:4c81af754b6b135da741,2022-06-17 21:46:00+00:00,,,QUALIFIED_LABEL_ONLY
Poome,period:9098ed2cd53d3e50498b,2022-06-25 20:09:54+00:00,,,QUALIFIED_LABEL_ONLY
Poome,period:bd5d15bd6830501052ed,2022-07-02 20:14:47+00:00,,,QUALIFIED_LABEL_ONLY
Poome,period:a1385753e89a22ad7415,2022-07-16 20:31:00+00:00,,,QUALIFIED_LABEL_ONLY
Poome,period:d36d780bd6e08d095d27,2022-07-23 20:43:00+00:00,,,QUALIFIED_LABEL_ONLY
Poome,period:ab4c55f2271a097a29e2,2022-07-30 20:03:25+00:00,,,QUALIFIED_LABEL_ONLY
Poome,period:9310314000d1dccfe6ae,2022-08-06 20:08:43+00:00,,,QUALIFIED_LABEL_ONLY
Poome,period:e268d0eb9109f8185a29,2022-08-12 20:55:46+00:00,,,QUALIFIED_LABEL_ONLY
Poome,period:fcd21c282bb6eb984919,2022-08-20 19:32:26+00:00,,,QUALIFIED_LABEL_ONLY
Poome,period:f6ad6d70568c5aa4ddb9,2022-08-25 19:37:29+00:00,,,QUALIFIED_LABEL_ONLY
Poome,period:f14a4fb0f93da34e9201,2022-09-01 19:27:30+00:00,,,QUALIFIED_LABEL_ONLY
Poome,period:452655f2bc33b5b76085,2023-01-26 22:16:48+00:00,,,QUALIFIED_LABEL_ONLY
Poome,period:9ad2bd3e76204c678ee3,2023-02-02 22:06:55+00:00,,,QUALIFIED_LABEL_ONLY
Poome,period:5193f604ed2f15e301e1,2023-02-09 22:07:17+00:00,,,QUALIFIED_LABEL_ONLY
Poome,period:2b3de7782bdf56dc82d0,2023-02-15 22:07:50+00:00,,,QUALIFIED_LABEL_ONLY
Poome,period:36d3f31311f21e914d55,2023-02-23 22:06:52+00:00,,,QUALIFIED_LABEL_ONLY
Poome,period:83278694723ba910058b,2023-03-02 22:08:20+00:00,,,QUALIFIED_LABEL_ONLY
Poome,period:402a134be7abbe005149,2023-03-09 22:22:41+00:00,,,QUALIFIED_LABEL_ONLY
Poome,period:8d9d5d3f36e034ced562,2023-03-15 21:07:53+00:00,,,QUALIFIED_LABEL_ONLY
Poome,period:d990ac8b125022094901,2023-03-23 21:10:53+00:00,,,QUALIFIED_LABEL_ONLY
Poome,period:36cf05276a8bbe55409a,2023-07-12 21:06:58+00:00,,,QUALIFIED_LABEL_ONLY
Poome,period:dd1399a0cf2f56138daa,2023-07-19 21:07:18+00:00,,,QUALIFIED_LABEL_ONLY
Poome,period:4520b87081b51698489a,2023-08-03 21:07:08+00:00,,,QUALIFIED_LABEL_ONLY
Poome,period:a7fd1e72d2ba831ccc8d,2023-08-10 21:10:37+00:00,,,QUALIFIED_LABEL_ONLY
Potluck,period:1970df0ebd4246c6ea3b,2020-06-13 00:40:51+00:00,,,QUALIFIED_LABEL_ONLY
Potluck,period:3968b01a861a52d381a8,2020-06-20 00:31:26+00:00,,,QUALIFIED_LABEL_ONLY
Potluck,period:fcb777e33a04482e7bfb,2021-01-15 23:10:17+00:00,,,QUALIFIED_LABEL_ONLY
Potluck,period:2e302fc7c4bd7a4b3864,2021-01-22 22:29:56+00:00,,,QUALIFIED_LABEL_ONLY
PowerOfEvil,period:01bed218199c5fc6a295,2020-01-25 21:37:53+00:00,,,QUALIFIED_LABEL_ONLY
PowerOfEvil,period:18c306f73901eb8e548e,2020-02-01 21:36:35+00:00,,,QUALIFIED_LABEL_ONLY
PowerOfEvil,period:bd2e80371da37619c695,2020-02-08 21:30:18+00:00,,,QUALIFIED_LABEL_ONLY
PowerOfEvil,period:94dc307a169a4236f643,2020-02-15 21:33:19+00:00,,,QUALIFIED_LABEL_ONLY
PowerOfEvil,period:90cc39f891e2dbcab3ef,2020-02-22 21:37:14+00:00,,,QUALIFIED_LABEL_ONLY
PowerOfEvil,period:cb03c621696fc2e91764,2020-02-29 21:26:53+00:00,,,QUALIFIED_LABEL_ONLY
PowerOfEvil,period:14606e5066005561df07,2020-03-07 21:40:12+00:00,,,QUALIFIED_LABEL_ONLY
PowerOfEvil,period:b2e2840d56c789b5030c,2020-03-21 20:18:48+00:00,,,QUALIFIED_LABEL_ONLY
PowerOfEvil,period:666de7dcc2eb91211639,2020-03-28 20:29:42+00:00,,,QUALIFIED_LABEL_ONLY
PowerOfEvil,period:5a2658b56ec5d5c6a04d,2020-04-04 19:44:42+00:00,,,QUALIFIED_LABEL_ONLY
PowerOfEvil,period:be73ead0e53874776373,2020-04-18 19:37:34+00:00,,,QUALIFIED_LABEL_ONLY
PowerOfEvil,period:1970df0ebd4246c6ea3b,2020-06-13 00:40:51+00:00,,,QUALIFIED_LABEL_ONLY
PowerOfEvil,period:3968b01a861a52d381a8,2020-06-20 00:31:26+00:00,,,QUALIFIED_LABEL_ONLY
PowerOfEvil,period:642a5bb7deff76d164b5,2020-06-27 00:39:52+00:00,,,QUALIFIED_LABEL_ONLY
PowerOfEvil,period:7813fa8e90f59320de07,2020-07-04 00:21:06+00:00,,,QUALIFIED_LABEL_ONLY
PowerOfEvil,period:1e2c5a7144cf9a8bc308,2020-07-11 00:50:27+00:00,,,QUALIFIED_LABEL_ONLY
PowerOfEvil,period:2d69b4a154591d5cca77,2020-07-18 00:30:49+00:00,,,QUALIFIED_LABEL_ONLY
PowerOfEvil,period:fe3df3b5886d9a4a5234,2020-07-25 00:38:07+00:00,,,QUALIFIED_LABEL_ONLY
PowerOfEvil,period:3e89f4975798019beec8,2020-08-01 00:35:44+00:00,,,QUALIFIED_LABEL_ONLY
PowerOfEvil,period:9cfbd3e5ecdd20626eed,2020-08-08 00:43:41+00:00,,,QUALIFIED_LABEL_ONLY
PowerOfEvil,period:0836494c11a0b381c084,2020-08-13 19:38:23+00:00,,,QUALIFIED_LABEL_ONLY
PowerOfEvil,period:38cb400566e2a3aee1c8,2020-08-20 19:31:44+00:00,,,QUALIFIED_LABEL_ONLY
PowerOfEvil,period:53a986e97c4e64053db8,2020-08-29 19:32:38+00:00,,,QUALIFIED_LABEL_ONLY
PowerOfEvil,period:c131bd9da535908c94f0,2020-09-05 19:31:41+00:00,,,QUALIFIED_LABEL_ONLY
PowerOfEvil,period:fcb777e33a04482e7bfb,2021-01-15 23:10:17+00:00,,,QUALIFIED_LABEL_ONLY
PowerOfEvil,period:2e302fc7c4bd7a4b3864,2021-01-22 22:29:56+00:00,,,QUALIFIED_LABEL_ONLY
PowerOfEvil,period:7c66db573c65177b96bf,2021-02-05 22:24:44+00:00,,,QUALIFIED_LABEL_ONLY
PowerOfEvil,period:19d1212ec047ea2c2e1c,2021-02-12 22:29:59+00:00,,,QUALIFIED_LABEL_ONLY
PowerOfEvil,period:577ed5ecd652eb981e79,2021-02-19 22:21:31+00:00,,,QUALIFIED_LABEL_ONLY
PowerOfEvil,period:3482fd65afd711052651,2021-02-26 22:23:25+00:00,,,QUALIFIED_LABEL_ONLY
PowerOfEvil,period:433079f36e14953ffe3e,2021-03-05 22:15:28+00:00,,,QUALIFIED_LABEL_ONLY
PowerOfEvil,period:2eea81e5fabdc42a729f,2021-03-12 22:24:45+00:00,,,QUALIFIED_LABEL_ONLY
PowerOfEvil,period:4a6e60b4d46361a99310,2021-03-20 19:21:03+00:00,,,QUALIFIED_LABEL_ONLY
PowerOfEvil,period:22dfd57f1594beeba715,2021-03-27 19:16:36+00:00,,,QUALIFIED_LABEL_ONLY
PowerOfEvil,period:8e2682918e14580d212b,2021-04-03 19:17:31+00:00,,,QUALIFIED_LABEL_ONLY
PowerOfEvil,period:759dd00fd0d693b754cc,2021-04-10 19:41:22+00:00,,,QUALIFIED_LABEL_ONLY
PowerOfEvil,period:debddf61a872640eadfb,2021-06-04 22:02:02+00:00,,,QUALIFIED_LABEL_ONLY
PowerOfEvil,period:24ddb9953986c3386cb5,2021-06-11 21:37:50+00:00,,,QUALIFIED_LABEL_ONLY
PowerOfEvil,period:111e9dfa6ccd70cbab3b,2021-06-18 21:02:38+00:00,,,QUALIFIED_LABEL_ONLY
PowerOfEvil,period:32c02d32a3c87111d752,2021-06-25 21:33:16+00:00,,,QUALIFIED_LABEL_ONLY
PowerOfEvil,period:4f8f85e36ba842416702,2021-07-02 21:10:28+00:00,,,QUALIFIED_LABEL_ONLY
PowerOfEvil,period:490dcd8b072f0c76bfcd,2021-07-09 21:35:31+00:00,,,QUALIFIED_LABEL_ONLY
PowerOfEvil,period:5ede35b384e34b4e7cf7,2021-07-16 21:20:22+00:00,,,QUALIFIED_LABEL_ONLY
PowerOfEvil,period:5befa75590802ab7de54,2021-07-23 20:58:06+00:00,,,QUALIFIED_LABEL_ONLY
PowerOfEvil,period:afb91f11a5c9c66cc35b,2021-07-30 21:12:55+00:00,,,QUALIFIED_LABEL_ONLY
PowerOfEvil,period:3951db25bbaff1ec59cd,2021-08-12 21:13:39+00:00,,,QUALIFIED_LABEL_ONLY
PowerOfEvil,period:7c5e83ab4c6a7ca8c86a,2021-08-19 21:11:40+00:00,,,QUALIFIED_LABEL_ONLY
PowerOfEvil,period:3921ed3cc984afb56c50,2022-01-14 21:26:31+00:00,,,QUALIFIED_LABEL_ONLY
PowerOfEvil,period:ea5caa919fbd4b75da18,2022-01-21 21:45:47+00:00,,,QUALIFIED_LABEL_ONLY
PowerOfEvil,period:5a26c3b6318c7b633520,2022-02-05 20:33:18+00:00,,,QUALIFIED_LABEL_ONLY
PowerOfEvil,period:44168f74464b99791ba3,2022-02-12 20:53:38+00:00,,,QUALIFIED_LABEL_ONLY
PowerOfEvil,period:466f661effb9208a840b,2022-02-19 20:54:27+00:00,,,QUALIFIED_LABEL_ONLY
PowerOfEvil,period:4138ca482beb4344e9ad,2022-02-25 22:37:00+00:00,,,QUALIFIED_LABEL_ONLY
PowerOfEvil,period:7a928b9ecc895d38667e,2022-03-05 21:01:58+00:00,,,QUALIFIED_LABEL_ONLY
PowerOfEvil,period:bfbcb255cff7d2c3894f,2022-03-12 21:07:29+00:00,,,QUALIFIED_LABEL_ONLY
PowerOfEvil,period:9a704a25f780f56ebe1b,2022-03-19 19:32:42+00:00,,,QUALIFIED_LABEL_ONLY
PowerOfEvil,period:2543e9e0dda5edca0977,2022-03-25 20:43:57+00:00,,,QUALIFIED_LABEL_ONLY
PowerOfEvil,period:4c81af754b6b135da741,2022-06-17 21:46:00+00:00,,,QUALIFIED_LABEL_ONLY
PowerOfEvil,period:9098ed2cd53d3e50498b,2022-06-25 20:09:54+00:00,,,QUALIFIED_LABEL_ONLY
PowerOfEvil,period:bd5d15bd6830501052ed,2022-07-02 20:14:47+00:00,,,QUALIFIED_LABEL_ONLY
PowerOfEvil,period:a1385753e89a22ad7415,2022-07-16 20:31:00+00:00,,,QUALIFIED_LABEL_ONLY
PowerOfEvil,period:d36d780bd6e08d095d27,2022-07-23 20:43:00+00:00,,,QUALIFIED_LABEL_ONLY
PowerOfEvil,period:ab4c55f2271a097a29e2,2022-07-30 20:03:25+00:00,,,QUALIFIED_LABEL_ONLY
PowerOfEvil,period:9310314000d1dccfe6ae,2022-08-06 20:08:43+00:00,,,QUALIFIED_LABEL_ONLY
PowerOfEvil,period:e268d0eb9109f8185a29,2022-08-12 20:55:46+00:00,,,QUALIFIED_LABEL_ONLY
PrettyGRE,period:2e302fc7c4bd7a4b3864,2021-01-22 22:29:56+00:00,,,QUALIFIED_LABEL_ONLY
PrettyGRE,period:24ddb9953986c3386cb5,2021-06-11 21:37:50+00:00,,,QUALIFIED_LABEL_ONLY
Pridestalkr,period:5a26c3b6318c7b633520,2022-02-05 20:33:18+00:00,,,QUALIFIED_LABEL_ONLY
Pridestalkr,period:44168f74464b99791ba3,2022-02-12 20:53:38+00:00,,,QUALIFIED_LABEL_ONLY
Pridestalkr,period:466f661effb9208a840b,2022-02-19 20:54:27+00:00,,,QUALIFIED_LABEL_ONLY
Pridestalkr,period:4138ca482beb4344e9ad,2022-02-25 22:37:00+00:00,,,QUALIFIED_LABEL_ONLY
Pridestalkr,period:7a928b9ecc895d38667e,2022-03-05 21:01:58+00:00,,,QUALIFIED_LABEL_ONLY
Pridestalkr,period:bfbcb255cff7d2c3894f,2022-03-12 21:07:29+00:00,,,QUALIFIED_LABEL_ONLY
Pridestalkr,period:9a704a25f780f56ebe1b,2022-03-19 19:32:42+00:00,,,QUALIFIED_LABEL_ONLY
Pridestalkr,period:2543e9e0dda5edca0977,2022-03-25 20:43:57+00:00,,,QUALIFIED_LABEL_ONLY
Pridestalkr,period:feb156c0b7ef67e8a92a,2022-04-09 20:43:33+00:00,,,QUALIFIED_LABEL_ONLY
Pridestalkr,period:4c81af754b6b135da741,2022-06-17 21:46:00+00:00,,,QUALIFIED_LABEL_ONLY
Pridestalkr,period:9098ed2cd53d3e50498b,2022-06-25 20:09:54+00:00,,,QUALIFIED_LABEL_ONLY
Pridestalkr,period:bd5d15bd6830501052ed,2022-07-02 20:14:47+00:00,,,QUALIFIED_LABEL_ONLY
Pridestalkr,period:a1385753e89a22ad7415,2022-07-16 20:31:00+00:00,,,QUALIFIED_LABEL_ONLY
Pridestalkr,period:d36d780bd6e08d095d27,2022-07-23 20:43:00+00:00,,,QUALIFIED_LABEL_ONLY
Prince,period:452655f2bc33b5b76085,2023-01-26 22:16:48+00:00,,,QUALIFIED_LABEL_ONLY
Prince,period:9ad2bd3e76204c678ee3,2023-02-02 22:06:55+00:00,,,QUALIFIED_LABEL_ONLY
Prince,period:5193f604ed2f15e301e1,2023-02-09 22:07:17+00:00,,,QUALIFIED_LABEL_ONLY
Prince,period:2b3de7782bdf56dc82d0,2023-02-15 22:07:50+00:00,,,QUALIFIED_LABEL_ONLY
Prince,period:36d3f31311f21e914d55,2023-02-23 22:06:52+00:00,,,QUALIFIED_LABEL_ONLY
Prince,period:83278694723ba910058b,2023-03-02 22:08:20+00:00,,,QUALIFIED_LABEL_ONLY
Prince,period:402a134be7abbe005149,2023-03-09 22:22:41+00:00,,,QUALIFIED_LABEL_ONLY
Prince,period:8d9d5d3f36e034ced562,2023-03-15 21:07:53+00:00,,,QUALIFIED_LABEL_ONLY
Prince,period:d990ac8b125022094901,2023-03-23 21:10:53+00:00,,,QUALIFIED_LABEL_ONLY
Prince,period:d33d87118e30f5daa86a,2023-03-30 21:09:21+00:00,,,QUALIFIED_LABEL_ONLY
Prince,period:f52e10acfa6d747a4c9d,2023-04-08 20:17:16+00:00,,,QUALIFIED_LABEL_ONLY
Prince,period:3943367d2ce567a9fae3,2023-06-14 21:13:03+00:00,,,QUALIFIED_LABEL_ONLY
Prince,period:f2ee99995367bf0fc030,2023-06-21 21:07:31+00:00,,,QUALIFIED_LABEL_ONLY
Prince,period:c790283b449e6bb25672,2023-06-28 21:06:50+00:00,,,QUALIFIED_LABEL_ONLY
Prince,period:ff185424af4133395119,2023-07-05 21:05:49+00:00,,,QUALIFIED_LABEL_ONLY
Prince,period:36cf05276a8bbe55409a,2023-07-12 21:06:58+00:00,,,QUALIFIED_LABEL_ONLY
Prince,period:dd1399a0cf2f56138daa,2023-07-19 21:07:18+00:00,,,QUALIFIED_LABEL_ONLY
Prismal,period:2543e9e0dda5edca0977,2022-03-25 20:43:57+00:00,,,QUALIFIED_LABEL_ONLY
Prismal,period:9310314000d1dccfe6ae,2022-08-06 20:08:43+00:00,,,QUALIFIED_LABEL_ONLY
Pyosik,period:452655f2bc33b5b76085,2023-01-26 22:16:48+00:00,,,QUALIFIED_LABEL_ONLY
Pyosik,period:9ad2bd3e76204c678ee3,2023-02-02 22:06:55+00:00,,,QUALIFIED_LABEL_ONLY
Pyosik,period:5193f604ed2f15e301e1,2023-02-09 22:07:17+00:00,,,QUALIFIED_LABEL_ONLY
Pyosik,period:2b3de7782bdf56dc82d0,2023-02-15 22:07:50+00:00,,,QUALIFIED_LABEL_ONLY
Pyosik,period:36d3f31311f21e914d55,2023-02-23 22:06:52+00:00,,,QUALIFIED_LABEL_ONLY
Pyosik,period:83278694723ba910058b,2023-03-02 22:08:20+00:00,,,QUALIFIED_LABEL_ONLY
Pyosik,period:402a134be7abbe005149,2023-03-09 22:22:41+00:00,,,QUALIFIED_LABEL_ONLY
Pyosik,period:8d9d5d3f36e034ced562,2023-03-15 21:07:53+00:00,,,QUALIFIED_LABEL_ONLY
Pyosik,period:3943367d2ce567a9fae3,2023-06-14 21:13:03+00:00,,,QUALIFIED_LABEL_ONLY
Pyosik,period:f2ee99995367bf0fc030,2023-06-21 21:07:31+00:00,,,QUALIFIED_LABEL_ONLY
Pyosik,period:c790283b449e6bb25672,2023-06-28 21:06:50+00:00,,,QUALIFIED_LABEL_ONLY
Pyosik,period:ff185424af4133395119,2023-07-05 21:05:49+00:00,,,QUALIFIED_LABEL_ONLY
Pyosik,period:36cf05276a8bbe55409a,2023-07-12 21:06:58+00:00,,,QUALIFIED_LABEL_ONLY
Pyosik,period:dd1399a0cf2f56138daa,2023-07-19 21:07:18+00:00,,,QUALIFIED_LABEL_ONLY
Pyosik,period:67a5ff4d5b051b402092,2023-07-27 21:07:41+00:00,,,QUALIFIED_LABEL_ONLY
Pyosik,period:4520b87081b51698489a,2023-08-03 21:07:08+00:00,,,QUALIFIED_LABEL_ONLY
Pyosik,period:a7fd1e72d2ba831ccc8d,2023-08-10 21:10:37+00:00,,,QUALIFIED_LABEL_ONLY
Pyosik,period:c21bdc9dc5e7a7f7922d,2023-08-19 20:18:53+00:00,,,QUALIFIED_LABEL_ONLY
Quad,period:697d8a8453920f1ff1c8,2024-06-15 20:11:50+00:00,,,QUALIFIED_LABEL_ONLY
Quad,period:ea10f8bb7f189dc4197a,2024-06-22 20:11:50+00:00,,,QUALIFIED_LABEL_ONLY
Quad,period:fb51ebc6418ce68c46c6,2024-06-27 20:07:21+00:00,,,QUALIFIED_LABEL_ONLY
Quad,period:0f3dd675ff7b55987f43,2024-07-20 20:10:15+00:00,,,QUALIFIED_LABEL_ONLY
Quad,period:29c7eddc03e68fe96070,2024-07-27 20:09:19+00:00,,,QUALIFIED_LABEL_ONLY
Quad,period:03ffd32cfddfafb63d73,2024-08-03 20:08:15+00:00,,,QUALIFIED_LABEL_ONLY
Quad,period:cdd6b3ae49979eef3d9f,2024-08-10 20:07:50+00:00,,,QUALIFIED_LABEL_ONLY
Quad,period:5218e82018c8910d187b,2024-08-17 20:07:21+00:00,,,QUALIFIED_LABEL_ONLY
Quad,period:c0a1c4ffff2a32aacb10,2024-08-23 20:07:51+00:00,,,QUALIFIED_LABEL_ONLY
Quad,period:3685f26c9338932445a9,2024-08-30 20:08:40+00:00,,,QUALIFIED_LABEL_ONLY
Quad,period:77186dc9e4b5f1acc2df,2024-09-06 20:13:13+00:00,,,QUALIFIED_LABEL_ONLY
Quad,period:ee078790277fa6a5a0ce,2025-01-25 21:14:31+00:00,,,QUALIFIED_LABEL_ONLY
Quad,period:b08144b94745feadc04c,2025-02-01 21:06:58+00:00,,,QUALIFIED_LABEL_ONLY
Quad,period:bcc5730448bc2219d32a,2025-02-09 21:07:49+00:00,,,QUALIFIED_LABEL_ONLY
Quad,period:5a5260defef5072643d0,2025-04-05 20:14:15+00:00,,,QUALIFIED_LABEL_ONLY
Quad,period:fb622d9f67b0d1bacd81,2025-04-12 20:06:56+00:00,,,QUALIFIED_LABEL_ONLY
Quad,period:ab17bbbf5d12cdddc770,2025-04-19 20:08:34+00:00,,,QUALIFIED_LABEL_ONLY
Quad,period:0bd7b62868a6e6fa9a6d,2025-04-26 20:08:33+00:00,,,QUALIFIED_LABEL_ONLY
Quad,period:f91ca0f544586fb72c4d,2025-05-03 20:08:26+00:00,,,QUALIFIED_LABEL_ONLY
Quad,period:92eb584d41521b4a115a,2025-05-10 20:09:23+00:00,,,QUALIFIED_LABEL_ONLY
Quad,period:42a66f8e41011df34073,2025-05-17 20:08:05+00:00,,,QUALIFIED_LABEL_ONLY
Quad,period:769a792cb95be4e074fc,2025-05-24 20:07:34+00:00,,,QUALIFIED_LABEL_ONLY
Quad,period:b6b241bcd2df026a0c10,2025-06-07 20:06:56+00:00,,,QUALIFIED_LABEL_ONLY
Quad,period:780234292186bbac5f9e,2025-06-14 20:12:24+00:00,,,QUALIFIED_LABEL_ONLY
Quad,period:f92170f131413923b84c,2025-07-26 20:10:23+00:00,,,QUALIFIED_LABEL_ONLY
Quad,period:c7231b512ce5dfec31cf,2025-08-02 20:08:18+00:00,,,QUALIFIED_LABEL_ONLY
Quad,period:c139a580fc7ad181ea33,2025-08-09 20:06:58+00:00,,,QUALIFIED_LABEL_ONLY
Quad,period:9d2506f6d55754824303,2025-08-16 20:06:27+00:00,,,QUALIFIED_LABEL_ONLY
Quad,period:1ffa4e947c2611f80c97,2025-08-29 20:06:10+00:00,,,QUALIFIED_LABEL_ONLY
Quad,period:717827b0ee213b1efab1,2025-09-05 20:05:46+00:00,,,QUALIFIED_LABEL_ONLY
Quad,period:28d589eedfce312e1ad3,2026-01-24 21:24:34+00:00,,,QUALIFIED_LABEL_ONLY
Quad,period:70fac0200d695853ccdc,2026-01-31 21:07:01+00:00,,,QUALIFIED_LABEL_ONLY
Quad,period:b2e5a5987eefaa30eea2,2026-02-07 21:11:32+00:00,,,QUALIFIED_LABEL_ONLY
Quad,period:9c6a0a6efb8480316e54,2026-02-09 00:51:15+00:00,,,QUALIFIED_LABEL_ONLY
Quad,period:0433ceb2175e1870c17a,2026-02-14 21:11:50+00:00,,,QUALIFIED_LABEL_ONLY
Quad,period:d52af7b72997e89c8ea6,2026-02-20 21:09:00+00:00,,,QUALIFIED_LABEL_ONLY
Quad,period:74efed7e4a28a304cc30,2026-04-04 20:17:46+00:00,,,QUALIFIED_LABEL_ONLY
Quad,period:fc48b32f725285a09f66,2026-04-11 20:08:26+00:00,,,QUALIFIED_LABEL_ONLY
Quad,period:9ad9f360f988761d91c1,2026-04-18 20:07:45+00:00,,,QUALIFIED_LABEL_ONLY
Quad,period:b0a60cf2f3d3558f5e56,2026-04-25 20:09:02+00:00,,,QUALIFIED_LABEL_ONLY
Quad,period:0a890f671f8ce6bbde59,2026-05-02 20:10:20+00:00,,,QUALIFIED_LABEL_ONLY
Quad,period:bca1e648a46734294b57,2026-05-09 20:08:09+00:00,,,QUALIFIED_LABEL_ONLY
Quad,period:1c76ac6866aa6a71a894,2026-05-16 20:08:36+00:00,,,QUALIFIED_LABEL_ONLY
Quad,period:2ba54fbdb1ed8ce5723d,2026-05-23 20:10:31+00:00,,,QUALIFIED_LABEL_ONLY
Quad,period:646c3784493968152598,2026-05-30 20:10:37+00:00,,,QUALIFIED_LABEL_ONLY
Quad,period:76aa7cb585d2505649ba,2026-06-06 20:09:49+00:00,,,QUALIFIED_LABEL_ONLY
Quad,period:5afe139f56d9c0db8f2d,2026-07-25 20:13:30+00:00,,,QUALIFIED_LABEL_ONLY
Quid,period:f2ee99995367bf0fc030,2023-06-21 21:07:31+00:00,,,QUALIFIED_LABEL_ONLY
Quid,period:c790283b449e6bb25672,2023-06-28 21:06:50+00:00,,,QUALIFIED_LABEL_ONLY
Quid,period:ff185424af4133395119,2023-07-05 21:05:49+00:00,,,QUALIFIED_LABEL_ONLY
Quid,period:36cf05276a8bbe55409a,2023-07-12 21:06:58+00:00,,,QUALIFIED_LABEL_ONLY
Quid,period:dd1399a0cf2f56138daa,2023-07-19 21:07:18+00:00,,,QUALIFIED_LABEL_ONLY
Quid,period:4520b87081b51698489a,2023-08-03 21:07:08+00:00,,,QUALIFIED_LABEL_ONLY
Quid,period:27c11f42e65c97b901b8,2024-01-20 20:15:01+00:00,,,QUALIFIED_LABEL_ONLY
Quid,period:ab546300266e49331659,2024-01-27 20:15:48+00:00,,,QUALIFIED_LABEL_ONLY
Quid,period:f82eb58c594ccc349383,2024-02-02 21:12:22+00:00,,,QUALIFIED_LABEL_ONLY
Quid,period:06566a2ea584fecf6c15,2024-02-10 21:07:54+00:00,,,QUALIFIED_LABEL_ONLY
Quid,period:789a06731adc1e0c8798,2024-03-02 21:07:29+00:00,,,QUALIFIED_LABEL_ONLY
Quid,period:a0f9da327c11cf3cc717,2024-03-08 21:07:46+00:00,,,QUALIFIED_LABEL_ONLY
Quid,period:448a8f91622619afdbe7,2024-03-14 20:08:02+00:00,,,QUALIFIED_LABEL_ONLY
Quid,period:18a8b98d7b5d7f0b7105,2024-03-22 20:08:04+00:00,,,QUALIFIED_LABEL_ONLY
Quid,period:697d8a8453920f1ff1c8,2024-06-15 20:11:50+00:00,,,QUALIFIED_LABEL_ONLY
Quid,period:ea10f8bb7f189dc4197a,2024-06-22 20:11:50+00:00,,,QUALIFIED_LABEL_ONLY
Quid,period:fb51ebc6418ce68c46c6,2024-06-27 20:07:21+00:00,,,QUALIFIED_LABEL_ONLY
Quid,period:0f3dd675ff7b55987f43,2024-07-20 20:10:15+00:00,,,QUALIFIED_LABEL_ONLY
Quid,period:29c7eddc03e68fe96070,2024-07-27 20:09:19+00:00,,,QUALIFIED_LABEL_ONLY
Quid,period:03ffd32cfddfafb63d73,2024-08-03 20:08:15+00:00,,,QUALIFIED_LABEL_ONLY
Quid,period:cdd6b3ae49979eef3d9f,2024-08-10 20:07:50+00:00,,,QUALIFIED_LABEL_ONLY
Quid,period:5218e82018c8910d187b,2024-08-17 20:07:21+00:00,,,QUALIFIED_LABEL_ONLY
Quid,period:c0a1c4ffff2a32aacb10,2024-08-23 20:07:51+00:00,,,QUALIFIED_LABEL_ONLY
Quid,period:3685f26c9338932445a9,2024-08-30 20:08:40+00:00,,,QUALIFIED_LABEL_ONLY
Quid,period:77186dc9e4b5f1acc2df,2024-09-06 20:13:13+00:00,,,QUALIFIED_LABEL_ONLY
Quid,period:ee078790277fa6a5a0ce,2025-01-25 21:14:31+00:00,,,QUALIFIED_LABEL_ONLY
Quid,period:b08144b94745feadc04c,2025-02-01 21:06:58+00:00,,,QUALIFIED_LABEL_ONLY
Quid,period:5a5260defef5072643d0,2025-04-05 20:14:15+00:00,,,QUALIFIED_LABEL_ONLY
Quid,period:fb622d9f67b0d1bacd81,2025-04-12 20:06:56+00:00,,,QUALIFIED_LABEL_ONLY
Quid,period:ab17bbbf5d12cdddc770,2025-04-19 20:08:34+00:00,,,QUALIFIED_LABEL_ONLY
Quid,period:0bd7b62868a6e6fa9a6d,2025-04-26 20:08:33+00:00,,,QUALIFIED_LABEL_ONLY
Quid,period:f91ca0f544586fb72c4d,2025-05-03 20:08:26+00:00,,,QUALIFIED_LABEL_ONLY
Quid,period:92eb584d41521b4a115a,2025-05-10 20:09:23+00:00,,,QUALIFIED_LABEL_ONLY
Quid,period:42a66f8e41011df34073,2025-05-17 20:08:05+00:00,,,QUALIFIED_LABEL_ONLY
Quid,period:540a575a08edacdeb808,2025-05-31 20:08:28+00:00,,,QUALIFIED_LABEL_ONLY
Quid,period:f92170f131413923b84c,2025-07-26 20:10:23+00:00,,,QUALIFIED_LABEL_ONLY
Quid,period:c7231b512ce5dfec31cf,2025-08-02 20:08:18+00:00,,,QUALIFIED_LABEL_ONLY
Quid,period:c139a580fc7ad181ea33,2025-08-09 20:06:58+00:00,,,QUALIFIED_LABEL_ONLY
Quid,period:7c6d5817a7155f3a80bb,2025-08-23 20:06:29+00:00,,,QUALIFIED_LABEL_ONLY
Quid,period:1ffa4e947c2611f80c97,2025-08-29 20:06:10+00:00,,,QUALIFIED_LABEL_ONLY
Quid,period:717827b0ee213b1efab1,2025-09-05 20:05:46+00:00,,,QUALIFIED_LABEL_ONLY
Quid,period:28d589eedfce312e1ad3,2026-01-24 21:24:34+00:00,,,QUALIFIED_LABEL_ONLY
Quid,period:70fac0200d695853ccdc,2026-01-31 21:07:01+00:00,,,QUALIFIED_LABEL_ONLY
Quid,period:640bff8c4b7983edf208,2026-02-02 00:35:19+00:00,,,QUALIFIED_LABEL_ONLY
Quid,period:b2e5a5987eefaa30eea2,2026-02-07 21:11:32+00:00,,,QUALIFIED_LABEL_ONLY
Quid,period:9c6a0a6efb8480316e54,2026-02-09 00:51:15+00:00,,,QUALIFIED_LABEL_ONLY
Quid,period:d52af7b72997e89c8ea6,2026-02-20 21:09:00+00:00,,,QUALIFIED_LABEL_ONLY
Quid,period:b628e8f047ec274b8698,2026-02-27 21:09:38+00:00,,,QUALIFIED_LABEL_ONLY
Quid,period:74efed7e4a28a304cc30,2026-04-04 20:17:46+00:00,,,QUALIFIED_LABEL_ONLY
Quid,period:fc48b32f725285a09f66,2026-04-11 20:08:26+00:00,,,QUALIFIED_LABEL_ONLY
Quid,period:9ad9f360f988761d91c1,2026-04-18 20:07:45+00:00,,,QUALIFIED_LABEL_ONLY
Quid,period:b0a60cf2f3d3558f5e56,2026-04-25 20:09:02+00:00,,,QUALIFIED_LABEL_ONLY
Quid,period:0a890f671f8ce6bbde59,2026-05-02 20:10:20+00:00,,,QUALIFIED_LABEL_ONLY
Quid,period:bca1e648a46734294b57,2026-05-09 20:08:09+00:00,,,QUALIFIED_LABEL_ONLY
Quid,period:1c76ac6866aa6a71a894,2026-05-16 20:08:36+00:00,,,QUALIFIED_LABEL_ONLY
Quid,period:2ba54fbdb1ed8ce5723d,2026-05-23 20:10:31+00:00,,,QUALIFIED_LABEL_ONLY
Quid,period:646c3784493968152598,2026-05-30 20:10:37+00:00,,,QUALIFIED_LABEL_ONLY
Quid,period:76aa7cb585d2505649ba,2026-06-06 20:09:49+00:00,,,QUALIFIED_LABEL_ONLY
Quid,period:2a0b31a43b9b5e794a24,2026-06-13 20:14:55+00:00,,,QUALIFIED_LABEL_ONLY
Quid,period:5afe139f56d9c0db8f2d,2026-07-25 20:13:30+00:00,,,QUALIFIED_LABEL_ONLY
RJS,period:1e2c5a7144cf9a8bc308,2020-07-11 00:50:27+00:00,,,QUALIFIED_LABEL_ONLY
RJS,period:7c66db573c65177b96bf,2021-02-05 22:24:44+00:00,,,QUALIFIED_LABEL_ONLY
RJS,period:19d1212ec047ea2c2e1c,2021-02-12 22:29:59+00:00,,,QUALIFIED_LABEL_ONLY
RJS,period:577ed5ecd652eb981e79,2021-02-19 22:21:31+00:00,,,QUALIFIED_LABEL_ONLY
Raes,period:7c66db573c65177b96bf,2021-02-05 22:24:44+00:00,,,QUALIFIED_LABEL_ONLY
Raes,period:19d1212ec047ea2c2e1c,2021-02-12 22:29:59+00:00,,,QUALIFIED_LABEL_ONLY
Raes,period:577ed5ecd652eb981e79,2021-02-19 22:21:31+00:00,,,QUALIFIED_LABEL_ONLY
Raes,period:3482fd65afd711052651,2021-02-26 22:23:25+00:00,,,QUALIFIED_LABEL_ONLY
Raes,period:433079f36e14953ffe3e,2021-03-05 22:15:28+00:00,,,QUALIFIED_LABEL_ONLY
Raes,period:2eea81e5fabdc42a729f,2021-03-12 22:24:45+00:00,,,QUALIFIED_LABEL_ONLY
Raes,period:debddf61a872640eadfb,2021-06-04 22:02:02+00:00,,,QUALIFIED_LABEL_ONLY
Raes,period:24ddb9953986c3386cb5,2021-06-11 21:37:50+00:00,,,QUALIFIED_LABEL_ONLY
Raes,period:111e9dfa6ccd70cbab3b,2021-06-18 21:02:38+00:00,,,QUALIFIED_LABEL_ONLY
Raes,period:32c02d32a3c87111d752,2021-06-25 21:33:16+00:00,,,QUALIFIED_LABEL_ONLY
Raes,period:4f8f85e36ba842416702,2021-07-02 21:10:28+00:00,,,QUALIFIED_LABEL_ONLY
Raes,period:490dcd8b072f0c76bfcd,2021-07-09 21:35:31+00:00,,,QUALIFIED_LABEL_ONLY
Raes,period:5ede35b384e34b4e7cf7,2021-07-16 21:20:22+00:00,,,QUALIFIED_LABEL_ONLY
Raes,period:5befa75590802ab7de54,2021-07-23 20:58:06+00:00,,,QUALIFIED_LABEL_ONLY
Raes,period:afb91f11a5c9c66cc35b,2021-07-30 21:12:55+00:00,,,QUALIFIED_LABEL_ONLY
Raes,period:3951db25bbaff1ec59cd,2021-08-12 21:13:39+00:00,,,QUALIFIED_LABEL_ONLY
Raes,period:7c5e83ab4c6a7ca8c86a,2021-08-19 21:11:40+00:00,,,QUALIFIED_LABEL_ONLY
Rahel,period:f92170f131413923b84c,2025-07-26 20:10:23+00:00,,,QUALIFIED_LABEL_ONLY
Rahel,period:c7231b512ce5dfec31cf,2025-08-02 20:08:18+00:00,,,QUALIFIED_LABEL_ONLY
Rahel,period:c139a580fc7ad181ea33,2025-08-09 20:06:58+00:00,,,QUALIFIED_LABEL_ONLY
Rahel,period:7c6d5817a7155f3a80bb,2025-08-23 20:06:29+00:00,,,QUALIFIED_LABEL_ONLY
Rahel,period:1ffa4e947c2611f80c97,2025-08-29 20:06:10+00:00,,,QUALIFIED_LABEL_ONLY
Rahel,period:28d589eedfce312e1ad3,2026-01-24 21:24:34+00:00,,,QUALIFIED_LABEL_ONLY
Rahel,period:70fac0200d695853ccdc,2026-01-31 21:07:01+00:00,,,QUALIFIED_LABEL_ONLY
Rahel,period:b2e5a5987eefaa30eea2,2026-02-07 21:11:32+00:00,,,QUALIFIED_LABEL_ONLY
Rahel,period:0433ceb2175e1870c17a,2026-02-14 21:11:50+00:00,,,QUALIFIED_LABEL_ONLY
Rahel,period:d52af7b72997e89c8ea6,2026-02-20 21:09:00+00:00,,,QUALIFIED_LABEL_ONLY
Rahel,period:b628e8f047ec274b8698,2026-02-27 21:09:38+00:00,,,QUALIFIED_LABEL_ONLY
Rahel,period:74efed7e4a28a304cc30,2026-04-04 20:17:46+00:00,,,QUALIFIED_LABEL_ONLY
Rahel,period:fc48b32f725285a09f66,2026-04-11 20:08:26+00:00,,,QUALIFIED_LABEL_ONLY
Rahel,period:9ad9f360f988761d91c1,2026-04-18 20:07:45+00:00,,,QUALIFIED_LABEL_ONLY
Rahel,period:b0a60cf2f3d3558f5e56,2026-04-25 20:09:02+00:00,,,QUALIFIED_LABEL_ONLY
Rahel,period:0a890f671f8ce6bbde59,2026-05-02 20:10:20+00:00,,,QUALIFIED_LABEL_ONLY
Rahel,period:bca1e648a46734294b57,2026-05-09 20:08:09+00:00,,,QUALIFIED_LABEL_ONLY
Rahel,period:1c76ac6866aa6a71a894,2026-05-16 20:08:36+00:00,,,QUALIFIED_LABEL_ONLY
Rahel,period:646c3784493968152598,2026-05-30 20:10:37+00:00,,,QUALIFIED_LABEL_ONLY
Rahel,period:5afe139f56d9c0db8f2d,2026-07-25 20:13:30+00:00,,,QUALIFIED_LABEL_ONLY
Revenge,period:fcb777e33a04482e7bfb,2021-01-15 23:10:17+00:00,,,QUALIFIED_LABEL_ONLY
Revenge,period:7c66db573c65177b96bf,2021-02-05 22:24:44+00:00,,,QUALIFIED_LABEL_ONLY
Revenge,period:19d1212ec047ea2c2e1c,2021-02-12 22:29:59+00:00,,,QUALIFIED_LABEL_ONLY
Revenge,period:577ed5ecd652eb981e79,2021-02-19 22:21:31+00:00,,,QUALIFIED_LABEL_ONLY
Revenge,period:3482fd65afd711052651,2021-02-26 22:23:25+00:00,,,QUALIFIED_LABEL_ONLY
Revenge,period:433079f36e14953ffe3e,2021-03-05 22:15:28+00:00,,,QUALIFIED_LABEL_ONLY
Revenge,period:2eea81e5fabdc42a729f,2021-03-12 22:24:45+00:00,,,QUALIFIED_LABEL_ONLY
Revenge,period:debddf61a872640eadfb,2021-06-04 22:02:02+00:00,,,QUALIFIED_LABEL_ONLY
Revenge,period:24ddb9953986c3386cb5,2021-06-11 21:37:50+00:00,,,QUALIFIED_LABEL_ONLY
Revenge,period:111e9dfa6ccd70cbab3b,2021-06-18 21:02:38+00:00,,,QUALIFIED_LABEL_ONLY
Revenge,period:32c02d32a3c87111d752,2021-06-25 21:33:16+00:00,,,QUALIFIED_LABEL_ONLY
Revenge,period:4f8f85e36ba842416702,2021-07-02 21:10:28+00:00,,,QUALIFIED_LABEL_ONLY
Revenge,period:490dcd8b072f0c76bfcd,2021-07-09 21:35:31+00:00,,,QUALIFIED_LABEL_ONLY
Revenge,period:5ede35b384e34b4e7cf7,2021-07-16 21:20:22+00:00,,,QUALIFIED_LABEL_ONLY
Revenge,period:5befa75590802ab7de54,2021-07-23 20:58:06+00:00,,,QUALIFIED_LABEL_ONLY
Revenge,period:afb91f11a5c9c66cc35b,2021-07-30 21:12:55+00:00,,,QUALIFIED_LABEL_ONLY
Revenge,period:3951db25bbaff1ec59cd,2021-08-12 21:13:39+00:00,,,QUALIFIED_LABEL_ONLY
Revenge,period:7c5e83ab4c6a7ca8c86a,2021-08-19 21:11:40+00:00,,,QUALIFIED_LABEL_ONLY
Revenge,period:3921ed3cc984afb56c50,2022-01-14 21:26:31+00:00,,,QUALIFIED_LABEL_ONLY
Revenge,period:ea5caa919fbd4b75da18,2022-01-21 21:45:47+00:00,,,QUALIFIED_LABEL_ONLY
Revenge,period:5a26c3b6318c7b633520,2022-02-05 20:33:18+00:00,,,QUALIFIED_LABEL_ONLY
Revenge,period:44168f74464b99791ba3,2022-02-12 20:53:38+00:00,,,QUALIFIED_LABEL_ONLY
Revenge,period:466f661effb9208a840b,2022-02-19 20:54:27+00:00,,,QUALIFIED_LABEL_ONLY
Revenge,period:4138ca482beb4344e9ad,2022-02-25 22:37:00+00:00,,,QUALIFIED_LABEL_ONLY
Revenge,period:7a928b9ecc895d38667e,2022-03-05 21:01:58+00:00,,,QUALIFIED_LABEL_ONLY
Revenge,period:bfbcb255cff7d2c3894f,2022-03-12 21:07:29+00:00,,,QUALIFIED_LABEL_ONLY
Revenge,period:9a704a25f780f56ebe1b,2022-03-19 19:32:42+00:00,,,QUALIFIED_LABEL_ONLY
Revenge,period:2543e9e0dda5edca0977,2022-03-25 20:43:57+00:00,,,QUALIFIED_LABEL_ONLY
Revenge,period:4c81af754b6b135da741,2022-06-17 21:46:00+00:00,,,QUALIFIED_LABEL_ONLY
Revenge,period:9098ed2cd53d3e50498b,2022-06-25 20:09:54+00:00,,,QUALIFIED_LABEL_ONLY
Revenge,period:bd5d15bd6830501052ed,2022-07-02 20:14:47+00:00,,,QUALIFIED_LABEL_ONLY
Revenge,period:a1385753e89a22ad7415,2022-07-16 20:31:00+00:00,,,QUALIFIED_LABEL_ONLY
Revenge,period:d36d780bd6e08d095d27,2022-07-23 20:43:00+00:00,,,QUALIFIED_LABEL_ONLY
Revenge,period:ab4c55f2271a097a29e2,2022-07-30 20:03:25+00:00,,,QUALIFIED_LABEL_ONLY
Revenge,period:9310314000d1dccfe6ae,2022-08-06 20:08:43+00:00,,,QUALIFIED_LABEL_ONLY
Revenge,period:e268d0eb9109f8185a29,2022-08-12 20:55:46+00:00,,,QUALIFIED_LABEL_ONLY
Revenge,period:452655f2bc33b5b76085,2023-01-26 22:16:48+00:00,,,QUALIFIED_LABEL_ONLY
Revenge,period:9ad2bd3e76204c678ee3,2023-02-02 22:06:55+00:00,,,QUALIFIED_LABEL_ONLY
Revenge,period:5193f604ed2f15e301e1,2023-02-09 22:07:17+00:00,,,QUALIFIED_LABEL_ONLY
Revenge,period:2b3de7782bdf56dc82d0,2023-02-15 22:07:50+00:00,,,QUALIFIED_LABEL_ONLY
Revenge,period:36d3f31311f21e914d55,2023-02-23 22:06:52+00:00,,,QUALIFIED_LABEL_ONLY
Revenge,period:83278694723ba910058b,2023-03-02 22:08:20+00:00,,,QUALIFIED_LABEL_ONLY
Revenge,period:402a134be7abbe005149,2023-03-09 22:22:41+00:00,,,QUALIFIED_LABEL_ONLY
Revenge,period:8d9d5d3f36e034ced562,2023-03-15 21:07:53+00:00,,,QUALIFIED_LABEL_ONLY
Revenge,period:3943367d2ce567a9fae3,2023-06-14 21:13:03+00:00,,,QUALIFIED_LABEL_ONLY
Revenge,period:f2ee99995367bf0fc030,2023-06-21 21:07:31+00:00,,,QUALIFIED_LABEL_ONLY
Revenge,period:c790283b449e6bb25672,2023-06-28 21:06:50+00:00,,,QUALIFIED_LABEL_ONLY
Revenge,period:ff185424af4133395119,2023-07-05 21:05:49+00:00,,,QUALIFIED_LABEL_ONLY
Revenge,period:36cf05276a8bbe55409a,2023-07-12 21:06:58+00:00,,,QUALIFIED_LABEL_ONLY
Revenge,period:dd1399a0cf2f56138daa,2023-07-19 21:07:18+00:00,,,QUALIFIED_LABEL_ONLY
Revenge,period:67a5ff4d5b051b402092,2023-07-27 21:07:41+00:00,,,QUALIFIED_LABEL_ONLY
Revenge,period:4520b87081b51698489a,2023-08-03 21:07:08+00:00,,,QUALIFIED_LABEL_ONLY
Revenge,period:a7fd1e72d2ba831ccc8d,2023-08-10 21:10:37+00:00,,,QUALIFIED_LABEL_ONLY
Rich,period:3943367d2ce567a9fae3,2023-06-14 21:13:03+00:00,,,QUALIFIED_LABEL_ONLY
Rich,period:f2ee99995367bf0fc030,2023-06-21 21:07:31+00:00,,,QUALIFIED_LABEL_ONLY
Rich,period:c790283b449e6bb25672,2023-06-28 21:06:50+00:00,,,QUALIFIED_LABEL_ONLY
Rich,period:ff185424af4133395119,2023-07-05 21:05:49+00:00,,,QUALIFIED_LABEL_ONLY
Rich,period:36cf05276a8bbe55409a,2023-07-12 21:06:58+00:00,,,QUALIFIED_LABEL_ONLY
Rich,period:dd1399a0cf2f56138daa,2023-07-19 21:07:18+00:00,,,QUALIFIED_LABEL_ONLY
Rich,period:4520b87081b51698489a,2023-08-03 21:07:08+00:00,,,QUALIFIED_LABEL_ONLY
Rich,period:a7fd1e72d2ba831ccc8d,2023-08-10 21:10:37+00:00,,,QUALIFIED_LABEL_ONLY
Rich,period:27c11f42e65c97b901b8,2024-01-20 20:15:01+00:00,,,QUALIFIED_LABEL_ONLY
Rich,period:ab546300266e49331659,2024-01-27 20:15:48+00:00,,,QUALIFIED_LABEL_ONLY
Rich,period:f82eb58c594ccc349383,2024-02-02 21:12:22+00:00,,,QUALIFIED_LABEL_ONLY
Rich,period:06566a2ea584fecf6c15,2024-02-10 21:07:54+00:00,,,QUALIFIED_LABEL_ONLY
Rich,period:789a06731adc1e0c8798,2024-03-02 21:07:29+00:00,,,QUALIFIED_LABEL_ONLY
Rich,period:a0f9da327c11cf3cc717,2024-03-08 21:07:46+00:00,,,QUALIFIED_LABEL_ONLY
Rich,period:448a8f91622619afdbe7,2024-03-14 20:08:02+00:00,,,QUALIFIED_LABEL_ONLY
River,period:ea5caa919fbd4b75da18,2022-01-21 21:45:47+00:00,,,QUALIFIED_LABEL_ONLY
River,period:3b01aa4d9786587a33b3,2022-01-28 21:53:04+00:00,,,QUALIFIED_LABEL_ONLY
River,period:5a26c3b6318c7b633520,2022-02-05 20:33:18+00:00,,,QUALIFIED_LABEL_ONLY
River,period:44168f74464b99791ba3,2022-02-12 20:53:38+00:00,,,QUALIFIED_LABEL_ONLY
River,period:466f661effb9208a840b,2022-02-19 20:54:27+00:00,,,QUALIFIED_LABEL_ONLY
River,period:4138ca482beb4344e9ad,2022-02-25 22:37:00+00:00,,,QUALIFIED_LABEL_ONLY
River,period:7a928b9ecc895d38667e,2022-03-05 21:01:58+00:00,,,QUALIFIED_LABEL_ONLY
River,period:bfbcb255cff7d2c3894f,2022-03-12 21:07:29+00:00,,,QUALIFIED_LABEL_ONLY
River,period:9a704a25f780f56ebe1b,2022-03-19 19:32:42+00:00,,,QUALIFIED_LABEL_ONLY
River,period:2543e9e0dda5edca0977,2022-03-25 20:43:57+00:00,,,QUALIFIED_LABEL_ONLY
River,period:4c81af754b6b135da741,2022-06-17 21:46:00+00:00,,,QUALIFIED_LABEL_ONLY
River,period:9098ed2cd53d3e50498b,2022-06-25 20:09:54+00:00,,,QUALIFIED_LABEL_ONLY
River,period:bd5d15bd6830501052ed,2022-07-02 20:14:47+00:00,,,QUALIFIED_LABEL_ONLY
River,period:a1385753e89a22ad7415,2022-07-16 20:31:00+00:00,,,QUALIFIED_LABEL_ONLY
River,period:d36d780bd6e08d095d27,2022-07-23 20:43:00+00:00,,,QUALIFIED_LABEL_ONLY
River,period:ab4c55f2271a097a29e2,2022-07-30 20:03:25+00:00,,,QUALIFIED_LABEL_ONLY
River,period:9310314000d1dccfe6ae,2022-08-06 20:08:43+00:00,,,QUALIFIED_LABEL_ONLY
River,period:e268d0eb9109f8185a29,2022-08-12 20:55:46+00:00,,,QUALIFIED_LABEL_ONLY
River,period:f6ad6d70568c5aa4ddb9,2022-08-25 19:37:29+00:00,,,QUALIFIED_LABEL_ONLY
River,period:452655f2bc33b5b76085,2023-01-26 22:16:48+00:00,,,QUALIFIED_LABEL_ONLY
River,period:9ad2bd3e76204c678ee3,2023-02-02 22:06:55+00:00,,,QUALIFIED_LABEL_ONLY
River,period:5193f604ed2f15e301e1,2023-02-09 22:07:17+00:00,,,QUALIFIED_LABEL_ONLY
River,period:2b3de7782bdf56dc82d0,2023-02-15 22:07:50+00:00,,,QUALIFIED_LABEL_ONLY
River,period:36d3f31311f21e914d55,2023-02-23 22:06:52+00:00,,,QUALIFIED_LABEL_ONLY
River,period:83278694723ba910058b,2023-03-02 22:08:20+00:00,,,QUALIFIED_LABEL_ONLY
River,period:402a134be7abbe005149,2023-03-09 22:22:41+00:00,,,QUALIFIED_LABEL_ONLY
River,period:8d9d5d3f36e034ced562,2023-03-15 21:07:53+00:00,,,QUALIFIED_LABEL_ONLY
River,period:d990ac8b125022094901,2023-03-23 21:10:53+00:00,,,QUALIFIED_LABEL_ONLY
River,period:d33d87118e30f5daa86a,2023-03-30 21:09:21+00:00,,,QUALIFIED_LABEL_ONLY
River,period:f52e10acfa6d747a4c9d,2023-04-08 20:17:16+00:00,,,QUALIFIED_LABEL_ONLY
River,period:3943367d2ce567a9fae3,2023-06-14 21:13:03+00:00,,,QUALIFIED_LABEL_ONLY
River,period:f2ee99995367bf0fc030,2023-06-21 21:07:31+00:00,,,QUALIFIED_LABEL_ONLY
River,period:c790283b449e6bb25672,2023-06-28 21:06:50+00:00,,,QUALIFIED_LABEL_ONLY
River,period:ff185424af4133395119,2023-07-05 21:05:49+00:00,,,QUALIFIED_LABEL_ONLY
River,period:36cf05276a8bbe55409a,2023-07-12 21:06:58+00:00,,,QUALIFIED_LABEL_ONLY
River,period:dd1399a0cf2f56138daa,2023-07-19 21:07:18+00:00,,,QUALIFIED_LABEL_ONLY
River,period:4520b87081b51698489a,2023-08-03 21:07:08+00:00,,,QUALIFIED_LABEL_ONLY
River,period:a7fd1e72d2ba831ccc8d,2023-08-10 21:10:37+00:00,,,QUALIFIED_LABEL_ONLY
River,period:27c11f42e65c97b901b8,2024-01-20 20:15:01+00:00,,,QUALIFIED_LABEL_ONLY
River,period:ab546300266e49331659,2024-01-27 20:15:48+00:00,,,QUALIFIED_LABEL_ONLY
River,period:f82eb58c594ccc349383,2024-02-02 21:12:22+00:00,,,QUALIFIED_LABEL_ONLY
River,period:06566a2ea584fecf6c15,2024-02-10 21:07:54+00:00,,,QUALIFIED_LABEL_ONLY
River,period:789a06731adc1e0c8798,2024-03-02 21:07:29+00:00,,,QUALIFIED_LABEL_ONLY
River,period:a0f9da327c11cf3cc717,2024-03-08 21:07:46+00:00,,,QUALIFIED_LABEL_ONLY
River,period:448a8f91622619afdbe7,2024-03-14 20:08:02+00:00,,,QUALIFIED_LABEL_ONLY
River,period:18a8b98d7b5d7f0b7105,2024-03-22 20:08:04+00:00,,,QUALIFIED_LABEL_ONLY
River,period:697d8a8453920f1ff1c8,2024-06-15 20:11:50+00:00,,,QUALIFIED_LABEL_ONLY
River,period:ea10f8bb7f189dc4197a,2024-06-22 20:11:50+00:00,,,QUALIFIED_LABEL_ONLY
River,period:fb51ebc6418ce68c46c6,2024-06-27 20:07:21+00:00,,,QUALIFIED_LABEL_ONLY
River,period:0f3dd675ff7b55987f43,2024-07-20 20:10:15+00:00,,,QUALIFIED_LABEL_ONLY
River,period:29c7eddc03e68fe96070,2024-07-27 20:09:19+00:00,,,QUALIFIED_LABEL_ONLY
River,period:03ffd32cfddfafb63d73,2024-08-03 20:08:15+00:00,,,QUALIFIED_LABEL_ONLY
River,period:cdd6b3ae49979eef3d9f,2024-08-10 20:07:50+00:00,,,QUALIFIED_LABEL_ONLY
River,period:5218e82018c8910d187b,2024-08-17 20:07:21+00:00,,,QUALIFIED_LABEL_ONLY
River,period:c0a1c4ffff2a32aacb10,2024-08-23 20:07:51+00:00,,,QUALIFIED_LABEL_ONLY
River,period:3685f26c9338932445a9,2024-08-30 20:08:40+00:00,,,QUALIFIED_LABEL_ONLY
River,period:77186dc9e4b5f1acc2df,2024-09-06 20:13:13+00:00,,,QUALIFIED_LABEL_ONLY
River,period:ee078790277fa6a5a0ce,2025-01-25 21:14:31+00:00,,,QUALIFIED_LABEL_ONLY
River,period:b08144b94745feadc04c,2025-02-01 21:06:58+00:00,,,QUALIFIED_LABEL_ONLY
River,period:5a5260defef5072643d0,2025-04-05 20:14:15+00:00,,,QUALIFIED_LABEL_ONLY
River,period:fb622d9f67b0d1bacd81,2025-04-12 20:06:56+00:00,,,QUALIFIED_LABEL_ONLY
River,period:ab17bbbf5d12cdddc770,2025-04-19 20:08:34+00:00,,,QUALIFIED_LABEL_ONLY
River,period:0bd7b62868a6e6fa9a6d,2025-04-26 20:08:33+00:00,,,QUALIFIED_LABEL_ONLY
River,period:f91ca0f544586fb72c4d,2025-05-03 20:08:26+00:00,,,QUALIFIED_LABEL_ONLY
River,period:92eb584d41521b4a115a,2025-05-10 20:09:23+00:00,,,QUALIFIED_LABEL_ONLY
River,period:42a66f8e41011df34073,2025-05-17 20:08:05+00:00,,,QUALIFIED_LABEL_ONLY
River,period:540a575a08edacdeb808,2025-05-31 20:08:28+00:00,,,QUALIFIED_LABEL_ONLY
River,period:f92170f131413923b84c,2025-07-26 20:10:23+00:00,,,QUALIFIED_LABEL_ONLY
River,period:c7231b512ce5dfec31cf,2025-08-02 20:08:18+00:00,,,QUALIFIED_LABEL_ONLY
River,period:c139a580fc7ad181ea33,2025-08-09 20:06:58+00:00,,,QUALIFIED_LABEL_ONLY
River,period:7c6d5817a7155f3a80bb,2025-08-23 20:06:29+00:00,,,QUALIFIED_LABEL_ONLY
River,period:1ffa4e947c2611f80c97,2025-08-29 20:06:10+00:00,,,QUALIFIED_LABEL_ONLY
River,period:717827b0ee213b1efab1,2025-09-05 20:05:46+00:00,,,QUALIFIED_LABEL_ONLY
RoseThorn,period:2543e9e0dda5edca0977,2022-03-25 20:43:57+00:00,,,QUALIFIED_LABEL_ONLY
Ruby,period:c790283b449e6bb25672,2023-06-28 21:06:50+00:00,,,QUALIFIED_LABEL_ONLY
Ruin,period:01bed218199c5fc6a295,2020-01-25 21:37:53+00:00,,,QUALIFIED_LABEL_ONLY
Ruin,period:18c306f73901eb8e548e,2020-02-01 21:36:35+00:00,,,QUALIFIED_LABEL_ONLY
Ruin,period:bd2e80371da37619c695,2020-02-08 21:30:18+00:00,,,QUALIFIED_LABEL_ONLY
Ruin,period:94dc307a169a4236f643,2020-02-15 21:33:19+00:00,,,QUALIFIED_LABEL_ONLY
Ruin,period:90cc39f891e2dbcab3ef,2020-02-22 21:37:14+00:00,,,QUALIFIED_LABEL_ONLY
Ruin,period:cb03c621696fc2e91764,2020-02-29 21:26:53+00:00,,,QUALIFIED_LABEL_ONLY
Ruin,period:14606e5066005561df07,2020-03-07 21:40:12+00:00,,,QUALIFIED_LABEL_ONLY
Ruin,period:b2e2840d56c789b5030c,2020-03-21 20:18:48+00:00,,,QUALIFIED_LABEL_ONLY
Ruin,period:666de7dcc2eb91211639,2020-03-28 20:29:42+00:00,,,QUALIFIED_LABEL_ONLY
Ruin,period:1970df0ebd4246c6ea3b,2020-06-13 00:40:51+00:00,,,QUALIFIED_LABEL_ONLY
Ruin,period:3968b01a861a52d381a8,2020-06-20 00:31:26+00:00,,,QUALIFIED_LABEL_ONLY
Ruin,period:642a5bb7deff76d164b5,2020-06-27 00:39:52+00:00,,,QUALIFIED_LABEL_ONLY
Ruin,period:7813fa8e90f59320de07,2020-07-04 00:21:06+00:00,,,QUALIFIED_LABEL_ONLY
Ruin,period:2d69b4a154591d5cca77,2020-07-18 00:30:49+00:00,,,QUALIFIED_LABEL_ONLY
Ruin,period:fe3df3b5886d9a4a5234,2020-07-25 00:38:07+00:00,,,QUALIFIED_LABEL_ONLY
Ruin,period:3e89f4975798019beec8,2020-08-01 00:35:44+00:00,,,QUALIFIED_LABEL_ONLY
Ruin,period:9cfbd3e5ecdd20626eed,2020-08-08 00:43:41+00:00,,,QUALIFIED_LABEL_ONLY
Ryoma,period:01bed218199c5fc6a295,2020-01-25 21:37:53+00:00,,,QUALIFIED_LABEL_ONLY
Ryoma,period:18c306f73901eb8e548e,2020-02-01 21:36:35+00:00,,,QUALIFIED_LABEL_ONLY
Ryoma,period:bd2e80371da37619c695,2020-02-08 21:30:18+00:00,,,QUALIFIED_LABEL_ONLY
Ryoma,period:94dc307a169a4236f643,2020-02-15 21:33:19+00:00,,,QUALIFIED_LABEL_ONLY
Ryoma,period:90cc39f891e2dbcab3ef,2020-02-22 21:37:14+00:00,,,QUALIFIED_LABEL_ONLY
Ryoma,period:cb03c621696fc2e91764,2020-02-29 21:26:53+00:00,,,QUALIFIED_LABEL_ONLY
Ryoma,period:14606e5066005561df07,2020-03-07 21:40:12+00:00,,,QUALIFIED_LABEL_ONLY
Ryoma,period:b2e2840d56c789b5030c,2020-03-21 20:18:48+00:00,,,QUALIFIED_LABEL_ONLY
Ryoma,period:666de7dcc2eb91211639,2020-03-28 20:29:42+00:00,,,QUALIFIED_LABEL_ONLY
Ryoma,period:5a2658b56ec5d5c6a04d,2020-04-04 19:44:42+00:00,,,QUALIFIED_LABEL_ONLY
Ryoma,period:1970df0ebd4246c6ea3b,2020-06-13 00:40:51+00:00,,,QUALIFIED_LABEL_ONLY
Ryoma,period:3968b01a861a52d381a8,2020-06-20 00:31:26+00:00,,,QUALIFIED_LABEL_ONLY
Ryoma,period:642a5bb7deff76d164b5,2020-06-27 00:39:52+00:00,,,QUALIFIED_LABEL_ONLY
Ryoma,period:7813fa8e90f59320de07,2020-07-04 00:21:06+00:00,,,QUALIFIED_LABEL_ONLY
Ryoma,period:1e2c5a7144cf9a8bc308,2020-07-11 00:50:27+00:00,,,QUALIFIED_LABEL_ONLY
Ryoma,period:2d69b4a154591d5cca77,2020-07-18 00:30:49+00:00,,,QUALIFIED_LABEL_ONLY
Ryoma,period:fe3df3b5886d9a4a5234,2020-07-25 00:38:07+00:00,,,QUALIFIED_LABEL_ONLY
Ryoma,period:3e89f4975798019beec8,2020-08-01 00:35:44+00:00,,,QUALIFIED_LABEL_ONLY
Ryoma,period:9cfbd3e5ecdd20626eed,2020-08-08 00:43:41+00:00,,,QUALIFIED_LABEL_ONLY
Ryoma,period:0836494c11a0b381c084,2020-08-13 19:38:23+00:00,,,QUALIFIED_LABEL_ONLY
Ryoma,period:433079f36e14953ffe3e,2021-03-05 22:15:28+00:00,,,QUALIFIED_LABEL_ONLY
Ryoma,period:2eea81e5fabdc42a729f,2021-03-12 22:24:45+00:00,,,QUALIFIED_LABEL_ONLY
Ryoma,period:4a6e60b4d46361a99310,2021-03-20 19:21:03+00:00,,,QUALIFIED_LABEL_ONLY
Ryoma,period:22dfd57f1594beeba715,2021-03-27 19:16:36+00:00,,,QUALIFIED_LABEL_ONLY
Ryoma,period:8e2682918e14580d212b,2021-04-03 19:17:31+00:00,,,QUALIFIED_LABEL_ONLY
Ryoma,period:afb91f11a5c9c66cc35b,2021-07-30 21:12:55+00:00,,,QUALIFIED_LABEL_ONLY
Ryoma,period:3921ed3cc984afb56c50,2022-01-14 21:26:31+00:00,,,QUALIFIED_LABEL_ONLY
Ryoma,period:ea5caa919fbd4b75da18,2022-01-21 21:45:47+00:00,,,QUALIFIED_LABEL_ONLY
Ryoma,period:402a134be7abbe005149,2023-03-09 22:22:41+00:00,,,QUALIFIED_LABEL_ONLY
Saint,period:ee078790277fa6a5a0ce,2025-01-25 21:14:31+00:00,,,QUALIFIED_LABEL_ONLY
Saint,period:b08144b94745feadc04c,2025-02-01 21:06:58+00:00,,,QUALIFIED_LABEL_ONLY
Saint,period:5a5260defef5072643d0,2025-04-05 20:14:15+00:00,,,QUALIFIED_LABEL_ONLY
Saint,period:fb622d9f67b0d1bacd81,2025-04-12 20:06:56+00:00,,,QUALIFIED_LABEL_ONLY
Saint,period:ab17bbbf5d12cdddc770,2025-04-19 20:08:34+00:00,,,QUALIFIED_LABEL_ONLY
Saint,period:0bd7b62868a6e6fa9a6d,2025-04-26 20:08:33+00:00,,,QUALIFIED_LABEL_ONLY
Saint,period:f91ca0f544586fb72c4d,2025-05-03 20:08:26+00:00,,,QUALIFIED_LABEL_ONLY
Saint,period:92eb584d41521b4a115a,2025-05-10 20:09:23+00:00,,,QUALIFIED_LABEL_ONLY
Saint,period:42a66f8e41011df34073,2025-05-17 20:08:05+00:00,,,QUALIFIED_LABEL_ONLY
Saint,period:f92170f131413923b84c,2025-07-26 20:10:23+00:00,,,QUALIFIED_LABEL_ONLY
Saint,period:c7231b512ce5dfec31cf,2025-08-02 20:08:18+00:00,,,QUALIFIED_LABEL_ONLY
Saint,period:c139a580fc7ad181ea33,2025-08-09 20:06:58+00:00,,,QUALIFIED_LABEL_ONLY
Saint,period:7c6d5817a7155f3a80bb,2025-08-23 20:06:29+00:00,,,QUALIFIED_LABEL_ONLY
Saint,period:28d589eedfce312e1ad3,2026-01-24 21:24:34+00:00,,,QUALIFIED_LABEL_ONLY
Saint,period:6186b6ccaf2d592d540a,2026-01-26 00:04:23+00:00,,,QUALIFIED_LABEL_ONLY
Saint,period:70fac0200d695853ccdc,2026-01-31 21:07:01+00:00,,,QUALIFIED_LABEL_ONLY
Saint,period:b2e5a5987eefaa30eea2,2026-02-07 21:11:32+00:00,,,QUALIFIED_LABEL_ONLY
Saint,period:d52af7b72997e89c8ea6,2026-02-20 21:09:00+00:00,,,QUALIFIED_LABEL_ONLY
Saint,period:b628e8f047ec274b8698,2026-02-27 21:09:38+00:00,,,QUALIFIED_LABEL_ONLY
Saint,period:f1fd6343903a0462322e,2026-03-02 00:22:41+00:00,,,QUALIFIED_LABEL_ONLY
Saint,period:74efed7e4a28a304cc30,2026-04-04 20:17:46+00:00,,,QUALIFIED_LABEL_ONLY
Saint,period:fc48b32f725285a09f66,2026-04-11 20:08:26+00:00,,,QUALIFIED_LABEL_ONLY
Saint,period:9ad9f360f988761d91c1,2026-04-18 20:07:45+00:00,,,QUALIFIED_LABEL_ONLY
Saint,period:b0a60cf2f3d3558f5e56,2026-04-25 20:09:02+00:00,,,QUALIFIED_LABEL_ONLY
Saint,period:0a890f671f8ce6bbde59,2026-05-02 20:10:20+00:00,,,QUALIFIED_LABEL_ONLY
Saint,period:bca1e648a46734294b57,2026-05-09 20:08:09+00:00,,,QUALIFIED_LABEL_ONLY
Saint,period:1c76ac6866aa6a71a894,2026-05-16 20:08:36+00:00,,,QUALIFIED_LABEL_ONLY
Saint,period:2ba54fbdb1ed8ce5723d,2026-05-23 20:10:31+00:00,,,QUALIFIED_LABEL_ONLY
Saint,period:76aa7cb585d2505649ba,2026-06-06 20:09:49+00:00,,,QUALIFIED_LABEL_ONLY
Saint,period:2a0b31a43b9b5e794a24,2026-06-13 20:14:55+00:00,,,QUALIFIED_LABEL_ONLY
Saint,period:5afe139f56d9c0db8f2d,2026-07-25 20:13:30+00:00,,,QUALIFIED_LABEL_ONLY
Santorin,period:01bed218199c5fc6a295,2020-01-25 21:37:53+00:00,,,QUALIFIED_LABEL_ONLY
Santorin,period:18c306f73901eb8e548e,2020-02-01 21:36:35+00:00,,,QUALIFIED_LABEL_ONLY
Santorin,period:bd2e80371da37619c695,2020-02-08 21:30:18+00:00,,,QUALIFIED_LABEL_ONLY
Santorin,period:94dc307a169a4236f643,2020-02-15 21:33:19+00:00,,,QUALIFIED_LABEL_ONLY
Santorin,period:90cc39f891e2dbcab3ef,2020-02-22 21:37:14+00:00,,,QUALIFIED_LABEL_ONLY
Santorin,period:cb03c621696fc2e91764,2020-02-29 21:26:53+00:00,,,QUALIFIED_LABEL_ONLY
Santorin,period:14606e5066005561df07,2020-03-07 21:40:12+00:00,,,QUALIFIED_LABEL_ONLY
Santorin,period:b2e2840d56c789b5030c,2020-03-21 20:18:48+00:00,,,QUALIFIED_LABEL_ONLY
Santorin,period:666de7dcc2eb91211639,2020-03-28 20:29:42+00:00,,,QUALIFIED_LABEL_ONLY
Santorin,period:5a2658b56ec5d5c6a04d,2020-04-04 19:44:42+00:00,,,QUALIFIED_LABEL_ONLY
Santorin,period:be73ead0e53874776373,2020-04-18 19:37:34+00:00,,,QUALIFIED_LABEL_ONLY
Santorin,period:1970df0ebd4246c6ea3b,2020-06-13 00:40:51+00:00,,,QUALIFIED_LABEL_ONLY
Santorin,period:3968b01a861a52d381a8,2020-06-20 00:31:26+00:00,,,QUALIFIED_LABEL_ONLY
Santorin,period:642a5bb7deff76d164b5,2020-06-27 00:39:52+00:00,,,QUALIFIED_LABEL_ONLY
Santorin,period:7813fa8e90f59320de07,2020-07-04 00:21:06+00:00,,,QUALIFIED_LABEL_ONLY
Santorin,period:1e2c5a7144cf9a8bc308,2020-07-11 00:50:27+00:00,,,QUALIFIED_LABEL_ONLY
Santorin,period:2d69b4a154591d5cca77,2020-07-18 00:30:49+00:00,,,QUALIFIED_LABEL_ONLY
Santorin,period:fe3df3b5886d9a4a5234,2020-07-25 00:38:07+00:00,,,QUALIFIED_LABEL_ONLY
Santorin,period:3e89f4975798019beec8,2020-08-01 00:35:44+00:00,,,QUALIFIED_LABEL_ONLY
Santorin,period:9cfbd3e5ecdd20626eed,2020-08-08 00:43:41+00:00,,,QUALIFIED_LABEL_ONLY
Santorin,period:0836494c11a0b381c084,2020-08-13 19:38:23+00:00,,,QUALIFIED_LABEL_ONLY
Santorin,period:38cb400566e2a3aee1c8,2020-08-20 19:31:44+00:00,,,QUALIFIED_LABEL_ONLY
Santorin,period:53a986e97c4e64053db8,2020-08-29 19:32:38+00:00,,,QUALIFIED_LABEL_ONLY
Santorin,period:c131bd9da535908c94f0,2020-09-05 19:31:41+00:00,,,QUALIFIED_LABEL_ONLY
Santorin,period:2e302fc7c4bd7a4b3864,2021-01-22 22:29:56+00:00,,,QUALIFIED_LABEL_ONLY
Santorin,period:9b9f3f2ec839feb3a947,2021-01-29 22:28:31+00:00,,,QUALIFIED_LABEL_ONLY
Santorin,period:7c66db573c65177b96bf,2021-02-05 22:24:44+00:00,,,QUALIFIED_LABEL_ONLY
Santorin,period:19d1212ec047ea2c2e1c,2021-02-12 22:29:59+00:00,,,QUALIFIED_LABEL_ONLY
Santorin,period:577ed5ecd652eb981e79,2021-02-19 22:21:31+00:00,,,QUALIFIED_LABEL_ONLY
Santorin,period:3482fd65afd711052651,2021-02-26 22:23:25+00:00,,,QUALIFIED_LABEL_ONLY
Santorin,period:433079f36e14953ffe3e,2021-03-05 22:15:28+00:00,,,QUALIFIED_LABEL_ONLY
Santorin,period:2eea81e5fabdc42a729f,2021-03-12 22:24:45+00:00,,,QUALIFIED_LABEL_ONLY
Santorin,period:4a6e60b4d46361a99310,2021-03-20 19:21:03+00:00,,,QUALIFIED_LABEL_ONLY
Santorin,period:8e2682918e14580d212b,2021-04-03 19:17:31+00:00,,,QUALIFIED_LABEL_ONLY
Santorin,period:debddf61a872640eadfb,2021-06-04 22:02:02+00:00,,,QUALIFIED_LABEL_ONLY
Santorin,period:24ddb9953986c3386cb5,2021-06-11 21:37:50+00:00,,,QUALIFIED_LABEL_ONLY
Santorin,period:111e9dfa6ccd70cbab3b,2021-06-18 21:02:38+00:00,,,QUALIFIED_LABEL_ONLY
Santorin,period:afb91f11a5c9c66cc35b,2021-07-30 21:12:55+00:00,,,QUALIFIED_LABEL_ONLY
Santorin,period:a8f8fd7e2f96bbacb87c,2021-08-07 20:23:28+00:00,,,QUALIFIED_LABEL_ONLY
Santorin,period:3951db25bbaff1ec59cd,2021-08-12 21:13:39+00:00,,,QUALIFIED_LABEL_ONLY
Santorin,period:7c5e83ab4c6a7ca8c86a,2021-08-19 21:11:40+00:00,,,QUALIFIED_LABEL_ONLY
Santorin,period:dbb9ba645ae8a19c6555,2021-08-28 19:41:05+00:00,,,QUALIFIED_LABEL_ONLY
Santorin,period:3921ed3cc984afb56c50,2022-01-14 21:26:31+00:00,,,QUALIFIED_LABEL_ONLY
Santorin,period:ea5caa919fbd4b75da18,2022-01-21 21:45:47+00:00,,,QUALIFIED_LABEL_ONLY
Santorin,period:3b01aa4d9786587a33b3,2022-01-28 21:53:04+00:00,,,QUALIFIED_LABEL_ONLY
Santorin,period:5a26c3b6318c7b633520,2022-02-05 20:33:18+00:00,,,QUALIFIED_LABEL_ONLY
Santorin,period:44168f74464b99791ba3,2022-02-12 20:53:38+00:00,,,QUALIFIED_LABEL_ONLY
Santorin,period:466f661effb9208a840b,2022-02-19 20:54:27+00:00,,,QUALIFIED_LABEL_ONLY
Santorin,period:4138ca482beb4344e9ad,2022-02-25 22:37:00+00:00,,,QUALIFIED_LABEL_ONLY
Santorin,period:7a928b9ecc895d38667e,2022-03-05 21:01:58+00:00,,,QUALIFIED_LABEL_ONLY
Santorin,period:bfbcb255cff7d2c3894f,2022-03-12 21:07:29+00:00,,,QUALIFIED_LABEL_ONLY
Santorin,period:9a704a25f780f56ebe1b,2022-03-19 19:32:42+00:00,,,QUALIFIED_LABEL_ONLY
Santorin,period:2543e9e0dda5edca0977,2022-03-25 20:43:57+00:00,,,QUALIFIED_LABEL_ONLY
Santorin,period:95c58b937c0fcc3e92b9,2022-04-02 20:00:26+00:00,,,QUALIFIED_LABEL_ONLY
Santorin,period:8e4979ebdc36578e98ba,2022-04-16 20:06:15+00:00,,,QUALIFIED_LABEL_ONLY
Santorin,period:8036ed58940a8d2ab607,2022-04-23 18:36:24+00:00,,,QUALIFIED_LABEL_ONLY
Santorin,period:4c81af754b6b135da741,2022-06-17 21:46:00+00:00,,,QUALIFIED_LABEL_ONLY
Santorin,period:9098ed2cd53d3e50498b,2022-06-25 20:09:54+00:00,,,QUALIFIED_LABEL_ONLY
Santorin,period:bd5d15bd6830501052ed,2022-07-02 20:14:47+00:00,,,QUALIFIED_LABEL_ONLY
Santorin,period:a1385753e89a22ad7415,2022-07-16 20:31:00+00:00,,,QUALIFIED_LABEL_ONLY
Santorin,period:d36d780bd6e08d095d27,2022-07-23 20:43:00+00:00,,,QUALIFIED_LABEL_ONLY
Santorin,period:ab4c55f2271a097a29e2,2022-07-30 20:03:25+00:00,,,QUALIFIED_LABEL_ONLY
Santorin,period:9310314000d1dccfe6ae,2022-08-06 20:08:43+00:00,,,QUALIFIED_LABEL_ONLY
Santorin,period:e268d0eb9109f8185a29,2022-08-12 20:55:46+00:00,,,QUALIFIED_LABEL_ONLY
Santorin,period:fcd21c282bb6eb984919,2022-08-20 19:32:26+00:00,,,QUALIFIED_LABEL_ONLY
Santorin,period:f6ad6d70568c5aa4ddb9,2022-08-25 19:37:29+00:00,,,QUALIFIED_LABEL_ONLY
Santorin,period:f14a4fb0f93da34e9201,2022-09-01 19:27:30+00:00,,,QUALIFIED_LABEL_ONLY
Santorin,period:452655f2bc33b5b76085,2023-01-26 22:16:48+00:00,,,QUALIFIED_LABEL_ONLY
Santorin,period:9ad2bd3e76204c678ee3,2023-02-02 22:06:55+00:00,,,QUALIFIED_LABEL_ONLY
Santorin,period:5193f604ed2f15e301e1,2023-02-09 22:07:17+00:00,,,QUALIFIED_LABEL_ONLY
Santorin,period:2b3de7782bdf56dc82d0,2023-02-15 22:07:50+00:00,,,QUALIFIED_LABEL_ONLY
Santorin,period:36d3f31311f21e914d55,2023-02-23 22:06:52+00:00,,,QUALIFIED_LABEL_ONLY
Santorin,period:83278694723ba910058b,2023-03-02 22:08:20+00:00,,,QUALIFIED_LABEL_ONLY
Santorin,period:402a134be7abbe005149,2023-03-09 22:22:41+00:00,,,QUALIFIED_LABEL_ONLY
Santorin,period:8d9d5d3f36e034ced562,2023-03-15 21:07:53+00:00,,,QUALIFIED_LABEL_ONLY
Santorin,period:3943367d2ce567a9fae3,2023-06-14 21:13:03+00:00,,,QUALIFIED_LABEL_ONLY
Santorin,period:f2ee99995367bf0fc030,2023-06-21 21:07:31+00:00,,,QUALIFIED_LABEL_ONLY
Santorin,period:c790283b449e6bb25672,2023-06-28 21:06:50+00:00,,,QUALIFIED_LABEL_ONLY
Santorin,period:ff185424af4133395119,2023-07-05 21:05:49+00:00,,,QUALIFIED_LABEL_ONLY
Santorin,period:36cf05276a8bbe55409a,2023-07-12 21:06:58+00:00,,,QUALIFIED_LABEL_ONLY
Santorin,period:dd1399a0cf2f56138daa,2023-07-19 21:07:18+00:00,,,QUALIFIED_LABEL_ONLY
Santorin,period:4520b87081b51698489a,2023-08-03 21:07:08+00:00,,,QUALIFIED_LABEL_ONLY
Santorin,period:a7fd1e72d2ba831ccc8d,2023-08-10 21:10:37+00:00,,,QUALIFIED_LABEL_ONLY
ScaryJerry,period:ee078790277fa6a5a0ce,2025-01-25 21:14:31+00:00,,,QUALIFIED_LABEL_ONLY
ScaryJerry,period:b08144b94745feadc04c,2025-02-01 21:06:58+00:00,,,QUALIFIED_LABEL_ONLY
ScaryJerry,period:5a5260defef5072643d0,2025-04-05 20:14:15+00:00,,,QUALIFIED_LABEL_ONLY
ScaryJerry,period:fb622d9f67b0d1bacd81,2025-04-12 20:06:56+00:00,,,QUALIFIED_LABEL_ONLY
ScaryJerry,period:ab17bbbf5d12cdddc770,2025-04-19 20:08:34+00:00,,,QUALIFIED_LABEL_ONLY
ScaryJerry,period:0bd7b62868a6e6fa9a6d,2025-04-26 20:08:33+00:00,,,QUALIFIED_LABEL_ONLY
ScaryJerry,period:f91ca0f544586fb72c4d,2025-05-03 20:08:26+00:00,,,QUALIFIED_LABEL_ONLY
ScaryJerry,period:92eb584d41521b4a115a,2025-05-10 20:09:23+00:00,,,QUALIFIED_LABEL_ONLY
ScaryJerry,period:42a66f8e41011df34073,2025-05-17 20:08:05+00:00,,,QUALIFIED_LABEL_ONLY
Sheiden,period:dd1399a0cf2f56138daa,2023-07-19 21:07:18+00:00,,,QUALIFIED_LABEL_ONLY
Sheiden,period:67a5ff4d5b051b402092,2023-07-27 21:07:41+00:00,,,QUALIFIED_LABEL_ONLY
Sheiden,period:4520b87081b51698489a,2023-08-03 21:07:08+00:00,,,QUALIFIED_LABEL_ONLY
Sheiden,period:a7fd1e72d2ba831ccc8d,2023-08-10 21:10:37+00:00,,,QUALIFIED_LABEL_ONLY
Sheiden,period:b08144b94745feadc04c,2025-02-01 21:06:58+00:00,,,QUALIFIED_LABEL_ONLY
Sheiden,period:bcc5730448bc2219d32a,2025-02-09 21:07:49+00:00,,,QUALIFIED_LABEL_ONLY
Sheiden,period:5a5260defef5072643d0,2025-04-05 20:14:15+00:00,,,QUALIFIED_LABEL_ONLY
Sheiden,period:fb622d9f67b0d1bacd81,2025-04-12 20:06:56+00:00,,,QUALIFIED_LABEL_ONLY
Sheiden,period:ab17bbbf5d12cdddc770,2025-04-19 20:08:34+00:00,,,QUALIFIED_LABEL_ONLY
Sheiden,period:0bd7b62868a6e6fa9a6d,2025-04-26 20:08:33+00:00,,,QUALIFIED_LABEL_ONLY
Sheiden,period:f91ca0f544586fb72c4d,2025-05-03 20:08:26+00:00,,,QUALIFIED_LABEL_ONLY
Sheiden,period:92eb584d41521b4a115a,2025-05-10 20:09:23+00:00,,,QUALIFIED_LABEL_ONLY
Sheiden,period:42a66f8e41011df34073,2025-05-17 20:08:05+00:00,,,QUALIFIED_LABEL_ONLY
Sheiden,period:540a575a08edacdeb808,2025-05-31 20:08:28+00:00,,,QUALIFIED_LABEL_ONLY
Sheiden,period:f92170f131413923b84c,2025-07-26 20:10:23+00:00,,,QUALIFIED_LABEL_ONLY
Sheiden,period:c7231b512ce5dfec31cf,2025-08-02 20:08:18+00:00,,,QUALIFIED_LABEL_ONLY
Sheiden,period:c139a580fc7ad181ea33,2025-08-09 20:06:58+00:00,,,QUALIFIED_LABEL_ONLY
Sheiden,period:7c6d5817a7155f3a80bb,2025-08-23 20:06:29+00:00,,,QUALIFIED_LABEL_ONLY
Shenyi,period:5a26c3b6318c7b633520,2022-02-05 20:33:18+00:00,,,QUALIFIED_LABEL_ONLY
Shenyi,period:44168f74464b99791ba3,2022-02-12 20:53:38+00:00,,,QUALIFIED_LABEL_ONLY
Shenyi,period:7a928b9ecc895d38667e,2022-03-05 21:01:58+00:00,,,QUALIFIED_LABEL_ONLY
Shenyi,period:bfbcb255cff7d2c3894f,2022-03-12 21:07:29+00:00,,,QUALIFIED_LABEL_ONLY
Shenyi,period:9a704a25f780f56ebe1b,2022-03-19 19:32:42+00:00,,,QUALIFIED_LABEL_ONLY
Shenyi,period:2543e9e0dda5edca0977,2022-03-25 20:43:57+00:00,,,QUALIFIED_LABEL_ONLY
Shernfire,period:01bed218199c5fc6a295,2020-01-25 21:37:53+00:00,,,QUALIFIED_LABEL_ONLY
Shernfire,period:18c306f73901eb8e548e,2020-02-01 21:36:35+00:00,,,QUALIFIED_LABEL_ONLY
Shernfire,period:bd2e80371da37619c695,2020-02-08 21:30:18+00:00,,,QUALIFIED_LABEL_ONLY
Smoothie,period:01bed218199c5fc6a295,2020-01-25 21:37:53+00:00,,,QUALIFIED_LABEL_ONLY
Smoothie,period:18c306f73901eb8e548e,2020-02-01 21:36:35+00:00,,,QUALIFIED_LABEL_ONLY
Smoothie,period:bd2e80371da37619c695,2020-02-08 21:30:18+00:00,,,QUALIFIED_LABEL_ONLY
Smoothie,period:94dc307a169a4236f643,2020-02-15 21:33:19+00:00,,,QUALIFIED_LABEL_ONLY
Smoothie,period:90cc39f891e2dbcab3ef,2020-02-22 21:37:14+00:00,,,QUALIFIED_LABEL_ONLY
Smoothie,period:cb03c621696fc2e91764,2020-02-29 21:26:53+00:00,,,QUALIFIED_LABEL_ONLY
Smoothie,period:14606e5066005561df07,2020-03-07 21:40:12+00:00,,,QUALIFIED_LABEL_ONLY
Smoothie,period:b2e2840d56c789b5030c,2020-03-21 20:18:48+00:00,,,QUALIFIED_LABEL_ONLY
Smoothie,period:666de7dcc2eb91211639,2020-03-28 20:29:42+00:00,,,QUALIFIED_LABEL_ONLY
Smoothie,period:1970df0ebd4246c6ea3b,2020-06-13 00:40:51+00:00,,,QUALIFIED_LABEL_ONLY
Smoothie,period:3968b01a861a52d381a8,2020-06-20 00:31:26+00:00,,,QUALIFIED_LABEL_ONLY
Smoothie,period:642a5bb7deff76d164b5,2020-06-27 00:39:52+00:00,,,QUALIFIED_LABEL_ONLY
Smoothie,period:7813fa8e90f59320de07,2020-07-04 00:21:06+00:00,,,QUALIFIED_LABEL_ONLY
Smoothie,period:1e2c5a7144cf9a8bc308,2020-07-11 00:50:27+00:00,,,QUALIFIED_LABEL_ONLY
Smoothie,period:2d69b4a154591d5cca77,2020-07-18 00:30:49+00:00,,,QUALIFIED_LABEL_ONLY
Smoothie,period:fe3df3b5886d9a4a5234,2020-07-25 00:38:07+00:00,,,QUALIFIED_LABEL_ONLY
Smoothie,period:3e89f4975798019beec8,2020-08-01 00:35:44+00:00,,,QUALIFIED_LABEL_ONLY
Smoothie,period:9cfbd3e5ecdd20626eed,2020-08-08 00:43:41+00:00,,,QUALIFIED_LABEL_ONLY
Smoothie,period:fcb777e33a04482e7bfb,2021-01-15 23:10:17+00:00,,,QUALIFIED_LABEL_ONLY
Smoothie,period:7c66db573c65177b96bf,2021-02-05 22:24:44+00:00,,,QUALIFIED_LABEL_ONLY
Smoothie,period:19d1212ec047ea2c2e1c,2021-02-12 22:29:59+00:00,,,QUALIFIED_LABEL_ONLY
Smoothie,period:577ed5ecd652eb981e79,2021-02-19 22:21:31+00:00,,,QUALIFIED_LABEL_ONLY
Smoothie,period:3482fd65afd711052651,2021-02-26 22:23:25+00:00,,,QUALIFIED_LABEL_ONLY
Smoothie,period:433079f36e14953ffe3e,2021-03-05 22:15:28+00:00,,,QUALIFIED_LABEL_ONLY
Smoothie,period:2eea81e5fabdc42a729f,2021-03-12 22:24:45+00:00,,,QUALIFIED_LABEL_ONLY
Smoothie,period:debddf61a872640eadfb,2021-06-04 22:02:02+00:00,,,QUALIFIED_LABEL_ONLY
Smoothie,period:24ddb9953986c3386cb5,2021-06-11 21:37:50+00:00,,,QUALIFIED_LABEL_ONLY
Smoothie,period:111e9dfa6ccd70cbab3b,2021-06-18 21:02:38+00:00,,,QUALIFIED_LABEL_ONLY
Smoothie,period:32c02d32a3c87111d752,2021-06-25 21:33:16+00:00,,,QUALIFIED_LABEL_ONLY
Smoothie,period:4f8f85e36ba842416702,2021-07-02 21:10:28+00:00,,,QUALIFIED_LABEL_ONLY
Smoothie,period:490dcd8b072f0c76bfcd,2021-07-09 21:35:31+00:00,,,QUALIFIED_LABEL_ONLY
Smoothie,period:5ede35b384e34b4e7cf7,2021-07-16 21:20:22+00:00,,,QUALIFIED_LABEL_ONLY
Smoothie,period:5befa75590802ab7de54,2021-07-23 20:58:06+00:00,,,QUALIFIED_LABEL_ONLY
Smoothie,period:afb91f11a5c9c66cc35b,2021-07-30 21:12:55+00:00,,,QUALIFIED_LABEL_ONLY
Sniper,period:27c11f42e65c97b901b8,2024-01-20 20:15:01+00:00,,,QUALIFIED_LABEL_ONLY
Sniper,period:ab546300266e49331659,2024-01-27 20:15:48+00:00,,,QUALIFIED_LABEL_ONLY
Sniper,period:f82eb58c594ccc349383,2024-02-02 21:12:22+00:00,,,QUALIFIED_LABEL_ONLY
Sniper,period:06566a2ea584fecf6c15,2024-02-10 21:07:54+00:00,,,QUALIFIED_LABEL_ONLY
Sniper,period:789a06731adc1e0c8798,2024-03-02 21:07:29+00:00,,,QUALIFIED_LABEL_ONLY
Sniper,period:a0f9da327c11cf3cc717,2024-03-08 21:07:46+00:00,,,QUALIFIED_LABEL_ONLY
Sniper,period:448a8f91622619afdbe7,2024-03-14 20:08:02+00:00,,,QUALIFIED_LABEL_ONLY
Sniper,period:18a8b98d7b5d7f0b7105,2024-03-22 20:08:04+00:00,,,QUALIFIED_LABEL_ONLY
Sniper,period:697d8a8453920f1ff1c8,2024-06-15 20:11:50+00:00,,,QUALIFIED_LABEL_ONLY
Sniper,period:ea10f8bb7f189dc4197a,2024-06-22 20:11:50+00:00,,,QUALIFIED_LABEL_ONLY
Sniper,period:fb51ebc6418ce68c46c6,2024-06-27 20:07:21+00:00,,,QUALIFIED_LABEL_ONLY
Sniper,period:0f3dd675ff7b55987f43,2024-07-20 20:10:15+00:00,,,QUALIFIED_LABEL_ONLY
Sniper,period:29c7eddc03e68fe96070,2024-07-27 20:09:19+00:00,,,QUALIFIED_LABEL_ONLY
Sniper,period:03ffd32cfddfafb63d73,2024-08-03 20:08:15+00:00,,,QUALIFIED_LABEL_ONLY
Sniper,period:cdd6b3ae49979eef3d9f,2024-08-10 20:07:50+00:00,,,QUALIFIED_LABEL_ONLY
Sniper,period:5218e82018c8910d187b,2024-08-17 20:07:21+00:00,,,QUALIFIED_LABEL_ONLY
Sniper,period:c0a1c4ffff2a32aacb10,2024-08-23 20:07:51+00:00,,,QUALIFIED_LABEL_ONLY
Sniper,period:3685f26c9338932445a9,2024-08-30 20:08:40+00:00,,,QUALIFIED_LABEL_ONLY
Sniper,period:77186dc9e4b5f1acc2df,2024-09-06 20:13:13+00:00,,,QUALIFIED_LABEL_ONLY
Sniper,period:ee078790277fa6a5a0ce,2025-01-25 21:14:31+00:00,,,QUALIFIED_LABEL_ONLY
Sniper,period:b08144b94745feadc04c,2025-02-01 21:06:58+00:00,,,QUALIFIED_LABEL_ONLY
Sniper,period:5a5260defef5072643d0,2025-04-05 20:14:15+00:00,,,QUALIFIED_LABEL_ONLY
Sniper,period:fb622d9f67b0d1bacd81,2025-04-12 20:06:56+00:00,,,QUALIFIED_LABEL_ONLY
Sniper,period:ab17bbbf5d12cdddc770,2025-04-19 20:08:34+00:00,,,QUALIFIED_LABEL_ONLY
Sniper,period:0bd7b62868a6e6fa9a6d,2025-04-26 20:08:33+00:00,,,QUALIFIED_LABEL_ONLY
Sniper,period:f91ca0f544586fb72c4d,2025-05-03 20:08:26+00:00,,,QUALIFIED_LABEL_ONLY
Sniper,period:92eb584d41521b4a115a,2025-05-10 20:09:23+00:00,,,QUALIFIED_LABEL_ONLY
Sniper,period:42a66f8e41011df34073,2025-05-17 20:08:05+00:00,,,QUALIFIED_LABEL_ONLY
Sniper,period:540a575a08edacdeb808,2025-05-31 20:08:28+00:00,,,QUALIFIED_LABEL_ONLY
Sniper,period:f92170f131413923b84c,2025-07-26 20:10:23+00:00,,,QUALIFIED_LABEL_ONLY
Sniper,period:c7231b512ce5dfec31cf,2025-08-02 20:08:18+00:00,,,QUALIFIED_LABEL_ONLY
Soligo,period:fcb777e33a04482e7bfb,2021-01-15 23:10:17+00:00,,,QUALIFIED_LABEL_ONLY
Soligo,period:2e302fc7c4bd7a4b3864,2021-01-22 22:29:56+00:00,,,QUALIFIED_LABEL_ONLY
Soligo,period:7c66db573c65177b96bf,2021-02-05 22:24:44+00:00,,,QUALIFIED_LABEL_ONLY
Soligo,period:19d1212ec047ea2c2e1c,2021-02-12 22:29:59+00:00,,,QUALIFIED_LABEL_ONLY
Soligo,period:577ed5ecd652eb981e79,2021-02-19 22:21:31+00:00,,,QUALIFIED_LABEL_ONLY
Soligo,period:3482fd65afd711052651,2021-02-26 22:23:25+00:00,,,QUALIFIED_LABEL_ONLY
Soligo,period:433079f36e14953ffe3e,2021-03-05 22:15:28+00:00,,,QUALIFIED_LABEL_ONLY
Soligo,period:2eea81e5fabdc42a729f,2021-03-12 22:24:45+00:00,,,QUALIFIED_LABEL_ONLY
Soligo,period:22dfd57f1594beeba715,2021-03-27 19:16:36+00:00,,,QUALIFIED_LABEL_ONLY
Soligo,period:debddf61a872640eadfb,2021-06-04 22:02:02+00:00,,,QUALIFIED_LABEL_ONLY
Solo,period:b2e2840d56c789b5030c,2020-03-21 20:18:48+00:00,,,QUALIFIED_LABEL_ONLY
Solo,period:666de7dcc2eb91211639,2020-03-28 20:29:42+00:00,,,QUALIFIED_LABEL_ONLY
Solo,period:5a2658b56ec5d5c6a04d,2020-04-04 19:44:42+00:00,,,QUALIFIED_LABEL_ONLY
Solo,period:be73ead0e53874776373,2020-04-18 19:37:34+00:00,,,QUALIFIED_LABEL_ONLY
Solo,period:1970df0ebd4246c6ea3b,2020-06-13 00:40:51+00:00,,,QUALIFIED_LABEL_ONLY
Solo,period:3968b01a861a52d381a8,2020-06-20 00:31:26+00:00,,,QUALIFIED_LABEL_ONLY
Solo,period:642a5bb7deff76d164b5,2020-06-27 00:39:52+00:00,,,QUALIFIED_LABEL_ONLY
Solo,period:7813fa8e90f59320de07,2020-07-04 00:21:06+00:00,,,QUALIFIED_LABEL_ONLY
Solo,period:1e2c5a7144cf9a8bc308,2020-07-11 00:50:27+00:00,,,QUALIFIED_LABEL_ONLY
Solo,period:2d69b4a154591d5cca77,2020-07-18 00:30:49+00:00,,,QUALIFIED_LABEL_ONLY
Solo,period:fe3df3b5886d9a4a5234,2020-07-25 00:38:07+00:00,,,QUALIFIED_LABEL_ONLY
Solo,period:3e89f4975798019beec8,2020-08-01 00:35:44+00:00,,,QUALIFIED_LABEL_ONLY
Solo,period:9cfbd3e5ecdd20626eed,2020-08-08 00:43:41+00:00,,,QUALIFIED_LABEL_ONLY
Solo,period:0836494c11a0b381c084,2020-08-13 19:38:23+00:00,,,QUALIFIED_LABEL_ONLY
Solo,period:38cb400566e2a3aee1c8,2020-08-20 19:31:44+00:00,,,QUALIFIED_LABEL_ONLY
Solo,period:53a986e97c4e64053db8,2020-08-29 19:32:38+00:00,,,QUALIFIED_LABEL_ONLY
Solo,period:c131bd9da535908c94f0,2020-09-05 19:31:41+00:00,,,QUALIFIED_LABEL_ONLY
Solo,period:fcb777e33a04482e7bfb,2021-01-15 23:10:17+00:00,,,QUALIFIED_LABEL_ONLY
Solo,period:debddf61a872640eadfb,2021-06-04 22:02:02+00:00,,,QUALIFIED_LABEL_ONLY
Solo,period:24ddb9953986c3386cb5,2021-06-11 21:37:50+00:00,,,QUALIFIED_LABEL_ONLY
Solo,period:111e9dfa6ccd70cbab3b,2021-06-18 21:02:38+00:00,,,QUALIFIED_LABEL_ONLY
Solo,period:32c02d32a3c87111d752,2021-06-25 21:33:16+00:00,,,QUALIFIED_LABEL_ONLY
Solo,period:4f8f85e36ba842416702,2021-07-02 21:10:28+00:00,,,QUALIFIED_LABEL_ONLY
Solo,period:ab4c55f2271a097a29e2,2022-07-30 20:03:25+00:00,,,QUALIFIED_LABEL_ONLY
Solo,period:9310314000d1dccfe6ae,2022-08-06 20:08:43+00:00,,,QUALIFIED_LABEL_ONLY
Solo,period:e268d0eb9109f8185a29,2022-08-12 20:55:46+00:00,,,QUALIFIED_LABEL_ONLY
Solo,period:f6ad6d70568c5aa4ddb9,2022-08-25 19:37:29+00:00,,,QUALIFIED_LABEL_ONLY
Solo,period:f14a4fb0f93da34e9201,2022-09-01 19:27:30+00:00,,,QUALIFIED_LABEL_ONLY
Solo,period:452655f2bc33b5b76085,2023-01-26 22:16:48+00:00,,,QUALIFIED_LABEL_ONLY
Solo,period:9ad2bd3e76204c678ee3,2023-02-02 22:06:55+00:00,,,QUALIFIED_LABEL_ONLY
Solo,period:5193f604ed2f15e301e1,2023-02-09 22:07:17+00:00,,,QUALIFIED_LABEL_ONLY
Solo,period:2b3de7782bdf56dc82d0,2023-02-15 22:07:50+00:00,,,QUALIFIED_LABEL_ONLY
Solo,period:36d3f31311f21e914d55,2023-02-23 22:06:52+00:00,,,QUALIFIED_LABEL_ONLY
Solo,period:83278694723ba910058b,2023-03-02 22:08:20+00:00,,,QUALIFIED_LABEL_ONLY
Solo,period:402a134be7abbe005149,2023-03-09 22:22:41+00:00,,,QUALIFIED_LABEL_ONLY
Solo,period:8d9d5d3f36e034ced562,2023-03-15 21:07:53+00:00,,,QUALIFIED_LABEL_ONLY
Solo,period:3943367d2ce567a9fae3,2023-06-14 21:13:03+00:00,,,QUALIFIED_LABEL_ONLY
Solo,period:f2ee99995367bf0fc030,2023-06-21 21:07:31+00:00,,,QUALIFIED_LABEL_ONLY
Solo,period:c790283b449e6bb25672,2023-06-28 21:06:50+00:00,,,QUALIFIED_LABEL_ONLY
Solo,period:ff185424af4133395119,2023-07-05 21:05:49+00:00,,,QUALIFIED_LABEL_ONLY
Solo,period:36cf05276a8bbe55409a,2023-07-12 21:06:58+00:00,,,QUALIFIED_LABEL_ONLY
Solo,period:dd1399a0cf2f56138daa,2023-07-19 21:07:18+00:00,,,QUALIFIED_LABEL_ONLY
Spawn,period:d36d780bd6e08d095d27,2022-07-23 20:43:00+00:00,,,QUALIFIED_LABEL_ONLY
Spawn,period:ab4c55f2271a097a29e2,2022-07-30 20:03:25+00:00,,,QUALIFIED_LABEL_ONLY
Spawn,period:9310314000d1dccfe6ae,2022-08-06 20:08:43+00:00,,,QUALIFIED_LABEL_ONLY
Spawn,period:e268d0eb9109f8185a29,2022-08-12 20:55:46+00:00,,,QUALIFIED_LABEL_ONLY
Spawn,period:452655f2bc33b5b76085,2023-01-26 22:16:48+00:00,,,QUALIFIED_LABEL_ONLY
Spawn,period:9ad2bd3e76204c678ee3,2023-02-02 22:06:55+00:00,,,QUALIFIED_LABEL_ONLY
Spawn,period:5193f604ed2f15e301e1,2023-02-09 22:07:17+00:00,,,QUALIFIED_LABEL_ONLY
Spawn,period:2b3de7782bdf56dc82d0,2023-02-15 22:07:50+00:00,,,QUALIFIED_LABEL_ONLY
Spica,period:1970df0ebd4246c6ea3b,2020-06-13 00:40:51+00:00,,,QUALIFIED_LABEL_ONLY
Spica,period:3968b01a861a52d381a8,2020-06-20 00:31:26+00:00,,,QUALIFIED_LABEL_ONLY
Spica,period:642a5bb7deff76d164b5,2020-06-27 00:39:52+00:00,,,QUALIFIED_LABEL_ONLY
Spica,period:7813fa8e90f59320de07,2020-07-04 00:21:06+00:00,,,QUALIFIED_LABEL_ONLY
Spica,period:1e2c5a7144cf9a8bc308,2020-07-11 00:50:27+00:00,,,QUALIFIED_LABEL_ONLY
Spica,period:2d69b4a154591d5cca77,2020-07-18 00:30:49+00:00,,,QUALIFIED_LABEL_ONLY
Spica,period:fe3df3b5886d9a4a5234,2020-07-25 00:38:07+00:00,,,QUALIFIED_LABEL_ONLY
Spica,period:3e89f4975798019beec8,2020-08-01 00:35:44+00:00,,,QUALIFIED_LABEL_ONLY
Spica,period:9cfbd3e5ecdd20626eed,2020-08-08 00:43:41+00:00,,,QUALIFIED_LABEL_ONLY
Spica,period:0836494c11a0b381c084,2020-08-13 19:38:23+00:00,,,QUALIFIED_LABEL_ONLY
Spica,period:38cb400566e2a3aee1c8,2020-08-20 19:31:44+00:00,,,QUALIFIED_LABEL_ONLY
Spica,period:53a986e97c4e64053db8,2020-08-29 19:32:38+00:00,,,QUALIFIED_LABEL_ONLY
Spica,period:c131bd9da535908c94f0,2020-09-05 19:31:41+00:00,,,QUALIFIED_LABEL_ONLY
Spica,period:fcb777e33a04482e7bfb,2021-01-15 23:10:17+00:00,,,QUALIFIED_LABEL_ONLY
Spica,period:2e302fc7c4bd7a4b3864,2021-01-22 22:29:56+00:00,,,QUALIFIED_LABEL_ONLY
Spica,period:7c66db573c65177b96bf,2021-02-05 22:24:44+00:00,,,QUALIFIED_LABEL_ONLY
Spica,period:19d1212ec047ea2c2e1c,2021-02-12 22:29:59+00:00,,,QUALIFIED_LABEL_ONLY
Spica,period:577ed5ecd652eb981e79,2021-02-19 22:21:31+00:00,,,QUALIFIED_LABEL_ONLY
Spica,period:3482fd65afd711052651,2021-02-26 22:23:25+00:00,,,QUALIFIED_LABEL_ONLY
Spica,period:433079f36e14953ffe3e,2021-03-05 22:15:28+00:00,,,QUALIFIED_LABEL_ONLY
Spica,period:2eea81e5fabdc42a729f,2021-03-12 22:24:45+00:00,,,QUALIFIED_LABEL_ONLY
Spica,period:4a6e60b4d46361a99310,2021-03-20 19:21:03+00:00,,,QUALIFIED_LABEL_ONLY
Spica,period:22dfd57f1594beeba715,2021-03-27 19:16:36+00:00,,,QUALIFIED_LABEL_ONLY
Spica,period:8e2682918e14580d212b,2021-04-03 19:17:31+00:00,,,QUALIFIED_LABEL_ONLY
Spica,period:759dd00fd0d693b754cc,2021-04-10 19:41:22+00:00,,,QUALIFIED_LABEL_ONLY
Spica,period:debddf61a872640eadfb,2021-06-04 22:02:02+00:00,,,QUALIFIED_LABEL_ONLY
Spica,period:24ddb9953986c3386cb5,2021-06-11 21:37:50+00:00,,,QUALIFIED_LABEL_ONLY
Spica,period:111e9dfa6ccd70cbab3b,2021-06-18 21:02:38+00:00,,,QUALIFIED_LABEL_ONLY
Spica,period:32c02d32a3c87111d752,2021-06-25 21:33:16+00:00,,,QUALIFIED_LABEL_ONLY
Spica,period:4f8f85e36ba842416702,2021-07-02 21:10:28+00:00,,,QUALIFIED_LABEL_ONLY
Spica,period:490dcd8b072f0c76bfcd,2021-07-09 21:35:31+00:00,,,QUALIFIED_LABEL_ONLY
Spica,period:5ede35b384e34b4e7cf7,2021-07-16 21:20:22+00:00,,,QUALIFIED_LABEL_ONLY
Spica,period:5befa75590802ab7de54,2021-07-23 20:58:06+00:00,,,QUALIFIED_LABEL_ONLY
Spica,period:afb91f11a5c9c66cc35b,2021-07-30 21:12:55+00:00,,,QUALIFIED_LABEL_ONLY
Spica,period:3951db25bbaff1ec59cd,2021-08-12 21:13:39+00:00,,,QUALIFIED_LABEL_ONLY
Spica,period:7c5e83ab4c6a7ca8c86a,2021-08-19 21:11:40+00:00,,,QUALIFIED_LABEL_ONLY
Spica,period:5a26c3b6318c7b633520,2022-02-05 20:33:18+00:00,,,QUALIFIED_LABEL_ONLY
Spica,period:44168f74464b99791ba3,2022-02-12 20:53:38+00:00,,,QUALIFIED_LABEL_ONLY
Spica,period:466f661effb9208a840b,2022-02-19 20:54:27+00:00,,,QUALIFIED_LABEL_ONLY
Spica,period:4138ca482beb4344e9ad,2022-02-25 22:37:00+00:00,,,QUALIFIED_LABEL_ONLY
Spica,period:7a928b9ecc895d38667e,2022-03-05 21:01:58+00:00,,,QUALIFIED_LABEL_ONLY
Spica,period:bfbcb255cff7d2c3894f,2022-03-12 21:07:29+00:00,,,QUALIFIED_LABEL_ONLY
Spica,period:9a704a25f780f56ebe1b,2022-03-19 19:32:42+00:00,,,QUALIFIED_LABEL_ONLY
Spica,period:2543e9e0dda5edca0977,2022-03-25 20:43:57+00:00,,,QUALIFIED_LABEL_ONLY
Spica,period:4c81af754b6b135da741,2022-06-17 21:46:00+00:00,,,QUALIFIED_LABEL_ONLY
Spica,period:9098ed2cd53d3e50498b,2022-06-25 20:09:54+00:00,,,QUALIFIED_LABEL_ONLY
Spica,period:bd5d15bd6830501052ed,2022-07-02 20:14:47+00:00,,,QUALIFIED_LABEL_ONLY
Spica,period:a1385753e89a22ad7415,2022-07-16 20:31:00+00:00,,,QUALIFIED_LABEL_ONLY
Spica,period:d36d780bd6e08d095d27,2022-07-23 20:43:00+00:00,,,QUALIFIED_LABEL_ONLY
Spica,period:ab4c55f2271a097a29e2,2022-07-30 20:03:25+00:00,,,QUALIFIED_LABEL_ONLY
Spica,period:9310314000d1dccfe6ae,2022-08-06 20:08:43+00:00,,,QUALIFIED_LABEL_ONLY
Spica,period:e268d0eb9109f8185a29,2022-08-12 20:55:46+00:00,,,QUALIFIED_LABEL_ONLY
Spica,period:f6ad6d70568c5aa4ddb9,2022-08-25 19:37:29+00:00,,,QUALIFIED_LABEL_ONLY
Spica,period:f14a4fb0f93da34e9201,2022-09-01 19:27:30+00:00,,,QUALIFIED_LABEL_ONLY
Spica,period:452655f2bc33b5b76085,2023-01-26 22:16:48+00:00,,,QUALIFIED_LABEL_ONLY
Spica,period:9ad2bd3e76204c678ee3,2023-02-02 22:06:55+00:00,,,QUALIFIED_LABEL_ONLY
Spica,period:5193f604ed2f15e301e1,2023-02-09 22:07:17+00:00,,,QUALIFIED_LABEL_ONLY
Spica,period:2b3de7782bdf56dc82d0,2023-02-15 22:07:50+00:00,,,QUALIFIED_LABEL_ONLY
Spica,period:36d3f31311f21e914d55,2023-02-23 22:06:52+00:00,,,QUALIFIED_LABEL_ONLY
Spica,period:83278694723ba910058b,2023-03-02 22:08:20+00:00,,,QUALIFIED_LABEL_ONLY
Spica,period:402a134be7abbe005149,2023-03-09 22:22:41+00:00,,,QUALIFIED_LABEL_ONLY
Spica,period:8d9d5d3f36e034ced562,2023-03-15 21:07:53+00:00,,,QUALIFIED_LABEL_ONLY
Spica,period:d990ac8b125022094901,2023-03-23 21:10:53+00:00,,,QUALIFIED_LABEL_ONLY
Spica,period:d33d87118e30f5daa86a,2023-03-30 21:09:21+00:00,,,QUALIFIED_LABEL_ONLY
Spica,period:f52e10acfa6d747a4c9d,2023-04-08 20:17:16+00:00,,,QUALIFIED_LABEL_ONLY
Spica,period:3943367d2ce567a9fae3,2023-06-14 21:13:03+00:00,,,QUALIFIED_LABEL_ONLY
Spica,period:f2ee99995367bf0fc030,2023-06-21 21:07:31+00:00,,,QUALIFIED_LABEL_ONLY
Spica,period:c790283b449e6bb25672,2023-06-28 21:06:50+00:00,,,QUALIFIED_LABEL_ONLY
Spica,period:ff185424af4133395119,2023-07-05 21:05:49+00:00,,,QUALIFIED_LABEL_ONLY
Spica,period:36cf05276a8bbe55409a,2023-07-12 21:06:58+00:00,,,QUALIFIED_LABEL_ONLY
Spica,period:dd1399a0cf2f56138daa,2023-07-19 21:07:18+00:00,,,QUALIFIED_LABEL_ONLY
Spica,period:697d8a8453920f1ff1c8,2024-06-15 20:11:50+00:00,,,QUALIFIED_LABEL_ONLY
Spica,period:ea10f8bb7f189dc4197a,2024-06-22 20:11:50+00:00,,,QUALIFIED_LABEL_ONLY
Spica,period:fb51ebc6418ce68c46c6,2024-06-27 20:07:21+00:00,,,QUALIFIED_LABEL_ONLY
Spica,period:0f3dd675ff7b55987f43,2024-07-20 20:10:15+00:00,,,QUALIFIED_LABEL_ONLY
Spica,period:29c7eddc03e68fe96070,2024-07-27 20:09:19+00:00,,,QUALIFIED_LABEL_ONLY
Spica,period:03ffd32cfddfafb63d73,2024-08-03 20:08:15+00:00,,,QUALIFIED_LABEL_ONLY
Spica,period:cdd6b3ae49979eef3d9f,2024-08-10 20:07:50+00:00,,,QUALIFIED_LABEL_ONLY
Spica,period:5218e82018c8910d187b,2024-08-17 20:07:21+00:00,,,QUALIFIED_LABEL_ONLY
Spica,period:c0a1c4ffff2a32aacb10,2024-08-23 20:07:51+00:00,,,QUALIFIED_LABEL_ONLY
Spica,period:3685f26c9338932445a9,2024-08-30 20:08:40+00:00,,,QUALIFIED_LABEL_ONLY
Spirax,period:36cf05276a8bbe55409a,2023-07-12 21:06:58+00:00,,,QUALIFIED_LABEL_ONLY
Srtty,period:ee078790277fa6a5a0ce,2025-01-25 21:14:31+00:00,,,QUALIFIED_LABEL_ONLY
Srtty,period:b08144b94745feadc04c,2025-02-01 21:06:58+00:00,,,QUALIFIED_LABEL_ONLY
Srtty,period:bcc5730448bc2219d32a,2025-02-09 21:07:49+00:00,,,QUALIFIED_LABEL_ONLY
Srtty,period:5a5260defef5072643d0,2025-04-05 20:14:15+00:00,,,QUALIFIED_LABEL_ONLY
Srtty,period:fb622d9f67b0d1bacd81,2025-04-12 20:06:56+00:00,,,QUALIFIED_LABEL_ONLY
Srtty,period:ab17bbbf5d12cdddc770,2025-04-19 20:08:34+00:00,,,QUALIFIED_LABEL_ONLY
Srtty,period:0bd7b62868a6e6fa9a6d,2025-04-26 20:08:33+00:00,,,QUALIFIED_LABEL_ONLY
Srtty,period:f91ca0f544586fb72c4d,2025-05-03 20:08:26+00:00,,,QUALIFIED_LABEL_ONLY
Srtty,period:92eb584d41521b4a115a,2025-05-10 20:09:23+00:00,,,QUALIFIED_LABEL_ONLY
Srtty,period:42a66f8e41011df34073,2025-05-17 20:08:05+00:00,,,QUALIFIED_LABEL_ONLY
Srtty,period:540a575a08edacdeb808,2025-05-31 20:08:28+00:00,,,QUALIFIED_LABEL_ONLY
Srtty,period:c7231b512ce5dfec31cf,2025-08-02 20:08:18+00:00,,,QUALIFIED_LABEL_ONLY
Srtty,period:c139a580fc7ad181ea33,2025-08-09 20:06:58+00:00,,,QUALIFIED_LABEL_ONLY
Srtty,period:7c6d5817a7155f3a80bb,2025-08-23 20:06:29+00:00,,,QUALIFIED_LABEL_ONLY
Srtty,period:bca1e648a46734294b57,2026-05-09 20:08:09+00:00,,,QUALIFIED_LABEL_ONLY
Srtty,period:1c76ac6866aa6a71a894,2026-05-16 20:08:36+00:00,,,QUALIFIED_LABEL_ONLY
Srtty,period:5afe139f56d9c0db8f2d,2026-07-25 20:13:30+00:00,,,QUALIFIED_LABEL_ONLY
Ssumday,period:01bed218199c5fc6a295,2020-01-25 21:37:53+00:00,,,QUALIFIED_LABEL_ONLY
Ssumday,period:18c306f73901eb8e548e,2020-02-01 21:36:35+00:00,,,QUALIFIED_LABEL_ONLY
Ssumday,period:bd2e80371da37619c695,2020-02-08 21:30:18+00:00,,,QUALIFIED_LABEL_ONLY
Ssumday,period:94dc307a169a4236f643,2020-02-15 21:33:19+00:00,,,QUALIFIED_LABEL_ONLY
Ssumday,period:90cc39f891e2dbcab3ef,2020-02-22 21:37:14+00:00,,,QUALIFIED_LABEL_ONLY
Ssumday,period:cb03c621696fc2e91764,2020-02-29 21:26:53+00:00,,,QUALIFIED_LABEL_ONLY
Ssumday,period:14606e5066005561df07,2020-03-07 21:40:12+00:00,,,QUALIFIED_LABEL_ONLY
Ssumday,period:b2e2840d56c789b5030c,2020-03-21 20:18:48+00:00,,,QUALIFIED_LABEL_ONLY
Ssumday,period:666de7dcc2eb91211639,2020-03-28 20:29:42+00:00,,,QUALIFIED_LABEL_ONLY
Ssumday,period:5a2658b56ec5d5c6a04d,2020-04-04 19:44:42+00:00,,,QUALIFIED_LABEL_ONLY
Ssumday,period:1970df0ebd4246c6ea3b,2020-06-13 00:40:51+00:00,,,QUALIFIED_LABEL_ONLY
Ssumday,period:3968b01a861a52d381a8,2020-06-20 00:31:26+00:00,,,QUALIFIED_LABEL_ONLY
Ssumday,period:642a5bb7deff76d164b5,2020-06-27 00:39:52+00:00,,,QUALIFIED_LABEL_ONLY
Ssumday,period:7813fa8e90f59320de07,2020-07-04 00:21:06+00:00,,,QUALIFIED_LABEL_ONLY
Ssumday,period:1e2c5a7144cf9a8bc308,2020-07-11 00:50:27+00:00,,,QUALIFIED_LABEL_ONLY
Ssumday,period:2d69b4a154591d5cca77,2020-07-18 00:30:49+00:00,,,QUALIFIED_LABEL_ONLY
Ssumday,period:fe3df3b5886d9a4a5234,2020-07-25 00:38:07+00:00,,,QUALIFIED_LABEL_ONLY
Ssumday,period:3e89f4975798019beec8,2020-08-01 00:35:44+00:00,,,QUALIFIED_LABEL_ONLY
Ssumday,period:9cfbd3e5ecdd20626eed,2020-08-08 00:43:41+00:00,,,QUALIFIED_LABEL_ONLY
Ssumday,period:0836494c11a0b381c084,2020-08-13 19:38:23+00:00,,,QUALIFIED_LABEL_ONLY
Ssumday,period:fcb777e33a04482e7bfb,2021-01-15 23:10:17+00:00,,,QUALIFIED_LABEL_ONLY
Ssumday,period:2e302fc7c4bd7a4b3864,2021-01-22 22:29:56+00:00,,,QUALIFIED_LABEL_ONLY
Ssumday,period:9b9f3f2ec839feb3a947,2021-01-29 22:28:31+00:00,,,QUALIFIED_LABEL_ONLY
Ssumday,period:7c66db573c65177b96bf,2021-02-05 22:24:44+00:00,,,QUALIFIED_LABEL_ONLY
Ssumday,period:19d1212ec047ea2c2e1c,2021-02-12 22:29:59+00:00,,,QUALIFIED_LABEL_ONLY
Ssumday,period:577ed5ecd652eb981e79,2021-02-19 22:21:31+00:00,,,QUALIFIED_LABEL_ONLY
Ssumday,period:3482fd65afd711052651,2021-02-26 22:23:25+00:00,,,QUALIFIED_LABEL_ONLY
Ssumday,period:433079f36e14953ffe3e,2021-03-05 22:15:28+00:00,,,QUALIFIED_LABEL_ONLY
Ssumday,period:2eea81e5fabdc42a729f,2021-03-12 22:24:45+00:00,,,QUALIFIED_LABEL_ONLY
Ssumday,period:4a6e60b4d46361a99310,2021-03-20 19:21:03+00:00,,,QUALIFIED_LABEL_ONLY
Ssumday,period:22dfd57f1594beeba715,2021-03-27 19:16:36+00:00,,,QUALIFIED_LABEL_ONLY
Ssumday,period:8e2682918e14580d212b,2021-04-03 19:17:31+00:00,,,QUALIFIED_LABEL_ONLY
Ssumday,period:debddf61a872640eadfb,2021-06-04 22:02:02+00:00,,,QUALIFIED_LABEL_ONLY
Ssumday,period:24ddb9953986c3386cb5,2021-06-11 21:37:50+00:00,,,QUALIFIED_LABEL_ONLY
Ssumday,period:111e9dfa6ccd70cbab3b,2021-06-18 21:02:38+00:00,,,QUALIFIED_LABEL_ONLY
Ssumday,period:32c02d32a3c87111d752,2021-06-25 21:33:16+00:00,,,QUALIFIED_LABEL_ONLY
Ssumday,period:4f8f85e36ba842416702,2021-07-02 21:10:28+00:00,,,QUALIFIED_LABEL_ONLY
Ssumday,period:490dcd8b072f0c76bfcd,2021-07-09 21:35:31+00:00,,,QUALIFIED_LABEL_ONLY
Ssumday,period:5ede35b384e34b4e7cf7,2021-07-16 21:20:22+00:00,,,QUALIFIED_LABEL_ONLY
Ssumday,period:5befa75590802ab7de54,2021-07-23 20:58:06+00:00,,,QUALIFIED_LABEL_ONLY
Ssumday,period:afb91f11a5c9c66cc35b,2021-07-30 21:12:55+00:00,,,QUALIFIED_LABEL_ONLY
Ssumday,period:3951db25bbaff1ec59cd,2021-08-12 21:13:39+00:00,,,QUALIFIED_LABEL_ONLY
Ssumday,period:7c5e83ab4c6a7ca8c86a,2021-08-19 21:11:40+00:00,,,QUALIFIED_LABEL_ONLY
Ssumday,period:dbb9ba645ae8a19c6555,2021-08-28 19:41:05+00:00,,,QUALIFIED_LABEL_ONLY
Ssumday,period:3921ed3cc984afb56c50,2022-01-14 21:26:31+00:00,,,QUALIFIED_LABEL_ONLY
Ssumday,period:ea5caa919fbd4b75da18,2022-01-21 21:45:47+00:00,,,QUALIFIED_LABEL_ONLY
Ssumday,period:5a26c3b6318c7b633520,2022-02-05 20:33:18+00:00,,,QUALIFIED_LABEL_ONLY
Ssumday,period:44168f74464b99791ba3,2022-02-12 20:53:38+00:00,,,QUALIFIED_LABEL_ONLY
Ssumday,period:466f661effb9208a840b,2022-02-19 20:54:27+00:00,,,QUALIFIED_LABEL_ONLY
Ssumday,period:4138ca482beb4344e9ad,2022-02-25 22:37:00+00:00,,,QUALIFIED_LABEL_ONLY
Ssumday,period:7a928b9ecc895d38667e,2022-03-05 21:01:58+00:00,,,QUALIFIED_LABEL_ONLY
Ssumday,period:bfbcb255cff7d2c3894f,2022-03-12 21:07:29+00:00,,,QUALIFIED_LABEL_ONLY
Ssumday,period:9a704a25f780f56ebe1b,2022-03-19 19:32:42+00:00,,,QUALIFIED_LABEL_ONLY
Ssumday,period:2543e9e0dda5edca0977,2022-03-25 20:43:57+00:00,,,QUALIFIED_LABEL_ONLY
Ssumday,period:95c58b937c0fcc3e92b9,2022-04-02 20:00:26+00:00,,,QUALIFIED_LABEL_ONLY
Ssumday,period:8e4979ebdc36578e98ba,2022-04-16 20:06:15+00:00,,,QUALIFIED_LABEL_ONLY
Ssumday,period:8036ed58940a8d2ab607,2022-04-23 18:36:24+00:00,,,QUALIFIED_LABEL_ONLY
Ssumday,period:4c81af754b6b135da741,2022-06-17 21:46:00+00:00,,,QUALIFIED_LABEL_ONLY
Ssumday,period:9098ed2cd53d3e50498b,2022-06-25 20:09:54+00:00,,,QUALIFIED_LABEL_ONLY
Ssumday,period:bd5d15bd6830501052ed,2022-07-02 20:14:47+00:00,,,QUALIFIED_LABEL_ONLY
Ssumday,period:a1385753e89a22ad7415,2022-07-16 20:31:00+00:00,,,QUALIFIED_LABEL_ONLY
Ssumday,period:d36d780bd6e08d095d27,2022-07-23 20:43:00+00:00,,,QUALIFIED_LABEL_ONLY
Ssumday,period:ab4c55f2271a097a29e2,2022-07-30 20:03:25+00:00,,,QUALIFIED_LABEL_ONLY
Ssumday,period:9310314000d1dccfe6ae,2022-08-06 20:08:43+00:00,,,QUALIFIED_LABEL_ONLY
Ssumday,period:e268d0eb9109f8185a29,2022-08-12 20:55:46+00:00,,,QUALIFIED_LABEL_ONLY
Ssumday,period:f6ad6d70568c5aa4ddb9,2022-08-25 19:37:29+00:00,,,QUALIFIED_LABEL_ONLY
Ssumday,period:f14a4fb0f93da34e9201,2022-09-01 19:27:30+00:00,,,QUALIFIED_LABEL_ONLY
Ssumday,period:f4e76c51fd962159c780,2022-09-10 19:07:58+00:00,,,QUALIFIED_LABEL_ONLY
Ssumday,period:452655f2bc33b5b76085,2023-01-26 22:16:48+00:00,,,QUALIFIED_LABEL_ONLY
Ssumday,period:9ad2bd3e76204c678ee3,2023-02-02 22:06:55+00:00,,,QUALIFIED_LABEL_ONLY
Ssumday,period:5193f604ed2f15e301e1,2023-02-09 22:07:17+00:00,,,QUALIFIED_LABEL_ONLY
Ssumday,period:2b3de7782bdf56dc82d0,2023-02-15 22:07:50+00:00,,,QUALIFIED_LABEL_ONLY
Ssumday,period:36d3f31311f21e914d55,2023-02-23 22:06:52+00:00,,,QUALIFIED_LABEL_ONLY
Ssumday,period:83278694723ba910058b,2023-03-02 22:08:20+00:00,,,QUALIFIED_LABEL_ONLY
Ssumday,period:402a134be7abbe005149,2023-03-09 22:22:41+00:00,,,QUALIFIED_LABEL_ONLY
Ssumday,period:8d9d5d3f36e034ced562,2023-03-15 21:07:53+00:00,,,QUALIFIED_LABEL_ONLY
Ssumday,period:d990ac8b125022094901,2023-03-23 21:10:53+00:00,,,QUALIFIED_LABEL_ONLY
Ssumday,period:d33d87118e30f5daa86a,2023-03-30 21:09:21+00:00,,,QUALIFIED_LABEL_ONLY
Ssumday,period:3943367d2ce567a9fae3,2023-06-14 21:13:03+00:00,,,QUALIFIED_LABEL_ONLY
Ssumday,period:f2ee99995367bf0fc030,2023-06-21 21:07:31+00:00,,,QUALIFIED_LABEL_ONLY
Ssumday,period:c790283b449e6bb25672,2023-06-28 21:06:50+00:00,,,QUALIFIED_LABEL_ONLY
Ssumday,period:ff185424af4133395119,2023-07-05 21:05:49+00:00,,,QUALIFIED_LABEL_ONLY
Ssumday,period:36cf05276a8bbe55409a,2023-07-12 21:06:58+00:00,,,QUALIFIED_LABEL_ONLY
Ssumday,period:dd1399a0cf2f56138daa,2023-07-19 21:07:18+00:00,,,QUALIFIED_LABEL_ONLY
Ssumday,period:4520b87081b51698489a,2023-08-03 21:07:08+00:00,,,QUALIFIED_LABEL_ONLY
Stixxay,period:01bed218199c5fc6a295,2020-01-25 21:37:53+00:00,,,QUALIFIED_LABEL_ONLY
Stixxay,period:18c306f73901eb8e548e,2020-02-01 21:36:35+00:00,,,QUALIFIED_LABEL_ONLY
Stixxay,period:bd2e80371da37619c695,2020-02-08 21:30:18+00:00,,,QUALIFIED_LABEL_ONLY
Stixxay,period:94dc307a169a4236f643,2020-02-15 21:33:19+00:00,,,QUALIFIED_LABEL_ONLY
Stixxay,period:90cc39f891e2dbcab3ef,2020-02-22 21:37:14+00:00,,,QUALIFIED_LABEL_ONLY
Stixxay,period:cb03c621696fc2e91764,2020-02-29 21:26:53+00:00,,,QUALIFIED_LABEL_ONLY
Stixxay,period:b2e2840d56c789b5030c,2020-03-21 20:18:48+00:00,,,QUALIFIED_LABEL_ONLY
Stixxay,period:666de7dcc2eb91211639,2020-03-28 20:29:42+00:00,,,QUALIFIED_LABEL_ONLY
Stixxay,period:1970df0ebd4246c6ea3b,2020-06-13 00:40:51+00:00,,,QUALIFIED_LABEL_ONLY
Stixxay,period:3968b01a861a52d381a8,2020-06-20 00:31:26+00:00,,,QUALIFIED_LABEL_ONLY
Stixxay,period:642a5bb7deff76d164b5,2020-06-27 00:39:52+00:00,,,QUALIFIED_LABEL_ONLY
Stixxay,period:7813fa8e90f59320de07,2020-07-04 00:21:06+00:00,,,QUALIFIED_LABEL_ONLY
Stixxay,period:1e2c5a7144cf9a8bc308,2020-07-11 00:50:27+00:00,,,QUALIFIED_LABEL_ONLY
Stixxay,period:2d69b4a154591d5cca77,2020-07-18 00:30:49+00:00,,,QUALIFIED_LABEL_ONLY
Stixxay,period:fe3df3b5886d9a4a5234,2020-07-25 00:38:07+00:00,,,QUALIFIED_LABEL_ONLY
Stixxay,period:3e89f4975798019beec8,2020-08-01 00:35:44+00:00,,,QUALIFIED_LABEL_ONLY
Stixxay,period:9cfbd3e5ecdd20626eed,2020-08-08 00:43:41+00:00,,,QUALIFIED_LABEL_ONLY
Stixxay,period:fcb777e33a04482e7bfb,2021-01-15 23:10:17+00:00,,,QUALIFIED_LABEL_ONLY
Stixxay,period:2e302fc7c4bd7a4b3864,2021-01-22 22:29:56+00:00,,,QUALIFIED_LABEL_ONLY
Stixxay,period:7c66db573c65177b96bf,2021-02-05 22:24:44+00:00,,,QUALIFIED_LABEL_ONLY
Stixxay,period:19d1212ec047ea2c2e1c,2021-02-12 22:29:59+00:00,,,QUALIFIED_LABEL_ONLY
Stixxay,period:577ed5ecd652eb981e79,2021-02-19 22:21:31+00:00,,,QUALIFIED_LABEL_ONLY
Stixxay,period:3482fd65afd711052651,2021-02-26 22:23:25+00:00,,,QUALIFIED_LABEL_ONLY
Stixxay,period:433079f36e14953ffe3e,2021-03-05 22:15:28+00:00,,,QUALIFIED_LABEL_ONLY
Stixxay,period:2eea81e5fabdc42a729f,2021-03-12 22:24:45+00:00,,,QUALIFIED_LABEL_ONLY
Stixxay,period:debddf61a872640eadfb,2021-06-04 22:02:02+00:00,,,QUALIFIED_LABEL_ONLY
Stixxay,period:24ddb9953986c3386cb5,2021-06-11 21:37:50+00:00,,,QUALIFIED_LABEL_ONLY
Stixxay,period:111e9dfa6ccd70cbab3b,2021-06-18 21:02:38+00:00,,,QUALIFIED_LABEL_ONLY
Stixxay,period:32c02d32a3c87111d752,2021-06-25 21:33:16+00:00,,,QUALIFIED_LABEL_ONLY
Stixxay,period:4f8f85e36ba842416702,2021-07-02 21:10:28+00:00,,,QUALIFIED_LABEL_ONLY
Stixxay,period:490dcd8b072f0c76bfcd,2021-07-09 21:35:31+00:00,,,QUALIFIED_LABEL_ONLY
Stixxay,period:5ede35b384e34b4e7cf7,2021-07-16 21:20:22+00:00,,,QUALIFIED_LABEL_ONLY
Stixxay,period:5befa75590802ab7de54,2021-07-23 20:58:06+00:00,,,QUALIFIED_LABEL_ONLY
Stixxay,period:afb91f11a5c9c66cc35b,2021-07-30 21:12:55+00:00,,,QUALIFIED_LABEL_ONLY
Stixxay,period:3951db25bbaff1ec59cd,2021-08-12 21:13:39+00:00,,,QUALIFIED_LABEL_ONLY
Stixxay,period:3921ed3cc984afb56c50,2022-01-14 21:26:31+00:00,,,QUALIFIED_LABEL_ONLY
Stixxay,period:ea5caa919fbd4b75da18,2022-01-21 21:45:47+00:00,,,QUALIFIED_LABEL_ONLY
Stixxay,period:4c81af754b6b135da741,2022-06-17 21:46:00+00:00,,,QUALIFIED_LABEL_ONLY
Stixxay,period:9098ed2cd53d3e50498b,2022-06-25 20:09:54+00:00,,,QUALIFIED_LABEL_ONLY
Stixxay,period:bd5d15bd6830501052ed,2022-07-02 20:14:47+00:00,,,QUALIFIED_LABEL_ONLY
Stixxay,period:a1385753e89a22ad7415,2022-07-16 20:31:00+00:00,,,QUALIFIED_LABEL_ONLY
Stixxay,period:d36d780bd6e08d095d27,2022-07-23 20:43:00+00:00,,,QUALIFIED_LABEL_ONLY
Stixxay,period:ab4c55f2271a097a29e2,2022-07-30 20:03:25+00:00,,,QUALIFIED_LABEL_ONLY
Stixxay,period:9310314000d1dccfe6ae,2022-08-06 20:08:43+00:00,,,QUALIFIED_LABEL_ONLY
Stixxay,period:e268d0eb9109f8185a29,2022-08-12 20:55:46+00:00,,,QUALIFIED_LABEL_ONLY
Stixxay,period:f6ad6d70568c5aa4ddb9,2022-08-25 19:37:29+00:00,,,QUALIFIED_LABEL_ONLY
Stixxay,period:452655f2bc33b5b76085,2023-01-26 22:16:48+00:00,,,QUALIFIED_LABEL_ONLY
Stixxay,period:9ad2bd3e76204c678ee3,2023-02-02 22:06:55+00:00,,,QUALIFIED_LABEL_ONLY
Stixxay,period:5193f604ed2f15e301e1,2023-02-09 22:07:17+00:00,,,QUALIFIED_LABEL_ONLY
Stixxay,period:2b3de7782bdf56dc82d0,2023-02-15 22:07:50+00:00,,,QUALIFIED_LABEL_ONLY
Stixxay,period:36d3f31311f21e914d55,2023-02-23 22:06:52+00:00,,,QUALIFIED_LABEL_ONLY
Stixxay,period:83278694723ba910058b,2023-03-02 22:08:20+00:00,,,QUALIFIED_LABEL_ONLY
Stixxay,period:402a134be7abbe005149,2023-03-09 22:22:41+00:00,,,QUALIFIED_LABEL_ONLY
Stixxay,period:8d9d5d3f36e034ced562,2023-03-15 21:07:53+00:00,,,QUALIFIED_LABEL_ONLY
Stixxay,period:d990ac8b125022094901,2023-03-23 21:10:53+00:00,,,QUALIFIED_LABEL_ONLY
Stixxay,period:d33d87118e30f5daa86a,2023-03-30 21:09:21+00:00,,,QUALIFIED_LABEL_ONLY
Stixxay,period:f52e10acfa6d747a4c9d,2023-04-08 20:17:16+00:00,,,QUALIFIED_LABEL_ONLY
Stixxay,period:3943367d2ce567a9fae3,2023-06-14 21:13:03+00:00,,,QUALIFIED_LABEL_ONLY
Stixxay,period:f2ee99995367bf0fc030,2023-06-21 21:07:31+00:00,,,QUALIFIED_LABEL_ONLY
Stixxay,period:c790283b449e6bb25672,2023-06-28 21:06:50+00:00,,,QUALIFIED_LABEL_ONLY
Stixxay,period:ff185424af4133395119,2023-07-05 21:05:49+00:00,,,QUALIFIED_LABEL_ONLY
Stixxay,period:36cf05276a8bbe55409a,2023-07-12 21:06:58+00:00,,,QUALIFIED_LABEL_ONLY
Stixxay,period:dd1399a0cf2f56138daa,2023-07-19 21:07:18+00:00,,,QUALIFIED_LABEL_ONLY
Stixxay,period:4520b87081b51698489a,2023-08-03 21:07:08+00:00,,,QUALIFIED_LABEL_ONLY
Stixxay,period:a7fd1e72d2ba831ccc8d,2023-08-10 21:10:37+00:00,,,QUALIFIED_LABEL_ONLY
Stunt,period:01bed218199c5fc6a295,2020-01-25 21:37:53+00:00,,,QUALIFIED_LABEL_ONLY
Stunt,period:18c306f73901eb8e548e,2020-02-01 21:36:35+00:00,,,QUALIFIED_LABEL_ONLY
Stunt,period:bd2e80371da37619c695,2020-02-08 21:30:18+00:00,,,QUALIFIED_LABEL_ONLY
Stunt,period:94dc307a169a4236f643,2020-02-15 21:33:19+00:00,,,QUALIFIED_LABEL_ONLY
Stunt,period:90cc39f891e2dbcab3ef,2020-02-22 21:37:14+00:00,,,QUALIFIED_LABEL_ONLY
Stunt,period:cb03c621696fc2e91764,2020-02-29 21:26:53+00:00,,,QUALIFIED_LABEL_ONLY
Stunt,period:14606e5066005561df07,2020-03-07 21:40:12+00:00,,,QUALIFIED_LABEL_ONLY
Stunt,period:b2e2840d56c789b5030c,2020-03-21 20:18:48+00:00,,,QUALIFIED_LABEL_ONLY
Stunt,period:666de7dcc2eb91211639,2020-03-28 20:29:42+00:00,,,QUALIFIED_LABEL_ONLY
Stunt,period:5a2658b56ec5d5c6a04d,2020-04-04 19:44:42+00:00,,,QUALIFIED_LABEL_ONLY
Stunt,period:1970df0ebd4246c6ea3b,2020-06-13 00:40:51+00:00,,,QUALIFIED_LABEL_ONLY
Stunt,period:3968b01a861a52d381a8,2020-06-20 00:31:26+00:00,,,QUALIFIED_LABEL_ONLY
Stunt,period:642a5bb7deff76d164b5,2020-06-27 00:39:52+00:00,,,QUALIFIED_LABEL_ONLY
Summit,period:5a26c3b6318c7b633520,2022-02-05 20:33:18+00:00,,,QUALIFIED_LABEL_ONLY
Summit,period:44168f74464b99791ba3,2022-02-12 20:53:38+00:00,,,QUALIFIED_LABEL_ONLY
Summit,period:466f661effb9208a840b,2022-02-19 20:54:27+00:00,,,QUALIFIED_LABEL_ONLY
Summit,period:4138ca482beb4344e9ad,2022-02-25 22:37:00+00:00,,,QUALIFIED_LABEL_ONLY
Summit,period:7a928b9ecc895d38667e,2022-03-05 21:01:58+00:00,,,QUALIFIED_LABEL_ONLY
Summit,period:bfbcb255cff7d2c3894f,2022-03-12 21:07:29+00:00,,,QUALIFIED_LABEL_ONLY
Summit,period:9a704a25f780f56ebe1b,2022-03-19 19:32:42+00:00,,,QUALIFIED_LABEL_ONLY
Summit,period:2543e9e0dda5edca0977,2022-03-25 20:43:57+00:00,,,QUALIFIED_LABEL_ONLY
Summit,period:95c58b937c0fcc3e92b9,2022-04-02 20:00:26+00:00,,,QUALIFIED_LABEL_ONLY
Summit,period:feb156c0b7ef67e8a92a,2022-04-09 20:43:33+00:00,,,QUALIFIED_LABEL_ONLY
Summit,period:8e4979ebdc36578e98ba,2022-04-16 20:06:15+00:00,,,QUALIFIED_LABEL_ONLY
Summit,period:452655f2bc33b5b76085,2023-01-26 22:16:48+00:00,,,QUALIFIED_LABEL_ONLY
Summit,period:9ad2bd3e76204c678ee3,2023-02-02 22:06:55+00:00,,,QUALIFIED_LABEL_ONLY
Summit,period:5193f604ed2f15e301e1,2023-02-09 22:07:17+00:00,,,QUALIFIED_LABEL_ONLY
Summit,period:2b3de7782bdf56dc82d0,2023-02-15 22:07:50+00:00,,,QUALIFIED_LABEL_ONLY
Summit,period:36d3f31311f21e914d55,2023-02-23 22:06:52+00:00,,,QUALIFIED_LABEL_ONLY
Summit,period:83278694723ba910058b,2023-03-02 22:08:20+00:00,,,QUALIFIED_LABEL_ONLY
Summit,period:402a134be7abbe005149,2023-03-09 22:22:41+00:00,,,QUALIFIED_LABEL_ONLY
Summit,period:8d9d5d3f36e034ced562,2023-03-15 21:07:53+00:00,,,QUALIFIED_LABEL_ONLY
Summit,period:3943367d2ce567a9fae3,2023-06-14 21:13:03+00:00,,,QUALIFIED_LABEL_ONLY
Summit,period:f2ee99995367bf0fc030,2023-06-21 21:07:31+00:00,,,QUALIFIED_LABEL_ONLY
Summit,period:c790283b449e6bb25672,2023-06-28 21:06:50+00:00,,,QUALIFIED_LABEL_ONLY
Summit,period:ff185424af4133395119,2023-07-05 21:05:49+00:00,,,QUALIFIED_LABEL_ONLY
Summit,period:36cf05276a8bbe55409a,2023-07-12 21:06:58+00:00,,,QUALIFIED_LABEL_ONLY
Summit,period:dd1399a0cf2f56138daa,2023-07-19 21:07:18+00:00,,,QUALIFIED_LABEL_ONLY
Summit,period:67a5ff4d5b051b402092,2023-07-27 21:07:41+00:00,,,QUALIFIED_LABEL_ONLY
Summit,period:4520b87081b51698489a,2023-08-03 21:07:08+00:00,,,QUALIFIED_LABEL_ONLY
Summit,period:a7fd1e72d2ba831ccc8d,2023-08-10 21:10:37+00:00,,,QUALIFIED_LABEL_ONLY
Summit,period:c21bdc9dc5e7a7f7922d,2023-08-19 20:18:53+00:00,,,QUALIFIED_LABEL_ONLY
Svenskeren,period:01bed218199c5fc6a295,2020-01-25 21:37:53+00:00,,,QUALIFIED_LABEL_ONLY
Svenskeren,period:18c306f73901eb8e548e,2020-02-01 21:36:35+00:00,,,QUALIFIED_LABEL_ONLY
Svenskeren,period:bd2e80371da37619c695,2020-02-08 21:30:18+00:00,,,QUALIFIED_LABEL_ONLY
Svenskeren,period:94dc307a169a4236f643,2020-02-15 21:33:19+00:00,,,QUALIFIED_LABEL_ONLY
Svenskeren,period:90cc39f891e2dbcab3ef,2020-02-22 21:37:14+00:00,,,QUALIFIED_LABEL_ONLY
Svenskeren,period:cb03c621696fc2e91764,2020-02-29 21:26:53+00:00,,,QUALIFIED_LABEL_ONLY
Svenskeren,period:14606e5066005561df07,2020-03-07 21:40:12+00:00,,,QUALIFIED_LABEL_ONLY
Svenskeren,period:b2e2840d56c789b5030c,2020-03-21 20:18:48+00:00,,,QUALIFIED_LABEL_ONLY
Svenskeren,period:666de7dcc2eb91211639,2020-03-28 20:29:42+00:00,,,QUALIFIED_LABEL_ONLY
Svenskeren,period:5a2658b56ec5d5c6a04d,2020-04-04 19:44:42+00:00,,,QUALIFIED_LABEL_ONLY
Svenskeren,period:be73ead0e53874776373,2020-04-18 19:37:34+00:00,,,QUALIFIED_LABEL_ONLY
Svenskeren,period:1970df0ebd4246c6ea3b,2020-06-13 00:40:51+00:00,,,QUALIFIED_LABEL_ONLY
Svenskeren,period:3968b01a861a52d381a8,2020-06-20 00:31:26+00:00,,,QUALIFIED_LABEL_ONLY
Svenskeren,period:642a5bb7deff76d164b5,2020-06-27 00:39:52+00:00,,,QUALIFIED_LABEL_ONLY
Svenskeren,period:7813fa8e90f59320de07,2020-07-04 00:21:06+00:00,,,QUALIFIED_LABEL_ONLY
Svenskeren,period:1e2c5a7144cf9a8bc308,2020-07-11 00:50:27+00:00,,,QUALIFIED_LABEL_ONLY
Svenskeren,period:2d69b4a154591d5cca77,2020-07-18 00:30:49+00:00,,,QUALIFIED_LABEL_ONLY
Svenskeren,period:fe3df3b5886d9a4a5234,2020-07-25 00:38:07+00:00,,,QUALIFIED_LABEL_ONLY
Svenskeren,period:3e89f4975798019beec8,2020-08-01 00:35:44+00:00,,,QUALIFIED_LABEL_ONLY
Svenskeren,period:9cfbd3e5ecdd20626eed,2020-08-08 00:43:41+00:00,,,QUALIFIED_LABEL_ONLY
Svenskeren,period:0836494c11a0b381c084,2020-08-13 19:38:23+00:00,,,QUALIFIED_LABEL_ONLY
Svenskeren,period:38cb400566e2a3aee1c8,2020-08-20 19:31:44+00:00,,,QUALIFIED_LABEL_ONLY
Svenskeren,period:fcb777e33a04482e7bfb,2021-01-15 23:10:17+00:00,,,QUALIFIED_LABEL_ONLY
Svenskeren,period:2e302fc7c4bd7a4b3864,2021-01-22 22:29:56+00:00,,,QUALIFIED_LABEL_ONLY
Svenskeren,period:9b9f3f2ec839feb3a947,2021-01-29 22:28:31+00:00,,,QUALIFIED_LABEL_ONLY
Svenskeren,period:7c66db573c65177b96bf,2021-02-05 22:24:44+00:00,,,QUALIFIED_LABEL_ONLY
Svenskeren,period:19d1212ec047ea2c2e1c,2021-02-12 22:29:59+00:00,,,QUALIFIED_LABEL_ONLY
Svenskeren,period:577ed5ecd652eb981e79,2021-02-19 22:21:31+00:00,,,QUALIFIED_LABEL_ONLY
Svenskeren,period:3482fd65afd711052651,2021-02-26 22:23:25+00:00,,,QUALIFIED_LABEL_ONLY
Svenskeren,period:433079f36e14953ffe3e,2021-03-05 22:15:28+00:00,,,QUALIFIED_LABEL_ONLY
Svenskeren,period:2eea81e5fabdc42a729f,2021-03-12 22:24:45+00:00,,,QUALIFIED_LABEL_ONLY
Svenskeren,period:22dfd57f1594beeba715,2021-03-27 19:16:36+00:00,,,QUALIFIED_LABEL_ONLY
Svenskeren,period:debddf61a872640eadfb,2021-06-04 22:02:02+00:00,,,QUALIFIED_LABEL_ONLY
Svenskeren,period:24ddb9953986c3386cb5,2021-06-11 21:37:50+00:00,,,QUALIFIED_LABEL_ONLY
Svenskeren,period:111e9dfa6ccd70cbab3b,2021-06-18 21:02:38+00:00,,,QUALIFIED_LABEL_ONLY
Svenskeren,period:32c02d32a3c87111d752,2021-06-25 21:33:16+00:00,,,QUALIFIED_LABEL_ONLY
Svenskeren,period:4f8f85e36ba842416702,2021-07-02 21:10:28+00:00,,,QUALIFIED_LABEL_ONLY
Svenskeren,period:490dcd8b072f0c76bfcd,2021-07-09 21:35:31+00:00,,,QUALIFIED_LABEL_ONLY
Svenskeren,period:5ede35b384e34b4e7cf7,2021-07-16 21:20:22+00:00,,,QUALIFIED_LABEL_ONLY
Svenskeren,period:5befa75590802ab7de54,2021-07-23 20:58:06+00:00,,,QUALIFIED_LABEL_ONLY
Svenskeren,period:afb91f11a5c9c66cc35b,2021-07-30 21:12:55+00:00,,,QUALIFIED_LABEL_ONLY
Svenskeren,period:3951db25bbaff1ec59cd,2021-08-12 21:13:39+00:00,,,QUALIFIED_LABEL_ONLY
Svenskeren,period:7c5e83ab4c6a7ca8c86a,2021-08-19 21:11:40+00:00,,,QUALIFIED_LABEL_ONLY
SwordArt,period:fcb777e33a04482e7bfb,2021-01-15 23:10:17+00:00,,,QUALIFIED_LABEL_ONLY
SwordArt,period:2e302fc7c4bd7a4b3864,2021-01-22 22:29:56+00:00,,,QUALIFIED_LABEL_ONLY
SwordArt,period:7c66db573c65177b96bf,2021-02-05 22:24:44+00:00,,,QUALIFIED_LABEL_ONLY
SwordArt,period:19d1212ec047ea2c2e1c,2021-02-12 22:29:59+00:00,,,QUALIFIED_LABEL_ONLY
SwordArt,period:577ed5ecd652eb981e79,2021-02-19 22:21:31+00:00,,,QUALIFIED_LABEL_ONLY
SwordArt,period:3482fd65afd711052651,2021-02-26 22:23:25+00:00,,,QUALIFIED_LABEL_ONLY
SwordArt,period:433079f36e14953ffe3e,2021-03-05 22:15:28+00:00,,,QUALIFIED_LABEL_ONLY
SwordArt,period:2eea81e5fabdc42a729f,2021-03-12 22:24:45+00:00,,,QUALIFIED_LABEL_ONLY
SwordArt,period:4a6e60b4d46361a99310,2021-03-20 19:21:03+00:00,,,QUALIFIED_LABEL_ONLY
SwordArt,period:22dfd57f1594beeba715,2021-03-27 19:16:36+00:00,,,QUALIFIED_LABEL_ONLY
SwordArt,period:8e2682918e14580d212b,2021-04-03 19:17:31+00:00,,,QUALIFIED_LABEL_ONLY
SwordArt,period:759dd00fd0d693b754cc,2021-04-10 19:41:22+00:00,,,QUALIFIED_LABEL_ONLY
SwordArt,period:debddf61a872640eadfb,2021-06-04 22:02:02+00:00,,,QUALIFIED_LABEL_ONLY
SwordArt,period:24ddb9953986c3386cb5,2021-06-11 21:37:50+00:00,,,QUALIFIED_LABEL_ONLY
SwordArt,period:111e9dfa6ccd70cbab3b,2021-06-18 21:02:38+00:00,,,QUALIFIED_LABEL_ONLY
SwordArt,period:32c02d32a3c87111d752,2021-06-25 21:33:16+00:00,,,QUALIFIED_LABEL_ONLY
SwordArt,period:4f8f85e36ba842416702,2021-07-02 21:10:28+00:00,,,QUALIFIED_LABEL_ONLY
SwordArt,period:490dcd8b072f0c76bfcd,2021-07-09 21:35:31+00:00,,,QUALIFIED_LABEL_ONLY
SwordArt,period:5ede35b384e34b4e7cf7,2021-07-16 21:20:22+00:00,,,QUALIFIED_LABEL_ONLY
SwordArt,period:5befa75590802ab7de54,2021-07-23 20:58:06+00:00,,,QUALIFIED_LABEL_ONLY
SwordArt,period:afb91f11a5c9c66cc35b,2021-07-30 21:12:55+00:00,,,QUALIFIED_LABEL_ONLY
SwordArt,period:3951db25bbaff1ec59cd,2021-08-12 21:13:39+00:00,,,QUALIFIED_LABEL_ONLY
SwordArt,period:7c5e83ab4c6a7ca8c86a,2021-08-19 21:11:40+00:00,,,QUALIFIED_LABEL_ONLY
Tactical,period:cb03c621696fc2e91764,2020-02-29 21:26:53+00:00,,,QUALIFIED_LABEL_ONLY
Tactical,period:14606e5066005561df07,2020-03-07 21:40:12+00:00,,,QUALIFIED_LABEL_ONLY
Tactical,period:1970df0ebd4246c6ea3b,2020-06-13 00:40:51+00:00,,,QUALIFIED_LABEL_ONLY
Tactical,period:3968b01a861a52d381a8,2020-06-20 00:31:26+00:00,,,QUALIFIED_LABEL_ONLY
Tactical,period:642a5bb7deff76d164b5,2020-06-27 00:39:52+00:00,,,QUALIFIED_LABEL_ONLY
Tactical,period:7813fa8e90f59320de07,2020-07-04 00:21:06+00:00,,,QUALIFIED_LABEL_ONLY
Tactical,period:1e2c5a7144cf9a8bc308,2020-07-11 00:50:27+00:00,,,QUALIFIED_LABEL_ONLY
Tactical,period:2d69b4a154591d5cca77,2020-07-18 00:30:49+00:00,,,QUALIFIED_LABEL_ONLY
Tactical,period:fe3df3b5886d9a4a5234,2020-07-25 00:38:07+00:00,,,QUALIFIED_LABEL_ONLY
Tactical,period:3e89f4975798019beec8,2020-08-01 00:35:44+00:00,,,QUALIFIED_LABEL_ONLY
Tactical,period:9cfbd3e5ecdd20626eed,2020-08-08 00:43:41+00:00,,,QUALIFIED_LABEL_ONLY
Tactical,period:38cb400566e2a3aee1c8,2020-08-20 19:31:44+00:00,,,QUALIFIED_LABEL_ONLY
Tactical,period:53a986e97c4e64053db8,2020-08-29 19:32:38+00:00,,,QUALIFIED_LABEL_ONLY
Tactical,period:c131bd9da535908c94f0,2020-09-05 19:31:41+00:00,,,QUALIFIED_LABEL_ONLY
Tactical,period:fcb777e33a04482e7bfb,2021-01-15 23:10:17+00:00,,,QUALIFIED_LABEL_ONLY
Tactical,period:2e302fc7c4bd7a4b3864,2021-01-22 22:29:56+00:00,,,QUALIFIED_LABEL_ONLY
Tactical,period:9b9f3f2ec839feb3a947,2021-01-29 22:28:31+00:00,,,QUALIFIED_LABEL_ONLY
Tactical,period:7c66db573c65177b96bf,2021-02-05 22:24:44+00:00,,,QUALIFIED_LABEL_ONLY
Tactical,period:19d1212ec047ea2c2e1c,2021-02-12 22:29:59+00:00,,,QUALIFIED_LABEL_ONLY
Tactical,period:577ed5ecd652eb981e79,2021-02-19 22:21:31+00:00,,,QUALIFIED_LABEL_ONLY
Tactical,period:3482fd65afd711052651,2021-02-26 22:23:25+00:00,,,QUALIFIED_LABEL_ONLY
Tactical,period:433079f36e14953ffe3e,2021-03-05 22:15:28+00:00,,,QUALIFIED_LABEL_ONLY
Tactical,period:2eea81e5fabdc42a729f,2021-03-12 22:24:45+00:00,,,QUALIFIED_LABEL_ONLY
Tactical,period:4a6e60b4d46361a99310,2021-03-20 19:21:03+00:00,,,QUALIFIED_LABEL_ONLY
Tactical,period:8e2682918e14580d212b,2021-04-03 19:17:31+00:00,,,QUALIFIED_LABEL_ONLY
Tactical,period:759dd00fd0d693b754cc,2021-04-10 19:41:22+00:00,,,QUALIFIED_LABEL_ONLY
Tactical,period:debddf61a872640eadfb,2021-06-04 22:02:02+00:00,,,QUALIFIED_LABEL_ONLY
Tactical,period:24ddb9953986c3386cb5,2021-06-11 21:37:50+00:00,,,QUALIFIED_LABEL_ONLY
Tactical,period:111e9dfa6ccd70cbab3b,2021-06-18 21:02:38+00:00,,,QUALIFIED_LABEL_ONLY
Tactical,period:32c02d32a3c87111d752,2021-06-25 21:33:16+00:00,,,QUALIFIED_LABEL_ONLY
Tactical,period:4f8f85e36ba842416702,2021-07-02 21:10:28+00:00,,,QUALIFIED_LABEL_ONLY
Tactical,period:490dcd8b072f0c76bfcd,2021-07-09 21:35:31+00:00,,,QUALIFIED_LABEL_ONLY
Tactical,period:5ede35b384e34b4e7cf7,2021-07-16 21:20:22+00:00,,,QUALIFIED_LABEL_ONLY
Tactical,period:5befa75590802ab7de54,2021-07-23 20:58:06+00:00,,,QUALIFIED_LABEL_ONLY
Tactical,period:afb91f11a5c9c66cc35b,2021-07-30 21:12:55+00:00,,,QUALIFIED_LABEL_ONLY
Tactical,period:a8f8fd7e2f96bbacb87c,2021-08-07 20:23:28+00:00,,,QUALIFIED_LABEL_ONLY
Tactical,period:3951db25bbaff1ec59cd,2021-08-12 21:13:39+00:00,,,QUALIFIED_LABEL_ONLY
Tactical,period:7c5e83ab4c6a7ca8c86a,2021-08-19 21:11:40+00:00,,,QUALIFIED_LABEL_ONLY
Tactical,period:dbb9ba645ae8a19c6555,2021-08-28 19:41:05+00:00,,,QUALIFIED_LABEL_ONLY
Tactical,period:5a26c3b6318c7b633520,2022-02-05 20:33:18+00:00,,,QUALIFIED_LABEL_ONLY
Tactical,period:44168f74464b99791ba3,2022-02-12 20:53:38+00:00,,,QUALIFIED_LABEL_ONLY
Tactical,period:466f661effb9208a840b,2022-02-19 20:54:27+00:00,,,QUALIFIED_LABEL_ONLY
Tactical,period:4138ca482beb4344e9ad,2022-02-25 22:37:00+00:00,,,QUALIFIED_LABEL_ONLY
Tactical,period:7a928b9ecc895d38667e,2022-03-05 21:01:58+00:00,,,QUALIFIED_LABEL_ONLY
Tactical,period:bfbcb255cff7d2c3894f,2022-03-12 21:07:29+00:00,,,QUALIFIED_LABEL_ONLY
Tactical,period:9a704a25f780f56ebe1b,2022-03-19 19:32:42+00:00,,,QUALIFIED_LABEL_ONLY
Tactical,period:2543e9e0dda5edca0977,2022-03-25 20:43:57+00:00,,,QUALIFIED_LABEL_ONLY
Tactical,period:4c81af754b6b135da741,2022-06-17 21:46:00+00:00,,,QUALIFIED_LABEL_ONLY
Tactical,period:9098ed2cd53d3e50498b,2022-06-25 20:09:54+00:00,,,QUALIFIED_LABEL_ONLY
Tactical,period:bd5d15bd6830501052ed,2022-07-02 20:14:47+00:00,,,QUALIFIED_LABEL_ONLY
Tactical,period:f6ad6d70568c5aa4ddb9,2022-08-25 19:37:29+00:00,,,QUALIFIED_LABEL_ONLY
Tactical,period:f14a4fb0f93da34e9201,2022-09-01 19:27:30+00:00,,,QUALIFIED_LABEL_ONLY
Tactical,period:452655f2bc33b5b76085,2023-01-26 22:16:48+00:00,,,QUALIFIED_LABEL_ONLY
Tactical,period:9ad2bd3e76204c678ee3,2023-02-02 22:06:55+00:00,,,QUALIFIED_LABEL_ONLY
Tactical,period:5193f604ed2f15e301e1,2023-02-09 22:07:17+00:00,,,QUALIFIED_LABEL_ONLY
Tactical,period:2b3de7782bdf56dc82d0,2023-02-15 22:07:50+00:00,,,QUALIFIED_LABEL_ONLY
Tactical,period:36d3f31311f21e914d55,2023-02-23 22:06:52+00:00,,,QUALIFIED_LABEL_ONLY
Tactical,period:83278694723ba910058b,2023-03-02 22:08:20+00:00,,,QUALIFIED_LABEL_ONLY
Tactical,period:402a134be7abbe005149,2023-03-09 22:22:41+00:00,,,QUALIFIED_LABEL_ONLY
Tactical,period:8d9d5d3f36e034ced562,2023-03-15 21:07:53+00:00,,,QUALIFIED_LABEL_ONLY
Tactical,period:3943367d2ce567a9fae3,2023-06-14 21:13:03+00:00,,,QUALIFIED_LABEL_ONLY
Tactical,period:f2ee99995367bf0fc030,2023-06-21 21:07:31+00:00,,,QUALIFIED_LABEL_ONLY
Tactical,period:c790283b449e6bb25672,2023-06-28 21:06:50+00:00,,,QUALIFIED_LABEL_ONLY
Tactical,period:ff185424af4133395119,2023-07-05 21:05:49+00:00,,,QUALIFIED_LABEL_ONLY
Tactical,period:36cf05276a8bbe55409a,2023-07-12 21:06:58+00:00,,,QUALIFIED_LABEL_ONLY
Tactical,period:dd1399a0cf2f56138daa,2023-07-19 21:07:18+00:00,,,QUALIFIED_LABEL_ONLY
Tactical,period:27c11f42e65c97b901b8,2024-01-20 20:15:01+00:00,,,QUALIFIED_LABEL_ONLY
Tactical,period:ab546300266e49331659,2024-01-27 20:15:48+00:00,,,QUALIFIED_LABEL_ONLY
Tactical,period:f82eb58c594ccc349383,2024-02-02 21:12:22+00:00,,,QUALIFIED_LABEL_ONLY
Tactical,period:06566a2ea584fecf6c15,2024-02-10 21:07:54+00:00,,,QUALIFIED_LABEL_ONLY
Tactical,period:789a06731adc1e0c8798,2024-03-02 21:07:29+00:00,,,QUALIFIED_LABEL_ONLY
Tactical,period:a0f9da327c11cf3cc717,2024-03-08 21:07:46+00:00,,,QUALIFIED_LABEL_ONLY
Tactical,period:697d8a8453920f1ff1c8,2024-06-15 20:11:50+00:00,,,QUALIFIED_LABEL_ONLY
Tactical,period:ea10f8bb7f189dc4197a,2024-06-22 20:11:50+00:00,,,QUALIFIED_LABEL_ONLY
Tactical,period:fb51ebc6418ce68c46c6,2024-06-27 20:07:21+00:00,,,QUALIFIED_LABEL_ONLY
Tactical,period:0f3dd675ff7b55987f43,2024-07-20 20:10:15+00:00,,,QUALIFIED_LABEL_ONLY
Tactical,period:29c7eddc03e68fe96070,2024-07-27 20:09:19+00:00,,,QUALIFIED_LABEL_ONLY
Tactical,period:03ffd32cfddfafb63d73,2024-08-03 20:08:15+00:00,,,QUALIFIED_LABEL_ONLY
Tactical,period:cdd6b3ae49979eef3d9f,2024-08-10 20:07:50+00:00,,,QUALIFIED_LABEL_ONLY
Tactical,period:5afe139f56d9c0db8f2d,2026-07-25 20:13:30+00:00,,,QUALIFIED_LABEL_ONLY
Takeover,period:3921ed3cc984afb56c50,2022-01-14 21:26:31+00:00,,,QUALIFIED_LABEL_ONLY
Takeover,period:ea5caa919fbd4b75da18,2022-01-21 21:45:47+00:00,,,QUALIFIED_LABEL_ONLY
Takeover,period:7a928b9ecc895d38667e,2022-03-05 21:01:58+00:00,,,QUALIFIED_LABEL_ONLY
Takeover,period:bfbcb255cff7d2c3894f,2022-03-12 21:07:29+00:00,,,QUALIFIED_LABEL_ONLY
Takeover,period:9a704a25f780f56ebe1b,2022-03-19 19:32:42+00:00,,,QUALIFIED_LABEL_ONLY
Takeover,period:2543e9e0dda5edca0977,2022-03-25 20:43:57+00:00,,,QUALIFIED_LABEL_ONLY
Tenacity,period:afb91f11a5c9c66cc35b,2021-07-30 21:12:55+00:00,,,QUALIFIED_LABEL_ONLY
Tenacity,period:3921ed3cc984afb56c50,2022-01-14 21:26:31+00:00,,,QUALIFIED_LABEL_ONLY
Tenacity,period:452655f2bc33b5b76085,2023-01-26 22:16:48+00:00,,,QUALIFIED_LABEL_ONLY
Tenacity,period:9ad2bd3e76204c678ee3,2023-02-02 22:06:55+00:00,,,QUALIFIED_LABEL_ONLY
Tenacity,period:5193f604ed2f15e301e1,2023-02-09 22:07:17+00:00,,,QUALIFIED_LABEL_ONLY
Tenacity,period:2b3de7782bdf56dc82d0,2023-02-15 22:07:50+00:00,,,QUALIFIED_LABEL_ONLY
Tenacity,period:36d3f31311f21e914d55,2023-02-23 22:06:52+00:00,,,QUALIFIED_LABEL_ONLY
Tenacity,period:83278694723ba910058b,2023-03-02 22:08:20+00:00,,,QUALIFIED_LABEL_ONLY
Tenacity,period:402a134be7abbe005149,2023-03-09 22:22:41+00:00,,,QUALIFIED_LABEL_ONLY
Tenacity,period:8d9d5d3f36e034ced562,2023-03-15 21:07:53+00:00,,,QUALIFIED_LABEL_ONLY
Tenacity,period:d990ac8b125022094901,2023-03-23 21:10:53+00:00,,,QUALIFIED_LABEL_ONLY
Thanatos,period:697d8a8453920f1ff1c8,2024-06-15 20:11:50+00:00,,,QUALIFIED_LABEL_ONLY
Thanatos,period:ea10f8bb7f189dc4197a,2024-06-22 20:11:50+00:00,,,QUALIFIED_LABEL_ONLY
Thanatos,period:fb51ebc6418ce68c46c6,2024-06-27 20:07:21+00:00,,,QUALIFIED_LABEL_ONLY
Thanatos,period:0f3dd675ff7b55987f43,2024-07-20 20:10:15+00:00,,,QUALIFIED_LABEL_ONLY
Thanatos,period:29c7eddc03e68fe96070,2024-07-27 20:09:19+00:00,,,QUALIFIED_LABEL_ONLY
Thanatos,period:03ffd32cfddfafb63d73,2024-08-03 20:08:15+00:00,,,QUALIFIED_LABEL_ONLY
Thanatos,period:cdd6b3ae49979eef3d9f,2024-08-10 20:07:50+00:00,,,QUALIFIED_LABEL_ONLY
Thanatos,period:c0a1c4ffff2a32aacb10,2024-08-23 20:07:51+00:00,,,QUALIFIED_LABEL_ONLY
Thanatos,period:3685f26c9338932445a9,2024-08-30 20:08:40+00:00,,,QUALIFIED_LABEL_ONLY
Thanatos,period:ee078790277fa6a5a0ce,2025-01-25 21:14:31+00:00,,,QUALIFIED_LABEL_ONLY
Thanatos,period:b08144b94745feadc04c,2025-02-01 21:06:58+00:00,,,QUALIFIED_LABEL_ONLY
Thanatos,period:5a5260defef5072643d0,2025-04-05 20:14:15+00:00,,,QUALIFIED_LABEL_ONLY
Thanatos,period:fb622d9f67b0d1bacd81,2025-04-12 20:06:56+00:00,,,QUALIFIED_LABEL_ONLY
Thanatos,period:ab17bbbf5d12cdddc770,2025-04-19 20:08:34+00:00,,,QUALIFIED_LABEL_ONLY
Thanatos,period:0bd7b62868a6e6fa9a6d,2025-04-26 20:08:33+00:00,,,QUALIFIED_LABEL_ONLY
Thanatos,period:f91ca0f544586fb72c4d,2025-05-03 20:08:26+00:00,,,QUALIFIED_LABEL_ONLY
Thanatos,period:92eb584d41521b4a115a,2025-05-10 20:09:23+00:00,,,QUALIFIED_LABEL_ONLY
Thanatos,period:42a66f8e41011df34073,2025-05-17 20:08:05+00:00,,,QUALIFIED_LABEL_ONLY
Thanatos,period:769a792cb95be4e074fc,2025-05-24 20:07:34+00:00,,,QUALIFIED_LABEL_ONLY
Thanatos,period:b6b241bcd2df026a0c10,2025-06-07 20:06:56+00:00,,,QUALIFIED_LABEL_ONLY
Thanatos,period:780234292186bbac5f9e,2025-06-14 20:12:24+00:00,,,QUALIFIED_LABEL_ONLY
Thanatos,period:f92170f131413923b84c,2025-07-26 20:10:23+00:00,,,QUALIFIED_LABEL_ONLY
Thanatos,period:c7231b512ce5dfec31cf,2025-08-02 20:08:18+00:00,,,QUALIFIED_LABEL_ONLY
Thanatos,period:c139a580fc7ad181ea33,2025-08-09 20:06:58+00:00,,,QUALIFIED_LABEL_ONLY
Thanatos,period:9d2506f6d55754824303,2025-08-16 20:06:27+00:00,,,QUALIFIED_LABEL_ONLY
Thanatos,period:1ffa4e947c2611f80c97,2025-08-29 20:06:10+00:00,,,QUALIFIED_LABEL_ONLY
Thanatos,period:717827b0ee213b1efab1,2025-09-05 20:05:46+00:00,,,QUALIFIED_LABEL_ONLY
Thanatos,period:28d589eedfce312e1ad3,2026-01-24 21:24:34+00:00,,,QUALIFIED_LABEL_ONLY
Thanatos,period:70fac0200d695853ccdc,2026-01-31 21:07:01+00:00,,,QUALIFIED_LABEL_ONLY
Thanatos,period:b2e5a5987eefaa30eea2,2026-02-07 21:11:32+00:00,,,QUALIFIED_LABEL_ONLY
Thanatos,period:9c6a0a6efb8480316e54,2026-02-09 00:51:15+00:00,,,QUALIFIED_LABEL_ONLY
Thanatos,period:0433ceb2175e1870c17a,2026-02-14 21:11:50+00:00,,,QUALIFIED_LABEL_ONLY
Thanatos,period:d52af7b72997e89c8ea6,2026-02-20 21:09:00+00:00,,,QUALIFIED_LABEL_ONLY
Thanatos,period:b628e8f047ec274b8698,2026-02-27 21:09:38+00:00,,,QUALIFIED_LABEL_ONLY
Thanatos,period:f1fd6343903a0462322e,2026-03-02 00:22:41+00:00,,,QUALIFIED_LABEL_ONLY
Thanatos,period:74efed7e4a28a304cc30,2026-04-04 20:17:46+00:00,,,QUALIFIED_LABEL_ONLY
Thanatos,period:fc48b32f725285a09f66,2026-04-11 20:08:26+00:00,,,QUALIFIED_LABEL_ONLY
Thanatos,period:9ad9f360f988761d91c1,2026-04-18 20:07:45+00:00,,,QUALIFIED_LABEL_ONLY
Thanatos,period:b0a60cf2f3d3558f5e56,2026-04-25 20:09:02+00:00,,,QUALIFIED_LABEL_ONLY
Thanatos,period:0a890f671f8ce6bbde59,2026-05-02 20:10:20+00:00,,,QUALIFIED_LABEL_ONLY
Thanatos,period:bca1e648a46734294b57,2026-05-09 20:08:09+00:00,,,QUALIFIED_LABEL_ONLY
Thanatos,period:1c76ac6866aa6a71a894,2026-05-16 20:08:36+00:00,,,QUALIFIED_LABEL_ONLY
Thanatos,period:2ba54fbdb1ed8ce5723d,2026-05-23 20:10:31+00:00,,,QUALIFIED_LABEL_ONLY
Thanatos,period:76aa7cb585d2505649ba,2026-06-06 20:09:49+00:00,,,QUALIFIED_LABEL_ONLY
Thanatos,period:2a0b31a43b9b5e794a24,2026-06-13 20:14:55+00:00,,,QUALIFIED_LABEL_ONLY
Thanatos,period:5afe139f56d9c0db8f2d,2026-07-25 20:13:30+00:00,,,QUALIFIED_LABEL_ONLY
Tomio,period:697d8a8453920f1ff1c8,2024-06-15 20:11:50+00:00,,,QUALIFIED_LABEL_ONLY
Tomio,period:ea10f8bb7f189dc4197a,2024-06-22 20:11:50+00:00,,,QUALIFIED_LABEL_ONLY
Tomio,period:fb51ebc6418ce68c46c6,2024-06-27 20:07:21+00:00,,,QUALIFIED_LABEL_ONLY
Tomo,period:32c02d32a3c87111d752,2021-06-25 21:33:16+00:00,,,QUALIFIED_LABEL_ONLY
Tomo,period:490dcd8b072f0c76bfcd,2021-07-09 21:35:31+00:00,,,QUALIFIED_LABEL_ONLY
Tomo,period:5ede35b384e34b4e7cf7,2021-07-16 21:20:22+00:00,,,QUALIFIED_LABEL_ONLY
Tomo,period:5befa75590802ab7de54,2021-07-23 20:58:06+00:00,,,QUALIFIED_LABEL_ONLY
Tomo,period:afb91f11a5c9c66cc35b,2021-07-30 21:12:55+00:00,,,QUALIFIED_LABEL_ONLY
Tomo,period:36d3f31311f21e914d55,2023-02-23 22:06:52+00:00,,,QUALIFIED_LABEL_ONLY
Tomo,period:83278694723ba910058b,2023-03-02 22:08:20+00:00,,,QUALIFIED_LABEL_ONLY
Tomo,period:402a134be7abbe005149,2023-03-09 22:22:41+00:00,,,QUALIFIED_LABEL_ONLY
Tomo,period:8d9d5d3f36e034ced562,2023-03-15 21:07:53+00:00,,,QUALIFIED_LABEL_ONLY
Tomo,period:3943367d2ce567a9fae3,2023-06-14 21:13:03+00:00,,,QUALIFIED_LABEL_ONLY
Tomo,period:f2ee99995367bf0fc030,2023-06-21 21:07:31+00:00,,,QUALIFIED_LABEL_ONLY
Tomo,period:c790283b449e6bb25672,2023-06-28 21:06:50+00:00,,,QUALIFIED_LABEL_ONLY
Tomo,period:ff185424af4133395119,2023-07-05 21:05:49+00:00,,,QUALIFIED_LABEL_ONLY
Tomo,period:36cf05276a8bbe55409a,2023-07-12 21:06:58+00:00,,,QUALIFIED_LABEL_ONLY
Tomo,period:dd1399a0cf2f56138daa,2023-07-19 21:07:18+00:00,,,QUALIFIED_LABEL_ONLY
Tomo,period:4520b87081b51698489a,2023-08-03 21:07:08+00:00,,,QUALIFIED_LABEL_ONLY
Tomo,period:a7fd1e72d2ba831ccc8d,2023-08-10 21:10:37+00:00,,,QUALIFIED_LABEL_ONLY
Tomo,period:27c11f42e65c97b901b8,2024-01-20 20:15:01+00:00,,,QUALIFIED_LABEL_ONLY
Tomo,period:ab546300266e49331659,2024-01-27 20:15:48+00:00,,,QUALIFIED_LABEL_ONLY
Tomo,period:f82eb58c594ccc349383,2024-02-02 21:12:22+00:00,,,QUALIFIED_LABEL_ONLY
Tomo,period:06566a2ea584fecf6c15,2024-02-10 21:07:54+00:00,,,QUALIFIED_LABEL_ONLY
Tomo,period:789a06731adc1e0c8798,2024-03-02 21:07:29+00:00,,,QUALIFIED_LABEL_ONLY
Tomo,period:a0f9da327c11cf3cc717,2024-03-08 21:07:46+00:00,,,QUALIFIED_LABEL_ONLY
Tomo,period:448a8f91622619afdbe7,2024-03-14 20:08:02+00:00,,,QUALIFIED_LABEL_ONLY
Tomo,period:03ffd32cfddfafb63d73,2024-08-03 20:08:15+00:00,,,QUALIFIED_LABEL_ONLY
Tomo,period:cdd6b3ae49979eef3d9f,2024-08-10 20:07:50+00:00,,,QUALIFIED_LABEL_ONLY
Tomo,period:5218e82018c8910d187b,2024-08-17 20:07:21+00:00,,,QUALIFIED_LABEL_ONLY
Tomo,period:c0a1c4ffff2a32aacb10,2024-08-23 20:07:51+00:00,,,QUALIFIED_LABEL_ONLY
Tomo,period:3685f26c9338932445a9,2024-08-30 20:08:40+00:00,,,QUALIFIED_LABEL_ONLY
Tomo,period:77186dc9e4b5f1acc2df,2024-09-06 20:13:13+00:00,,,QUALIFIED_LABEL_ONLY
Tomo,period:ee078790277fa6a5a0ce,2025-01-25 21:14:31+00:00,,,QUALIFIED_LABEL_ONLY
Tomo,period:b08144b94745feadc04c,2025-02-01 21:06:58+00:00,,,QUALIFIED_LABEL_ONLY
Tomo,period:bcc5730448bc2219d32a,2025-02-09 21:07:49+00:00,,,QUALIFIED_LABEL_ONLY
Tomo,period:5a5260defef5072643d0,2025-04-05 20:14:15+00:00,,,QUALIFIED_LABEL_ONLY
Tomo,period:fb622d9f67b0d1bacd81,2025-04-12 20:06:56+00:00,,,QUALIFIED_LABEL_ONLY
Tomo,period:ab17bbbf5d12cdddc770,2025-04-19 20:08:34+00:00,,,QUALIFIED_LABEL_ONLY
Tomo,period:0bd7b62868a6e6fa9a6d,2025-04-26 20:08:33+00:00,,,QUALIFIED_LABEL_ONLY
Tomo,period:f91ca0f544586fb72c4d,2025-05-03 20:08:26+00:00,,,QUALIFIED_LABEL_ONLY
Tomo,period:92eb584d41521b4a115a,2025-05-10 20:09:23+00:00,,,QUALIFIED_LABEL_ONLY
Tomo,period:42a66f8e41011df34073,2025-05-17 20:08:05+00:00,,,QUALIFIED_LABEL_ONLY
Tomo,period:540a575a08edacdeb808,2025-05-31 20:08:28+00:00,,,QUALIFIED_LABEL_ONLY
Tomo,period:f92170f131413923b84c,2025-07-26 20:10:23+00:00,,,QUALIFIED_LABEL_ONLY
Tomo,period:c7231b512ce5dfec31cf,2025-08-02 20:08:18+00:00,,,QUALIFIED_LABEL_ONLY
Tomo,period:c139a580fc7ad181ea33,2025-08-09 20:06:58+00:00,,,QUALIFIED_LABEL_ONLY
Tomo,period:7c6d5817a7155f3a80bb,2025-08-23 20:06:29+00:00,,,QUALIFIED_LABEL_ONLY
Tony Top,period:3921ed3cc984afb56c50,2022-01-14 21:26:31+00:00,,,QUALIFIED_LABEL_ONLY
Tony Top,period:ea5caa919fbd4b75da18,2022-01-21 21:45:47+00:00,,,QUALIFIED_LABEL_ONLY
Topoon,period:2e302fc7c4bd7a4b3864,2021-01-22 22:29:56+00:00,,,QUALIFIED_LABEL_ONLY
Toucouille,period:3921ed3cc984afb56c50,2022-01-14 21:26:31+00:00,,,QUALIFIED_LABEL_ONLY
Toucouille,period:ea5caa919fbd4b75da18,2022-01-21 21:45:47+00:00,,,QUALIFIED_LABEL_ONLY
Toucouille,period:5a26c3b6318c7b633520,2022-02-05 20:33:18+00:00,,,QUALIFIED_LABEL_ONLY
Toucouille,period:44168f74464b99791ba3,2022-02-12 20:53:38+00:00,,,QUALIFIED_LABEL_ONLY
Toucouille,period:466f661effb9208a840b,2022-02-19 20:54:27+00:00,,,QUALIFIED_LABEL_ONLY
Toucouille,period:4138ca482beb4344e9ad,2022-02-25 22:37:00+00:00,,,QUALIFIED_LABEL_ONLY
Toucouille,period:7a928b9ecc895d38667e,2022-03-05 21:01:58+00:00,,,QUALIFIED_LABEL_ONLY
Toucouille,period:bfbcb255cff7d2c3894f,2022-03-12 21:07:29+00:00,,,QUALIFIED_LABEL_ONLY
Toucouille,period:9a704a25f780f56ebe1b,2022-03-19 19:32:42+00:00,,,QUALIFIED_LABEL_ONLY
Toucouille,period:2543e9e0dda5edca0977,2022-03-25 20:43:57+00:00,,,QUALIFIED_LABEL_ONLY
Toucouille,period:feb156c0b7ef67e8a92a,2022-04-09 20:43:33+00:00,,,QUALIFIED_LABEL_ONLY
Toucouille,period:4c81af754b6b135da741,2022-06-17 21:46:00+00:00,,,QUALIFIED_LABEL_ONLY
Toucouille,period:9098ed2cd53d3e50498b,2022-06-25 20:09:54+00:00,,,QUALIFIED_LABEL_ONLY
Toucouille,period:bd5d15bd6830501052ed,2022-07-02 20:14:47+00:00,,,QUALIFIED_LABEL_ONLY
Toucouille,period:a1385753e89a22ad7415,2022-07-16 20:31:00+00:00,,,QUALIFIED_LABEL_ONLY
Toucouille,period:d36d780bd6e08d095d27,2022-07-23 20:43:00+00:00,,,QUALIFIED_LABEL_ONLY
Toucouille,period:ab4c55f2271a097a29e2,2022-07-30 20:03:25+00:00,,,QUALIFIED_LABEL_ONLY
Toucouille,period:9310314000d1dccfe6ae,2022-08-06 20:08:43+00:00,,,QUALIFIED_LABEL_ONLY
Toucouille,period:e268d0eb9109f8185a29,2022-08-12 20:55:46+00:00,,,QUALIFIED_LABEL_ONLY
Toucouille,period:fcd21c282bb6eb984919,2022-08-20 19:32:26+00:00,,,QUALIFIED_LABEL_ONLY
Toucouille,period:f6ad6d70568c5aa4ddb9,2022-08-25 19:37:29+00:00,,,QUALIFIED_LABEL_ONLY
Treatz,period:2d69b4a154591d5cca77,2020-07-18 00:30:49+00:00,,,QUALIFIED_LABEL_ONLY
Treatz,period:fe3df3b5886d9a4a5234,2020-07-25 00:38:07+00:00,,,QUALIFIED_LABEL_ONLY
Treatz,period:3e89f4975798019beec8,2020-08-01 00:35:44+00:00,,,QUALIFIED_LABEL_ONLY
Treatz,period:9cfbd3e5ecdd20626eed,2020-08-08 00:43:41+00:00,,,QUALIFIED_LABEL_ONLY
Treatz,period:0836494c11a0b381c084,2020-08-13 19:38:23+00:00,,,QUALIFIED_LABEL_ONLY
Treatz,period:3943367d2ce567a9fae3,2023-06-14 21:13:03+00:00,,,QUALIFIED_LABEL_ONLY
Treatz,period:f2ee99995367bf0fc030,2023-06-21 21:07:31+00:00,,,QUALIFIED_LABEL_ONLY
Treatz,period:c790283b449e6bb25672,2023-06-28 21:06:50+00:00,,,QUALIFIED_LABEL_ONLY
Treatz,period:ff185424af4133395119,2023-07-05 21:05:49+00:00,,,QUALIFIED_LABEL_ONLY
Treatz,period:36cf05276a8bbe55409a,2023-07-12 21:06:58+00:00,,,QUALIFIED_LABEL_ONLY
Treatz,period:dd1399a0cf2f56138daa,2023-07-19 21:07:18+00:00,,,QUALIFIED_LABEL_ONLY
Triple,period:490dcd8b072f0c76bfcd,2021-07-09 21:35:31+00:00,,,QUALIFIED_LABEL_ONLY
Triple,period:5ede35b384e34b4e7cf7,2021-07-16 21:20:22+00:00,,,QUALIFIED_LABEL_ONLY
Triple,period:5befa75590802ab7de54,2021-07-23 20:58:06+00:00,,,QUALIFIED_LABEL_ONLY
Triple,period:2543e9e0dda5edca0977,2022-03-25 20:43:57+00:00,,,QUALIFIED_LABEL_ONLY
Tuesday,period:9cfbd3e5ecdd20626eed,2020-08-08 00:43:41+00:00,,,QUALIFIED_LABEL_ONLY
UNF0RGIVEN,period:3943367d2ce567a9fae3,2023-06-14 21:13:03+00:00,,,QUALIFIED_LABEL_ONLY
UNF0RGIVEN,period:f2ee99995367bf0fc030,2023-06-21 21:07:31+00:00,,,QUALIFIED_LABEL_ONLY
UNF0RGIVEN,period:c790283b449e6bb25672,2023-06-28 21:06:50+00:00,,,QUALIFIED_LABEL_ONLY
UNF0RGIVEN,period:ff185424af4133395119,2023-07-05 21:05:49+00:00,,,QUALIFIED_LABEL_ONLY
UNF0RGIVEN,period:36cf05276a8bbe55409a,2023-07-12 21:06:58+00:00,,,QUALIFIED_LABEL_ONLY
UNF0RGIVEN,period:dd1399a0cf2f56138daa,2023-07-19 21:07:18+00:00,,,QUALIFIED_LABEL_ONLY
UNF0RGIVEN,period:67a5ff4d5b051b402092,2023-07-27 21:07:41+00:00,,,QUALIFIED_LABEL_ONLY
UNF0RGIVEN,period:4520b87081b51698489a,2023-08-03 21:07:08+00:00,,,QUALIFIED_LABEL_ONLY
UNF0RGIVEN,period:a7fd1e72d2ba831ccc8d,2023-08-10 21:10:37+00:00,,,QUALIFIED_LABEL_ONLY
UmTi,period:27c11f42e65c97b901b8,2024-01-20 20:15:01+00:00,,,QUALIFIED_LABEL_ONLY
UmTi,period:ab546300266e49331659,2024-01-27 20:15:48+00:00,,,QUALIFIED_LABEL_ONLY
UmTi,period:f82eb58c594ccc349383,2024-02-02 21:12:22+00:00,,,QUALIFIED_LABEL_ONLY
UmTi,period:06566a2ea584fecf6c15,2024-02-10 21:07:54+00:00,,,QUALIFIED_LABEL_ONLY
UmTi,period:789a06731adc1e0c8798,2024-03-02 21:07:29+00:00,,,QUALIFIED_LABEL_ONLY
UmTi,period:a0f9da327c11cf3cc717,2024-03-08 21:07:46+00:00,,,QUALIFIED_LABEL_ONLY
UmTi,period:448a8f91622619afdbe7,2024-03-14 20:08:02+00:00,,,QUALIFIED_LABEL_ONLY
UmTi,period:18a8b98d7b5d7f0b7105,2024-03-22 20:08:04+00:00,,,QUALIFIED_LABEL_ONLY
UmTi,period:0c3bfca85acd014e625d,2024-03-30 20:22:30+00:00,,,QUALIFIED_LABEL_ONLY
UmTi,period:697d8a8453920f1ff1c8,2024-06-15 20:11:50+00:00,,,QUALIFIED_LABEL_ONLY
UmTi,period:ea10f8bb7f189dc4197a,2024-06-22 20:11:50+00:00,,,QUALIFIED_LABEL_ONLY
UmTi,period:fb51ebc6418ce68c46c6,2024-06-27 20:07:21+00:00,,,QUALIFIED_LABEL_ONLY
UmTi,period:0f3dd675ff7b55987f43,2024-07-20 20:10:15+00:00,,,QUALIFIED_LABEL_ONLY
UmTi,period:29c7eddc03e68fe96070,2024-07-27 20:09:19+00:00,,,QUALIFIED_LABEL_ONLY
UmTi,period:03ffd32cfddfafb63d73,2024-08-03 20:08:15+00:00,,,QUALIFIED_LABEL_ONLY
UmTi,period:cdd6b3ae49979eef3d9f,2024-08-10 20:07:50+00:00,,,QUALIFIED_LABEL_ONLY
UmTi,period:c0a1c4ffff2a32aacb10,2024-08-23 20:07:51+00:00,,,QUALIFIED_LABEL_ONLY
UmTi,period:3685f26c9338932445a9,2024-08-30 20:08:40+00:00,,,QUALIFIED_LABEL_ONLY
UmTi,period:77186dc9e4b5f1acc2df,2024-09-06 20:13:13+00:00,,,QUALIFIED_LABEL_ONLY
UmTi,period:ee078790277fa6a5a0ce,2025-01-25 21:14:31+00:00,,,QUALIFIED_LABEL_ONLY
UmTi,period:b08144b94745feadc04c,2025-02-01 21:06:58+00:00,,,QUALIFIED_LABEL_ONLY
UmTi,period:bcc5730448bc2219d32a,2025-02-09 21:07:49+00:00,,,QUALIFIED_LABEL_ONLY
UmTi,period:5a5260defef5072643d0,2025-04-05 20:14:15+00:00,,,QUALIFIED_LABEL_ONLY
UmTi,period:fb622d9f67b0d1bacd81,2025-04-12 20:06:56+00:00,,,QUALIFIED_LABEL_ONLY
UmTi,period:ab17bbbf5d12cdddc770,2025-04-19 20:08:34+00:00,,,QUALIFIED_LABEL_ONLY
UmTi,period:0bd7b62868a6e6fa9a6d,2025-04-26 20:08:33+00:00,,,QUALIFIED_LABEL_ONLY
UmTi,period:f91ca0f544586fb72c4d,2025-05-03 20:08:26+00:00,,,QUALIFIED_LABEL_ONLY
UmTi,period:92eb584d41521b4a115a,2025-05-10 20:09:23+00:00,,,QUALIFIED_LABEL_ONLY
UmTi,period:769a792cb95be4e074fc,2025-05-24 20:07:34+00:00,,,QUALIFIED_LABEL_ONLY
V1per,period:01bed218199c5fc6a295,2020-01-25 21:37:53+00:00,,,QUALIFIED_LABEL_ONLY
V1per,period:18c306f73901eb8e548e,2020-02-01 21:36:35+00:00,,,QUALIFIED_LABEL_ONLY
V1per,period:bd2e80371da37619c695,2020-02-08 21:30:18+00:00,,,QUALIFIED_LABEL_ONLY
V1per,period:94dc307a169a4236f643,2020-02-15 21:33:19+00:00,,,QUALIFIED_LABEL_ONLY
V1per,period:90cc39f891e2dbcab3ef,2020-02-22 21:37:14+00:00,,,QUALIFIED_LABEL_ONLY
V1per,period:cb03c621696fc2e91764,2020-02-29 21:26:53+00:00,,,QUALIFIED_LABEL_ONLY
V1per,period:14606e5066005561df07,2020-03-07 21:40:12+00:00,,,QUALIFIED_LABEL_ONLY
V1per,period:666de7dcc2eb91211639,2020-03-28 20:29:42+00:00,,,QUALIFIED_LABEL_ONLY
V1per,period:5a2658b56ec5d5c6a04d,2020-04-04 19:44:42+00:00,,,QUALIFIED_LABEL_ONLY
V1per,period:1970df0ebd4246c6ea3b,2020-06-13 00:40:51+00:00,,,QUALIFIED_LABEL_ONLY
V1per,period:3968b01a861a52d381a8,2020-06-20 00:31:26+00:00,,,QUALIFIED_LABEL_ONLY
V1per,period:2d69b4a154591d5cca77,2020-07-18 00:30:49+00:00,,,QUALIFIED_LABEL_ONLY
V1per,period:fe3df3b5886d9a4a5234,2020-07-25 00:38:07+00:00,,,QUALIFIED_LABEL_ONLY
V1per,period:3e89f4975798019beec8,2020-08-01 00:35:44+00:00,,,QUALIFIED_LABEL_ONLY
V1per,period:9cfbd3e5ecdd20626eed,2020-08-08 00:43:41+00:00,,,QUALIFIED_LABEL_ONLY
V1per,period:0836494c11a0b381c084,2020-08-13 19:38:23+00:00,,,QUALIFIED_LABEL_ONLY
V1per,period:3921ed3cc984afb56c50,2022-01-14 21:26:31+00:00,,,QUALIFIED_LABEL_ONLY
V1per,period:ea5caa919fbd4b75da18,2022-01-21 21:45:47+00:00,,,QUALIFIED_LABEL_ONLY
VicLa,period:452655f2bc33b5b76085,2023-01-26 22:16:48+00:00,,,QUALIFIED_LABEL_ONLY
VicLa,period:9ad2bd3e76204c678ee3,2023-02-02 22:06:55+00:00,,,QUALIFIED_LABEL_ONLY
VicLa,period:5193f604ed2f15e301e1,2023-02-09 22:07:17+00:00,,,QUALIFIED_LABEL_ONLY
VicLa,period:2b3de7782bdf56dc82d0,2023-02-15 22:07:50+00:00,,,QUALIFIED_LABEL_ONLY
VicLa,period:36d3f31311f21e914d55,2023-02-23 22:06:52+00:00,,,QUALIFIED_LABEL_ONLY
VicLa,period:83278694723ba910058b,2023-03-02 22:08:20+00:00,,,QUALIFIED_LABEL_ONLY
VicLa,period:402a134be7abbe005149,2023-03-09 22:22:41+00:00,,,QUALIFIED_LABEL_ONLY
VicLa,period:8d9d5d3f36e034ced562,2023-03-15 21:07:53+00:00,,,QUALIFIED_LABEL_ONLY
VicLa,period:d990ac8b125022094901,2023-03-23 21:10:53+00:00,,,QUALIFIED_LABEL_ONLY
VicLa,period:d33d87118e30f5daa86a,2023-03-30 21:09:21+00:00,,,QUALIFIED_LABEL_ONLY
VicLa,period:f52e10acfa6d747a4c9d,2023-04-08 20:17:16+00:00,,,QUALIFIED_LABEL_ONLY
VicLa,period:3943367d2ce567a9fae3,2023-06-14 21:13:03+00:00,,,QUALIFIED_LABEL_ONLY
VicLa,period:f2ee99995367bf0fc030,2023-06-21 21:07:31+00:00,,,QUALIFIED_LABEL_ONLY
VicLa,period:c790283b449e6bb25672,2023-06-28 21:06:50+00:00,,,QUALIFIED_LABEL_ONLY
VicLa,period:ff185424af4133395119,2023-07-05 21:05:49+00:00,,,QUALIFIED_LABEL_ONLY
VicLa,period:36cf05276a8bbe55409a,2023-07-12 21:06:58+00:00,,,QUALIFIED_LABEL_ONLY
VicLa,period:dd1399a0cf2f56138daa,2023-07-19 21:07:18+00:00,,,QUALIFIED_LABEL_ONLY
Vulcan,period:01bed218199c5fc6a295,2020-01-25 21:37:53+00:00,,,QUALIFIED_LABEL_ONLY
Vulcan,period:18c306f73901eb8e548e,2020-02-01 21:36:35+00:00,,,QUALIFIED_LABEL_ONLY
Vulcan,period:bd2e80371da37619c695,2020-02-08 21:30:18+00:00,,,QUALIFIED_LABEL_ONLY
Vulcan,period:94dc307a169a4236f643,2020-02-15 21:33:19+00:00,,,QUALIFIED_LABEL_ONLY
Vulcan,period:90cc39f891e2dbcab3ef,2020-02-22 21:37:14+00:00,,,QUALIFIED_LABEL_ONLY
Vulcan,period:cb03c621696fc2e91764,2020-02-29 21:26:53+00:00,,,QUALIFIED_LABEL_ONLY
Vulcan,period:14606e5066005561df07,2020-03-07 21:40:12+00:00,,,QUALIFIED_LABEL_ONLY
Vulcan,period:b2e2840d56c789b5030c,2020-03-21 20:18:48+00:00,,,QUALIFIED_LABEL_ONLY
Vulcan,period:666de7dcc2eb91211639,2020-03-28 20:29:42+00:00,,,QUALIFIED_LABEL_ONLY
Vulcan,period:5a2658b56ec5d5c6a04d,2020-04-04 19:44:42+00:00,,,QUALIFIED_LABEL_ONLY
Vulcan,period:be73ead0e53874776373,2020-04-18 19:37:34+00:00,,,QUALIFIED_LABEL_ONLY
Vulcan,period:1970df0ebd4246c6ea3b,2020-06-13 00:40:51+00:00,,,QUALIFIED_LABEL_ONLY
Vulcan,period:3968b01a861a52d381a8,2020-06-20 00:31:26+00:00,,,QUALIFIED_LABEL_ONLY
Vulcan,period:642a5bb7deff76d164b5,2020-06-27 00:39:52+00:00,,,QUALIFIED_LABEL_ONLY
Vulcan,period:7813fa8e90f59320de07,2020-07-04 00:21:06+00:00,,,QUALIFIED_LABEL_ONLY
Vulcan,period:1e2c5a7144cf9a8bc308,2020-07-11 00:50:27+00:00,,,QUALIFIED_LABEL_ONLY
Vulcan,period:2d69b4a154591d5cca77,2020-07-18 00:30:49+00:00,,,QUALIFIED_LABEL_ONLY
Vulcan,period:fe3df3b5886d9a4a5234,2020-07-25 00:38:07+00:00,,,QUALIFIED_LABEL_ONLY
Vulcan,period:3e89f4975798019beec8,2020-08-01 00:35:44+00:00,,,QUALIFIED_LABEL_ONLY
Vulcan,period:9cfbd3e5ecdd20626eed,2020-08-08 00:43:41+00:00,,,QUALIFIED_LABEL_ONLY
Vulcan,period:38cb400566e2a3aee1c8,2020-08-20 19:31:44+00:00,,,QUALIFIED_LABEL_ONLY
Vulcan,period:53a986e97c4e64053db8,2020-08-29 19:32:38+00:00,,,QUALIFIED_LABEL_ONLY
Vulcan,period:fcb777e33a04482e7bfb,2021-01-15 23:10:17+00:00,,,QUALIFIED_LABEL_ONLY
Vulcan,period:2e302fc7c4bd7a4b3864,2021-01-22 22:29:56+00:00,,,QUALIFIED_LABEL_ONLY
Vulcan,period:9b9f3f2ec839feb3a947,2021-01-29 22:28:31+00:00,,,QUALIFIED_LABEL_ONLY
Vulcan,period:7c66db573c65177b96bf,2021-02-05 22:24:44+00:00,,,QUALIFIED_LABEL_ONLY
Vulcan,period:19d1212ec047ea2c2e1c,2021-02-12 22:29:59+00:00,,,QUALIFIED_LABEL_ONLY
Vulcan,period:577ed5ecd652eb981e79,2021-02-19 22:21:31+00:00,,,QUALIFIED_LABEL_ONLY
Vulcan,period:3482fd65afd711052651,2021-02-26 22:23:25+00:00,,,QUALIFIED_LABEL_ONLY
Vulcan,period:433079f36e14953ffe3e,2021-03-05 22:15:28+00:00,,,QUALIFIED_LABEL_ONLY
Vulcan,period:2eea81e5fabdc42a729f,2021-03-12 22:24:45+00:00,,,QUALIFIED_LABEL_ONLY
Vulcan,period:4a6e60b4d46361a99310,2021-03-20 19:21:03+00:00,,,QUALIFIED_LABEL_ONLY
Vulcan,period:8e2682918e14580d212b,2021-04-03 19:17:31+00:00,,,QUALIFIED_LABEL_ONLY
Vulcan,period:759dd00fd0d693b754cc,2021-04-10 19:41:22+00:00,,,QUALIFIED_LABEL_ONLY
Vulcan,period:debddf61a872640eadfb,2021-06-04 22:02:02+00:00,,,QUALIFIED_LABEL_ONLY
Vulcan,period:24ddb9953986c3386cb5,2021-06-11 21:37:50+00:00,,,QUALIFIED_LABEL_ONLY
Vulcan,period:111e9dfa6ccd70cbab3b,2021-06-18 21:02:38+00:00,,,QUALIFIED_LABEL_ONLY
Vulcan,period:32c02d32a3c87111d752,2021-06-25 21:33:16+00:00,,,QUALIFIED_LABEL_ONLY
Vulcan,period:4f8f85e36ba842416702,2021-07-02 21:10:28+00:00,,,QUALIFIED_LABEL_ONLY
Vulcan,period:490dcd8b072f0c76bfcd,2021-07-09 21:35:31+00:00,,,QUALIFIED_LABEL_ONLY
Vulcan,period:5ede35b384e34b4e7cf7,2021-07-16 21:20:22+00:00,,,QUALIFIED_LABEL_ONLY
Vulcan,period:5befa75590802ab7de54,2021-07-23 20:58:06+00:00,,,QUALIFIED_LABEL_ONLY
Vulcan,period:afb91f11a5c9c66cc35b,2021-07-30 21:12:55+00:00,,,QUALIFIED_LABEL_ONLY
Vulcan,period:a8f8fd7e2f96bbacb87c,2021-08-07 20:23:28+00:00,,,QUALIFIED_LABEL_ONLY
Vulcan,period:3951db25bbaff1ec59cd,2021-08-12 21:13:39+00:00,,,QUALIFIED_LABEL_ONLY
Vulcan,period:7c5e83ab4c6a7ca8c86a,2021-08-19 21:11:40+00:00,,,QUALIFIED_LABEL_ONLY
Vulcan,period:dbb9ba645ae8a19c6555,2021-08-28 19:41:05+00:00,,,QUALIFIED_LABEL_ONLY
Vulcan,period:3921ed3cc984afb56c50,2022-01-14 21:26:31+00:00,,,QUALIFIED_LABEL_ONLY
Vulcan,period:ea5caa919fbd4b75da18,2022-01-21 21:45:47+00:00,,,QUALIFIED_LABEL_ONLY
Vulcan,period:3b01aa4d9786587a33b3,2022-01-28 21:53:04+00:00,,,QUALIFIED_LABEL_ONLY
Vulcan,period:5a26c3b6318c7b633520,2022-02-05 20:33:18+00:00,,,QUALIFIED_LABEL_ONLY
Vulcan,period:44168f74464b99791ba3,2022-02-12 20:53:38+00:00,,,QUALIFIED_LABEL_ONLY
Vulcan,period:466f661effb9208a840b,2022-02-19 20:54:27+00:00,,,QUALIFIED_LABEL_ONLY
Vulcan,period:4138ca482beb4344e9ad,2022-02-25 22:37:00+00:00,,,QUALIFIED_LABEL_ONLY
Vulcan,period:7a928b9ecc895d38667e,2022-03-05 21:01:58+00:00,,,QUALIFIED_LABEL_ONLY
Vulcan,period:bfbcb255cff7d2c3894f,2022-03-12 21:07:29+00:00,,,QUALIFIED_LABEL_ONLY
Vulcan,period:9a704a25f780f56ebe1b,2022-03-19 19:32:42+00:00,,,QUALIFIED_LABEL_ONLY
Vulcan,period:2543e9e0dda5edca0977,2022-03-25 20:43:57+00:00,,,QUALIFIED_LABEL_ONLY
Vulcan,period:95c58b937c0fcc3e92b9,2022-04-02 20:00:26+00:00,,,QUALIFIED_LABEL_ONLY
Vulcan,period:feb156c0b7ef67e8a92a,2022-04-09 20:43:33+00:00,,,QUALIFIED_LABEL_ONLY
Vulcan,period:8e4979ebdc36578e98ba,2022-04-16 20:06:15+00:00,,,QUALIFIED_LABEL_ONLY
Vulcan,period:8036ed58940a8d2ab607,2022-04-23 18:36:24+00:00,,,QUALIFIED_LABEL_ONLY
Vulcan,period:4c81af754b6b135da741,2022-06-17 21:46:00+00:00,,,QUALIFIED_LABEL_ONLY
Vulcan,period:9098ed2cd53d3e50498b,2022-06-25 20:09:54+00:00,,,QUALIFIED_LABEL_ONLY
Vulcan,period:bd5d15bd6830501052ed,2022-07-02 20:14:47+00:00,,,QUALIFIED_LABEL_ONLY
Vulcan,period:a1385753e89a22ad7415,2022-07-16 20:31:00+00:00,,,QUALIFIED_LABEL_ONLY
Vulcan,period:d36d780bd6e08d095d27,2022-07-23 20:43:00+00:00,,,QUALIFIED_LABEL_ONLY
Vulcan,period:ab4c55f2271a097a29e2,2022-07-30 20:03:25+00:00,,,QUALIFIED_LABEL_ONLY
Vulcan,period:9310314000d1dccfe6ae,2022-08-06 20:08:43+00:00,,,QUALIFIED_LABEL_ONLY
Vulcan,period:e268d0eb9109f8185a29,2022-08-12 20:55:46+00:00,,,QUALIFIED_LABEL_ONLY
Vulcan,period:f6ad6d70568c5aa4ddb9,2022-08-25 19:37:29+00:00,,,QUALIFIED_LABEL_ONLY
Vulcan,period:f14a4fb0f93da34e9201,2022-09-01 19:27:30+00:00,,,QUALIFIED_LABEL_ONLY
Vulcan,period:f4e76c51fd962159c780,2022-09-10 19:07:58+00:00,,,QUALIFIED_LABEL_ONLY
Vulcan,period:452655f2bc33b5b76085,2023-01-26 22:16:48+00:00,,,QUALIFIED_LABEL_ONLY
Vulcan,period:9ad2bd3e76204c678ee3,2023-02-02 22:06:55+00:00,,,QUALIFIED_LABEL_ONLY
Vulcan,period:5193f604ed2f15e301e1,2023-02-09 22:07:17+00:00,,,QUALIFIED_LABEL_ONLY
Vulcan,period:2b3de7782bdf56dc82d0,2023-02-15 22:07:50+00:00,,,QUALIFIED_LABEL_ONLY
Vulcan,period:36d3f31311f21e914d55,2023-02-23 22:06:52+00:00,,,QUALIFIED_LABEL_ONLY
Vulcan,period:83278694723ba910058b,2023-03-02 22:08:20+00:00,,,QUALIFIED_LABEL_ONLY
Vulcan,period:402a134be7abbe005149,2023-03-09 22:22:41+00:00,,,QUALIFIED_LABEL_ONLY
Vulcan,period:8d9d5d3f36e034ced562,2023-03-15 21:07:53+00:00,,,QUALIFIED_LABEL_ONLY
Vulcan,period:d990ac8b125022094901,2023-03-23 21:10:53+00:00,,,QUALIFIED_LABEL_ONLY
Vulcan,period:d33d87118e30f5daa86a,2023-03-30 21:09:21+00:00,,,QUALIFIED_LABEL_ONLY
Vulcan,period:3943367d2ce567a9fae3,2023-06-14 21:13:03+00:00,,,QUALIFIED_LABEL_ONLY
Vulcan,period:f2ee99995367bf0fc030,2023-06-21 21:07:31+00:00,,,QUALIFIED_LABEL_ONLY
Vulcan,period:c790283b449e6bb25672,2023-06-28 21:06:50+00:00,,,QUALIFIED_LABEL_ONLY
Vulcan,period:ff185424af4133395119,2023-07-05 21:05:49+00:00,,,QUALIFIED_LABEL_ONLY
Vulcan,period:36cf05276a8bbe55409a,2023-07-12 21:06:58+00:00,,,QUALIFIED_LABEL_ONLY
Vulcan,period:dd1399a0cf2f56138daa,2023-07-19 21:07:18+00:00,,,QUALIFIED_LABEL_ONLY
Vulcan,period:27c11f42e65c97b901b8,2024-01-20 20:15:01+00:00,,,QUALIFIED_LABEL_ONLY
Vulcan,period:ab546300266e49331659,2024-01-27 20:15:48+00:00,,,QUALIFIED_LABEL_ONLY
Vulcan,period:f82eb58c594ccc349383,2024-02-02 21:12:22+00:00,,,QUALIFIED_LABEL_ONLY
Vulcan,period:06566a2ea584fecf6c15,2024-02-10 21:07:54+00:00,,,QUALIFIED_LABEL_ONLY
Vulcan,period:789a06731adc1e0c8798,2024-03-02 21:07:29+00:00,,,QUALIFIED_LABEL_ONLY
Vulcan,period:a0f9da327c11cf3cc717,2024-03-08 21:07:46+00:00,,,QUALIFIED_LABEL_ONLY
Vulcan,period:448a8f91622619afdbe7,2024-03-14 20:08:02+00:00,,,QUALIFIED_LABEL_ONLY
Vulcan,period:18a8b98d7b5d7f0b7105,2024-03-22 20:08:04+00:00,,,QUALIFIED_LABEL_ONLY
Vulcan,period:0c3bfca85acd014e625d,2024-03-30 20:22:30+00:00,,,QUALIFIED_LABEL_ONLY
Vulcan,period:697d8a8453920f1ff1c8,2024-06-15 20:11:50+00:00,,,QUALIFIED_LABEL_ONLY
Vulcan,period:ea10f8bb7f189dc4197a,2024-06-22 20:11:50+00:00,,,QUALIFIED_LABEL_ONLY
Vulcan,period:fb51ebc6418ce68c46c6,2024-06-27 20:07:21+00:00,,,QUALIFIED_LABEL_ONLY
Vulcan,period:0f3dd675ff7b55987f43,2024-07-20 20:10:15+00:00,,,QUALIFIED_LABEL_ONLY
Vulcan,period:29c7eddc03e68fe96070,2024-07-27 20:09:19+00:00,,,QUALIFIED_LABEL_ONLY
Vulcan,period:03ffd32cfddfafb63d73,2024-08-03 20:08:15+00:00,,,QUALIFIED_LABEL_ONLY
Vulcan,period:cdd6b3ae49979eef3d9f,2024-08-10 20:07:50+00:00,,,QUALIFIED_LABEL_ONLY
Vulcan,period:c0a1c4ffff2a32aacb10,2024-08-23 20:07:51+00:00,,,QUALIFIED_LABEL_ONLY
Vulcan,period:3685f26c9338932445a9,2024-08-30 20:08:40+00:00,,,QUALIFIED_LABEL_ONLY
Vulcan,period:ee078790277fa6a5a0ce,2025-01-25 21:14:31+00:00,,,QUALIFIED_LABEL_ONLY
Vulcan,period:b08144b94745feadc04c,2025-02-01 21:06:58+00:00,,,QUALIFIED_LABEL_ONLY
Vulcan,period:5a5260defef5072643d0,2025-04-05 20:14:15+00:00,,,QUALIFIED_LABEL_ONLY
Vulcan,period:fb622d9f67b0d1bacd81,2025-04-12 20:06:56+00:00,,,QUALIFIED_LABEL_ONLY
Vulcan,period:ab17bbbf5d12cdddc770,2025-04-19 20:08:34+00:00,,,QUALIFIED_LABEL_ONLY
Vulcan,period:0bd7b62868a6e6fa9a6d,2025-04-26 20:08:33+00:00,,,QUALIFIED_LABEL_ONLY
Vulcan,period:f91ca0f544586fb72c4d,2025-05-03 20:08:26+00:00,,,QUALIFIED_LABEL_ONLY
Vulcan,period:92eb584d41521b4a115a,2025-05-10 20:09:23+00:00,,,QUALIFIED_LABEL_ONLY
Vulcan,period:42a66f8e41011df34073,2025-05-17 20:08:05+00:00,,,QUALIFIED_LABEL_ONLY
Vulcan,period:769a792cb95be4e074fc,2025-05-24 20:07:34+00:00,,,QUALIFIED_LABEL_ONLY
Vulcan,period:b6b241bcd2df026a0c10,2025-06-07 20:06:56+00:00,,,QUALIFIED_LABEL_ONLY
Vulcan,period:780234292186bbac5f9e,2025-06-14 20:12:24+00:00,,,QUALIFIED_LABEL_ONLY
Vulcan,period:f92170f131413923b84c,2025-07-26 20:10:23+00:00,,,QUALIFIED_LABEL_ONLY
Vulcan,period:c7231b512ce5dfec31cf,2025-08-02 20:08:18+00:00,,,QUALIFIED_LABEL_ONLY
Vulcan,period:c139a580fc7ad181ea33,2025-08-09 20:06:58+00:00,,,QUALIFIED_LABEL_ONLY
Vulcan,period:9d2506f6d55754824303,2025-08-16 20:06:27+00:00,,,QUALIFIED_LABEL_ONLY
Vulcan,period:1ffa4e947c2611f80c97,2025-08-29 20:06:10+00:00,,,QUALIFIED_LABEL_ONLY
Vulcan,period:717827b0ee213b1efab1,2025-09-05 20:05:46+00:00,,,QUALIFIED_LABEL_ONLY
Vulcan,period:28d589eedfce312e1ad3,2026-01-24 21:24:34+00:00,,,QUALIFIED_LABEL_ONLY
Vulcan,period:70fac0200d695853ccdc,2026-01-31 21:07:01+00:00,,,QUALIFIED_LABEL_ONLY
Vulcan,period:b2e5a5987eefaa30eea2,2026-02-07 21:11:32+00:00,,,QUALIFIED_LABEL_ONLY
Vulcan,period:9c6a0a6efb8480316e54,2026-02-09 00:51:15+00:00,,,QUALIFIED_LABEL_ONLY
Vulcan,period:0433ceb2175e1870c17a,2026-02-14 21:11:50+00:00,,,QUALIFIED_LABEL_ONLY
Vulcan,period:d52af7b72997e89c8ea6,2026-02-20 21:09:00+00:00,,,QUALIFIED_LABEL_ONLY
Vulcan,period:b628e8f047ec274b8698,2026-02-27 21:09:38+00:00,,,QUALIFIED_LABEL_ONLY
Vulcan,period:f1fd6343903a0462322e,2026-03-02 00:22:41+00:00,,,QUALIFIED_LABEL_ONLY
Vulcan,period:74efed7e4a28a304cc30,2026-04-04 20:17:46+00:00,,,QUALIFIED_LABEL_ONLY
Vulcan,period:fc48b32f725285a09f66,2026-04-11 20:08:26+00:00,,,QUALIFIED_LABEL_ONLY
Vulcan,period:9ad9f360f988761d91c1,2026-04-18 20:07:45+00:00,,,QUALIFIED_LABEL_ONLY
Vulcan,period:b0a60cf2f3d3558f5e56,2026-04-25 20:09:02+00:00,,,QUALIFIED_LABEL_ONLY
Vulcan,period:0a890f671f8ce6bbde59,2026-05-02 20:10:20+00:00,,,QUALIFIED_LABEL_ONLY
Vulcan,period:bca1e648a46734294b57,2026-05-09 20:08:09+00:00,,,QUALIFIED_LABEL_ONLY
Vulcan,period:1c76ac6866aa6a71a894,2026-05-16 20:08:36+00:00,,,QUALIFIED_LABEL_ONLY
Vulcan,period:2ba54fbdb1ed8ce5723d,2026-05-23 20:10:31+00:00,,,QUALIFIED_LABEL_ONLY
Vulcan,period:76aa7cb585d2505649ba,2026-06-06 20:09:49+00:00,,,QUALIFIED_LABEL_ONLY
Vulcan,period:2a0b31a43b9b5e794a24,2026-06-13 20:14:55+00:00,,,QUALIFIED_LABEL_ONLY
Vulcan,period:5afe139f56d9c0db8f2d,2026-07-25 20:13:30+00:00,,,QUALIFIED_LABEL_ONLY
WildTurtle,period:01bed218199c5fc6a295,2020-01-25 21:37:53+00:00,,,QUALIFIED_LABEL_ONLY
WildTurtle,period:18c306f73901eb8e548e,2020-02-01 21:36:35+00:00,,,QUALIFIED_LABEL_ONLY
WildTurtle,period:bd2e80371da37619c695,2020-02-08 21:30:18+00:00,,,QUALIFIED_LABEL_ONLY
WildTurtle,period:94dc307a169a4236f643,2020-02-15 21:33:19+00:00,,,QUALIFIED_LABEL_ONLY
WildTurtle,period:90cc39f891e2dbcab3ef,2020-02-22 21:37:14+00:00,,,QUALIFIED_LABEL_ONLY
WildTurtle,period:cb03c621696fc2e91764,2020-02-29 21:26:53+00:00,,,QUALIFIED_LABEL_ONLY
WildTurtle,period:14606e5066005561df07,2020-03-07 21:40:12+00:00,,,QUALIFIED_LABEL_ONLY
WildTurtle,period:b2e2840d56c789b5030c,2020-03-21 20:18:48+00:00,,,QUALIFIED_LABEL_ONLY
WildTurtle,period:666de7dcc2eb91211639,2020-03-28 20:29:42+00:00,,,QUALIFIED_LABEL_ONLY
WildTurtle,period:5a2658b56ec5d5c6a04d,2020-04-04 19:44:42+00:00,,,QUALIFIED_LABEL_ONLY
WildTurtle,period:be73ead0e53874776373,2020-04-18 19:37:34+00:00,,,QUALIFIED_LABEL_ONLY
WildTurtle,period:1970df0ebd4246c6ea3b,2020-06-13 00:40:51+00:00,,,QUALIFIED_LABEL_ONLY
WildTurtle,period:2d69b4a154591d5cca77,2020-07-18 00:30:49+00:00,,,QUALIFIED_LABEL_ONLY
WildTurtle,period:fe3df3b5886d9a4a5234,2020-07-25 00:38:07+00:00,,,QUALIFIED_LABEL_ONLY
WildTurtle,period:3e89f4975798019beec8,2020-08-01 00:35:44+00:00,,,QUALIFIED_LABEL_ONLY
WildTurtle,period:9cfbd3e5ecdd20626eed,2020-08-08 00:43:41+00:00,,,QUALIFIED_LABEL_ONLY
WildTurtle,period:0836494c11a0b381c084,2020-08-13 19:38:23+00:00,,,QUALIFIED_LABEL_ONLY
WildTurtle,period:38cb400566e2a3aee1c8,2020-08-20 19:31:44+00:00,,,QUALIFIED_LABEL_ONLY
WildTurtle,period:53a986e97c4e64053db8,2020-08-29 19:32:38+00:00,,,QUALIFIED_LABEL_ONLY
WildTurtle,period:c131bd9da535908c94f0,2020-09-05 19:31:41+00:00,,,QUALIFIED_LABEL_ONLY
WildTurtle,period:fcb777e33a04482e7bfb,2021-01-15 23:10:17+00:00,,,QUALIFIED_LABEL_ONLY
WildTurtle,period:7c66db573c65177b96bf,2021-02-05 22:24:44+00:00,,,QUALIFIED_LABEL_ONLY
WildTurtle,period:19d1212ec047ea2c2e1c,2021-02-12 22:29:59+00:00,,,QUALIFIED_LABEL_ONLY
WildTurtle,period:577ed5ecd652eb981e79,2021-02-19 22:21:31+00:00,,,QUALIFIED_LABEL_ONLY
WildTurtle,period:3482fd65afd711052651,2021-02-26 22:23:25+00:00,,,QUALIFIED_LABEL_ONLY
WildTurtle,period:433079f36e14953ffe3e,2021-03-05 22:15:28+00:00,,,QUALIFIED_LABEL_ONLY
WildTurtle,period:2eea81e5fabdc42a729f,2021-03-12 22:24:45+00:00,,,QUALIFIED_LABEL_ONLY
WildTurtle,period:debddf61a872640eadfb,2021-06-04 22:02:02+00:00,,,QUALIFIED_LABEL_ONLY
WildTurtle,period:24ddb9953986c3386cb5,2021-06-11 21:37:50+00:00,,,QUALIFIED_LABEL_ONLY
WildTurtle,period:111e9dfa6ccd70cbab3b,2021-06-18 21:02:38+00:00,,,QUALIFIED_LABEL_ONLY
WildTurtle,period:32c02d32a3c87111d752,2021-06-25 21:33:16+00:00,,,QUALIFIED_LABEL_ONLY
WildTurtle,period:4f8f85e36ba842416702,2021-07-02 21:10:28+00:00,,,QUALIFIED_LABEL_ONLY
WildTurtle,period:490dcd8b072f0c76bfcd,2021-07-09 21:35:31+00:00,,,QUALIFIED_LABEL_ONLY
WildTurtle,period:5ede35b384e34b4e7cf7,2021-07-16 21:20:22+00:00,,,QUALIFIED_LABEL_ONLY
WildTurtle,period:5befa75590802ab7de54,2021-07-23 20:58:06+00:00,,,QUALIFIED_LABEL_ONLY
WildTurtle,period:afb91f11a5c9c66cc35b,2021-07-30 21:12:55+00:00,,,QUALIFIED_LABEL_ONLY
WildTurtle,period:3921ed3cc984afb56c50,2022-01-14 21:26:31+00:00,,,QUALIFIED_LABEL_ONLY
WildTurtle,period:ea5caa919fbd4b75da18,2022-01-21 21:45:47+00:00,,,QUALIFIED_LABEL_ONLY
WildTurtle,period:5a26c3b6318c7b633520,2022-02-05 20:33:18+00:00,,,QUALIFIED_LABEL_ONLY
WildTurtle,period:44168f74464b99791ba3,2022-02-12 20:53:38+00:00,,,QUALIFIED_LABEL_ONLY
WildTurtle,period:466f661effb9208a840b,2022-02-19 20:54:27+00:00,,,QUALIFIED_LABEL_ONLY
WildTurtle,period:4138ca482beb4344e9ad,2022-02-25 22:37:00+00:00,,,QUALIFIED_LABEL_ONLY
WildTurtle,period:2543e9e0dda5edca0977,2022-03-25 20:43:57+00:00,,,QUALIFIED_LABEL_ONLY
WildTurtle,period:83278694723ba910058b,2023-03-02 22:08:20+00:00,,,QUALIFIED_LABEL_ONLY
WildTurtle,period:402a134be7abbe005149,2023-03-09 22:22:41+00:00,,,QUALIFIED_LABEL_ONLY
WildTurtle,period:8d9d5d3f36e034ced562,2023-03-15 21:07:53+00:00,,,QUALIFIED_LABEL_ONLY
WildTurtle,period:3943367d2ce567a9fae3,2023-06-14 21:13:03+00:00,,,QUALIFIED_LABEL_ONLY
WildTurtle,period:f2ee99995367bf0fc030,2023-06-21 21:07:31+00:00,,,QUALIFIED_LABEL_ONLY
WildTurtle,period:c790283b449e6bb25672,2023-06-28 21:06:50+00:00,,,QUALIFIED_LABEL_ONLY
WildTurtle,period:ff185424af4133395119,2023-07-05 21:05:49+00:00,,,QUALIFIED_LABEL_ONLY
WildTurtle,period:36cf05276a8bbe55409a,2023-07-12 21:06:58+00:00,,,QUALIFIED_LABEL_ONLY
WildTurtle,period:dd1399a0cf2f56138daa,2023-07-19 21:07:18+00:00,,,QUALIFIED_LABEL_ONLY
WildTurtle,period:67a5ff4d5b051b402092,2023-07-27 21:07:41+00:00,,,QUALIFIED_LABEL_ONLY
WildTurtle,period:4520b87081b51698489a,2023-08-03 21:07:08+00:00,,,QUALIFIED_LABEL_ONLY
WildTurtle,period:27c11f42e65c97b901b8,2024-01-20 20:15:01+00:00,,,QUALIFIED_LABEL_ONLY
Wind,period:14606e5066005561df07,2020-03-07 21:40:12+00:00,,,QUALIFIED_LABEL_ONLY
Winsome,period:5a26c3b6318c7b633520,2022-02-05 20:33:18+00:00,,,QUALIFIED_LABEL_ONLY
Winsome,period:44168f74464b99791ba3,2022-02-12 20:53:38+00:00,,,QUALIFIED_LABEL_ONLY
Winsome,period:466f661effb9208a840b,2022-02-19 20:54:27+00:00,,,QUALIFIED_LABEL_ONLY
Winsome,period:4138ca482beb4344e9ad,2022-02-25 22:37:00+00:00,,,QUALIFIED_LABEL_ONLY
Winsome,period:7a928b9ecc895d38667e,2022-03-05 21:01:58+00:00,,,QUALIFIED_LABEL_ONLY
Winsome,period:bfbcb255cff7d2c3894f,2022-03-12 21:07:29+00:00,,,QUALIFIED_LABEL_ONLY
Winsome,period:9a704a25f780f56ebe1b,2022-03-19 19:32:42+00:00,,,QUALIFIED_LABEL_ONLY
Winsome,period:2543e9e0dda5edca0977,2022-03-25 20:43:57+00:00,,,QUALIFIED_LABEL_ONLY
Winsome,period:95c58b937c0fcc3e92b9,2022-04-02 20:00:26+00:00,,,QUALIFIED_LABEL_ONLY
Winsome,period:452655f2bc33b5b76085,2023-01-26 22:16:48+00:00,,,QUALIFIED_LABEL_ONLY
Winsome,period:9ad2bd3e76204c678ee3,2023-02-02 22:06:55+00:00,,,QUALIFIED_LABEL_ONLY
Winsome,period:5193f604ed2f15e301e1,2023-02-09 22:07:17+00:00,,,QUALIFIED_LABEL_ONLY
Winsome,period:2b3de7782bdf56dc82d0,2023-02-15 22:07:50+00:00,,,QUALIFIED_LABEL_ONLY
Winsome,period:f52e10acfa6d747a4c9d,2023-04-08 20:17:16+00:00,,,QUALIFIED_LABEL_ONLY
Xerxe,period:7c66db573c65177b96bf,2021-02-05 22:24:44+00:00,,,QUALIFIED_LABEL_ONLY
Xerxe,period:19d1212ec047ea2c2e1c,2021-02-12 22:29:59+00:00,,,QUALIFIED_LABEL_ONLY
Xerxe,period:577ed5ecd652eb981e79,2021-02-19 22:21:31+00:00,,,QUALIFIED_LABEL_ONLY
Xerxe,period:3482fd65afd711052651,2021-02-26 22:23:25+00:00,,,QUALIFIED_LABEL_ONLY
Xerxe,period:433079f36e14953ffe3e,2021-03-05 22:15:28+00:00,,,QUALIFIED_LABEL_ONLY
Xerxe,period:2eea81e5fabdc42a729f,2021-03-12 22:24:45+00:00,,,QUALIFIED_LABEL_ONLY
Xerxe,period:debddf61a872640eadfb,2021-06-04 22:02:02+00:00,,,QUALIFIED_LABEL_ONLY
Xerxe,period:24ddb9953986c3386cb5,2021-06-11 21:37:50+00:00,,,QUALIFIED_LABEL_ONLY
Xerxe,period:111e9dfa6ccd70cbab3b,2021-06-18 21:02:38+00:00,,,QUALIFIED_LABEL_ONLY
Xerxe,period:32c02d32a3c87111d752,2021-06-25 21:33:16+00:00,,,QUALIFIED_LABEL_ONLY
Xerxe,period:4f8f85e36ba842416702,2021-07-02 21:10:28+00:00,,,QUALIFIED_LABEL_ONLY
Xerxe,period:490dcd8b072f0c76bfcd,2021-07-09 21:35:31+00:00,,,QUALIFIED_LABEL_ONLY
Xerxe,period:5ede35b384e34b4e7cf7,2021-07-16 21:20:22+00:00,,,QUALIFIED_LABEL_ONLY
Xerxe,period:5befa75590802ab7de54,2021-07-23 20:58:06+00:00,,,QUALIFIED_LABEL_ONLY
Xerxe,period:afb91f11a5c9c66cc35b,2021-07-30 21:12:55+00:00,,,QUALIFIED_LABEL_ONLY
Xerxe,period:3951db25bbaff1ec59cd,2021-08-12 21:13:39+00:00,,,QUALIFIED_LABEL_ONLY
Xerxe,period:7c5e83ab4c6a7ca8c86a,2021-08-19 21:11:40+00:00,,,QUALIFIED_LABEL_ONLY
Xerxe,period:3921ed3cc984afb56c50,2022-01-14 21:26:31+00:00,,,QUALIFIED_LABEL_ONLY
Xerxe,period:ea5caa919fbd4b75da18,2022-01-21 21:45:47+00:00,,,QUALIFIED_LABEL_ONLY
Xerxe,period:5a26c3b6318c7b633520,2022-02-05 20:33:18+00:00,,,QUALIFIED_LABEL_ONLY
Xerxe,period:44168f74464b99791ba3,2022-02-12 20:53:38+00:00,,,QUALIFIED_LABEL_ONLY
Xerxe,period:466f661effb9208a840b,2022-02-19 20:54:27+00:00,,,QUALIFIED_LABEL_ONLY
Xerxe,period:4138ca482beb4344e9ad,2022-02-25 22:37:00+00:00,,,QUALIFIED_LABEL_ONLY
Xerxe,period:7a928b9ecc895d38667e,2022-03-05 21:01:58+00:00,,,QUALIFIED_LABEL_ONLY
Xerxe,period:bfbcb255cff7d2c3894f,2022-03-12 21:07:29+00:00,,,QUALIFIED_LABEL_ONLY
Xerxe,period:9a704a25f780f56ebe1b,2022-03-19 19:32:42+00:00,,,QUALIFIED_LABEL_ONLY
Xerxe,period:2543e9e0dda5edca0977,2022-03-25 20:43:57+00:00,,,QUALIFIED_LABEL_ONLY
Xmithie,period:01bed218199c5fc6a295,2020-01-25 21:37:53+00:00,,,QUALIFIED_LABEL_ONLY
Xmithie,period:18c306f73901eb8e548e,2020-02-01 21:36:35+00:00,,,QUALIFIED_LABEL_ONLY
Xmithie,period:bd2e80371da37619c695,2020-02-08 21:30:18+00:00,,,QUALIFIED_LABEL_ONLY
Xmithie,period:94dc307a169a4236f643,2020-02-15 21:33:19+00:00,,,QUALIFIED_LABEL_ONLY
Xmithie,period:90cc39f891e2dbcab3ef,2020-02-22 21:37:14+00:00,,,QUALIFIED_LABEL_ONLY
Xmithie,period:cb03c621696fc2e91764,2020-02-29 21:26:53+00:00,,,QUALIFIED_LABEL_ONLY
Xmithie,period:14606e5066005561df07,2020-03-07 21:40:12+00:00,,,QUALIFIED_LABEL_ONLY
Xmithie,period:b2e2840d56c789b5030c,2020-03-21 20:18:48+00:00,,,QUALIFIED_LABEL_ONLY
Xmithie,period:666de7dcc2eb91211639,2020-03-28 20:29:42+00:00,,,QUALIFIED_LABEL_ONLY
Xmithie,period:642a5bb7deff76d164b5,2020-06-27 00:39:52+00:00,,,QUALIFIED_LABEL_ONLY
Xmithie,period:7813fa8e90f59320de07,2020-07-04 00:21:06+00:00,,,QUALIFIED_LABEL_ONLY
Xmithie,period:1e2c5a7144cf9a8bc308,2020-07-11 00:50:27+00:00,,,QUALIFIED_LABEL_ONLY
Xmithie,period:2d69b4a154591d5cca77,2020-07-18 00:30:49+00:00,,,QUALIFIED_LABEL_ONLY
Xmithie,period:fe3df3b5886d9a4a5234,2020-07-25 00:38:07+00:00,,,QUALIFIED_LABEL_ONLY
Xmithie,period:3e89f4975798019beec8,2020-08-01 00:35:44+00:00,,,QUALIFIED_LABEL_ONLY
Xmithie,period:9cfbd3e5ecdd20626eed,2020-08-08 00:43:41+00:00,,,QUALIFIED_LABEL_ONLY
Yeon,period:3921ed3cc984afb56c50,2022-01-14 21:26:31+00:00,,,QUALIFIED_LABEL_ONLY
Yeon,period:ea5caa919fbd4b75da18,2022-01-21 21:45:47+00:00,,,QUALIFIED_LABEL_ONLY
Yeon,period:452655f2bc33b5b76085,2023-01-26 22:16:48+00:00,,,QUALIFIED_LABEL_ONLY
Yeon,period:9ad2bd3e76204c678ee3,2023-02-02 22:06:55+00:00,,,QUALIFIED_LABEL_ONLY
Yeon,period:5193f604ed2f15e301e1,2023-02-09 22:07:17+00:00,,,QUALIFIED_LABEL_ONLY
Yeon,period:2b3de7782bdf56dc82d0,2023-02-15 22:07:50+00:00,,,QUALIFIED_LABEL_ONLY
Yeon,period:36d3f31311f21e914d55,2023-02-23 22:06:52+00:00,,,QUALIFIED_LABEL_ONLY
Yeon,period:83278694723ba910058b,2023-03-02 22:08:20+00:00,,,QUALIFIED_LABEL_ONLY
Yeon,period:402a134be7abbe005149,2023-03-09 22:22:41+00:00,,,QUALIFIED_LABEL_ONLY
Yeon,period:8d9d5d3f36e034ced562,2023-03-15 21:07:53+00:00,,,QUALIFIED_LABEL_ONLY
Yeon,period:3943367d2ce567a9fae3,2023-06-14 21:13:03+00:00,,,QUALIFIED_LABEL_ONLY
Yeon,period:f2ee99995367bf0fc030,2023-06-21 21:07:31+00:00,,,QUALIFIED_LABEL_ONLY
Yeon,period:c790283b449e6bb25672,2023-06-28 21:06:50+00:00,,,QUALIFIED_LABEL_ONLY
Yeon,period:ff185424af4133395119,2023-07-05 21:05:49+00:00,,,QUALIFIED_LABEL_ONLY
Yeon,period:36cf05276a8bbe55409a,2023-07-12 21:06:58+00:00,,,QUALIFIED_LABEL_ONLY
Yeon,period:dd1399a0cf2f56138daa,2023-07-19 21:07:18+00:00,,,QUALIFIED_LABEL_ONLY
Yeon,period:67a5ff4d5b051b402092,2023-07-27 21:07:41+00:00,,,QUALIFIED_LABEL_ONLY
Yeon,period:4520b87081b51698489a,2023-08-03 21:07:08+00:00,,,QUALIFIED_LABEL_ONLY
Yeon,period:a7fd1e72d2ba831ccc8d,2023-08-10 21:10:37+00:00,,,QUALIFIED_LABEL_ONLY
Yeon,period:c21bdc9dc5e7a7f7922d,2023-08-19 20:18:53+00:00,,,QUALIFIED_LABEL_ONLY
Yeon,period:27c11f42e65c97b901b8,2024-01-20 20:15:01+00:00,,,QUALIFIED_LABEL_ONLY
Yeon,period:ab546300266e49331659,2024-01-27 20:15:48+00:00,,,QUALIFIED_LABEL_ONLY
Yeon,period:f82eb58c594ccc349383,2024-02-02 21:12:22+00:00,,,QUALIFIED_LABEL_ONLY
Yeon,period:06566a2ea584fecf6c15,2024-02-10 21:07:54+00:00,,,QUALIFIED_LABEL_ONLY
Yeon,period:789a06731adc1e0c8798,2024-03-02 21:07:29+00:00,,,QUALIFIED_LABEL_ONLY
Yeon,period:a0f9da327c11cf3cc717,2024-03-08 21:07:46+00:00,,,QUALIFIED_LABEL_ONLY
Yeon,period:448a8f91622619afdbe7,2024-03-14 20:08:02+00:00,,,QUALIFIED_LABEL_ONLY
Yeon,period:18a8b98d7b5d7f0b7105,2024-03-22 20:08:04+00:00,,,QUALIFIED_LABEL_ONLY
Yeon,period:0c3bfca85acd014e625d,2024-03-30 20:22:30+00:00,,,QUALIFIED_LABEL_ONLY
Yeon,period:697d8a8453920f1ff1c8,2024-06-15 20:11:50+00:00,,,QUALIFIED_LABEL_ONLY
Yeon,period:ea10f8bb7f189dc4197a,2024-06-22 20:11:50+00:00,,,QUALIFIED_LABEL_ONLY
Yeon,period:fb51ebc6418ce68c46c6,2024-06-27 20:07:21+00:00,,,QUALIFIED_LABEL_ONLY
Yeon,period:0f3dd675ff7b55987f43,2024-07-20 20:10:15+00:00,,,QUALIFIED_LABEL_ONLY
Yeon,period:29c7eddc03e68fe96070,2024-07-27 20:09:19+00:00,,,QUALIFIED_LABEL_ONLY
Yeon,period:03ffd32cfddfafb63d73,2024-08-03 20:08:15+00:00,,,QUALIFIED_LABEL_ONLY
Yeon,period:cdd6b3ae49979eef3d9f,2024-08-10 20:07:50+00:00,,,QUALIFIED_LABEL_ONLY
Yeon,period:c0a1c4ffff2a32aacb10,2024-08-23 20:07:51+00:00,,,QUALIFIED_LABEL_ONLY
Yeon,period:3685f26c9338932445a9,2024-08-30 20:08:40+00:00,,,QUALIFIED_LABEL_ONLY
Yeon,period:77186dc9e4b5f1acc2df,2024-09-06 20:13:13+00:00,,,QUALIFIED_LABEL_ONLY
Yeon,period:ee078790277fa6a5a0ce,2025-01-25 21:14:31+00:00,,,QUALIFIED_LABEL_ONLY
Yeon,period:b08144b94745feadc04c,2025-02-01 21:06:58+00:00,,,QUALIFIED_LABEL_ONLY
Yeon,period:bcc5730448bc2219d32a,2025-02-09 21:07:49+00:00,,,QUALIFIED_LABEL_ONLY
Yeon,period:5a5260defef5072643d0,2025-04-05 20:14:15+00:00,,,QUALIFIED_LABEL_ONLY
Yeon,period:fb622d9f67b0d1bacd81,2025-04-12 20:06:56+00:00,,,QUALIFIED_LABEL_ONLY
Yeon,period:ab17bbbf5d12cdddc770,2025-04-19 20:08:34+00:00,,,QUALIFIED_LABEL_ONLY
Yeon,period:0bd7b62868a6e6fa9a6d,2025-04-26 20:08:33+00:00,,,QUALIFIED_LABEL_ONLY
Yeon,period:f91ca0f544586fb72c4d,2025-05-03 20:08:26+00:00,,,QUALIFIED_LABEL_ONLY
Yeon,period:92eb584d41521b4a115a,2025-05-10 20:09:23+00:00,,,QUALIFIED_LABEL_ONLY
Yeon,period:42a66f8e41011df34073,2025-05-17 20:08:05+00:00,,,QUALIFIED_LABEL_ONLY
Yeon,period:769a792cb95be4e074fc,2025-05-24 20:07:34+00:00,,,QUALIFIED_LABEL_ONLY
Yeon,period:540a575a08edacdeb808,2025-05-31 20:08:28+00:00,,,QUALIFIED_LABEL_ONLY
Yeon,period:b6b241bcd2df026a0c10,2025-06-07 20:06:56+00:00,,,QUALIFIED_LABEL_ONLY
Yeon,period:f92170f131413923b84c,2025-07-26 20:10:23+00:00,,,QUALIFIED_LABEL_ONLY
Yeon,period:c7231b512ce5dfec31cf,2025-08-02 20:08:18+00:00,,,QUALIFIED_LABEL_ONLY
Yeon,period:c139a580fc7ad181ea33,2025-08-09 20:06:58+00:00,,,QUALIFIED_LABEL_ONLY
Yeon,period:9d2506f6d55754824303,2025-08-16 20:06:27+00:00,,,QUALIFIED_LABEL_ONLY
Yeon,period:1ffa4e947c2611f80c97,2025-08-29 20:06:10+00:00,,,QUALIFIED_LABEL_ONLY
Yeon,period:28d589eedfce312e1ad3,2026-01-24 21:24:34+00:00,,,QUALIFIED_LABEL_ONLY
Yeon,period:70fac0200d695853ccdc,2026-01-31 21:07:01+00:00,,,QUALIFIED_LABEL_ONLY
Yeon,period:640bff8c4b7983edf208,2026-02-02 00:35:19+00:00,,,QUALIFIED_LABEL_ONLY
Yeon,period:b2e5a5987eefaa30eea2,2026-02-07 21:11:32+00:00,,,QUALIFIED_LABEL_ONLY
Yeon,period:9c6a0a6efb8480316e54,2026-02-09 00:51:15+00:00,,,QUALIFIED_LABEL_ONLY
Yeon,period:d52af7b72997e89c8ea6,2026-02-20 21:09:00+00:00,,,QUALIFIED_LABEL_ONLY
Yeon,period:b628e8f047ec274b8698,2026-02-27 21:09:38+00:00,,,QUALIFIED_LABEL_ONLY
Yeon,period:74efed7e4a28a304cc30,2026-04-04 20:17:46+00:00,,,QUALIFIED_LABEL_ONLY
Yeon,period:fc48b32f725285a09f66,2026-04-11 20:08:26+00:00,,,QUALIFIED_LABEL_ONLY
Yeon,period:9ad9f360f988761d91c1,2026-04-18 20:07:45+00:00,,,QUALIFIED_LABEL_ONLY
Yeon,period:b0a60cf2f3d3558f5e56,2026-04-25 20:09:02+00:00,,,QUALIFIED_LABEL_ONLY
Yeon,period:0a890f671f8ce6bbde59,2026-05-02 20:10:20+00:00,,,QUALIFIED_LABEL_ONLY
Yeon,period:bca1e648a46734294b57,2026-05-09 20:08:09+00:00,,,QUALIFIED_LABEL_ONLY
Yeon,period:1c76ac6866aa6a71a894,2026-05-16 20:08:36+00:00,,,QUALIFIED_LABEL_ONLY
Yeon,period:2ba54fbdb1ed8ce5723d,2026-05-23 20:10:31+00:00,,,QUALIFIED_LABEL_ONLY
Yeon,period:646c3784493968152598,2026-05-30 20:10:37+00:00,,,QUALIFIED_LABEL_ONLY
Yeon,period:76aa7cb585d2505649ba,2026-06-06 20:09:49+00:00,,,QUALIFIED_LABEL_ONLY
Yeon,period:2a0b31a43b9b5e794a24,2026-06-13 20:14:55+00:00,,,QUALIFIED_LABEL_ONLY
Yeon,period:5afe139f56d9c0db8f2d,2026-07-25 20:13:30+00:00,,,QUALIFIED_LABEL_ONLY
Young,period:452655f2bc33b5b76085,2023-01-26 22:16:48+00:00,,,QUALIFIED_LABEL_ONLY
Yursan,period:3921ed3cc984afb56c50,2022-01-14 21:26:31+00:00,,,QUALIFIED_LABEL_ONLY
Yursan,period:ea5caa919fbd4b75da18,2022-01-21 21:45:47+00:00,,,QUALIFIED_LABEL_ONLY
Yursan,period:466f661effb9208a840b,2022-02-19 20:54:27+00:00,,,QUALIFIED_LABEL_ONLY
Yursan,period:4138ca482beb4344e9ad,2022-02-25 22:37:00+00:00,,,QUALIFIED_LABEL_ONLY
Yusui,period:24ddb9953986c3386cb5,2021-06-11 21:37:50+00:00,,,QUALIFIED_LABEL_ONLY
Yusui,period:111e9dfa6ccd70cbab3b,2021-06-18 21:02:38+00:00,,,QUALIFIED_LABEL_ONLY
Yusui,period:32c02d32a3c87111d752,2021-06-25 21:33:16+00:00,,,QUALIFIED_LABEL_ONLY
Yusui,period:4f8f85e36ba842416702,2021-07-02 21:10:28+00:00,,,QUALIFIED_LABEL_ONLY
Yusui,period:490dcd8b072f0c76bfcd,2021-07-09 21:35:31+00:00,,,QUALIFIED_LABEL_ONLY
Yusui,period:5ede35b384e34b4e7cf7,2021-07-16 21:20:22+00:00,,,QUALIFIED_LABEL_ONLY
Yusui,period:5befa75590802ab7de54,2021-07-23 20:58:06+00:00,,,QUALIFIED_LABEL_ONLY
Yusui,period:afb91f11a5c9c66cc35b,2021-07-30 21:12:55+00:00,,,QUALIFIED_LABEL_ONLY
Yusui,period:a8f8fd7e2f96bbacb87c,2021-08-07 20:23:28+00:00,,,QUALIFIED_LABEL_ONLY
Yusui,period:3951db25bbaff1ec59cd,2021-08-12 21:13:39+00:00,,,QUALIFIED_LABEL_ONLY
Yuuji,period:42a66f8e41011df34073,2025-05-17 20:08:05+00:00,,,QUALIFIED_LABEL_ONLY
Yuuji,period:769a792cb95be4e074fc,2025-05-24 20:07:34+00:00,,,QUALIFIED_LABEL_ONLY
Yuuji,period:540a575a08edacdeb808,2025-05-31 20:08:28+00:00,,,QUALIFIED_LABEL_ONLY
Yuuji,period:b6b241bcd2df026a0c10,2025-06-07 20:06:56+00:00,,,QUALIFIED_LABEL_ONLY
Yuuji,period:f92170f131413923b84c,2025-07-26 20:10:23+00:00,,,QUALIFIED_LABEL_ONLY
Yuuji,period:c7231b512ce5dfec31cf,2025-08-02 20:08:18+00:00,,,QUALIFIED_LABEL_ONLY
Yuuji,period:c139a580fc7ad181ea33,2025-08-09 20:06:58+00:00,,,QUALIFIED_LABEL_ONLY
Yuuji,period:9d2506f6d55754824303,2025-08-16 20:06:27+00:00,,,QUALIFIED_LABEL_ONLY
Yuuji,period:1ffa4e947c2611f80c97,2025-08-29 20:06:10+00:00,,,QUALIFIED_LABEL_ONLY
Zeyzal,period:01bed218199c5fc6a295,2020-01-25 21:37:53+00:00,,,QUALIFIED_LABEL_ONLY
Zeyzal,period:18c306f73901eb8e548e,2020-02-01 21:36:35+00:00,,,QUALIFIED_LABEL_ONLY
Zeyzal,period:bd2e80371da37619c695,2020-02-08 21:30:18+00:00,,,QUALIFIED_LABEL_ONLY
Zeyzal,period:94dc307a169a4236f643,2020-02-15 21:33:19+00:00,,,QUALIFIED_LABEL_ONLY
Zeyzal,period:90cc39f891e2dbcab3ef,2020-02-22 21:37:14+00:00,,,QUALIFIED_LABEL_ONLY
Zeyzal,period:cb03c621696fc2e91764,2020-02-29 21:26:53+00:00,,,QUALIFIED_LABEL_ONLY
Zeyzal,period:14606e5066005561df07,2020-03-07 21:40:12+00:00,,,QUALIFIED_LABEL_ONLY
Zeyzal,period:b2e2840d56c789b5030c,2020-03-21 20:18:48+00:00,,,QUALIFIED_LABEL_ONLY
Zeyzal,period:666de7dcc2eb91211639,2020-03-28 20:29:42+00:00,,,QUALIFIED_LABEL_ONLY
Zeyzal,period:5a2658b56ec5d5c6a04d,2020-04-04 19:44:42+00:00,,,QUALIFIED_LABEL_ONLY
Zeyzal,period:be73ead0e53874776373,2020-04-18 19:37:34+00:00,,,QUALIFIED_LABEL_ONLY
Zeyzal,period:1970df0ebd4246c6ea3b,2020-06-13 00:40:51+00:00,,,QUALIFIED_LABEL_ONLY
Zeyzal,period:3968b01a861a52d381a8,2020-06-20 00:31:26+00:00,,,QUALIFIED_LABEL_ONLY
Zeyzal,period:642a5bb7deff76d164b5,2020-06-27 00:39:52+00:00,,,QUALIFIED_LABEL_ONLY
Zeyzal,period:7813fa8e90f59320de07,2020-07-04 00:21:06+00:00,,,QUALIFIED_LABEL_ONLY
Zeyzal,period:1e2c5a7144cf9a8bc308,2020-07-11 00:50:27+00:00,,,QUALIFIED_LABEL_ONLY
Zeyzal,period:2d69b4a154591d5cca77,2020-07-18 00:30:49+00:00,,,QUALIFIED_LABEL_ONLY
Zeyzal,period:fe3df3b5886d9a4a5234,2020-07-25 00:38:07+00:00,,,QUALIFIED_LABEL_ONLY
Zeyzal,period:3e89f4975798019beec8,2020-08-01 00:35:44+00:00,,,QUALIFIED_LABEL_ONLY
Zeyzal,period:9cfbd3e5ecdd20626eed,2020-08-08 00:43:41+00:00,,,QUALIFIED_LABEL_ONLY
Zeyzal,period:0836494c11a0b381c084,2020-08-13 19:38:23+00:00,,,QUALIFIED_LABEL_ONLY
Zeyzal,period:38cb400566e2a3aee1c8,2020-08-20 19:31:44+00:00,,,QUALIFIED_LABEL_ONLY
Zeyzal,period:27c11f42e65c97b901b8,2024-01-20 20:15:01+00:00,,,QUALIFIED_LABEL_ONLY
Zeyzal,period:ab546300266e49331659,2024-01-27 20:15:48+00:00,,,QUALIFIED_LABEL_ONLY
Zeyzal,period:f82eb58c594ccc349383,2024-02-02 21:12:22+00:00,,,QUALIFIED_LABEL_ONLY
Zeyzal,period:06566a2ea584fecf6c15,2024-02-10 21:07:54+00:00,,,QUALIFIED_LABEL_ONLY
Zeyzal,period:789a06731adc1e0c8798,2024-03-02 21:07:29+00:00,,,QUALIFIED_LABEL_ONLY
Zeyzal,period:a0f9da327c11cf3cc717,2024-03-08 21:07:46+00:00,,,QUALIFIED_LABEL_ONLY
Zeyzal,period:697d8a8453920f1ff1c8,2024-06-15 20:11:50+00:00,,,QUALIFIED_LABEL_ONLY
Zeyzal,period:ea10f8bb7f189dc4197a,2024-06-22 20:11:50+00:00,,,QUALIFIED_LABEL_ONLY
Zeyzal,period:fb51ebc6418ce68c46c6,2024-06-27 20:07:21+00:00,,,QUALIFIED_LABEL_ONLY
Zeyzal,period:0f3dd675ff7b55987f43,2024-07-20 20:10:15+00:00,,,QUALIFIED_LABEL_ONLY
Zeyzal,period:29c7eddc03e68fe96070,2024-07-27 20:09:19+00:00,,,QUALIFIED_LABEL_ONLY
Zeyzal,period:03ffd32cfddfafb63d73,2024-08-03 20:08:15+00:00,,,QUALIFIED_LABEL_ONLY
Zeyzal,period:cdd6b3ae49979eef3d9f,2024-08-10 20:07:50+00:00,,,QUALIFIED_LABEL_ONLY
Zeyzal,period:ee078790277fa6a5a0ce,2025-01-25 21:14:31+00:00,,,QUALIFIED_LABEL_ONLY
Zeyzal,period:b08144b94745feadc04c,2025-02-01 21:06:58+00:00,,,QUALIFIED_LABEL_ONLY
Zeyzal,period:bcc5730448bc2219d32a,2025-02-09 21:07:49+00:00,,,QUALIFIED_LABEL_ONLY
Zeyzal,period:5afe139f56d9c0db8f2d,2026-07-25 20:13:30+00:00,,,QUALIFIED_LABEL_ONLY
Zinie,period:28d589eedfce312e1ad3,2026-01-24 21:24:34+00:00,,,QUALIFIED_LABEL_ONLY
Zinie,period:70fac0200d695853ccdc,2026-01-31 21:07:01+00:00,,,QUALIFIED_LABEL_ONLY
Zinie,period:640bff8c4b7983edf208,2026-02-02 00:35:19+00:00,,,QUALIFIED_LABEL_ONLY
Zinie,period:b2e5a5987eefaa30eea2,2026-02-07 21:11:32+00:00,,,QUALIFIED_LABEL_ONLY
Zinie,period:74efed7e4a28a304cc30,2026-04-04 20:17:46+00:00,,,QUALIFIED_LABEL_ONLY
Zinie,period:fc48b32f725285a09f66,2026-04-11 20:08:26+00:00,,,QUALIFIED_LABEL_ONLY
Zinie,period:9ad9f360f988761d91c1,2026-04-18 20:07:45+00:00,,,QUALIFIED_LABEL_ONLY
Zinie,period:b0a60cf2f3d3558f5e56,2026-04-25 20:09:02+00:00,,,QUALIFIED_LABEL_ONLY
Zinie,period:0a890f671f8ce6bbde59,2026-05-02 20:10:20+00:00,,,QUALIFIED_LABEL_ONLY
Zinie,period:bca1e648a46734294b57,2026-05-09 20:08:09+00:00,,,QUALIFIED_LABEL_ONLY
Zinie,period:1c76ac6866aa6a71a894,2026-05-16 20:08:36+00:00,,,QUALIFIED_LABEL_ONLY
Zinie,period:646c3784493968152598,2026-05-30 20:10:37+00:00,,,QUALIFIED_LABEL_ONLY
Zinie,period:5afe139f56d9c0db8f2d,2026-07-25 20:13:30+00:00,,,QUALIFIED_LABEL_ONLY
Zven,period:01bed218199c5fc6a295,2020-01-25 21:37:53+00:00,,,QUALIFIED_LABEL_ONLY
Zven,period:18c306f73901eb8e548e,2020-02-01 21:36:35+00:00,,,QUALIFIED_LABEL_ONLY
Zven,period:bd2e80371da37619c695,2020-02-08 21:30:18+00:00,,,QUALIFIED_LABEL_ONLY
Zven,period:94dc307a169a4236f643,2020-02-15 21:33:19+00:00,,,QUALIFIED_LABEL_ONLY
Zven,period:90cc39f891e2dbcab3ef,2020-02-22 21:37:14+00:00,,,QUALIFIED_LABEL_ONLY
Zven,period:cb03c621696fc2e91764,2020-02-29 21:26:53+00:00,,,QUALIFIED_LABEL_ONLY
Zven,period:14606e5066005561df07,2020-03-07 21:40:12+00:00,,,QUALIFIED_LABEL_ONLY
Zven,period:b2e2840d56c789b5030c,2020-03-21 20:18:48+00:00,,,QUALIFIED_LABEL_ONLY
Zven,period:666de7dcc2eb91211639,2020-03-28 20:29:42+00:00,,,QUALIFIED_LABEL_ONLY
Zven,period:5a2658b56ec5d5c6a04d,2020-04-04 19:44:42+00:00,,,QUALIFIED_LABEL_ONLY
Zven,period:be73ead0e53874776373,2020-04-18 19:37:34+00:00,,,QUALIFIED_LABEL_ONLY
Zven,period:1970df0ebd4246c6ea3b,2020-06-13 00:40:51+00:00,,,QUALIFIED_LABEL_ONLY
Zven,period:3968b01a861a52d381a8,2020-06-20 00:31:26+00:00,,,QUALIFIED_LABEL_ONLY
Zven,period:642a5bb7deff76d164b5,2020-06-27 00:39:52+00:00,,,QUALIFIED_LABEL_ONLY
Zven,period:7813fa8e90f59320de07,2020-07-04 00:21:06+00:00,,,QUALIFIED_LABEL_ONLY
Zven,period:1e2c5a7144cf9a8bc308,2020-07-11 00:50:27+00:00,,,QUALIFIED_LABEL_ONLY
Zven,period:2d69b4a154591d5cca77,2020-07-18 00:30:49+00:00,,,QUALIFIED_LABEL_ONLY
Zven,period:fe3df3b5886d9a4a5234,2020-07-25 00:38:07+00:00,,,QUALIFIED_LABEL_ONLY
Zven,period:3e89f4975798019beec8,2020-08-01 00:35:44+00:00,,,QUALIFIED_LABEL_ONLY
Zven,period:9cfbd3e5ecdd20626eed,2020-08-08 00:43:41+00:00,,,QUALIFIED_LABEL_ONLY
Zven,period:38cb400566e2a3aee1c8,2020-08-20 19:31:44+00:00,,,QUALIFIED_LABEL_ONLY
Zven,period:53a986e97c4e64053db8,2020-08-29 19:32:38+00:00,,,QUALIFIED_LABEL_ONLY
Zven,period:fcb777e33a04482e7bfb,2021-01-15 23:10:17+00:00,,,QUALIFIED_LABEL_ONLY
Zven,period:2e302fc7c4bd7a4b3864,2021-01-22 22:29:56+00:00,,,QUALIFIED_LABEL_ONLY
Zven,period:9b9f3f2ec839feb3a947,2021-01-29 22:28:31+00:00,,,QUALIFIED_LABEL_ONLY
Zven,period:7c66db573c65177b96bf,2021-02-05 22:24:44+00:00,,,QUALIFIED_LABEL_ONLY
Zven,period:19d1212ec047ea2c2e1c,2021-02-12 22:29:59+00:00,,,QUALIFIED_LABEL_ONLY
Zven,period:577ed5ecd652eb981e79,2021-02-19 22:21:31+00:00,,,QUALIFIED_LABEL_ONLY
Zven,period:3482fd65afd711052651,2021-02-26 22:23:25+00:00,,,QUALIFIED_LABEL_ONLY
Zven,period:433079f36e14953ffe3e,2021-03-05 22:15:28+00:00,,,QUALIFIED_LABEL_ONLY
Zven,period:2eea81e5fabdc42a729f,2021-03-12 22:24:45+00:00,,,QUALIFIED_LABEL_ONLY
Zven,period:4a6e60b4d46361a99310,2021-03-20 19:21:03+00:00,,,QUALIFIED_LABEL_ONLY
Zven,period:8e2682918e14580d212b,2021-04-03 19:17:31+00:00,,,QUALIFIED_LABEL_ONLY
Zven,period:759dd00fd0d693b754cc,2021-04-10 19:41:22+00:00,,,QUALIFIED_LABEL_ONLY
Zven,period:32c02d32a3c87111d752,2021-06-25 21:33:16+00:00,,,QUALIFIED_LABEL_ONLY
Zven,period:4f8f85e36ba842416702,2021-07-02 21:10:28+00:00,,,QUALIFIED_LABEL_ONLY
Zven,period:490dcd8b072f0c76bfcd,2021-07-09 21:35:31+00:00,,,QUALIFIED_LABEL_ONLY
Zven,period:5ede35b384e34b4e7cf7,2021-07-16 21:20:22+00:00,,,QUALIFIED_LABEL_ONLY
Zven,period:5befa75590802ab7de54,2021-07-23 20:58:06+00:00,,,QUALIFIED_LABEL_ONLY
Zven,period:afb91f11a5c9c66cc35b,2021-07-30 21:12:55+00:00,,,QUALIFIED_LABEL_ONLY
Zven,period:a8f8fd7e2f96bbacb87c,2021-08-07 20:23:28+00:00,,,QUALIFIED_LABEL_ONLY
Zven,period:3951db25bbaff1ec59cd,2021-08-12 21:13:39+00:00,,,QUALIFIED_LABEL_ONLY
Zven,period:7c5e83ab4c6a7ca8c86a,2021-08-19 21:11:40+00:00,,,QUALIFIED_LABEL_ONLY
Zven,period:dbb9ba645ae8a19c6555,2021-08-28 19:41:05+00:00,,,QUALIFIED_LABEL_ONLY
Zven,period:3921ed3cc984afb56c50,2022-01-14 21:26:31+00:00,,,QUALIFIED_LABEL_ONLY
Zven,period:ea5caa919fbd4b75da18,2022-01-21 21:45:47+00:00,,,QUALIFIED_LABEL_ONLY
Zven,period:3b01aa4d9786587a33b3,2022-01-28 21:53:04+00:00,,,QUALIFIED_LABEL_ONLY
Zven,period:9098ed2cd53d3e50498b,2022-06-25 20:09:54+00:00,,,QUALIFIED_LABEL_ONLY
Zven,period:bd5d15bd6830501052ed,2022-07-02 20:14:47+00:00,,,QUALIFIED_LABEL_ONLY
Zven,period:a1385753e89a22ad7415,2022-07-16 20:31:00+00:00,,,QUALIFIED_LABEL_ONLY
Zven,period:d36d780bd6e08d095d27,2022-07-23 20:43:00+00:00,,,QUALIFIED_LABEL_ONLY
Zven,period:ab4c55f2271a097a29e2,2022-07-30 20:03:25+00:00,,,QUALIFIED_LABEL_ONLY
Zven,period:9310314000d1dccfe6ae,2022-08-06 20:08:43+00:00,,,QUALIFIED_LABEL_ONLY
Zven,period:e268d0eb9109f8185a29,2022-08-12 20:55:46+00:00,,,QUALIFIED_LABEL_ONLY
Zven,period:fcd21c282bb6eb984919,2022-08-20 19:32:26+00:00,,,QUALIFIED_LABEL_ONLY
Zven,period:f6ad6d70568c5aa4ddb9,2022-08-25 19:37:29+00:00,,,QUALIFIED_LABEL_ONLY
Zven,period:f14a4fb0f93da34e9201,2022-09-01 19:27:30+00:00,,,QUALIFIED_LABEL_ONLY
Zven,period:f4e76c51fd962159c780,2022-09-10 19:07:58+00:00,,,QUALIFIED_LABEL_ONLY
Zven,period:452655f2bc33b5b76085,2023-01-26 22:16:48+00:00,,,QUALIFIED_LABEL_ONLY
Zven,period:9ad2bd3e76204c678ee3,2023-02-02 22:06:55+00:00,,,QUALIFIED_LABEL_ONLY
Zven,period:5193f604ed2f15e301e1,2023-02-09 22:07:17+00:00,,,QUALIFIED_LABEL_ONLY
Zven,period:2b3de7782bdf56dc82d0,2023-02-15 22:07:50+00:00,,,QUALIFIED_LABEL_ONLY
Zven,period:36d3f31311f21e914d55,2023-02-23 22:06:52+00:00,,,QUALIFIED_LABEL_ONLY
Zven,period:83278694723ba910058b,2023-03-02 22:08:20+00:00,,,QUALIFIED_LABEL_ONLY
Zven,period:402a134be7abbe005149,2023-03-09 22:22:41+00:00,,,QUALIFIED_LABEL_ONLY
Zven,period:8d9d5d3f36e034ced562,2023-03-15 21:07:53+00:00,,,QUALIFIED_LABEL_ONLY
Zven,period:d990ac8b125022094901,2023-03-23 21:10:53+00:00,,,QUALIFIED_LABEL_ONLY
Zven,period:d33d87118e30f5daa86a,2023-03-30 21:09:21+00:00,,,QUALIFIED_LABEL_ONLY
Zven,period:f52e10acfa6d747a4c9d,2023-04-08 20:17:16+00:00,,,QUALIFIED_LABEL_ONLY
Zven,period:3943367d2ce567a9fae3,2023-06-14 21:13:03+00:00,,,QUALIFIED_LABEL_ONLY
Zven,period:f2ee99995367bf0fc030,2023-06-21 21:07:31+00:00,,,QUALIFIED_LABEL_ONLY
Zven,period:c790283b449e6bb25672,2023-06-28 21:06:50+00:00,,,QUALIFIED_LABEL_ONLY
Zven,period:ff185424af4133395119,2023-07-05 21:05:49+00:00,,,QUALIFIED_LABEL_ONLY
Zven,period:36cf05276a8bbe55409a,2023-07-12 21:06:58+00:00,,,QUALIFIED_LABEL_ONLY
Zven,period:dd1399a0cf2f56138daa,2023-07-19 21:07:18+00:00,,,QUALIFIED_LABEL_ONLY
Zven,period:4520b87081b51698489a,2023-08-03 21:07:08+00:00,,,QUALIFIED_LABEL_ONLY
Zven,period:a7fd1e72d2ba831ccc8d,2023-08-10 21:10:37+00:00,,,QUALIFIED_LABEL_ONLY
Zven,period:c21bdc9dc5e7a7f7922d,2023-08-19 20:18:53+00:00,,,QUALIFIED_LABEL_ONLY
Zven,period:697d8a8453920f1ff1c8,2024-06-15 20:11:50+00:00,,,QUALIFIED_LABEL_ONLY
Zven,period:ea10f8bb7f189dc4197a,2024-06-22 20:11:50+00:00,,,QUALIFIED_LABEL_ONLY
Zven,period:fb51ebc6418ce68c46c6,2024-06-27 20:07:21+00:00,,,QUALIFIED_LABEL_ONLY
Zven,period:0f3dd675ff7b55987f43,2024-07-20 20:10:15+00:00,,,QUALIFIED_LABEL_ONLY
Zven,period:29c7eddc03e68fe96070,2024-07-27 20:09:19+00:00,,,QUALIFIED_LABEL_ONLY
Zven,period:03ffd32cfddfafb63d73,2024-08-03 20:08:15+00:00,,,QUALIFIED_LABEL_ONLY
Zven,period:cdd6b3ae49979eef3d9f,2024-08-10 20:07:50+00:00,,,QUALIFIED_LABEL_ONLY
Zven,period:5218e82018c8910d187b,2024-08-17 20:07:21+00:00,,,QUALIFIED_LABEL_ONLY
Zven,period:c0a1c4ffff2a32aacb10,2024-08-23 20:07:51+00:00,,,QUALIFIED_LABEL_ONLY
Zven,period:3685f26c9338932445a9,2024-08-30 20:08:40+00:00,,,QUALIFIED_LABEL_ONLY
Zven,period:ee078790277fa6a5a0ce,2025-01-25 21:14:31+00:00,,,QUALIFIED_LABEL_ONLY
Zven,period:b08144b94745feadc04c,2025-02-01 21:06:58+00:00,,,QUALIFIED_LABEL_ONLY
Zven,period:5a5260defef5072643d0,2025-04-05 20:14:15+00:00,,,QUALIFIED_LABEL_ONLY
Zven,period:fb622d9f67b0d1bacd81,2025-04-12 20:06:56+00:00,,,QUALIFIED_LABEL_ONLY
Zven,period:ab17bbbf5d12cdddc770,2025-04-19 20:08:34+00:00,,,QUALIFIED_LABEL_ONLY
Zven,period:0bd7b62868a6e6fa9a6d,2025-04-26 20:08:33+00:00,,,QUALIFIED_LABEL_ONLY
Zven,period:f91ca0f544586fb72c4d,2025-05-03 20:08:26+00:00,,,QUALIFIED_LABEL_ONLY
Zven,period:92eb584d41521b4a115a,2025-05-10 20:09:23+00:00,,,QUALIFIED_LABEL_ONLY
Zven,period:42a66f8e41011df34073,2025-05-17 20:08:05+00:00,,,QUALIFIED_LABEL_ONLY
Zven,period:769a792cb95be4e074fc,2025-05-24 20:07:34+00:00,,,QUALIFIED_LABEL_ONLY
Zven,period:b6b241bcd2df026a0c10,2025-06-07 20:06:56+00:00,,,QUALIFIED_LABEL_ONLY
Zven,period:780234292186bbac5f9e,2025-06-14 20:12:24+00:00,,,QUALIFIED_LABEL_ONLY
Zven,period:f92170f131413923b84c,2025-07-26 20:10:23+00:00,,,QUALIFIED_LABEL_ONLY
Zven,period:c7231b512ce5dfec31cf,2025-08-02 20:08:18+00:00,,,QUALIFIED_LABEL_ONLY
Zven,period:c139a580fc7ad181ea33,2025-08-09 20:06:58+00:00,,,QUALIFIED_LABEL_ONLY
Zven,period:9d2506f6d55754824303,2025-08-16 20:06:27+00:00,,,QUALIFIED_LABEL_ONLY
Zven,period:1ffa4e947c2611f80c97,2025-08-29 20:06:10+00:00,,,QUALIFIED_LABEL_ONLY
Zven,period:717827b0ee213b1efab1,2025-09-05 20:05:46+00:00,,,QUALIFIED_LABEL_ONLY
Zven,period:28d589eedfce312e1ad3,2026-01-24 21:24:34+00:00,,,QUALIFIED_LABEL_ONLY
Zven,period:70fac0200d695853ccdc,2026-01-31 21:07:01+00:00,,,QUALIFIED_LABEL_ONLY
Zven,period:b2e5a5987eefaa30eea2,2026-02-07 21:11:32+00:00,,,QUALIFIED_LABEL_ONLY
Zven,period:9c6a0a6efb8480316e54,2026-02-09 00:51:15+00:00,,,QUALIFIED_LABEL_ONLY
Zven,period:0433ceb2175e1870c17a,2026-02-14 21:11:50+00:00,,,QUALIFIED_LABEL_ONLY
Zven,period:d52af7b72997e89c8ea6,2026-02-20 21:09:00+00:00,,,QUALIFIED_LABEL_ONLY
Zven,period:b628e8f047ec274b8698,2026-02-27 21:09:38+00:00,,,QUALIFIED_LABEL_ONLY
Zven,period:f1fd6343903a0462322e,2026-03-02 00:22:41+00:00,,,QUALIFIED_LABEL_ONLY
Zven,period:74efed7e4a28a304cc30,2026-04-04 20:17:46+00:00,,,QUALIFIED_LABEL_ONLY
Zven,period:fc48b32f725285a09f66,2026-04-11 20:08:26+00:00,,,QUALIFIED_LABEL_ONLY
Zven,period:9ad9f360f988761d91c1,2026-04-18 20:07:45+00:00,,,QUALIFIED_LABEL_ONLY
Zven,period:b0a60cf2f3d3558f5e56,2026-04-25 20:09:02+00:00,,,QUALIFIED_LABEL_ONLY
Zven,period:0a890f671f8ce6bbde59,2026-05-02 20:10:20+00:00,,,QUALIFIED_LABEL_ONLY
Zven,period:bca1e648a46734294b57,2026-05-09 20:08:09+00:00,,,QUALIFIED_LABEL_ONLY
Zven,period:1c76ac6866aa6a71a894,2026-05-16 20:08:36+00:00,,,QUALIFIED_LABEL_ONLY
Zven,period:2ba54fbdb1ed8ce5723d,2026-05-23 20:10:31+00:00,,,QUALIFIED_LABEL_ONLY
Zven,period:76aa7cb585d2505649ba,2026-06-06 20:09:49+00:00,,,QUALIFIED_LABEL_ONLY
Zven,period:2a0b31a43b9b5e794a24,2026-06-13 20:14:55+00:00,,,QUALIFIED_LABEL_ONLY
aphromoo,period:01bed218199c5fc6a295,2020-01-25 21:37:53+00:00,,,QUALIFIED_LABEL_ONLY
aphromoo,period:18c306f73901eb8e548e,2020-02-01 21:36:35+00:00,,,QUALIFIED_LABEL_ONLY
aphromoo,period:bd2e80371da37619c695,2020-02-08 21:30:18+00:00,,,QUALIFIED_LABEL_ONLY
aphromoo,period:94dc307a169a4236f643,2020-02-15 21:33:19+00:00,,,QUALIFIED_LABEL_ONLY
aphromoo,period:90cc39f891e2dbcab3ef,2020-02-22 21:37:14+00:00,,,QUALIFIED_LABEL_ONLY
aphromoo,period:cb03c621696fc2e91764,2020-02-29 21:26:53+00:00,,,QUALIFIED_LABEL_ONLY
aphromoo,period:14606e5066005561df07,2020-03-07 21:40:12+00:00,,,QUALIFIED_LABEL_ONLY
aphromoo,period:b2e2840d56c789b5030c,2020-03-21 20:18:48+00:00,,,QUALIFIED_LABEL_ONLY
aphromoo,period:666de7dcc2eb91211639,2020-03-28 20:29:42+00:00,,,QUALIFIED_LABEL_ONLY
aphromoo,period:1970df0ebd4246c6ea3b,2020-06-13 00:40:51+00:00,,,QUALIFIED_LABEL_ONLY
aphromoo,period:3968b01a861a52d381a8,2020-06-20 00:31:26+00:00,,,QUALIFIED_LABEL_ONLY
aphromoo,period:642a5bb7deff76d164b5,2020-06-27 00:39:52+00:00,,,QUALIFIED_LABEL_ONLY
aphromoo,period:7813fa8e90f59320de07,2020-07-04 00:21:06+00:00,,,QUALIFIED_LABEL_ONLY
aphromoo,period:1e2c5a7144cf9a8bc308,2020-07-11 00:50:27+00:00,,,QUALIFIED_LABEL_ONLY
aphromoo,period:2d69b4a154591d5cca77,2020-07-18 00:30:49+00:00,,,QUALIFIED_LABEL_ONLY
aphromoo,period:fe3df3b5886d9a4a5234,2020-07-25 00:38:07+00:00,,,QUALIFIED_LABEL_ONLY
aphromoo,period:3e89f4975798019beec8,2020-08-01 00:35:44+00:00,,,QUALIFIED_LABEL_ONLY
aphromoo,period:9cfbd3e5ecdd20626eed,2020-08-08 00:43:41+00:00,,,QUALIFIED_LABEL_ONLY
aphromoo,period:0836494c11a0b381c084,2020-08-13 19:38:23+00:00,,,QUALIFIED_LABEL_ONLY
aphromoo,period:fcb777e33a04482e7bfb,2021-01-15 23:10:17+00:00,,,QUALIFIED_LABEL_ONLY
aphromoo,period:2e302fc7c4bd7a4b3864,2021-01-22 22:29:56+00:00,,,QUALIFIED_LABEL_ONLY
aphromoo,period:7c66db573c65177b96bf,2021-02-05 22:24:44+00:00,,,QUALIFIED_LABEL_ONLY
aphromoo,period:19d1212ec047ea2c2e1c,2021-02-12 22:29:59+00:00,,,QUALIFIED_LABEL_ONLY
aphromoo,period:577ed5ecd652eb981e79,2021-02-19 22:21:31+00:00,,,QUALIFIED_LABEL_ONLY
aphromoo,period:3482fd65afd711052651,2021-02-26 22:23:25+00:00,,,QUALIFIED_LABEL_ONLY
aphromoo,period:433079f36e14953ffe3e,2021-03-05 22:15:28+00:00,,,QUALIFIED_LABEL_ONLY
aphromoo,period:2eea81e5fabdc42a729f,2021-03-12 22:24:45+00:00,,,QUALIFIED_LABEL_ONLY
aphromoo,period:22dfd57f1594beeba715,2021-03-27 19:16:36+00:00,,,QUALIFIED_LABEL_ONLY
aphromoo,period:debddf61a872640eadfb,2021-06-04 22:02:02+00:00,,,QUALIFIED_LABEL_ONLY
aphromoo,period:24ddb9953986c3386cb5,2021-06-11 21:37:50+00:00,,,QUALIFIED_LABEL_ONLY
aphromoo,period:111e9dfa6ccd70cbab3b,2021-06-18 21:02:38+00:00,,,QUALIFIED_LABEL_ONLY
aphromoo,period:32c02d32a3c87111d752,2021-06-25 21:33:16+00:00,,,QUALIFIED_LABEL_ONLY
aphromoo,period:4f8f85e36ba842416702,2021-07-02 21:10:28+00:00,,,QUALIFIED_LABEL_ONLY
aphromoo,period:490dcd8b072f0c76bfcd,2021-07-09 21:35:31+00:00,,,QUALIFIED_LABEL_ONLY
aphromoo,period:5ede35b384e34b4e7cf7,2021-07-16 21:20:22+00:00,,,QUALIFIED_LABEL_ONLY
aphromoo,period:5befa75590802ab7de54,2021-07-23 20:58:06+00:00,,,QUALIFIED_LABEL_ONLY
aphromoo,period:afb91f11a5c9c66cc35b,2021-07-30 21:12:55+00:00,,,QUALIFIED_LABEL_ONLY
aphromoo,period:a8f8fd7e2f96bbacb87c,2021-08-07 20:23:28+00:00,,,QUALIFIED_LABEL_ONLY
aphromoo,period:3951db25bbaff1ec59cd,2021-08-12 21:13:39+00:00,,,QUALIFIED_LABEL_ONLY
aphromoo,period:3921ed3cc984afb56c50,2022-01-14 21:26:31+00:00,,,QUALIFIED_LABEL_ONLY
aphromoo,period:ea5caa919fbd4b75da18,2022-01-21 21:45:47+00:00,,,QUALIFIED_LABEL_ONLY
aphromoo,period:5a26c3b6318c7b633520,2022-02-05 20:33:18+00:00,,,QUALIFIED_LABEL_ONLY
aphromoo,period:44168f74464b99791ba3,2022-02-12 20:53:38+00:00,,,QUALIFIED_LABEL_ONLY
aphromoo,period:466f661effb9208a840b,2022-02-19 20:54:27+00:00,,,QUALIFIED_LABEL_ONLY
aphromoo,period:4138ca482beb4344e9ad,2022-02-25 22:37:00+00:00,,,QUALIFIED_LABEL_ONLY
aphromoo,period:7a928b9ecc895d38667e,2022-03-05 21:01:58+00:00,,,QUALIFIED_LABEL_ONLY
aphromoo,period:bfbcb255cff7d2c3894f,2022-03-12 21:07:29+00:00,,,QUALIFIED_LABEL_ONLY
aphromoo,period:9a704a25f780f56ebe1b,2022-03-19 19:32:42+00:00,,,QUALIFIED_LABEL_ONLY
aphromoo,period:2543e9e0dda5edca0977,2022-03-25 20:43:57+00:00,,,QUALIFIED_LABEL_ONLY
aphromoo,period:feb156c0b7ef67e8a92a,2022-04-09 20:43:33+00:00,,,QUALIFIED_LABEL_ONLY
aphromoo,period:4c81af754b6b135da741,2022-06-17 21:46:00+00:00,,,QUALIFIED_LABEL_ONLY
aphromoo,period:9098ed2cd53d3e50498b,2022-06-25 20:09:54+00:00,,,QUALIFIED_LABEL_ONLY
aphromoo,period:bd5d15bd6830501052ed,2022-07-02 20:14:47+00:00,,,QUALIFIED_LABEL_ONLY
aphromoo,period:a1385753e89a22ad7415,2022-07-16 20:31:00+00:00,,,QUALIFIED_LABEL_ONLY
aphromoo,period:d36d780bd6e08d095d27,2022-07-23 20:43:00+00:00,,,QUALIFIED_LABEL_ONLY
aphromoo,period:ab4c55f2271a097a29e2,2022-07-30 20:03:25+00:00,,,QUALIFIED_LABEL_ONLY
aphromoo,period:9310314000d1dccfe6ae,2022-08-06 20:08:43+00:00,,,QUALIFIED_LABEL_ONLY
aphromoo,period:e268d0eb9109f8185a29,2022-08-12 20:55:46+00:00,,,QUALIFIED_LABEL_ONLY
aphromoo,period:fcd21c282bb6eb984919,2022-08-20 19:32:26+00:00,,,QUALIFIED_LABEL_ONLY
aphromoo,period:f6ad6d70568c5aa4ddb9,2022-08-25 19:37:29+00:00,,,QUALIFIED_LABEL_ONLY
destiny,period:7c66db573c65177b96bf,2021-02-05 22:24:44+00:00,,,QUALIFIED_LABEL_ONLY
destiny,period:19d1212ec047ea2c2e1c,2021-02-12 22:29:59+00:00,,,QUALIFIED_LABEL_ONLY
destiny,period:577ed5ecd652eb981e79,2021-02-19 22:21:31+00:00,,,QUALIFIED_LABEL_ONLY
destiny,period:3482fd65afd711052651,2021-02-26 22:23:25+00:00,,,QUALIFIED_LABEL_ONLY
destiny,period:433079f36e14953ffe3e,2021-03-05 22:15:28+00:00,,,QUALIFIED_LABEL_ONLY
destiny,period:2eea81e5fabdc42a729f,2021-03-12 22:24:45+00:00,,,QUALIFIED_LABEL_ONLY
destiny,period:debddf61a872640eadfb,2021-06-04 22:02:02+00:00,,,QUALIFIED_LABEL_ONLY
destiny,period:24ddb9953986c3386cb5,2021-06-11 21:37:50+00:00,,,QUALIFIED_LABEL_ONLY
destiny,period:111e9dfa6ccd70cbab3b,2021-06-18 21:02:38+00:00,,,QUALIFIED_LABEL_ONLY
destiny,period:32c02d32a3c87111d752,2021-06-25 21:33:16+00:00,,,QUALIFIED_LABEL_ONLY
destiny,period:4f8f85e36ba842416702,2021-07-02 21:10:28+00:00,,,QUALIFIED_LABEL_ONLY
destiny,period:490dcd8b072f0c76bfcd,2021-07-09 21:35:31+00:00,,,QUALIFIED_LABEL_ONLY
destiny,period:5ede35b384e34b4e7cf7,2021-07-16 21:20:22+00:00,,,QUALIFIED_LABEL_ONLY
destiny,period:5befa75590802ab7de54,2021-07-23 20:58:06+00:00,,,QUALIFIED_LABEL_ONLY
destiny,period:afb91f11a5c9c66cc35b,2021-07-30 21:12:55+00:00,,,QUALIFIED_LABEL_ONLY
destiny,period:3951db25bbaff1ec59cd,2021-08-12 21:13:39+00:00,,,QUALIFIED_LABEL_ONLY
destiny,period:7c5e83ab4c6a7ca8c86a,2021-08-19 21:11:40+00:00,,,QUALIFIED_LABEL_ONLY
destiny,period:3921ed3cc984afb56c50,2022-01-14 21:26:31+00:00,,,QUALIFIED_LABEL_ONLY
destiny,period:ea5caa919fbd4b75da18,2022-01-21 21:45:47+00:00,,,QUALIFIED_LABEL_ONLY
destiny,period:5a26c3b6318c7b633520,2022-02-05 20:33:18+00:00,,,QUALIFIED_LABEL_ONLY
destiny,period:44168f74464b99791ba3,2022-02-12 20:53:38+00:00,,,QUALIFIED_LABEL_ONLY
destiny,period:466f661effb9208a840b,2022-02-19 20:54:27+00:00,,,QUALIFIED_LABEL_ONLY
destiny,period:4138ca482beb4344e9ad,2022-02-25 22:37:00+00:00,,,QUALIFIED_LABEL_ONLY
destiny,period:7a928b9ecc895d38667e,2022-03-05 21:01:58+00:00,,,QUALIFIED_LABEL_ONLY
destiny,period:bfbcb255cff7d2c3894f,2022-03-12 21:07:29+00:00,,,QUALIFIED_LABEL_ONLY
destiny,period:9a704a25f780f56ebe1b,2022-03-19 19:32:42+00:00,,,QUALIFIED_LABEL_ONLY
destiny,period:2543e9e0dda5edca0977,2022-03-25 20:43:57+00:00,,,QUALIFIED_LABEL_ONLY
destiny,period:4c81af754b6b135da741,2022-06-17 21:46:00+00:00,,,QUALIFIED_LABEL_ONLY
eXyu,period:3921ed3cc984afb56c50,2022-01-14 21:26:31+00:00,,,QUALIFIED_LABEL_ONLY
eXyu,period:ab4c55f2271a097a29e2,2022-07-30 20:03:25+00:00,,,QUALIFIED_LABEL_ONLY
eXyu,period:9310314000d1dccfe6ae,2022-08-06 20:08:43+00:00,,,QUALIFIED_LABEL_ONLY
eXyu,period:e268d0eb9109f8185a29,2022-08-12 20:55:46+00:00,,,QUALIFIED_LABEL_ONLY
eXyu,period:27c11f42e65c97b901b8,2024-01-20 20:15:01+00:00,,,QUALIFIED_LABEL_ONLY
eXyu,period:ab546300266e49331659,2024-01-27 20:15:48+00:00,,,QUALIFIED_LABEL_ONLY
eXyu,period:f82eb58c594ccc349383,2024-02-02 21:12:22+00:00,,,QUALIFIED_LABEL_ONLY
eXyu,period:06566a2ea584fecf6c15,2024-02-10 21:07:54+00:00,,,QUALIFIED_LABEL_ONLY
eXyu,period:789a06731adc1e0c8798,2024-03-02 21:07:29+00:00,,,QUALIFIED_LABEL_ONLY
eXyu,period:a0f9da327c11cf3cc717,2024-03-08 21:07:46+00:00,,,QUALIFIED_LABEL_ONLY
eXyu,period:448a8f91622619afdbe7,2024-03-14 20:08:02+00:00,,,QUALIFIED_LABEL_ONLY
eXyu,period:ee078790277fa6a5a0ce,2025-01-25 21:14:31+00:00,,,QUALIFIED_LABEL_ONLY
eXyu,period:b08144b94745feadc04c,2025-02-01 21:06:58+00:00,,,QUALIFIED_LABEL_ONLY
eXyu,period:5a5260defef5072643d0,2025-04-05 20:14:15+00:00,,,QUALIFIED_LABEL_ONLY
eXyu,period:fb622d9f67b0d1bacd81,2025-04-12 20:06:56+00:00,,,QUALIFIED_LABEL_ONLY
eXyu,period:ab17bbbf5d12cdddc770,2025-04-19 20:08:34+00:00,,,QUALIFIED_LABEL_ONLY
eXyu,period:0bd7b62868a6e6fa9a6d,2025-04-26 20:08:33+00:00,,,QUALIFIED_LABEL_ONLY
eXyu,period:f91ca0f544586fb72c4d,2025-05-03 20:08:26+00:00,,,QUALIFIED_LABEL_ONLY
eXyu,period:92eb584d41521b4a115a,2025-05-10 20:09:23+00:00,,,QUALIFIED_LABEL_ONLY
eXyu,period:42a66f8e41011df34073,2025-05-17 20:08:05+00:00,,,QUALIFIED_LABEL_ONLY
eXyu,period:f92170f131413923b84c,2025-07-26 20:10:23+00:00,,,QUALIFIED_LABEL_ONLY
eXyu,period:c7231b512ce5dfec31cf,2025-08-02 20:08:18+00:00,,,QUALIFIED_LABEL_ONLY
eXyu,period:c139a580fc7ad181ea33,2025-08-09 20:06:58+00:00,,,QUALIFIED_LABEL_ONLY
eXyu,period:7c6d5817a7155f3a80bb,2025-08-23 20:06:29+00:00,,,QUALIFIED_LABEL_ONLY
eXyu,period:1ffa4e947c2611f80c97,2025-08-29 20:06:10+00:00,,,QUALIFIED_LABEL_ONLY
eXyu,period:28d589eedfce312e1ad3,2026-01-24 21:24:34+00:00,,,QUALIFIED_LABEL_ONLY
eXyu,period:6186b6ccaf2d592d540a,2026-01-26 00:04:23+00:00,,,QUALIFIED_LABEL_ONLY
eXyu,period:70fac0200d695853ccdc,2026-01-31 21:07:01+00:00,,,QUALIFIED_LABEL_ONLY
eXyu,period:b2e5a5987eefaa30eea2,2026-02-07 21:11:32+00:00,,,QUALIFIED_LABEL_ONLY
eXyu,period:9c6a0a6efb8480316e54,2026-02-09 00:51:15+00:00,,,QUALIFIED_LABEL_ONLY
eXyu,period:74efed7e4a28a304cc30,2026-04-04 20:17:46+00:00,,,QUALIFIED_LABEL_ONLY
eXyu,period:fc48b32f725285a09f66,2026-04-11 20:08:26+00:00,,,QUALIFIED_LABEL_ONLY
eXyu,period:9ad9f360f988761d91c1,2026-04-18 20:07:45+00:00,,,QUALIFIED_LABEL_ONLY
eXyu,period:b0a60cf2f3d3558f5e56,2026-04-25 20:09:02+00:00,,,QUALIFIED_LABEL_ONLY
eXyu,period:0a890f671f8ce6bbde59,2026-05-02 20:10:20+00:00,,,QUALIFIED_LABEL_ONLY
eXyu,period:bca1e648a46734294b57,2026-05-09 20:08:09+00:00,,,QUALIFIED_LABEL_ONLY
eXyu,period:1c76ac6866aa6a71a894,2026-05-16 20:08:36+00:00,,,QUALIFIED_LABEL_ONLY
eXyu,period:5afe139f56d9c0db8f2d,2026-07-25 20:13:30+00:00,,,QUALIFIED_LABEL_ONLY
huhi,period:14606e5066005561df07,2020-03-07 21:40:12+00:00,,,QUALIFIED_LABEL_ONLY
huhi,period:b2e2840d56c789b5030c,2020-03-21 20:18:48+00:00,,,QUALIFIED_LABEL_ONLY
huhi,period:666de7dcc2eb91211639,2020-03-28 20:29:42+00:00,,,QUALIFIED_LABEL_ONLY
huhi,period:5a2658b56ec5d5c6a04d,2020-04-04 19:44:42+00:00,,,QUALIFIED_LABEL_ONLY
huhi,period:1970df0ebd4246c6ea3b,2020-06-13 00:40:51+00:00,,,QUALIFIED_LABEL_ONLY
huhi,period:3968b01a861a52d381a8,2020-06-20 00:31:26+00:00,,,QUALIFIED_LABEL_ONLY
huhi,period:642a5bb7deff76d164b5,2020-06-27 00:39:52+00:00,,,QUALIFIED_LABEL_ONLY
huhi,period:7813fa8e90f59320de07,2020-07-04 00:21:06+00:00,,,QUALIFIED_LABEL_ONLY
huhi,period:1e2c5a7144cf9a8bc308,2020-07-11 00:50:27+00:00,,,QUALIFIED_LABEL_ONLY
huhi,period:2d69b4a154591d5cca77,2020-07-18 00:30:49+00:00,,,QUALIFIED_LABEL_ONLY
huhi,period:fe3df3b5886d9a4a5234,2020-07-25 00:38:07+00:00,,,QUALIFIED_LABEL_ONLY
huhi,period:3e89f4975798019beec8,2020-08-01 00:35:44+00:00,,,QUALIFIED_LABEL_ONLY
huhi,period:9cfbd3e5ecdd20626eed,2020-08-08 00:43:41+00:00,,,QUALIFIED_LABEL_ONLY
huhi,period:0836494c11a0b381c084,2020-08-13 19:38:23+00:00,,,QUALIFIED_LABEL_ONLY
huhi,period:38cb400566e2a3aee1c8,2020-08-20 19:31:44+00:00,,,QUALIFIED_LABEL_ONLY
huhi,period:fcb777e33a04482e7bfb,2021-01-15 23:10:17+00:00,,,QUALIFIED_LABEL_ONLY
huhi,period:2e302fc7c4bd7a4b3864,2021-01-22 22:29:56+00:00,,,QUALIFIED_LABEL_ONLY
huhi,period:9b9f3f2ec839feb3a947,2021-01-29 22:28:31+00:00,,,QUALIFIED_LABEL_ONLY
huhi,period:7c66db573c65177b96bf,2021-02-05 22:24:44+00:00,,,QUALIFIED_LABEL_ONLY
huhi,period:19d1212ec047ea2c2e1c,2021-02-12 22:29:59+00:00,,,QUALIFIED_LABEL_ONLY
huhi,period:577ed5ecd652eb981e79,2021-02-19 22:21:31+00:00,,,QUALIFIED_LABEL_ONLY
huhi,period:3482fd65afd711052651,2021-02-26 22:23:25+00:00,,,QUALIFIED_LABEL_ONLY
huhi,period:433079f36e14953ffe3e,2021-03-05 22:15:28+00:00,,,QUALIFIED_LABEL_ONLY
huhi,period:2eea81e5fabdc42a729f,2021-03-12 22:24:45+00:00,,,QUALIFIED_LABEL_ONLY
huhi,period:4a6e60b4d46361a99310,2021-03-20 19:21:03+00:00,,,QUALIFIED_LABEL_ONLY
huhi,period:22dfd57f1594beeba715,2021-03-27 19:16:36+00:00,,,QUALIFIED_LABEL_ONLY
huhi,period:8e2682918e14580d212b,2021-04-03 19:17:31+00:00,,,QUALIFIED_LABEL_ONLY
huhi,period:debddf61a872640eadfb,2021-06-04 22:02:02+00:00,,,QUALIFIED_LABEL_ONLY
huhi,period:24ddb9953986c3386cb5,2021-06-11 21:37:50+00:00,,,QUALIFIED_LABEL_ONLY
huhi,period:111e9dfa6ccd70cbab3b,2021-06-18 21:02:38+00:00,,,QUALIFIED_LABEL_ONLY
huhi,period:32c02d32a3c87111d752,2021-06-25 21:33:16+00:00,,,QUALIFIED_LABEL_ONLY
huhi,period:4f8f85e36ba842416702,2021-07-02 21:10:28+00:00,,,QUALIFIED_LABEL_ONLY
huhi,period:490dcd8b072f0c76bfcd,2021-07-09 21:35:31+00:00,,,QUALIFIED_LABEL_ONLY
huhi,period:5ede35b384e34b4e7cf7,2021-07-16 21:20:22+00:00,,,QUALIFIED_LABEL_ONLY
huhi,period:5befa75590802ab7de54,2021-07-23 20:58:06+00:00,,,QUALIFIED_LABEL_ONLY
huhi,period:afb91f11a5c9c66cc35b,2021-07-30 21:12:55+00:00,,,QUALIFIED_LABEL_ONLY
huhi,period:3951db25bbaff1ec59cd,2021-08-12 21:13:39+00:00,,,QUALIFIED_LABEL_ONLY
huhi,period:7c5e83ab4c6a7ca8c86a,2021-08-19 21:11:40+00:00,,,QUALIFIED_LABEL_ONLY
huhi,period:dbb9ba645ae8a19c6555,2021-08-28 19:41:05+00:00,,,QUALIFIED_LABEL_ONLY
huhi,period:3921ed3cc984afb56c50,2022-01-14 21:26:31+00:00,,,QUALIFIED_LABEL_ONLY
huhi,period:ea5caa919fbd4b75da18,2022-01-21 21:45:47+00:00,,,QUALIFIED_LABEL_ONLY
huhi,period:5a26c3b6318c7b633520,2022-02-05 20:33:18+00:00,,,QUALIFIED_LABEL_ONLY
huhi,period:44168f74464b99791ba3,2022-02-12 20:53:38+00:00,,,QUALIFIED_LABEL_ONLY
huhi,period:466f661effb9208a840b,2022-02-19 20:54:27+00:00,,,QUALIFIED_LABEL_ONLY
huhi,period:4138ca482beb4344e9ad,2022-02-25 22:37:00+00:00,,,QUALIFIED_LABEL_ONLY
huhi,period:7a928b9ecc895d38667e,2022-03-05 21:01:58+00:00,,,QUALIFIED_LABEL_ONLY
huhi,period:bfbcb255cff7d2c3894f,2022-03-12 21:07:29+00:00,,,QUALIFIED_LABEL_ONLY
huhi,period:9a704a25f780f56ebe1b,2022-03-19 19:32:42+00:00,,,QUALIFIED_LABEL_ONLY
huhi,period:2543e9e0dda5edca0977,2022-03-25 20:43:57+00:00,,,QUALIFIED_LABEL_ONLY
huhi,period:95c58b937c0fcc3e92b9,2022-04-02 20:00:26+00:00,,,QUALIFIED_LABEL_ONLY
huhi,period:8e4979ebdc36578e98ba,2022-04-16 20:06:15+00:00,,,QUALIFIED_LABEL_ONLY
huhi,period:8036ed58940a8d2ab607,2022-04-23 18:36:24+00:00,,,QUALIFIED_LABEL_ONLY
huhi,period:4c81af754b6b135da741,2022-06-17 21:46:00+00:00,,,QUALIFIED_LABEL_ONLY
huhi,period:9098ed2cd53d3e50498b,2022-06-25 20:09:54+00:00,,,QUALIFIED_LABEL_ONLY
huhi,period:bd5d15bd6830501052ed,2022-07-02 20:14:47+00:00,,,QUALIFIED_LABEL_ONLY
huhi,period:a1385753e89a22ad7415,2022-07-16 20:31:00+00:00,,,QUALIFIED_LABEL_ONLY
huhi,period:d36d780bd6e08d095d27,2022-07-23 20:43:00+00:00,,,QUALIFIED_LABEL_ONLY
huhi,period:ab4c55f2271a097a29e2,2022-07-30 20:03:25+00:00,,,QUALIFIED_LABEL_ONLY
huhi,period:9310314000d1dccfe6ae,2022-08-06 20:08:43+00:00,,,QUALIFIED_LABEL_ONLY
huhi,period:e268d0eb9109f8185a29,2022-08-12 20:55:46+00:00,,,QUALIFIED_LABEL_ONLY
huhi,period:f6ad6d70568c5aa4ddb9,2022-08-25 19:37:29+00:00,,,QUALIFIED_LABEL_ONLY
huhi,period:f14a4fb0f93da34e9201,2022-09-01 19:27:30+00:00,,,QUALIFIED_LABEL_ONLY
huhi,period:f4e76c51fd962159c780,2022-09-10 19:07:58+00:00,,,QUALIFIED_LABEL_ONLY
huhi,period:452655f2bc33b5b76085,2023-01-26 22:16:48+00:00,,,QUALIFIED_LABEL_ONLY
huhi,period:9ad2bd3e76204c678ee3,2023-02-02 22:06:55+00:00,,,QUALIFIED_LABEL_ONLY
huhi,period:5193f604ed2f15e301e1,2023-02-09 22:07:17+00:00,,,QUALIFIED_LABEL_ONLY
huhi,period:2b3de7782bdf56dc82d0,2023-02-15 22:07:50+00:00,,,QUALIFIED_LABEL_ONLY
huhi,period:36d3f31311f21e914d55,2023-02-23 22:06:52+00:00,,,QUALIFIED_LABEL_ONLY
huhi,period:83278694723ba910058b,2023-03-02 22:08:20+00:00,,,QUALIFIED_LABEL_ONLY
huhi,period:402a134be7abbe005149,2023-03-09 22:22:41+00:00,,,QUALIFIED_LABEL_ONLY
huhi,period:8d9d5d3f36e034ced562,2023-03-15 21:07:53+00:00,,,QUALIFIED_LABEL_ONLY
huhi,period:d990ac8b125022094901,2023-03-23 21:10:53+00:00,,,QUALIFIED_LABEL_ONLY
huhi,period:d33d87118e30f5daa86a,2023-03-30 21:09:21+00:00,,,QUALIFIED_LABEL_ONLY
huhi,period:f52e10acfa6d747a4c9d,2023-04-08 20:17:16+00:00,,,QUALIFIED_LABEL_ONLY
huhi,period:3943367d2ce567a9fae3,2023-06-14 21:13:03+00:00,,,QUALIFIED_LABEL_ONLY
huhi,period:f2ee99995367bf0fc030,2023-06-21 21:07:31+00:00,,,QUALIFIED_LABEL_ONLY
huhi,period:c790283b449e6bb25672,2023-06-28 21:06:50+00:00,,,QUALIFIED_LABEL_ONLY
huhi,period:ff185424af4133395119,2023-07-05 21:05:49+00:00,,,QUALIFIED_LABEL_ONLY
huhi,period:36cf05276a8bbe55409a,2023-07-12 21:06:58+00:00,,,QUALIFIED_LABEL_ONLY
huhi,period:dd1399a0cf2f56138daa,2023-07-19 21:07:18+00:00,,,QUALIFIED_LABEL_ONLY
huhi,period:4520b87081b51698489a,2023-08-03 21:07:08+00:00,,,QUALIFIED_LABEL_ONLY
huhi,period:a7fd1e72d2ba831ccc8d,2023-08-10 21:10:37+00:00,,,QUALIFIED_LABEL_ONLY
huhi,period:27c11f42e65c97b901b8,2024-01-20 20:15:01+00:00,,,QUALIFIED_LABEL_ONLY
huhi,period:ab546300266e49331659,2024-01-27 20:15:48+00:00,,,QUALIFIED_LABEL_ONLY
huhi,period:f82eb58c594ccc349383,2024-02-02 21:12:22+00:00,,,QUALIFIED_LABEL_ONLY
huhi,period:06566a2ea584fecf6c15,2024-02-10 21:07:54+00:00,,,QUALIFIED_LABEL_ONLY
huhi,period:789a06731adc1e0c8798,2024-03-02 21:07:29+00:00,,,QUALIFIED_LABEL_ONLY
huhi,period:a0f9da327c11cf3cc717,2024-03-08 21:07:46+00:00,,,QUALIFIED_LABEL_ONLY
huhi,period:448a8f91622619afdbe7,2024-03-14 20:08:02+00:00,,,QUALIFIED_LABEL_ONLY
huhi,period:697d8a8453920f1ff1c8,2024-06-15 20:11:50+00:00,,,QUALIFIED_LABEL_ONLY
huhi,period:ea10f8bb7f189dc4197a,2024-06-22 20:11:50+00:00,,,QUALIFIED_LABEL_ONLY
huhi,period:fb51ebc6418ce68c46c6,2024-06-27 20:07:21+00:00,,,QUALIFIED_LABEL_ONLY
huhi,period:0f3dd675ff7b55987f43,2024-07-20 20:10:15+00:00,,,QUALIFIED_LABEL_ONLY
huhi,period:29c7eddc03e68fe96070,2024-07-27 20:09:19+00:00,,,QUALIFIED_LABEL_ONLY
huhi,period:03ffd32cfddfafb63d73,2024-08-03 20:08:15+00:00,,,QUALIFIED_LABEL_ONLY
huhi,period:cdd6b3ae49979eef3d9f,2024-08-10 20:07:50+00:00,,,QUALIFIED_LABEL_ONLY
huhi,period:5218e82018c8910d187b,2024-08-17 20:07:21+00:00,,,QUALIFIED_LABEL_ONLY
huhi,period:c0a1c4ffff2a32aacb10,2024-08-23 20:07:51+00:00,,,QUALIFIED_LABEL_ONLY
huhi,period:ee078790277fa6a5a0ce,2025-01-25 21:14:31+00:00,,,QUALIFIED_LABEL_ONLY
huhi,period:b08144b94745feadc04c,2025-02-01 21:06:58+00:00,,,QUALIFIED_LABEL_ONLY
huhi,period:5a5260defef5072643d0,2025-04-05 20:14:15+00:00,,,QUALIFIED_LABEL_ONLY
huhi,period:fb622d9f67b0d1bacd81,2025-04-12 20:06:56+00:00,,,QUALIFIED_LABEL_ONLY
huhi,period:ab17bbbf5d12cdddc770,2025-04-19 20:08:34+00:00,,,QUALIFIED_LABEL_ONLY
huhi,period:0bd7b62868a6e6fa9a6d,2025-04-26 20:08:33+00:00,,,QUALIFIED_LABEL_ONLY
huhi,period:f91ca0f544586fb72c4d,2025-05-03 20:08:26+00:00,,,QUALIFIED_LABEL_ONLY
huhi,period:92eb584d41521b4a115a,2025-05-10 20:09:23+00:00,,,QUALIFIED_LABEL_ONLY
huhi,period:42a66f8e41011df34073,2025-05-17 20:08:05+00:00,,,QUALIFIED_LABEL_ONLY
huhi,period:f92170f131413923b84c,2025-07-26 20:10:23+00:00,,,QUALIFIED_LABEL_ONLY
huhi,period:c7231b512ce5dfec31cf,2025-08-02 20:08:18+00:00,,,QUALIFIED_LABEL_ONLY
huhi,period:c139a580fc7ad181ea33,2025-08-09 20:06:58+00:00,,,QUALIFIED_LABEL_ONLY
huhi,period:7c6d5817a7155f3a80bb,2025-08-23 20:06:29+00:00,,,QUALIFIED_LABEL_ONLY
huhi,period:1ffa4e947c2611f80c97,2025-08-29 20:06:10+00:00,,,QUALIFIED_LABEL_ONLY
huhi,period:28d589eedfce312e1ad3,2026-01-24 21:24:34+00:00,,,QUALIFIED_LABEL_ONLY
huhi,period:70fac0200d695853ccdc,2026-01-31 21:07:01+00:00,,,QUALIFIED_LABEL_ONLY
huhi,period:b2e5a5987eefaa30eea2,2026-02-07 21:11:32+00:00,,,QUALIFIED_LABEL_ONLY
huhi,period:0433ceb2175e1870c17a,2026-02-14 21:11:50+00:00,,,QUALIFIED_LABEL_ONLY
huhi,period:d52af7b72997e89c8ea6,2026-02-20 21:09:00+00:00,,,QUALIFIED_LABEL_ONLY
huhi,period:b628e8f047ec274b8698,2026-02-27 21:09:38+00:00,,,QUALIFIED_LABEL_ONLY
huhi,period:74efed7e4a28a304cc30,2026-04-04 20:17:46+00:00,,,QUALIFIED_LABEL_ONLY
huhi,period:fc48b32f725285a09f66,2026-04-11 20:08:26+00:00,,,QUALIFIED_LABEL_ONLY
huhi,period:9ad9f360f988761d91c1,2026-04-18 20:07:45+00:00,,,QUALIFIED_LABEL_ONLY
huhi,period:b0a60cf2f3d3558f5e56,2026-04-25 20:09:02+00:00,,,QUALIFIED_LABEL_ONLY
huhi,period:0a890f671f8ce6bbde59,2026-05-02 20:10:20+00:00,,,QUALIFIED_LABEL_ONLY
huhi,period:bca1e648a46734294b57,2026-05-09 20:08:09+00:00,,,QUALIFIED_LABEL_ONLY
huhi,period:1c76ac6866aa6a71a894,2026-05-16 20:08:36+00:00,,,QUALIFIED_LABEL_ONLY
huhi,period:646c3784493968152598,2026-05-30 20:10:37+00:00,,,QUALIFIED_LABEL_ONLY
huhi,period:5afe139f56d9c0db8f2d,2026-07-25 20:13:30+00:00,,,QUALIFIED_LABEL_ONLY
k1ng,period:debddf61a872640eadfb,2021-06-04 22:02:02+00:00,,,QUALIFIED_LABEL_ONLY
k1ng,period:24ddb9953986c3386cb5,2021-06-11 21:37:50+00:00,,,QUALIFIED_LABEL_ONLY
k1ng,period:111e9dfa6ccd70cbab3b,2021-06-18 21:02:38+00:00,,,QUALIFIED_LABEL_ONLY
k1ng,period:4c81af754b6b135da741,2022-06-17 21:46:00+00:00,,,QUALIFIED_LABEL_ONLY
s0ul,period:a1385753e89a22ad7415,2022-07-16 20:31:00+00:00,,,QUALIFIED_LABEL_ONLY
s0ul,period:d36d780bd6e08d095d27,2022-07-23 20:43:00+00:00,,,QUALIFIED_LABEL_ONLY
sOAZ,period:01bed218199c5fc6a295,2020-01-25 21:37:53+00:00,,,QUALIFIED_LABEL_ONLY
sOAZ,period:18c306f73901eb8e548e,2020-02-01 21:36:35+00:00,,,QUALIFIED_LABEL_ONLY
sOAZ,period:bd2e80371da37619c695,2020-02-08 21:30:18+00:00,,,QUALIFIED_LABEL_ONLY
sOAZ,period:94dc307a169a4236f643,2020-02-15 21:33:19+00:00,,,QUALIFIED_LABEL_ONLY
sOAZ,period:90cc39f891e2dbcab3ef,2020-02-22 21:37:14+00:00,,,QUALIFIED_LABEL_ONLY
sOAZ,period:cb03c621696fc2e91764,2020-02-29 21:26:53+00:00,,,QUALIFIED_LABEL_ONLY
sOAZ,period:14606e5066005561df07,2020-03-07 21:40:12+00:00,,,QUALIFIED_LABEL_ONLY
sOAZ,period:b2e2840d56c789b5030c,2020-03-21 20:18:48+00:00,,,QUALIFIED_LABEL_ONLY
sOAZ,period:666de7dcc2eb91211639,2020-03-28 20:29:42+00:00,,,QUALIFIED_LABEL_ONLY
sOAZ,period:1970df0ebd4246c6ea3b,2020-06-13 00:40:51+00:00,,,QUALIFIED_LABEL_ONLY
sOAZ,period:3968b01a861a52d381a8,2020-06-20 00:31:26+00:00,,,QUALIFIED_LABEL_ONLY
sajed,period:28d589eedfce312e1ad3,2026-01-24 21:24:34+00:00,,,QUALIFIED_LABEL_ONLY
sajed,period:70fac0200d695853ccdc,2026-01-31 21:07:01+00:00,,,QUALIFIED_LABEL_ONLY
sajed,period:b2e5a5987eefaa30eea2,2026-02-07 21:11:32+00:00,,,QUALIFIED_LABEL_ONLY
sajed,period:0433ceb2175e1870c17a,2026-02-14 21:11:50+00:00,,,QUALIFIED_LABEL_ONLY
sajed,period:d52af7b72997e89c8ea6,2026-02-20 21:09:00+00:00,,,QUALIFIED_LABEL_ONLY
sajed,period:74efed7e4a28a304cc30,2026-04-04 20:17:46+00:00,,,QUALIFIED_LABEL_ONLY
sajed,period:fc48b32f725285a09f66,2026-04-11 20:08:26+00:00,,,QUALIFIED_LABEL_ONLY
sajed,period:9ad9f360f988761d91c1,2026-04-18 20:07:45+00:00,,,QUALIFIED_LABEL_ONLY
sajed,period:b0a60cf2f3d3558f5e56,2026-04-25 20:09:02+00:00,,,QUALIFIED_LABEL_ONLY
sajed,period:0a890f671f8ce6bbde59,2026-05-02 20:10:20+00:00,,,QUALIFIED_LABEL_ONLY
sajed,period:bca1e648a46734294b57,2026-05-09 20:08:09+00:00,,,QUALIFIED_LABEL_ONLY
sajed,period:1c76ac6866aa6a71a894,2026-05-16 20:08:36+00:00,,,QUALIFIED_LABEL_ONLY
sajed,period:5afe139f56d9c0db8f2d,2026-07-25 20:13:30+00:00,,,QUALIFIED_LABEL_ONLY
