prediction_period_id,target_cutoff,date,player_id,team_id,role,T3_prediction,partition,model_id,chronological_partition,m0_cutoff_safe,m0_source_max_timestamp
period:ee078790277fa6a5a0ce,2025-01-25 21:14:31+00:00,2025-01-25,oe:player:10fcffece0ac7be85f09c4b51a75762,oe:team:fc8e90107dabb9a35c490b0d86adea0,bot,22.040591716551717,2025,T3_240d,protected_frozen_validation_2025,True,2024-09-01 22:37:27+00:00
period:ee078790277fa6a5a0ce,2025-01-25 21:14:31+00:00,2025-01-25,oe:player:265b58ce8b2f418df94006bf24e296c,oe:team:289284911fb6f41c0ccaecc3a0c2891,bot,13.089655755207492,2025,T3_240d,protected_frozen_validation_2025,True,2024-09-07 22:46:24+00:00
period:ee078790277fa6a5a0ce,2025-01-25 21:14:31+00:00,2025-01-25,oe:player:494fc60dffbb5da1caa2226baef0ec7,oe:team:b360f1d729b0a8e0f29a5243c4200fa,bot,10.969768656754304,2025,T3_240d,protected_frozen_validation_2025,True,2024-08-11 23:48:41+00:00
period:ee078790277fa6a5a0ce,2025-01-25 21:14:31+00:00,2025-01-25,oe:player:6378658dafc3eeb902fa2e52f909172,oe:team:0dbb780176ecad18f17292d1f5653af,bot,10.110432037699601,2025,T3_240d,protected_frozen_validation_2025,True,2024-09-07 22:46:24+00:00
period:ee078790277fa6a5a0ce,2025-01-25 21:14:31+00:00,2025-01-25,oe:player:73d2b65353d7b00e0f198ffdc085edc,oe:team:4bd1751425ef6a9bc9d4d8e9385b4a6,bot,20.312183539599232,2025,T3_240d,protected_frozen_validation_2025,True,2024-08-25 22:51:53+00:00
period:ee078790277fa6a5a0ce,2025-01-25 21:14:31+00:00,2025-01-25,oe:player:9712524dc88851032bd53054f8b49b4,oe:team:da1143bf9a245b78a8dc86417de85b3,bot,12.690031774049348,2025,T3_240d,protected_frozen_validation_2025,True,2024-09-07 22:46:24+00:00
period:ee078790277fa6a5a0ce,2025-01-25 21:14:31+00:00,2025-01-25,oe:player:c145139d26813639b8fe6f4d0b28228,oe:team:2e66da41dc460dd378e3bcc57042d31,bot,21.7293506327389,2025,T3_240d,protected_frozen_validation_2025,True,2024-09-07 22:46:24+00:00
period:ee078790277fa6a5a0ce,2025-01-25 21:14:31+00:00,2025-01-25,oe:player:f6b8af05a5af22004a67a78f3046b92,oe:team:8eb884e168f28402ce685bedebb5250,bot,25.095349931541392,2025,T3_240d,protected_frozen_validation_2025,True,2024-09-07 22:46:24+00:00
period:ee078790277fa6a5a0ce,2025-01-25 21:14:31+00:00,2025-01-25,oe:player:0091a3bf5771fe6bbe6d4a37de32c6f,oe:team:0dbb780176ecad18f17292d1f5653af,jgl,7.9395086625701934,2025,T3_240d,protected_frozen_validation_2025,True,2024-09-07 22:46:24+00:00
period:ee078790277fa6a5a0ce,2025-01-25 21:14:31+00:00,2025-01-25,oe:player:08936c56ab5a6453c58974a619651c3,oe:team:289284911fb6f41c0ccaecc3a0c2891,jgl,11.501694423875033,2025,T3_240d,protected_frozen_validation_2025,True,2024-03-17 21:43:44+00:00
period:ee078790277fa6a5a0ce,2025-01-25 21:14:31+00:00,2025-01-25,oe:player:1970fcb701acce66e0771946bbb3105,oe:team:8eb884e168f28402ce685bedebb5250,jgl,22.763566923205182,2025,T3_240d,protected_frozen_validation_2025,True,2024-09-07 22:46:24+00:00
period:ee078790277fa6a5a0ce,2025-01-25 21:14:31+00:00,2025-01-25,oe:player:7c3395efccd48fe73592001501bef83,oe:team:4bd1751425ef6a9bc9d4d8e9385b4a6,jgl,18.885187168762737,2025,T3_240d,protected_frozen_validation_2025,True,2024-09-07 22:46:24+00:00
period:ee078790277fa6a5a0ce,2025-01-25 21:14:31+00:00,2025-01-25,oe:player:8a5dbe19794784cfd0553556844f045,oe:team:b360f1d729b0a8e0f29a5243c4200fa,jgl,10.134079752609786,2025,T3_240d,protected_frozen_validation_2025,True,2024-08-25 22:51:53+00:00
period:ee078790277fa6a5a0ce,2025-01-25 21:14:31+00:00,2025-01-25,oe:player:a8307167f3a1c933295bb9e3d43700e,oe:team:2e66da41dc460dd378e3bcc57042d31,jgl,21.289431639693934,2025,T3_240d,protected_frozen_validation_2025,True,2024-09-07 22:46:24+00:00
period:ee078790277fa6a5a0ce,2025-01-25 21:14:31+00:00,2025-01-25,oe:player:de23ee5a66222e1e02da354414f2971,oe:team:da1143bf9a245b78a8dc86417de85b3,jgl,11.91619911482608,2025,T3_240d,protected_frozen_validation_2025,True,2024-09-07 22:46:24+00:00
period:ee078790277fa6a5a0ce,2025-01-25 21:14:31+00:00,2025-01-25,oe:player:ed455f823b6586e9e3621dfb5aeb42e,oe:team:fc8e90107dabb9a35c490b0d86adea0,jgl,21.076106640051286,2025,T3_240d,protected_frozen_validation_2025,True,2024-09-01 22:37:27+00:00
period:ee078790277fa6a5a0ce,2025-01-25 21:14:31+00:00,2025-01-25,oe:player:0a53c1102dafce61e89decc517b3175,oe:team:fc8e90107dabb9a35c490b0d86adea0,mid,19.700434067515676,2025,T3_240d,protected_frozen_validation_2025,True,2024-09-07 22:46:24+00:00
period:ee078790277fa6a5a0ce,2025-01-25 21:14:31+00:00,2025-01-25,oe:player:1b26a8bba6e841f1c375b283db5c1c6,oe:team:0dbb780176ecad18f17292d1f5653af,mid,8.7409869489844532,2025,T3_240d,protected_frozen_validation_2025,True,2024-09-07 22:46:24+00:00
period:ee078790277fa6a5a0ce,2025-01-25 21:14:31+00:00,2025-01-25,oe:player:8f8eaac8e99c203ee76e57c5c81c91f,oe:team:4bd1751425ef6a9bc9d4d8e9385b4a6,mid,21.767187218245759,2025,T3_240d,protected_frozen_validation_2025,True,2024-09-07 22:46:24+00:00
period:ee078790277fa6a5a0ce,2025-01-25 21:14:31+00:00,2025-01-25,oe:player:da87886941820cfc2eee112d0143e90,oe:team:289284911fb6f41c0ccaecc3a0c2891,mid,15.758875041929862,2025,T3_240d,protected_frozen_validation_2025,True,2022-09-11 21:34:49+00:00
period:ee078790277fa6a5a0ce,2025-01-25 21:14:31+00:00,2025-01-25,oe:player:e9017664588010860a92ceb5f8fcb82,oe:team:2e66da41dc460dd378e3bcc57042d31,mid,23.444438018690381,2025,T3_240d,protected_frozen_validation_2025,True,2024-09-07 22:46:24+00:00
period:ee078790277fa6a5a0ce,2025-01-25 21:14:31+00:00,2025-01-25,oe:player:ea9ed09584feecae0991089f087d2ce,oe:team:8eb884e168f28402ce685bedebb5250,mid,26.033564276405119,2025,T3_240d,protected_frozen_validation_2025,True,2024-09-07 22:46:24+00:00
period:ee078790277fa6a5a0ce,2025-01-25 21:14:31+00:00,2025-01-25,oe:player:f45792335d83b10581da2f0cbdd6e8e,oe:team:da1143bf9a245b78a8dc86417de85b3,mid,12.818499334617872,2025,T3_240d,protected_frozen_validation_2025,True,2024-09-07 22:46:24+00:00
period:ee078790277fa6a5a0ce,2025-01-25 21:14:31+00:00,2025-01-25,oe:player:fddde6d256bee26713f64ad9b2a9394,oe:team:b360f1d729b0a8e0f29a5243c4200fa,mid,10.64957211244058,2025,T3_240d,protected_frozen_validation_2025,True,2024-08-25 22:51:53+00:00
period:ee078790277fa6a5a0ce,2025-01-25 21:14:31+00:00,2025-01-25,oe:player:05fafeaf23dc3285558a4e968970b9f,oe:team:8eb884e168f28402ce685bedebb5250,sup,24.326193638970267,2025,T3_240d,protected_frozen_validation_2025,True,2024-09-07 22:46:24+00:00
period:ee078790277fa6a5a0ce,2025-01-25 21:14:31+00:00,2025-01-25,oe:player:3e722c8ede909c83af9342c41805a16,oe:team:2e66da41dc460dd378e3bcc57042d31,sup,21.192553079576754,2025,T3_240d,protected_frozen_validation_2025,True,2024-09-07 22:46:24+00:00
period:ee078790277fa6a5a0ce,2025-01-25 21:14:31+00:00,2025-01-25,oe:player:40704dfd2d966862568d29770de57bd,oe:team:0dbb780176ecad18f17292d1f5653af,sup,9.3080353659236863,2025,T3_240d,protected_frozen_validation_2025,True,2024-09-01 22:37:27+00:00
period:ee078790277fa6a5a0ce,2025-01-25 21:14:31+00:00,2025-01-25,oe:player:6841f2d68619d53bdd1cdbf30b5be2c,oe:team:b360f1d729b0a8e0f29a5243c4200fa,sup,9.6468877968976816,2025,T3_240d,protected_frozen_validation_2025,True,2024-08-11 23:48:41+00:00
period:ee078790277fa6a5a0ce,2025-01-25 21:14:31+00:00,2025-01-25,oe:player:81acc6bcde5c927c78e0990e9887f84,oe:team:fc8e90107dabb9a35c490b0d86adea0,sup,21.537633852095297,2025,T3_240d,protected_frozen_validation_2025,True,2024-09-01 22:37:27+00:00
period:ee078790277fa6a5a0ce,2025-01-25 21:14:31+00:00,2025-01-25,oe:player:9191e392e93a6ef011ef76b5b83ee6c,oe:team:289284911fb6f41c0ccaecc3a0c2891,sup,14.717248728776969,2025,T3_240d,protected_frozen_validation_2025,True,2024-08-25 22:51:53+00:00
period:ee078790277fa6a5a0ce,2025-01-25 21:14:31+00:00,2025-01-25,oe:player:a2d7b8856032bf106783621b9afeb41,oe:team:da1143bf9a245b78a8dc86417de85b3,sup,12.092361767338627,2025,T3_240d,protected_frozen_validation_2025,True,2024-09-07 22:46:24+00:00
period:ee078790277fa6a5a0ce,2025-01-25 21:14:31+00:00,2025-01-25,oe:player:dbe844fcbbc7f54654e54242e79acac,oe:team:4bd1751425ef6a9bc9d4d8e9385b4a6,sup,20.524705592841617,2025,T3_240d,protected_frozen_validation_2025,True,2024-09-07 22:46:24+00:00
period:ee078790277fa6a5a0ce,2025-01-25 21:14:31+00:00,2025-01-25,oe:player:007be3acd5669d100711b13d79e2336,oe:team:4bd1751425ef6a9bc9d4d8e9385b4a6,top,14.735859269762773,2025,T3_240d,protected_frozen_validation_2025,True,2024-09-07 22:46:24+00:00
period:ee078790277fa6a5a0ce,2025-01-25 21:14:31+00:00,2025-01-25,oe:player:1efc4e5732e91520d03385900b903f9,oe:team:fc8e90107dabb9a35c490b0d86adea0,top,16.477915703405237,2025,T3_240d,protected_frozen_validation_2025,True,2024-09-01 22:37:27+00:00
period:ee078790277fa6a5a0ce,2025-01-25 21:14:31+00:00,2025-01-25,oe:player:21f59b54f62b5b8b4bc0f63f0f617fc,oe:team:8eb884e168f28402ce685bedebb5250,top,18.821632797698488,2025,T3_240d,protected_frozen_validation_2025,True,2024-09-07 22:46:24+00:00
period:ee078790277fa6a5a0ce,2025-01-25 21:14:31+00:00,2025-01-25,oe:player:4d0ec5fa505ee341aff8b2309356afc,oe:team:0dbb780176ecad18f17292d1f5653af,top,6.2514321739643401,2025,T3_240d,protected_frozen_validation_2025,True,2024-09-07 22:46:24+00:00
period:ee078790277fa6a5a0ce,2025-01-25 21:14:31+00:00,2025-01-25,oe:player:7e2505960c12cc54c96a0a6efb2e055,oe:team:2e66da41dc460dd378e3bcc57042d31,top,16.226010578619658,2025,T3_240d,protected_frozen_validation_2025,True,2024-09-07 22:46:24+00:00
period:ee078790277fa6a5a0ce,2025-01-25 21:14:31+00:00,2025-01-25,oe:player:80fea0848c57b8e07a79675d41f582c,oe:team:289284911fb6f41c0ccaecc3a0c2891,top,8.5989757626493546,2025,T3_240d,protected_frozen_validation_2025,True,2024-08-11 23:48:41+00:00
period:ee078790277fa6a5a0ce,2025-01-25 21:14:31+00:00,2025-01-25,oe:player:e03d0722b6dce835cde3268c08c4f54,oe:team:da1143bf9a245b78a8dc86417de85b3,top,11.245812419351598,2025,T3_240d,protected_frozen_validation_2025,True,2024-09-01 22:37:27+00:00
period:ee078790277fa6a5a0ce,2025-01-25 21:14:31+00:00,2025-01-25,oe:player:f02f1c8275084050765b4b6414bdfda,oe:team:b360f1d729b0a8e0f29a5243c4200fa,top,10.030137437123759,2025,T3_240d,protected_frozen_validation_2025,True,2024-03-31 22:47:00+00:00
period:b08144b94745feadc04c,2025-02-01 21:06:58+00:00,2025-02-01,oe:player:10fcffece0ac7be85f09c4b51a75762,oe:team:fc8e90107dabb9a35c490b0d86adea0,bot,15.622360916397133,2025,T3_240d,protected_frozen_validation_2025,True,2025-01-26 23:52:28+00:00
period:b08144b94745feadc04c,2025-02-01 21:06:58+00:00,2025-02-01,oe:player:265b58ce8b2f418df94006bf24e296c,oe:team:289284911fb6f41c0ccaecc3a0c2891,bot,18.718983592050648,2025,T3_240d,protected_frozen_validation_2025,True,2025-01-26 23:52:28+00:00
period:b08144b94745feadc04c,2025-02-01 21:06:58+00:00,2025-02-01,oe:player:494fc60dffbb5da1caa2226baef0ec7,oe:team:b360f1d729b0a8e0f29a5243c4200fa,bot,19.345402551626968,2025,T3_240d,protected_frozen_validation_2025,True,2025-01-26 23:52:28+00:00
period:b08144b94745feadc04c,2025-02-01 21:06:58+00:00,2025-02-01,oe:player:6378658dafc3eeb902fa2e52f909172,oe:team:0dbb780176ecad18f17292d1f5653af,bot,18.555584686243613,2025,T3_240d,protected_frozen_validation_2025,True,2025-01-26 23:52:28+00:00
period:b08144b94745feadc04c,2025-02-01 21:06:58+00:00,2025-02-01,oe:player:73d2b65353d7b00e0f198ffdc085edc,oe:team:4bd1751425ef6a9bc9d4d8e9385b4a6,bot,14.303981244563342,2025,T3_240d,protected_frozen_validation_2025,True,2025-01-26 23:52:28+00:00
period:b08144b94745feadc04c,2025-02-01 21:06:58+00:00,2025-02-01,oe:player:9712524dc88851032bd53054f8b49b4,oe:team:da1143bf9a245b78a8dc86417de85b3,bot,15.083815793664032,2025,T3_240d,protected_frozen_validation_2025,True,2025-01-26 23:52:28+00:00
period:b08144b94745feadc04c,2025-02-01 21:06:58+00:00,2025-02-01,oe:player:c145139d26813639b8fe6f4d0b28228,oe:team:2e66da41dc460dd378e3bcc57042d31,bot,18.962192739652828,2025,T3_240d,protected_frozen_validation_2025,True,2025-01-26 23:52:28+00:00
period:b08144b94745feadc04c,2025-02-01 21:06:58+00:00,2025-02-01,oe:player:f6b8af05a5af22004a67a78f3046b92,oe:team:8eb884e168f28402ce685bedebb5250,bot,20.791555272280348,2025,T3_240d,protected_frozen_validation_2025,True,2025-01-26 23:52:28+00:00
period:b08144b94745feadc04c,2025-02-01 21:06:58+00:00,2025-02-01,oe:player:08936c56ab5a6453c58974a619651c3,oe:team:289284911fb6f41c0ccaecc3a0c2891,jgl,15.05056395734367,2025,T3_240d,protected_frozen_validation_2025,True,2025-01-26 23:52:28+00:00
period:b08144b94745feadc04c,2025-02-01 21:06:58+00:00,2025-02-01,oe:player:1970fcb701acce66e0771946bbb3105,oe:team:8eb884e168f28402ce685bedebb5250,jgl,18.911977339472863,2025,T3_240d,protected_frozen_validation_2025,True,2025-01-26 23:52:28+00:00
period:b08144b94745feadc04c,2025-02-01 21:06:58+00:00,2025-02-01,oe:player:5f048688474a6eacfefd74bd53d8715,oe:team:0dbb780176ecad18f17292d1f5653af,jgl,18.12257607678831,2025,T3_240d,protected_frozen_validation_2025,True,2023-08-14 01:25:01+00:00
period:b08144b94745feadc04c,2025-02-01 21:06:58+00:00,2025-02-01,oe:player:7c3395efccd48fe73592001501bef83,oe:team:4bd1751425ef6a9bc9d4d8e9385b4a6,jgl,13.128878096350721,2025,T3_240d,protected_frozen_validation_2025,True,2025-01-26 23:52:28+00:00
period:b08144b94745feadc04c,2025-02-01 21:06:58+00:00,2025-02-01,oe:player:8a5dbe19794784cfd0553556844f045,oe:team:b360f1d729b0a8e0f29a5243c4200fa,jgl,18.141497214556036,2025,T3_240d,protected_frozen_validation_2025,True,2025-01-26 23:52:28+00:00
period:b08144b94745feadc04c,2025-02-01 21:06:58+00:00,2025-02-01,oe:player:a8307167f3a1c933295bb9e3d43700e,oe:team:2e66da41dc460dd378e3bcc57042d31,jgl,18.633785962430867,2025,T3_240d,protected_frozen_validation_2025,True,2025-01-26 23:52:28+00:00
period:b08144b94745feadc04c,2025-02-01 21:06:58+00:00,2025-02-01,oe:player:de23ee5a66222e1e02da354414f2971,oe:team:da1143bf9a245b78a8dc86417de85b3,jgl,15.061168197970465,2025,T3_240d,protected_frozen_validation_2025,True,2025-01-26 23:52:28+00:00
period:b08144b94745feadc04c,2025-02-01 21:06:58+00:00,2025-02-01,oe:player:ed455f823b6586e9e3621dfb5aeb42e,oe:team:fc8e90107dabb9a35c490b0d86adea0,jgl,15.288002870298371,2025,T3_240d,protected_frozen_validation_2025,True,2025-01-26 23:52:28+00:00
period:b08144b94745feadc04c,2025-02-01 21:06:58+00:00,2025-02-01,oe:player:0a53c1102dafce61e89decc517b3175,oe:team:fc8e90107dabb9a35c490b0d86adea0,mid,15.258822433514757,2025,T3_240d,protected_frozen_validation_2025,True,2025-01-26 23:52:28+00:00
period:b08144b94745feadc04c,2025-02-01 21:06:58+00:00,2025-02-01,oe:player:1b26a8bba6e841f1c375b283db5c1c6,oe:team:0dbb780176ecad18f17292d1f5653af,mid,17.944124992464662,2025,T3_240d,protected_frozen_validation_2025,True,2025-01-26 23:52:28+00:00
period:b08144b94745feadc04c,2025-02-01 21:06:58+00:00,2025-02-01,oe:player:8f8eaac8e99c203ee76e57c5c81c91f,oe:team:4bd1751425ef6a9bc9d4d8e9385b4a6,mid,15.770101308960122,2025,T3_240d,protected_frozen_validation_2025,True,2025-01-26 23:52:28+00:00
period:b08144b94745feadc04c,2025-02-01 21:06:58+00:00,2025-02-01,oe:player:da87886941820cfc2eee112d0143e90,oe:team:289284911fb6f41c0ccaecc3a0c2891,mid,18.796019935037371,2025,T3_240d,protected_frozen_validation_2025,True,2025-01-26 23:52:28+00:00
period:b08144b94745feadc04c,2025-02-01 21:06:58+00:00,2025-02-01,oe:player:e9017664588010860a92ceb5f8fcb82,oe:team:2e66da41dc460dd378e3bcc57042d31,mid,20.616884981897254,2025,T3_240d,protected_frozen_validation_2025,True,2025-01-26 23:52:28+00:00
period:b08144b94745feadc04c,2025-02-01 21:06:58+00:00,2025-02-01,oe:player:ea9ed09584feecae0991089f087d2ce,oe:team:8eb884e168f28402ce685bedebb5250,mid,21.839310022868645,2025,T3_240d,protected_frozen_validation_2025,True,2025-01-26 23:52:28+00:00
period:b08144b94745feadc04c,2025-02-01 21:06:58+00:00,2025-02-01,oe:player:f45792335d83b10581da2f0cbdd6e8e,oe:team:da1143bf9a245b78a8dc86417de85b3,mid,15.104711380320396,2025,T3_240d,protected_frozen_validation_2025,True,2025-01-26 23:52:28+00:00
period:b08144b94745feadc04c,2025-02-01 21:06:58+00:00,2025-02-01,oe:player:fddde6d256bee26713f64ad9b2a9394,oe:team:b360f1d729b0a8e0f29a5243c4200fa,mid,19.135695258906711,2025,T3_240d,protected_frozen_validation_2025,True,2025-01-26 23:52:28+00:00
period:b08144b94745feadc04c,2025-02-01 21:06:58+00:00,2025-02-01,oe:player:05fafeaf23dc3285558a4e968970b9f,oe:team:8eb884e168f28402ce685bedebb5250,sup,20.215855175471244,2025,T3_240d,protected_frozen_validation_2025,True,2025-01-26 23:52:28+00:00
period:b08144b94745feadc04c,2025-02-01 21:06:58+00:00,2025-02-01,oe:player:3e722c8ede909c83af9342c41805a16,oe:team:2e66da41dc460dd378e3bcc57042d31,sup,18.382458736417885,2025,T3_240d,protected_frozen_validation_2025,True,2025-01-26 23:52:28+00:00
period:b08144b94745feadc04c,2025-02-01 21:06:58+00:00,2025-02-01,oe:player:40704dfd2d966862568d29770de57bd,oe:team:0dbb780176ecad18f17292d1f5653af,sup,17.219784016077444,2025,T3_240d,protected_frozen_validation_2025,True,2025-01-26 23:52:28+00:00
period:b08144b94745feadc04c,2025-02-01 21:06:58+00:00,2025-02-01,oe:player:6841f2d68619d53bdd1cdbf30b5be2c,oe:team:b360f1d729b0a8e0f29a5243c4200fa,sup,17.87134317676086,2025,T3_240d,protected_frozen_validation_2025,True,2025-01-26 23:52:28+00:00
period:b08144b94745feadc04c,2025-02-01 21:06:58+00:00,2025-02-01,oe:player:81acc6bcde5c927c78e0990e9887f84,oe:team:fc8e90107dabb9a35c490b0d86adea0,sup,15.487068719216586,2025,T3_240d,protected_frozen_validation_2025,True,2025-01-26 23:52:28+00:00
period:b08144b94745feadc04c,2025-02-01 21:06:58+00:00,2025-02-01,oe:player:9191e392e93a6ef011ef76b5b83ee6c,oe:team:289284911fb6f41c0ccaecc3a0c2891,sup,18.5226454064045,2025,T3_240d,protected_frozen_validation_2025,True,2025-01-26 23:52:28+00:00
period:b08144b94745feadc04c,2025-02-01 21:06:58+00:00,2025-02-01,oe:player:a2d7b8856032bf106783621b9afeb41,oe:team:da1143bf9a245b78a8dc86417de85b3,sup,14.908831346604366,2025,T3_240d,protected_frozen_validation_2025,True,2025-01-26 23:52:28+00:00
period:b08144b94745feadc04c,2025-02-01 21:06:58+00:00,2025-02-01,oe:player:dbe844fcbbc7f54654e54242e79acac,oe:team:4bd1751425ef6a9bc9d4d8e9385b4a6,sup,14.688622881267559,2025,T3_240d,protected_frozen_validation_2025,True,2025-01-26 23:52:28+00:00
period:b08144b94745feadc04c,2025-02-01 21:06:58+00:00,2025-02-01,oe:player:007be3acd5669d100711b13d79e2336,oe:team:4bd1751425ef6a9bc9d4d8e9385b4a6,top,9.4602202386463894,2025,T3_240d,protected_frozen_validation_2025,True,2025-01-26 23:52:28+00:00
period:b08144b94745feadc04c,2025-02-01 21:06:58+00:00,2025-02-01,oe:player:1efc4e5732e91520d03385900b903f9,oe:team:fc8e90107dabb9a35c490b0d86adea0,top,11.484847996785163,2025,T3_240d,protected_frozen_validation_2025,True,2025-01-26 23:52:28+00:00
period:b08144b94745feadc04c,2025-02-01 21:06:58+00:00,2025-02-01,oe:player:21f59b54f62b5b8b4bc0f63f0f617fc,oe:team:8eb884e168f28402ce685bedebb5250,top,15.259442586219404,2025,T3_240d,protected_frozen_validation_2025,True,2025-01-26 23:52:28+00:00
period:b08144b94745feadc04c,2025-02-01 21:06:58+00:00,2025-02-01,oe:player:4d0ec5fa505ee341aff8b2309356afc,oe:team:0dbb780176ecad18f17292d1f5653af,top,14.15850491316011,2025,T3_240d,protected_frozen_validation_2025,True,2025-01-26 23:52:28+00:00
period:b08144b94745feadc04c,2025-02-01 21:06:58+00:00,2025-02-01,oe:player:7e2505960c12cc54c96a0a6efb2e055,oe:team:2e66da41dc460dd378e3bcc57042d31,top,13.95425752312539,2025,T3_240d,protected_frozen_validation_2025,True,2025-01-26 23:52:28+00:00
period:b08144b94745feadc04c,2025-02-01 21:06:58+00:00,2025-02-01,oe:player:80fea0848c57b8e07a79675d41f582c,oe:team:289284911fb6f41c0ccaecc3a0c2891,top,12.442781194934456,2025,T3_240d,protected_frozen_validation_2025,True,2025-01-26 23:52:28+00:00
period:b08144b94745feadc04c,2025-02-01 21:06:58+00:00,2025-02-01,oe:player:e03d0722b6dce835cde3268c08c4f54,oe:team:da1143bf9a245b78a8dc86417de85b3,top,12.930831446510423,2025,T3_240d,protected_frozen_validation_2025,True,2025-01-26 23:52:28+00:00
period:b08144b94745feadc04c,2025-02-01 21:06:58+00:00,2025-02-01,oe:player:f02f1c8275084050765b4b6414bdfda,oe:team:b360f1d729b0a8e0f29a5243c4200fa,top,15.669618354505037,2025,T3_240d,protected_frozen_validation_2025,True,2025-01-26 23:52:28+00:00
period:bcc5730448bc2219d32a,2025-02-09 21:07:49+00:00,2025-02-09,oe:player:494fc60dffbb5da1caa2226baef0ec7,oe:team:b360f1d729b0a8e0f29a5243c4200fa,bot,12.159953612313553,2025,T3_240d,protected_frozen_validation_2025,True,2025-02-03 02:54:42+00:00
period:bcc5730448bc2219d32a,2025-02-09 21:07:49+00:00,2025-02-09,oe:player:6378658dafc3eeb902fa2e52f909172,oe:team:0dbb780176ecad18f17292d1f5653af,bot,13.413591837060462,2025,T3_240d,protected_frozen_validation_2025,True,2025-02-03 02:54:42+00:00
period:bcc5730448bc2219d32a,2025-02-09 21:07:49+00:00,2025-02-09,oe:player:c145139d26813639b8fe6f4d0b28228,oe:team:2e66da41dc460dd378e3bcc57042d31,bot,17.302966333831542,2025,T3_240d,protected_frozen_validation_2025,True,2025-02-03 02:54:42+00:00
period:bcc5730448bc2219d32a,2025-02-09 21:07:49+00:00,2025-02-09,oe:player:f6b8af05a5af22004a67a78f3046b92,oe:team:8eb884e168f28402ce685bedebb5250,bot,19.350114194457557,2025,T3_240d,protected_frozen_validation_2025,True,2025-02-03 02:54:42+00:00
period:bcc5730448bc2219d32a,2025-02-09 21:07:49+00:00,2025-02-09,oe:player:1970fcb701acce66e0771946bbb3105,oe:team:8eb884e168f28402ce685bedebb5250,jgl,17.563696005011167,2025,T3_240d,protected_frozen_validation_2025,True,2025-02-03 02:54:42+00:00
period:bcc5730448bc2219d32a,2025-02-09 21:07:49+00:00,2025-02-09,oe:player:5f048688474a6eacfefd74bd53d8715,oe:team:0dbb780176ecad18f17292d1f5653af,jgl,12.808163540670089,2025,T3_240d,protected_frozen_validation_2025,True,2025-02-03 02:54:42+00:00
period:bcc5730448bc2219d32a,2025-02-09 21:07:49+00:00,2025-02-09,oe:player:8a5dbe19794784cfd0553556844f045,oe:team:b360f1d729b0a8e0f29a5243c4200fa,jgl,11.160969033245278,2025,T3_240d,protected_frozen_validation_2025,True,2025-02-03 02:54:42+00:00
period:bcc5730448bc2219d32a,2025-02-09 21:07:49+00:00,2025-02-09,oe:player:a8307167f3a1c933295bb9e3d43700e,oe:team:2e66da41dc460dd378e3bcc57042d31,jgl,17.228508034846399,2025,T3_240d,protected_frozen_validation_2025,True,2025-02-03 02:54:42+00:00
period:bcc5730448bc2219d32a,2025-02-09 21:07:49+00:00,2025-02-09,oe:player:1b26a8bba6e841f1c375b283db5c1c6,oe:team:0dbb780176ecad18f17292d1f5653af,mid,13.107136256621249,2025,T3_240d,protected_frozen_validation_2025,True,2025-02-03 02:54:42+00:00
period:bcc5730448bc2219d32a,2025-02-09 21:07:49+00:00,2025-02-09,oe:player:e9017664588010860a92ceb5f8fcb82,oe:team:2e66da41dc460dd378e3bcc57042d31,mid,19.321499661863712,2025,T3_240d,protected_frozen_validation_2025,True,2025-02-03 02:54:42+00:00
period:bcc5730448bc2219d32a,2025-02-09 21:07:49+00:00,2025-02-09,oe:player:ea9ed09584feecae0991089f087d2ce,oe:team:8eb884e168f28402ce685bedebb5250,mid,19.854211224550298,2025,T3_240d,protected_frozen_validation_2025,True,2025-02-03 02:54:42+00:00
period:bcc5730448bc2219d32a,2025-02-09 21:07:49+00:00,2025-02-09,oe:player:fddde6d256bee26713f64ad9b2a9394,oe:team:b360f1d729b0a8e0f29a5243c4200fa,mid,12.101040341964088,2025,T3_240d,protected_frozen_validation_2025,True,2025-02-03 02:54:42+00:00
period:bcc5730448bc2219d32a,2025-02-09 21:07:49+00:00,2025-02-09,oe:player:05fafeaf23dc3285558a4e968970b9f,oe:team:8eb884e168f28402ce685bedebb5250,sup,18.931953827156359,2025,T3_240d,protected_frozen_validation_2025,True,2025-02-03 02:54:42+00:00
period:bcc5730448bc2219d32a,2025-02-09 21:07:49+00:00,2025-02-09,oe:player:3e722c8ede909c83af9342c41805a16,oe:team:2e66da41dc460dd378e3bcc57042d31,sup,17.170058951052091,2025,T3_240d,protected_frozen_validation_2025,True,2025-02-03 02:54:42+00:00
period:bcc5730448bc2219d32a,2025-02-09 21:07:49+00:00,2025-02-09,oe:player:40704dfd2d966862568d29770de57bd,oe:team:0dbb780176ecad18f17292d1f5653af,sup,12.477301763701234,2025,T3_240d,protected_frozen_validation_2025,True,2025-02-03 02:54:42+00:00
period:bcc5730448bc2219d32a,2025-02-09 21:07:49+00:00,2025-02-09,oe:player:6841f2d68619d53bdd1cdbf30b5be2c,oe:team:b360f1d729b0a8e0f29a5243c4200fa,sup,10.959500487267775,2025,T3_240d,protected_frozen_validation_2025,True,2025-02-03 02:54:42+00:00
period:bcc5730448bc2219d32a,2025-02-09 21:07:49+00:00,2025-02-09,oe:player:21f59b54f62b5b8b4bc0f63f0f617fc,oe:team:8eb884e168f28402ce685bedebb5250,top,14.178443013178667,2025,T3_240d,protected_frozen_validation_2025,True,2025-02-03 02:54:42+00:00
period:bcc5730448bc2219d32a,2025-02-09 21:07:49+00:00,2025-02-09,oe:player:4d0ec5fa505ee341aff8b2309356afc,oe:team:0dbb780176ecad18f17292d1f5653af,top,10.593520413753993,2025,T3_240d,protected_frozen_validation_2025,True,2025-02-03 02:54:42+00:00
period:bcc5730448bc2219d32a,2025-02-09 21:07:49+00:00,2025-02-09,oe:player:7e2505960c12cc54c96a0a6efb2e055,oe:team:2e66da41dc460dd378e3bcc57042d31,top,12.716867472924729,2025,T3_240d,protected_frozen_validation_2025,True,2025-02-03 02:54:42+00:00
period:bcc5730448bc2219d32a,2025-02-09 21:07:49+00:00,2025-02-09,oe:player:f02f1c8275084050765b4b6414bdfda,oe:team:b360f1d729b0a8e0f29a5243c4200fa,top,9.8700080191350565,2025,T3_240d,protected_frozen_validation_2025,True,2025-02-03 02:54:42+00:00
period:5a5260defef5072643d0,2025-04-05 20:14:15+00:00,2025-04-05,oe:player:10fcffece0ac7be85f09c4b51a75762,oe:team:fc8e90107dabb9a35c490b0d86adea0,bot,19.146519927384798,2025,T3_240d,protected_frozen_validation_2025,True,2025-02-03 02:54:42+00:00
period:5a5260defef5072643d0,2025-04-05 20:14:15+00:00,2025-04-05,oe:player:265b58ce8b2f418df94006bf24e296c,oe:team:289284911fb6f41c0ccaecc3a0c2891,bot,15.084237869246456,2025,T3_240d,protected_frozen_validation_2025,True,2025-02-10 00:46:00+00:00
period:5a5260defef5072643d0,2025-04-05 20:14:15+00:00,2025-04-05,oe:player:494fc60dffbb5da1caa2226baef0ec7,oe:team:b360f1d729b0a8e0f29a5243c4200fa,bot,13.854474825484658,2025,T3_240d,protected_frozen_validation_2025,True,2025-02-10 00:46:00+00:00
period:5a5260defef5072643d0,2025-04-05 20:14:15+00:00,2025-04-05,oe:player:6378658dafc3eeb902fa2e52f909172,oe:team:0dbb780176ecad18f17292d1f5653af,bot,19.770439925849949,2025,T3_240d,protected_frozen_validation_2025,True,2025-02-10 00:46:00+00:00
period:5a5260defef5072643d0,2025-04-05 20:14:15+00:00,2025-04-05,oe:player:73d2b65353d7b00e0f198ffdc085edc,oe:team:4bd1751425ef6a9bc9d4d8e9385b4a6,bot,15.757822111305934,2025,T3_240d,protected_frozen_validation_2025,True,2025-02-03 02:54:42+00:00
period:5a5260defef5072643d0,2025-04-05 20:14:15+00:00,2025-04-05,oe:player:9712524dc88851032bd53054f8b49b4,oe:team:da1143bf9a245b78a8dc86417de85b3,bot,17.883460868826855,2025,T3_240d,protected_frozen_validation_2025,True,2025-02-10 00:46:00+00:00
period:5a5260defef5072643d0,2025-04-05 20:14:15+00:00,2025-04-05,oe:player:c145139d26813639b8fe6f4d0b28228,oe:team:2e66da41dc460dd378e3bcc57042d31,bot,19.191785835302703,2025,T3_240d,protected_frozen_validation_2025,True,2025-02-10 00:46:00+00:00
period:5a5260defef5072643d0,2025-04-05 20:14:15+00:00,2025-04-05,oe:player:f6b8af05a5af22004a67a78f3046b92,oe:team:8eb884e168f28402ce685bedebb5250,bot,17.812355295882725,2025,T3_240d,protected_frozen_validation_2025,True,2025-02-10 00:46:00+00:00
period:5a5260defef5072643d0,2025-04-05 20:14:15+00:00,2025-04-05,oe:player:08936c56ab5a6453c58974a619651c3,oe:team:289284911fb6f41c0ccaecc3a0c2891,jgl,11.644333346231056,2025,T3_240d,protected_frozen_validation_2025,True,2025-02-03 02:54:42+00:00
period:5a5260defef5072643d0,2025-04-05 20:14:15+00:00,2025-04-05,oe:player:1970fcb701acce66e0771946bbb3105,oe:team:8eb884e168f28402ce685bedebb5250,jgl,16.519325364408939,2025,T3_240d,protected_frozen_validation_2025,True,2025-02-10 00:46:00+00:00
period:5a5260defef5072643d0,2025-04-05 20:14:15+00:00,2025-04-05,oe:player:5f048688474a6eacfefd74bd53d8715,oe:team:0dbb780176ecad18f17292d1f5653af,jgl,18.473733256535564,2025,T3_240d,protected_frozen_validation_2025,True,2025-02-10 00:46:00+00:00
period:5a5260defef5072643d0,2025-04-05 20:14:15+00:00,2025-04-05,oe:player:7c3395efccd48fe73592001501bef83,oe:team:4bd1751425ef6a9bc9d4d8e9385b4a6,jgl,14.364878115456992,2025,T3_240d,protected_frozen_validation_2025,True,2025-02-03 02:54:42+00:00
period:5a5260defef5072643d0,2025-04-05 20:14:15+00:00,2025-04-05,oe:player:8a5dbe19794784cfd0553556844f045,oe:team:b360f1d729b0a8e0f29a5243c4200fa,jgl,12.899617193098866,2025,T3_240d,protected_frozen_validation_2025,True,2025-02-10 00:46:00+00:00
period:5a5260defef5072643d0,2025-04-05 20:14:15+00:00,2025-04-05,oe:player:a8307167f3a1c933295bb9e3d43700e,oe:team:2e66da41dc460dd378e3bcc57042d31,jgl,19.047748555682528,2025,T3_240d,protected_frozen_validation_2025,True,2025-02-10 00:46:00+00:00
period:5a5260defef5072643d0,2025-04-05 20:14:15+00:00,2025-04-05,oe:player:de23ee5a66222e1e02da354414f2971,oe:team:da1143bf9a245b78a8dc86417de85b3,jgl,16.980797136852143,2025,T3_240d,protected_frozen_validation_2025,True,2025-02-10 00:46:00+00:00
period:5a5260defef5072643d0,2025-04-05 20:14:15+00:00,2025-04-05,oe:player:ed455f823b6586e9e3621dfb5aeb42e,oe:team:fc8e90107dabb9a35c490b0d86adea0,jgl,18.404964260539423,2025,T3_240d,protected_frozen_validation_2025,True,2025-02-03 02:54:42+00:00
period:5a5260defef5072643d0,2025-04-05 20:14:15+00:00,2025-04-05,oe:player:0a53c1102dafce61e89decc517b3175,oe:team:fc8e90107dabb9a35c490b0d86adea0,mid,18.532730710103195,2025,T3_240d,protected_frozen_validation_2025,True,2025-02-10 00:46:00+00:00
period:5a5260defef5072643d0,2025-04-05 20:14:15+00:00,2025-04-05,oe:player:1b26a8bba6e841f1c375b283db5c1c6,oe:team:0dbb780176ecad18f17292d1f5653af,mid,18.318000456641222,2025,T3_240d,protected_frozen_validation_2025,True,2025-02-10 00:46:00+00:00
period:5a5260defef5072643d0,2025-04-05 20:14:15+00:00,2025-04-05,oe:player:8f8eaac8e99c203ee76e57c5c81c91f,oe:team:4bd1751425ef6a9bc9d4d8e9385b4a6,mid,17.085545694752465,2025,T3_240d,protected_frozen_validation_2025,True,2025-02-03 02:54:42+00:00
period:5a5260defef5072643d0,2025-04-05 20:14:15+00:00,2025-04-05,oe:player:da87886941820cfc2eee112d0143e90,oe:team:289284911fb6f41c0ccaecc3a0c2891,mid,14.558729984943961,2025,T3_240d,protected_frozen_validation_2025,True,2025-02-03 02:54:42+00:00
period:5a5260defef5072643d0,2025-04-05 20:14:15+00:00,2025-04-05,oe:player:e9017664588010860a92ceb5f8fcb82,oe:team:2e66da41dc460dd378e3bcc57042d31,mid,20.89128506912758,2025,T3_240d,protected_frozen_validation_2025,True,2025-02-10 00:46:00+00:00
period:5a5260defef5072643d0,2025-04-05 20:14:15+00:00,2025-04-05,oe:player:ea9ed09584feecae0991089f087d2ce,oe:team:8eb884e168f28402ce685bedebb5250,mid,18.287983850010818,2025,T3_240d,protected_frozen_validation_2025,True,2025-02-10 00:46:00+00:00
period:5a5260defef5072643d0,2025-04-05 20:14:15+00:00,2025-04-05,oe:player:f45792335d83b10581da2f0cbdd6e8e,oe:team:da1143bf9a245b78a8dc86417de85b3,mid,17.457497346369273,2025,T3_240d,protected_frozen_validation_2025,True,2025-02-10 00:46:00+00:00
period:5a5260defef5072643d0,2025-04-05 20:14:15+00:00,2025-04-05,oe:player:fddde6d256bee26713f64ad9b2a9394,oe:team:b360f1d729b0a8e0f29a5243c4200fa,mid,13.953480220076733,2025,T3_240d,protected_frozen_validation_2025,True,2025-02-10 00:46:00+00:00
period:5a5260defef5072643d0,2025-04-05 20:14:15+00:00,2025-04-05,oe:player:05fafeaf23dc3285558a4e968970b9f,oe:team:8eb884e168f28402ce685bedebb5250,sup,17.713119024297093,2025,T3_240d,protected_frozen_validation_2025,True,2025-02-10 00:46:00+00:00
period:5a5260defef5072643d0,2025-04-05 20:14:15+00:00,2025-04-05,oe:player:3e722c8ede909c83af9342c41805a16,oe:team:2e66da41dc460dd378e3bcc57042d31,sup,18.788906888204732,2025,T3_240d,protected_frozen_validation_2025,True,2025-02-10 00:46:00+00:00
period:5a5260defef5072643d0,2025-04-05 20:14:15+00:00,2025-04-05,oe:player:40704dfd2d966862568d29770de57bd,oe:team:0dbb780176ecad18f17292d1f5653af,sup,18.582284881992372,2025,T3_240d,protected_frozen_validation_2025,True,2025-02-10 00:46:00+00:00
period:5a5260defef5072643d0,2025-04-05 20:14:15+00:00,2025-04-05,oe:player:81acc6bcde5c927c78e0990e9887f84,oe:team:fc8e90107dabb9a35c490b0d86adea0,sup,18.691967117226845,2025,T3_240d,protected_frozen_validation_2025,True,2025-02-03 02:54:42+00:00
period:5a5260defef5072643d0,2025-04-05 20:14:15+00:00,2025-04-05,oe:player:9191e392e93a6ef011ef76b5b83ee6c,oe:team:289284911fb6f41c0ccaecc3a0c2891,sup,15.115957460451478,2025,T3_240d,protected_frozen_validation_2025,True,2025-02-03 02:54:42+00:00
period:5a5260defef5072643d0,2025-04-05 20:14:15+00:00,2025-04-05,oe:player:a2d7b8856032bf106783621b9afeb41,oe:team:da1143bf9a245b78a8dc86417de85b3,sup,17.711240078971887,2025,T3_240d,protected_frozen_validation_2025,True,2025-02-10 00:46:00+00:00
period:5a5260defef5072643d0,2025-04-05 20:14:15+00:00,2025-04-05,oe:player:c88cada1696defe81464925789aa6d8,oe:team:b360f1d729b0a8e0f29a5243c4200fa,sup,12.571314373858064,2025,T3_240d,protected_frozen_validation_2025,True,2025-02-10 00:46:00+00:00
period:5a5260defef5072643d0,2025-04-05 20:14:15+00:00,2025-04-05,oe:player:dbe844fcbbc7f54654e54242e79acac,oe:team:4bd1751425ef6a9bc9d4d8e9385b4a6,sup,15.987669250288498,2025,T3_240d,protected_frozen_validation_2025,True,2025-02-03 02:54:42+00:00
period:5a5260defef5072643d0,2025-04-05 20:14:15+00:00,2025-04-05,oe:player:007be3acd5669d100711b13d79e2336,oe:team:4bd1751425ef6a9bc9d4d8e9385b4a6,top,10.709685302927959,2025,T3_240d,protected_frozen_validation_2025,True,2025-02-03 02:54:42+00:00
period:5a5260defef5072643d0,2025-04-05 20:14:15+00:00,2025-04-05,oe:player:1efc4e5732e91520d03385900b903f9,oe:team:fc8e90107dabb9a35c490b0d86adea0,top,13.649559318080836,2025,T3_240d,protected_frozen_validation_2025,True,2025-02-03 02:54:42+00:00
period:5a5260defef5072643d0,2025-04-05 20:14:15+00:00,2025-04-05,oe:player:21f59b54f62b5b8b4bc0f63f0f617fc,oe:team:8eb884e168f28402ce685bedebb5250,top,13.079234093648857,2025,T3_240d,protected_frozen_validation_2025,True,2025-02-10 00:46:00+00:00
period:5a5260defef5072643d0,2025-04-05 20:14:15+00:00,2025-04-05,oe:player:4d0ec5fa505ee341aff8b2309356afc,oe:team:0dbb780176ecad18f17292d1f5653af,top,14.30866930292024,2025,T3_240d,protected_frozen_validation_2025,True,2025-02-10 00:46:00+00:00
period:5a5260defef5072643d0,2025-04-05 20:14:15+00:00,2025-04-05,oe:player:7e2505960c12cc54c96a0a6efb2e055,oe:team:2e66da41dc460dd378e3bcc57042d31,top,14.251780889679139,2025,T3_240d,protected_frozen_validation_2025,True,2025-02-10 00:46:00+00:00
period:5a5260defef5072643d0,2025-04-05 20:14:15+00:00,2025-04-05,oe:player:80fea0848c57b8e07a79675d41f582c,oe:team:289284911fb6f41c0ccaecc3a0c2891,top,9.5520272599962954,2025,T3_240d,protected_frozen_validation_2025,True,2025-02-03 02:54:42+00:00
period:5a5260defef5072643d0,2025-04-05 20:14:15+00:00,2025-04-05,oe:player:e03d0722b6dce835cde3268c08c4f54,oe:team:da1143bf9a245b78a8dc86417de85b3,top,14.169683630526025,2025,T3_240d,protected_frozen_validation_2025,True,2025-02-03 02:54:42+00:00
period:5a5260defef5072643d0,2025-04-05 20:14:15+00:00,2025-04-05,oe:player:f02f1c8275084050765b4b6414bdfda,oe:team:b360f1d729b0a8e0f29a5243c4200fa,top,11.19097577875041,2025,T3_240d,protected_frozen_validation_2025,True,2025-02-10 00:46:00+00:00
period:fb622d9f67b0d1bacd81,2025-04-12 20:06:56+00:00,2025-04-12,oe:player:10fcffece0ac7be85f09c4b51a75762,oe:team:fc8e90107dabb9a35c490b0d86adea0,bot,20.66382133810184,2025,T3_240d,protected_frozen_validation_2025,True,2025-04-06 23:23:09+00:00
period:fb622d9f67b0d1bacd81,2025-04-12 20:06:56+00:00,2025-04-12,oe:player:265b58ce8b2f418df94006bf24e296c,oe:team:289284911fb6f41c0ccaecc3a0c2891,bot,11.539749441938296,2025,T3_240d,protected_frozen_validation_2025,True,2025-04-06 23:23:09+00:00
period:fb622d9f67b0d1bacd81,2025-04-12 20:06:56+00:00,2025-04-12,oe:player:494fc60dffbb5da1caa2226baef0ec7,oe:team:b360f1d729b0a8e0f29a5243c4200fa,bot,13.784090598017729,2025,T3_240d,protected_frozen_validation_2025,True,2025-04-06 23:23:09+00:00
period:fb622d9f67b0d1bacd81,2025-04-12 20:06:56+00:00,2025-04-12,oe:player:6378658dafc3eeb902fa2e52f909172,oe:team:0dbb780176ecad18f17292d1f5653af,bot,13.860385397974948,2025,T3_240d,protected_frozen_validation_2025,True,2025-04-06 23:23:09+00:00
period:fb622d9f67b0d1bacd81,2025-04-12 20:06:56+00:00,2025-04-12,oe:player:73d2b65353d7b00e0f198ffdc085edc,oe:team:4bd1751425ef6a9bc9d4d8e9385b4a6,bot,18.124629152117866,2025,T3_240d,protected_frozen_validation_2025,True,2025-04-06 23:23:09+00:00
period:fb622d9f67b0d1bacd81,2025-04-12 20:06:56+00:00,2025-04-12,oe:player:9712524dc88851032bd53054f8b49b4,oe:team:da1143bf9a245b78a8dc86417de85b3,bot,15.468136703637432,2025,T3_240d,protected_frozen_validation_2025,True,2025-04-06 23:23:09+00:00
period:fb622d9f67b0d1bacd81,2025-04-12 20:06:56+00:00,2025-04-12,oe:player:c145139d26813639b8fe6f4d0b28228,oe:team:2e66da41dc460dd378e3bcc57042d31,bot,19.705322103299643,2025,T3_240d,protected_frozen_validation_2025,True,2025-04-06 23:23:09+00:00
period:fb622d9f67b0d1bacd81,2025-04-12 20:06:56+00:00,2025-04-12,oe:player:f6b8af05a5af22004a67a78f3046b92,oe:team:8eb884e168f28402ce685bedebb5250,bot,21.026380985747515,2025,T3_240d,protected_frozen_validation_2025,True,2025-04-06 23:23:09+00:00
period:fb622d9f67b0d1bacd81,2025-04-12 20:06:56+00:00,2025-04-12,oe:player:08936c56ab5a6453c58974a619651c3,oe:team:289284911fb6f41c0ccaecc3a0c2891,jgl,10.854538057778951,2025,T3_240d,protected_frozen_validation_2025,True,2025-04-06 23:23:09+00:00
period:fb622d9f67b0d1bacd81,2025-04-12 20:06:56+00:00,2025-04-12,oe:player:1970fcb701acce66e0771946bbb3105,oe:team:8eb884e168f28402ce685bedebb5250,jgl,19.752742855319021,2025,T3_240d,protected_frozen_validation_2025,True,2025-04-06 23:23:09+00:00
period:fb622d9f67b0d1bacd81,2025-04-12 20:06:56+00:00,2025-04-12,oe:player:5f048688474a6eacfefd74bd53d8715,oe:team:0dbb780176ecad18f17292d1f5653af,jgl,12.662054069831601,2025,T3_240d,protected_frozen_validation_2025,True,2025-04-06 23:23:09+00:00
period:fb622d9f67b0d1bacd81,2025-04-12 20:06:56+00:00,2025-04-12,oe:player:7c3395efccd48fe73592001501bef83,oe:team:4bd1751425ef6a9bc9d4d8e9385b4a6,jgl,16.612075503728565,2025,T3_240d,protected_frozen_validation_2025,True,2025-04-06 23:23:09+00:00
period:fb622d9f67b0d1bacd81,2025-04-12 20:06:56+00:00,2025-04-12,oe:player:8a5dbe19794784cfd0553556844f045,oe:team:b360f1d729b0a8e0f29a5243c4200fa,jgl,12.650567050427558,2025,T3_240d,protected_frozen_validation_2025,True,2025-04-06 23:23:09+00:00
period:fb622d9f67b0d1bacd81,2025-04-12 20:06:56+00:00,2025-04-12,oe:player:a8307167f3a1c933295bb9e3d43700e,oe:team:2e66da41dc460dd378e3bcc57042d31,jgl,19.852235658210731,2025,T3_240d,protected_frozen_validation_2025,True,2025-04-06 23:23:09+00:00
period:fb622d9f67b0d1bacd81,2025-04-12 20:06:56+00:00,2025-04-12,oe:player:de23ee5a66222e1e02da354414f2971,oe:team:da1143bf9a245b78a8dc86417de85b3,jgl,13.607070443522041,2025,T3_240d,protected_frozen_validation_2025,True,2025-04-06 23:23:09+00:00
period:fb622d9f67b0d1bacd81,2025-04-12 20:06:56+00:00,2025-04-12,oe:player:ed455f823b6586e9e3621dfb5aeb42e,oe:team:fc8e90107dabb9a35c490b0d86adea0,jgl,19.480355879234374,2025,T3_240d,protected_frozen_validation_2025,True,2025-04-06 23:23:09+00:00
period:fb622d9f67b0d1bacd81,2025-04-12 20:06:56+00:00,2025-04-12,oe:player:0a53c1102dafce61e89decc517b3175,oe:team:fc8e90107dabb9a35c490b0d86adea0,mid,19.67007792712019,2025,T3_240d,protected_frozen_validation_2025,True,2025-04-06 23:23:09+00:00
period:fb622d9f67b0d1bacd81,2025-04-12 20:06:56+00:00,2025-04-12,oe:player:1b26a8bba6e841f1c375b283db5c1c6,oe:team:0dbb780176ecad18f17292d1f5653af,mid,12.249956726065683,2025,T3_240d,protected_frozen_validation_2025,True,2025-04-06 23:23:09+00:00
period:fb622d9f67b0d1bacd81,2025-04-12 20:06:56+00:00,2025-04-12,oe:player:8f8eaac8e99c203ee76e57c5c81c91f,oe:team:4bd1751425ef6a9bc9d4d8e9385b4a6,mid,19.277355281777776,2025,T3_240d,protected_frozen_validation_2025,True,2025-04-06 23:23:09+00:00
period:fb622d9f67b0d1bacd81,2025-04-12 20:06:56+00:00,2025-04-12,oe:player:da87886941820cfc2eee112d0143e90,oe:team:289284911fb6f41c0ccaecc3a0c2891,mid,13.480258737823867,2025,T3_240d,protected_frozen_validation_2025,True,2025-04-06 23:23:09+00:00
period:fb622d9f67b0d1bacd81,2025-04-12 20:06:56+00:00,2025-04-12,oe:player:e9017664588010860a92ceb5f8fcb82,oe:team:2e66da41dc460dd378e3bcc57042d31,mid,21.835129213963885,2025,T3_240d,protected_frozen_validation_2025,True,2025-04-06 23:23:09+00:00
period:fb622d9f67b0d1bacd81,2025-04-12 20:06:56+00:00,2025-04-12,oe:player:ea9ed09584feecae0991089f087d2ce,oe:team:8eb884e168f28402ce685bedebb5250,mid,21.629525600689014,2025,T3_240d,protected_frozen_validation_2025,True,2025-04-06 23:23:09+00:00
period:fb622d9f67b0d1bacd81,2025-04-12 20:06:56+00:00,2025-04-12,oe:player:f45792335d83b10581da2f0cbdd6e8e,oe:team:da1143bf9a245b78a8dc86417de85b3,mid,16.362170742805652,2025,T3_240d,protected_frozen_validation_2025,True,2025-04-06 23:23:09+00:00
period:fb622d9f67b0d1bacd81,2025-04-12 20:06:56+00:00,2025-04-12,oe:player:fddde6d256bee26713f64ad9b2a9394,oe:team:b360f1d729b0a8e0f29a5243c4200fa,mid,13.522404456836679,2025,T3_240d,protected_frozen_validation_2025,True,2025-04-06 23:23:09+00:00
period:fb622d9f67b0d1bacd81,2025-04-12 20:06:56+00:00,2025-04-12,oe:player:05fafeaf23dc3285558a4e968970b9f,oe:team:8eb884e168f28402ce685bedebb5250,sup,21.096221216677492,2025,T3_240d,protected_frozen_validation_2025,True,2025-04-06 23:23:09+00:00
period:fb622d9f67b0d1bacd81,2025-04-12 20:06:56+00:00,2025-04-12,oe:player:3e722c8ede909c83af9342c41805a16,oe:team:2e66da41dc460dd378e3bcc57042d31,sup,19.653895312431988,2025,T3_240d,protected_frozen_validation_2025,True,2025-04-06 23:23:09+00:00
period:fb622d9f67b0d1bacd81,2025-04-12 20:06:56+00:00,2025-04-12,oe:player:40704dfd2d966862568d29770de57bd,oe:team:0dbb780176ecad18f17292d1f5653af,sup,13.026886438408578,2025,T3_240d,protected_frozen_validation_2025,True,2025-04-06 23:23:09+00:00
period:fb622d9f67b0d1bacd81,2025-04-12 20:06:56+00:00,2025-04-12,oe:player:81acc6bcde5c927c78e0990e9887f84,oe:team:fc8e90107dabb9a35c490b0d86adea0,sup,19.693337480303565,2025,T3_240d,protected_frozen_validation_2025,True,2025-04-06 23:23:09+00:00
period:fb622d9f67b0d1bacd81,2025-04-12 20:06:56+00:00,2025-04-12,oe:player:9191e392e93a6ef011ef76b5b83ee6c,oe:team:289284911fb6f41c0ccaecc3a0c2891,sup,14.182819611811439,2025,T3_240d,protected_frozen_validation_2025,True,2025-04-06 23:23:09+00:00
period:fb622d9f67b0d1bacd81,2025-04-12 20:06:56+00:00,2025-04-12,oe:player:a2d7b8856032bf106783621b9afeb41,oe:team:da1143bf9a245b78a8dc86417de85b3,sup,15.300814999246102,2025,T3_240d,protected_frozen_validation_2025,True,2025-04-06 23:23:09+00:00
period:fb622d9f67b0d1bacd81,2025-04-12 20:06:56+00:00,2025-04-12,oe:player:c88cada1696defe81464925789aa6d8,oe:team:b360f1d729b0a8e0f29a5243c4200fa,sup,13.745863793205046,2025,T3_240d,protected_frozen_validation_2025,True,2025-04-06 23:23:09+00:00
period:fb622d9f67b0d1bacd81,2025-04-12 20:06:56+00:00,2025-04-12,oe:player:dbe844fcbbc7f54654e54242e79acac,oe:team:4bd1751425ef6a9bc9d4d8e9385b4a6,sup,18.19058990801685,2025,T3_240d,protected_frozen_validation_2025,True,2025-04-06 23:23:09+00:00
period:fb622d9f67b0d1bacd81,2025-04-12 20:06:56+00:00,2025-04-12,oe:player:007be3acd5669d100711b13d79e2336,oe:team:4bd1751425ef6a9bc9d4d8e9385b4a6,top,12.456139790425627,2025,T3_240d,protected_frozen_validation_2025,True,2025-04-06 23:23:09+00:00
period:fb622d9f67b0d1bacd81,2025-04-12 20:06:56+00:00,2025-04-12,oe:player:1efc4e5732e91520d03385900b903f9,oe:team:fc8e90107dabb9a35c490b0d86adea0,top,14.516622499937565,2025,T3_240d,protected_frozen_validation_2025,True,2025-04-06 23:23:09+00:00
period:fb622d9f67b0d1bacd81,2025-04-12 20:06:56+00:00,2025-04-12,oe:player:21f59b54f62b5b8b4bc0f63f0f617fc,oe:team:8eb884e168f28402ce685bedebb5250,top,15.78623460102267,2025,T3_240d,protected_frozen_validation_2025,True,2025-04-06 23:23:09+00:00
period:fb622d9f67b0d1bacd81,2025-04-12 20:06:56+00:00,2025-04-12,oe:player:4d0ec5fa505ee341aff8b2309356afc,oe:team:0dbb780176ecad18f17292d1f5653af,top,9.1206815305151032,2025,T3_240d,protected_frozen_validation_2025,True,2025-04-06 23:23:09+00:00
period:fb622d9f67b0d1bacd81,2025-04-12 20:06:56+00:00,2025-04-12,oe:player:7e2505960c12cc54c96a0a6efb2e055,oe:team:2e66da41dc460dd378e3bcc57042d31,top,15.156271377281323,2025,T3_240d,protected_frozen_validation_2025,True,2025-04-06 23:23:09+00:00
period:fb622d9f67b0d1bacd81,2025-04-12 20:06:56+00:00,2025-04-12,oe:player:80fea0848c57b8e07a79675d41f582c,oe:team:289284911fb6f41c0ccaecc3a0c2891,top,8.8218584424383675,2025,T3_240d,protected_frozen_validation_2025,True,2025-04-06 23:23:09+00:00
period:fb622d9f67b0d1bacd81,2025-04-12 20:06:56+00:00,2025-04-12,oe:player:e03d0722b6dce835cde3268c08c4f54,oe:team:da1143bf9a245b78a8dc86417de85b3,top,11.935818762947292,2025,T3_240d,protected_frozen_validation_2025,True,2025-04-06 23:23:09+00:00
period:fb622d9f67b0d1bacd81,2025-04-12 20:06:56+00:00,2025-04-12,oe:player:f02f1c8275084050765b4b6414bdfda,oe:team:b360f1d729b0a8e0f29a5243c4200fa,top,10.691891151734865,2025,T3_240d,protected_frozen_validation_2025,True,2025-04-06 23:23:09+00:00
period:ab17bbbf5d12cdddc770,2025-04-19 20:08:34+00:00,2025-04-19,oe:player:10fcffece0ac7be85f09c4b51a75762,oe:team:fc8e90107dabb9a35c490b0d86adea0,bot,16.612599198792584,2025,T3_240d,protected_frozen_validation_2025,True,2025-04-13 22:48:13+00:00
period:ab17bbbf5d12cdddc770,2025-04-19 20:08:34+00:00,2025-04-19,oe:player:265b58ce8b2f418df94006bf24e296c,oe:team:289284911fb6f41c0ccaecc3a0c2891,bot,12.6916142190715,2025,T3_240d,protected_frozen_validation_2025,True,2025-04-13 22:48:13+00:00
period:ab17bbbf5d12cdddc770,2025-04-19 20:08:34+00:00,2025-04-19,oe:player:494fc60dffbb5da1caa2226baef0ec7,oe:team:b360f1d729b0a8e0f29a5243c4200fa,bot,14.141003742415572,2025,T3_240d,protected_frozen_validation_2025,True,2025-04-13 22:48:13+00:00
period:ab17bbbf5d12cdddc770,2025-04-19 20:08:34+00:00,2025-04-19,oe:player:6378658dafc3eeb902fa2e52f909172,oe:team:0dbb780176ecad18f17292d1f5653af,bot,15.215551884529994,2025,T3_240d,protected_frozen_validation_2025,True,2025-04-13 22:48:13+00:00
period:ab17bbbf5d12cdddc770,2025-04-19 20:08:34+00:00,2025-04-19,oe:player:73d2b65353d7b00e0f198ffdc085edc,oe:team:4bd1751425ef6a9bc9d4d8e9385b4a6,bot,20.317510143316838,2025,T3_240d,protected_frozen_validation_2025,True,2025-04-13 22:48:13+00:00
period:ab17bbbf5d12cdddc770,2025-04-19 20:08:34+00:00,2025-04-19,oe:player:9712524dc88851032bd53054f8b49b4,oe:team:da1143bf9a245b78a8dc86417de85b3,bot,13.800899966234679,2025,T3_240d,protected_frozen_validation_2025,True,2025-04-13 22:48:13+00:00
period:ab17bbbf5d12cdddc770,2025-04-19 20:08:34+00:00,2025-04-19,oe:player:c145139d26813639b8fe6f4d0b28228,oe:team:2e66da41dc460dd378e3bcc57042d31,bot,19.483172876063087,2025,T3_240d,protected_frozen_validation_2025,True,2025-04-13 22:48:13+00:00
period:ab17bbbf5d12cdddc770,2025-04-19 20:08:34+00:00,2025-04-19,oe:player:f6b8af05a5af22004a67a78f3046b92,oe:team:8eb884e168f28402ce685bedebb5250,bot,21.63950115974329,2025,T3_240d,protected_frozen_validation_2025,True,2025-04-13 22:48:13+00:00
period:ab17bbbf5d12cdddc770,2025-04-19 20:08:34+00:00,2025-04-19,oe:player:08936c56ab5a6453c58974a619651c3,oe:team:289284911fb6f41c0ccaecc3a0c2891,jgl,12.052615854335063,2025,T3_240d,protected_frozen_validation_2025,True,2025-04-13 22:48:13+00:00
period:ab17bbbf5d12cdddc770,2025-04-19 20:08:34+00:00,2025-04-19,oe:player:1970fcb701acce66e0771946bbb3105,oe:team:8eb884e168f28402ce685bedebb5250,jgl,20.285621768506655,2025,T3_240d,protected_frozen_validation_2025,True,2025-04-13 22:48:13+00:00
period:ab17bbbf5d12cdddc770,2025-04-19 20:08:34+00:00,2025-04-19,oe:player:5f048688474a6eacfefd74bd53d8715,oe:team:0dbb780176ecad18f17292d1f5653af,jgl,13.397120570654012,2025,T3_240d,protected_frozen_validation_2025,True,2025-04-13 22:48:13+00:00
period:ab17bbbf5d12cdddc770,2025-04-19 20:08:34+00:00,2025-04-19,oe:player:7c3395efccd48fe73592001501bef83,oe:team:4bd1751425ef6a9bc9d4d8e9385b4a6,jgl,18.472201119246911,2025,T3_240d,protected_frozen_validation_2025,True,2025-04-13 22:48:13+00:00
period:ab17bbbf5d12cdddc770,2025-04-19 20:08:34+00:00,2025-04-19,oe:player:8a5dbe19794784cfd0553556844f045,oe:team:b360f1d729b0a8e0f29a5243c4200fa,jgl,12.96215429130755,2025,T3_240d,protected_frozen_validation_2025,True,2025-04-13 22:48:13+00:00
period:ab17bbbf5d12cdddc770,2025-04-19 20:08:34+00:00,2025-04-19,oe:player:a8307167f3a1c933295bb9e3d43700e,oe:team:2e66da41dc460dd378e3bcc57042d31,jgl,19.670061353691118,2025,T3_240d,protected_frozen_validation_2025,True,2025-04-13 22:48:13+00:00
period:ab17bbbf5d12cdddc770,2025-04-19 20:08:34+00:00,2025-04-19,oe:player:de23ee5a66222e1e02da354414f2971,oe:team:da1143bf9a245b78a8dc86417de85b3,jgl,12.126642065216336,2025,T3_240d,protected_frozen_validation_2025,True,2025-04-13 22:48:13+00:00
period:ab17bbbf5d12cdddc770,2025-04-19 20:08:34+00:00,2025-04-19,oe:player:ed455f823b6586e9e3621dfb5aeb42e,oe:team:fc8e90107dabb9a35c490b0d86adea0,jgl,15.511000969459491,2025,T3_240d,protected_frozen_validation_2025,True,2025-04-13 22:48:13+00:00
period:ab17bbbf5d12cdddc770,2025-04-19 20:08:34+00:00,2025-04-19,oe:player:0a53c1102dafce61e89decc517b3175,oe:team:fc8e90107dabb9a35c490b0d86adea0,mid,16.458112579726262,2025,T3_240d,protected_frozen_validation_2025,True,2025-04-13 22:48:13+00:00
period:ab17bbbf5d12cdddc770,2025-04-19 20:08:34+00:00,2025-04-19,oe:player:1b26a8bba6e841f1c375b283db5c1c6,oe:team:0dbb780176ecad18f17292d1f5653af,mid,12.874542071153819,2025,T3_240d,protected_frozen_validation_2025,True,2025-04-13 22:48:13+00:00
period:ab17bbbf5d12cdddc770,2025-04-19 20:08:34+00:00,2025-04-19,oe:player:8f8eaac8e99c203ee76e57c5c81c91f,oe:team:4bd1751425ef6a9bc9d4d8e9385b4a6,mid,21.250270214364917,2025,T3_240d,protected_frozen_validation_2025,True,2025-04-13 22:48:13+00:00
period:ab17bbbf5d12cdddc770,2025-04-19 20:08:34+00:00,2025-04-19,oe:player:da87886941820cfc2eee112d0143e90,oe:team:289284911fb6f41c0ccaecc3a0c2891,mid,15.555198695959415,2025,T3_240d,protected_frozen_validation_2025,True,2025-04-13 22:48:13+00:00
period:ab17bbbf5d12cdddc770,2025-04-19 20:08:34+00:00,2025-04-19,oe:player:e9017664588010860a92ceb5f8fcb82,oe:team:2e66da41dc460dd378e3bcc57042d31,mid,21.320846819370598,2025,T3_240d,protected_frozen_validation_2025,True,2025-04-13 22:48:13+00:00
period:ab17bbbf5d12cdddc770,2025-04-19 20:08:34+00:00,2025-04-19,oe:player:ea9ed09584feecae0991089f087d2ce,oe:team:8eb884e168f28402ce685bedebb5250,mid,21.817944881218278,2025,T3_240d,protected_frozen_validation_2025,True,2025-04-13 22:48:13+00:00
period:ab17bbbf5d12cdddc770,2025-04-19 20:08:34+00:00,2025-04-19,oe:player:f45792335d83b10581da2f0cbdd6e8e,oe:team:da1143bf9a245b78a8dc86417de85b3,mid,14.412163890071376,2025,T3_240d,protected_frozen_validation_2025,True,2025-04-13 22:48:13+00:00
period:ab17bbbf5d12cdddc770,2025-04-19 20:08:34+00:00,2025-04-19,oe:player:fddde6d256bee26713f64ad9b2a9394,oe:team:b360f1d729b0a8e0f29a5243c4200fa,mid,13.828699970346388,2025,T3_240d,protected_frozen_validation_2025,True,2025-04-13 22:48:13+00:00
period:ab17bbbf5d12cdddc770,2025-04-19 20:08:34+00:00,2025-04-19,oe:player:05fafeaf23dc3285558a4e968970b9f,oe:team:8eb884e168f28402ce685bedebb5250,sup,21.47319293385215,2025,T3_240d,protected_frozen_validation_2025,True,2025-04-13 22:48:13+00:00
period:ab17bbbf5d12cdddc770,2025-04-19 20:08:34+00:00,2025-04-19,oe:player:3e722c8ede909c83af9342c41805a16,oe:team:2e66da41dc460dd378e3bcc57042d31,sup,19.478666569297097,2025,T3_240d,protected_frozen_validation_2025,True,2025-04-13 22:48:13+00:00
period:ab17bbbf5d12cdddc770,2025-04-19 20:08:34+00:00,2025-04-19,oe:player:40704dfd2d966862568d29770de57bd,oe:team:0dbb780176ecad18f17292d1f5653af,sup,14.086237163451042,2025,T3_240d,protected_frozen_validation_2025,True,2025-04-13 22:48:13+00:00
period:ab17bbbf5d12cdddc770,2025-04-19 20:08:34+00:00,2025-04-19,oe:player:81acc6bcde5c927c78e0990e9887f84,oe:team:fc8e90107dabb9a35c490b0d86adea0,sup,15.652013909477244,2025,T3_240d,protected_frozen_validation_2025,True,2025-04-13 22:48:13+00:00
period:ab17bbbf5d12cdddc770,2025-04-19 20:08:34+00:00,2025-04-19,oe:player:9191e392e93a6ef011ef76b5b83ee6c,oe:team:289284911fb6f41c0ccaecc3a0c2891,sup,15.685443613390381,2025,T3_240d,protected_frozen_validation_2025,True,2025-04-13 22:48:13+00:00
period:ab17bbbf5d12cdddc770,2025-04-19 20:08:34+00:00,2025-04-19,oe:player:a2d7b8856032bf106783621b9afeb41,oe:team:da1143bf9a245b78a8dc86417de85b3,sup,13.904381378205889,2025,T3_240d,protected_frozen_validation_2025,True,2025-04-13 22:48:13+00:00
period:ab17bbbf5d12cdddc770,2025-04-19 20:08:34+00:00,2025-04-19,oe:player:c88cada1696defe81464925789aa6d8,oe:team:b360f1d729b0a8e0f29a5243c4200fa,sup,14.088835759991566,2025,T3_240d,protected_frozen_validation_2025,True,2025-04-13 22:48:13+00:00
period:ab17bbbf5d12cdddc770,2025-04-19 20:08:34+00:00,2025-04-19,oe:player:dbe844fcbbc7f54654e54242e79acac,oe:team:4bd1751425ef6a9bc9d4d8e9385b4a6,sup,20.145644850535444,2025,T3_240d,protected_frozen_validation_2025,True,2025-04-13 22:48:13+00:00
period:ab17bbbf5d12cdddc770,2025-04-19 20:08:34+00:00,2025-04-19,oe:player:007be3acd5669d100711b13d79e2336,oe:team:4bd1751425ef6a9bc9d4d8e9385b4a6,top,14.277951036541785,2025,T3_240d,protected_frozen_validation_2025,True,2025-04-13 22:48:13+00:00
period:ab17bbbf5d12cdddc770,2025-04-19 20:08:34+00:00,2025-04-19,oe:player:1efc4e5732e91520d03385900b903f9,oe:team:fc8e90107dabb9a35c490b0d86adea0,top,11.295141779607684,2025,T3_240d,protected_frozen_validation_2025,True,2025-04-13 22:48:13+00:00
period:ab17bbbf5d12cdddc770,2025-04-19 20:08:34+00:00,2025-04-19,oe:player:21f59b54f62b5b8b4bc0f63f0f617fc,oe:team:8eb884e168f28402ce685bedebb5250,top,16.05331304011688,2025,T3_240d,protected_frozen_validation_2025,True,2025-04-13 22:48:13+00:00
period:ab17bbbf5d12cdddc770,2025-04-19 20:08:34+00:00,2025-04-19,oe:player:4d0ec5fa505ee341aff8b2309356afc,oe:team:0dbb780176ecad18f17292d1f5653af,top,9.8374564926290482,2025,T3_240d,protected_frozen_validation_2025,True,2025-04-13 22:48:13+00:00
period:ab17bbbf5d12cdddc770,2025-04-19 20:08:34+00:00,2025-04-19,oe:player:7e2505960c12cc54c96a0a6efb2e055,oe:team:2e66da41dc460dd378e3bcc57042d31,top,15.150116875082119,2025,T3_240d,protected_frozen_validation_2025,True,2025-04-13 22:48:13+00:00
period:ab17bbbf5d12cdddc770,2025-04-19 20:08:34+00:00,2025-04-19,oe:player:80fea0848c57b8e07a79675d41f582c,oe:team:289284911fb6f41c0ccaecc3a0c2891,top,9.8179918212617299,2025,T3_240d,protected_frozen_validation_2025,True,2025-04-13 22:48:13+00:00
period:ab17bbbf5d12cdddc770,2025-04-19 20:08:34+00:00,2025-04-19,oe:player:e03d0722b6dce835cde3268c08c4f54,oe:team:da1143bf9a245b78a8dc86417de85b3,top,10.433774954972353,2025,T3_240d,protected_frozen_validation_2025,True,2025-04-13 22:48:13+00:00
period:ab17bbbf5d12cdddc770,2025-04-19 20:08:34+00:00,2025-04-19,oe:player:f02f1c8275084050765b4b6414bdfda,oe:team:b360f1d729b0a8e0f29a5243c4200fa,top,10.64384967583015,2025,T3_240d,protected_frozen_validation_2025,True,2025-04-13 22:48:13+00:00
period:0bd7b62868a6e6fa9a6d,2025-04-26 20:08:33+00:00,2025-04-26,oe:player:10fcffece0ac7be85f09c4b51a75762,oe:team:fc8e90107dabb9a35c490b0d86adea0,bot,22.870104623645773,2025,T3_240d,protected_frozen_validation_2025,True,2025-04-21 22:34:22+00:00
period:0bd7b62868a6e6fa9a6d,2025-04-26 20:08:33+00:00,2025-04-26,oe:player:265b58ce8b2f418df94006bf24e296c,oe:team:289284911fb6f41c0ccaecc3a0c2891,bot,8.4639579459478504,2025,T3_240d,protected_frozen_validation_2025,True,2025-04-21 22:34:22+00:00
period:0bd7b62868a6e6fa9a6d,2025-04-26 20:08:33+00:00,2025-04-26,oe:player:494fc60dffbb5da1caa2226baef0ec7,oe:team:b360f1d729b0a8e0f29a5243c4200fa,bot,16.237055233203012,2025,T3_240d,protected_frozen_validation_2025,True,2025-04-21 22:34:22+00:00
period:0bd7b62868a6e6fa9a6d,2025-04-26 20:08:33+00:00,2025-04-26,oe:player:6378658dafc3eeb902fa2e52f909172,oe:team:0dbb780176ecad18f17292d1f5653af,bot,18.94747508996835,2025,T3_240d,protected_frozen_validation_2025,True,2025-04-21 22:34:22+00:00
period:0bd7b62868a6e6fa9a6d,2025-04-26 20:08:33+00:00,2025-04-26,oe:player:73d2b65353d7b00e0f198ffdc085edc,oe:team:4bd1751425ef6a9bc9d4d8e9385b4a6,bot,14.798804368307339,2025,T3_240d,protected_frozen_validation_2025,True,2025-04-21 22:34:22+00:00
period:0bd7b62868a6e6fa9a6d,2025-04-26 20:08:33+00:00,2025-04-26,oe:player:9712524dc88851032bd53054f8b49b4,oe:team:da1143bf9a245b78a8dc86417de85b3,bot,12.133466221149096,2025,T3_240d,protected_frozen_validation_2025,True,2025-04-21 22:34:22+00:00
period:0bd7b62868a6e6fa9a6d,2025-04-26 20:08:33+00:00,2025-04-26,oe:player:c145139d26813639b8fe6f4d0b28228,oe:team:2e66da41dc460dd378e3bcc57042d31,bot,16.88073157479996,2025,T3_240d,protected_frozen_validation_2025,True,2025-04-21 22:34:22+00:00
period:0bd7b62868a6e6fa9a6d,2025-04-26 20:08:33+00:00,2025-04-26,oe:player:f6b8af05a5af22004a67a78f3046b92,oe:team:8eb884e168f28402ce685bedebb5250,bot,21.122326866444105,2025,T3_240d,protected_frozen_validation_2025,True,2025-04-21 22:34:22+00:00
period:0bd7b62868a6e6fa9a6d,2025-04-26 20:08:33+00:00,2025-04-26,oe:player:08936c56ab5a6453c58974a619651c3,oe:team:289284911fb6f41c0ccaecc3a0c2891,jgl,8.2162787326376865,2025,T3_240d,protected_frozen_validation_2025,True,2025-04-21 22:34:22+00:00
period:0bd7b62868a6e6fa9a6d,2025-04-26 20:08:33+00:00,2025-04-26,oe:player:1970fcb701acce66e0771946bbb3105,oe:team:8eb884e168f28402ce685bedebb5250,jgl,19.900969739275034,2025,T3_240d,protected_frozen_validation_2025,True,2025-04-21 22:34:22+00:00
period:0bd7b62868a6e6fa9a6d,2025-04-26 20:08:33+00:00,2025-04-26,oe:player:5f048688474a6eacfefd74bd53d8715,oe:team:0dbb780176ecad18f17292d1f5653af,jgl,17.195744350485072,2025,T3_240d,protected_frozen_validation_2025,True,2025-04-21 22:34:22+00:00
period:0bd7b62868a6e6fa9a6d,2025-04-26 20:08:33+00:00,2025-04-26,oe:player:7c3395efccd48fe73592001501bef83,oe:team:4bd1751425ef6a9bc9d4d8e9385b4a6,jgl,13.38997554570428,2025,T3_240d,protected_frozen_validation_2025,True,2025-04-21 22:34:22+00:00
period:0bd7b62868a6e6fa9a6d,2025-04-26 20:08:33+00:00,2025-04-26,oe:player:8a5dbe19794784cfd0553556844f045,oe:team:b360f1d729b0a8e0f29a5243c4200fa,jgl,14.964913761358464,2025,T3_240d,protected_frozen_validation_2025,True,2025-04-21 22:34:22+00:00
period:0bd7b62868a6e6fa9a6d,2025-04-26 20:08:33+00:00,2025-04-26,oe:player:a8307167f3a1c933295bb9e3d43700e,oe:team:2e66da41dc460dd378e3bcc57042d31,jgl,17.267365688918616,2025,T3_240d,protected_frozen_validation_2025,True,2025-04-21 22:34:22+00:00
period:0bd7b62868a6e6fa9a6d,2025-04-26 20:08:33+00:00,2025-04-26,oe:player:de23ee5a66222e1e02da354414f2971,oe:team:da1143bf9a245b78a8dc86417de85b3,jgl,10.536032123216206,2025,T3_240d,protected_frozen_validation_2025,True,2025-04-21 22:34:22+00:00
period:0bd7b62868a6e6fa9a6d,2025-04-26 20:08:33+00:00,2025-04-26,oe:player:ed455f823b6586e9e3621dfb5aeb42e,oe:team:fc8e90107dabb9a35c490b0d86adea0,jgl,21.422446201819355,2025,T3_240d,protected_frozen_validation_2025,True,2025-04-21 22:34:22+00:00
period:0bd7b62868a6e6fa9a6d,2025-04-26 20:08:33+00:00,2025-04-26,oe:player:0a53c1102dafce61e89decc517b3175,oe:team:fc8e90107dabb9a35c490b0d86adea0,mid,23.385450232204949,2025,T3_240d,protected_frozen_validation_2025,True,2025-04-21 22:34:22+00:00
period:0bd7b62868a6e6fa9a6d,2025-04-26 20:08:33+00:00,2025-04-26,oe:player:1b26a8bba6e841f1c375b283db5c1c6,oe:team:0dbb780176ecad18f17292d1f5653af,mid,17.659191950374645,2025,T3_240d,protected_frozen_validation_2025,True,2025-04-21 22:34:22+00:00
period:0bd7b62868a6e6fa9a6d,2025-04-26 20:08:33+00:00,2025-04-26,oe:player:8f8eaac8e99c203ee76e57c5c81c91f,oe:team:4bd1751425ef6a9bc9d4d8e9385b4a6,mid,15.626715115482735,2025,T3_240d,protected_frozen_validation_2025,True,2025-04-21 22:34:22+00:00
period:0bd7b62868a6e6fa9a6d,2025-04-26 20:08:33+00:00,2025-04-26,oe:player:da87886941820cfc2eee112d0143e90,oe:team:289284911fb6f41c0ccaecc3a0c2891,mid,11.512890314758579,2025,T3_240d,protected_frozen_validation_2025,True,2025-04-21 22:34:22+00:00
period:0bd7b62868a6e6fa9a6d,2025-04-26 20:08:33+00:00,2025-04-26,oe:player:e9017664588010860a92ceb5f8fcb82,oe:team:2e66da41dc460dd378e3bcc57042d31,mid,18.717872447341097,2025,T3_240d,protected_frozen_validation_2025,True,2025-04-21 22:34:22+00:00
period:0bd7b62868a6e6fa9a6d,2025-04-26 20:08:33+00:00,2025-04-26,oe:player:ea9ed09584feecae0991089f087d2ce,oe:team:8eb884e168f28402ce685bedebb5250,mid,21.497326256860863,2025,T3_240d,protected_frozen_validation_2025,True,2025-04-21 22:34:22+00:00
period:0bd7b62868a6e6fa9a6d,2025-04-26 20:08:33+00:00,2025-04-26,oe:player:f45792335d83b10581da2f0cbdd6e8e,oe:team:da1143bf9a245b78a8dc86417de85b3,mid,12.283702218231033,2025,T3_240d,protected_frozen_validation_2025,True,2025-04-21 22:34:22+00:00
period:0bd7b62868a6e6fa9a6d,2025-04-26 20:08:33+00:00,2025-04-26,oe:player:fddde6d256bee26713f64ad9b2a9394,oe:team:b360f1d729b0a8e0f29a5243c4200fa,mid,15.82899337300767,2025,T3_240d,protected_frozen_validation_2025,True,2025-04-21 22:34:22+00:00
period:0bd7b62868a6e6fa9a6d,2025-04-26 20:08:33+00:00,2025-04-26,oe:player:05fafeaf23dc3285558a4e968970b9f,oe:team:8eb884e168f28402ce685bedebb5250,sup,21.064486742039463,2025,T3_240d,protected_frozen_validation_2025,True,2025-04-21 22:34:22+00:00
period:0bd7b62868a6e6fa9a6d,2025-04-26 20:08:33+00:00,2025-04-26,oe:player:3e722c8ede909c83af9342c41805a16,oe:team:2e66da41dc460dd378e3bcc57042d31,sup,17.04649756932022,2025,T3_240d,protected_frozen_validation_2025,True,2025-04-21 22:34:22+00:00
period:0bd7b62868a6e6fa9a6d,2025-04-26 20:08:33+00:00,2025-04-26,oe:player:40704dfd2d966862568d29770de57bd,oe:team:0dbb780176ecad18f17292d1f5653af,sup,17.771747566500892,2025,T3_240d,protected_frozen_validation_2025,True,2025-04-21 22:34:22+00:00
period:0bd7b62868a6e6fa9a6d,2025-04-26 20:08:33+00:00,2025-04-26,oe:player:81acc6bcde5c927c78e0990e9887f84,oe:team:fc8e90107dabb9a35c490b0d86adea0,sup,21.581606152927151,2025,T3_240d,protected_frozen_validation_2025,True,2025-04-21 22:34:22+00:00
period:0bd7b62868a6e6fa9a6d,2025-04-26 20:08:33+00:00,2025-04-26,oe:player:9191e392e93a6ef011ef76b5b83ee6c,oe:team:289284911fb6f41c0ccaecc3a0c2891,sup,11.605800962448985,2025,T3_240d,protected_frozen_validation_2025,True,2025-04-21 22:34:22+00:00
period:0bd7b62868a6e6fa9a6d,2025-04-26 20:08:33+00:00,2025-04-26,oe:player:a2d7b8856032bf106783621b9afeb41,oe:team:da1143bf9a245b78a8dc86417de85b3,sup,12.233902273797382,2025,T3_240d,protected_frozen_validation_2025,True,2025-04-21 22:34:22+00:00
period:0bd7b62868a6e6fa9a6d,2025-04-26 20:08:33+00:00,2025-04-26,oe:player:c88cada1696defe81464925789aa6d8,oe:team:b360f1d729b0a8e0f29a5243c4200fa,sup,13.860937674987946,2025,T3_240d,protected_frozen_validation_2025,True,2025-04-21 22:34:22+00:00
period:0bd7b62868a6e6fa9a6d,2025-04-26 20:08:33+00:00,2025-04-26,oe:player:dbe844fcbbc7f54654e54242e79acac,oe:team:4bd1751425ef6a9bc9d4d8e9385b4a6,sup,14.812479833205934,2025,T3_240d,protected_frozen_validation_2025,True,2025-04-21 22:34:22+00:00
period:0bd7b62868a6e6fa9a6d,2025-04-26 20:08:33+00:00,2025-04-26,oe:player:007be3acd5669d100711b13d79e2336,oe:team:4bd1751425ef6a9bc9d4d8e9385b4a6,top,9.7694955829145442,2025,T3_240d,protected_frozen_validation_2025,True,2025-04-21 22:34:22+00:00
period:0bd7b62868a6e6fa9a6d,2025-04-26 20:08:33+00:00,2025-04-26,oe:player:1efc4e5732e91520d03385900b903f9,oe:team:fc8e90107dabb9a35c490b0d86adea0,top,16.481715974723631,2025,T3_240d,protected_frozen_validation_2025,True,2025-04-21 22:34:22+00:00
period:0bd7b62868a6e6fa9a6d,2025-04-26 20:08:33+00:00,2025-04-26,oe:player:21f59b54f62b5b8b4bc0f63f0f617fc,oe:team:8eb884e168f28402ce685bedebb5250,top,16.038801819953477,2025,T3_240d,protected_frozen_validation_2025,True,2025-04-21 22:34:22+00:00
period:0bd7b62868a6e6fa9a6d,2025-04-26 20:08:33+00:00,2025-04-26,oe:player:4d0ec5fa505ee341aff8b2309356afc,oe:team:0dbb780176ecad18f17292d1f5653af,top,12.947994927722835,2025,T3_240d,protected_frozen_validation_2025,True,2025-04-21 22:34:22+00:00
period:0bd7b62868a6e6fa9a6d,2025-04-26 20:08:33+00:00,2025-04-26,oe:player:7e2505960c12cc54c96a0a6efb2e055,oe:team:2e66da41dc460dd378e3bcc57042d31,top,13.395849602452859,2025,T3_240d,protected_frozen_validation_2025,True,2025-04-21 22:34:22+00:00
period:0bd7b62868a6e6fa9a6d,2025-04-26 20:08:33+00:00,2025-04-26,oe:player:80fea0848c57b8e07a79675d41f582c,oe:team:289284911fb6f41c0ccaecc3a0c2891,top,6.4050943260303539,2025,T3_240d,protected_frozen_validation_2025,True,2025-04-21 22:34:22+00:00
period:0bd7b62868a6e6fa9a6d,2025-04-26 20:08:33+00:00,2025-04-26,oe:player:e03d0722b6dce835cde3268c08c4f54,oe:team:da1143bf9a245b78a8dc86417de85b3,top,9.7721935283342294,2025,T3_240d,protected_frozen_validation_2025,True,2025-04-21 22:34:22+00:00
period:0bd7b62868a6e6fa9a6d,2025-04-26 20:08:33+00:00,2025-04-26,oe:player:f02f1c8275084050765b4b6414bdfda,oe:team:b360f1d729b0a8e0f29a5243c4200fa,top,12.399451146395119,2025,T3_240d,protected_frozen_validation_2025,True,2025-04-21 22:34:22+00:00
period:f91ca0f544586fb72c4d,2025-05-03 20:08:26+00:00,2025-05-03,oe:player:10fcffece0ac7be85f09c4b51a75762,oe:team:fc8e90107dabb9a35c490b0d86adea0,bot,21.599808984759079,2025,T3_240d,protected_frozen_validation_2025,True,2025-04-27 23:47:01+00:00
period:f91ca0f544586fb72c4d,2025-05-03 20:08:26+00:00,2025-05-03,oe:player:265b58ce8b2f418df94006bf24e296c,oe:team:289284911fb6f41c0ccaecc3a0c2891,bot,8.1810254963579911,2025,T3_240d,protected_frozen_validation_2025,True,2025-04-27 23:47:01+00:00
period:f91ca0f544586fb72c4d,2025-05-03 20:08:26+00:00,2025-05-03,oe:player:494fc60dffbb5da1caa2226baef0ec7,oe:team:b360f1d729b0a8e0f29a5243c4200fa,bot,11.276405077076149,2025,T3_240d,protected_frozen_validation_2025,True,2025-04-27 23:47:01+00:00
period:f91ca0f544586fb72c4d,2025-05-03 20:08:26+00:00,2025-05-03,oe:player:6378658dafc3eeb902fa2e52f909172,oe:team:0dbb780176ecad18f17292d1f5653af,bot,14.737088014284828,2025,T3_240d,protected_frozen_validation_2025,True,2025-04-27 23:47:01+00:00
period:f91ca0f544586fb72c4d,2025-05-03 20:08:26+00:00,2025-05-03,oe:player:73d2b65353d7b00e0f198ffdc085edc,oe:team:4bd1751425ef6a9bc9d4d8e9385b4a6,bot,18.692290244867408,2025,T3_240d,protected_frozen_validation_2025,True,2025-04-27 23:47:01+00:00
period:f91ca0f544586fb72c4d,2025-05-03 20:08:26+00:00,2025-05-03,oe:player:9712524dc88851032bd53054f8b49b4,oe:team:da1143bf9a245b78a8dc86417de85b3,bot,10.649954178782632,2025,T3_240d,protected_frozen_validation_2025,True,2025-04-27 23:47:01+00:00
period:f91ca0f544586fb72c4d,2025-05-03 20:08:26+00:00,2025-05-03,oe:player:c145139d26813639b8fe6f4d0b28228,oe:team:2e66da41dc460dd378e3bcc57042d31,bot,21.481729326794586,2025,T3_240d,protected_frozen_validation_2025,True,2025-04-27 23:47:01+00:00
period:f91ca0f544586fb72c4d,2025-05-03 20:08:26+00:00,2025-05-03,oe:player:f6b8af05a5af22004a67a78f3046b92,oe:team:8eb884e168f28402ce685bedebb5250,bot,22.635373589407425,2025,T3_240d,protected_frozen_validation_2025,True,2025-04-27 23:47:01+00:00
period:f91ca0f544586fb72c4d,2025-05-03 20:08:26+00:00,2025-05-03,oe:player:08936c56ab5a6453c58974a619651c3,oe:team:289284911fb6f41c0ccaecc3a0c2891,jgl,7.820917898112457,2025,T3_240d,protected_frozen_validation_2025,True,2025-04-27 23:47:01+00:00
period:f91ca0f544586fb72c4d,2025-05-03 20:08:26+00:00,2025-05-03,oe:player:1970fcb701acce66e0771946bbb3105,oe:team:8eb884e168f28402ce685bedebb5250,jgl,21.729265656794887,2025,T3_240d,protected_frozen_validation_2025,True,2025-04-27 23:47:01+00:00
period:f91ca0f544586fb72c4d,2025-05-03 20:08:26+00:00,2025-05-03,oe:player:5f048688474a6eacfefd74bd53d8715,oe:team:0dbb780176ecad18f17292d1f5653af,jgl,13.377906225064381,2025,T3_240d,protected_frozen_validation_2025,True,2025-04-27 23:47:01+00:00
period:f91ca0f544586fb72c4d,2025-05-03 20:08:26+00:00,2025-05-03,oe:player:7c3395efccd48fe73592001501bef83,oe:team:4bd1751425ef6a9bc9d4d8e9385b4a6,jgl,17.033158007929515,2025,T3_240d,protected_frozen_validation_2025,True,2025-04-27 23:47:01+00:00
period:f91ca0f544586fb72c4d,2025-05-03 20:08:26+00:00,2025-05-03,oe:player:8a5dbe19794784cfd0553556844f045,oe:team:b360f1d729b0a8e0f29a5243c4200fa,jgl,10.418541057210909,2025,T3_240d,protected_frozen_validation_2025,True,2025-04-27 23:47:01+00:00
period:f91ca0f544586fb72c4d,2025-05-03 20:08:26+00:00,2025-05-03,oe:player:a8307167f3a1c933295bb9e3d43700e,oe:team:2e66da41dc460dd378e3bcc57042d31,jgl,21.346936816539174,2025,T3_240d,protected_frozen_validation_2025,True,2025-04-27 23:47:01+00:00
period:f91ca0f544586fb72c4d,2025-05-03 20:08:26+00:00,2025-05-03,oe:player:de23ee5a66222e1e02da354414f2971,oe:team:da1143bf9a245b78a8dc86417de85b3,jgl,9.6200056683851667,2025,T3_240d,protected_frozen_validation_2025,True,2025-04-27 23:47:01+00:00
period:f91ca0f544586fb72c4d,2025-05-03 20:08:26+00:00,2025-05-03,oe:player:ed455f823b6586e9e3621dfb5aeb42e,oe:team:fc8e90107dabb9a35c490b0d86adea0,jgl,20.240501537779128,2025,T3_240d,protected_frozen_validation_2025,True,2025-04-27 23:47:01+00:00
period:f91ca0f544586fb72c4d,2025-05-03 20:08:26+00:00,2025-05-03,oe:player:0a53c1102dafce61e89decc517b3175,oe:team:fc8e90107dabb9a35c490b0d86adea0,mid,22.338875408554649,2025,T3_240d,protected_frozen_validation_2025,True,2025-04-27 23:47:01+00:00
period:f91ca0f544586fb72c4d,2025-05-03 20:08:26+00:00,2025-05-03,oe:player:1b26a8bba6e841f1c375b283db5c1c6,oe:team:0dbb780176ecad18f17292d1f5653af,mid,13.388883836864887,2025,T3_240d,protected_frozen_validation_2025,True,2025-04-27 23:47:01+00:00
period:f91ca0f544586fb72c4d,2025-05-03 20:08:26+00:00,2025-05-03,oe:player:8f8eaac8e99c203ee76e57c5c81c91f,oe:team:4bd1751425ef6a9bc9d4d8e9385b4a6,mid,19.488933132257475,2025,T3_240d,protected_frozen_validation_2025,True,2025-04-27 23:47:01+00:00
period:f91ca0f544586fb72c4d,2025-05-03 20:08:26+00:00,2025-05-03,oe:player:da87886941820cfc2eee112d0143e90,oe:team:289284911fb6f41c0ccaecc3a0c2891,mid,10.858980960593133,2025,T3_240d,protected_frozen_validation_2025,True,2025-04-27 23:47:01+00:00
period:f91ca0f544586fb72c4d,2025-05-03 20:08:26+00:00,2025-05-03,oe:player:e9017664588010860a92ceb5f8fcb82,oe:team:2e66da41dc460dd378e3bcc57042d31,mid,23.022617090772862,2025,T3_240d,protected_frozen_validation_2025,True,2025-04-27 23:47:01+00:00
period:f91ca0f544586fb72c4d,2025-05-03 20:08:26+00:00,2025-05-03,oe:player:ea9ed09584feecae0991089f087d2ce,oe:team:8eb884e168f28402ce685bedebb5250,mid,23.360820877515525,2025,T3_240d,protected_frozen_validation_2025,True,2025-04-27 23:47:01+00:00
period:f91ca0f544586fb72c4d,2025-05-03 20:08:26+00:00,2025-05-03,oe:player:f45792335d83b10581da2f0cbdd6e8e,oe:team:da1143bf9a245b78a8dc86417de85b3,mid,11.818909118063701,2025,T3_240d,protected_frozen_validation_2025,True,2025-04-27 23:47:01+00:00
period:f91ca0f544586fb72c4d,2025-05-03 20:08:26+00:00,2025-05-03,oe:player:fddde6d256bee26713f64ad9b2a9394,oe:team:b360f1d729b0a8e0f29a5243c4200fa,mid,10.912233503989476,2025,T3_240d,protected_frozen_validation_2025,True,2025-04-27 23:47:01+00:00
period:f91ca0f544586fb72c4d,2025-05-03 20:08:26+00:00,2025-05-03,oe:player:05fafeaf23dc3285558a4e968970b9f,oe:team:8eb884e168f28402ce685bedebb5250,sup,22.849098629390063,2025,T3_240d,protected_frozen_validation_2025,True,2025-04-27 23:47:01+00:00
period:f91ca0f544586fb72c4d,2025-05-03 20:08:26+00:00,2025-05-03,oe:player:3e722c8ede909c83af9342c41805a16,oe:team:2e66da41dc460dd378e3bcc57042d31,sup,21.136665646566314,2025,T3_240d,protected_frozen_validation_2025,True,2025-04-27 23:47:01+00:00
period:f91ca0f544586fb72c4d,2025-05-03 20:08:26+00:00,2025-05-03,oe:player:40704dfd2d966862568d29770de57bd,oe:team:0dbb780176ecad18f17292d1f5653af,sup,13.698268370911595,2025,T3_240d,protected_frozen_validation_2025,True,2025-04-27 23:47:01+00:00
period:f91ca0f544586fb72c4d,2025-05-03 20:08:26+00:00,2025-05-03,oe:player:81acc6bcde5c927c78e0990e9887f84,oe:team:fc8e90107dabb9a35c490b0d86adea0,sup,20.352747107884905,2025,T3_240d,protected_frozen_validation_2025,True,2025-04-27 23:47:01+00:00
period:f91ca0f544586fb72c4d,2025-05-03 20:08:26+00:00,2025-05-03,oe:player:9191e392e93a6ef011ef76b5b83ee6c,oe:team:289284911fb6f41c0ccaecc3a0c2891,sup,11.207893523119056,2025,T3_240d,protected_frozen_validation_2025,True,2025-04-27 23:47:01+00:00
period:f91ca0f544586fb72c4d,2025-05-03 20:08:26+00:00,2025-05-03,oe:player:a2d7b8856032bf106783621b9afeb41,oe:team:da1143bf9a245b78a8dc86417de85b3,sup,11.252950995454544,2025,T3_240d,protected_frozen_validation_2025,True,2025-04-27 23:47:01+00:00
period:f91ca0f544586fb72c4d,2025-05-03 20:08:26+00:00,2025-05-03,oe:player:c88cada1696defe81464925789aa6d8,oe:team:b360f1d729b0a8e0f29a5243c4200fa,sup,9.5633972671841168,2025,T3_240d,protected_frozen_validation_2025,True,2025-04-27 23:47:01+00:00
period:f91ca0f544586fb72c4d,2025-05-03 20:08:26+00:00,2025-05-03,oe:player:dbe844fcbbc7f54654e54242e79acac,oe:team:4bd1751425ef6a9bc9d4d8e9385b4a6,sup,18.667166102251624,2025,T3_240d,protected_frozen_validation_2025,True,2025-04-27 23:47:01+00:00
period:f91ca0f544586fb72c4d,2025-05-03 20:08:26+00:00,2025-05-03,oe:player:007be3acd5669d100711b13d79e2336,oe:team:4bd1751425ef6a9bc9d4d8e9385b4a6,top,12.967992140078483,2025,T3_240d,protected_frozen_validation_2025,True,2025-04-27 23:47:01+00:00
period:f91ca0f544586fb72c4d,2025-05-03 20:08:26+00:00,2025-05-03,oe:player:1efc4e5732e91520d03385900b903f9,oe:team:fc8e90107dabb9a35c490b0d86adea0,top,15.54082912341884,2025,T3_240d,protected_frozen_validation_2025,True,2025-04-27 23:47:01+00:00
period:f91ca0f544586fb72c4d,2025-05-03 20:08:26+00:00,2025-05-03,oe:player:21f59b54f62b5b8b4bc0f63f0f617fc,oe:team:8eb884e168f28402ce685bedebb5250,top,17.509544685590519,2025,T3_240d,protected_frozen_validation_2025,True,2025-04-27 23:47:01+00:00
period:f91ca0f544586fb72c4d,2025-05-03 20:08:26+00:00,2025-05-03,oe:player:4d0ec5fa505ee341aff8b2309356afc,oe:team:0dbb780176ecad18f17292d1f5653af,top,10.165239322784648,2025,T3_240d,protected_frozen_validation_2025,True,2025-04-27 23:47:01+00:00
period:f91ca0f544586fb72c4d,2025-05-03 20:08:26+00:00,2025-05-03,oe:player:7e2505960c12cc54c96a0a6efb2e055,oe:team:2e66da41dc460dd378e3bcc57042d31,top,17.022761918192028,2025,T3_240d,protected_frozen_validation_2025,True,2025-04-27 23:47:01+00:00
period:f91ca0f544586fb72c4d,2025-05-03 20:08:26+00:00,2025-05-03,oe:player:80fea0848c57b8e07a79675d41f582c,oe:team:289284911fb6f41c0ccaecc3a0c2891,top,6.452872387034474,2025,T3_240d,protected_frozen_validation_2025,True,2025-04-27 23:47:01+00:00
period:f91ca0f544586fb72c4d,2025-05-03 20:08:26+00:00,2025-05-03,oe:player:e03d0722b6dce835cde3268c08c4f54,oe:team:da1143bf9a245b78a8dc86417de85b3,top,8.9727939797190626,2025,T3_240d,protected_frozen_validation_2025,True,2025-04-27 23:47:01+00:00
period:f91ca0f544586fb72c4d,2025-05-03 20:08:26+00:00,2025-05-03,oe:player:f02f1c8275084050765b4b6414bdfda,oe:team:b360f1d729b0a8e0f29a5243c4200fa,top,8.5142921344485494,2025,T3_240d,protected_frozen_validation_2025,True,2025-04-27 23:47:01+00:00
period:92eb584d41521b4a115a,2025-05-10 20:09:23+00:00,2025-05-10,oe:player:10fcffece0ac7be85f09c4b51a75762,oe:team:fc8e90107dabb9a35c490b0d86adea0,bot,16.163758861973612,2025,T3_240d,protected_frozen_validation_2025,True,2025-05-04 23:57:16+00:00
period:92eb584d41521b4a115a,2025-05-10 20:09:23+00:00,2025-05-10,oe:player:265b58ce8b2f418df94006bf24e296c,oe:team:289284911fb6f41c0ccaecc3a0c2891,bot,11.117191375886012,2025,T3_240d,protected_frozen_validation_2025,True,2025-05-04 23:57:16+00:00
period:92eb584d41521b4a115a,2025-05-10 20:09:23+00:00,2025-05-10,oe:player:494fc60dffbb5da1caa2226baef0ec7,oe:team:b360f1d729b0a8e0f29a5243c4200fa,bot,12.978186866019026,2025,T3_240d,protected_frozen_validation_2025,True,2025-05-04 23:57:16+00:00
period:92eb584d41521b4a115a,2025-05-10 20:09:23+00:00,2025-05-10,oe:player:6378658dafc3eeb902fa2e52f909172,oe:team:0dbb780176ecad18f17292d1f5653af,bot,12.330009772058947,2025,T3_240d,protected_frozen_validation_2025,True,2025-05-04 23:57:16+00:00
period:92eb584d41521b4a115a,2025-05-10 20:09:23+00:00,2025-05-10,oe:player:73d2b65353d7b00e0f198ffdc085edc,oe:team:4bd1751425ef6a9bc9d4d8e9385b4a6,bot,20.793235630460082,2025,T3_240d,protected_frozen_validation_2025,True,2025-05-04 23:57:16+00:00
period:92eb584d41521b4a115a,2025-05-10 20:09:23+00:00,2025-05-10,oe:player:9712524dc88851032bd53054f8b49b4,oe:team:da1143bf9a245b78a8dc86417de85b3,bot,19.309763893643787,2025,T3_240d,protected_frozen_validation_2025,True,2025-05-04 23:57:16+00:00
period:92eb584d41521b4a115a,2025-05-10 20:09:23+00:00,2025-05-10,oe:player:c145139d26813639b8fe6f4d0b28228,oe:team:2e66da41dc460dd378e3bcc57042d31,bot,20.253646135225104,2025,T3_240d,protected_frozen_validation_2025,True,2025-05-04 23:57:16+00:00
period:92eb584d41521b4a115a,2025-05-10 20:09:23+00:00,2025-05-10,oe:player:f6b8af05a5af22004a67a78f3046b92,oe:team:8eb884e168f28402ce685bedebb5250,bot,16.346592661804081,2025,T3_240d,protected_frozen_validation_2025,True,2025-05-04 23:57:16+00:00
period:92eb584d41521b4a115a,2025-05-10 20:09:23+00:00,2025-05-10,oe:player:08936c56ab5a6453c58974a619651c3,oe:team:289284911fb6f41c0ccaecc3a0c2891,jgl,10.848708365530983,2025,T3_240d,protected_frozen_validation_2025,True,2025-05-04 23:57:16+00:00
period:92eb584d41521b4a115a,2025-05-10 20:09:23+00:00,2025-05-10,oe:player:1970fcb701acce66e0771946bbb3105,oe:team:8eb884e168f28402ce685bedebb5250,jgl,15.627984794642092,2025,T3_240d,protected_frozen_validation_2025,True,2025-05-04 23:57:16+00:00
period:92eb584d41521b4a115a,2025-05-10 20:09:23+00:00,2025-05-10,oe:player:5f048688474a6eacfefd74bd53d8715,oe:team:0dbb780176ecad18f17292d1f5653af,jgl,11.309542973061063,2025,T3_240d,protected_frozen_validation_2025,True,2025-05-04 23:57:16+00:00
period:92eb584d41521b4a115a,2025-05-10 20:09:23+00:00,2025-05-10,oe:player:7c3395efccd48fe73592001501bef83,oe:team:4bd1751425ef6a9bc9d4d8e9385b4a6,jgl,18.870622423909104,2025,T3_240d,protected_frozen_validation_2025,True,2025-05-04 23:57:16+00:00
period:92eb584d41521b4a115a,2025-05-10 20:09:23+00:00,2025-05-10,oe:player:8a5dbe19794784cfd0553556844f045,oe:team:b360f1d729b0a8e0f29a5243c4200fa,jgl,11.993773853233263,2025,T3_240d,protected_frozen_validation_2025,True,2025-05-04 23:57:16+00:00
period:92eb584d41521b4a115a,2025-05-10 20:09:23+00:00,2025-05-10,oe:player:a8307167f3a1c933295bb9e3d43700e,oe:team:2e66da41dc460dd378e3bcc57042d31,jgl,20.142798793983363,2025,T3_240d,protected_frozen_validation_2025,True,2025-05-04 23:57:16+00:00
period:92eb584d41521b4a115a,2025-05-10 20:09:23+00:00,2025-05-10,oe:player:de23ee5a66222e1e02da354414f2971,oe:team:da1143bf9a245b78a8dc86417de85b3,jgl,18.40465705218611,2025,T3_240d,protected_frozen_validation_2025,True,2025-05-04 23:57:16+00:00
period:92eb584d41521b4a115a,2025-05-10 20:09:23+00:00,2025-05-10,oe:player:ed455f823b6586e9e3621dfb5aeb42e,oe:team:fc8e90107dabb9a35c490b0d86adea0,jgl,15.067094699194925,2025,T3_240d,protected_frozen_validation_2025,True,2025-05-04 23:57:16+00:00
period:92eb584d41521b4a115a,2025-05-10 20:09:23+00:00,2025-05-10,oe:player:0a53c1102dafce61e89decc517b3175,oe:team:fc8e90107dabb9a35c490b0d86adea0,mid,15.800404095574027,2025,T3_240d,protected_frozen_validation_2025,True,2025-05-04 23:57:16+00:00
period:92eb584d41521b4a115a,2025-05-10 20:09:23+00:00,2025-05-10,oe:player:1b26a8bba6e841f1c375b283db5c1c6,oe:team:0dbb780176ecad18f17292d1f5653af,mid,10.977257116514457,2025,T3_240d,protected_frozen_validation_2025,True,2025-05-04 23:57:16+00:00
period:92eb584d41521b4a115a,2025-05-10 20:09:23+00:00,2025-05-10,oe:player:8f8eaac8e99c203ee76e57c5c81c91f,oe:team:4bd1751425ef6a9bc9d4d8e9385b4a6,mid,21.241807530261219,2025,T3_240d,protected_frozen_validation_2025,True,2025-05-04 23:57:16+00:00
period:92eb584d41521b4a115a,2025-05-10 20:09:23+00:00,2025-05-10,oe:player:da87886941820cfc2eee112d0143e90,oe:team:289284911fb6f41c0ccaecc3a0c2891,mid,13.70858042336554,2025,T3_240d,protected_frozen_validation_2025,True,2025-05-04 23:57:16+00:00
period:92eb584d41521b4a115a,2025-05-10 20:09:23+00:00,2025-05-10,oe:player:e9017664588010860a92ceb5f8fcb82,oe:team:2e66da41dc460dd378e3bcc57042d31,mid,21.633563158225623,2025,T3_240d,protected_frozen_validation_2025,True,2025-05-04 23:57:16+00:00
period:92eb584d41521b4a115a,2025-05-10 20:09:23+00:00,2025-05-10,oe:player:ea9ed09584feecae0991089f087d2ce,oe:team:8eb884e168f28402ce685bedebb5250,mid,16.853205804788168,2025,T3_240d,protected_frozen_validation_2025,True,2025-05-04 23:57:16+00:00
period:92eb584d41521b4a115a,2025-05-10 20:09:23+00:00,2025-05-10,oe:player:f45792335d83b10581da2f0cbdd6e8e,oe:team:da1143bf9a245b78a8dc86417de85b3,mid,20.644374681090092,2025,T3_240d,protected_frozen_validation_2025,True,2025-05-04 23:57:16+00:00
period:92eb584d41521b4a115a,2025-05-10 20:09:23+00:00,2025-05-10,oe:player:fddde6d256bee26713f64ad9b2a9394,oe:team:b360f1d729b0a8e0f29a5243c4200fa,mid,12.53345183081303,2025,T3_240d,protected_frozen_validation_2025,True,2025-05-04 23:57:16+00:00
period:92eb584d41521b4a115a,2025-05-10 20:09:23+00:00,2025-05-10,oe:player:05fafeaf23dc3285558a4e968970b9f,oe:team:8eb884e168f28402ce685bedebb5250,sup,16.571713684059556,2025,T3_240d,protected_frozen_validation_2025,True,2025-05-04 23:57:16+00:00
period:92eb584d41521b4a115a,2025-05-10 20:09:23+00:00,2025-05-10,oe:player:3e722c8ede909c83af9342c41805a16,oe:team:2e66da41dc460dd378e3bcc57042d31,sup,19.966532599521791,2025,T3_240d,protected_frozen_validation_2025,True,2025-05-04 23:57:16+00:00
period:92eb584d41521b4a115a,2025-05-10 20:09:23+00:00,2025-05-10,oe:player:40704dfd2d966862568d29770de57bd,oe:team:0dbb780176ecad18f17292d1f5653af,sup,11.532753340157477,2025,T3_240d,protected_frozen_validation_2025,True,2025-05-04 23:57:16+00:00
period:92eb584d41521b4a115a,2025-05-10 20:09:23+00:00,2025-05-10,oe:player:81acc6bcde5c927c78e0990e9887f84,oe:team:fc8e90107dabb9a35c490b0d86adea0,sup,15.175536408028771,2025,T3_240d,protected_frozen_validation_2025,True,2025-05-04 23:57:16+00:00
period:92eb584d41521b4a115a,2025-05-10 20:09:23+00:00,2025-05-10,oe:player:9191e392e93a6ef011ef76b5b83ee6c,oe:team:289284911fb6f41c0ccaecc3a0c2891,sup,14.006694459825445,2025,T3_240d,protected_frozen_validation_2025,True,2025-05-04 23:57:16+00:00
period:92eb584d41521b4a115a,2025-05-10 20:09:23+00:00,2025-05-10,oe:player:a2d7b8856032bf106783621b9afeb41,oe:team:da1143bf9a245b78a8dc86417de85b3,sup,19.726643743280572,2025,T3_240d,protected_frozen_validation_2025,True,2025-05-04 23:57:16+00:00
period:92eb584d41521b4a115a,2025-05-10 20:09:23+00:00,2025-05-10,oe:player:c88cada1696defe81464925789aa6d8,oe:team:b360f1d729b0a8e0f29a5243c4200fa,sup,11.200261395717309,2025,T3_240d,protected_frozen_validation_2025,True,2025-05-04 23:57:16+00:00
period:92eb584d41521b4a115a,2025-05-10 20:09:23+00:00,2025-05-10,oe:player:dbe844fcbbc7f54654e54242e79acac,oe:team:4bd1751425ef6a9bc9d4d8e9385b4a6,sup,20.477007545861433,2025,T3_240d,protected_frozen_validation_2025,True,2025-05-04 23:57:16+00:00
period:92eb584d41521b4a115a,2025-05-10 20:09:23+00:00,2025-05-10,oe:player:007be3acd5669d100711b13d79e2336,oe:team:4bd1751425ef6a9bc9d4d8e9385b4a6,top,14.398783358175056,2025,T3_240d,protected_frozen_validation_2025,True,2025-05-04 23:57:16+00:00
period:92eb584d41521b4a115a,2025-05-10 20:09:23+00:00,2025-05-10,oe:player:1efc4e5732e91520d03385900b903f9,oe:team:fc8e90107dabb9a35c490b0d86adea0,top,11.020096500727627,2025,T3_240d,protected_frozen_validation_2025,True,2025-05-04 23:57:16+00:00
period:92eb584d41521b4a115a,2025-05-10 20:09:23+00:00,2025-05-10,oe:player:21f59b54f62b5b8b4bc0f63f0f617fc,oe:team:8eb884e168f28402ce685bedebb5250,top,12.209024493099335,2025,T3_240d,protected_frozen_validation_2025,True,2025-05-04 23:57:16+00:00
period:92eb584d41521b4a115a,2025-05-10 20:09:23+00:00,2025-05-10,oe:player:4d0ec5fa505ee341aff8b2309356afc,oe:team:0dbb780176ecad18f17292d1f5653af,top,8.2290637813254719,2025,T3_240d,protected_frozen_validation_2025,True,2025-05-04 23:57:16+00:00
period:92eb584d41521b4a115a,2025-05-10 20:09:23+00:00,2025-05-10,oe:player:7e2505960c12cc54c96a0a6efb2e055,oe:team:2e66da41dc460dd378e3bcc57042d31,top,15.750584093129355,2025,T3_240d,protected_frozen_validation_2025,True,2025-05-04 23:57:16+00:00
period:92eb584d41521b4a115a,2025-05-10 20:09:23+00:00,2025-05-10,oe:player:80fea0848c57b8e07a79675d41f582c,oe:team:289284911fb6f41c0ccaecc3a0c2891,top,8.9382703899359832,2025,T3_240d,protected_frozen_validation_2025,True,2025-05-04 23:57:16+00:00
period:92eb584d41521b4a115a,2025-05-10 20:09:23+00:00,2025-05-10,oe:player:e03d0722b6dce835cde3268c08c4f54,oe:team:da1143bf9a245b78a8dc86417de85b3,top,15.668133272005797,2025,T3_240d,protected_frozen_validation_2025,True,2025-05-04 23:57:16+00:00
period:92eb584d41521b4a115a,2025-05-10 20:09:23+00:00,2025-05-10,oe:player:f02f1c8275084050765b4b6414bdfda,oe:team:b360f1d729b0a8e0f29a5243c4200fa,top,10.214568810112446,2025,T3_240d,protected_frozen_validation_2025,True,2025-05-04 23:57:16+00:00
period:42a66f8e41011df34073,2025-05-17 20:08:05+00:00,2025-05-17,oe:player:10fcffece0ac7be85f09c4b51a75762,oe:team:fc8e90107dabb9a35c490b0d86adea0,bot,15.619627328323048,2025,T3_240d,protected_frozen_validation_2025,True,2025-05-11 22:38:25+00:00
period:42a66f8e41011df34073,2025-05-17 20:08:05+00:00,2025-05-17,oe:player:265b58ce8b2f418df94006bf24e296c,oe:team:289284911fb6f41c0ccaecc3a0c2891,bot,9.1147910245285413,2025,T3_240d,protected_frozen_validation_2025,True,2025-05-11 22:38:25+00:00
period:42a66f8e41011df34073,2025-05-17 20:08:05+00:00,2025-05-17,oe:player:494fc60dffbb5da1caa2226baef0ec7,oe:team:b360f1d729b0a8e0f29a5243c4200fa,bot,14.678575964832987,2025,T3_240d,protected_frozen_validation_2025,True,2025-05-11 22:38:25+00:00
period:42a66f8e41011df34073,2025-05-17 20:08:05+00:00,2025-05-17,oe:player:6378658dafc3eeb902fa2e52f909172,oe:team:0dbb780176ecad18f17292d1f5653af,bot,15.456501633283107,2025,T3_240d,protected_frozen_validation_2025,True,2025-05-11 22:38:25+00:00
period:42a66f8e41011df34073,2025-05-17 20:08:05+00:00,2025-05-17,oe:player:73d2b65353d7b00e0f198ffdc085edc,oe:team:4bd1751425ef6a9bc9d4d8e9385b4a6,bot,22.522659743694817,2025,T3_240d,protected_frozen_validation_2025,True,2025-05-11 22:38:25+00:00
period:42a66f8e41011df34073,2025-05-17 20:08:05+00:00,2025-05-17,oe:player:9712524dc88851032bd53054f8b49b4,oe:team:da1143bf9a245b78a8dc86417de85b3,bot,17.006265633902046,2025,T3_240d,protected_frozen_validation_2025,True,2025-05-11 22:38:25+00:00
period:42a66f8e41011df34073,2025-05-17 20:08:05+00:00,2025-05-17,oe:player:c145139d26813639b8fe6f4d0b28228,oe:team:2e66da41dc460dd378e3bcc57042d31,bot,16.509045878744452,2025,T3_240d,protected_frozen_validation_2025,True,2025-05-11 22:38:25+00:00
period:42a66f8e41011df34073,2025-05-17 20:08:05+00:00,2025-05-17,oe:player:f6b8af05a5af22004a67a78f3046b92,oe:team:8eb884e168f28402ce685bedebb5250,bot,19.836977736197206,2025,T3_240d,protected_frozen_validation_2025,True,2025-05-11 22:38:25+00:00
period:42a66f8e41011df34073,2025-05-17 20:08:05+00:00,2025-05-17,oe:player:08936c56ab5a6453c58974a619651c3,oe:team:289284911fb6f41c0ccaecc3a0c2891,jgl,9.0197331779513288,2025,T3_240d,protected_frozen_validation_2025,True,2025-05-11 22:38:25+00:00
period:42a66f8e41011df34073,2025-05-17 20:08:05+00:00,2025-05-17,oe:player:5f048688474a6eacfefd74bd53d8715,oe:team:0dbb780176ecad18f17292d1f5653af,jgl,14.09202148419269,2025,T3_240d,protected_frozen_validation_2025,True,2025-05-11 22:38:25+00:00
period:42a66f8e41011df34073,2025-05-17 20:08:05+00:00,2025-05-17,oe:player:7c3395efccd48fe73592001501bef83,oe:team:4bd1751425ef6a9bc9d4d8e9385b4a6,jgl,20.566183360361535,2025,T3_240d,protected_frozen_validation_2025,True,2025-05-11 22:38:25+00:00
period:42a66f8e41011df34073,2025-05-17 20:08:05+00:00,2025-05-17,oe:player:8a5dbe19794784cfd0553556844f045,oe:team:b360f1d729b0a8e0f29a5243c4200fa,jgl,13.576846091993517,2025,T3_240d,protected_frozen_validation_2025,True,2025-05-11 22:38:25+00:00
period:42a66f8e41011df34073,2025-05-17 20:08:05+00:00,2025-05-17,oe:player:a8307167f3a1c933295bb9e3d43700e,oe:team:2e66da41dc460dd378e3bcc57042d31,jgl,16.495298630461388,2025,T3_240d,protected_frozen_validation_2025,True,2025-05-11 22:38:25+00:00
period:42a66f8e41011df34073,2025-05-17 20:08:05+00:00,2025-05-17,oe:player:de23ee5a66222e1e02da354414f2971,oe:team:da1143bf9a245b78a8dc86417de85b3,jgl,16.346004145407917,2025,T3_240d,protected_frozen_validation_2025,True,2025-05-11 22:38:25+00:00
period:42a66f8e41011df34073,2025-05-17 20:08:05+00:00,2025-05-17,oe:player:ed455f823b6586e9e3621dfb5aeb42e,oe:team:fc8e90107dabb9a35c490b0d86adea0,jgl,14.70123494149831,2025,T3_240d,protected_frozen_validation_2025,True,2025-05-11 22:38:25+00:00
period:42a66f8e41011df34073,2025-05-17 20:08:05+00:00,2025-05-17,oe:player:f9e804c44aa43f18576783a067e99ab,oe:team:8eb884e168f28402ce685bedebb5250,jgl,15.440250190304267,2025,T3_240d,protected_frozen_validation_2025,True,2025-05-11 22:38:25+00:00
period:42a66f8e41011df34073,2025-05-17 20:08:05+00:00,2025-05-17,oe:player:0a53c1102dafce61e89decc517b3175,oe:team:fc8e90107dabb9a35c490b0d86adea0,mid,15.638140085568594,2025,T3_240d,protected_frozen_validation_2025,True,2025-05-11 22:38:25+00:00
period:42a66f8e41011df34073,2025-05-17 20:08:05+00:00,2025-05-17,oe:player:1b26a8bba6e841f1c375b283db5c1c6,oe:team:0dbb780176ecad18f17292d1f5653af,mid,13.992028128010865,2025,T3_240d,protected_frozen_validation_2025,True,2025-05-11 22:38:25+00:00
period:42a66f8e41011df34073,2025-05-17 20:08:05+00:00,2025-05-17,oe:player:8f8eaac8e99c203ee76e57c5c81c91f,oe:team:4bd1751425ef6a9bc9d4d8e9385b4a6,mid,22.927140517119916,2025,T3_240d,protected_frozen_validation_2025,True,2025-05-11 22:38:25+00:00
period:42a66f8e41011df34073,2025-05-17 20:08:05+00:00,2025-05-17,oe:player:da87886941820cfc2eee112d0143e90,oe:team:289284911fb6f41c0ccaecc3a0c2891,mid,11.274940760709605,2025,T3_240d,protected_frozen_validation_2025,True,2025-05-11 22:38:25+00:00
period:42a66f8e41011df34073,2025-05-17 20:08:05+00:00,2025-05-17,oe:player:e9017664588010860a92ceb5f8fcb82,oe:team:2e66da41dc460dd378e3bcc57042d31,mid,17.677512570238864,2025,T3_240d,protected_frozen_validation_2025,True,2025-05-11 22:38:25+00:00
period:42a66f8e41011df34073,2025-05-17 20:08:05+00:00,2025-05-17,oe:player:ea9ed09584feecae0991089f087d2ce,oe:team:8eb884e168f28402ce685bedebb5250,mid,20.288422620125452,2025,T3_240d,protected_frozen_validation_2025,True,2025-05-11 22:38:25+00:00
period:42a66f8e41011df34073,2025-05-17 20:08:05+00:00,2025-05-17,oe:player:f45792335d83b10581da2f0cbdd6e8e,oe:team:da1143bf9a245b78a8dc86417de85b3,mid,18.984784588865445,2025,T3_240d,protected_frozen_validation_2025,True,2025-05-11 22:38:25+00:00
period:42a66f8e41011df34073,2025-05-17 20:08:05+00:00,2025-05-17,oe:player:fddde6d256bee26713f64ad9b2a9394,oe:team:b360f1d729b0a8e0f29a5243c4200fa,mid,13.976787703117623,2025,T3_240d,protected_frozen_validation_2025,True,2025-05-11 22:38:25+00:00
period:42a66f8e41011df34073,2025-05-17 20:08:05+00:00,2025-05-17,oe:player:05fafeaf23dc3285558a4e968970b9f,oe:team:8eb884e168f28402ce685bedebb5250,sup,20.12559652535953,2025,T3_240d,protected_frozen_validation_2025,True,2025-05-11 22:38:25+00:00
period:42a66f8e41011df34073,2025-05-17 20:08:05+00:00,2025-05-17,oe:player:3e722c8ede909c83af9342c41805a16,oe:team:2e66da41dc460dd378e3bcc57042d31,sup,16.27536369827537,2025,T3_240d,protected_frozen_validation_2025,True,2025-05-11 22:38:25+00:00
period:42a66f8e41011df34073,2025-05-17 20:08:05+00:00,2025-05-17,oe:player:40704dfd2d966862568d29770de57bd,oe:team:0dbb780176ecad18f17292d1f5653af,sup,14.600486137652439,2025,T3_240d,protected_frozen_validation_2025,True,2025-05-11 22:38:25+00:00
period:42a66f8e41011df34073,2025-05-17 20:08:05+00:00,2025-05-17,oe:player:81acc6bcde5c927c78e0990e9887f84,oe:team:fc8e90107dabb9a35c490b0d86adea0,sup,14.799414165087709,2025,T3_240d,protected_frozen_validation_2025,True,2025-05-11 22:38:25+00:00
period:42a66f8e41011df34073,2025-05-17 20:08:05+00:00,2025-05-17,oe:player:9191e392e93a6ef011ef76b5b83ee6c,oe:team:289284911fb6f41c0ccaecc3a0c2891,sup,11.974113054328884,2025,T3_240d,protected_frozen_validation_2025,True,2025-05-11 22:38:25+00:00
period:42a66f8e41011df34073,2025-05-17 20:08:05+00:00,2025-05-17,oe:player:a2d7b8856032bf106783621b9afeb41,oe:team:da1143bf9a245b78a8dc86417de85b3,sup,17.933298463105317,2025,T3_240d,protected_frozen_validation_2025,True,2025-05-11 22:38:25+00:00
period:42a66f8e41011df34073,2025-05-17 20:08:05+00:00,2025-05-17,oe:player:c88cada1696defe81464925789aa6d8,oe:team:b360f1d729b0a8e0f29a5243c4200fa,sup,13.01437407825509,2025,T3_240d,protected_frozen_validation_2025,True,2025-05-11 22:38:25+00:00
period:42a66f8e41011df34073,2025-05-17 20:08:05+00:00,2025-05-17,oe:player:dbe844fcbbc7f54654e54242e79acac,oe:team:4bd1751425ef6a9bc9d4d8e9385b4a6,sup,22.199785521900811,2025,T3_240d,protected_frozen_validation_2025,True,2025-05-11 22:38:25+00:00
period:42a66f8e41011df34073,2025-05-17 20:08:05+00:00,2025-05-17,oe:player:007be3acd5669d100711b13d79e2336,oe:team:4bd1751425ef6a9bc9d4d8e9385b4a6,top,15.818766869734967,2025,T3_240d,protected_frozen_validation_2025,True,2025-05-11 22:38:25+00:00
period:42a66f8e41011df34073,2025-05-17 20:08:05+00:00,2025-05-17,oe:player:1efc4e5732e91520d03385900b903f9,oe:team:fc8e90107dabb9a35c490b0d86adea0,top,10.679985388689611,2025,T3_240d,protected_frozen_validation_2025,True,2025-05-11 22:38:25+00:00
period:42a66f8e41011df34073,2025-05-17 20:08:05+00:00,2025-05-17,oe:player:21f59b54f62b5b8b4bc0f63f0f617fc,oe:team:8eb884e168f28402ce685bedebb5250,top,15.193912047537818,2025,T3_240d,protected_frozen_validation_2025,True,2025-05-11 22:38:25+00:00
period:42a66f8e41011df34073,2025-05-17 20:08:05+00:00,2025-05-17,oe:player:4d0ec5fa505ee341aff8b2309356afc,oe:team:0dbb780176ecad18f17292d1f5653af,top,10.634587063343245,2025,T3_240d,protected_frozen_validation_2025,True,2025-05-11 22:38:25+00:00
period:42a66f8e41011df34073,2025-05-17 20:08:05+00:00,2025-05-17,oe:player:7e2505960c12cc54c96a0a6efb2e055,oe:team:2e66da41dc460dd378e3bcc57042d31,top,12.617403839019635,2025,T3_240d,protected_frozen_validation_2025,True,2025-05-11 22:38:25+00:00
period:42a66f8e41011df34073,2025-05-17 20:08:05+00:00,2025-05-17,oe:player:80fea0848c57b8e07a79675d41f582c,oe:team:289284911fb6f41c0ccaecc3a0c2891,top,7.274653450328703,2025,T3_240d,protected_frozen_validation_2025,True,2025-05-11 22:38:25+00:00
period:42a66f8e41011df34073,2025-05-17 20:08:05+00:00,2025-05-17,oe:player:e03d0722b6dce835cde3268c08c4f54,oe:team:da1143bf9a245b78a8dc86417de85b3,top,13.269393214625989,2025,T3_240d,protected_frozen_validation_2025,True,2025-05-11 22:38:25+00:00
period:42a66f8e41011df34073,2025-05-17 20:08:05+00:00,2025-05-17,oe:player:f02f1c8275084050765b4b6414bdfda,oe:team:b360f1d729b0a8e0f29a5243c4200fa,top,11.608359020343933,2025,T3_240d,protected_frozen_validation_2025,True,2025-05-11 22:38:25+00:00
period:769a792cb95be4e074fc,2025-05-24 20:07:34+00:00,2025-05-24,oe:player:10fcffece0ac7be85f09c4b51a75762,oe:team:fc8e90107dabb9a35c490b0d86adea0,bot,16.831683899134649,2025,T3_240d,protected_frozen_validation_2025,True,2025-05-18 22:38:41+00:00
period:769a792cb95be4e074fc,2025-05-24 20:07:34+00:00,2025-05-24,oe:player:494fc60dffbb5da1caa2226baef0ec7,oe:team:b360f1d729b0a8e0f29a5243c4200fa,bot,10.298404040383531,2025,T3_240d,protected_frozen_validation_2025,True,2025-05-18 22:38:41+00:00
period:769a792cb95be4e074fc,2025-05-24 20:07:34+00:00,2025-05-24,oe:player:c145139d26813639b8fe6f4d0b28228,oe:team:2e66da41dc460dd378e3bcc57042d31,bot,22.552502246608352,2025,T3_240d,protected_frozen_validation_2025,True,2025-05-18 22:38:41+00:00
period:769a792cb95be4e074fc,2025-05-24 20:07:34+00:00,2025-05-24,oe:player:f6b8af05a5af22004a67a78f3046b92,oe:team:8eb884e168f28402ce685bedebb5250,bot,19.351195083050243,2025,T3_240d,protected_frozen_validation_2025,True,2025-05-18 22:38:41+00:00
period:769a792cb95be4e074fc,2025-05-24 20:07:34+00:00,2025-05-24,oe:player:1970fcb701acce66e0771946bbb3105,oe:team:8eb884e168f28402ce685bedebb5250,jgl,18.051983896702534,2025,T3_240d,protected_frozen_validation_2025,True,2025-05-11 22:38:25+00:00
period:769a792cb95be4e074fc,2025-05-24 20:07:34+00:00,2025-05-24,oe:player:8a5dbe19794784cfd0553556844f045,oe:team:b360f1d729b0a8e0f29a5243c4200fa,jgl,9.5904538119463112,2025,T3_240d,protected_frozen_validation_2025,True,2025-05-18 22:38:41+00:00
period:769a792cb95be4e074fc,2025-05-24 20:07:34+00:00,2025-05-24,oe:player:a8307167f3a1c933295bb9e3d43700e,oe:team:2e66da41dc460dd378e3bcc57042d31,jgl,22.237760544178371,2025,T3_240d,protected_frozen_validation_2025,True,2025-05-18 22:38:41+00:00
period:769a792cb95be4e074fc,2025-05-24 20:07:34+00:00,2025-05-24,oe:player:ed455f823b6586e9e3621dfb5aeb42e,oe:team:fc8e90107dabb9a35c490b0d86adea0,jgl,15.803384297463374,2025,T3_240d,protected_frozen_validation_2025,True,2025-05-18 22:38:41+00:00
period:769a792cb95be4e074fc,2025-05-24 20:07:34+00:00,2025-05-24,oe:player:f9e804c44aa43f18576783a067e99ab,oe:team:8eb884e168f28402ce685bedebb5250,jgl,18.318430488827531,2025,T3_240d,protected_frozen_validation_2025,True,2025-05-18 22:38:41+00:00
period:769a792cb95be4e074fc,2025-05-24 20:07:34+00:00,2025-05-24,oe:player:0a53c1102dafce61e89decc517b3175,oe:team:fc8e90107dabb9a35c490b0d86adea0,mid,16.611684610930233,2025,T3_240d,protected_frozen_validation_2025,True,2025-05-18 22:38:41+00:00
period:769a792cb95be4e074fc,2025-05-24 20:07:34+00:00,2025-05-24,oe:player:e9017664588010860a92ceb5f8fcb82,oe:team:2e66da41dc460dd378e3bcc57042d31,mid,23.528893057676949,2025,T3_240d,protected_frozen_validation_2025,True,2025-05-18 22:38:41+00:00
period:769a792cb95be4e074fc,2025-05-24 20:07:34+00:00,2025-05-24,oe:player:ea9ed09584feecae0991089f087d2ce,oe:team:8eb884e168f28402ce685bedebb5250,mid,19.567662059189189,2025,T3_240d,protected_frozen_validation_2025,True,2025-05-18 22:38:41+00:00
period:769a792cb95be4e074fc,2025-05-24 20:07:34+00:00,2025-05-24,oe:player:fddde6d256bee26713f64ad9b2a9394,oe:team:b360f1d729b0a8e0f29a5243c4200fa,mid,9.6990537652795066,2025,T3_240d,protected_frozen_validation_2025,True,2025-05-18 22:38:41+00:00
period:769a792cb95be4e074fc,2025-05-24 20:07:34+00:00,2025-05-24,oe:player:05fafeaf23dc3285558a4e968970b9f,oe:team:8eb884e168f28402ce685bedebb5250,sup,19.322741710212838,2025,T3_240d,protected_frozen_validation_2025,True,2025-05-18 22:38:41+00:00
period:769a792cb95be4e074fc,2025-05-24 20:07:34+00:00,2025-05-24,oe:player:3e722c8ede909c83af9342c41805a16,oe:team:2e66da41dc460dd378e3bcc57042d31,sup,22.145464184306299,2025,T3_240d,protected_frozen_validation_2025,True,2025-05-18 22:38:41+00:00
period:769a792cb95be4e074fc,2025-05-24 20:07:34+00:00,2025-05-24,oe:player:81acc6bcde5c927c78e0990e9887f84,oe:team:fc8e90107dabb9a35c490b0d86adea0,sup,16.082742194804222,2025,T3_240d,protected_frozen_validation_2025,True,2025-05-18 22:38:41+00:00
period:769a792cb95be4e074fc,2025-05-24 20:07:34+00:00,2025-05-24,oe:player:c88cada1696defe81464925789aa6d8,oe:team:b360f1d729b0a8e0f29a5243c4200fa,sup,8.6312598565374632,2025,T3_240d,protected_frozen_validation_2025,True,2025-05-18 22:38:41+00:00
period:769a792cb95be4e074fc,2025-05-24 20:07:34+00:00,2025-05-24,oe:player:1efc4e5732e91520d03385900b903f9,oe:team:fc8e90107dabb9a35c490b0d86adea0,top,12.128600166522402,2025,T3_240d,protected_frozen_validation_2025,True,2025-05-18 22:38:41+00:00
period:769a792cb95be4e074fc,2025-05-24 20:07:34+00:00,2025-05-24,oe:player:21f59b54f62b5b8b4bc0f63f0f617fc,oe:team:8eb884e168f28402ce685bedebb5250,top,14.913226216588949,2025,T3_240d,protected_frozen_validation_2025,True,2025-05-18 22:38:41+00:00
period:769a792cb95be4e074fc,2025-05-24 20:07:34+00:00,2025-05-24,oe:player:7e2505960c12cc54c96a0a6efb2e055,oe:team:2e66da41dc460dd378e3bcc57042d31,top,17.44750562519755,2025,T3_240d,protected_frozen_validation_2025,True,2025-05-18 22:38:41+00:00
period:769a792cb95be4e074fc,2025-05-24 20:07:34+00:00,2025-05-24,oe:player:f02f1c8275084050765b4b6414bdfda,oe:team:b360f1d729b0a8e0f29a5243c4200fa,top,8.1934688767820667,2025,T3_240d,protected_frozen_validation_2025,True,2025-05-18 22:38:41+00:00
period:540a575a08edacdeb808,2025-05-31 20:08:28+00:00,2025-05-31,oe:player:494fc60dffbb5da1caa2226baef0ec7,oe:team:b360f1d729b0a8e0f29a5243c4200fa,bot,12.608388593090973,2025,T3_240d,protected_frozen_validation_2025,True,2025-05-25 21:52:08+00:00
period:540a575a08edacdeb808,2025-05-31 20:08:28+00:00,2025-05-31,oe:player:6378658dafc3eeb902fa2e52f909172,oe:team:0dbb780176ecad18f17292d1f5653af,bot,15.129828458968653,2025,T3_240d,protected_frozen_validation_2025,True,2025-05-18 22:38:41+00:00
period:540a575a08edacdeb808,2025-05-31 20:08:28+00:00,2025-05-31,oe:player:73d2b65353d7b00e0f198ffdc085edc,oe:team:4bd1751425ef6a9bc9d4d8e9385b4a6,bot,20.809905673360536,2025,T3_240d,protected_frozen_validation_2025,True,2025-05-18 22:38:41+00:00
period:540a575a08edacdeb808,2025-05-31 20:08:28+00:00,2025-05-31,oe:player:f6b8af05a5af22004a67a78f3046b92,oe:team:8eb884e168f28402ce685bedebb5250,bot,19.644889777964114,2025,T3_240d,protected_frozen_validation_2025,True,2025-05-25 21:52:08+00:00
period:540a575a08edacdeb808,2025-05-31 20:08:28+00:00,2025-05-31,oe:player:5f048688474a6eacfefd74bd53d8715,oe:team:0dbb780176ecad18f17292d1f5653af,jgl,13.880270729112604,2025,T3_240d,protected_frozen_validation_2025,True,2025-05-18 22:38:41+00:00
period:540a575a08edacdeb808,2025-05-31 20:08:28+00:00,2025-05-31,oe:player:7c3395efccd48fe73592001501bef83,oe:team:4bd1751425ef6a9bc9d4d8e9385b4a6,jgl,18.8265846445961,2025,T3_240d,protected_frozen_validation_2025,True,2025-05-18 22:38:41+00:00
period:540a575a08edacdeb808,2025-05-31 20:08:28+00:00,2025-05-31,oe:player:8a5dbe19794784cfd0553556844f045,oe:team:b360f1d729b0a8e0f29a5243c4200fa,jgl,11.899843999003783,2025,T3_240d,protected_frozen_validation_2025,True,2025-05-25 21:52:08+00:00
period:540a575a08edacdeb808,2025-05-31 20:08:28+00:00,2025-05-31,oe:player:f9e804c44aa43f18576783a067e99ab,oe:team:8eb884e168f28402ce685bedebb5250,jgl,16.530517552144872,2025,T3_240d,protected_frozen_validation_2025,True,2025-05-25 21:52:08+00:00
period:540a575a08edacdeb808,2025-05-31 20:08:28+00:00,2025-05-31,oe:player:1b26a8bba6e841f1c375b283db5c1c6,oe:team:0dbb780176ecad18f17292d1f5653af,mid,13.744302502559858,2025,T3_240d,protected_frozen_validation_2025,True,2025-05-18 22:38:41+00:00
period:540a575a08edacdeb808,2025-05-31 20:08:28+00:00,2025-05-31,oe:player:8f8eaac8e99c203ee76e57c5c81c91f,oe:team:4bd1751425ef6a9bc9d4d8e9385b4a6,mid,21.448303990092295,2025,T3_240d,protected_frozen_validation_2025,True,2025-05-18 22:38:41+00:00
period:540a575a08edacdeb808,2025-05-31 20:08:28+00:00,2025-05-31,oe:player:ea9ed09584feecae0991089f087d2ce,oe:team:8eb884e168f28402ce685bedebb5250,mid,19.364192328307247,2025,T3_240d,protected_frozen_validation_2025,True,2025-05-25 21:52:08+00:00
period:540a575a08edacdeb808,2025-05-31 20:08:28+00:00,2025-05-31,oe:player:fddde6d256bee26713f64ad9b2a9394,oe:team:b360f1d729b0a8e0f29a5243c4200fa,mid,12.059028805567367,2025,T3_240d,protected_frozen_validation_2025,True,2025-05-25 21:52:08+00:00
period:540a575a08edacdeb808,2025-05-31 20:08:28+00:00,2025-05-31,oe:player:05fafeaf23dc3285558a4e968970b9f,oe:team:8eb884e168f28402ce685bedebb5250,sup,19.302263393743903,2025,T3_240d,protected_frozen_validation_2025,True,2025-05-25 21:52:08+00:00
period:540a575a08edacdeb808,2025-05-31 20:08:28+00:00,2025-05-31,oe:player:40704dfd2d966862568d29770de57bd,oe:team:0dbb780176ecad18f17292d1f5653af,sup,14.344345389415029,2025,T3_240d,protected_frozen_validation_2025,True,2025-05-18 22:38:41+00:00
period:540a575a08edacdeb808,2025-05-31 20:08:28+00:00,2025-05-31,oe:player:c88cada1696defe81464925789aa6d8,oe:team:b360f1d729b0a8e0f29a5243c4200fa,sup,11.246569077575961,2025,T3_240d,protected_frozen_validation_2025,True,2025-05-25 21:52:08+00:00
period:540a575a08edacdeb808,2025-05-31 20:08:28+00:00,2025-05-31,oe:player:dbe844fcbbc7f54654e54242e79acac,oe:team:4bd1751425ef6a9bc9d4d8e9385b4a6,sup,20.456464769961951,2025,T3_240d,protected_frozen_validation_2025,True,2025-05-18 22:38:41+00:00
period:540a575a08edacdeb808,2025-05-31 20:08:28+00:00,2025-05-31,oe:player:007be3acd5669d100711b13d79e2336,oe:team:4bd1751425ef6a9bc9d4d8e9385b4a6,top,14.498814517660286,2025,T3_240d,protected_frozen_validation_2025,True,2025-05-18 22:38:41+00:00
period:540a575a08edacdeb808,2025-05-31 20:08:28+00:00,2025-05-31,oe:player:21f59b54f62b5b8b4bc0f63f0f617fc,oe:team:8eb884e168f28402ce685bedebb5250,top,15.156116425655473,2025,T3_240d,protected_frozen_validation_2025,True,2025-05-25 21:52:08+00:00
period:540a575a08edacdeb808,2025-05-31 20:08:28+00:00,2025-05-31,oe:player:4d0ec5fa505ee341aff8b2309356afc,oe:team:0dbb780176ecad18f17292d1f5653af,top,9.9198139013666147,2025,T3_240d,protected_frozen_validation_2025,True,2025-05-18 22:38:41+00:00
period:540a575a08edacdeb808,2025-05-31 20:08:28+00:00,2025-05-31,oe:player:f02f1c8275084050765b4b6414bdfda,oe:team:b360f1d729b0a8e0f29a5243c4200fa,top,10.19161474415051,2025,T3_240d,protected_frozen_validation_2025,True,2025-05-25 21:52:08+00:00
period:b6b241bcd2df026a0c10,2025-06-07 20:06:56+00:00,2025-06-07,oe:player:10fcffece0ac7be85f09c4b51a75762,oe:team:fc8e90107dabb9a35c490b0d86adea0,bot,14.644675162193927,2025,T3_240d,protected_frozen_validation_2025,True,2025-05-25 21:52:08+00:00
period:b6b241bcd2df026a0c10,2025-06-07 20:06:56+00:00,2025-06-07,oe:player:494fc60dffbb5da1caa2226baef0ec7,oe:team:b360f1d729b0a8e0f29a5243c4200fa,bot,14.464662002646595,2025,T3_240d,protected_frozen_validation_2025,True,2025-06-01 22:06:16+00:00
period:b6b241bcd2df026a0c10,2025-06-07 20:06:56+00:00,2025-06-07,oe:player:c145139d26813639b8fe6f4d0b28228,oe:team:2e66da41dc460dd378e3bcc57042d31,bot,17.273504896967459,2025,T3_240d,protected_frozen_validation_2025,True,2025-05-25 21:52:08+00:00
period:b6b241bcd2df026a0c10,2025-06-07 20:06:56+00:00,2025-06-07,oe:player:f6b8af05a5af22004a67a78f3046b92,oe:team:8eb884e168f28402ce685bedebb5250,bot,19.492209837336478,2025,T3_240d,protected_frozen_validation_2025,True,2025-06-01 22:06:16+00:00
period:b6b241bcd2df026a0c10,2025-06-07 20:06:56+00:00,2025-06-07,oe:player:8a5dbe19794784cfd0553556844f045,oe:team:b360f1d729b0a8e0f29a5243c4200fa,jgl,13.455233579861797,2025,T3_240d,protected_frozen_validation_2025,True,2025-06-01 22:06:16+00:00
period:b6b241bcd2df026a0c10,2025-06-07 20:06:56+00:00,2025-06-07,oe:player:a8307167f3a1c933295bb9e3d43700e,oe:team:2e66da41dc460dd378e3bcc57042d31,jgl,17.377466467841582,2025,T3_240d,protected_frozen_validation_2025,True,2025-05-25 21:52:08+00:00
period:b6b241bcd2df026a0c10,2025-06-07 20:06:56+00:00,2025-06-07,oe:player:ed455f823b6586e9e3621dfb5aeb42e,oe:team:fc8e90107dabb9a35c490b0d86adea0,jgl,13.677213281532445,2025,T3_240d,protected_frozen_validation_2025,True,2025-05-25 21:52:08+00:00
period:b6b241bcd2df026a0c10,2025-06-07 20:06:56+00:00,2025-06-07,oe:player:f9e804c44aa43f18576783a067e99ab,oe:team:8eb884e168f28402ce685bedebb5250,jgl,15.993937787637181,2025,T3_240d,protected_frozen_validation_2025,True,2025-06-01 22:06:16+00:00
period:b6b241bcd2df026a0c10,2025-06-07 20:06:56+00:00,2025-06-07,oe:player:0a53c1102dafce61e89decc517b3175,oe:team:fc8e90107dabb9a35c490b0d86adea0,mid,14.646444945078002,2025,T3_240d,protected_frozen_validation_2025,True,2025-05-25 21:52:08+00:00
period:b6b241bcd2df026a0c10,2025-06-07 20:06:56+00:00,2025-06-07,oe:player:e9017664588010860a92ceb5f8fcb82,oe:team:2e66da41dc460dd378e3bcc57042d31,mid,18.157498307697693,2025,T3_240d,protected_frozen_validation_2025,True,2025-05-25 21:52:08+00:00
period:b6b241bcd2df026a0c10,2025-06-07 20:06:56+00:00,2025-06-07,oe:player:ea9ed09584feecae0991089f087d2ce,oe:team:8eb884e168f28402ce685bedebb5250,mid,19.288214107779577,2025,T3_240d,protected_frozen_validation_2025,True,2025-06-01 22:06:16+00:00
period:b6b241bcd2df026a0c10,2025-06-07 20:06:56+00:00,2025-06-07,oe:player:fddde6d256bee26713f64ad9b2a9394,oe:team:b360f1d729b0a8e0f29a5243c4200fa,mid,13.591007389211059,2025,T3_240d,protected_frozen_validation_2025,True,2025-06-01 22:06:16+00:00
period:b6b241bcd2df026a0c10,2025-06-07 20:06:56+00:00,2025-06-07,oe:player:05fafeaf23dc3285558a4e968970b9f,oe:team:8eb884e168f28402ce685bedebb5250,sup,19.165915122266188,2025,T3_240d,protected_frozen_validation_2025,True,2025-06-01 22:06:16+00:00
period:b6b241bcd2df026a0c10,2025-06-07 20:06:56+00:00,2025-06-07,oe:player:3e722c8ede909c83af9342c41805a16,oe:team:2e66da41dc460dd378e3bcc57042d31,sup,17.152694866341559,2025,T3_240d,protected_frozen_validation_2025,True,2025-05-25 21:52:08+00:00
period:b6b241bcd2df026a0c10,2025-06-07 20:06:56+00:00,2025-06-07,oe:player:81acc6bcde5c927c78e0990e9887f84,oe:team:fc8e90107dabb9a35c490b0d86adea0,sup,13.841615875462399,2025,T3_240d,protected_frozen_validation_2025,True,2025-05-25 21:52:08+00:00
period:b6b241bcd2df026a0c10,2025-06-07 20:06:56+00:00,2025-06-07,oe:player:c88cada1696defe81464925789aa6d8,oe:team:b360f1d729b0a8e0f29a5243c4200fa,sup,13.295948277850295,2025,T3_240d,protected_frozen_validation_2025,True,2025-06-01 22:06:16+00:00
period:b6b241bcd2df026a0c10,2025-06-07 20:06:56+00:00,2025-06-07,oe:player:1efc4e5732e91520d03385900b903f9,oe:team:fc8e90107dabb9a35c490b0d86adea0,top,10.586374733053542,2025,T3_240d,protected_frozen_validation_2025,True,2025-05-25 21:52:08+00:00
period:b6b241bcd2df026a0c10,2025-06-07 20:06:56+00:00,2025-06-07,oe:player:21f59b54f62b5b8b4bc0f63f0f617fc,oe:team:8eb884e168f28402ce685bedebb5250,top,14.881646520477602,2025,T3_240d,protected_frozen_validation_2025,True,2025-06-01 22:06:16+00:00
period:b6b241bcd2df026a0c10,2025-06-07 20:06:56+00:00,2025-06-07,oe:player:7e2505960c12cc54c96a0a6efb2e055,oe:team:2e66da41dc460dd378e3bcc57042d31,top,13.225457927952743,2025,T3_240d,protected_frozen_validation_2025,True,2025-05-25 21:52:08+00:00
period:b6b241bcd2df026a0c10,2025-06-07 20:06:56+00:00,2025-06-07,oe:player:f02f1c8275084050765b4b6414bdfda,oe:team:b360f1d729b0a8e0f29a5243c4200fa,top,11.619923332773356,2025,T3_240d,protected_frozen_validation_2025,True,2025-06-01 22:06:16+00:00
period:780234292186bbac5f9e,2025-06-14 20:12:24+00:00,2025-06-14,oe:player:10fcffece0ac7be85f09c4b51a75762,oe:team:fc8e90107dabb9a35c490b0d86adea0,bot,17.99874817420443,2025,T3_240d,protected_frozen_validation_2025,True,2025-06-08 23:09:04+00:00
period:780234292186bbac5f9e,2025-06-14 20:12:24+00:00,2025-06-14,oe:player:494fc60dffbb5da1caa2226baef0ec7,oe:team:b360f1d729b0a8e0f29a5243c4200fa,bot,12.629022374751447,2025,T3_240d,protected_frozen_validation_2025,True,2025-06-08 23:09:04+00:00
period:780234292186bbac5f9e,2025-06-14 20:12:24+00:00,2025-06-14,oe:player:c145139d26813639b8fe6f4d0b28228,oe:team:2e66da41dc460dd378e3bcc57042d31,bot,17.095994706747241,2025,T3_240d,protected_frozen_validation_2025,True,2025-06-08 23:09:04+00:00
period:780234292186bbac5f9e,2025-06-14 20:12:24+00:00,2025-06-14,oe:player:8a5dbe19794784cfd0553556844f045,oe:team:b360f1d729b0a8e0f29a5243c4200fa,jgl,11.650169364509026,2025,T3_240d,protected_frozen_validation_2025,True,2025-06-08 23:09:04+00:00
period:780234292186bbac5f9e,2025-06-14 20:12:24+00:00,2025-06-14,oe:player:a8307167f3a1c933295bb9e3d43700e,oe:team:2e66da41dc460dd378e3bcc57042d31,jgl,16.955255391521931,2025,T3_240d,protected_frozen_validation_2025,True,2025-06-08 23:09:04+00:00
period:780234292186bbac5f9e,2025-06-14 20:12:24+00:00,2025-06-14,oe:player:ed455f823b6586e9e3621dfb5aeb42e,oe:team:fc8e90107dabb9a35c490b0d86adea0,jgl,16.700231405536499,2025,T3_240d,protected_frozen_validation_2025,True,2025-06-08 23:09:04+00:00
period:780234292186bbac5f9e,2025-06-14 20:12:24+00:00,2025-06-14,oe:player:0a53c1102dafce61e89decc517b3175,oe:team:fc8e90107dabb9a35c490b0d86adea0,mid,17.703889453806582,2025,T3_240d,protected_frozen_validation_2025,True,2025-06-08 23:09:04+00:00
period:780234292186bbac5f9e,2025-06-14 20:12:24+00:00,2025-06-14,oe:player:e9017664588010860a92ceb5f8fcb82,oe:team:2e66da41dc460dd378e3bcc57042d31,mid,17.440663065077352,2025,T3_240d,protected_frozen_validation_2025,True,2025-06-08 23:09:04+00:00
period:780234292186bbac5f9e,2025-06-14 20:12:24+00:00,2025-06-14,oe:player:fddde6d256bee26713f64ad9b2a9394,oe:team:b360f1d729b0a8e0f29a5243c4200fa,mid,11.605385081504311,2025,T3_240d,protected_frozen_validation_2025,True,2025-06-08 23:09:04+00:00
period:780234292186bbac5f9e,2025-06-14 20:12:24+00:00,2025-06-14,oe:player:3e722c8ede909c83af9342c41805a16,oe:team:2e66da41dc460dd378e3bcc57042d31,sup,16.841652717705099,2025,T3_240d,protected_frozen_validation_2025,True,2025-06-08 23:09:04+00:00
period:780234292186bbac5f9e,2025-06-14 20:12:24+00:00,2025-06-14,oe:player:81acc6bcde5c927c78e0990e9887f84,oe:team:fc8e90107dabb9a35c490b0d86adea0,sup,17.001635417407474,2025,T3_240d,protected_frozen_validation_2025,True,2025-06-08 23:09:04+00:00
period:780234292186bbac5f9e,2025-06-14 20:12:24+00:00,2025-06-14,oe:player:c88cada1696defe81464925789aa6d8,oe:team:b360f1d729b0a8e0f29a5243c4200fa,sup,11.405247119626051,2025,T3_240d,protected_frozen_validation_2025,True,2025-06-08 23:09:04+00:00
period:780234292186bbac5f9e,2025-06-14 20:12:24+00:00,2025-06-14,oe:player:1efc4e5732e91520d03385900b903f9,oe:team:fc8e90107dabb9a35c490b0d86adea0,top,13.692771815287026,2025,T3_240d,protected_frozen_validation_2025,True,2025-06-08 23:09:04+00:00
period:780234292186bbac5f9e,2025-06-14 20:12:24+00:00,2025-06-14,oe:player:7e2505960c12cc54c96a0a6efb2e055,oe:team:2e66da41dc460dd378e3bcc57042d31,top,13.201800284314025,2025,T3_240d,protected_frozen_validation_2025,True,2025-06-08 23:09:04+00:00
period:780234292186bbac5f9e,2025-06-14 20:12:24+00:00,2025-06-14,oe:player:f02f1c8275084050765b4b6414bdfda,oe:team:b360f1d729b0a8e0f29a5243c4200fa,top,9.9609924584015808,2025,T3_240d,protected_frozen_validation_2025,True,2025-06-08 23:09:04+00:00
period:f92170f131413923b84c,2025-07-26 20:10:23+00:00,2025-07-26,oe:player:10fcffece0ac7be85f09c4b51a75762,oe:team:fc8e90107dabb9a35c490b0d86adea0,bot,21.886751776902244,2025,T3_240d,protected_frozen_validation_2025,True,2025-06-15 23:43:18+00:00
period:f92170f131413923b84c,2025-07-26 20:10:23+00:00,2025-07-26,oe:player:494fc60dffbb5da1caa2226baef0ec7,oe:team:b360f1d729b0a8e0f29a5243c4200fa,bot,18.434541412458987,2025,T3_240d,protected_frozen_validation_2025,True,2025-06-15 23:43:18+00:00
period:f92170f131413923b84c,2025-07-26 20:10:23+00:00,2025-07-26,oe:player:6378658dafc3eeb902fa2e52f909172,oe:team:0dbb780176ecad18f17292d1f5653af,bot,15.997073025405824,2025,T3_240d,protected_frozen_validation_2025,True,2025-06-01 22:06:16+00:00
period:f92170f131413923b84c,2025-07-26 20:10:23+00:00,2025-07-26,oe:player:73d2b65353d7b00e0f198ffdc085edc,oe:team:4bd1751425ef6a9bc9d4d8e9385b4a6,bot,16.73446936646414,2025,T3_240d,protected_frozen_validation_2025,True,2025-06-01 22:06:16+00:00
period:f92170f131413923b84c,2025-07-26 20:10:23+00:00,2025-07-26,oe:player:9712524dc88851032bd53054f8b49b4,oe:team:da1143bf9a245b78a8dc86417de85b3,bot,10.642924847831104,2025,T3_240d,protected_frozen_validation_2025,True,2025-05-18 22:38:41+00:00
period:f92170f131413923b84c,2025-07-26 20:10:23+00:00,2025-07-26,oe:player:c145139d26813639b8fe6f4d0b28228,oe:team:2e66da41dc460dd378e3bcc57042d31,bot,19.19364311701143,2025,T3_240d,protected_frozen_validation_2025,True,2025-06-15 23:43:18+00:00
period:f92170f131413923b84c,2025-07-26 20:10:23+00:00,2025-07-26,oe:player:e2c655411d8d95ef73d8026704f5e7a,oe:team:289284911fb6f41c0ccaecc3a0c2891,bot,18.230438169644696,2025,T3_240d,protected_frozen_validation_2025,True,2025-06-15 23:43:18+00:00
period:f92170f131413923b84c,2025-07-26 20:10:23+00:00,2025-07-26,oe:player:f6b8af05a5af22004a67a78f3046b92,oe:team:8eb884e168f28402ce685bedebb5250,bot,17.0521292243894,2025,T3_240d,protected_frozen_validation_2025,True,2025-06-08 23:09:04+00:00
period:f92170f131413923b84c,2025-07-26 20:10:23+00:00,2025-07-26,oe:player:08936c56ab5a6453c58974a619651c3,oe:team:289284911fb6f41c0ccaecc3a0c2891,jgl,14.728923761840845,2025,T3_240d,protected_frozen_validation_2025,True,2025-05-18 22:38:41+00:00
period:f92170f131413923b84c,2025-07-26 20:10:23+00:00,2025-07-26,oe:player:5f048688474a6eacfefd74bd53d8715,oe:team:0dbb780176ecad18f17292d1f5653af,jgl,14.57424158545915,2025,T3_240d,protected_frozen_validation_2025,True,2025-06-01 22:06:16+00:00
period:f92170f131413923b84c,2025-07-26 20:10:23+00:00,2025-07-26,oe:player:7c3395efccd48fe73592001501bef83,oe:team:4bd1751425ef6a9bc9d4d8e9385b4a6,jgl,15.1449679870076,2025,T3_240d,protected_frozen_validation_2025,True,2025-06-01 22:06:16+00:00
period:f92170f131413923b84c,2025-07-26 20:10:23+00:00,2025-07-26,oe:player:8a5dbe19794784cfd0553556844f045,oe:team:b360f1d729b0a8e0f29a5243c4200fa,jgl,17.513285300654573,2025,T3_240d,protected_frozen_validation_2025,True,2025-06-15 23:43:18+00:00
period:f92170f131413923b84c,2025-07-26 20:10:23+00:00,2025-07-26,oe:player:a8307167f3a1c933295bb9e3d43700e,oe:team:2e66da41dc460dd378e3bcc57042d31,jgl,19.041513098217543,2025,T3_240d,protected_frozen_validation_2025,True,2025-06-15 23:43:18+00:00
period:f92170f131413923b84c,2025-07-26 20:10:23+00:00,2025-07-26,oe:player:de23ee5a66222e1e02da354414f2971,oe:team:da1143bf9a245b78a8dc86417de85b3,jgl,10.33456507624275,2025,T3_240d,protected_frozen_validation_2025,True,2025-05-18 22:38:41+00:00
period:f92170f131413923b84c,2025-07-26 20:10:23+00:00,2025-07-26,oe:player:ed455f823b6586e9e3621dfb5aeb42e,oe:team:fc8e90107dabb9a35c490b0d86adea0,jgl,20.34973360758751,2025,T3_240d,protected_frozen_validation_2025,True,2025-06-15 23:43:18+00:00
period:f92170f131413923b84c,2025-07-26 20:10:23+00:00,2025-07-26,oe:player:f9e804c44aa43f18576783a067e99ab,oe:team:8eb884e168f28402ce685bedebb5250,jgl,13.829055277352385,2025,T3_240d,protected_frozen_validation_2025,True,2025-06-08 23:09:04+00:00
period:f92170f131413923b84c,2025-07-26 20:10:23+00:00,2025-07-26,oe:player:05a73863e113f3cb6b472a76da2ea52,oe:team:289284911fb6f41c0ccaecc3a0c2891,mid,18.295385622642822,2025,T3_240d,protected_frozen_validation_2025,True,2025-06-15 23:43:18+00:00
period:f92170f131413923b84c,2025-07-26 20:10:23+00:00,2025-07-26,oe:player:0a53c1102dafce61e89decc517b3175,oe:team:fc8e90107dabb9a35c490b0d86adea0,mid,22.009397654466945,2025,T3_240d,protected_frozen_validation_2025,True,2025-06-15 23:43:18+00:00
period:f92170f131413923b84c,2025-07-26 20:10:23+00:00,2025-07-26,oe:player:1b26a8bba6e841f1c375b283db5c1c6,oe:team:0dbb780176ecad18f17292d1f5653af,mid,14.048046050969967,2025,T3_240d,protected_frozen_validation_2025,True,2025-06-01 22:06:16+00:00
period:f92170f131413923b84c,2025-07-26 20:10:23+00:00,2025-07-26,oe:player:8f8eaac8e99c203ee76e57c5c81c91f,oe:team:4bd1751425ef6a9bc9d4d8e9385b4a6,mid,17.469540425602723,2025,T3_240d,protected_frozen_validation_2025,True,2025-06-01 22:06:16+00:00
period:f92170f131413923b84c,2025-07-26 20:10:23+00:00,2025-07-26,oe:player:e9017664588010860a92ceb5f8fcb82,oe:team:2e66da41dc460dd378e3bcc57042d31,mid,19.251962055047706,2025,T3_240d,protected_frozen_validation_2025,True,2025-06-15 23:43:18+00:00
period:f92170f131413923b84c,2025-07-26 20:10:23+00:00,2025-07-26,oe:player:ea9ed09584feecae0991089f087d2ce,oe:team:8eb884e168f28402ce685bedebb5250,mid,16.738658353836822,2025,T3_240d,protected_frozen_validation_2025,True,2025-06-08 23:09:04+00:00
period:f92170f131413923b84c,2025-07-26 20:10:23+00:00,2025-07-26,oe:player:f45792335d83b10581da2f0cbdd6e8e,oe:team:da1143bf9a245b78a8dc86417de85b3,mid,12.388359280735189,2025,T3_240d,protected_frozen_validation_2025,True,2025-05-18 22:38:41+00:00
period:f92170f131413923b84c,2025-07-26 20:10:23+00:00,2025-07-26,oe:player:fddde6d256bee26713f64ad9b2a9394,oe:team:b360f1d729b0a8e0f29a5243c4200fa,mid,17.700608943150083,2025,T3_240d,protected_frozen_validation_2025,True,2025-06-15 23:43:18+00:00
period:f92170f131413923b84c,2025-07-26 20:10:23+00:00,2025-07-26,oe:player:05fafeaf23dc3285558a4e968970b9f,oe:team:8eb884e168f28402ce685bedebb5250,sup,16.585293063526521,2025,T3_240d,protected_frozen_validation_2025,True,2025-06-08 23:09:04+00:00
period:f92170f131413923b84c,2025-07-26 20:10:23+00:00,2025-07-26,oe:player:3e722c8ede909c83af9342c41805a16,oe:team:2e66da41dc460dd378e3bcc57042d31,sup,18.641683213938066,2025,T3_240d,protected_frozen_validation_2025,True,2025-06-15 23:43:18+00:00
period:f92170f131413923b84c,2025-07-26 20:10:23+00:00,2025-07-26,oe:player:40704dfd2d966862568d29770de57bd,oe:team:0dbb780176ecad18f17292d1f5653af,sup,15.168000153027355,2025,T3_240d,protected_frozen_validation_2025,True,2025-06-01 22:06:16+00:00
period:f92170f131413923b84c,2025-07-26 20:10:23+00:00,2025-07-26,oe:player:81acc6bcde5c927c78e0990e9887f84,oe:team:fc8e90107dabb9a35c490b0d86adea0,sup,20.756203387770856,2025,T3_240d,protected_frozen_validation_2025,True,2025-06-15 23:43:18+00:00
period:f92170f131413923b84c,2025-07-26 20:10:23+00:00,2025-07-26,oe:player:9191e392e93a6ef011ef76b5b83ee6c,oe:team:289284911fb6f41c0ccaecc3a0c2891,sup,17.773601617296897,2025,T3_240d,protected_frozen_validation_2025,True,2025-05-18 22:38:41+00:00
period:f92170f131413923b84c,2025-07-26 20:10:23+00:00,2025-07-26,oe:player:a2d7b8856032bf106783621b9afeb41,oe:team:da1143bf9a245b78a8dc86417de85b3,sup,11.852800275611415,2025,T3_240d,protected_frozen_validation_2025,True,2025-05-18 22:38:41+00:00
period:f92170f131413923b84c,2025-07-26 20:10:23+00:00,2025-07-26,oe:player:c88cada1696defe81464925789aa6d8,oe:team:b360f1d729b0a8e0f29a5243c4200fa,sup,16.938535994968937,2025,T3_240d,protected_frozen_validation_2025,True,2025-06-15 23:43:18+00:00
period:f92170f131413923b84c,2025-07-26 20:10:23+00:00,2025-07-26,oe:player:dbe844fcbbc7f54654e54242e79acac,oe:team:4bd1751425ef6a9bc9d4d8e9385b4a6,sup,16.647048422056088,2025,T3_240d,protected_frozen_validation_2025,True,2025-06-01 22:06:16+00:00
period:f92170f131413923b84c,2025-07-26 20:10:23+00:00,2025-07-26,oe:player:007be3acd5669d100711b13d79e2336,oe:team:4bd1751425ef6a9bc9d4d8e9385b4a6,top,11.403725620834807,2025,T3_240d,protected_frozen_validation_2025,True,2025-06-01 22:06:16+00:00
period:f92170f131413923b84c,2025-07-26 20:10:23+00:00,2025-07-26,oe:player:1efc4e5732e91520d03385900b903f9,oe:team:fc8e90107dabb9a35c490b0d86adea0,top,16.395268417036441,2025,T3_240d,protected_frozen_validation_2025,True,2025-06-15 23:43:18+00:00
period:f92170f131413923b84c,2025-07-26 20:10:23+00:00,2025-07-26,oe:player:21f59b54f62b5b8b4bc0f63f0f617fc,oe:team:8eb884e168f28402ce685bedebb5250,top,13.220253364077541,2025,T3_240d,protected_frozen_validation_2025,True,2025-06-08 23:09:04+00:00
period:f92170f131413923b84c,2025-07-26 20:10:23+00:00,2025-07-26,oe:player:7e2505960c12cc54c96a0a6efb2e055,oe:team:2e66da41dc460dd378e3bcc57042d31,top,15.390064422418179,2025,T3_240d,protected_frozen_validation_2025,True,2025-06-15 23:43:18+00:00
period:f92170f131413923b84c,2025-07-26 20:10:23+00:00,2025-07-26,oe:player:80fea0848c57b8e07a79675d41f582c,oe:team:289284911fb6f41c0ccaecc3a0c2891,top,12.354072165365057,2025,T3_240d,protected_frozen_validation_2025,True,2025-05-18 22:38:41+00:00
period:f92170f131413923b84c,2025-07-26 20:10:23+00:00,2025-07-26,oe:player:aa275f2acb2a0d41940e162947a5855,oe:team:da1143bf9a245b78a8dc86417de85b3,top,7.0549540185137314,2025,T3_240d,protected_frozen_validation_2025,True,2025-06-15 23:43:18+00:00
period:f92170f131413923b84c,2025-07-26 20:10:23+00:00,2025-07-26,oe:player:d617210b92fa03e78554883250d432c,oe:team:2e66da41dc460dd378e3bcc57042d31,top,12.116117242771178,2025,T3_240d,protected_frozen_validation_2025,True,2025-06-15 23:43:18+00:00
period:f92170f131413923b84c,2025-07-26 20:10:23+00:00,2025-07-26,oe:player:f02f1c8275084050765b4b6414bdfda,oe:team:b360f1d729b0a8e0f29a5243c4200fa,top,14.86032376184521,2025,T3_240d,protected_frozen_validation_2025,True,2025-06-15 23:43:18+00:00
period:f92170f131413923b84c,2025-07-26 20:10:23+00:00,2025-07-26,oe:player:fd22b656b23ca07a276181a4953ba2c,oe:team:0dbb780176ecad18f17292d1f5653af,top,11.475238741362203,2025,T3_240d,protected_frozen_validation_2025,True,2025-06-15 23:43:18+00:00
period:c7231b512ce5dfec31cf,2025-08-02 20:08:18+00:00,2025-08-02,oe:player:10fcffece0ac7be85f09c4b51a75762,oe:team:fc8e90107dabb9a35c490b0d86adea0,bot,23.171005735984679,2025,T3_240d,protected_frozen_validation_2025,True,2025-07-27 22:54:47+00:00
period:c7231b512ce5dfec31cf,2025-08-02 20:08:18+00:00,2025-08-02,oe:player:494fc60dffbb5da1caa2226baef0ec7,oe:team:b360f1d729b0a8e0f29a5243c4200fa,bot,21.920041088281877,2025,T3_240d,protected_frozen_validation_2025,True,2025-07-27 22:54:47+00:00
period:c7231b512ce5dfec31cf,2025-08-02 20:08:18+00:00,2025-08-02,oe:player:6378658dafc3eeb902fa2e52f909172,oe:team:0dbb780176ecad18f17292d1f5653af,bot,10.585917618790493,2025,T3_240d,protected_frozen_validation_2025,True,2025-07-27 22:54:47+00:00
period:c7231b512ce5dfec31cf,2025-08-02 20:08:18+00:00,2025-08-02,oe:player:73d2b65353d7b00e0f198ffdc085edc,oe:team:4bd1751425ef6a9bc9d4d8e9385b4a6,bot,13.53966149792892,2025,T3_240d,protected_frozen_validation_2025,True,2025-07-27 22:54:47+00:00
period:c7231b512ce5dfec31cf,2025-08-02 20:08:18+00:00,2025-08-02,oe:player:9712524dc88851032bd53054f8b49b4,oe:team:da1143bf9a245b78a8dc86417de85b3,bot,12.309747721047007,2025,T3_240d,protected_frozen_validation_2025,True,2025-07-27 22:54:47+00:00
period:c7231b512ce5dfec31cf,2025-08-02 20:08:18+00:00,2025-08-02,oe:player:c145139d26813639b8fe6f4d0b28228,oe:team:2e66da41dc460dd378e3bcc57042d31,bot,19.681409210824761,2025,T3_240d,protected_frozen_validation_2025,True,2025-07-27 22:54:47+00:00
period:c7231b512ce5dfec31cf,2025-08-02 20:08:18+00:00,2025-08-02,oe:player:e2c655411d8d95ef73d8026704f5e7a,oe:team:289284911fb6f41c0ccaecc3a0c2891,bot,15.19456747605626,2025,T3_240d,protected_frozen_validation_2025,True,2025-07-27 22:54:47+00:00
period:c7231b512ce5dfec31cf,2025-08-02 20:08:18+00:00,2025-08-02,oe:player:f6b8af05a5af22004a67a78f3046b92,oe:team:8eb884e168f28402ce685bedebb5250,bot,20.521022023070255,2025,T3_240d,protected_frozen_validation_2025,True,2025-07-27 22:54:47+00:00
period:c7231b512ce5dfec31cf,2025-08-02 20:08:18+00:00,2025-08-02,oe:player:08936c56ab5a6453c58974a619651c3,oe:team:289284911fb6f41c0ccaecc3a0c2891,jgl,10.590163884511679,2025,T3_240d,protected_frozen_validation_2025,True,2025-07-27 22:54:47+00:00
period:c7231b512ce5dfec31cf,2025-08-02 20:08:18+00:00,2025-08-02,oe:player:5f048688474a6eacfefd74bd53d8715,oe:team:0dbb780176ecad18f17292d1f5653af,jgl,9.3684399548035682,2025,T3_240d,protected_frozen_validation_2025,True,2025-07-27 22:54:47+00:00
period:c7231b512ce5dfec31cf,2025-08-02 20:08:18+00:00,2025-08-02,oe:player:7c3395efccd48fe73592001501bef83,oe:team:4bd1751425ef6a9bc9d4d8e9385b4a6,jgl,12.243675403607943,2025,T3_240d,protected_frozen_validation_2025,True,2025-07-27 22:54:47+00:00
period:c7231b512ce5dfec31cf,2025-08-02 20:08:18+00:00,2025-08-02,oe:player:8a5dbe19794784cfd0553556844f045,oe:team:b360f1d729b0a8e0f29a5243c4200fa,jgl,20.526791265220304,2025,T3_240d,protected_frozen_validation_2025,True,2025-07-27 22:54:47+00:00
period:c7231b512ce5dfec31cf,2025-08-02 20:08:18+00:00,2025-08-02,oe:player:a8307167f3a1c933295bb9e3d43700e,oe:team:2e66da41dc460dd378e3bcc57042d31,jgl,19.097878244694769,2025,T3_240d,protected_frozen_validation_2025,True,2025-07-27 22:54:47+00:00
period:c7231b512ce5dfec31cf,2025-08-02 20:08:18+00:00,2025-08-02,oe:player:de23ee5a66222e1e02da354414f2971,oe:team:da1143bf9a245b78a8dc86417de85b3,jgl,11.791483138002745,2025,T3_240d,protected_frozen_validation_2025,True,2025-07-27 22:54:47+00:00
period:c7231b512ce5dfec31cf,2025-08-02 20:08:18+00:00,2025-08-02,oe:player:ed455f823b6586e9e3621dfb5aeb42e,oe:team:fc8e90107dabb9a35c490b0d86adea0,jgl,21.675255909982855,2025,T3_240d,protected_frozen_validation_2025,True,2025-07-27 22:54:47+00:00
period:c7231b512ce5dfec31cf,2025-08-02 20:08:18+00:00,2025-08-02,oe:player:f9e804c44aa43f18576783a067e99ab,oe:team:8eb884e168f28402ce685bedebb5250,jgl,17.921040093074822,2025,T3_240d,protected_frozen_validation_2025,True,2025-07-27 22:54:47+00:00
period:c7231b512ce5dfec31cf,2025-08-02 20:08:18+00:00,2025-08-02,oe:player:05a73863e113f3cb6b472a76da2ea52,oe:team:289284911fb6f41c0ccaecc3a0c2891,mid,14.78024240251276,2025,T3_240d,protected_frozen_validation_2025,True,2025-07-27 22:54:47+00:00
period:c7231b512ce5dfec31cf,2025-08-02 20:08:18+00:00,2025-08-02,oe:player:0a53c1102dafce61e89decc517b3175,oe:team:fc8e90107dabb9a35c490b0d86adea0,mid,23.738483576585651,2025,T3_240d,protected_frozen_validation_2025,True,2025-07-27 22:54:47+00:00
period:c7231b512ce5dfec31cf,2025-08-02 20:08:18+00:00,2025-08-02,oe:player:1b26a8bba6e841f1c375b283db5c1c6,oe:team:0dbb780176ecad18f17292d1f5653af,mid,8.763680078221272,2025,T3_240d,protected_frozen_validation_2025,True,2025-07-27 22:54:47+00:00
period:c7231b512ce5dfec31cf,2025-08-02 20:08:18+00:00,2025-08-02,oe:player:8f8eaac8e99c203ee76e57c5c81c91f,oe:team:4bd1751425ef6a9bc9d4d8e9385b4a6,mid,14.357153698752352,2025,T3_240d,protected_frozen_validation_2025,True,2025-07-27 22:54:47+00:00
period:c7231b512ce5dfec31cf,2025-08-02 20:08:18+00:00,2025-08-02,oe:player:e9017664588010860a92ceb5f8fcb82,oe:team:2e66da41dc460dd378e3bcc57042d31,mid,19.607160517569653,2025,T3_240d,protected_frozen_validation_2025,True,2025-07-27 22:54:47+00:00
period:c7231b512ce5dfec31cf,2025-08-02 20:08:18+00:00,2025-08-02,oe:player:ea9ed09584feecae0991089f087d2ce,oe:team:8eb884e168f28402ce685bedebb5250,mid,20.170810194668853,2025,T3_240d,protected_frozen_validation_2025,True,2025-07-27 22:54:47+00:00
period:c7231b512ce5dfec31cf,2025-08-02 20:08:18+00:00,2025-08-02,oe:player:f45792335d83b10581da2f0cbdd6e8e,oe:team:da1143bf9a245b78a8dc86417de85b3,mid,13.510047371671099,2025,T3_240d,protected_frozen_validation_2025,True,2025-07-27 22:54:47+00:00
period:c7231b512ce5dfec31cf,2025-08-02 20:08:18+00:00,2025-08-02,oe:player:fddde6d256bee26713f64ad9b2a9394,oe:team:b360f1d729b0a8e0f29a5243c4200fa,mid,20.867068069942071,2025,T3_240d,protected_frozen_validation_2025,True,2025-07-27 22:54:47+00:00
period:c7231b512ce5dfec31cf,2025-08-02 20:08:18+00:00,2025-08-02,oe:player:05fafeaf23dc3285558a4e968970b9f,oe:team:8eb884e168f28402ce685bedebb5250,sup,19.877694578307246,2025,T3_240d,protected_frozen_validation_2025,True,2025-07-27 22:54:47+00:00
period:c7231b512ce5dfec31cf,2025-08-02 20:08:18+00:00,2025-08-02,oe:player:3e722c8ede909c83af9342c41805a16,oe:team:2e66da41dc460dd378e3bcc57042d31,sup,18.871590768652705,2025,T3_240d,protected_frozen_validation_2025,True,2025-07-27 22:54:47+00:00
period:c7231b512ce5dfec31cf,2025-08-02 20:08:18+00:00,2025-08-02,oe:player:40704dfd2d966862568d29770de57bd,oe:team:0dbb780176ecad18f17292d1f5653af,sup,10.06140076843818,2025,T3_240d,protected_frozen_validation_2025,True,2025-07-27 22:54:47+00:00
period:c7231b512ce5dfec31cf,2025-08-02 20:08:18+00:00,2025-08-02,oe:player:81acc6bcde5c927c78e0990e9887f84,oe:team:fc8e90107dabb9a35c490b0d86adea0,sup,21.990838045680004,2025,T3_240d,protected_frozen_validation_2025,True,2025-07-27 22:54:47+00:00
period:c7231b512ce5dfec31cf,2025-08-02 20:08:18+00:00,2025-08-02,oe:player:9191e392e93a6ef011ef76b5b83ee6c,oe:team:289284911fb6f41c0ccaecc3a0c2891,sup,13.661038602864268,2025,T3_240d,protected_frozen_validation_2025,True,2025-07-27 22:54:47+00:00
period:c7231b512ce5dfec31cf,2025-08-02 20:08:18+00:00,2025-08-02,oe:player:a2d7b8856032bf106783621b9afeb41,oe:team:da1143bf9a245b78a8dc86417de85b3,sup,12.895475400995696,2025,T3_240d,protected_frozen_validation_2025,True,2025-07-27 22:54:47+00:00
period:c7231b512ce5dfec31cf,2025-08-02 20:08:18+00:00,2025-08-02,oe:player:c88cada1696defe81464925789aa6d8,oe:team:b360f1d729b0a8e0f29a5243c4200fa,sup,20.269249127619197,2025,T3_240d,protected_frozen_validation_2025,True,2025-07-27 22:54:47+00:00
period:c7231b512ce5dfec31cf,2025-08-02 20:08:18+00:00,2025-08-02,oe:player:dbe844fcbbc7f54654e54242e79acac,oe:team:4bd1751425ef6a9bc9d4d8e9385b4a6,sup,13.69039404160714,2025,T3_240d,protected_frozen_validation_2025,True,2025-07-27 22:54:47+00:00
period:c7231b512ce5dfec31cf,2025-08-02 20:08:18+00:00,2025-08-02,oe:player:007be3acd5669d100711b13d79e2336,oe:team:4bd1751425ef6a9bc9d4d8e9385b4a6,top,9.0353114994375794,2025,T3_240d,protected_frozen_validation_2025,True,2025-07-27 22:54:47+00:00
period:c7231b512ce5dfec31cf,2025-08-02 20:08:18+00:00,2025-08-02,oe:player:1efc4e5732e91520d03385900b903f9,oe:team:fc8e90107dabb9a35c490b0d86adea0,top,17.594279049122516,2025,T3_240d,protected_frozen_validation_2025,True,2025-07-27 22:54:47+00:00
period:c7231b512ce5dfec31cf,2025-08-02 20:08:18+00:00,2025-08-02,oe:player:21f59b54f62b5b8b4bc0f63f0f617fc,oe:team:8eb884e168f28402ce685bedebb5250,top,15.956296373802912,2025,T3_240d,protected_frozen_validation_2025,True,2025-07-27 22:54:47+00:00
period:c7231b512ce5dfec31cf,2025-08-02 20:08:18+00:00,2025-08-02,oe:player:4d0ec5fa505ee341aff8b2309356afc,oe:team:da1143bf9a245b78a8dc86417de85b3,top,8.0230529032190478,2025,T3_240d,protected_frozen_validation_2025,True,2025-06-01 22:06:16+00:00
period:c7231b512ce5dfec31cf,2025-08-02 20:08:18+00:00,2025-08-02,oe:player:7e2505960c12cc54c96a0a6efb2e055,oe:team:2e66da41dc460dd378e3bcc57042d31,top,14.995180849030957,2025,T3_240d,protected_frozen_validation_2025,True,2025-07-27 22:54:47+00:00
period:c7231b512ce5dfec31cf,2025-08-02 20:08:18+00:00,2025-08-02,oe:player:80fea0848c57b8e07a79675d41f582c,oe:team:289284911fb6f41c0ccaecc3a0c2891,top,9.2192712848501657,2025,T3_240d,protected_frozen_validation_2025,True,2025-07-27 22:54:47+00:00
period:c7231b512ce5dfec31cf,2025-08-02 20:08:18+00:00,2025-08-02,oe:player:f02f1c8275084050765b4b6414bdfda,oe:team:b360f1d729b0a8e0f29a5243c4200fa,top,17.429548953901588,2025,T3_240d,protected_frozen_validation_2025,True,2025-07-27 22:54:47+00:00
period:c7231b512ce5dfec31cf,2025-08-02 20:08:18+00:00,2025-08-02,oe:player:fd22b656b23ca07a276181a4953ba2c,oe:team:0dbb780176ecad18f17292d1f5653af,top,7.8759341277457473,2025,T3_240d,protected_frozen_validation_2025,True,2025-07-27 22:54:47+00:00
period:c139a580fc7ad181ea33,2025-08-09 20:06:58+00:00,2025-08-09,oe:player:10fcffece0ac7be85f09c4b51a75762,oe:team:fc8e90107dabb9a35c490b0d86adea0,bot,20.184249022992322,2025,T3_240d,protected_frozen_validation_2025,True,2025-08-03 23:42:20+00:00
period:c139a580fc7ad181ea33,2025-08-09 20:06:58+00:00,2025-08-09,oe:player:494fc60dffbb5da1caa2226baef0ec7,oe:team:b360f1d729b0a8e0f29a5243c4200fa,bot,16.194752372039861,2025,T3_240d,protected_frozen_validation_2025,True,2025-08-03 23:42:20+00:00
period:c139a580fc7ad181ea33,2025-08-09 20:06:58+00:00,2025-08-09,oe:player:6378658dafc3eeb902fa2e52f909172,oe:team:0dbb780176ecad18f17292d1f5653af,bot,18.946226476270436,2025,T3_240d,protected_frozen_validation_2025,True,2025-08-03 23:42:20+00:00
period:c139a580fc7ad181ea33,2025-08-09 20:06:58+00:00,2025-08-09,oe:player:73d2b65353d7b00e0f198ffdc085edc,oe:team:4bd1751425ef6a9bc9d4d8e9385b4a6,bot,17.509423812584334,2025,T3_240d,protected_frozen_validation_2025,True,2025-08-03 23:42:20+00:00
period:c139a580fc7ad181ea33,2025-08-09 20:06:58+00:00,2025-08-09,oe:player:9712524dc88851032bd53054f8b49b4,oe:team:da1143bf9a245b78a8dc86417de85b3,bot,11.690616069665044,2025,T3_240d,protected_frozen_validation_2025,True,2025-08-03 23:42:20+00:00
period:c139a580fc7ad181ea33,2025-08-09 20:06:58+00:00,2025-08-09,oe:player:c145139d26813639b8fe6f4d0b28228,oe:team:2e66da41dc460dd378e3bcc57042d31,bot,20.732706812864155,2025,T3_240d,protected_frozen_validation_2025,True,2025-08-03 23:42:20+00:00
period:c139a580fc7ad181ea33,2025-08-09 20:06:58+00:00,2025-08-09,oe:player:e2c655411d8d95ef73d8026704f5e7a,oe:team:289284911fb6f41c0ccaecc3a0c2891,bot,16.105181505219541,2025,T3_240d,protected_frozen_validation_2025,True,2025-08-03 23:42:20+00:00
period:c139a580fc7ad181ea33,2025-08-09 20:06:58+00:00,2025-08-09,oe:player:f6b8af05a5af22004a67a78f3046b92,oe:team:8eb884e168f28402ce685bedebb5250,bot,13.234177650054551,2025,T3_240d,protected_frozen_validation_2025,True,2025-08-03 23:42:20+00:00
period:c139a580fc7ad181ea33,2025-08-09 20:06:58+00:00,2025-08-09,oe:player:08936c56ab5a6453c58974a619651c3,oe:team:289284911fb6f41c0ccaecc3a0c2891,jgl,11.726896738154307,2025,T3_240d,protected_frozen_validation_2025,True,2025-08-03 23:42:20+00:00
period:c139a580fc7ad181ea33,2025-08-09 20:06:58+00:00,2025-08-09,oe:player:5f048688474a6eacfefd74bd53d8715,oe:team:0dbb780176ecad18f17292d1f5653af,jgl,17.316810525381616,2025,T3_240d,protected_frozen_validation_2025,True,2025-08-03 23:42:20+00:00
period:c139a580fc7ad181ea33,2025-08-09 20:06:58+00:00,2025-08-09,oe:player:7c3395efccd48fe73592001501bef83,oe:team:4bd1751425ef6a9bc9d4d8e9385b4a6,jgl,15.703802104014942,2025,T3_240d,protected_frozen_validation_2025,True,2025-08-03 23:42:20+00:00
period:c139a580fc7ad181ea33,2025-08-09 20:06:58+00:00,2025-08-09,oe:player:8a5dbe19794784cfd0553556844f045,oe:team:b360f1d729b0a8e0f29a5243c4200fa,jgl,15.230064402218147,2025,T3_240d,protected_frozen_validation_2025,True,2025-08-03 23:42:20+00:00
period:c139a580fc7ad181ea33,2025-08-09 20:06:58+00:00,2025-08-09,oe:player:a8307167f3a1c933295bb9e3d43700e,oe:team:2e66da41dc460dd378e3bcc57042d31,jgl,20.030245571941915,2025,T3_240d,protected_frozen_validation_2025,True,2025-08-03 23:42:20+00:00
period:c139a580fc7ad181ea33,2025-08-09 20:06:58+00:00,2025-08-09,oe:player:de23ee5a66222e1e02da354414f2971,oe:team:da1143bf9a245b78a8dc86417de85b3,jgl,11.082540183499765,2025,T3_240d,protected_frozen_validation_2025,True,2025-08-03 23:42:20+00:00
period:c139a580fc7ad181ea33,2025-08-09 20:06:58+00:00,2025-08-09,oe:player:ed455f823b6586e9e3621dfb5aeb42e,oe:team:fc8e90107dabb9a35c490b0d86adea0,jgl,18.786487119001006,2025,T3_240d,protected_frozen_validation_2025,True,2025-08-03 23:42:20+00:00
period:c139a580fc7ad181ea33,2025-08-09 20:06:58+00:00,2025-08-09,oe:player:f9e804c44aa43f18576783a067e99ab,oe:team:8eb884e168f28402ce685bedebb5250,jgl,10.548950990732607,2025,T3_240d,protected_frozen_validation_2025,True,2025-08-03 23:42:20+00:00
period:c139a580fc7ad181ea33,2025-08-09 20:06:58+00:00,2025-08-09,oe:player:05a73863e113f3cb6b472a76da2ea52,oe:team:289284911fb6f41c0ccaecc3a0c2891,mid,16.327525235517545,2025,T3_240d,protected_frozen_validation_2025,True,2025-08-03 23:42:20+00:00
period:c139a580fc7ad181ea33,2025-08-09 20:06:58+00:00,2025-08-09,oe:player:0a53c1102dafce61e89decc517b3175,oe:team:fc8e90107dabb9a35c490b0d86adea0,mid,21.009009379883462,2025,T3_240d,protected_frozen_validation_2025,True,2025-08-03 23:42:20+00:00
period:c139a580fc7ad181ea33,2025-08-09 20:06:58+00:00,2025-08-09,oe:player:1b26a8bba6e841f1c375b283db5c1c6,oe:team:0dbb780176ecad18f17292d1f5653af,mid,17.06803963722739,2025,T3_240d,protected_frozen_validation_2025,True,2025-08-03 23:42:20+00:00
period:c139a580fc7ad181ea33,2025-08-09 20:06:58+00:00,2025-08-09,oe:player:8f8eaac8e99c203ee76e57c5c81c91f,oe:team:4bd1751425ef6a9bc9d4d8e9385b4a6,mid,18.155752492747595,2025,T3_240d,protected_frozen_validation_2025,True,2025-08-03 23:42:20+00:00
period:c139a580fc7ad181ea33,2025-08-09 20:06:58+00:00,2025-08-09,oe:player:e9017664588010860a92ceb5f8fcb82,oe:team:2e66da41dc460dd378e3bcc57042d31,mid,20.62875898205607,2025,T3_240d,protected_frozen_validation_2025,True,2025-08-03 23:42:20+00:00
period:c139a580fc7ad181ea33,2025-08-09 20:06:58+00:00,2025-08-09,oe:player:ea9ed09584feecae0991089f087d2ce,oe:team:8eb884e168f28402ce685bedebb5250,mid,12.743409764772162,2025,T3_240d,protected_frozen_validation_2025,True,2025-08-03 23:42:20+00:00
period:c139a580fc7ad181ea33,2025-08-09 20:06:58+00:00,2025-08-09,oe:player:f45792335d83b10581da2f0cbdd6e8e,oe:team:da1143bf9a245b78a8dc86417de85b3,mid,12.809001765391079,2025,T3_240d,protected_frozen_validation_2025,True,2025-08-03 23:42:20+00:00
period:c139a580fc7ad181ea33,2025-08-09 20:06:58+00:00,2025-08-09,oe:player:fddde6d256bee26713f64ad9b2a9394,oe:team:b360f1d729b0a8e0f29a5243c4200fa,mid,15.205417668865763,2025,T3_240d,protected_frozen_validation_2025,True,2025-08-03 23:42:20+00:00
period:c139a580fc7ad181ea33,2025-08-09 20:06:58+00:00,2025-08-09,oe:player:05fafeaf23dc3285558a4e968970b9f,oe:team:8eb884e168f28402ce685bedebb5250,sup,12.678135938973092,2025,T3_240d,protected_frozen_validation_2025,True,2025-08-03 23:42:20+00:00
period:c139a580fc7ad181ea33,2025-08-09 20:06:58+00:00,2025-08-09,oe:player:3e722c8ede909c83af9342c41805a16,oe:team:2e66da41dc460dd378e3bcc57042d31,sup,19.960529049533704,2025,T3_240d,protected_frozen_validation_2025,True,2025-08-03 23:42:20+00:00
period:c139a580fc7ad181ea33,2025-08-09 20:06:58+00:00,2025-08-09,oe:player:40704dfd2d966862568d29770de57bd,oe:team:0dbb780176ecad18f17292d1f5653af,sup,18.228137579258657,2025,T3_240d,protected_frozen_validation_2025,True,2025-08-03 23:42:20+00:00
period:c139a580fc7ad181ea33,2025-08-09 20:06:58+00:00,2025-08-09,oe:player:81acc6bcde5c927c78e0990e9887f84,oe:team:fc8e90107dabb9a35c490b0d86adea0,sup,19.021258810758749,2025,T3_240d,protected_frozen_validation_2025,True,2025-08-03 23:42:20+00:00
period:c139a580fc7ad181ea33,2025-08-09 20:06:58+00:00,2025-08-09,oe:player:9191e392e93a6ef011ef76b5b83ee6c,oe:team:289284911fb6f41c0ccaecc3a0c2891,sup,14.565763074132693,2025,T3_240d,protected_frozen_validation_2025,True,2025-08-03 23:42:20+00:00
period:c139a580fc7ad181ea33,2025-08-09 20:06:58+00:00,2025-08-09,oe:player:a2d7b8856032bf106783621b9afeb41,oe:team:da1143bf9a245b78a8dc86417de85b3,sup,12.197093091813496,2025,T3_240d,protected_frozen_validation_2025,True,2025-08-03 23:42:20+00:00
period:c139a580fc7ad181ea33,2025-08-09 20:06:58+00:00,2025-08-09,oe:player:c88cada1696defe81464925789aa6d8,oe:team:b360f1d729b0a8e0f29a5243c4200fa,sup,14.793111956367229,2025,T3_240d,protected_frozen_validation_2025,True,2025-08-03 23:42:20+00:00
period:c139a580fc7ad181ea33,2025-08-09 20:06:58+00:00,2025-08-09,oe:player:dbe844fcbbc7f54654e54242e79acac,oe:team:4bd1751425ef6a9bc9d4d8e9385b4a6,sup,17.131387872336518,2025,T3_240d,protected_frozen_validation_2025,True,2025-08-03 23:42:20+00:00
period:c139a580fc7ad181ea33,2025-08-09 20:06:58+00:00,2025-08-09,oe:player:1efc4e5732e91520d03385900b903f9,oe:team:fc8e90107dabb9a35c490b0d86adea0,top,15.010661366692169,2025,T3_240d,protected_frozen_validation_2025,True,2025-08-03 23:42:20+00:00
period:c139a580fc7ad181ea33,2025-08-09 20:06:58+00:00,2025-08-09,oe:player:21f59b54f62b5b8b4bc0f63f0f617fc,oe:team:8eb884e168f28402ce685bedebb5250,top,9.9520081202772257,2025,T3_240d,protected_frozen_validation_2025,True,2025-08-03 23:42:20+00:00
period:c139a580fc7ad181ea33,2025-08-09 20:06:58+00:00,2025-08-09,oe:player:4d0ec5fa505ee341aff8b2309356afc,oe:team:da1143bf9a245b78a8dc86417de85b3,top,7.5285969275219458,2025,T3_240d,protected_frozen_validation_2025,True,2025-08-03 23:42:20+00:00
period:c139a580fc7ad181ea33,2025-08-09 20:06:58+00:00,2025-08-09,oe:player:5385f74da3e5deb5b66d9a1ee56cf97,oe:team:4bd1751425ef6a9bc9d4d8e9385b4a6,top,11.943324720916817,2025,T3_240d,protected_frozen_validation_2025,True,2024-08-25 22:51:53+00:00
period:c139a580fc7ad181ea33,2025-08-09 20:06:58+00:00,2025-08-09,oe:player:7e2505960c12cc54c96a0a6efb2e055,oe:team:2e66da41dc460dd378e3bcc57042d31,top,15.773330886618837,2025,T3_240d,protected_frozen_validation_2025,True,2025-08-03 23:42:20+00:00
period:c139a580fc7ad181ea33,2025-08-09 20:06:58+00:00,2025-08-09,oe:player:80fea0848c57b8e07a79675d41f582c,oe:team:289284911fb6f41c0ccaecc3a0c2891,top,9.7565185308268632,2025,T3_240d,protected_frozen_validation_2025,True,2025-08-03 23:42:20+00:00
period:c139a580fc7ad181ea33,2025-08-09 20:06:58+00:00,2025-08-09,oe:player:f02f1c8275084050765b4b6414bdfda,oe:team:b360f1d729b0a8e0f29a5243c4200fa,top,12.893564897986906,2025,T3_240d,protected_frozen_validation_2025,True,2025-08-03 23:42:20+00:00
period:c139a580fc7ad181ea33,2025-08-09 20:06:58+00:00,2025-08-09,oe:player:fd22b656b23ca07a276181a4953ba2c,oe:team:0dbb780176ecad18f17292d1f5653af,top,14.968947223618793,2025,T3_240d,protected_frozen_validation_2025,True,2025-08-03 23:42:20+00:00
period:9d2506f6d55754824303,2025-08-16 20:06:27+00:00,2025-08-16,oe:player:10fcffece0ac7be85f09c4b51a75762,oe:team:fc8e90107dabb9a35c490b0d86adea0,bot,21.629847227442873,2025,T3_240d,protected_frozen_validation_2025,True,2025-08-10 23:30:53+00:00
period:9d2506f6d55754824303,2025-08-16 20:06:27+00:00,2025-08-16,oe:player:494fc60dffbb5da1caa2226baef0ec7,oe:team:b360f1d729b0a8e0f29a5243c4200fa,bot,11.169048697952624,2025,T3_240d,protected_frozen_validation_2025,True,2025-08-10 23:30:53+00:00
period:9d2506f6d55754824303,2025-08-16 20:06:27+00:00,2025-08-16,oe:player:c145139d26813639b8fe6f4d0b28228,oe:team:2e66da41dc460dd378e3bcc57042d31,bot,19.271227668415943,2025,T3_240d,protected_frozen_validation_2025,True,2025-08-10 23:30:53+00:00
period:9d2506f6d55754824303,2025-08-16 20:06:27+00:00,2025-08-16,oe:player:f6b8af05a5af22004a67a78f3046b92,oe:team:8eb884e168f28402ce685bedebb5250,bot,13.940617770745714,2025,T3_240d,protected_frozen_validation_2025,True,2025-08-10 23:30:53+00:00
period:9d2506f6d55754824303,2025-08-16 20:06:27+00:00,2025-08-16,oe:player:8a5dbe19794784cfd0553556844f045,oe:team:b360f1d729b0a8e0f29a5243c4200fa,jgl,10.334728161806009,2025,T3_240d,protected_frozen_validation_2025,True,2025-08-10 23:30:53+00:00
period:9d2506f6d55754824303,2025-08-16 20:06:27+00:00,2025-08-16,oe:player:a8307167f3a1c933295bb9e3d43700e,oe:team:2e66da41dc460dd378e3bcc57042d31,jgl,18.776453178660407,2025,T3_240d,protected_frozen_validation_2025,True,2025-08-10 23:30:53+00:00
period:9d2506f6d55754824303,2025-08-16 20:06:27+00:00,2025-08-16,oe:player:ed455f823b6586e9e3621dfb5aeb42e,oe:team:fc8e90107dabb9a35c490b0d86adea0,jgl,20.287652704222435,2025,T3_240d,protected_frozen_validation_2025,True,2025-08-10 23:30:53+00:00
period:9d2506f6d55754824303,2025-08-16 20:06:27+00:00,2025-08-16,oe:player:f9e804c44aa43f18576783a067e99ab,oe:team:8eb884e168f28402ce685bedebb5250,jgl,11.24710097522888,2025,T3_240d,protected_frozen_validation_2025,True,2025-08-10 23:30:53+00:00
period:9d2506f6d55754824303,2025-08-16 20:06:27+00:00,2025-08-16,oe:player:0a53c1102dafce61e89decc517b3175,oe:team:fc8e90107dabb9a35c490b0d86adea0,mid,22.017677649300417,2025,T3_240d,protected_frozen_validation_2025,True,2025-08-10 23:30:53+00:00
period:9d2506f6d55754824303,2025-08-16 20:06:27+00:00,2025-08-16,oe:player:e9017664588010860a92ceb5f8fcb82,oe:team:2e66da41dc460dd378e3bcc57042d31,mid,19.241158936055296,2025,T3_240d,protected_frozen_validation_2025,True,2025-08-10 23:30:53+00:00
period:9d2506f6d55754824303,2025-08-16 20:06:27+00:00,2025-08-16,oe:player:ea9ed09584feecae0991089f087d2ce,oe:team:8eb884e168f28402ce685bedebb5250,mid,13.316201643203142,2025,T3_240d,protected_frozen_validation_2025,True,2025-08-10 23:30:53+00:00
period:9d2506f6d55754824303,2025-08-16 20:06:27+00:00,2025-08-16,oe:player:fddde6d256bee26713f64ad9b2a9394,oe:team:b360f1d729b0a8e0f29a5243c4200fa,mid,10.166058980384777,2025,T3_240d,protected_frozen_validation_2025,True,2025-08-10 23:30:53+00:00
period:9d2506f6d55754824303,2025-08-16 20:06:27+00:00,2025-08-16,oe:player:05fafeaf23dc3285558a4e968970b9f,oe:team:8eb884e168f28402ce685bedebb5250,sup,13.554210840783727,2025,T3_240d,protected_frozen_validation_2025,True,2025-08-10 23:30:53+00:00
period:9d2506f6d55754824303,2025-08-16 20:06:27+00:00,2025-08-16,oe:player:3e722c8ede909c83af9342c41805a16,oe:team:2e66da41dc460dd378e3bcc57042d31,sup,18.637411092921624,2025,T3_240d,protected_frozen_validation_2025,True,2025-08-10 23:30:53+00:00
period:9d2506f6d55754824303,2025-08-16 20:06:27+00:00,2025-08-16,oe:player:81acc6bcde5c927c78e0990e9887f84,oe:team:fc8e90107dabb9a35c490b0d86adea0,sup,20.457924587802147,2025,T3_240d,protected_frozen_validation_2025,True,2025-08-10 23:30:53+00:00
period:9d2506f6d55754824303,2025-08-16 20:06:27+00:00,2025-08-16,oe:player:c88cada1696defe81464925789aa6d8,oe:team:b360f1d729b0a8e0f29a5243c4200fa,sup,9.9316822472024757,2025,T3_240d,protected_frozen_validation_2025,True,2025-08-10 23:30:53+00:00
period:9d2506f6d55754824303,2025-08-16 20:06:27+00:00,2025-08-16,oe:player:1efc4e5732e91520d03385900b903f9,oe:team:fc8e90107dabb9a35c490b0d86adea0,top,16.300062428365187,2025,T3_240d,protected_frozen_validation_2025,True,2025-08-10 23:30:53+00:00
period:9d2506f6d55754824303,2025-08-16 20:06:27+00:00,2025-08-16,oe:player:21f59b54f62b5b8b4bc0f63f0f617fc,oe:team:8eb884e168f28402ce685bedebb5250,top,10.209099218137142,2025,T3_240d,protected_frozen_validation_2025,True,2025-08-10 23:30:53+00:00
period:9d2506f6d55754824303,2025-08-16 20:06:27+00:00,2025-08-16,oe:player:7e2505960c12cc54c96a0a6efb2e055,oe:team:2e66da41dc460dd378e3bcc57042d31,top,14.665998959748553,2025,T3_240d,protected_frozen_validation_2025,True,2025-08-10 23:30:53+00:00
period:9d2506f6d55754824303,2025-08-16 20:06:27+00:00,2025-08-16,oe:player:f02f1c8275084050765b4b6414bdfda,oe:team:b360f1d729b0a8e0f29a5243c4200fa,top,8.7929068994350974,2025,T3_240d,protected_frozen_validation_2025,True,2025-08-10 23:30:53+00:00
period:7c6d5817a7155f3a80bb,2025-08-23 20:06:29+00:00,2025-08-23,oe:player:6378658dafc3eeb902fa2e52f909172,oe:team:0dbb780176ecad18f17292d1f5653af,bot,17.983254672120474,2025,T3_240d,protected_frozen_validation_2025,True,2025-08-10 23:30:53+00:00
period:7c6d5817a7155f3a80bb,2025-08-23 20:06:29+00:00,2025-08-23,oe:player:73d2b65353d7b00e0f198ffdc085edc,oe:team:4bd1751425ef6a9bc9d4d8e9385b4a6,bot,17.081904336036924,2025,T3_240d,protected_frozen_validation_2025,True,2025-08-10 23:30:53+00:00
period:7c6d5817a7155f3a80bb,2025-08-23 20:06:29+00:00,2025-08-23,oe:player:9712524dc88851032bd53054f8b49b4,oe:team:da1143bf9a245b78a8dc86417de85b3,bot,16.250035950180013,2025,T3_240d,protected_frozen_validation_2025,True,2025-08-10 23:30:53+00:00
period:7c6d5817a7155f3a80bb,2025-08-23 20:06:29+00:00,2025-08-23,oe:player:e2c655411d8d95ef73d8026704f5e7a,oe:team:289284911fb6f41c0ccaecc3a0c2891,bot,14.968736278130413,2025,T3_240d,protected_frozen_validation_2025,True,2025-08-10 23:30:53+00:00
period:7c6d5817a7155f3a80bb,2025-08-23 20:06:29+00:00,2025-08-23,oe:player:08936c56ab5a6453c58974a619651c3,oe:team:289284911fb6f41c0ccaecc3a0c2891,jgl,12.145622720633222,2025,T3_240d,protected_frozen_validation_2025,True,2025-08-10 23:30:53+00:00
period:7c6d5817a7155f3a80bb,2025-08-23 20:06:29+00:00,2025-08-23,oe:player:5f048688474a6eacfefd74bd53d8715,oe:team:0dbb780176ecad18f17292d1f5653af,jgl,16.367533848442424,2025,T3_240d,protected_frozen_validation_2025,True,2025-08-10 23:30:53+00:00
period:7c6d5817a7155f3a80bb,2025-08-23 20:06:29+00:00,2025-08-23,oe:player:7c3395efccd48fe73592001501bef83,oe:team:4bd1751425ef6a9bc9d4d8e9385b4a6,jgl,15.710897222249246,2025,T3_240d,protected_frozen_validation_2025,True,2025-08-10 23:30:53+00:00
period:7c6d5817a7155f3a80bb,2025-08-23 20:06:29+00:00,2025-08-23,oe:player:de23ee5a66222e1e02da354414f2971,oe:team:da1143bf9a245b78a8dc86417de85b3,jgl,15.350013004246373,2025,T3_240d,protected_frozen_validation_2025,True,2025-08-10 23:30:53+00:00
period:7c6d5817a7155f3a80bb,2025-08-23 20:06:29+00:00,2025-08-23,oe:player:05a73863e113f3cb6b472a76da2ea52,oe:team:289284911fb6f41c0ccaecc3a0c2891,mid,15.392167509910038,2025,T3_240d,protected_frozen_validation_2025,True,2025-08-10 23:30:53+00:00
period:7c6d5817a7155f3a80bb,2025-08-23 20:06:29+00:00,2025-08-23,oe:player:1b26a8bba6e841f1c375b283db5c1c6,oe:team:0dbb780176ecad18f17292d1f5653af,mid,16.478413726248256,2025,T3_240d,protected_frozen_validation_2025,True,2025-08-10 23:30:53+00:00
period:7c6d5817a7155f3a80bb,2025-08-23 20:06:29+00:00,2025-08-23,oe:player:8f8eaac8e99c203ee76e57c5c81c91f,oe:team:4bd1751425ef6a9bc9d4d8e9385b4a6,mid,17.892641839653429,2025,T3_240d,protected_frozen_validation_2025,True,2025-08-10 23:30:53+00:00
period:7c6d5817a7155f3a80bb,2025-08-23 20:06:29+00:00,2025-08-23,oe:player:f45792335d83b10581da2f0cbdd6e8e,oe:team:da1143bf9a245b78a8dc86417de85b3,mid,17.693612363837772,2025,T3_240d,protected_frozen_validation_2025,True,2025-08-10 23:30:53+00:00
period:7c6d5817a7155f3a80bb,2025-08-23 20:06:29+00:00,2025-08-23,oe:player:40704dfd2d966862568d29770de57bd,oe:team:0dbb780176ecad18f17292d1f5653af,sup,17.284043106687761,2025,T3_240d,protected_frozen_validation_2025,True,2025-08-10 23:30:53+00:00
period:7c6d5817a7155f3a80bb,2025-08-23 20:06:29+00:00,2025-08-23,oe:player:9191e392e93a6ef011ef76b5b83ee6c,oe:team:289284911fb6f41c0ccaecc3a0c2891,sup,14.708787421629884,2025,T3_240d,protected_frozen_validation_2025,True,2025-08-10 23:30:53+00:00
period:7c6d5817a7155f3a80bb,2025-08-23 20:06:29+00:00,2025-08-23,oe:player:a2d7b8856032bf106783621b9afeb41,oe:team:da1143bf9a245b78a8dc86417de85b3,sup,16.526555976892375,2025,T3_240d,protected_frozen_validation_2025,True,2025-08-10 23:30:53+00:00
period:7c6d5817a7155f3a80bb,2025-08-23 20:06:29+00:00,2025-08-23,oe:player:dbe844fcbbc7f54654e54242e79acac,oe:team:4bd1751425ef6a9bc9d4d8e9385b4a6,sup,16.771979640779435,2025,T3_240d,protected_frozen_validation_2025,True,2025-08-10 23:30:53+00:00
period:7c6d5817a7155f3a80bb,2025-08-23 20:06:29+00:00,2025-08-23,oe:player:4d0ec5fa505ee341aff8b2309356afc,oe:team:da1143bf9a245b78a8dc86417de85b3,top,11.105372359254686,2025,T3_240d,protected_frozen_validation_2025,True,2025-08-10 23:30:53+00:00
period:7c6d5817a7155f3a80bb,2025-08-23 20:06:29+00:00,2025-08-23,oe:player:5385f74da3e5deb5b66d9a1ee56cf97,oe:team:4bd1751425ef6a9bc9d4d8e9385b4a6,top,11.718203357694822,2025,T3_240d,protected_frozen_validation_2025,True,2025-08-10 23:30:53+00:00
period:7c6d5817a7155f3a80bb,2025-08-23 20:06:29+00:00,2025-08-23,oe:player:80fea0848c57b8e07a79675d41f582c,oe:team:289284911fb6f41c0ccaecc3a0c2891,top,9.920414502145988,2025,T3_240d,protected_frozen_validation_2025,True,2025-08-10 23:30:53+00:00
period:7c6d5817a7155f3a80bb,2025-08-23 20:06:29+00:00,2025-08-23,oe:player:fd22b656b23ca07a276181a4953ba2c,oe:team:0dbb780176ecad18f17292d1f5653af,top,12.595674832486836,2025,T3_240d,protected_frozen_validation_2025,True,2025-08-10 23:30:53+00:00
period:1ffa4e947c2611f80c97,2025-08-29 20:06:10+00:00,2025-08-29,oe:player:10fcffece0ac7be85f09c4b51a75762,oe:team:fc8e90107dabb9a35c490b0d86adea0,bot,22.573221840857538,2025,T3_240d,protected_frozen_validation_2025,True,2025-08-17 22:02:15+00:00
period:1ffa4e947c2611f80c97,2025-08-29 20:06:10+00:00,2025-08-29,oe:player:494fc60dffbb5da1caa2226baef0ec7,oe:team:b360f1d729b0a8e0f29a5243c4200fa,bot,17.056898880820388,2025,T3_240d,protected_frozen_validation_2025,True,2025-08-17 22:02:15+00:00
period:1ffa4e947c2611f80c97,2025-08-29 20:06:10+00:00,2025-08-29,oe:player:73d2b65353d7b00e0f198ffdc085edc,oe:team:4bd1751425ef6a9bc9d4d8e9385b4a6,bot,16.615433098415586,2025,T3_240d,protected_frozen_validation_2025,True,2025-08-24 22:42:54+00:00
period:1ffa4e947c2611f80c97,2025-08-29 20:06:10+00:00,2025-08-29,oe:player:c145139d26813639b8fe6f4d0b28228,oe:team:2e66da41dc460dd378e3bcc57042d31,bot,19.723885411108476,2025,T3_240d,protected_frozen_validation_2025,True,2025-08-17 22:02:15+00:00
period:1ffa4e947c2611f80c97,2025-08-29 20:06:10+00:00,2025-08-29,oe:player:e2c655411d8d95ef73d8026704f5e7a,oe:team:289284911fb6f41c0ccaecc3a0c2891,bot,10.430182050020726,2025,T3_240d,protected_frozen_validation_2025,True,2025-08-24 22:42:54+00:00
period:1ffa4e947c2611f80c97,2025-08-29 20:06:10+00:00,2025-08-29,oe:player:f6b8af05a5af22004a67a78f3046b92,oe:team:8eb884e168f28402ce685bedebb5250,bot,17.69132389305614,2025,T3_240d,protected_frozen_validation_2025,True,2025-08-17 22:02:15+00:00
period:1ffa4e947c2611f80c97,2025-08-29 20:06:10+00:00,2025-08-29,oe:player:08936c56ab5a6453c58974a619651c3,oe:team:289284911fb6f41c0ccaecc3a0c2891,jgl,7.5837138678553471,2025,T3_240d,protected_frozen_validation_2025,True,2025-08-24 22:42:54+00:00
period:1ffa4e947c2611f80c97,2025-08-29 20:06:10+00:00,2025-08-29,oe:player:7c3395efccd48fe73592001501bef83,oe:team:4bd1751425ef6a9bc9d4d8e9385b4a6,jgl,15.156055609841268,2025,T3_240d,protected_frozen_validation_2025,True,2025-08-24 22:42:54+00:00
period:1ffa4e947c2611f80c97,2025-08-29 20:06:10+00:00,2025-08-29,oe:player:8a5dbe19794784cfd0553556844f045,oe:team:b360f1d729b0a8e0f29a5243c4200fa,jgl,16.081898327609853,2025,T3_240d,protected_frozen_validation_2025,True,2025-08-17 22:02:15+00:00
period:1ffa4e947c2611f80c97,2025-08-29 20:06:10+00:00,2025-08-29,oe:player:a8307167f3a1c933295bb9e3d43700e,oe:team:2e66da41dc460dd378e3bcc57042d31,jgl,19.261700595102802,2025,T3_240d,protected_frozen_validation_2025,True,2025-08-17 22:02:15+00:00
period:1ffa4e947c2611f80c97,2025-08-29 20:06:10+00:00,2025-08-29,oe:player:ed455f823b6586e9e3621dfb5aeb42e,oe:team:fc8e90107dabb9a35c490b0d86adea0,jgl,21.140074656146233,2025,T3_240d,protected_frozen_validation_2025,True,2025-08-17 22:02:15+00:00
period:1ffa4e947c2611f80c97,2025-08-29 20:06:10+00:00,2025-08-29,oe:player:f9e804c44aa43f18576783a067e99ab,oe:team:8eb884e168f28402ce685bedebb5250,jgl,15.112382036395791,2025,T3_240d,protected_frozen_validation_2025,True,2025-08-17 22:02:15+00:00
period:1ffa4e947c2611f80c97,2025-08-29 20:06:10+00:00,2025-08-29,oe:player:05a73863e113f3cb6b472a76da2ea52,oe:team:289284911fb6f41c0ccaecc3a0c2891,mid,10.51682131293213,2025,T3_240d,protected_frozen_validation_2025,True,2025-08-24 22:42:54+00:00
period:1ffa4e947c2611f80c97,2025-08-29 20:06:10+00:00,2025-08-29,oe:player:0a53c1102dafce61e89decc517b3175,oe:team:fc8e90107dabb9a35c490b0d86adea0,mid,22.855139772360094,2025,T3_240d,protected_frozen_validation_2025,True,2025-08-17 22:02:15+00:00
period:1ffa4e947c2611f80c97,2025-08-29 20:06:10+00:00,2025-08-29,oe:player:8f8eaac8e99c203ee76e57c5c81c91f,oe:team:4bd1751425ef6a9bc9d4d8e9385b4a6,mid,17.005094439330151,2025,T3_240d,protected_frozen_validation_2025,True,2025-08-24 22:42:54+00:00
period:1ffa4e947c2611f80c97,2025-08-29 20:06:10+00:00,2025-08-29,oe:player:e9017664588010860a92ceb5f8fcb82,oe:team:2e66da41dc460dd378e3bcc57042d31,mid,19.725153397178754,2025,T3_240d,protected_frozen_validation_2025,True,2025-08-17 22:02:15+00:00
period:1ffa4e947c2611f80c97,2025-08-29 20:06:10+00:00,2025-08-29,oe:player:ea9ed09584feecae0991089f087d2ce,oe:team:8eb884e168f28402ce685bedebb5250,mid,17.29459942814325,2025,T3_240d,protected_frozen_validation_2025,True,2025-08-17 22:02:15+00:00
period:1ffa4e947c2611f80c97,2025-08-29 20:06:10+00:00,2025-08-29,oe:player:fddde6d256bee26713f64ad9b2a9394,oe:team:b360f1d729b0a8e0f29a5243c4200fa,mid,15.93342970816129,2025,T3_240d,protected_frozen_validation_2025,True,2025-08-17 22:02:15+00:00
period:1ffa4e947c2611f80c97,2025-08-29 20:06:10+00:00,2025-08-29,oe:player:05fafeaf23dc3285558a4e968970b9f,oe:team:8eb884e168f28402ce685bedebb5250,sup,17.095944823777,2025,T3_240d,protected_frozen_validation_2025,True,2025-08-17 22:02:15+00:00
period:1ffa4e947c2611f80c97,2025-08-29 20:06:10+00:00,2025-08-29,oe:player:3e722c8ede909c83af9342c41805a16,oe:team:2e66da41dc460dd378e3bcc57042d31,sup,19.273523248496083,2025,T3_240d,protected_frozen_validation_2025,True,2025-08-17 22:02:15+00:00
period:1ffa4e947c2611f80c97,2025-08-29 20:06:10+00:00,2025-08-29,oe:player:81acc6bcde5c927c78e0990e9887f84,oe:team:fc8e90107dabb9a35c490b0d86adea0,sup,21.490237595914781,2025,T3_240d,protected_frozen_validation_2025,True,2025-08-17 22:02:15+00:00
period:1ffa4e947c2611f80c97,2025-08-29 20:06:10+00:00,2025-08-29,oe:player:9191e392e93a6ef011ef76b5b83ee6c,oe:team:289284911fb6f41c0ccaecc3a0c2891,sup,9.9684090058094093,2025,T3_240d,protected_frozen_validation_2025,True,2025-08-24 22:42:54+00:00
period:1ffa4e947c2611f80c97,2025-08-29 20:06:10+00:00,2025-08-29,oe:player:c88cada1696defe81464925789aa6d8,oe:team:b360f1d729b0a8e0f29a5243c4200fa,sup,15.842208048247779,2025,T3_240d,protected_frozen_validation_2025,True,2025-08-17 22:02:15+00:00
period:1ffa4e947c2611f80c97,2025-08-29 20:06:10+00:00,2025-08-29,oe:player:dbe844fcbbc7f54654e54242e79acac,oe:team:4bd1751425ef6a9bc9d4d8e9385b4a6,sup,16.218410631720499,2025,T3_240d,protected_frozen_validation_2025,True,2025-08-24 22:42:54+00:00
period:1ffa4e947c2611f80c97,2025-08-29 20:06:10+00:00,2025-08-29,oe:player:1efc4e5732e91520d03385900b903f9,oe:team:fc8e90107dabb9a35c490b0d86adea0,top,17.028939592834725,2025,T3_240d,protected_frozen_validation_2025,True,2025-08-17 22:02:15+00:00
period:1ffa4e947c2611f80c97,2025-08-29 20:06:10+00:00,2025-08-29,oe:player:21f59b54f62b5b8b4bc0f63f0f617fc,oe:team:8eb884e168f28402ce685bedebb5250,top,13.309860656638852,2025,T3_240d,protected_frozen_validation_2025,True,2025-08-17 22:02:15+00:00
period:1ffa4e947c2611f80c97,2025-08-29 20:06:10+00:00,2025-08-29,oe:player:5385f74da3e5deb5b66d9a1ee56cf97,oe:team:4bd1751425ef6a9bc9d4d8e9385b4a6,top,11.264311576538679,2025,T3_240d,protected_frozen_validation_2025,True,2025-08-24 22:42:54+00:00
period:1ffa4e947c2611f80c97,2025-08-29 20:06:10+00:00,2025-08-29,oe:player:7e2505960c12cc54c96a0a6efb2e055,oe:team:2e66da41dc460dd378e3bcc57042d31,top,15.653225561603447,2025,T3_240d,protected_frozen_validation_2025,True,2025-08-17 22:02:15+00:00
period:1ffa4e947c2611f80c97,2025-08-29 20:06:10+00:00,2025-08-29,oe:player:80fea0848c57b8e07a79675d41f582c,oe:team:289284911fb6f41c0ccaecc3a0c2891,top,5.9287531261564048,2025,T3_240d,protected_frozen_validation_2025,True,2025-08-24 22:42:54+00:00
period:1ffa4e947c2611f80c97,2025-08-29 20:06:10+00:00,2025-08-29,oe:player:d617210b92fa03e78554883250d432c,oe:team:2e66da41dc460dd378e3bcc57042d31,top,13.486244999807617,2025,T3_240d,protected_frozen_validation_2025,True,2025-08-24 22:42:54+00:00
period:1ffa4e947c2611f80c97,2025-08-29 20:06:10+00:00,2025-08-29,oe:player:f02f1c8275084050765b4b6414bdfda,oe:team:b360f1d729b0a8e0f29a5243c4200fa,top,13.426201268717437,2025,T3_240d,protected_frozen_validation_2025,True,2025-08-17 22:02:15+00:00
period:717827b0ee213b1efab1,2025-09-05 20:05:46+00:00,2025-09-05,oe:player:10fcffece0ac7be85f09c4b51a75762,oe:team:fc8e90107dabb9a35c490b0d86adea0,bot,19.458084996698091,2025,T3_240d,protected_frozen_validation_2025,True,2025-08-31 22:54:06+00:00
period:717827b0ee213b1efab1,2025-09-05 20:05:46+00:00,2025-09-05,oe:player:494fc60dffbb5da1caa2226baef0ec7,oe:team:b360f1d729b0a8e0f29a5243c4200fa,bot,14.315224826714966,2025,T3_240d,protected_frozen_validation_2025,True,2025-08-31 22:54:06+00:00
period:717827b0ee213b1efab1,2025-09-05 20:05:46+00:00,2025-09-05,oe:player:73d2b65353d7b00e0f198ffdc085edc,oe:team:4bd1751425ef6a9bc9d4d8e9385b4a6,bot,15.18863298286187,2025,T3_240d,protected_frozen_validation_2025,True,2025-08-31 22:54:06+00:00
period:717827b0ee213b1efab1,2025-09-05 20:05:46+00:00,2025-09-05,oe:player:c145139d26813639b8fe6f4d0b28228,oe:team:2e66da41dc460dd378e3bcc57042d31,bot,19.322164005948302,2025,T3_240d,protected_frozen_validation_2025,True,2025-08-31 22:54:06+00:00
period:717827b0ee213b1efab1,2025-09-05 20:05:46+00:00,2025-09-05,oe:player:7c3395efccd48fe73592001501bef83,oe:team:4bd1751425ef6a9bc9d4d8e9385b4a6,jgl,13.932662495015762,2025,T3_240d,protected_frozen_validation_2025,True,2025-08-31 22:54:06+00:00
period:717827b0ee213b1efab1,2025-09-05 20:05:46+00:00,2025-09-05,oe:player:8a5dbe19794784cfd0553556844f045,oe:team:b360f1d729b0a8e0f29a5243c4200fa,jgl,13.570845866473071,2025,T3_240d,protected_frozen_validation_2025,True,2025-08-31 22:54:06+00:00
period:717827b0ee213b1efab1,2025-09-05 20:05:46+00:00,2025-09-05,oe:player:a8307167f3a1c933295bb9e3d43700e,oe:team:2e66da41dc460dd378e3bcc57042d31,jgl,18.832769873993982,2025,T3_240d,protected_frozen_validation_2025,True,2025-08-31 22:54:06+00:00
period:717827b0ee213b1efab1,2025-09-05 20:05:46+00:00,2025-09-05,oe:player:ed455f823b6586e9e3621dfb5aeb42e,oe:team:fc8e90107dabb9a35c490b0d86adea0,jgl,17.990309610713791,2025,T3_240d,protected_frozen_validation_2025,True,2025-08-31 22:54:06+00:00
period:717827b0ee213b1efab1,2025-09-05 20:05:46+00:00,2025-09-05,oe:player:0a53c1102dafce61e89decc517b3175,oe:team:fc8e90107dabb9a35c490b0d86adea0,mid,19.503322920080926,2025,T3_240d,protected_frozen_validation_2025,True,2025-08-31 22:54:06+00:00
period:717827b0ee213b1efab1,2025-09-05 20:05:46+00:00,2025-09-05,oe:player:8f8eaac8e99c203ee76e57c5c81c91f,oe:team:4bd1751425ef6a9bc9d4d8e9385b4a6,mid,15.981112108268894,2025,T3_240d,protected_frozen_validation_2025,True,2025-08-31 22:54:06+00:00
period:717827b0ee213b1efab1,2025-09-05 20:05:46+00:00,2025-09-05,oe:player:e9017664588010860a92ceb5f8fcb82,oe:team:2e66da41dc460dd378e3bcc57042d31,mid,19.39376980562546,2025,T3_240d,protected_frozen_validation_2025,True,2025-08-31 22:54:06+00:00
period:717827b0ee213b1efab1,2025-09-05 20:05:46+00:00,2025-09-05,oe:player:fddde6d256bee26713f64ad9b2a9394,oe:team:b360f1d729b0a8e0f29a5243c4200fa,mid,13.306891979376429,2025,T3_240d,protected_frozen_validation_2025,True,2025-08-31 22:54:06+00:00
period:717827b0ee213b1efab1,2025-09-05 20:05:46+00:00,2025-09-05,oe:player:3e722c8ede909c83af9342c41805a16,oe:team:2e66da41dc460dd378e3bcc57042d31,sup,18.731952123094107,2025,T3_240d,protected_frozen_validation_2025,True,2025-08-31 22:54:06+00:00
period:717827b0ee213b1efab1,2025-09-05 20:05:46+00:00,2025-09-05,oe:player:81acc6bcde5c927c78e0990e9887f84,oe:team:fc8e90107dabb9a35c490b0d86adea0,sup,18.394081420873444,2025,T3_240d,protected_frozen_validation_2025,True,2025-08-31 22:54:06+00:00
period:717827b0ee213b1efab1,2025-09-05 20:05:46+00:00,2025-09-05,oe:player:c88cada1696defe81464925789aa6d8,oe:team:b360f1d729b0a8e0f29a5243c4200fa,sup,13.171442323730219,2025,T3_240d,protected_frozen_validation_2025,True,2025-08-31 22:54:06+00:00
period:717827b0ee213b1efab1,2025-09-05 20:05:46+00:00,2025-09-05,oe:player:dbe844fcbbc7f54654e54242e79acac,oe:team:4bd1751425ef6a9bc9d4d8e9385b4a6,sup,14.989092909565988,2025,T3_240d,protected_frozen_validation_2025,True,2025-08-31 22:54:06+00:00
period:717827b0ee213b1efab1,2025-09-05 20:05:46+00:00,2025-09-05,oe:player:1efc4e5732e91520d03385900b903f9,oe:team:fc8e90107dabb9a35c490b0d86adea0,top,14.2850414481897,2025,T3_240d,protected_frozen_validation_2025,True,2025-08-31 22:54:06+00:00
period:717827b0ee213b1efab1,2025-09-05 20:05:46+00:00,2025-09-05,oe:player:5385f74da3e5deb5b66d9a1ee56cf97,oe:team:4bd1751425ef6a9bc9d4d8e9385b4a6,top,10.304768704966738,2025,T3_240d,protected_frozen_validation_2025,True,2025-08-31 22:54:06+00:00
period:717827b0ee213b1efab1,2025-09-05 20:05:46+00:00,2025-09-05,oe:player:7e2505960c12cc54c96a0a6efb2e055,oe:team:2e66da41dc460dd378e3bcc57042d31,top,14.596722319417433,2025,T3_240d,protected_frozen_validation_2025,True,2025-08-31 22:54:06+00:00
period:717827b0ee213b1efab1,2025-09-05 20:05:46+00:00,2025-09-05,oe:player:f02f1c8275084050765b4b6414bdfda,oe:team:b360f1d729b0a8e0f29a5243c4200fa,top,11.554641855280273,2025,T3_240d,protected_frozen_validation_2025,True,2025-08-31 22:54:06+00:00
