prediction_period_id,target_cutoff,date,player_id,team_id,role,T3_prediction,partition,model_id,chronological_partition,m0_cutoff_safe,m0_source_max_timestamp
period:28d589eedfce312e1ad3,2026-01-24 21:24:34+00:00,2026-01-24,oe:player:10fcffece0ac7be85f09c4b51a75762,oe:team:fc8e90107dabb9a35c490b0d86adea0,bot,22.63234675050743,2026,T3_240d,exposed_evaluation_2026,True,2025-09-07 22:50:47+00:00
period:28d589eedfce312e1ad3,2026-01-24 21:24:34+00:00,2026-01-24,oe:player:340a76e3aef8e862f5fd79411261b29,oe:team:0dbb780176ecad18f17292d1f5653af,bot,13.431259455859246,2026,T3_240d,exposed_evaluation_2026,True,2025-09-07 22:50:47+00:00
period:28d589eedfce312e1ad3,2026-01-24 21:24:34+00:00,2026-01-24,oe:player:3b63ea0de80cfb191f952872b392da9,oe:team:289284911fb6f41c0ccaecc3a0c2891,bot,15.45456007153056,2026,T3_240d,exposed_evaluation_2026,True,2025-09-07 22:50:47+00:00
period:28d589eedfce312e1ad3,2026-01-24 21:24:34+00:00,2026-01-24,oe:player:460ae5a7af8d68f7831b70307210ab3,oe:team:da1143bf9a245b78a8dc86417de85b3,bot,21.704225648395855,2026,T3_240d,exposed_evaluation_2026,True,2024-09-01 22:37:27+00:00
period:28d589eedfce312e1ad3,2026-01-24 21:24:34+00:00,2026-01-24,oe:player:494fc60dffbb5da1caa2226baef0ec7,oe:team:b360f1d729b0a8e0f29a5243c4200fa,bot,17.261970232894868,2026,T3_240d,exposed_evaluation_2026,True,2025-09-07 22:50:47+00:00
period:28d589eedfce312e1ad3,2026-01-24 21:24:34+00:00,2026-01-24,oe:player:c145139d26813639b8fe6f4d0b28228,oe:team:2e66da41dc460dd378e3bcc57042d31,bot,18.918657930806312,2026,T3_240d,exposed_evaluation_2026,True,2025-09-07 22:50:47+00:00
period:28d589eedfce312e1ad3,2026-01-24 21:24:34+00:00,2026-01-24,oe:player:e2c655411d8d95ef73d8026704f5e7a,oe:team:f90422f1cbcb24bc2a855202582ec29,bot,18.434304531984274,2026,T3_240d,exposed_evaluation_2026,True,2025-08-31 22:54:06+00:00
period:28d589eedfce312e1ad3,2026-01-24 21:24:34+00:00,2026-01-24,oe:player:f6b8af05a5af22004a67a78f3046b92,oe:team:8eb884e168f28402ce685bedebb5250,bot,13.103252358823923,2026,T3_240d,exposed_evaluation_2026,True,2025-08-31 22:54:06+00:00
period:28d589eedfce312e1ad3,2026-01-24 21:24:34+00:00,2026-01-24,oe:player:08936c56ab5a6453c58974a619651c3,oe:team:0dbb780176ecad18f17292d1f5653af,jgl,11.028615518233618,2026,T3_240d,exposed_evaluation_2026,True,2025-08-31 22:54:06+00:00
period:28d589eedfce312e1ad3,2026-01-24 21:24:34+00:00,2026-01-24,oe:player:2cbf592923f34b2e6acc4b747385c8a,oe:team:2e66da41dc460dd378e3bcc57042d31,jgl,13.745297504276415,2026,T3_240d,exposed_evaluation_2026,True,2025-09-07 22:50:47+00:00
period:28d589eedfce312e1ad3,2026-01-24 21:24:34+00:00,2026-01-24,oe:player:52b4f060a577ff87c99118d97fa75f4,oe:team:8eb884e168f28402ce685bedebb5250,jgl,9.9807336060623513,2026,T3_240d,exposed_evaluation_2026,True,2022-08-28 22:40:24+00:00
period:28d589eedfce312e1ad3,2026-01-24 21:24:34+00:00,2026-01-24,oe:player:67007ffa5eb4f53d82366f6685a8303,oe:team:289284911fb6f41c0ccaecc3a0c2891,jgl,14.455821835628472,2026,T3_240d,exposed_evaluation_2026,True,2025-09-07 22:50:47+00:00
period:28d589eedfce312e1ad3,2026-01-24 21:24:34+00:00,2026-01-24,oe:player:845ea84cec22236278388f19fcd20bf,oe:team:f90422f1cbcb24bc2a855202582ec29,jgl,16.797553294841077,2026,T3_240d,exposed_evaluation_2026,True,2025-09-07 22:50:47+00:00
period:28d589eedfce312e1ad3,2026-01-24 21:24:34+00:00,2026-01-24,oe:player:8a5dbe19794784cfd0553556844f045,oe:team:b360f1d729b0a8e0f29a5243c4200fa,jgl,16.543051623644587,2026,T3_240d,exposed_evaluation_2026,True,2025-09-07 22:50:47+00:00
period:28d589eedfce312e1ad3,2026-01-24 21:24:34+00:00,2026-01-24,oe:player:a8307167f3a1c933295bb9e3d43700e,oe:team:da1143bf9a245b78a8dc86417de85b3,jgl,22.566201813806671,2026,T3_240d,exposed_evaluation_2026,True,2025-09-07 22:50:47+00:00
period:28d589eedfce312e1ad3,2026-01-24 21:24:34+00:00,2026-01-24,oe:player:ed455f823b6586e9e3621dfb5aeb42e,oe:team:fc8e90107dabb9a35c490b0d86adea0,jgl,21.289368629160837,2026,T3_240d,exposed_evaluation_2026,True,2025-09-07 22:50:47+00:00
period:28d589eedfce312e1ad3,2026-01-24 21:24:34+00:00,2026-01-24,oe:player:05a73863e113f3cb6b472a76da2ea52,oe:team:f90422f1cbcb24bc2a855202582ec29,mid,18.318803796673983,2026,T3_240d,exposed_evaluation_2026,True,2025-08-31 22:54:06+00:00
period:28d589eedfce312e1ad3,2026-01-24 21:24:34+00:00,2026-01-24,oe:player:3648451fd5b8a8ab01e4bedf780c1d6,oe:team:b360f1d729b0a8e0f29a5243c4200fa,mid,16.329414525530243,2026,T3_240d,exposed_evaluation_2026,True,2025-09-07 22:50:47+00:00
period:28d589eedfce312e1ad3,2026-01-24 21:24:34+00:00,2026-01-24,oe:player:87f7503a6cdacffa612aeee7f04cc7c,oe:team:289284911fb6f41c0ccaecc3a0c2891,mid,15.485611223229252,2026,T3_240d,exposed_evaluation_2026,True,2025-09-07 22:50:47+00:00
period:28d589eedfce312e1ad3,2026-01-24 21:24:34+00:00,2026-01-24,oe:player:8f8eaac8e99c203ee76e57c5c81c91f,oe:team:8eb884e168f28402ce685bedebb5250,mid,13.251553156041217,2026,T3_240d,exposed_evaluation_2026,True,2025-09-07 22:50:47+00:00
period:28d589eedfce312e1ad3,2026-01-24 21:24:34+00:00,2026-01-24,oe:player:e9017664588010860a92ceb5f8fcb82,oe:team:2e66da41dc460dd378e3bcc57042d31,mid,18.944109526660256,2026,T3_240d,exposed_evaluation_2026,True,2025-09-07 22:50:47+00:00
period:28d589eedfce312e1ad3,2026-01-24 21:24:34+00:00,2026-01-24,oe:player:ea9ed09584feecae0991089f087d2ce,oe:team:fc8e90107dabb9a35c490b0d86adea0,mid,21.239812323722816,2026,T3_240d,exposed_evaluation_2026,True,2025-08-31 22:54:06+00:00
period:28d589eedfce312e1ad3,2026-01-24 21:24:34+00:00,2026-01-24,oe:player:f45792335d83b10581da2f0cbdd6e8e,oe:team:da1143bf9a245b78a8dc86417de85b3,mid,21.068483884606163,2026,T3_240d,exposed_evaluation_2026,True,2025-08-24 22:42:54+00:00
period:28d589eedfce312e1ad3,2026-01-24 21:24:34+00:00,2026-01-24,oe:player:fddde6d256bee26713f64ad9b2a9394,oe:team:0dbb780176ecad18f17292d1f5653af,mid,13.609520025036243,2026,T3_240d,exposed_evaluation_2026,True,2025-09-07 22:50:47+00:00
period:28d589eedfce312e1ad3,2026-01-24 21:24:34+00:00,2026-01-24,oe:player:05fafeaf23dc3285558a4e968970b9f,oe:team:8eb884e168f28402ce685bedebb5250,sup,12.653912569356812,2026,T3_240d,exposed_evaluation_2026,True,2025-08-31 22:54:06+00:00
period:28d589eedfce312e1ad3,2026-01-24 21:24:34+00:00,2026-01-24,oe:player:40704dfd2d966862568d29770de57bd,oe:team:da1143bf9a245b78a8dc86417de85b3,sup,18.732541819985904,2026,T3_240d,exposed_evaluation_2026,True,2025-08-24 22:42:54+00:00
period:28d589eedfce312e1ad3,2026-01-24 21:24:34+00:00,2026-01-24,oe:player:4f27911a3702f671c3d21286356a6df,oe:team:2e66da41dc460dd378e3bcc57042d31,sup,14.106312112365373,2026,T3_240d,exposed_evaluation_2026,True,2025-09-07 22:50:47+00:00
period:28d589eedfce312e1ad3,2026-01-24 21:24:34+00:00,2026-01-24,oe:player:647116a60606bd44fb11a860da72776,oe:team:0dbb780176ecad18f17292d1f5653af,sup,13.511937564172666,2026,T3_240d,exposed_evaluation_2026,True,2025-09-07 22:50:47+00:00
period:28d589eedfce312e1ad3,2026-01-24 21:24:34+00:00,2026-01-24,oe:player:81acc6bcde5c927c78e0990e9887f84,oe:team:fc8e90107dabb9a35c490b0d86adea0,sup,21.676781636360602,2026,T3_240d,exposed_evaluation_2026,True,2025-09-07 22:50:47+00:00
period:28d589eedfce312e1ad3,2026-01-24 21:24:34+00:00,2026-01-24,oe:player:9191e392e93a6ef011ef76b5b83ee6c,oe:team:f90422f1cbcb24bc2a855202582ec29,sup,18.016224538824744,2026,T3_240d,exposed_evaluation_2026,True,2025-08-31 22:54:06+00:00
period:28d589eedfce312e1ad3,2026-01-24 21:24:34+00:00,2026-01-24,oe:player:a2d7b8856032bf106783621b9afeb41,oe:team:289284911fb6f41c0ccaecc3a0c2891,sup,16.549591162447857,2026,T3_240d,exposed_evaluation_2026,True,2025-08-24 22:42:54+00:00
period:28d589eedfce312e1ad3,2026-01-24 21:24:34+00:00,2026-01-24,oe:player:c88cada1696defe81464925789aa6d8,oe:team:b360f1d729b0a8e0f29a5243c4200fa,sup,16.279986931789203,2026,T3_240d,exposed_evaluation_2026,True,2025-09-07 22:50:47+00:00
period:28d589eedfce312e1ad3,2026-01-24 21:24:34+00:00,2026-01-24,oe:player:1efc4e5732e91520d03385900b903f9,oe:team:fc8e90107dabb9a35c490b0d86adea0,top,16.902026519645712,2026,T3_240d,exposed_evaluation_2026,True,2025-09-07 22:50:47+00:00
period:28d589eedfce312e1ad3,2026-01-24 21:24:34+00:00,2026-01-24,oe:player:21f59b54f62b5b8b4bc0f63f0f617fc,oe:team:f90422f1cbcb24bc2a855202582ec29,top,15.909850383336325,2026,T3_240d,exposed_evaluation_2026,True,2025-08-31 22:54:06+00:00
period:28d589eedfce312e1ad3,2026-01-24 21:24:34+00:00,2026-01-24,oe:player:5385f74da3e5deb5b66d9a1ee56cf97,oe:team:da1143bf9a245b78a8dc86417de85b3,top,15.314581643265729,2026,T3_240d,exposed_evaluation_2026,True,2025-09-07 22:50:47+00:00
period:28d589eedfce312e1ad3,2026-01-24 21:24:34+00:00,2026-01-24,oe:player:80fea0848c57b8e07a79675d41f582c,oe:team:289284911fb6f41c0ccaecc3a0c2891,top,10.904285319820614,2026,T3_240d,exposed_evaluation_2026,True,2025-08-31 22:54:06+00:00
period:28d589eedfce312e1ad3,2026-01-24 21:24:34+00:00,2026-01-24,oe:player:d617210b92fa03e78554883250d432c,oe:team:2e66da41dc460dd378e3bcc57042d31,top,12.310082874980147,2026,T3_240d,exposed_evaluation_2026,True,2025-09-07 22:50:47+00:00
period:28d589eedfce312e1ad3,2026-01-24 21:24:34+00:00,2026-01-24,oe:player:f02f1c8275084050765b4b6414bdfda,oe:team:b360f1d729b0a8e0f29a5243c4200fa,top,14.187891858900178,2026,T3_240d,exposed_evaluation_2026,True,2025-09-07 22:50:47+00:00
period:28d589eedfce312e1ad3,2026-01-24 21:24:34+00:00,2026-01-24,oe:player:f73dde2d8c7879ae8d1fcdc03c4ffeb,oe:team:8eb884e168f28402ce685bedebb5250,top,7.690960372078238,2026,T3_240d,exposed_evaluation_2026,True,2025-09-07 22:50:47+00:00
period:28d589eedfce312e1ad3,2026-01-24 21:24:34+00:00,2026-01-24,oe:player:fd22b656b23ca07a276181a4953ba2c,oe:team:0dbb780176ecad18f17292d1f5653af,top,10.052080241154181,2026,T3_240d,exposed_evaluation_2026,True,2025-08-24 22:42:54+00:00
period:6186b6ccaf2d592d540a,2026-01-26 00:04:23+00:00,2026-01-26,oe:player:340a76e3aef8e862f5fd79411261b29,oe:team:0dbb780176ecad18f17292d1f5653af,bot,13.352830475233986,2026,T3_240d,exposed_evaluation_2026,True,2026-01-25 23:59:59+00:00
period:6186b6ccaf2d592d540a,2026-01-26 00:04:23+00:00,2026-01-26,oe:player:460ae5a7af8d68f7831b70307210ab3,oe:team:da1143bf9a245b78a8dc86417de85b3,bot,22.34167319256807,2026,T3_240d,exposed_evaluation_2026,True,2026-01-25 23:59:59+00:00
period:6186b6ccaf2d592d540a,2026-01-26 00:04:23+00:00,2026-01-26,oe:player:08936c56ab5a6453c58974a619651c3,oe:team:0dbb780176ecad18f17292d1f5653af,jgl,10.514219086246987,2026,T3_240d,exposed_evaluation_2026,True,2026-01-25 23:59:59+00:00
period:6186b6ccaf2d592d540a,2026-01-26 00:04:23+00:00,2026-01-26,oe:player:a8307167f3a1c933295bb9e3d43700e,oe:team:da1143bf9a245b78a8dc86417de85b3,jgl,22.797822586962113,2026,T3_240d,exposed_evaluation_2026,True,2026-01-25 23:59:59+00:00
period:6186b6ccaf2d592d540a,2026-01-26 00:04:23+00:00,2026-01-26,oe:player:f45792335d83b10581da2f0cbdd6e8e,oe:team:da1143bf9a245b78a8dc86417de85b3,mid,21.415615830673222,2026,T3_240d,exposed_evaluation_2026,True,2026-01-25 23:59:59+00:00
period:6186b6ccaf2d592d540a,2026-01-26 00:04:23+00:00,2026-01-26,oe:player:fddde6d256bee26713f64ad9b2a9394,oe:team:0dbb780176ecad18f17292d1f5653af,mid,13.115782904248542,2026,T3_240d,exposed_evaluation_2026,True,2026-01-25 23:59:59+00:00
period:6186b6ccaf2d592d540a,2026-01-26 00:04:23+00:00,2026-01-26,oe:player:40704dfd2d966862568d29770de57bd,oe:team:da1143bf9a245b78a8dc86417de85b3,sup,19.300589111471481,2026,T3_240d,exposed_evaluation_2026,True,2026-01-25 23:59:59+00:00
period:6186b6ccaf2d592d540a,2026-01-26 00:04:23+00:00,2026-01-26,oe:player:647116a60606bd44fb11a860da72776,oe:team:0dbb780176ecad18f17292d1f5653af,sup,13.292109609504283,2026,T3_240d,exposed_evaluation_2026,True,2026-01-25 23:59:59+00:00
period:6186b6ccaf2d592d540a,2026-01-26 00:04:23+00:00,2026-01-26,oe:player:5385f74da3e5deb5b66d9a1ee56cf97,oe:team:da1143bf9a245b78a8dc86417de85b3,top,15.403829571473434,2026,T3_240d,exposed_evaluation_2026,True,2026-01-25 23:59:59+00:00
period:6186b6ccaf2d592d540a,2026-01-26 00:04:23+00:00,2026-01-26,oe:player:fd22b656b23ca07a276181a4953ba2c,oe:team:0dbb780176ecad18f17292d1f5653af,top,8.9246573514024963,2026,T3_240d,exposed_evaluation_2026,True,2026-01-25 23:59:59+00:00
period:70fac0200d695853ccdc,2026-01-31 21:07:01+00:00,2026-01-31,oe:player:10fcffece0ac7be85f09c4b51a75762,oe:team:fc8e90107dabb9a35c490b0d86adea0,bot,19.512828290100721,2026,T3_240d,exposed_evaluation_2026,True,2026-01-25 23:59:59+00:00
period:70fac0200d695853ccdc,2026-01-31 21:07:01+00:00,2026-01-31,oe:player:3b63ea0de80cfb191f952872b392da9,oe:team:289284911fb6f41c0ccaecc3a0c2891,bot,14.163268355791727,2026,T3_240d,exposed_evaluation_2026,True,2026-01-26 00:04:23+00:00
period:70fac0200d695853ccdc,2026-01-31 21:07:01+00:00,2026-01-31,oe:player:460ae5a7af8d68f7831b70307210ab3,oe:team:da1143bf9a245b78a8dc86417de85b3,bot,14.741908482687286,2026,T3_240d,exposed_evaluation_2026,True,2026-01-26 00:04:23+00:00
period:70fac0200d695853ccdc,2026-01-31 21:07:01+00:00,2026-01-31,oe:player:494fc60dffbb5da1caa2226baef0ec7,oe:team:b360f1d729b0a8e0f29a5243c4200fa,bot,17.675248911168403,2026,T3_240d,exposed_evaluation_2026,True,2026-01-25 23:59:59+00:00
period:70fac0200d695853ccdc,2026-01-31 21:07:01+00:00,2026-01-31,oe:player:73d2b65353d7b00e0f198ffdc085edc,oe:team:0dbb780176ecad18f17292d1f5653af,bot,16.631440598606773,2026,T3_240d,exposed_evaluation_2026,True,2025-09-07 22:50:47+00:00
period:70fac0200d695853ccdc,2026-01-31 21:07:01+00:00,2026-01-31,oe:player:c145139d26813639b8fe6f4d0b28228,oe:team:2e66da41dc460dd378e3bcc57042d31,bot,18.233090401661098,2026,T3_240d,exposed_evaluation_2026,True,2026-01-25 23:59:59+00:00
period:70fac0200d695853ccdc,2026-01-31 21:07:01+00:00,2026-01-31,oe:player:e2c655411d8d95ef73d8026704f5e7a,oe:team:f90422f1cbcb24bc2a855202582ec29,bot,18.181645528200789,2026,T3_240d,exposed_evaluation_2026,True,2026-01-25 23:59:59+00:00
period:70fac0200d695853ccdc,2026-01-31 21:07:01+00:00,2026-01-31,oe:player:f6b8af05a5af22004a67a78f3046b92,oe:team:8eb884e168f28402ce685bedebb5250,bot,18.916336076265093,2026,T3_240d,exposed_evaluation_2026,True,2026-01-25 23:59:59+00:00
period:70fac0200d695853ccdc,2026-01-31 21:07:01+00:00,2026-01-31,oe:player:08936c56ab5a6453c58974a619651c3,oe:team:0dbb780176ecad18f17292d1f5653af,jgl,11.869790577629619,2026,T3_240d,exposed_evaluation_2026,True,2026-01-26 00:04:23+00:00
period:70fac0200d695853ccdc,2026-01-31 21:07:01+00:00,2026-01-31,oe:player:2cbf592923f34b2e6acc4b747385c8a,oe:team:2e66da41dc460dd378e3bcc57042d31,jgl,15.112539224888232,2026,T3_240d,exposed_evaluation_2026,True,2026-01-26 00:04:23+00:00
period:70fac0200d695853ccdc,2026-01-31 21:07:01+00:00,2026-01-31,oe:player:52b4f060a577ff87c99118d97fa75f4,oe:team:8eb884e168f28402ce685bedebb5250,jgl,14.324221851963943,2026,T3_240d,exposed_evaluation_2026,True,2026-01-25 23:59:59+00:00
period:70fac0200d695853ccdc,2026-01-31 21:07:01+00:00,2026-01-31,oe:player:67007ffa5eb4f53d82366f6685a8303,oe:team:289284911fb6f41c0ccaecc3a0c2891,jgl,13.477831318048221,2026,T3_240d,exposed_evaluation_2026,True,2026-01-26 00:04:23+00:00
period:70fac0200d695853ccdc,2026-01-31 21:07:01+00:00,2026-01-31,oe:player:845ea84cec22236278388f19fcd20bf,oe:team:f90422f1cbcb24bc2a855202582ec29,jgl,17.049371633067818,2026,T3_240d,exposed_evaluation_2026,True,2026-01-26 00:04:23+00:00
period:70fac0200d695853ccdc,2026-01-31 21:07:01+00:00,2026-01-31,oe:player:8a5dbe19794784cfd0553556844f045,oe:team:b360f1d729b0a8e0f29a5243c4200fa,jgl,16.842905617008814,2026,T3_240d,exposed_evaluation_2026,True,2026-01-25 23:59:59+00:00
period:70fac0200d695853ccdc,2026-01-31 21:07:01+00:00,2026-01-31,oe:player:a8307167f3a1c933295bb9e3d43700e,oe:team:da1143bf9a245b78a8dc86417de85b3,jgl,15.320302028151298,2026,T3_240d,exposed_evaluation_2026,True,2026-01-26 00:04:23+00:00
period:70fac0200d695853ccdc,2026-01-31 21:07:01+00:00,2026-01-31,oe:player:ed455f823b6586e9e3621dfb5aeb42e,oe:team:fc8e90107dabb9a35c490b0d86adea0,jgl,18.193795656571385,2026,T3_240d,exposed_evaluation_2026,True,2026-01-25 23:59:59+00:00
period:70fac0200d695853ccdc,2026-01-31 21:07:01+00:00,2026-01-31,oe:player:05a73863e113f3cb6b472a76da2ea52,oe:team:f90422f1cbcb24bc2a855202582ec29,mid,17.462137886511947,2026,T3_240d,exposed_evaluation_2026,True,2026-01-25 23:59:59+00:00
period:70fac0200d695853ccdc,2026-01-31 21:07:01+00:00,2026-01-31,oe:player:3648451fd5b8a8ab01e4bedf780c1d6,oe:team:b360f1d729b0a8e0f29a5243c4200fa,mid,17.80897603377905,2026,T3_240d,exposed_evaluation_2026,True,2026-01-26 00:04:23+00:00
period:70fac0200d695853ccdc,2026-01-31 21:07:01+00:00,2026-01-31,oe:player:87f7503a6cdacffa612aeee7f04cc7c,oe:team:289284911fb6f41c0ccaecc3a0c2891,mid,13.883322096477018,2026,T3_240d,exposed_evaluation_2026,True,2026-01-26 00:04:23+00:00
period:70fac0200d695853ccdc,2026-01-31 21:07:01+00:00,2026-01-31,oe:player:8f8eaac8e99c203ee76e57c5c81c91f,oe:team:8eb884e168f28402ce685bedebb5250,mid,18.432911303498134,2026,T3_240d,exposed_evaluation_2026,True,2026-01-25 23:59:59+00:00
period:70fac0200d695853ccdc,2026-01-31 21:07:01+00:00,2026-01-31,oe:player:e9017664588010860a92ceb5f8fcb82,oe:team:2e66da41dc460dd378e3bcc57042d31,mid,18.038665598184586,2026,T3_240d,exposed_evaluation_2026,True,2026-01-25 23:59:59+00:00
period:70fac0200d695853ccdc,2026-01-31 21:07:01+00:00,2026-01-31,oe:player:ea9ed09584feecae0991089f087d2ce,oe:team:fc8e90107dabb9a35c490b0d86adea0,mid,18.018554323341025,2026,T3_240d,exposed_evaluation_2026,True,2026-01-25 23:59:59+00:00
period:70fac0200d695853ccdc,2026-01-31 21:07:01+00:00,2026-01-31,oe:player:f45792335d83b10581da2f0cbdd6e8e,oe:team:da1143bf9a245b78a8dc86417de85b3,mid,13.055390988284092,2026,T3_240d,exposed_evaluation_2026,True,2026-01-26 00:04:23+00:00
period:70fac0200d695853ccdc,2026-01-31 21:07:01+00:00,2026-01-31,oe:player:fddde6d256bee26713f64ad9b2a9394,oe:team:0dbb780176ecad18f17292d1f5653af,mid,14.456306503683557,2026,T3_240d,exposed_evaluation_2026,True,2026-01-26 00:04:23+00:00
period:70fac0200d695853ccdc,2026-01-31 21:07:01+00:00,2026-01-31,oe:player:05fafeaf23dc3285558a4e968970b9f,oe:team:8eb884e168f28402ce685bedebb5250,sup,18.385633226223103,2026,T3_240d,exposed_evaluation_2026,True,2026-01-25 23:59:59+00:00
period:70fac0200d695853ccdc,2026-01-31 21:07:01+00:00,2026-01-31,oe:player:40704dfd2d966862568d29770de57bd,oe:team:da1143bf9a245b78a8dc86417de85b3,sup,11.820884028254781,2026,T3_240d,exposed_evaluation_2026,True,2026-01-26 00:04:23+00:00
period:70fac0200d695853ccdc,2026-01-31 21:07:01+00:00,2026-01-31,oe:player:4f27911a3702f671c3d21286356a6df,oe:team:2e66da41dc460dd378e3bcc57042d31,sup,15.315888793034526,2026,T3_240d,exposed_evaluation_2026,True,2026-01-26 00:04:23+00:00
period:70fac0200d695853ccdc,2026-01-31 21:07:01+00:00,2026-01-31,oe:player:81acc6bcde5c927c78e0990e9887f84,oe:team:fc8e90107dabb9a35c490b0d86adea0,sup,18.5661926951766,2026,T3_240d,exposed_evaluation_2026,True,2026-01-25 23:59:59+00:00
period:70fac0200d695853ccdc,2026-01-31 21:07:01+00:00,2026-01-31,oe:player:9191e392e93a6ef011ef76b5b83ee6c,oe:team:f90422f1cbcb24bc2a855202582ec29,sup,17.393302223013432,2026,T3_240d,exposed_evaluation_2026,True,2026-01-25 23:59:59+00:00
period:70fac0200d695853ccdc,2026-01-31 21:07:01+00:00,2026-01-31,oe:player:a2d7b8856032bf106783621b9afeb41,oe:team:289284911fb6f41c0ccaecc3a0c2891,sup,13.340169180096105,2026,T3_240d,exposed_evaluation_2026,True,2026-01-25 23:59:59+00:00
period:70fac0200d695853ccdc,2026-01-31 21:07:01+00:00,2026-01-31,oe:player:b6f837c8bd1b510dd3f77ee8c903c30,oe:team:0dbb780176ecad18f17292d1f5653af,sup,15.442805183013892,2026,T3_240d,exposed_evaluation_2026,True,2023-08-20 23:14:37+00:00
period:70fac0200d695853ccdc,2026-01-31 21:07:01+00:00,2026-01-31,oe:player:c88cada1696defe81464925789aa6d8,oe:team:b360f1d729b0a8e0f29a5243c4200fa,sup,16.615280524061554,2026,T3_240d,exposed_evaluation_2026,True,2026-01-25 23:59:59+00:00
period:70fac0200d695853ccdc,2026-01-31 21:07:01+00:00,2026-01-31,oe:player:1efc4e5732e91520d03385900b903f9,oe:team:fc8e90107dabb9a35c490b0d86adea0,top,14.345753217356368,2026,T3_240d,exposed_evaluation_2026,True,2026-01-25 23:59:59+00:00
period:70fac0200d695853ccdc,2026-01-31 21:07:01+00:00,2026-01-31,oe:player:21f59b54f62b5b8b4bc0f63f0f617fc,oe:team:f90422f1cbcb24bc2a855202582ec29,top,15.135844631257291,2026,T3_240d,exposed_evaluation_2026,True,2026-01-25 23:59:59+00:00
period:70fac0200d695853ccdc,2026-01-31 21:07:01+00:00,2026-01-31,oe:player:5385f74da3e5deb5b66d9a1ee56cf97,oe:team:da1143bf9a245b78a8dc86417de85b3,top,9.233222484503866,2026,T3_240d,exposed_evaluation_2026,True,2026-01-26 00:04:23+00:00
period:70fac0200d695853ccdc,2026-01-31 21:07:01+00:00,2026-01-31,oe:player:80fea0848c57b8e07a79675d41f582c,oe:team:289284911fb6f41c0ccaecc3a0c2891,top,7.3031278607678587,2026,T3_240d,exposed_evaluation_2026,True,2026-01-25 23:59:59+00:00
period:70fac0200d695853ccdc,2026-01-31 21:07:01+00:00,2026-01-31,oe:player:d617210b92fa03e78554883250d432c,oe:team:2e66da41dc460dd378e3bcc57042d31,top,12.218595426834028,2026,T3_240d,exposed_evaluation_2026,True,2026-01-25 23:59:59+00:00
period:70fac0200d695853ccdc,2026-01-31 21:07:01+00:00,2026-01-31,oe:player:f02f1c8275084050765b4b6414bdfda,oe:team:b360f1d729b0a8e0f29a5243c4200fa,top,14.586743497121578,2026,T3_240d,exposed_evaluation_2026,True,2026-01-25 23:59:59+00:00
period:70fac0200d695853ccdc,2026-01-31 21:07:01+00:00,2026-01-31,oe:player:f73dde2d8c7879ae8d1fcdc03c4ffeb,oe:team:8eb884e168f28402ce685bedebb5250,top,13.17958596497572,2026,T3_240d,exposed_evaluation_2026,True,2026-01-26 00:04:23+00:00
period:70fac0200d695853ccdc,2026-01-31 21:07:01+00:00,2026-01-31,oe:player:fd22b656b23ca07a276181a4953ba2c,oe:team:0dbb780176ecad18f17292d1f5653af,top,10.345016030458144,2026,T3_240d,exposed_evaluation_2026,True,2026-01-26 00:04:23+00:00
period:640bff8c4b7983edf208,2026-02-02 00:35:19+00:00,2026-02-02,oe:player:494fc60dffbb5da1caa2226baef0ec7,oe:team:b360f1d729b0a8e0f29a5243c4200fa,bot,16.916995182672068,2026,T3_240d,exposed_evaluation_2026,True,2026-02-01 23:59:59+00:00
period:640bff8c4b7983edf208,2026-02-02 00:35:19+00:00,2026-02-02,oe:player:f6b8af05a5af22004a67a78f3046b92,oe:team:8eb884e168f28402ce685bedebb5250,bot,19.524501031555502,2026,T3_240d,exposed_evaluation_2026,True,2026-02-01 23:59:59+00:00
period:640bff8c4b7983edf208,2026-02-02 00:35:19+00:00,2026-02-02,oe:player:52b4f060a577ff87c99118d97fa75f4,oe:team:8eb884e168f28402ce685bedebb5250,jgl,14.702654821093807,2026,T3_240d,exposed_evaluation_2026,True,2026-02-01 23:59:59+00:00
period:640bff8c4b7983edf208,2026-02-02 00:35:19+00:00,2026-02-02,oe:player:8a5dbe19794784cfd0553556844f045,oe:team:b360f1d729b0a8e0f29a5243c4200fa,jgl,16.127859701467411,2026,T3_240d,exposed_evaluation_2026,True,2026-02-01 23:59:59+00:00
period:640bff8c4b7983edf208,2026-02-02 00:35:19+00:00,2026-02-02,oe:player:3648451fd5b8a8ab01e4bedf780c1d6,oe:team:b360f1d729b0a8e0f29a5243c4200fa,mid,17.030015590747102,2026,T3_240d,exposed_evaluation_2026,True,2026-02-01 23:59:59+00:00
period:640bff8c4b7983edf208,2026-02-02 00:35:19+00:00,2026-02-02,oe:player:8f8eaac8e99c203ee76e57c5c81c91f,oe:team:8eb884e168f28402ce685bedebb5250,mid,18.997675180293651,2026,T3_240d,exposed_evaluation_2026,True,2026-02-01 23:59:59+00:00
period:640bff8c4b7983edf208,2026-02-02 00:35:19+00:00,2026-02-02,oe:player:05fafeaf23dc3285558a4e968970b9f,oe:team:8eb884e168f28402ce685bedebb5250,sup,18.898979273575133,2026,T3_240d,exposed_evaluation_2026,True,2026-02-01 23:59:59+00:00
period:640bff8c4b7983edf208,2026-02-02 00:35:19+00:00,2026-02-02,oe:player:c88cada1696defe81464925789aa6d8,oe:team:b360f1d729b0a8e0f29a5243c4200fa,sup,15.684396561451463,2026,T3_240d,exposed_evaluation_2026,True,2026-02-01 23:59:59+00:00
period:640bff8c4b7983edf208,2026-02-02 00:35:19+00:00,2026-02-02,oe:player:f02f1c8275084050765b4b6414bdfda,oe:team:b360f1d729b0a8e0f29a5243c4200fa,top,13.814235225180688,2026,T3_240d,exposed_evaluation_2026,True,2026-02-01 23:59:59+00:00
period:640bff8c4b7983edf208,2026-02-02 00:35:19+00:00,2026-02-02,oe:player:f73dde2d8c7879ae8d1fcdc03c4ffeb,oe:team:8eb884e168f28402ce685bedebb5250,top,13.91806276017833,2026,T3_240d,exposed_evaluation_2026,True,2026-02-01 23:59:59+00:00
period:b2e5a5987eefaa30eea2,2026-02-07 21:11:32+00:00,2026-02-07,oe:player:10fcffece0ac7be85f09c4b51a75762,oe:team:fc8e90107dabb9a35c490b0d86adea0,bot,15.263298182389587,2026,T3_240d,exposed_evaluation_2026,True,2026-02-01 23:59:59+00:00
period:b2e5a5987eefaa30eea2,2026-02-07 21:11:32+00:00,2026-02-07,oe:player:3b63ea0de80cfb191f952872b392da9,oe:team:289284911fb6f41c0ccaecc3a0c2891,bot,15.368766528960363,2026,T3_240d,exposed_evaluation_2026,True,2026-02-02 00:35:19+00:00
period:b2e5a5987eefaa30eea2,2026-02-07 21:11:32+00:00,2026-02-07,oe:player:460ae5a7af8d68f7831b70307210ab3,oe:team:da1143bf9a245b78a8dc86417de85b3,bot,20.287112552967642,2026,T3_240d,exposed_evaluation_2026,True,2026-02-01 23:59:59+00:00
period:b2e5a5987eefaa30eea2,2026-02-07 21:11:32+00:00,2026-02-07,oe:player:494fc60dffbb5da1caa2226baef0ec7,oe:team:b360f1d729b0a8e0f29a5243c4200fa,bot,17.812159990240218,2026,T3_240d,exposed_evaluation_2026,True,2026-02-02 00:35:19+00:00
period:b2e5a5987eefaa30eea2,2026-02-07 21:11:32+00:00,2026-02-07,oe:player:73d2b65353d7b00e0f198ffdc085edc,oe:team:0dbb780176ecad18f17292d1f5653af,bot,19.584025969153178,2026,T3_240d,exposed_evaluation_2026,True,2026-02-01 23:59:59+00:00
period:b2e5a5987eefaa30eea2,2026-02-07 21:11:32+00:00,2026-02-07,oe:player:c145139d26813639b8fe6f4d0b28228,oe:team:2e66da41dc460dd378e3bcc57042d31,bot,17.940920255494092,2026,T3_240d,exposed_evaluation_2026,True,2026-02-01 23:59:59+00:00
period:b2e5a5987eefaa30eea2,2026-02-07 21:11:32+00:00,2026-02-07,oe:player:e2c655411d8d95ef73d8026704f5e7a,oe:team:f90422f1cbcb24bc2a855202582ec29,bot,17.821813337789308,2026,T3_240d,exposed_evaluation_2026,True,2026-02-01 23:59:59+00:00
period:b2e5a5987eefaa30eea2,2026-02-07 21:11:32+00:00,2026-02-07,oe:player:f6b8af05a5af22004a67a78f3046b92,oe:team:8eb884e168f28402ce685bedebb5250,bot,16.647210122843504,2026,T3_240d,exposed_evaluation_2026,True,2026-02-02 00:35:19+00:00
period:b2e5a5987eefaa30eea2,2026-02-07 21:11:32+00:00,2026-02-07,oe:player:08936c56ab5a6453c58974a619651c3,oe:team:0dbb780176ecad18f17292d1f5653af,jgl,14.845904405638546,2026,T3_240d,exposed_evaluation_2026,True,2026-02-01 23:59:59+00:00
period:b2e5a5987eefaa30eea2,2026-02-07 21:11:32+00:00,2026-02-07,oe:player:2cbf592923f34b2e6acc4b747385c8a,oe:team:2e66da41dc460dd378e3bcc57042d31,jgl,15.495754941207997,2026,T3_240d,exposed_evaluation_2026,True,2026-02-02 00:35:19+00:00
period:b2e5a5987eefaa30eea2,2026-02-07 21:11:32+00:00,2026-02-07,oe:player:52b4f060a577ff87c99118d97fa75f4,oe:team:8eb884e168f28402ce685bedebb5250,jgl,12.74787598585189,2026,T3_240d,exposed_evaluation_2026,True,2026-02-02 00:35:19+00:00
period:b2e5a5987eefaa30eea2,2026-02-07 21:11:32+00:00,2026-02-07,oe:player:845ea84cec22236278388f19fcd20bf,oe:team:f90422f1cbcb24bc2a855202582ec29,jgl,16.612936892998,2026,T3_240d,exposed_evaluation_2026,True,2026-02-02 00:35:19+00:00
period:b2e5a5987eefaa30eea2,2026-02-07 21:11:32+00:00,2026-02-07,oe:player:85ab9a415e1cf1f63000f7f6f1c183a,oe:team:289284911fb6f41c0ccaecc3a0c2891,jgl,12.209372162287186,2026,T3_240d,exposed_evaluation_2026,True,2026-02-02 00:35:19+00:00
period:b2e5a5987eefaa30eea2,2026-02-07 21:11:32+00:00,2026-02-07,oe:player:8a5dbe19794784cfd0553556844f045,oe:team:b360f1d729b0a8e0f29a5243c4200fa,jgl,17.233484651391301,2026,T3_240d,exposed_evaluation_2026,True,2026-02-02 00:35:19+00:00
period:b2e5a5987eefaa30eea2,2026-02-07 21:11:32+00:00,2026-02-07,oe:player:a8307167f3a1c933295bb9e3d43700e,oe:team:da1143bf9a245b78a8dc86417de85b3,jgl,20.733568743680433,2026,T3_240d,exposed_evaluation_2026,True,2026-02-01 23:59:59+00:00
period:b2e5a5987eefaa30eea2,2026-02-07 21:11:32+00:00,2026-02-07,oe:player:ed455f823b6586e9e3621dfb5aeb42e,oe:team:fc8e90107dabb9a35c490b0d86adea0,jgl,14.344713551617676,2026,T3_240d,exposed_evaluation_2026,True,2026-02-01 23:59:59+00:00
period:b2e5a5987eefaa30eea2,2026-02-07 21:11:32+00:00,2026-02-07,oe:player:05a73863e113f3cb6b472a76da2ea52,oe:team:f90422f1cbcb24bc2a855202582ec29,mid,16.886001677644835,2026,T3_240d,exposed_evaluation_2026,True,2026-02-01 23:59:59+00:00
period:b2e5a5987eefaa30eea2,2026-02-07 21:11:32+00:00,2026-02-07,oe:player:3648451fd5b8a8ab01e4bedf780c1d6,oe:team:b360f1d729b0a8e0f29a5243c4200fa,mid,13.451290251845842,2026,T3_240d,exposed_evaluation_2026,True,2026-02-02 00:35:19+00:00
period:b2e5a5987eefaa30eea2,2026-02-07 21:11:32+00:00,2026-02-07,oe:player:87f7503a6cdacffa612aeee7f04cc7c,oe:team:289284911fb6f41c0ccaecc3a0c2891,mid,14.036166719631794,2026,T3_240d,exposed_evaluation_2026,True,2026-02-02 00:35:19+00:00
period:b2e5a5987eefaa30eea2,2026-02-07 21:11:32+00:00,2026-02-07,oe:player:8f8eaac8e99c203ee76e57c5c81c91f,oe:team:8eb884e168f28402ce685bedebb5250,mid,16.406564227426053,2026,T3_240d,exposed_evaluation_2026,True,2026-02-02 00:35:19+00:00
period:b2e5a5987eefaa30eea2,2026-02-07 21:11:32+00:00,2026-02-07,oe:player:e9017664588010860a92ceb5f8fcb82,oe:team:2e66da41dc460dd378e3bcc57042d31,mid,17.843663146234007,2026,T3_240d,exposed_evaluation_2026,True,2026-02-01 23:59:59+00:00
period:b2e5a5987eefaa30eea2,2026-02-07 21:11:32+00:00,2026-02-07,oe:player:ea9ed09584feecae0991089f087d2ce,oe:team:fc8e90107dabb9a35c490b0d86adea0,mid,13.581722067212372,2026,T3_240d,exposed_evaluation_2026,True,2026-02-01 23:59:59+00:00
period:b2e5a5987eefaa30eea2,2026-02-07 21:11:32+00:00,2026-02-07,oe:player:f45792335d83b10581da2f0cbdd6e8e,oe:team:da1143bf9a245b78a8dc86417de85b3,mid,18.866933343288053,2026,T3_240d,exposed_evaluation_2026,True,2026-02-01 23:59:59+00:00
period:b2e5a5987eefaa30eea2,2026-02-07 21:11:32+00:00,2026-02-07,oe:player:fddde6d256bee26713f64ad9b2a9394,oe:team:0dbb780176ecad18f17292d1f5653af,mid,17.739998487408471,2026,T3_240d,exposed_evaluation_2026,True,2026-02-01 23:59:59+00:00
period:b2e5a5987eefaa30eea2,2026-02-07 21:11:32+00:00,2026-02-07,oe:player:05fafeaf23dc3285558a4e968970b9f,oe:team:8eb884e168f28402ce685bedebb5250,sup,16.189873908285765,2026,T3_240d,exposed_evaluation_2026,True,2026-02-02 00:35:19+00:00
period:b2e5a5987eefaa30eea2,2026-02-07 21:11:32+00:00,2026-02-07,oe:player:40704dfd2d966862568d29770de57bd,oe:team:da1143bf9a245b78a8dc86417de85b3,sup,17.435703571524169,2026,T3_240d,exposed_evaluation_2026,True,2026-02-01 23:59:59+00:00
period:b2e5a5987eefaa30eea2,2026-02-07 21:11:32+00:00,2026-02-07,oe:player:4f27911a3702f671c3d21286356a6df,oe:team:2e66da41dc460dd378e3bcc57042d31,sup,15.211313054529922,2026,T3_240d,exposed_evaluation_2026,True,2026-02-02 00:35:19+00:00
period:b2e5a5987eefaa30eea2,2026-02-07 21:11:32+00:00,2026-02-07,oe:player:81acc6bcde5c927c78e0990e9887f84,oe:team:fc8e90107dabb9a35c490b0d86adea0,sup,14.302416690004037,2026,T3_240d,exposed_evaluation_2026,True,2026-02-01 23:59:59+00:00
period:b2e5a5987eefaa30eea2,2026-02-07 21:11:32+00:00,2026-02-07,oe:player:9191e392e93a6ef011ef76b5b83ee6c,oe:team:f90422f1cbcb24bc2a855202582ec29,sup,16.373494572788864,2026,T3_240d,exposed_evaluation_2026,True,2026-02-01 23:59:59+00:00
period:b2e5a5987eefaa30eea2,2026-02-07 21:11:32+00:00,2026-02-07,oe:player:a2d7b8856032bf106783621b9afeb41,oe:team:289284911fb6f41c0ccaecc3a0c2891,sup,14.635732464940203,2026,T3_240d,exposed_evaluation_2026,True,2026-02-01 23:59:59+00:00
period:b2e5a5987eefaa30eea2,2026-02-07 21:11:32+00:00,2026-02-07,oe:player:b6f837c8bd1b510dd3f77ee8c903c30,oe:team:0dbb780176ecad18f17292d1f5653af,sup,17.863038254328583,2026,T3_240d,exposed_evaluation_2026,True,2026-02-01 23:59:59+00:00
period:b2e5a5987eefaa30eea2,2026-02-07 21:11:32+00:00,2026-02-07,oe:player:c88cada1696defe81464925789aa6d8,oe:team:b360f1d729b0a8e0f29a5243c4200fa,sup,16.602492319668279,2026,T3_240d,exposed_evaluation_2026,True,2026-02-02 00:35:19+00:00
period:b2e5a5987eefaa30eea2,2026-02-07 21:11:32+00:00,2026-02-07,oe:player:1efc4e5732e91520d03385900b903f9,oe:team:fc8e90107dabb9a35c490b0d86adea0,top,11.08069358410193,2026,T3_240d,exposed_evaluation_2026,True,2026-02-01 23:59:59+00:00
period:b2e5a5987eefaa30eea2,2026-02-07 21:11:32+00:00,2026-02-07,oe:player:21f59b54f62b5b8b4bc0f63f0f617fc,oe:team:f90422f1cbcb24bc2a855202582ec29,top,14.044092310619524,2026,T3_240d,exposed_evaluation_2026,True,2026-02-01 23:59:59+00:00
period:b2e5a5987eefaa30eea2,2026-02-07 21:11:32+00:00,2026-02-07,oe:player:5385f74da3e5deb5b66d9a1ee56cf97,oe:team:da1143bf9a245b78a8dc86417de85b3,top,14.054990713788245,2026,T3_240d,exposed_evaluation_2026,True,2026-02-01 23:59:59+00:00
period:b2e5a5987eefaa30eea2,2026-02-07 21:11:32+00:00,2026-02-07,oe:player:80fea0848c57b8e07a79675d41f582c,oe:team:289284911fb6f41c0ccaecc3a0c2891,top,9.247997504495622,2026,T3_240d,exposed_evaluation_2026,True,2026-02-01 23:59:59+00:00
period:b2e5a5987eefaa30eea2,2026-02-07 21:11:32+00:00,2026-02-07,oe:player:d617210b92fa03e78554883250d432c,oe:team:2e66da41dc460dd378e3bcc57042d31,top,12.763243167704053,2026,T3_240d,exposed_evaluation_2026,True,2026-02-01 23:59:59+00:00
period:b2e5a5987eefaa30eea2,2026-02-07 21:11:32+00:00,2026-02-07,oe:player:f02f1c8275084050765b4b6414bdfda,oe:team:b360f1d729b0a8e0f29a5243c4200fa,top,14.624273117699367,2026,T3_240d,exposed_evaluation_2026,True,2026-02-02 00:35:19+00:00
period:b2e5a5987eefaa30eea2,2026-02-07 21:11:32+00:00,2026-02-07,oe:player:f73dde2d8c7879ae8d1fcdc03c4ffeb,oe:team:8eb884e168f28402ce685bedebb5250,top,10.055417789110628,2026,T3_240d,exposed_evaluation_2026,True,2026-02-02 00:35:19+00:00
period:b2e5a5987eefaa30eea2,2026-02-07 21:11:32+00:00,2026-02-07,oe:player:fd22b656b23ca07a276181a4953ba2c,oe:team:0dbb780176ecad18f17292d1f5653af,top,13.084482209962118,2026,T3_240d,exposed_evaluation_2026,True,2026-02-01 23:59:59+00:00
period:9c6a0a6efb8480316e54,2026-02-09 00:51:15+00:00,2026-02-09,oe:player:10fcffece0ac7be85f09c4b51a75762,oe:team:fc8e90107dabb9a35c490b0d86adea0,bot,16.782653894172714,2026,T3_240d,exposed_evaluation_2026,True,2026-02-08 23:59:59+00:00
period:9c6a0a6efb8480316e54,2026-02-09 00:51:15+00:00,2026-02-09,oe:player:73d2b65353d7b00e0f198ffdc085edc,oe:team:0dbb780176ecad18f17292d1f5653af,bot,16.308638996953018,2026,T3_240d,exposed_evaluation_2026,True,2026-02-08 23:59:59+00:00
period:9c6a0a6efb8480316e54,2026-02-09 00:51:15+00:00,2026-02-09,oe:player:c145139d26813639b8fe6f4d0b28228,oe:team:2e66da41dc460dd378e3bcc57042d31,bot,17.707496164676659,2026,T3_240d,exposed_evaluation_2026,True,2026-02-08 23:59:59+00:00
period:9c6a0a6efb8480316e54,2026-02-09 00:51:15+00:00,2026-02-09,oe:player:f6b8af05a5af22004a67a78f3046b92,oe:team:8eb884e168f28402ce685bedebb5250,bot,19.397105548673238,2026,T3_240d,exposed_evaluation_2026,True,2026-02-08 23:59:59+00:00
period:9c6a0a6efb8480316e54,2026-02-09 00:51:15+00:00,2026-02-09,oe:player:08936c56ab5a6453c58974a619651c3,oe:team:0dbb780176ecad18f17292d1f5653af,jgl,11.897840762333923,2026,T3_240d,exposed_evaluation_2026,True,2026-02-08 23:59:59+00:00
period:9c6a0a6efb8480316e54,2026-02-09 00:51:15+00:00,2026-02-09,oe:player:2cbf592923f34b2e6acc4b747385c8a,oe:team:2e66da41dc460dd378e3bcc57042d31,jgl,17.405450385478584,2026,T3_240d,exposed_evaluation_2026,True,2026-02-08 23:59:59+00:00
period:9c6a0a6efb8480316e54,2026-02-09 00:51:15+00:00,2026-02-09,oe:player:52b4f060a577ff87c99118d97fa75f4,oe:team:8eb884e168f28402ce685bedebb5250,jgl,15.495861335913924,2026,T3_240d,exposed_evaluation_2026,True,2026-02-08 23:59:59+00:00
period:9c6a0a6efb8480316e54,2026-02-09 00:51:15+00:00,2026-02-09,oe:player:ed455f823b6586e9e3621dfb5aeb42e,oe:team:fc8e90107dabb9a35c490b0d86adea0,jgl,15.640805620263635,2026,T3_240d,exposed_evaluation_2026,True,2026-02-08 23:59:59+00:00
period:9c6a0a6efb8480316e54,2026-02-09 00:51:15+00:00,2026-02-09,oe:player:8f8eaac8e99c203ee76e57c5c81c91f,oe:team:8eb884e168f28402ce685bedebb5250,mid,19.051418785008071,2026,T3_240d,exposed_evaluation_2026,True,2026-02-08 23:59:59+00:00
period:9c6a0a6efb8480316e54,2026-02-09 00:51:15+00:00,2026-02-09,oe:player:e9017664588010860a92ceb5f8fcb82,oe:team:2e66da41dc460dd378e3bcc57042d31,mid,17.852651421490883,2026,T3_240d,exposed_evaluation_2026,True,2026-02-08 23:59:59+00:00
period:9c6a0a6efb8480316e54,2026-02-09 00:51:15+00:00,2026-02-09,oe:player:ea9ed09584feecae0991089f087d2ce,oe:team:fc8e90107dabb9a35c490b0d86adea0,mid,15.262590909740453,2026,T3_240d,exposed_evaluation_2026,True,2026-02-08 23:59:59+00:00
period:9c6a0a6efb8480316e54,2026-02-09 00:51:15+00:00,2026-02-09,oe:player:fddde6d256bee26713f64ad9b2a9394,oe:team:0dbb780176ecad18f17292d1f5653af,mid,14.426709979547015,2026,T3_240d,exposed_evaluation_2026,True,2026-02-08 23:59:59+00:00
period:9c6a0a6efb8480316e54,2026-02-09 00:51:15+00:00,2026-02-09,oe:player:05fafeaf23dc3285558a4e968970b9f,oe:team:8eb884e168f28402ce685bedebb5250,sup,18.531151673394991,2026,T3_240d,exposed_evaluation_2026,True,2026-02-08 23:59:59+00:00
period:9c6a0a6efb8480316e54,2026-02-09 00:51:15+00:00,2026-02-09,oe:player:4f27911a3702f671c3d21286356a6df,oe:team:2e66da41dc460dd378e3bcc57042d31,sup,17.721247989534874,2026,T3_240d,exposed_evaluation_2026,True,2026-02-08 23:59:59+00:00
period:9c6a0a6efb8480316e54,2026-02-09 00:51:15+00:00,2026-02-09,oe:player:81acc6bcde5c927c78e0990e9887f84,oe:team:fc8e90107dabb9a35c490b0d86adea0,sup,15.521460935364967,2026,T3_240d,exposed_evaluation_2026,True,2026-02-08 23:59:59+00:00
period:9c6a0a6efb8480316e54,2026-02-09 00:51:15+00:00,2026-02-09,oe:player:b6f837c8bd1b510dd3f77ee8c903c30,oe:team:0dbb780176ecad18f17292d1f5653af,sup,14.557587439649231,2026,T3_240d,exposed_evaluation_2026,True,2026-02-08 23:59:59+00:00
period:9c6a0a6efb8480316e54,2026-02-09 00:51:15+00:00,2026-02-09,oe:player:1efc4e5732e91520d03385900b903f9,oe:team:fc8e90107dabb9a35c490b0d86adea0,top,12.314995696938967,2026,T3_240d,exposed_evaluation_2026,True,2026-02-08 23:59:59+00:00
period:9c6a0a6efb8480316e54,2026-02-09 00:51:15+00:00,2026-02-09,oe:player:d617210b92fa03e78554883250d432c,oe:team:2e66da41dc460dd378e3bcc57042d31,top,11.908633308628536,2026,T3_240d,exposed_evaluation_2026,True,2026-02-08 23:59:59+00:00
period:9c6a0a6efb8480316e54,2026-02-09 00:51:15+00:00,2026-02-09,oe:player:f73dde2d8c7879ae8d1fcdc03c4ffeb,oe:team:8eb884e168f28402ce685bedebb5250,top,12.711481704962972,2026,T3_240d,exposed_evaluation_2026,True,2026-02-08 23:59:59+00:00
period:9c6a0a6efb8480316e54,2026-02-09 00:51:15+00:00,2026-02-09,oe:player:fd22b656b23ca07a276181a4953ba2c,oe:team:0dbb780176ecad18f17292d1f5653af,top,10.887881462043081,2026,T3_240d,exposed_evaluation_2026,True,2026-02-08 23:59:59+00:00
period:0433ceb2175e1870c17a,2026-02-14 21:11:50+00:00,2026-02-14,oe:player:10fcffece0ac7be85f09c4b51a75762,oe:team:fc8e90107dabb9a35c490b0d86adea0,bot,18.002308715981393,2026,T3_240d,exposed_evaluation_2026,True,2026-02-09 01:41:45+00:00
period:0433ceb2175e1870c17a,2026-02-14 21:11:50+00:00,2026-02-14,oe:player:3b63ea0de80cfb191f952872b392da9,oe:team:289284911fb6f41c0ccaecc3a0c2891,bot,16.586206638914241,2026,T3_240d,exposed_evaluation_2026,True,2026-02-08 23:59:59+00:00
period:0433ceb2175e1870c17a,2026-02-14 21:11:50+00:00,2026-02-14,oe:player:c145139d26813639b8fe6f4d0b28228,oe:team:2e66da41dc460dd378e3bcc57042d31,bot,16.931964036606907,2026,T3_240d,exposed_evaluation_2026,True,2026-02-09 01:41:45+00:00
period:0433ceb2175e1870c17a,2026-02-14 21:11:50+00:00,2026-02-14,oe:player:e2c655411d8d95ef73d8026704f5e7a,oe:team:f90422f1cbcb24bc2a855202582ec29,bot,17.519372327552457,2026,T3_240d,exposed_evaluation_2026,True,2026-02-08 23:59:59+00:00
period:0433ceb2175e1870c17a,2026-02-14 21:11:50+00:00,2026-02-14,oe:player:2cbf592923f34b2e6acc4b747385c8a,oe:team:2e66da41dc460dd378e3bcc57042d31,jgl,14.556295137214022,2026,T3_240d,exposed_evaluation_2026,True,2026-02-09 01:41:45+00:00
period:0433ceb2175e1870c17a,2026-02-14 21:11:50+00:00,2026-02-14,oe:player:845ea84cec22236278388f19fcd20bf,oe:team:f90422f1cbcb24bc2a855202582ec29,jgl,17.440447170062633,2026,T3_240d,exposed_evaluation_2026,True,2026-02-08 23:59:59+00:00
period:0433ceb2175e1870c17a,2026-02-14 21:11:50+00:00,2026-02-14,oe:player:85ab9a415e1cf1f63000f7f6f1c183a,oe:team:289284911fb6f41c0ccaecc3a0c2891,jgl,14.502418212052513,2026,T3_240d,exposed_evaluation_2026,True,2026-02-09 01:41:45+00:00
period:0433ceb2175e1870c17a,2026-02-14 21:11:50+00:00,2026-02-14,oe:player:ed455f823b6586e9e3621dfb5aeb42e,oe:team:fc8e90107dabb9a35c490b0d86adea0,jgl,16.826534494418244,2026,T3_240d,exposed_evaluation_2026,True,2026-02-09 01:41:45+00:00
period:0433ceb2175e1870c17a,2026-02-14 21:11:50+00:00,2026-02-14,oe:player:05a73863e113f3cb6b472a76da2ea52,oe:team:f90422f1cbcb24bc2a855202582ec29,mid,16.376802780134902,2026,T3_240d,exposed_evaluation_2026,True,2026-02-08 23:59:59+00:00
period:0433ceb2175e1870c17a,2026-02-14 21:11:50+00:00,2026-02-14,oe:player:87f7503a6cdacffa612aeee7f04cc7c,oe:team:289284911fb6f41c0ccaecc3a0c2891,mid,14.659586778679113,2026,T3_240d,exposed_evaluation_2026,True,2026-02-08 23:59:59+00:00
period:0433ceb2175e1870c17a,2026-02-14 21:11:50+00:00,2026-02-14,oe:player:e9017664588010860a92ceb5f8fcb82,oe:team:2e66da41dc460dd378e3bcc57042d31,mid,17.210336848669744,2026,T3_240d,exposed_evaluation_2026,True,2026-02-09 01:41:45+00:00
period:0433ceb2175e1870c17a,2026-02-14 21:11:50+00:00,2026-02-14,oe:player:ea9ed09584feecae0991089f087d2ce,oe:team:fc8e90107dabb9a35c490b0d86adea0,mid,16.505749339235557,2026,T3_240d,exposed_evaluation_2026,True,2026-02-09 01:41:45+00:00
period:0433ceb2175e1870c17a,2026-02-14 21:11:50+00:00,2026-02-14,oe:player:4f27911a3702f671c3d21286356a6df,oe:team:2e66da41dc460dd378e3bcc57042d31,sup,14.99343434944084,2026,T3_240d,exposed_evaluation_2026,True,2026-02-09 01:41:45+00:00
period:0433ceb2175e1870c17a,2026-02-14 21:11:50+00:00,2026-02-14,oe:player:81acc6bcde5c927c78e0990e9887f84,oe:team:fc8e90107dabb9a35c490b0d86adea0,sup,16.710742172987011,2026,T3_240d,exposed_evaluation_2026,True,2026-02-09 01:41:45+00:00
period:0433ceb2175e1870c17a,2026-02-14 21:11:50+00:00,2026-02-14,oe:player:9191e392e93a6ef011ef76b5b83ee6c,oe:team:f90422f1cbcb24bc2a855202582ec29,sup,15.509301630945043,2026,T3_240d,exposed_evaluation_2026,True,2026-02-08 23:59:59+00:00
period:0433ceb2175e1870c17a,2026-02-14 21:11:50+00:00,2026-02-14,oe:player:a2d7b8856032bf106783621b9afeb41,oe:team:289284911fb6f41c0ccaecc3a0c2891,sup,15.463523602580814,2026,T3_240d,exposed_evaluation_2026,True,2026-02-08 23:59:59+00:00
period:0433ceb2175e1870c17a,2026-02-14 21:11:50+00:00,2026-02-14,oe:player:1efc4e5732e91520d03385900b903f9,oe:team:fc8e90107dabb9a35c490b0d86adea0,top,13.285582525148133,2026,T3_240d,exposed_evaluation_2026,True,2026-02-09 01:41:45+00:00
period:0433ceb2175e1870c17a,2026-02-14 21:11:50+00:00,2026-02-14,oe:player:21f59b54f62b5b8b4bc0f63f0f617fc,oe:team:f90422f1cbcb24bc2a855202582ec29,top,13.542985115830556,2026,T3_240d,exposed_evaluation_2026,True,2026-02-08 23:59:59+00:00
period:0433ceb2175e1870c17a,2026-02-14 21:11:50+00:00,2026-02-14,oe:player:80fea0848c57b8e07a79675d41f582c,oe:team:289284911fb6f41c0ccaecc3a0c2891,top,9.9005356080440077,2026,T3_240d,exposed_evaluation_2026,True,2026-02-08 23:59:59+00:00
period:0433ceb2175e1870c17a,2026-02-14 21:11:50+00:00,2026-02-14,oe:player:d617210b92fa03e78554883250d432c,oe:team:2e66da41dc460dd378e3bcc57042d31,top,11.21324471977908,2026,T3_240d,exposed_evaluation_2026,True,2026-02-09 01:41:45+00:00
period:d52af7b72997e89c8ea6,2026-02-20 21:09:00+00:00,2026-02-20,oe:player:10fcffece0ac7be85f09c4b51a75762,oe:team:fc8e90107dabb9a35c490b0d86adea0,bot,18.73071500945921,2026,T3_240d,exposed_evaluation_2026,True,2026-02-15 23:59:59+00:00
period:d52af7b72997e89c8ea6,2026-02-20 21:09:00+00:00,2026-02-20,oe:player:3b63ea0de80cfb191f952872b392da9,oe:team:289284911fb6f41c0ccaecc3a0c2891,bot,15.778785247873408,2026,T3_240d,exposed_evaluation_2026,True,2026-02-15 23:59:59+00:00
period:d52af7b72997e89c8ea6,2026-02-20 21:09:00+00:00,2026-02-20,oe:player:460ae5a7af8d68f7831b70307210ab3,oe:team:da1143bf9a245b78a8dc86417de85b3,bot,17.271027752198528,2026,T3_240d,exposed_evaluation_2026,True,2026-02-08 23:59:59+00:00
period:d52af7b72997e89c8ea6,2026-02-20 21:09:00+00:00,2026-02-20,oe:player:c145139d26813639b8fe6f4d0b28228,oe:team:2e66da41dc460dd378e3bcc57042d31,bot,18.502019681638654,2026,T3_240d,exposed_evaluation_2026,True,2026-02-15 23:59:59+00:00
period:d52af7b72997e89c8ea6,2026-02-20 21:09:00+00:00,2026-02-20,oe:player:e2c655411d8d95ef73d8026704f5e7a,oe:team:f90422f1cbcb24bc2a855202582ec29,bot,14.75192018332117,2026,T3_240d,exposed_evaluation_2026,True,2026-02-15 23:59:59+00:00
period:d52af7b72997e89c8ea6,2026-02-20 21:09:00+00:00,2026-02-20,oe:player:f6b8af05a5af22004a67a78f3046b92,oe:team:8eb884e168f28402ce685bedebb5250,bot,18.59316629565668,2026,T3_240d,exposed_evaluation_2026,True,2026-02-09 01:41:45+00:00
period:d52af7b72997e89c8ea6,2026-02-20 21:09:00+00:00,2026-02-20,oe:player:2cbf592923f34b2e6acc4b747385c8a,oe:team:2e66da41dc460dd378e3bcc57042d31,jgl,15.150126842279374,2026,T3_240d,exposed_evaluation_2026,True,2026-02-15 23:59:59+00:00
period:d52af7b72997e89c8ea6,2026-02-20 21:09:00+00:00,2026-02-20,oe:player:52b4f060a577ff87c99118d97fa75f4,oe:team:8eb884e168f28402ce685bedebb5250,jgl,15.002440832531057,2026,T3_240d,exposed_evaluation_2026,True,2026-02-09 01:41:45+00:00
period:d52af7b72997e89c8ea6,2026-02-20 21:09:00+00:00,2026-02-20,oe:player:845ea84cec22236278388f19fcd20bf,oe:team:f90422f1cbcb24bc2a855202582ec29,jgl,15.071657960613823,2026,T3_240d,exposed_evaluation_2026,True,2026-02-15 23:59:59+00:00
period:d52af7b72997e89c8ea6,2026-02-20 21:09:00+00:00,2026-02-20,oe:player:85ab9a415e1cf1f63000f7f6f1c183a,oe:team:289284911fb6f41c0ccaecc3a0c2891,jgl,14.20418995701521,2026,T3_240d,exposed_evaluation_2026,True,2026-02-15 23:59:59+00:00
period:d52af7b72997e89c8ea6,2026-02-20 21:09:00+00:00,2026-02-20,oe:player:a8307167f3a1c933295bb9e3d43700e,oe:team:da1143bf9a245b78a8dc86417de85b3,jgl,17.830947303503283,2026,T3_240d,exposed_evaluation_2026,True,2026-02-08 23:59:59+00:00
period:d52af7b72997e89c8ea6,2026-02-20 21:09:00+00:00,2026-02-20,oe:player:ed455f823b6586e9e3621dfb5aeb42e,oe:team:fc8e90107dabb9a35c490b0d86adea0,jgl,17.63929361983724,2026,T3_240d,exposed_evaluation_2026,True,2026-02-15 23:59:59+00:00
period:d52af7b72997e89c8ea6,2026-02-20 21:09:00+00:00,2026-02-20,oe:player:05a73863e113f3cb6b472a76da2ea52,oe:team:f90422f1cbcb24bc2a855202582ec29,mid,14.398119701513604,2026,T3_240d,exposed_evaluation_2026,True,2026-02-15 23:59:59+00:00
period:d52af7b72997e89c8ea6,2026-02-20 21:09:00+00:00,2026-02-20,oe:player:87f7503a6cdacffa612aeee7f04cc7c,oe:team:289284911fb6f41c0ccaecc3a0c2891,mid,14.066833644779777,2026,T3_240d,exposed_evaluation_2026,True,2026-02-15 23:59:59+00:00
period:d52af7b72997e89c8ea6,2026-02-20 21:09:00+00:00,2026-02-20,oe:player:8f8eaac8e99c203ee76e57c5c81c91f,oe:team:8eb884e168f28402ce685bedebb5250,mid,18.286198230581263,2026,T3_240d,exposed_evaluation_2026,True,2026-02-09 01:41:45+00:00
period:d52af7b72997e89c8ea6,2026-02-20 21:09:00+00:00,2026-02-20,oe:player:e9017664588010860a92ceb5f8fcb82,oe:team:2e66da41dc460dd378e3bcc57042d31,mid,18.721139610169605,2026,T3_240d,exposed_evaluation_2026,True,2026-02-15 23:59:59+00:00
period:d52af7b72997e89c8ea6,2026-02-20 21:09:00+00:00,2026-02-20,oe:player:ea9ed09584feecae0991089f087d2ce,oe:team:fc8e90107dabb9a35c490b0d86adea0,mid,17.357240347065062,2026,T3_240d,exposed_evaluation_2026,True,2026-02-15 23:59:59+00:00
period:d52af7b72997e89c8ea6,2026-02-20 21:09:00+00:00,2026-02-20,oe:player:f45792335d83b10581da2f0cbdd6e8e,oe:team:da1143bf9a245b78a8dc86417de85b3,mid,15.806585109386027,2026,T3_240d,exposed_evaluation_2026,True,2026-02-08 23:59:59+00:00
period:d52af7b72997e89c8ea6,2026-02-20 21:09:00+00:00,2026-02-20,oe:player:05fafeaf23dc3285558a4e968970b9f,oe:team:8eb884e168f28402ce685bedebb5250,sup,17.779065983324809,2026,T3_240d,exposed_evaluation_2026,True,2026-02-09 01:41:45+00:00
period:d52af7b72997e89c8ea6,2026-02-20 21:09:00+00:00,2026-02-20,oe:player:40704dfd2d966862568d29770de57bd,oe:team:da1143bf9a245b78a8dc86417de85b3,sup,14.832541410741424,2026,T3_240d,exposed_evaluation_2026,True,2026-02-08 23:59:59+00:00
period:d52af7b72997e89c8ea6,2026-02-20 21:09:00+00:00,2026-02-20,oe:player:4f27911a3702f671c3d21286356a6df,oe:team:2e66da41dc460dd378e3bcc57042d31,sup,15.579427373174717,2026,T3_240d,exposed_evaluation_2026,True,2026-02-15 23:59:59+00:00
period:d52af7b72997e89c8ea6,2026-02-20 21:09:00+00:00,2026-02-20,oe:player:81acc6bcde5c927c78e0990e9887f84,oe:team:fc8e90107dabb9a35c490b0d86adea0,sup,17.512776162718431,2026,T3_240d,exposed_evaluation_2026,True,2026-02-15 23:59:59+00:00
period:d52af7b72997e89c8ea6,2026-02-20 21:09:00+00:00,2026-02-20,oe:player:9191e392e93a6ef011ef76b5b83ee6c,oe:team:f90422f1cbcb24bc2a855202582ec29,sup,13.085569430634781,2026,T3_240d,exposed_evaluation_2026,True,2026-02-15 23:59:59+00:00
period:d52af7b72997e89c8ea6,2026-02-20 21:09:00+00:00,2026-02-20,oe:player:a2d7b8856032bf106783621b9afeb41,oe:team:289284911fb6f41c0ccaecc3a0c2891,sup,15.656000184396415,2026,T3_240d,exposed_evaluation_2026,True,2026-02-15 23:59:59+00:00
period:d52af7b72997e89c8ea6,2026-02-20 21:09:00+00:00,2026-02-20,oe:player:1efc4e5732e91520d03385900b903f9,oe:team:fc8e90107dabb9a35c490b0d86adea0,top,13.952805259627985,2026,T3_240d,exposed_evaluation_2026,True,2026-02-15 23:59:59+00:00
period:d52af7b72997e89c8ea6,2026-02-20 21:09:00+00:00,2026-02-20,oe:player:21f59b54f62b5b8b4bc0f63f0f617fc,oe:team:f90422f1cbcb24bc2a855202582ec29,top,11.325192488564404,2026,T3_240d,exposed_evaluation_2026,True,2026-02-15 23:59:59+00:00
period:d52af7b72997e89c8ea6,2026-02-20 21:09:00+00:00,2026-02-20,oe:player:5385f74da3e5deb5b66d9a1ee56cf97,oe:team:da1143bf9a245b78a8dc86417de85b3,top,11.818204896253103,2026,T3_240d,exposed_evaluation_2026,True,2026-02-08 23:59:59+00:00
period:d52af7b72997e89c8ea6,2026-02-20 21:09:00+00:00,2026-02-20,oe:player:80fea0848c57b8e07a79675d41f582c,oe:team:289284911fb6f41c0ccaecc3a0c2891,top,10.209145010719622,2026,T3_240d,exposed_evaluation_2026,True,2026-02-15 23:59:59+00:00
period:d52af7b72997e89c8ea6,2026-02-20 21:09:00+00:00,2026-02-20,oe:player:d617210b92fa03e78554883250d432c,oe:team:2e66da41dc460dd378e3bcc57042d31,top,12.501811678371482,2026,T3_240d,exposed_evaluation_2026,True,2026-02-15 23:59:59+00:00
period:d52af7b72997e89c8ea6,2026-02-20 21:09:00+00:00,2026-02-20,oe:player:f73dde2d8c7879ae8d1fcdc03c4ffeb,oe:team:8eb884e168f28402ce685bedebb5250,top,13.218074724172018,2026,T3_240d,exposed_evaluation_2026,True,2026-02-09 01:41:45+00:00
period:b628e8f047ec274b8698,2026-02-27 21:09:38+00:00,2026-02-27,oe:player:10fcffece0ac7be85f09c4b51a75762,oe:team:fc8e90107dabb9a35c490b0d86adea0,bot,19.560045124492976,2026,T3_240d,exposed_evaluation_2026,True,2026-02-22 23:59:59+00:00
period:b628e8f047ec274b8698,2026-02-27 21:09:38+00:00,2026-02-27,oe:player:460ae5a7af8d68f7831b70307210ab3,oe:team:da1143bf9a245b78a8dc86417de85b3,bot,16.718282575184904,2026,T3_240d,exposed_evaluation_2026,True,2026-02-22 23:59:59+00:00
period:b628e8f047ec274b8698,2026-02-27 21:09:38+00:00,2026-02-27,oe:player:e2c655411d8d95ef73d8026704f5e7a,oe:team:f90422f1cbcb24bc2a855202582ec29,bot,15.671902602508867,2026,T3_240d,exposed_evaluation_2026,True,2026-02-22 23:59:59+00:00
period:b628e8f047ec274b8698,2026-02-27 21:09:38+00:00,2026-02-27,oe:player:f6b8af05a5af22004a67a78f3046b92,oe:team:8eb884e168f28402ce685bedebb5250,bot,17.072127660073981,2026,T3_240d,exposed_evaluation_2026,True,2026-02-22 23:59:59+00:00
period:b628e8f047ec274b8698,2026-02-27 21:09:38+00:00,2026-02-27,oe:player:52b4f060a577ff87c99118d97fa75f4,oe:team:8eb884e168f28402ce685bedebb5250,jgl,14.014703383809476,2026,T3_240d,exposed_evaluation_2026,True,2026-02-22 23:59:59+00:00
period:b628e8f047ec274b8698,2026-02-27 21:09:38+00:00,2026-02-27,oe:player:845ea84cec22236278388f19fcd20bf,oe:team:f90422f1cbcb24bc2a855202582ec29,jgl,15.199758508345916,2026,T3_240d,exposed_evaluation_2026,True,2026-02-22 23:59:59+00:00
period:b628e8f047ec274b8698,2026-02-27 21:09:38+00:00,2026-02-27,oe:player:a8307167f3a1c933295bb9e3d43700e,oe:team:da1143bf9a245b78a8dc86417de85b3,jgl,16.778846814477753,2026,T3_240d,exposed_evaluation_2026,True,2026-02-22 23:59:59+00:00
period:b628e8f047ec274b8698,2026-02-27 21:09:38+00:00,2026-02-27,oe:player:ed455f823b6586e9e3621dfb5aeb42e,oe:team:fc8e90107dabb9a35c490b0d86adea0,jgl,18.492078993538438,2026,T3_240d,exposed_evaluation_2026,True,2026-02-22 23:59:59+00:00
period:b628e8f047ec274b8698,2026-02-27 21:09:38+00:00,2026-02-27,oe:player:05a73863e113f3cb6b472a76da2ea52,oe:team:f90422f1cbcb24bc2a855202582ec29,mid,15.867159017450808,2026,T3_240d,exposed_evaluation_2026,True,2026-02-22 23:59:59+00:00
period:b628e8f047ec274b8698,2026-02-27 21:09:38+00:00,2026-02-27,oe:player:8f8eaac8e99c203ee76e57c5c81c91f,oe:team:8eb884e168f28402ce685bedebb5250,mid,16.81214472289955,2026,T3_240d,exposed_evaluation_2026,True,2026-02-22 23:59:59+00:00
period:b628e8f047ec274b8698,2026-02-27 21:09:38+00:00,2026-02-27,oe:player:ea9ed09584feecae0991089f087d2ce,oe:team:fc8e90107dabb9a35c490b0d86adea0,mid,18.328914973446981,2026,T3_240d,exposed_evaluation_2026,True,2026-02-22 23:59:59+00:00
period:b628e8f047ec274b8698,2026-02-27 21:09:38+00:00,2026-02-27,oe:player:f45792335d83b10581da2f0cbdd6e8e,oe:team:da1143bf9a245b78a8dc86417de85b3,mid,15.324632689849137,2026,T3_240d,exposed_evaluation_2026,True,2026-02-22 23:59:59+00:00
period:b628e8f047ec274b8698,2026-02-27 21:09:38+00:00,2026-02-27,oe:player:05fafeaf23dc3285558a4e968970b9f,oe:team:8eb884e168f28402ce685bedebb5250,sup,16.520160295993549,2026,T3_240d,exposed_evaluation_2026,True,2026-02-22 23:59:59+00:00
period:b628e8f047ec274b8698,2026-02-27 21:09:38+00:00,2026-02-27,oe:player:40704dfd2d966862568d29770de57bd,oe:team:da1143bf9a245b78a8dc86417de85b3,sup,13.867630075875368,2026,T3_240d,exposed_evaluation_2026,True,2026-02-22 23:59:59+00:00
period:b628e8f047ec274b8698,2026-02-27 21:09:38+00:00,2026-02-27,oe:player:81acc6bcde5c927c78e0990e9887f84,oe:team:fc8e90107dabb9a35c490b0d86adea0,sup,18.282884664433215,2026,T3_240d,exposed_evaluation_2026,True,2026-02-22 23:59:59+00:00
period:b628e8f047ec274b8698,2026-02-27 21:09:38+00:00,2026-02-27,oe:player:9191e392e93a6ef011ef76b5b83ee6c,oe:team:f90422f1cbcb24bc2a855202582ec29,sup,14.594435010430942,2026,T3_240d,exposed_evaluation_2026,True,2026-02-22 23:59:59+00:00
period:b628e8f047ec274b8698,2026-02-27 21:09:38+00:00,2026-02-27,oe:player:1efc4e5732e91520d03385900b903f9,oe:team:fc8e90107dabb9a35c490b0d86adea0,top,14.625634549039264,2026,T3_240d,exposed_evaluation_2026,True,2026-02-22 23:59:59+00:00
period:b628e8f047ec274b8698,2026-02-27 21:09:38+00:00,2026-02-27,oe:player:21f59b54f62b5b8b4bc0f63f0f617fc,oe:team:f90422f1cbcb24bc2a855202582ec29,top,12.789734065419285,2026,T3_240d,exposed_evaluation_2026,True,2026-02-22 23:59:59+00:00
period:b628e8f047ec274b8698,2026-02-27 21:09:38+00:00,2026-02-27,oe:player:5385f74da3e5deb5b66d9a1ee56cf97,oe:team:da1143bf9a245b78a8dc86417de85b3,top,10.871773060374851,2026,T3_240d,exposed_evaluation_2026,True,2026-02-22 23:59:59+00:00
period:b628e8f047ec274b8698,2026-02-27 21:09:38+00:00,2026-02-27,oe:player:f73dde2d8c7879ae8d1fcdc03c4ffeb,oe:team:8eb884e168f28402ce685bedebb5250,top,12.474435479581961,2026,T3_240d,exposed_evaluation_2026,True,2026-02-22 23:59:59+00:00
period:f1fd6343903a0462322e,2026-03-02 00:22:41+00:00,2026-03-02,oe:player:10fcffece0ac7be85f09c4b51a75762,oe:team:fc8e90107dabb9a35c490b0d86adea0,bot,19.125159611830231,2026,T3_240d,exposed_evaluation_2026,True,2026-03-01 23:59:59+00:00
period:f1fd6343903a0462322e,2026-03-02 00:22:41+00:00,2026-03-02,oe:player:460ae5a7af8d68f7831b70307210ab3,oe:team:da1143bf9a245b78a8dc86417de85b3,bot,15.847601581042341,2026,T3_240d,exposed_evaluation_2026,True,2026-03-01 23:59:59+00:00
period:f1fd6343903a0462322e,2026-03-02 00:22:41+00:00,2026-03-02,oe:player:a8307167f3a1c933295bb9e3d43700e,oe:team:da1143bf9a245b78a8dc86417de85b3,jgl,15.527711366246841,2026,T3_240d,exposed_evaluation_2026,True,2026-03-01 23:59:59+00:00
period:f1fd6343903a0462322e,2026-03-02 00:22:41+00:00,2026-03-02,oe:player:ed455f823b6586e9e3621dfb5aeb42e,oe:team:fc8e90107dabb9a35c490b0d86adea0,jgl,17.987264270047358,2026,T3_240d,exposed_evaluation_2026,True,2026-03-01 23:59:59+00:00
period:f1fd6343903a0462322e,2026-03-02 00:22:41+00:00,2026-03-02,oe:player:ea9ed09584feecae0991089f087d2ce,oe:team:fc8e90107dabb9a35c490b0d86adea0,mid,17.73917009272585,2026,T3_240d,exposed_evaluation_2026,True,2026-03-01 23:59:59+00:00
period:f1fd6343903a0462322e,2026-03-02 00:22:41+00:00,2026-03-02,oe:player:f45792335d83b10581da2f0cbdd6e8e,oe:team:da1143bf9a245b78a8dc86417de85b3,mid,14.313783189994073,2026,T3_240d,exposed_evaluation_2026,True,2026-03-01 23:59:59+00:00
period:f1fd6343903a0462322e,2026-03-02 00:22:41+00:00,2026-03-02,oe:player:40704dfd2d966862568d29770de57bd,oe:team:da1143bf9a245b78a8dc86417de85b3,sup,13.464516192063455,2026,T3_240d,exposed_evaluation_2026,True,2026-03-01 23:59:59+00:00
period:f1fd6343903a0462322e,2026-03-02 00:22:41+00:00,2026-03-02,oe:player:81acc6bcde5c927c78e0990e9887f84,oe:team:fc8e90107dabb9a35c490b0d86adea0,sup,17.827157163168142,2026,T3_240d,exposed_evaluation_2026,True,2026-03-01 23:59:59+00:00
period:f1fd6343903a0462322e,2026-03-02 00:22:41+00:00,2026-03-02,oe:player:1efc4e5732e91520d03385900b903f9,oe:team:fc8e90107dabb9a35c490b0d86adea0,top,14.100354673814648,2026,T3_240d,exposed_evaluation_2026,True,2026-03-01 23:59:59+00:00
period:f1fd6343903a0462322e,2026-03-02 00:22:41+00:00,2026-03-02,oe:player:5385f74da3e5deb5b66d9a1ee56cf97,oe:team:da1143bf9a245b78a8dc86417de85b3,top,10.058483838436205,2026,T3_240d,exposed_evaluation_2026,True,2026-03-01 23:59:59+00:00
period:74efed7e4a28a304cc30,2026-04-04 20:17:46+00:00,2026-04-04,oe:player:10fcffece0ac7be85f09c4b51a75762,oe:team:fc8e90107dabb9a35c490b0d86adea0,bot,18.766033022595302,2026,T3_240d,exposed_evaluation_2026,True,2026-03-02 00:22:41+00:00
period:74efed7e4a28a304cc30,2026-04-04 20:17:46+00:00,2026-04-04,oe:player:3b63ea0de80cfb191f952872b392da9,oe:team:289284911fb6f41c0ccaecc3a0c2891,bot,14.836680618463957,2026,T3_240d,exposed_evaluation_2026,True,2026-02-22 23:59:59+00:00
period:74efed7e4a28a304cc30,2026-04-04 20:17:46+00:00,2026-04-04,oe:player:460ae5a7af8d68f7831b70307210ab3,oe:team:da1143bf9a245b78a8dc86417de85b3,bot,16.332539039332495,2026,T3_240d,exposed_evaluation_2026,True,2026-03-02 00:22:41+00:00
period:74efed7e4a28a304cc30,2026-04-04 20:17:46+00:00,2026-04-04,oe:player:494fc60dffbb5da1caa2226baef0ec7,oe:team:b360f1d729b0a8e0f29a5243c4200fa,bot,15.193021464431242,2026,T3_240d,exposed_evaluation_2026,True,2026-02-08 23:59:59+00:00
period:74efed7e4a28a304cc30,2026-04-04 20:17:46+00:00,2026-04-04,oe:player:73d2b65353d7b00e0f198ffdc085edc,oe:team:0dbb780176ecad18f17292d1f5653af,bot,20.828298823446662,2026,T3_240d,exposed_evaluation_2026,True,2026-02-09 01:41:45+00:00
period:74efed7e4a28a304cc30,2026-04-04 20:17:46+00:00,2026-04-04,oe:player:c145139d26813639b8fe6f4d0b28228,oe:team:2e66da41dc460dd378e3bcc57042d31,bot,17.052441707859142,2026,T3_240d,exposed_evaluation_2026,True,2026-02-22 23:59:59+00:00
period:74efed7e4a28a304cc30,2026-04-04 20:17:46+00:00,2026-04-04,oe:player:e2c655411d8d95ef73d8026704f5e7a,oe:team:f90422f1cbcb24bc2a855202582ec29,bot,17.959969500232617,2026,T3_240d,exposed_evaluation_2026,True,2026-03-01 23:59:59+00:00
period:74efed7e4a28a304cc30,2026-04-04 20:17:46+00:00,2026-04-04,oe:player:f6b8af05a5af22004a67a78f3046b92,oe:team:8eb884e168f28402ce685bedebb5250,bot,18.965735398904801,2026,T3_240d,exposed_evaluation_2026,True,2026-03-01 23:59:59+00:00
period:74efed7e4a28a304cc30,2026-04-04 20:17:46+00:00,2026-04-04,oe:player:08936c56ab5a6453c58974a619651c3,oe:team:0dbb780176ecad18f17292d1f5653af,jgl,16.248385858267241,2026,T3_240d,exposed_evaluation_2026,True,2026-02-09 01:41:45+00:00
period:74efed7e4a28a304cc30,2026-04-04 20:17:46+00:00,2026-04-04,oe:player:2cbf592923f34b2e6acc4b747385c8a,oe:team:2e66da41dc460dd378e3bcc57042d31,jgl,13.567823440498682,2026,T3_240d,exposed_evaluation_2026,True,2026-02-22 23:59:59+00:00
period:74efed7e4a28a304cc30,2026-04-04 20:17:46+00:00,2026-04-04,oe:player:52b4f060a577ff87c99118d97fa75f4,oe:team:8eb884e168f28402ce685bedebb5250,jgl,15.818909163176306,2026,T3_240d,exposed_evaluation_2026,True,2026-03-01 23:59:59+00:00
period:74efed7e4a28a304cc30,2026-04-04 20:17:46+00:00,2026-04-04,oe:player:845ea84cec22236278388f19fcd20bf,oe:team:f90422f1cbcb24bc2a855202582ec29,jgl,17.734968378595113,2026,T3_240d,exposed_evaluation_2026,True,2026-03-01 23:59:59+00:00
period:74efed7e4a28a304cc30,2026-04-04 20:17:46+00:00,2026-04-04,oe:player:85ab9a415e1cf1f63000f7f6f1c183a,oe:team:289284911fb6f41c0ccaecc3a0c2891,jgl,13.06337939468875,2026,T3_240d,exposed_evaluation_2026,True,2026-02-22 23:59:59+00:00
period:74efed7e4a28a304cc30,2026-04-04 20:17:46+00:00,2026-04-04,oe:player:8a5dbe19794784cfd0553556844f045,oe:team:b360f1d729b0a8e0f29a5243c4200fa,jgl,14.891700350503035,2026,T3_240d,exposed_evaluation_2026,True,2026-02-08 23:59:59+00:00
period:74efed7e4a28a304cc30,2026-04-04 20:17:46+00:00,2026-04-04,oe:player:a8307167f3a1c933295bb9e3d43700e,oe:team:da1143bf9a245b78a8dc86417de85b3,jgl,15.834674647238973,2026,T3_240d,exposed_evaluation_2026,True,2026-03-02 00:22:41+00:00
period:74efed7e4a28a304cc30,2026-04-04 20:17:46+00:00,2026-04-04,oe:player:ed455f823b6586e9e3621dfb5aeb42e,oe:team:fc8e90107dabb9a35c490b0d86adea0,jgl,17.661762986468698,2026,T3_240d,exposed_evaluation_2026,True,2026-03-02 00:22:41+00:00
period:74efed7e4a28a304cc30,2026-04-04 20:17:46+00:00,2026-04-04,oe:player:05a73863e113f3cb6b472a76da2ea52,oe:team:f90422f1cbcb24bc2a855202582ec29,mid,18.131906655174813,2026,T3_240d,exposed_evaluation_2026,True,2026-03-01 23:59:59+00:00
period:74efed7e4a28a304cc30,2026-04-04 20:17:46+00:00,2026-04-04,oe:player:3648451fd5b8a8ab01e4bedf780c1d6,oe:team:b360f1d729b0a8e0f29a5243c4200fa,mid,11.627694596897026,2026,T3_240d,exposed_evaluation_2026,True,2026-02-08 23:59:59+00:00
period:74efed7e4a28a304cc30,2026-04-04 20:17:46+00:00,2026-04-04,oe:player:87f7503a6cdacffa612aeee7f04cc7c,oe:team:289284911fb6f41c0ccaecc3a0c2891,mid,13.461949847728864,2026,T3_240d,exposed_evaluation_2026,True,2026-02-22 23:59:59+00:00
period:74efed7e4a28a304cc30,2026-04-04 20:17:46+00:00,2026-04-04,oe:player:8f8eaac8e99c203ee76e57c5c81c91f,oe:team:8eb884e168f28402ce685bedebb5250,mid,18.937128532539781,2026,T3_240d,exposed_evaluation_2026,True,2026-03-01 23:59:59+00:00
period:74efed7e4a28a304cc30,2026-04-04 20:17:46+00:00,2026-04-04,oe:player:e9017664588010860a92ceb5f8fcb82,oe:team:2e66da41dc460dd378e3bcc57042d31,mid,17.221517602546179,2026,T3_240d,exposed_evaluation_2026,True,2026-02-22 23:59:59+00:00
period:74efed7e4a28a304cc30,2026-04-04 20:17:46+00:00,2026-04-04,oe:player:ea9ed09584feecae0991089f087d2ce,oe:team:fc8e90107dabb9a35c490b0d86adea0,mid,17.394252523636631,2026,T3_240d,exposed_evaluation_2026,True,2026-03-02 00:22:41+00:00
period:74efed7e4a28a304cc30,2026-04-04 20:17:46+00:00,2026-04-04,oe:player:f45792335d83b10581da2f0cbdd6e8e,oe:team:da1143bf9a245b78a8dc86417de85b3,mid,14.662403350253317,2026,T3_240d,exposed_evaluation_2026,True,2026-03-02 00:22:41+00:00
period:74efed7e4a28a304cc30,2026-04-04 20:17:46+00:00,2026-04-04,oe:player:fddde6d256bee26713f64ad9b2a9394,oe:team:0dbb780176ecad18f17292d1f5653af,mid,18.876885088404244,2026,T3_240d,exposed_evaluation_2026,True,2026-02-09 01:41:45+00:00
period:74efed7e4a28a304cc30,2026-04-04 20:17:46+00:00,2026-04-04,oe:player:05fafeaf23dc3285558a4e968970b9f,oe:team:8eb884e168f28402ce685bedebb5250,sup,18.395136311208653,2026,T3_240d,exposed_evaluation_2026,True,2026-03-01 23:59:59+00:00
period:74efed7e4a28a304cc30,2026-04-04 20:17:46+00:00,2026-04-04,oe:player:40704dfd2d966862568d29770de57bd,oe:team:da1143bf9a245b78a8dc86417de85b3,sup,13.847706077990569,2026,T3_240d,exposed_evaluation_2026,True,2026-03-02 00:22:41+00:00
period:74efed7e4a28a304cc30,2026-04-04 20:17:46+00:00,2026-04-04,oe:player:4f27911a3702f671c3d21286356a6df,oe:team:2e66da41dc460dd378e3bcc57042d31,sup,13.893854190388437,2026,T3_240d,exposed_evaluation_2026,True,2026-02-22 23:59:59+00:00
period:74efed7e4a28a304cc30,2026-04-04 20:17:46+00:00,2026-04-04,oe:player:81acc6bcde5c927c78e0990e9887f84,oe:team:fc8e90107dabb9a35c490b0d86adea0,sup,17.533932589354386,2026,T3_240d,exposed_evaluation_2026,True,2026-03-02 00:22:41+00:00
period:74efed7e4a28a304cc30,2026-04-04 20:17:46+00:00,2026-04-04,oe:player:9191e392e93a6ef011ef76b5b83ee6c,oe:team:f90422f1cbcb24bc2a855202582ec29,sup,17.293324099397832,2026,T3_240d,exposed_evaluation_2026,True,2026-03-01 23:59:59+00:00
period:74efed7e4a28a304cc30,2026-04-04 20:17:46+00:00,2026-04-04,oe:player:a2d7b8856032bf106783621b9afeb41,oe:team:289284911fb6f41c0ccaecc3a0c2891,sup,15.411932428733566,2026,T3_240d,exposed_evaluation_2026,True,2026-02-22 23:59:59+00:00
period:74efed7e4a28a304cc30,2026-04-04 20:17:46+00:00,2026-04-04,oe:player:b6f837c8bd1b510dd3f77ee8c903c30,oe:team:0dbb780176ecad18f17292d1f5653af,sup,18.701969154404143,2026,T3_240d,exposed_evaluation_2026,True,2026-02-09 01:41:45+00:00
period:74efed7e4a28a304cc30,2026-04-04 20:17:46+00:00,2026-04-04,oe:player:c88cada1696defe81464925789aa6d8,oe:team:b360f1d729b0a8e0f29a5243c4200fa,sup,14.086170450730668,2026,T3_240d,exposed_evaluation_2026,True,2026-02-08 23:59:59+00:00
period:74efed7e4a28a304cc30,2026-04-04 20:17:46+00:00,2026-04-04,oe:player:1efc4e5732e91520d03385900b903f9,oe:team:fc8e90107dabb9a35c490b0d86adea0,top,13.744726575861735,2026,T3_240d,exposed_evaluation_2026,True,2026-03-02 00:22:41+00:00
period:74efed7e4a28a304cc30,2026-04-04 20:17:46+00:00,2026-04-04,oe:player:21f59b54f62b5b8b4bc0f63f0f617fc,oe:team:f90422f1cbcb24bc2a855202582ec29,top,14.606452638908502,2026,T3_240d,exposed_evaluation_2026,True,2026-03-01 23:59:59+00:00
period:74efed7e4a28a304cc30,2026-04-04 20:17:46+00:00,2026-04-04,oe:player:5385f74da3e5deb5b66d9a1ee56cf97,oe:team:da1143bf9a245b78a8dc86417de85b3,top,10.295421779946535,2026,T3_240d,exposed_evaluation_2026,True,2026-03-02 00:22:41+00:00
period:74efed7e4a28a304cc30,2026-04-04 20:17:46+00:00,2026-04-04,oe:player:80fea0848c57b8e07a79675d41f582c,oe:team:289284911fb6f41c0ccaecc3a0c2891,top,9.8855423454627669,2026,T3_240d,exposed_evaluation_2026,True,2026-02-22 23:59:59+00:00
period:74efed7e4a28a304cc30,2026-04-04 20:17:46+00:00,2026-04-04,oe:player:d617210b92fa03e78554883250d432c,oe:team:2e66da41dc460dd378e3bcc57042d31,top,11.837165471426591,2026,T3_240d,exposed_evaluation_2026,True,2026-02-22 23:59:59+00:00
period:74efed7e4a28a304cc30,2026-04-04 20:17:46+00:00,2026-04-04,oe:player:f02f1c8275084050765b4b6414bdfda,oe:team:b360f1d729b0a8e0f29a5243c4200fa,top,12.840139721258842,2026,T3_240d,exposed_evaluation_2026,True,2026-02-08 23:59:59+00:00
period:74efed7e4a28a304cc30,2026-04-04 20:17:46+00:00,2026-04-04,oe:player:f73dde2d8c7879ae8d1fcdc03c4ffeb,oe:team:8eb884e168f28402ce685bedebb5250,top,13.235102143848119,2026,T3_240d,exposed_evaluation_2026,True,2026-03-01 23:59:59+00:00
period:74efed7e4a28a304cc30,2026-04-04 20:17:46+00:00,2026-04-04,oe:player:fd22b656b23ca07a276181a4953ba2c,oe:team:0dbb780176ecad18f17292d1f5653af,top,14.264926008919966,2026,T3_240d,exposed_evaluation_2026,True,2026-02-09 01:41:45+00:00
period:fc48b32f725285a09f66,2026-04-11 20:08:26+00:00,2026-04-11,oe:player:10fcffece0ac7be85f09c4b51a75762,oe:team:fc8e90107dabb9a35c490b0d86adea0,bot,19.966216170057887,2026,T3_240d,exposed_evaluation_2026,True,2026-04-05 23:59:59+00:00
period:fc48b32f725285a09f66,2026-04-11 20:08:26+00:00,2026-04-11,oe:player:3b63ea0de80cfb191f952872b392da9,oe:team:289284911fb6f41c0ccaecc3a0c2891,bot,17.280203278903411,2026,T3_240d,exposed_evaluation_2026,True,2026-04-05 23:59:59+00:00
period:fc48b32f725285a09f66,2026-04-11 20:08:26+00:00,2026-04-11,oe:player:460ae5a7af8d68f7831b70307210ab3,oe:team:da1143bf9a245b78a8dc86417de85b3,bot,21.541434281916334,2026,T3_240d,exposed_evaluation_2026,True,2026-04-05 23:59:59+00:00
period:fc48b32f725285a09f66,2026-04-11 20:08:26+00:00,2026-04-11,oe:player:494fc60dffbb5da1caa2226baef0ec7,oe:team:b360f1d729b0a8e0f29a5243c4200fa,bot,14.694670296696927,2026,T3_240d,exposed_evaluation_2026,True,2026-04-05 23:59:59+00:00
period:fc48b32f725285a09f66,2026-04-11 20:08:26+00:00,2026-04-11,oe:player:73d2b65353d7b00e0f198ffdc085edc,oe:team:0dbb780176ecad18f17292d1f5653af,bot,14.842229497784157,2026,T3_240d,exposed_evaluation_2026,True,2026-04-05 23:59:59+00:00
period:fc48b32f725285a09f66,2026-04-11 20:08:26+00:00,2026-04-11,oe:player:c145139d26813639b8fe6f4d0b28228,oe:team:2e66da41dc460dd378e3bcc57042d31,bot,17.91748051796452,2026,T3_240d,exposed_evaluation_2026,True,2026-04-05 23:59:59+00:00
period:fc48b32f725285a09f66,2026-04-11 20:08:26+00:00,2026-04-11,oe:player:e2c655411d8d95ef73d8026704f5e7a,oe:team:f90422f1cbcb24bc2a855202582ec29,bot,13.368317939084864,2026,T3_240d,exposed_evaluation_2026,True,2026-04-05 23:59:59+00:00
period:fc48b32f725285a09f66,2026-04-11 20:08:26+00:00,2026-04-11,oe:player:f6b8af05a5af22004a67a78f3046b92,oe:team:8eb884e168f28402ce685bedebb5250,bot,20.413587218982489,2026,T3_240d,exposed_evaluation_2026,True,2026-04-05 23:59:59+00:00
period:fc48b32f725285a09f66,2026-04-11 20:08:26+00:00,2026-04-11,oe:player:08936c56ab5a6453c58974a619651c3,oe:team:0dbb780176ecad18f17292d1f5653af,jgl,10.581430320919893,2026,T3_240d,exposed_evaluation_2026,True,2026-04-05 23:59:59+00:00
period:fc48b32f725285a09f66,2026-04-11 20:08:26+00:00,2026-04-11,oe:player:2cbf592923f34b2e6acc4b747385c8a,oe:team:2e66da41dc460dd378e3bcc57042d31,jgl,14.683352242205588,2026,T3_240d,exposed_evaluation_2026,True,2026-04-05 23:59:59+00:00
period:fc48b32f725285a09f66,2026-04-11 20:08:26+00:00,2026-04-11,oe:player:52b4f060a577ff87c99118d97fa75f4,oe:team:8eb884e168f28402ce685bedebb5250,jgl,17.639412518543331,2026,T3_240d,exposed_evaluation_2026,True,2026-04-05 23:59:59+00:00
period:fc48b32f725285a09f66,2026-04-11 20:08:26+00:00,2026-04-11,oe:player:845ea84cec22236278388f19fcd20bf,oe:team:f90422f1cbcb24bc2a855202582ec29,jgl,13.69469853471703,2026,T3_240d,exposed_evaluation_2026,True,2026-04-05 23:59:59+00:00
period:fc48b32f725285a09f66,2026-04-11 20:08:26+00:00,2026-04-11,oe:player:85ab9a415e1cf1f63000f7f6f1c183a,oe:team:289284911fb6f41c0ccaecc3a0c2891,jgl,16.619958687623246,2026,T3_240d,exposed_evaluation_2026,True,2026-04-05 23:59:59+00:00
period:fc48b32f725285a09f66,2026-04-11 20:08:26+00:00,2026-04-11,oe:player:8a5dbe19794784cfd0553556844f045,oe:team:b360f1d729b0a8e0f29a5243c4200fa,jgl,14.205466901724131,2026,T3_240d,exposed_evaluation_2026,True,2026-04-05 23:59:59+00:00
period:fc48b32f725285a09f66,2026-04-11 20:08:26+00:00,2026-04-11,oe:player:a8307167f3a1c933295bb9e3d43700e,oe:team:da1143bf9a245b78a8dc86417de85b3,jgl,21.179093757303594,2026,T3_240d,exposed_evaluation_2026,True,2026-04-05 23:59:59+00:00
period:fc48b32f725285a09f66,2026-04-11 20:08:26+00:00,2026-04-11,oe:player:ed455f823b6586e9e3621dfb5aeb42e,oe:team:fc8e90107dabb9a35c490b0d86adea0,jgl,18.87904010896397,2026,T3_240d,exposed_evaluation_2026,True,2026-04-05 23:59:59+00:00
period:fc48b32f725285a09f66,2026-04-11 20:08:26+00:00,2026-04-11,oe:player:05a73863e113f3cb6b472a76da2ea52,oe:team:f90422f1cbcb24bc2a855202582ec29,mid,14.010863996504865,2026,T3_240d,exposed_evaluation_2026,True,2026-04-05 23:59:59+00:00
period:fc48b32f725285a09f66,2026-04-11 20:08:26+00:00,2026-04-11,oe:player:3648451fd5b8a8ab01e4bedf780c1d6,oe:team:b360f1d729b0a8e0f29a5243c4200fa,mid,12.00327659967358,2026,T3_240d,exposed_evaluation_2026,True,2026-04-05 23:59:59+00:00
period:fc48b32f725285a09f66,2026-04-11 20:08:26+00:00,2026-04-11,oe:player:87f7503a6cdacffa612aeee7f04cc7c,oe:team:289284911fb6f41c0ccaecc3a0c2891,mid,16.177133142189213,2026,T3_240d,exposed_evaluation_2026,True,2026-04-05 23:59:59+00:00
period:fc48b32f725285a09f66,2026-04-11 20:08:26+00:00,2026-04-11,oe:player:8f8eaac8e99c203ee76e57c5c81c91f,oe:team:8eb884e168f28402ce685bedebb5250,mid,20.611906908466459,2026,T3_240d,exposed_evaluation_2026,True,2026-04-05 23:59:59+00:00
period:fc48b32f725285a09f66,2026-04-11 20:08:26+00:00,2026-04-11,oe:player:e9017664588010860a92ceb5f8fcb82,oe:team:2e66da41dc460dd378e3bcc57042d31,mid,18.080941421446276,2026,T3_240d,exposed_evaluation_2026,True,2026-04-05 23:59:59+00:00
period:fc48b32f725285a09f66,2026-04-11 20:08:26+00:00,2026-04-11,oe:player:ea9ed09584feecae0991089f087d2ce,oe:team:fc8e90107dabb9a35c490b0d86adea0,mid,18.522544651531327,2026,T3_240d,exposed_evaluation_2026,True,2026-04-05 23:59:59+00:00
period:fc48b32f725285a09f66,2026-04-11 20:08:26+00:00,2026-04-11,oe:player:f45792335d83b10581da2f0cbdd6e8e,oe:team:da1143bf9a245b78a8dc86417de85b3,mid,20.298993613085202,2026,T3_240d,exposed_evaluation_2026,True,2026-04-05 23:59:59+00:00
period:fc48b32f725285a09f66,2026-04-11 20:08:26+00:00,2026-04-11,oe:player:fddde6d256bee26713f64ad9b2a9394,oe:team:0dbb780176ecad18f17292d1f5653af,mid,13.293374865088703,2026,T3_240d,exposed_evaluation_2026,True,2026-04-05 23:59:59+00:00
period:fc48b32f725285a09f66,2026-04-11 20:08:26+00:00,2026-04-11,oe:player:05fafeaf23dc3285558a4e968970b9f,oe:team:8eb884e168f28402ce685bedebb5250,sup,19.885106072369609,2026,T3_240d,exposed_evaluation_2026,True,2026-04-05 23:59:59+00:00
period:fc48b32f725285a09f66,2026-04-11 20:08:26+00:00,2026-04-11,oe:player:40704dfd2d966862568d29770de57bd,oe:team:da1143bf9a245b78a8dc86417de85b3,sup,19.273878053396924,2026,T3_240d,exposed_evaluation_2026,True,2026-04-05 23:59:59+00:00
period:fc48b32f725285a09f66,2026-04-11 20:08:26+00:00,2026-04-11,oe:player:4f27911a3702f671c3d21286356a6df,oe:team:2e66da41dc460dd378e3bcc57042d31,sup,15.044947205890885,2026,T3_240d,exposed_evaluation_2026,True,2026-04-05 23:59:59+00:00
period:fc48b32f725285a09f66,2026-04-11 20:08:26+00:00,2026-04-11,oe:player:81acc6bcde5c927c78e0990e9887f84,oe:team:fc8e90107dabb9a35c490b0d86adea0,sup,18.760654476740665,2026,T3_240d,exposed_evaluation_2026,True,2026-04-05 23:59:59+00:00
period:fc48b32f725285a09f66,2026-04-11 20:08:26+00:00,2026-04-11,oe:player:9191e392e93a6ef011ef76b5b83ee6c,oe:team:f90422f1cbcb24bc2a855202582ec29,sup,13.236119151290918,2026,T3_240d,exposed_evaluation_2026,True,2026-04-05 23:59:59+00:00
period:fc48b32f725285a09f66,2026-04-11 20:08:26+00:00,2026-04-11,oe:player:a2d7b8856032bf106783621b9afeb41,oe:team:289284911fb6f41c0ccaecc3a0c2891,sup,17.863962455190574,2026,T3_240d,exposed_evaluation_2026,True,2026-04-05 23:59:59+00:00
period:fc48b32f725285a09f66,2026-04-11 20:08:26+00:00,2026-04-11,oe:player:b6f837c8bd1b510dd3f77ee8c903c30,oe:team:0dbb780176ecad18f17292d1f5653af,sup,12.980431994894012,2026,T3_240d,exposed_evaluation_2026,True,2026-04-05 23:59:59+00:00
period:fc48b32f725285a09f66,2026-04-11 20:08:26+00:00,2026-04-11,oe:player:c88cada1696defe81464925789aa6d8,oe:team:b360f1d729b0a8e0f29a5243c4200fa,sup,13.652660150372167,2026,T3_240d,exposed_evaluation_2026,True,2026-04-05 23:59:59+00:00
period:fc48b32f725285a09f66,2026-04-11 20:08:26+00:00,2026-04-11,oe:player:1efc4e5732e91520d03385900b903f9,oe:team:fc8e90107dabb9a35c490b0d86adea0,top,14.777307016928756,2026,T3_240d,exposed_evaluation_2026,True,2026-04-05 23:59:59+00:00
period:fc48b32f725285a09f66,2026-04-11 20:08:26+00:00,2026-04-11,oe:player:21f59b54f62b5b8b4bc0f63f0f617fc,oe:team:f90422f1cbcb24bc2a855202582ec29,top,11.290754425976623,2026,T3_240d,exposed_evaluation_2026,True,2026-04-05 23:59:59+00:00
period:fc48b32f725285a09f66,2026-04-11 20:08:26+00:00,2026-04-11,oe:player:5385f74da3e5deb5b66d9a1ee56cf97,oe:team:da1143bf9a245b78a8dc86417de85b3,top,14.660660375741955,2026,T3_240d,exposed_evaluation_2026,True,2026-04-05 23:59:59+00:00
period:fc48b32f725285a09f66,2026-04-11 20:08:26+00:00,2026-04-11,oe:player:80fea0848c57b8e07a79675d41f582c,oe:team:289284911fb6f41c0ccaecc3a0c2891,top,12.0644741270807,2026,T3_240d,exposed_evaluation_2026,True,2026-04-05 23:59:59+00:00
period:fc48b32f725285a09f66,2026-04-11 20:08:26+00:00,2026-04-11,oe:player:d617210b92fa03e78554883250d432c,oe:team:2e66da41dc460dd378e3bcc57042d31,top,12.512434185813857,2026,T3_240d,exposed_evaluation_2026,True,2026-04-05 23:59:59+00:00
period:fc48b32f725285a09f66,2026-04-11 20:08:26+00:00,2026-04-11,oe:player:f02f1c8275084050765b4b6414bdfda,oe:team:b360f1d729b0a8e0f29a5243c4200fa,top,12.310342460030952,2026,T3_240d,exposed_evaluation_2026,True,2026-04-05 23:59:59+00:00
period:fc48b32f725285a09f66,2026-04-11 20:08:26+00:00,2026-04-11,oe:player:f73dde2d8c7879ae8d1fcdc03c4ffeb,oe:team:8eb884e168f28402ce685bedebb5250,top,14.692891216651015,2026,T3_240d,exposed_evaluation_2026,True,2026-04-05 23:59:59+00:00
period:fc48b32f725285a09f66,2026-04-11 20:08:26+00:00,2026-04-11,oe:player:fd22b656b23ca07a276181a4953ba2c,oe:team:0dbb780176ecad18f17292d1f5653af,top,9.6579819338643293,2026,T3_240d,exposed_evaluation_2026,True,2026-04-05 23:59:59+00:00
period:9ad9f360f988761d91c1,2026-04-18 20:07:45+00:00,2026-04-18,oe:player:10fcffece0ac7be85f09c4b51a75762,oe:team:fc8e90107dabb9a35c490b0d86adea0,bot,22.374641394198601,2026,T3_240d,exposed_evaluation_2026,True,2026-04-12 23:59:59+00:00
period:9ad9f360f988761d91c1,2026-04-18 20:07:45+00:00,2026-04-18,oe:player:3b63ea0de80cfb191f952872b392da9,oe:team:289284911fb6f41c0ccaecc3a0c2891,bot,11.472689057244256,2026,T3_240d,exposed_evaluation_2026,True,2026-04-12 23:59:59+00:00
period:9ad9f360f988761d91c1,2026-04-18 20:07:45+00:00,2026-04-18,oe:player:460ae5a7af8d68f7831b70307210ab3,oe:team:da1143bf9a245b78a8dc86417de85b3,bot,21.644804056694497,2026,T3_240d,exposed_evaluation_2026,True,2026-04-12 23:59:59+00:00
period:9ad9f360f988761d91c1,2026-04-18 20:07:45+00:00,2026-04-18,oe:player:494fc60dffbb5da1caa2226baef0ec7,oe:team:b360f1d729b0a8e0f29a5243c4200fa,bot,13.871351849012941,2026,T3_240d,exposed_evaluation_2026,True,2026-04-12 23:59:59+00:00
period:9ad9f360f988761d91c1,2026-04-18 20:07:45+00:00,2026-04-18,oe:player:73d2b65353d7b00e0f198ffdc085edc,oe:team:0dbb780176ecad18f17292d1f5653af,bot,14.690250953373907,2026,T3_240d,exposed_evaluation_2026,True,2026-04-12 23:59:59+00:00
period:9ad9f360f988761d91c1,2026-04-18 20:07:45+00:00,2026-04-18,oe:player:c145139d26813639b8fe6f4d0b28228,oe:team:2e66da41dc460dd378e3bcc57042d31,bot,17.767048566960906,2026,T3_240d,exposed_evaluation_2026,True,2026-04-12 23:59:59+00:00
period:9ad9f360f988761d91c1,2026-04-18 20:07:45+00:00,2026-04-18,oe:player:e2c655411d8d95ef73d8026704f5e7a,oe:team:f90422f1cbcb24bc2a855202582ec29,bot,16.529514655555754,2026,T3_240d,exposed_evaluation_2026,True,2026-04-12 23:59:59+00:00
period:9ad9f360f988761d91c1,2026-04-18 20:07:45+00:00,2026-04-18,oe:player:f6b8af05a5af22004a67a78f3046b92,oe:team:8eb884e168f28402ce685bedebb5250,bot,21.295938016658265,2026,T3_240d,exposed_evaluation_2026,True,2026-04-12 23:59:59+00:00
period:9ad9f360f988761d91c1,2026-04-18 20:07:45+00:00,2026-04-18,oe:player:08936c56ab5a6453c58974a619651c3,oe:team:0dbb780176ecad18f17292d1f5653af,jgl,10.454949504664249,2026,T3_240d,exposed_evaluation_2026,True,2026-04-12 23:59:59+00:00
period:9ad9f360f988761d91c1,2026-04-18 20:07:45+00:00,2026-04-18,oe:player:2cbf592923f34b2e6acc4b747385c8a,oe:team:2e66da41dc460dd378e3bcc57042d31,jgl,15.342708524155531,2026,T3_240d,exposed_evaluation_2026,True,2026-04-12 23:59:59+00:00
period:9ad9f360f988761d91c1,2026-04-18 20:07:45+00:00,2026-04-18,oe:player:52b4f060a577ff87c99118d97fa75f4,oe:team:8eb884e168f28402ce685bedebb5250,jgl,18.578044027788287,2026,T3_240d,exposed_evaluation_2026,True,2026-04-12 23:59:59+00:00
period:9ad9f360f988761d91c1,2026-04-18 20:07:45+00:00,2026-04-18,oe:player:845ea84cec22236278388f19fcd20bf,oe:team:f90422f1cbcb24bc2a855202582ec29,jgl,16.164848541354583,2026,T3_240d,exposed_evaluation_2026,True,2026-04-12 23:59:59+00:00
period:9ad9f360f988761d91c1,2026-04-18 20:07:45+00:00,2026-04-18,oe:player:85ab9a415e1cf1f63000f7f6f1c183a,oe:team:289284911fb6f41c0ccaecc3a0c2891,jgl,10.815416015508214,2026,T3_240d,exposed_evaluation_2026,True,2026-04-12 23:59:59+00:00
period:9ad9f360f988761d91c1,2026-04-18 20:07:45+00:00,2026-04-18,oe:player:8a5dbe19794784cfd0553556844f045,oe:team:b360f1d729b0a8e0f29a5243c4200fa,jgl,12.976776329987254,2026,T3_240d,exposed_evaluation_2026,True,2026-04-12 23:59:59+00:00
period:9ad9f360f988761d91c1,2026-04-18 20:07:45+00:00,2026-04-18,oe:player:a8307167f3a1c933295bb9e3d43700e,oe:team:da1143bf9a245b78a8dc86417de85b3,jgl,21.370083013678219,2026,T3_240d,exposed_evaluation_2026,True,2026-04-12 23:59:59+00:00
period:9ad9f360f988761d91c1,2026-04-18 20:07:45+00:00,2026-04-18,oe:player:ed455f823b6586e9e3621dfb5aeb42e,oe:team:fc8e90107dabb9a35c490b0d86adea0,jgl,21.238546204587308,2026,T3_240d,exposed_evaluation_2026,True,2026-04-12 23:59:59+00:00
period:9ad9f360f988761d91c1,2026-04-18 20:07:45+00:00,2026-04-18,oe:player:05a73863e113f3cb6b472a76da2ea52,oe:team:f90422f1cbcb24bc2a855202582ec29,mid,17.052104879243419,2026,T3_240d,exposed_evaluation_2026,True,2026-04-12 23:59:59+00:00
period:9ad9f360f988761d91c1,2026-04-18 20:07:45+00:00,2026-04-18,oe:player:3648451fd5b8a8ab01e4bedf780c1d6,oe:team:b360f1d729b0a8e0f29a5243c4200fa,mid,11.165388061634605,2026,T3_240d,exposed_evaluation_2026,True,2026-04-12 23:59:59+00:00
period:9ad9f360f988761d91c1,2026-04-18 20:07:45+00:00,2026-04-18,oe:player:87f7503a6cdacffa612aeee7f04cc7c,oe:team:289284911fb6f41c0ccaecc3a0c2891,mid,10.818386919105205,2026,T3_240d,exposed_evaluation_2026,True,2026-04-12 23:59:59+00:00
period:9ad9f360f988761d91c1,2026-04-18 20:07:45+00:00,2026-04-18,oe:player:8f8eaac8e99c203ee76e57c5c81c91f,oe:team:8eb884e168f28402ce685bedebb5250,mid,21.750357961140001,2026,T3_240d,exposed_evaluation_2026,True,2026-04-12 23:59:59+00:00
period:9ad9f360f988761d91c1,2026-04-18 20:07:45+00:00,2026-04-18,oe:player:e9017664588010860a92ceb5f8fcb82,oe:team:2e66da41dc460dd378e3bcc57042d31,mid,17.820846858571024,2026,T3_240d,exposed_evaluation_2026,True,2026-04-12 23:59:59+00:00
period:9ad9f360f988761d91c1,2026-04-18 20:07:45+00:00,2026-04-18,oe:player:ea9ed09584feecae0991089f087d2ce,oe:team:fc8e90107dabb9a35c490b0d86adea0,mid,21.018545638547749,2026,T3_240d,exposed_evaluation_2026,True,2026-04-12 23:59:59+00:00
period:9ad9f360f988761d91c1,2026-04-18 20:07:45+00:00,2026-04-18,oe:player:f45792335d83b10581da2f0cbdd6e8e,oe:team:da1143bf9a245b78a8dc86417de85b3,mid,20.394396294865285,2026,T3_240d,exposed_evaluation_2026,True,2026-04-12 23:59:59+00:00
period:9ad9f360f988761d91c1,2026-04-18 20:07:45+00:00,2026-04-18,oe:player:fddde6d256bee26713f64ad9b2a9394,oe:team:0dbb780176ecad18f17292d1f5653af,mid,12.976688963473675,2026,T3_240d,exposed_evaluation_2026,True,2026-04-12 23:59:59+00:00
period:9ad9f360f988761d91c1,2026-04-18 20:07:45+00:00,2026-04-18,oe:player:05fafeaf23dc3285558a4e968970b9f,oe:team:8eb884e168f28402ce685bedebb5250,sup,20.758626362763245,2026,T3_240d,exposed_evaluation_2026,True,2026-04-12 23:59:59+00:00
period:9ad9f360f988761d91c1,2026-04-18 20:07:45+00:00,2026-04-18,oe:player:40704dfd2d966862568d29770de57bd,oe:team:da1143bf9a245b78a8dc86417de85b3,sup,19.616321619894251,2026,T3_240d,exposed_evaluation_2026,True,2026-04-12 23:59:59+00:00
period:9ad9f360f988761d91c1,2026-04-18 20:07:45+00:00,2026-04-18,oe:player:4f27911a3702f671c3d21286356a6df,oe:team:2e66da41dc460dd378e3bcc57042d31,sup,15.559180319603062,2026,T3_240d,exposed_evaluation_2026,True,2026-04-12 23:59:59+00:00
period:9ad9f360f988761d91c1,2026-04-18 20:07:45+00:00,2026-04-18,oe:player:81acc6bcde5c927c78e0990e9887f84,oe:team:fc8e90107dabb9a35c490b0d86adea0,sup,21.060321845967334,2026,T3_240d,exposed_evaluation_2026,True,2026-04-12 23:59:59+00:00
period:9ad9f360f988761d91c1,2026-04-18 20:07:45+00:00,2026-04-18,oe:player:9191e392e93a6ef011ef76b5b83ee6c,oe:team:f90422f1cbcb24bc2a855202582ec29,sup,16.426933469035419,2026,T3_240d,exposed_evaluation_2026,True,2026-04-12 23:59:59+00:00
period:9ad9f360f988761d91c1,2026-04-18 20:07:45+00:00,2026-04-18,oe:player:a2d7b8856032bf106783621b9afeb41,oe:team:289284911fb6f41c0ccaecc3a0c2891,sup,12.837470874101687,2026,T3_240d,exposed_evaluation_2026,True,2026-04-12 23:59:59+00:00
period:9ad9f360f988761d91c1,2026-04-18 20:07:45+00:00,2026-04-18,oe:player:b6f837c8bd1b510dd3f77ee8c903c30,oe:team:0dbb780176ecad18f17292d1f5653af,sup,12.854026907594477,2026,T3_240d,exposed_evaluation_2026,True,2026-04-12 23:59:59+00:00
period:9ad9f360f988761d91c1,2026-04-18 20:07:45+00:00,2026-04-18,oe:player:c88cada1696defe81464925789aa6d8,oe:team:b360f1d729b0a8e0f29a5243c4200fa,sup,12.742370151585243,2026,T3_240d,exposed_evaluation_2026,True,2026-04-12 23:59:59+00:00
period:9ad9f360f988761d91c1,2026-04-18 20:07:45+00:00,2026-04-18,oe:player:1efc4e5732e91520d03385900b903f9,oe:team:fc8e90107dabb9a35c490b0d86adea0,top,16.862502899611375,2026,T3_240d,exposed_evaluation_2026,True,2026-04-12 23:59:59+00:00
period:9ad9f360f988761d91c1,2026-04-18 20:07:45+00:00,2026-04-18,oe:player:21f59b54f62b5b8b4bc0f63f0f617fc,oe:team:f90422f1cbcb24bc2a855202582ec29,top,13.958546076877452,2026,T3_240d,exposed_evaluation_2026,True,2026-04-12 23:59:59+00:00
period:9ad9f360f988761d91c1,2026-04-18 20:07:45+00:00,2026-04-18,oe:player:5385f74da3e5deb5b66d9a1ee56cf97,oe:team:da1143bf9a245b78a8dc86417de85b3,top,14.867827835618904,2026,T3_240d,exposed_evaluation_2026,True,2026-04-12 23:59:59+00:00
period:9ad9f360f988761d91c1,2026-04-18 20:07:45+00:00,2026-04-18,oe:player:80fea0848c57b8e07a79675d41f582c,oe:team:289284911fb6f41c0ccaecc3a0c2891,top,8.0903277640070606,2026,T3_240d,exposed_evaluation_2026,True,2026-04-12 23:59:59+00:00
period:9ad9f360f988761d91c1,2026-04-18 20:07:45+00:00,2026-04-18,oe:player:d617210b92fa03e78554883250d432c,oe:team:2e66da41dc460dd378e3bcc57042d31,top,12.520177519550369,2026,T3_240d,exposed_evaluation_2026,True,2026-04-12 23:59:59+00:00
period:9ad9f360f988761d91c1,2026-04-18 20:07:45+00:00,2026-04-18,oe:player:f02f1c8275084050765b4b6414bdfda,oe:team:b360f1d729b0a8e0f29a5243c4200fa,top,11.690650416020114,2026,T3_240d,exposed_evaluation_2026,True,2026-04-12 23:59:59+00:00
period:9ad9f360f988761d91c1,2026-04-18 20:07:45+00:00,2026-04-18,oe:player:f73dde2d8c7879ae8d1fcdc03c4ffeb,oe:team:8eb884e168f28402ce685bedebb5250,top,16.164799401309729,2026,T3_240d,exposed_evaluation_2026,True,2026-04-12 23:59:59+00:00
period:9ad9f360f988761d91c1,2026-04-18 20:07:45+00:00,2026-04-18,oe:player:fd22b656b23ca07a276181a4953ba2c,oe:team:0dbb780176ecad18f17292d1f5653af,top,9.509966611628748,2026,T3_240d,exposed_evaluation_2026,True,2026-04-12 23:59:59+00:00
period:b0a60cf2f3d3558f5e56,2026-04-25 20:09:02+00:00,2026-04-25,oe:player:10fcffece0ac7be85f09c4b51a75762,oe:team:fc8e90107dabb9a35c490b0d86adea0,bot,22.780208405052985,2026,T3_240d,exposed_evaluation_2026,True,2026-04-19 23:59:59+00:00
period:b0a60cf2f3d3558f5e56,2026-04-25 20:09:02+00:00,2026-04-25,oe:player:3b63ea0de80cfb191f952872b392da9,oe:team:289284911fb6f41c0ccaecc3a0c2891,bot,12.040233337608671,2026,T3_240d,exposed_evaluation_2026,True,2026-04-19 23:59:59+00:00
period:b0a60cf2f3d3558f5e56,2026-04-25 20:09:02+00:00,2026-04-25,oe:player:460ae5a7af8d68f7831b70307210ab3,oe:team:da1143bf9a245b78a8dc86417de85b3,bot,22.098211471770426,2026,T3_240d,exposed_evaluation_2026,True,2026-04-19 23:59:59+00:00
period:b0a60cf2f3d3558f5e56,2026-04-25 20:09:02+00:00,2026-04-25,oe:player:494fc60dffbb5da1caa2226baef0ec7,oe:team:b360f1d729b0a8e0f29a5243c4200fa,bot,12.062803863595095,2026,T3_240d,exposed_evaluation_2026,True,2026-04-19 23:59:59+00:00
period:b0a60cf2f3d3558f5e56,2026-04-25 20:09:02+00:00,2026-04-25,oe:player:73d2b65353d7b00e0f198ffdc085edc,oe:team:0dbb780176ecad18f17292d1f5653af,bot,16.718516472624724,2026,T3_240d,exposed_evaluation_2026,True,2026-04-19 23:59:59+00:00
period:b0a60cf2f3d3558f5e56,2026-04-25 20:09:02+00:00,2026-04-25,oe:player:c145139d26813639b8fe6f4d0b28228,oe:team:2e66da41dc460dd378e3bcc57042d31,bot,20.315456811609632,2026,T3_240d,exposed_evaluation_2026,True,2026-04-19 23:59:59+00:00
period:b0a60cf2f3d3558f5e56,2026-04-25 20:09:02+00:00,2026-04-25,oe:player:e2c655411d8d95ef73d8026704f5e7a,oe:team:f90422f1cbcb24bc2a855202582ec29,bot,15.608973970222655,2026,T3_240d,exposed_evaluation_2026,True,2026-04-19 23:59:59+00:00
period:b0a60cf2f3d3558f5e56,2026-04-25 20:09:02+00:00,2026-04-25,oe:player:f6b8af05a5af22004a67a78f3046b92,oe:team:8eb884e168f28402ce685bedebb5250,bot,17.585176454193519,2026,T3_240d,exposed_evaluation_2026,True,2026-04-19 23:59:59+00:00
period:b0a60cf2f3d3558f5e56,2026-04-25 20:09:02+00:00,2026-04-25,oe:player:08936c56ab5a6453c58974a619651c3,oe:team:0dbb780176ecad18f17292d1f5653af,jgl,12.274189873552126,2026,T3_240d,exposed_evaluation_2026,True,2026-04-19 23:59:59+00:00
period:b0a60cf2f3d3558f5e56,2026-04-25 20:09:02+00:00,2026-04-25,oe:player:2cbf592923f34b2e6acc4b747385c8a,oe:team:2e66da41dc460dd378e3bcc57042d31,jgl,17.364383813404896,2026,T3_240d,exposed_evaluation_2026,True,2026-04-19 23:59:59+00:00
period:b0a60cf2f3d3558f5e56,2026-04-25 20:09:02+00:00,2026-04-25,oe:player:52b4f060a577ff87c99118d97fa75f4,oe:team:8eb884e168f28402ce685bedebb5250,jgl,15.234177597439409,2026,T3_240d,exposed_evaluation_2026,True,2026-04-19 23:59:59+00:00
period:b0a60cf2f3d3558f5e56,2026-04-25 20:09:02+00:00,2026-04-25,oe:player:845ea84cec22236278388f19fcd20bf,oe:team:f90422f1cbcb24bc2a855202582ec29,jgl,15.506873921730858,2026,T3_240d,exposed_evaluation_2026,True,2026-04-19 23:59:59+00:00
period:b0a60cf2f3d3558f5e56,2026-04-25 20:09:02+00:00,2026-04-25,oe:player:85ab9a415e1cf1f63000f7f6f1c183a,oe:team:289284911fb6f41c0ccaecc3a0c2891,jgl,11.020135727246572,2026,T3_240d,exposed_evaluation_2026,True,2026-04-19 23:59:59+00:00
period:b0a60cf2f3d3558f5e56,2026-04-25 20:09:02+00:00,2026-04-25,oe:player:8a5dbe19794784cfd0553556844f045,oe:team:b360f1d729b0a8e0f29a5243c4200fa,jgl,11.272346640375542,2026,T3_240d,exposed_evaluation_2026,True,2026-04-19 23:59:59+00:00
period:b0a60cf2f3d3558f5e56,2026-04-25 20:09:02+00:00,2026-04-25,oe:player:a8307167f3a1c933295bb9e3d43700e,oe:team:da1143bf9a245b78a8dc86417de85b3,jgl,21.626430697716184,2026,T3_240d,exposed_evaluation_2026,True,2026-04-19 23:59:59+00:00
period:b0a60cf2f3d3558f5e56,2026-04-25 20:09:02+00:00,2026-04-25,oe:player:ed455f823b6586e9e3621dfb5aeb42e,oe:team:fc8e90107dabb9a35c490b0d86adea0,jgl,21.616636055814674,2026,T3_240d,exposed_evaluation_2026,True,2026-04-19 23:59:59+00:00
period:b0a60cf2f3d3558f5e56,2026-04-25 20:09:02+00:00,2026-04-25,oe:player:05a73863e113f3cb6b472a76da2ea52,oe:team:f90422f1cbcb24bc2a855202582ec29,mid,16.02185484840258,2026,T3_240d,exposed_evaluation_2026,True,2026-04-19 23:59:59+00:00
period:b0a60cf2f3d3558f5e56,2026-04-25 20:09:02+00:00,2026-04-25,oe:player:3648451fd5b8a8ab01e4bedf780c1d6,oe:team:b360f1d729b0a8e0f29a5243c4200fa,mid,9.7127701710795584,2026,T3_240d,exposed_evaluation_2026,True,2026-04-19 23:59:59+00:00
period:b0a60cf2f3d3558f5e56,2026-04-25 20:09:02+00:00,2026-04-25,oe:player:87f7503a6cdacffa612aeee7f04cc7c,oe:team:289284911fb6f41c0ccaecc3a0c2891,mid,11.18679151605639,2026,T3_240d,exposed_evaluation_2026,True,2026-04-19 23:59:59+00:00
period:b0a60cf2f3d3558f5e56,2026-04-25 20:09:02+00:00,2026-04-25,oe:player:8f8eaac8e99c203ee76e57c5c81c91f,oe:team:8eb884e168f28402ce685bedebb5250,mid,17.712186116942021,2026,T3_240d,exposed_evaluation_2026,True,2026-04-19 23:59:59+00:00
period:b0a60cf2f3d3558f5e56,2026-04-25 20:09:02+00:00,2026-04-25,oe:player:e9017664588010860a92ceb5f8fcb82,oe:team:2e66da41dc460dd378e3bcc57042d31,mid,20.216084996121285,2026,T3_240d,exposed_evaluation_2026,True,2026-04-19 23:59:59+00:00
period:b0a60cf2f3d3558f5e56,2026-04-25 20:09:02+00:00,2026-04-25,oe:player:ea9ed09584feecae0991089f087d2ce,oe:team:fc8e90107dabb9a35c490b0d86adea0,mid,21.396586808869756,2026,T3_240d,exposed_evaluation_2026,True,2026-04-19 23:59:59+00:00
period:b0a60cf2f3d3558f5e56,2026-04-25 20:09:02+00:00,2026-04-25,oe:player:f45792335d83b10581da2f0cbdd6e8e,oe:team:da1143bf9a245b78a8dc86417de85b3,mid,20.888504305479447,2026,T3_240d,exposed_evaluation_2026,True,2026-04-19 23:59:59+00:00
period:b0a60cf2f3d3558f5e56,2026-04-25 20:09:02+00:00,2026-04-25,oe:player:fddde6d256bee26713f64ad9b2a9394,oe:team:0dbb780176ecad18f17292d1f5653af,mid,14.741658868090537,2026,T3_240d,exposed_evaluation_2026,True,2026-04-19 23:59:59+00:00
period:b0a60cf2f3d3558f5e56,2026-04-25 20:09:02+00:00,2026-04-25,oe:player:05fafeaf23dc3285558a4e968970b9f,oe:team:8eb884e168f28402ce685bedebb5250,sup,17.034400644966272,2026,T3_240d,exposed_evaluation_2026,True,2026-04-19 23:59:59+00:00
period:b0a60cf2f3d3558f5e56,2026-04-25 20:09:02+00:00,2026-04-25,oe:player:40704dfd2d966862568d29770de57bd,oe:team:da1143bf9a245b78a8dc86417de85b3,sup,19.997167619653645,2026,T3_240d,exposed_evaluation_2026,True,2026-04-19 23:59:59+00:00
period:b0a60cf2f3d3558f5e56,2026-04-25 20:09:02+00:00,2026-04-25,oe:player:4f27911a3702f671c3d21286356a6df,oe:team:2e66da41dc460dd378e3bcc57042d31,sup,17.809873521802682,2026,T3_240d,exposed_evaluation_2026,True,2026-04-19 23:59:59+00:00
period:b0a60cf2f3d3558f5e56,2026-04-25 20:09:02+00:00,2026-04-25,oe:player:81acc6bcde5c927c78e0990e9887f84,oe:team:fc8e90107dabb9a35c490b0d86adea0,sup,21.430589168579562,2026,T3_240d,exposed_evaluation_2026,True,2026-04-19 23:59:59+00:00
period:b0a60cf2f3d3558f5e56,2026-04-25 20:09:02+00:00,2026-04-25,oe:player:9191e392e93a6ef011ef76b5b83ee6c,oe:team:f90422f1cbcb24bc2a855202582ec29,sup,15.424104271666502,2026,T3_240d,exposed_evaluation_2026,True,2026-04-19 23:59:59+00:00
period:b0a60cf2f3d3558f5e56,2026-04-25 20:09:02+00:00,2026-04-25,oe:player:a2d7b8856032bf106783621b9afeb41,oe:team:289284911fb6f41c0ccaecc3a0c2891,sup,13.687906698656864,2026,T3_240d,exposed_evaluation_2026,True,2026-04-19 23:59:59+00:00
period:b0a60cf2f3d3558f5e56,2026-04-25 20:09:02+00:00,2026-04-25,oe:player:b6f837c8bd1b510dd3f77ee8c903c30,oe:team:0dbb780176ecad18f17292d1f5653af,sup,14.726089674075192,2026,T3_240d,exposed_evaluation_2026,True,2026-04-19 23:59:59+00:00
period:b0a60cf2f3d3558f5e56,2026-04-25 20:09:02+00:00,2026-04-25,oe:player:c88cada1696defe81464925789aa6d8,oe:team:b360f1d729b0a8e0f29a5243c4200fa,sup,11.080942825503652,2026,T3_240d,exposed_evaluation_2026,True,2026-04-19 23:59:59+00:00
period:b0a60cf2f3d3558f5e56,2026-04-25 20:09:02+00:00,2026-04-25,oe:player:1efc4e5732e91520d03385900b903f9,oe:team:fc8e90107dabb9a35c490b0d86adea0,top,17.190806946722837,2026,T3_240d,exposed_evaluation_2026,True,2026-04-19 23:59:59+00:00
period:b0a60cf2f3d3558f5e56,2026-04-25 20:09:02+00:00,2026-04-25,oe:player:21f59b54f62b5b8b4bc0f63f0f617fc,oe:team:f90422f1cbcb24bc2a855202582ec29,top,12.863936249439558,2026,T3_240d,exposed_evaluation_2026,True,2026-04-19 23:59:59+00:00
period:b0a60cf2f3d3558f5e56,2026-04-25 20:09:02+00:00,2026-04-25,oe:player:5385f74da3e5deb5b66d9a1ee56cf97,oe:team:da1143bf9a245b78a8dc86417de85b3,top,15.11146956007104,2026,T3_240d,exposed_evaluation_2026,True,2026-04-19 23:59:59+00:00
period:b0a60cf2f3d3558f5e56,2026-04-25 20:09:02+00:00,2026-04-25,oe:player:80fea0848c57b8e07a79675d41f582c,oe:team:289284911fb6f41c0ccaecc3a0c2891,top,8.8817349460471391,2026,T3_240d,exposed_evaluation_2026,True,2026-04-19 23:59:59+00:00
period:b0a60cf2f3d3558f5e56,2026-04-25 20:09:02+00:00,2026-04-25,oe:player:d617210b92fa03e78554883250d432c,oe:team:2e66da41dc460dd378e3bcc57042d31,top,14.145038621422044,2026,T3_240d,exposed_evaluation_2026,True,2026-04-19 23:59:59+00:00
period:b0a60cf2f3d3558f5e56,2026-04-25 20:09:02+00:00,2026-04-25,oe:player:f02f1c8275084050765b4b6414bdfda,oe:team:b360f1d729b0a8e0f29a5243c4200fa,top,10.343049377398771,2026,T3_240d,exposed_evaluation_2026,True,2026-04-19 23:59:59+00:00
period:b0a60cf2f3d3558f5e56,2026-04-25 20:09:02+00:00,2026-04-25,oe:player:f73dde2d8c7879ae8d1fcdc03c4ffeb,oe:team:8eb884e168f28402ce685bedebb5250,top,13.006991256219987,2026,T3_240d,exposed_evaluation_2026,True,2026-04-19 23:59:59+00:00
period:b0a60cf2f3d3558f5e56,2026-04-25 20:09:02+00:00,2026-04-25,oe:player:fd22b656b23ca07a276181a4953ba2c,oe:team:0dbb780176ecad18f17292d1f5653af,top,11.309516826449144,2026,T3_240d,exposed_evaluation_2026,True,2026-04-19 23:59:59+00:00
period:0a890f671f8ce6bbde59,2026-05-02 20:10:20+00:00,2026-05-02,oe:player:10fcffece0ac7be85f09c4b51a75762,oe:team:fc8e90107dabb9a35c490b0d86adea0,bot,22.975894461257017,2026,T3_240d,exposed_evaluation_2026,True,2026-04-26 23:59:59+00:00
period:0a890f671f8ce6bbde59,2026-05-02 20:10:20+00:00,2026-05-02,oe:player:3b63ea0de80cfb191f952872b392da9,oe:team:289284911fb6f41c0ccaecc3a0c2891,bot,11.563567018204731,2026,T3_240d,exposed_evaluation_2026,True,2026-04-26 23:59:59+00:00
period:0a890f671f8ce6bbde59,2026-05-02 20:10:20+00:00,2026-05-02,oe:player:460ae5a7af8d68f7831b70307210ab3,oe:team:da1143bf9a245b78a8dc86417de85b3,bot,19.187634493116658,2026,T3_240d,exposed_evaluation_2026,True,2026-04-26 23:59:59+00:00
period:0a890f671f8ce6bbde59,2026-05-02 20:10:20+00:00,2026-05-02,oe:player:494fc60dffbb5da1caa2226baef0ec7,oe:team:b360f1d729b0a8e0f29a5243c4200fa,bot,14.552940177542261,2026,T3_240d,exposed_evaluation_2026,True,2026-04-26 23:59:59+00:00
period:0a890f671f8ce6bbde59,2026-05-02 20:10:20+00:00,2026-05-02,oe:player:73d2b65353d7b00e0f198ffdc085edc,oe:team:0dbb780176ecad18f17292d1f5653af,bot,12.808875876543835,2026,T3_240d,exposed_evaluation_2026,True,2026-04-26 23:59:59+00:00
period:0a890f671f8ce6bbde59,2026-05-02 20:10:20+00:00,2026-05-02,oe:player:c145139d26813639b8fe6f4d0b28228,oe:team:2e66da41dc460dd378e3bcc57042d31,bot,20.879721901192248,2026,T3_240d,exposed_evaluation_2026,True,2026-04-26 23:59:59+00:00
period:0a890f671f8ce6bbde59,2026-05-02 20:10:20+00:00,2026-05-02,oe:player:e2c655411d8d95ef73d8026704f5e7a,oe:team:f90422f1cbcb24bc2a855202582ec29,bot,14.352039257750224,2026,T3_240d,exposed_evaluation_2026,True,2026-04-26 23:59:59+00:00
period:0a890f671f8ce6bbde59,2026-05-02 20:10:20+00:00,2026-05-02,oe:player:f6b8af05a5af22004a67a78f3046b92,oe:team:8eb884e168f28402ce685bedebb5250,bot,21.901520260457115,2026,T3_240d,exposed_evaluation_2026,True,2026-04-26 23:59:59+00:00
period:0a890f671f8ce6bbde59,2026-05-02 20:10:20+00:00,2026-05-02,oe:player:08936c56ab5a6453c58974a619651c3,oe:team:0dbb780176ecad18f17292d1f5653af,jgl,8.66310918443925,2026,T3_240d,exposed_evaluation_2026,True,2026-04-26 23:59:59+00:00
period:0a890f671f8ce6bbde59,2026-05-02 20:10:20+00:00,2026-05-02,oe:player:2cbf592923f34b2e6acc4b747385c8a,oe:team:2e66da41dc460dd378e3bcc57042d31,jgl,18.387828318632227,2026,T3_240d,exposed_evaluation_2026,True,2026-04-26 23:59:59+00:00
period:0a890f671f8ce6bbde59,2026-05-02 20:10:20+00:00,2026-05-02,oe:player:52b4f060a577ff87c99118d97fa75f4,oe:team:8eb884e168f28402ce685bedebb5250,jgl,19.43113634931478,2026,T3_240d,exposed_evaluation_2026,True,2026-04-26 23:59:59+00:00
period:0a890f671f8ce6bbde59,2026-05-02 20:10:20+00:00,2026-05-02,oe:player:845ea84cec22236278388f19fcd20bf,oe:team:f90422f1cbcb24bc2a855202582ec29,jgl,14.348382305365634,2026,T3_240d,exposed_evaluation_2026,True,2026-04-26 23:59:59+00:00
period:0a890f671f8ce6bbde59,2026-05-02 20:10:20+00:00,2026-05-02,oe:player:85ab9a415e1cf1f63000f7f6f1c183a,oe:team:289284911fb6f41c0ccaecc3a0c2891,jgl,10.390407421462141,2026,T3_240d,exposed_evaluation_2026,True,2026-04-26 23:59:59+00:00
period:0a890f671f8ce6bbde59,2026-05-02 20:10:20+00:00,2026-05-02,oe:player:8a5dbe19794784cfd0553556844f045,oe:team:b360f1d729b0a8e0f29a5243c4200fa,jgl,13.74144545401704,2026,T3_240d,exposed_evaluation_2026,True,2026-04-26 23:59:59+00:00
period:0a890f671f8ce6bbde59,2026-05-02 20:10:20+00:00,2026-05-02,oe:player:a8307167f3a1c933295bb9e3d43700e,oe:team:da1143bf9a245b78a8dc86417de85b3,jgl,18.996441072555047,2026,T3_240d,exposed_evaluation_2026,True,2026-04-26 23:59:59+00:00
period:0a890f671f8ce6bbde59,2026-05-02 20:10:20+00:00,2026-05-02,oe:player:ed455f823b6586e9e3621dfb5aeb42e,oe:team:fc8e90107dabb9a35c490b0d86adea0,jgl,21.874531016274776,2026,T3_240d,exposed_evaluation_2026,True,2026-04-26 23:59:59+00:00
period:0a890f671f8ce6bbde59,2026-05-02 20:10:20+00:00,2026-05-02,oe:player:05a73863e113f3cb6b472a76da2ea52,oe:team:f90422f1cbcb24bc2a855202582ec29,mid,14.78003391489402,2026,T3_240d,exposed_evaluation_2026,True,2026-04-26 23:59:59+00:00
period:0a890f671f8ce6bbde59,2026-05-02 20:10:20+00:00,2026-05-02,oe:player:3648451fd5b8a8ab01e4bedf780c1d6,oe:team:b360f1d729b0a8e0f29a5243c4200fa,mid,12.061954043863789,2026,T3_240d,exposed_evaluation_2026,True,2026-04-26 23:59:59+00:00
period:0a890f671f8ce6bbde59,2026-05-02 20:10:20+00:00,2026-05-02,oe:player:87f7503a6cdacffa612aeee7f04cc7c,oe:team:289284911fb6f41c0ccaecc3a0c2891,mid,10.983174470476236,2026,T3_240d,exposed_evaluation_2026,True,2026-04-26 23:59:59+00:00
period:0a890f671f8ce6bbde59,2026-05-02 20:10:20+00:00,2026-05-02,oe:player:8f8eaac8e99c203ee76e57c5c81c91f,oe:team:8eb884e168f28402ce685bedebb5250,mid,22.040728408204441,2026,T3_240d,exposed_evaluation_2026,True,2026-04-26 23:59:59+00:00
period:0a890f671f8ce6bbde59,2026-05-02 20:10:20+00:00,2026-05-02,oe:player:e9017664588010860a92ceb5f8fcb82,oe:team:2e66da41dc460dd378e3bcc57042d31,mid,20.933332300498595,2026,T3_240d,exposed_evaluation_2026,True,2026-04-26 23:59:59+00:00
period:0a890f671f8ce6bbde59,2026-05-02 20:10:20+00:00,2026-05-02,oe:player:ea9ed09584feecae0991089f087d2ce,oe:team:fc8e90107dabb9a35c490b0d86adea0,mid,21.693593611621271,2026,T3_240d,exposed_evaluation_2026,True,2026-04-26 23:59:59+00:00
period:0a890f671f8ce6bbde59,2026-05-02 20:10:20+00:00,2026-05-02,oe:player:f45792335d83b10581da2f0cbdd6e8e,oe:team:da1143bf9a245b78a8dc86417de85b3,mid,18.228137449695648,2026,T3_240d,exposed_evaluation_2026,True,2026-04-26 23:59:59+00:00
period:0a890f671f8ce6bbde59,2026-05-02 20:10:20+00:00,2026-05-02,oe:player:fddde6d256bee26713f64ad9b2a9394,oe:team:0dbb780176ecad18f17292d1f5653af,mid,10.929482639165968,2026,T3_240d,exposed_evaluation_2026,True,2026-04-26 23:59:59+00:00
period:0a890f671f8ce6bbde59,2026-05-02 20:10:20+00:00,2026-05-02,oe:player:05fafeaf23dc3285558a4e968970b9f,oe:team:8eb884e168f28402ce685bedebb5250,sup,21.204221934368064,2026,T3_240d,exposed_evaluation_2026,True,2026-04-26 23:59:59+00:00
period:0a890f671f8ce6bbde59,2026-05-02 20:10:20+00:00,2026-05-02,oe:player:40704dfd2d966862568d29770de57bd,oe:team:da1143bf9a245b78a8dc86417de85b3,sup,17.325421934358797,2026,T3_240d,exposed_evaluation_2026,True,2026-04-26 23:59:59+00:00
period:0a890f671f8ce6bbde59,2026-05-02 20:10:20+00:00,2026-05-02,oe:player:4f27911a3702f671c3d21286356a6df,oe:team:2e66da41dc460dd378e3bcc57042d31,sup,18.803170690161156,2026,T3_240d,exposed_evaluation_2026,True,2026-04-26 23:59:59+00:00
period:0a890f671f8ce6bbde59,2026-05-02 20:10:20+00:00,2026-05-02,oe:player:81acc6bcde5c927c78e0990e9887f84,oe:team:fc8e90107dabb9a35c490b0d86adea0,sup,21.771716605665901,2026,T3_240d,exposed_evaluation_2026,True,2026-04-26 23:59:59+00:00
period:0a890f671f8ce6bbde59,2026-05-02 20:10:20+00:00,2026-05-02,oe:player:9191e392e93a6ef011ef76b5b83ee6c,oe:team:f90422f1cbcb24bc2a855202582ec29,sup,14.278109967024125,2026,T3_240d,exposed_evaluation_2026,True,2026-04-26 23:59:59+00:00
period:0a890f671f8ce6bbde59,2026-05-02 20:10:20+00:00,2026-05-02,oe:player:a2d7b8856032bf106783621b9afeb41,oe:team:289284911fb6f41c0ccaecc3a0c2891,sup,13.420587452204806,2026,T3_240d,exposed_evaluation_2026,True,2026-04-26 23:59:59+00:00
period:0a890f671f8ce6bbde59,2026-05-02 20:10:20+00:00,2026-05-02,oe:player:b6f837c8bd1b510dd3f77ee8c903c30,oe:team:0dbb780176ecad18f17292d1f5653af,sup,10.983259238205449,2026,T3_240d,exposed_evaluation_2026,True,2026-04-26 23:59:59+00:00
period:0a890f671f8ce6bbde59,2026-05-02 20:10:20+00:00,2026-05-02,oe:player:c88cada1696defe81464925789aa6d8,oe:team:b360f1d729b0a8e0f29a5243c4200fa,sup,13.77474298289842,2026,T3_240d,exposed_evaluation_2026,True,2026-04-26 23:59:59+00:00
period:0a890f671f8ce6bbde59,2026-05-02 20:10:20+00:00,2026-05-02,oe:player:1efc4e5732e91520d03385900b903f9,oe:team:fc8e90107dabb9a35c490b0d86adea0,top,17.527566268837301,2026,T3_240d,exposed_evaluation_2026,True,2026-04-26 23:59:59+00:00
period:0a890f671f8ce6bbde59,2026-05-02 20:10:20+00:00,2026-05-02,oe:player:21f59b54f62b5b8b4bc0f63f0f617fc,oe:team:f90422f1cbcb24bc2a855202582ec29,top,11.955122048283172,2026,T3_240d,exposed_evaluation_2026,True,2026-04-26 23:59:59+00:00
period:0a890f671f8ce6bbde59,2026-05-02 20:10:20+00:00,2026-05-02,oe:player:5385f74da3e5deb5b66d9a1ee56cf97,oe:team:da1143bf9a245b78a8dc86417de85b3,top,12.857731134715337,2026,T3_240d,exposed_evaluation_2026,True,2026-04-26 23:59:59+00:00
period:0a890f671f8ce6bbde59,2026-05-02 20:10:20+00:00,2026-05-02,oe:player:80fea0848c57b8e07a79675d41f582c,oe:team:289284911fb6f41c0ccaecc3a0c2891,top,8.7757214660031355,2026,T3_240d,exposed_evaluation_2026,True,2026-04-26 23:59:59+00:00
period:0a890f671f8ce6bbde59,2026-05-02 20:10:20+00:00,2026-05-02,oe:player:d617210b92fa03e78554883250d432c,oe:team:2e66da41dc460dd378e3bcc57042d31,top,14.892614430161048,2026,T3_240d,exposed_evaluation_2026,True,2026-04-26 23:59:59+00:00
period:0a890f671f8ce6bbde59,2026-05-02 20:10:20+00:00,2026-05-02,oe:player:f02f1c8275084050765b4b6414bdfda,oe:team:b360f1d729b0a8e0f29a5243c4200fa,top,12.349090774505438,2026,T3_240d,exposed_evaluation_2026,True,2026-04-26 23:59:59+00:00
period:0a890f671f8ce6bbde59,2026-05-02 20:10:20+00:00,2026-05-02,oe:player:f73dde2d8c7879ae8d1fcdc03c4ffeb,oe:team:8eb884e168f28402ce685bedebb5250,top,16.422851713761563,2026,T3_240d,exposed_evaluation_2026,True,2026-04-26 23:59:59+00:00
period:0a890f671f8ce6bbde59,2026-05-02 20:10:20+00:00,2026-05-02,oe:player:fd22b656b23ca07a276181a4953ba2c,oe:team:0dbb780176ecad18f17292d1f5653af,top,7.8680653608643745,2026,T3_240d,exposed_evaluation_2026,True,2026-04-26 23:59:59+00:00
period:bca1e648a46734294b57,2026-05-09 20:08:09+00:00,2026-05-09,oe:player:10fcffece0ac7be85f09c4b51a75762,oe:team:fc8e90107dabb9a35c490b0d86adea0,bot,19.898285673697693,2026,T3_240d,exposed_evaluation_2026,True,2026-05-03 23:59:59+00:00
period:bca1e648a46734294b57,2026-05-09 20:08:09+00:00,2026-05-09,oe:player:3b63ea0de80cfb191f952872b392da9,oe:team:289284911fb6f41c0ccaecc3a0c2891,bot,14.085458213579972,2026,T3_240d,exposed_evaluation_2026,True,2026-05-03 23:59:59+00:00
period:bca1e648a46734294b57,2026-05-09 20:08:09+00:00,2026-05-09,oe:player:460ae5a7af8d68f7831b70307210ab3,oe:team:da1143bf9a245b78a8dc86417de85b3,bot,19.102775722793425,2026,T3_240d,exposed_evaluation_2026,True,2026-05-03 23:59:59+00:00
period:bca1e648a46734294b57,2026-05-09 20:08:09+00:00,2026-05-09,oe:player:494fc60dffbb5da1caa2226baef0ec7,oe:team:b360f1d729b0a8e0f29a5243c4200fa,bot,14.262028352638323,2026,T3_240d,exposed_evaluation_2026,True,2026-05-03 23:59:59+00:00
period:bca1e648a46734294b57,2026-05-09 20:08:09+00:00,2026-05-09,oe:player:73d2b65353d7b00e0f198ffdc085edc,oe:team:0dbb780176ecad18f17292d1f5653af,bot,20.385219680543383,2026,T3_240d,exposed_evaluation_2026,True,2026-05-03 23:59:59+00:00
period:bca1e648a46734294b57,2026-05-09 20:08:09+00:00,2026-05-09,oe:player:c145139d26813639b8fe6f4d0b28228,oe:team:2e66da41dc460dd378e3bcc57042d31,bot,14.942826168806789,2026,T3_240d,exposed_evaluation_2026,True,2026-05-03 23:59:59+00:00
period:bca1e648a46734294b57,2026-05-09 20:08:09+00:00,2026-05-09,oe:player:e2c655411d8d95ef73d8026704f5e7a,oe:team:f90422f1cbcb24bc2a855202582ec29,bot,18.988491272030004,2026,T3_240d,exposed_evaluation_2026,True,2026-05-03 23:59:59+00:00
period:bca1e648a46734294b57,2026-05-09 20:08:09+00:00,2026-05-09,oe:player:f6b8af05a5af22004a67a78f3046b92,oe:team:8eb884e168f28402ce685bedebb5250,bot,17.171272706639368,2026,T3_240d,exposed_evaluation_2026,True,2026-05-03 23:59:59+00:00
period:bca1e648a46734294b57,2026-05-09 20:08:09+00:00,2026-05-09,oe:player:08936c56ab5a6453c58974a619651c3,oe:team:0dbb780176ecad18f17292d1f5653af,jgl,15.963291385756222,2026,T3_240d,exposed_evaluation_2026,True,2026-05-03 23:59:59+00:00
period:bca1e648a46734294b57,2026-05-09 20:08:09+00:00,2026-05-09,oe:player:2cbf592923f34b2e6acc4b747385c8a,oe:team:2e66da41dc460dd378e3bcc57042d31,jgl,13.218722012568728,2026,T3_240d,exposed_evaluation_2026,True,2026-05-03 23:59:59+00:00
period:bca1e648a46734294b57,2026-05-09 20:08:09+00:00,2026-05-09,oe:player:52b4f060a577ff87c99118d97fa75f4,oe:team:8eb884e168f28402ce685bedebb5250,jgl,15.129470344800975,2026,T3_240d,exposed_evaluation_2026,True,2026-05-03 23:59:59+00:00
period:bca1e648a46734294b57,2026-05-09 20:08:09+00:00,2026-05-09,oe:player:845ea84cec22236278388f19fcd20bf,oe:team:f90422f1cbcb24bc2a855202582ec29,jgl,18.751319979912473,2026,T3_240d,exposed_evaluation_2026,True,2026-05-03 23:59:59+00:00
period:bca1e648a46734294b57,2026-05-09 20:08:09+00:00,2026-05-09,oe:player:85ab9a415e1cf1f63000f7f6f1c183a,oe:team:289284911fb6f41c0ccaecc3a0c2891,jgl,13.041341914312786,2026,T3_240d,exposed_evaluation_2026,True,2026-05-03 23:59:59+00:00
period:bca1e648a46734294b57,2026-05-09 20:08:09+00:00,2026-05-09,oe:player:8a5dbe19794784cfd0553556844f045,oe:team:b360f1d729b0a8e0f29a5243c4200fa,jgl,13.322596842241284,2026,T3_240d,exposed_evaluation_2026,True,2026-05-03 23:59:59+00:00
period:bca1e648a46734294b57,2026-05-09 20:08:09+00:00,2026-05-09,oe:player:a8307167f3a1c933295bb9e3d43700e,oe:team:da1143bf9a245b78a8dc86417de85b3,jgl,19.132929039809582,2026,T3_240d,exposed_evaluation_2026,True,2026-05-03 23:59:59+00:00
period:bca1e648a46734294b57,2026-05-09 20:08:09+00:00,2026-05-09,oe:player:ed455f823b6586e9e3621dfb5aeb42e,oe:team:fc8e90107dabb9a35c490b0d86adea0,jgl,18.97296993402562,2026,T3_240d,exposed_evaluation_2026,True,2026-05-03 23:59:59+00:00
period:bca1e648a46734294b57,2026-05-09 20:08:09+00:00,2026-05-09,oe:player:05a73863e113f3cb6b472a76da2ea52,oe:team:f90422f1cbcb24bc2a855202582ec29,mid,19.686983381906071,2026,T3_240d,exposed_evaluation_2026,True,2026-05-03 23:59:59+00:00
period:bca1e648a46734294b57,2026-05-09 20:08:09+00:00,2026-05-09,oe:player:3648451fd5b8a8ab01e4bedf780c1d6,oe:team:b360f1d729b0a8e0f29a5243c4200fa,mid,11.969315247592489,2026,T3_240d,exposed_evaluation_2026,True,2026-05-03 23:59:59+00:00
period:bca1e648a46734294b57,2026-05-09 20:08:09+00:00,2026-05-09,oe:player:87f7503a6cdacffa612aeee7f04cc7c,oe:team:289284911fb6f41c0ccaecc3a0c2891,mid,13.675072487020071,2026,T3_240d,exposed_evaluation_2026,True,2026-05-03 23:59:59+00:00
period:bca1e648a46734294b57,2026-05-09 20:08:09+00:00,2026-05-09,oe:player:8f8eaac8e99c203ee76e57c5c81c91f,oe:team:8eb884e168f28402ce685bedebb5250,mid,17.534813377599161,2026,T3_240d,exposed_evaluation_2026,True,2026-05-03 23:59:59+00:00
period:bca1e648a46734294b57,2026-05-09 20:08:09+00:00,2026-05-09,oe:player:e9017664588010860a92ceb5f8fcb82,oe:team:2e66da41dc460dd378e3bcc57042d31,mid,15.148618304430284,2026,T3_240d,exposed_evaluation_2026,True,2026-05-03 23:59:59+00:00
period:bca1e648a46734294b57,2026-05-09 20:08:09+00:00,2026-05-09,oe:player:ea9ed09584feecae0991089f087d2ce,oe:team:fc8e90107dabb9a35c490b0d86adea0,mid,18.554778844518857,2026,T3_240d,exposed_evaluation_2026,True,2026-05-03 23:59:59+00:00
period:bca1e648a46734294b57,2026-05-09 20:08:09+00:00,2026-05-09,oe:player:f45792335d83b10581da2f0cbdd6e8e,oe:team:da1143bf9a245b78a8dc86417de85b3,mid,18.439353354584878,2026,T3_240d,exposed_evaluation_2026,True,2026-05-03 23:59:59+00:00
period:bca1e648a46734294b57,2026-05-09 20:08:09+00:00,2026-05-09,oe:player:fddde6d256bee26713f64ad9b2a9394,oe:team:0dbb780176ecad18f17292d1f5653af,mid,18.697991945905486,2026,T3_240d,exposed_evaluation_2026,True,2026-05-03 23:59:59+00:00
period:bca1e648a46734294b57,2026-05-09 20:08:09+00:00,2026-05-09,oe:player:05fafeaf23dc3285558a4e968970b9f,oe:team:8eb884e168f28402ce685bedebb5250,sup,16.688476885413497,2026,T3_240d,exposed_evaluation_2026,True,2026-05-03 23:59:59+00:00
period:bca1e648a46734294b57,2026-05-09 20:08:09+00:00,2026-05-09,oe:player:40704dfd2d966862568d29770de57bd,oe:team:da1143bf9a245b78a8dc86417de85b3,sup,17.439039822306171,2026,T3_240d,exposed_evaluation_2026,True,2026-05-03 23:59:59+00:00
period:bca1e648a46734294b57,2026-05-09 20:08:09+00:00,2026-05-09,oe:player:4f27911a3702f671c3d21286356a6df,oe:team:2e66da41dc460dd378e3bcc57042d31,sup,13.5276381560438,2026,T3_240d,exposed_evaluation_2026,True,2026-05-03 23:59:59+00:00
period:bca1e648a46734294b57,2026-05-09 20:08:09+00:00,2026-05-09,oe:player:81acc6bcde5c927c78e0990e9887f84,oe:team:fc8e90107dabb9a35c490b0d86adea0,sup,18.701280924343564,2026,T3_240d,exposed_evaluation_2026,True,2026-05-03 23:59:59+00:00
period:bca1e648a46734294b57,2026-05-09 20:08:09+00:00,2026-05-09,oe:player:9191e392e93a6ef011ef76b5b83ee6c,oe:team:f90422f1cbcb24bc2a855202582ec29,sup,18.84779450960723,2026,T3_240d,exposed_evaluation_2026,True,2026-05-03 23:59:59+00:00
period:bca1e648a46734294b57,2026-05-09 20:08:09+00:00,2026-05-09,oe:player:a2d7b8856032bf106783621b9afeb41,oe:team:289284911fb6f41c0ccaecc3a0c2891,sup,16.053370226234872,2026,T3_240d,exposed_evaluation_2026,True,2026-05-03 23:59:59+00:00
period:bca1e648a46734294b57,2026-05-09 20:08:09+00:00,2026-05-09,oe:player:b6f837c8bd1b510dd3f77ee8c903c30,oe:team:0dbb780176ecad18f17292d1f5653af,sup,18.436528159221766,2026,T3_240d,exposed_evaluation_2026,True,2026-05-03 23:59:59+00:00
period:bca1e648a46734294b57,2026-05-09 20:08:09+00:00,2026-05-09,oe:player:c88cada1696defe81464925789aa6d8,oe:team:b360f1d729b0a8e0f29a5243c4200fa,sup,13.366684696932396,2026,T3_240d,exposed_evaluation_2026,True,2026-05-03 23:59:59+00:00
period:bca1e648a46734294b57,2026-05-09 20:08:09+00:00,2026-05-09,oe:player:1efc4e5732e91520d03385900b903f9,oe:team:fc8e90107dabb9a35c490b0d86adea0,top,14.958015771849595,2026,T3_240d,exposed_evaluation_2026,True,2026-05-03 23:59:59+00:00
period:bca1e648a46734294b57,2026-05-09 20:08:09+00:00,2026-05-09,oe:player:21f59b54f62b5b8b4bc0f63f0f617fc,oe:team:f90422f1cbcb24bc2a855202582ec29,top,15.682620777942926,2026,T3_240d,exposed_evaluation_2026,True,2026-05-03 23:59:59+00:00
period:bca1e648a46734294b57,2026-05-09 20:08:09+00:00,2026-05-09,oe:player:4d0ec5fa505ee341aff8b2309356afc,oe:team:289284911fb6f41c0ccaecc3a0c2891,top,11.196947329737563,2026,T3_240d,exposed_evaluation_2026,True,2025-08-24 22:42:54+00:00
period:bca1e648a46734294b57,2026-05-09 20:08:09+00:00,2026-05-09,oe:player:5385f74da3e5deb5b66d9a1ee56cf97,oe:team:da1143bf9a245b78a8dc86417de85b3,top,13.247674301733104,2026,T3_240d,exposed_evaluation_2026,True,2026-05-03 23:59:59+00:00
period:bca1e648a46734294b57,2026-05-09 20:08:09+00:00,2026-05-09,oe:player:80fea0848c57b8e07a79675d41f582c,oe:team:da1143bf9a245b78a8dc86417de85b3,top,11.305723440658367,2026,T3_240d,exposed_evaluation_2026,True,2026-05-03 23:59:59+00:00
period:bca1e648a46734294b57,2026-05-09 20:08:09+00:00,2026-05-09,oe:player:d617210b92fa03e78554883250d432c,oe:team:2e66da41dc460dd378e3bcc57042d31,top,10.382127607515468,2026,T3_240d,exposed_evaluation_2026,True,2026-05-03 23:59:59+00:00
period:bca1e648a46734294b57,2026-05-09 20:08:09+00:00,2026-05-09,oe:player:f02f1c8275084050765b4b6414bdfda,oe:team:b360f1d729b0a8e0f29a5243c4200fa,top,12.095584389403568,2026,T3_240d,exposed_evaluation_2026,True,2026-05-03 23:59:59+00:00
period:bca1e648a46734294b57,2026-05-09 20:08:09+00:00,2026-05-09,oe:player:f73dde2d8c7879ae8d1fcdc03c4ffeb,oe:team:8eb884e168f28402ce685bedebb5250,top,12.632940651764434,2026,T3_240d,exposed_evaluation_2026,True,2026-05-03 23:59:59+00:00
period:bca1e648a46734294b57,2026-05-09 20:08:09+00:00,2026-05-09,oe:player:fd22b656b23ca07a276181a4953ba2c,oe:team:0dbb780176ecad18f17292d1f5653af,top,14.023015835287918,2026,T3_240d,exposed_evaluation_2026,True,2026-05-03 23:59:59+00:00
period:1c76ac6866aa6a71a894,2026-05-16 20:08:36+00:00,2026-05-16,oe:player:10fcffece0ac7be85f09c4b51a75762,oe:team:fc8e90107dabb9a35c490b0d86adea0,bot,19.006816121275477,2026,T3_240d,exposed_evaluation_2026,True,2026-05-11 00:44:19+00:00
period:1c76ac6866aa6a71a894,2026-05-16 20:08:36+00:00,2026-05-16,oe:player:3b63ea0de80cfb191f952872b392da9,oe:team:289284911fb6f41c0ccaecc3a0c2891,bot,16.279937011971015,2026,T3_240d,exposed_evaluation_2026,True,2026-05-11 00:44:19+00:00
period:1c76ac6866aa6a71a894,2026-05-16 20:08:36+00:00,2026-05-16,oe:player:460ae5a7af8d68f7831b70307210ab3,oe:team:da1143bf9a245b78a8dc86417de85b3,bot,19.25069634611474,2026,T3_240d,exposed_evaluation_2026,True,2026-05-11 00:44:19+00:00
period:1c76ac6866aa6a71a894,2026-05-16 20:08:36+00:00,2026-05-16,oe:player:494fc60dffbb5da1caa2226baef0ec7,oe:team:b360f1d729b0a8e0f29a5243c4200fa,bot,17.285047960234369,2026,T3_240d,exposed_evaluation_2026,True,2026-05-11 00:44:19+00:00
period:1c76ac6866aa6a71a894,2026-05-16 20:08:36+00:00,2026-05-16,oe:player:73d2b65353d7b00e0f198ffdc085edc,oe:team:0dbb780176ecad18f17292d1f5653af,bot,15.47363136306196,2026,T3_240d,exposed_evaluation_2026,True,2026-05-11 00:44:19+00:00
period:1c76ac6866aa6a71a894,2026-05-16 20:08:36+00:00,2026-05-16,oe:player:c145139d26813639b8fe6f4d0b28228,oe:team:2e66da41dc460dd378e3bcc57042d31,bot,17.803644493226557,2026,T3_240d,exposed_evaluation_2026,True,2026-05-11 00:44:19+00:00
period:1c76ac6866aa6a71a894,2026-05-16 20:08:36+00:00,2026-05-16,oe:player:e2c655411d8d95ef73d8026704f5e7a,oe:team:f90422f1cbcb24bc2a855202582ec29,bot,18.646138925329268,2026,T3_240d,exposed_evaluation_2026,True,2026-05-11 00:44:19+00:00
period:1c76ac6866aa6a71a894,2026-05-16 20:08:36+00:00,2026-05-16,oe:player:f6b8af05a5af22004a67a78f3046b92,oe:team:8eb884e168f28402ce685bedebb5250,bot,15.103072429317116,2026,T3_240d,exposed_evaluation_2026,True,2026-05-11 00:44:19+00:00
period:1c76ac6866aa6a71a894,2026-05-16 20:08:36+00:00,2026-05-16,oe:player:08936c56ab5a6453c58974a619651c3,oe:team:0dbb780176ecad18f17292d1f5653af,jgl,11.211264419703182,2026,T3_240d,exposed_evaluation_2026,True,2026-05-11 00:44:19+00:00
period:1c76ac6866aa6a71a894,2026-05-16 20:08:36+00:00,2026-05-16,oe:player:2cbf592923f34b2e6acc4b747385c8a,oe:team:2e66da41dc460dd378e3bcc57042d31,jgl,16.013913120120346,2026,T3_240d,exposed_evaluation_2026,True,2026-05-11 00:44:19+00:00
period:1c76ac6866aa6a71a894,2026-05-16 20:08:36+00:00,2026-05-16,oe:player:52b4f060a577ff87c99118d97fa75f4,oe:team:8eb884e168f28402ce685bedebb5250,jgl,13.272219529986359,2026,T3_240d,exposed_evaluation_2026,True,2026-05-11 00:44:19+00:00
period:1c76ac6866aa6a71a894,2026-05-16 20:08:36+00:00,2026-05-16,oe:player:845ea84cec22236278388f19fcd20bf,oe:team:f90422f1cbcb24bc2a855202582ec29,jgl,18.49007734954732,2026,T3_240d,exposed_evaluation_2026,True,2026-05-11 00:44:19+00:00
period:1c76ac6866aa6a71a894,2026-05-16 20:08:36+00:00,2026-05-16,oe:player:85ab9a415e1cf1f63000f7f6f1c183a,oe:team:289284911fb6f41c0ccaecc3a0c2891,jgl,15.201543468946307,2026,T3_240d,exposed_evaluation_2026,True,2026-05-11 00:44:19+00:00
period:1c76ac6866aa6a71a894,2026-05-16 20:08:36+00:00,2026-05-16,oe:player:8a5dbe19794784cfd0553556844f045,oe:team:b360f1d729b0a8e0f29a5243c4200fa,jgl,16.21200224230115,2026,T3_240d,exposed_evaluation_2026,True,2026-05-11 00:44:19+00:00
period:1c76ac6866aa6a71a894,2026-05-16 20:08:36+00:00,2026-05-16,oe:player:a8307167f3a1c933295bb9e3d43700e,oe:team:da1143bf9a245b78a8dc86417de85b3,jgl,19.079930902131206,2026,T3_240d,exposed_evaluation_2026,True,2026-05-11 00:44:19+00:00
period:1c76ac6866aa6a71a894,2026-05-16 20:08:36+00:00,2026-05-16,oe:player:ed455f823b6586e9e3621dfb5aeb42e,oe:team:fc8e90107dabb9a35c490b0d86adea0,jgl,18.318929449861923,2026,T3_240d,exposed_evaluation_2026,True,2026-05-11 00:44:19+00:00
period:1c76ac6866aa6a71a894,2026-05-16 20:08:36+00:00,2026-05-16,oe:player:05a73863e113f3cb6b472a76da2ea52,oe:team:f90422f1cbcb24bc2a855202582ec29,mid,19.346546944452808,2026,T3_240d,exposed_evaluation_2026,True,2026-05-11 00:44:19+00:00
period:1c76ac6866aa6a71a894,2026-05-16 20:08:36+00:00,2026-05-16,oe:player:3648451fd5b8a8ab01e4bedf780c1d6,oe:team:b360f1d729b0a8e0f29a5243c4200fa,mid,15.051121875473562,2026,T3_240d,exposed_evaluation_2026,True,2026-05-11 00:44:19+00:00
period:1c76ac6866aa6a71a894,2026-05-16 20:08:36+00:00,2026-05-16,oe:player:87f7503a6cdacffa612aeee7f04cc7c,oe:team:289284911fb6f41c0ccaecc3a0c2891,mid,15.77094193994211,2026,T3_240d,exposed_evaluation_2026,True,2026-05-11 00:44:19+00:00
period:1c76ac6866aa6a71a894,2026-05-16 20:08:36+00:00,2026-05-16,oe:player:8f8eaac8e99c203ee76e57c5c81c91f,oe:team:8eb884e168f28402ce685bedebb5250,mid,15.489044754450648,2026,T3_240d,exposed_evaluation_2026,True,2026-05-11 00:44:19+00:00
period:1c76ac6866aa6a71a894,2026-05-16 20:08:36+00:00,2026-05-16,oe:player:e9017664588010860a92ceb5f8fcb82,oe:team:2e66da41dc460dd378e3bcc57042d31,mid,17.914008995556781,2026,T3_240d,exposed_evaluation_2026,True,2026-05-11 00:44:19+00:00
period:1c76ac6866aa6a71a894,2026-05-16 20:08:36+00:00,2026-05-16,oe:player:ea9ed09584feecae0991089f087d2ce,oe:team:fc8e90107dabb9a35c490b0d86adea0,mid,17.877847179064254,2026,T3_240d,exposed_evaluation_2026,True,2026-05-11 00:44:19+00:00
period:1c76ac6866aa6a71a894,2026-05-16 20:08:36+00:00,2026-05-16,oe:player:f45792335d83b10581da2f0cbdd6e8e,oe:team:da1143bf9a245b78a8dc86417de85b3,mid,18.598356121298824,2026,T3_240d,exposed_evaluation_2026,True,2026-05-11 00:44:19+00:00
period:1c76ac6866aa6a71a894,2026-05-16 20:08:36+00:00,2026-05-16,oe:player:fddde6d256bee26713f64ad9b2a9394,oe:team:0dbb780176ecad18f17292d1f5653af,mid,13.92380425299393,2026,T3_240d,exposed_evaluation_2026,True,2026-05-11 00:44:19+00:00
period:1c76ac6866aa6a71a894,2026-05-16 20:08:36+00:00,2026-05-16,oe:player:05fafeaf23dc3285558a4e968970b9f,oe:team:8eb884e168f28402ce685bedebb5250,sup,14.710684164654861,2026,T3_240d,exposed_evaluation_2026,True,2026-05-11 00:44:19+00:00
period:1c76ac6866aa6a71a894,2026-05-16 20:08:36+00:00,2026-05-16,oe:player:40704dfd2d966862568d29770de57bd,oe:team:da1143bf9a245b78a8dc86417de85b3,sup,17.50318357741282,2026,T3_240d,exposed_evaluation_2026,True,2026-05-11 00:44:19+00:00
period:1c76ac6866aa6a71a894,2026-05-16 20:08:36+00:00,2026-05-16,oe:player:4f27911a3702f671c3d21286356a6df,oe:team:2e66da41dc460dd378e3bcc57042d31,sup,16.389421955682515,2026,T3_240d,exposed_evaluation_2026,True,2026-05-11 00:44:19+00:00
period:1c76ac6866aa6a71a894,2026-05-16 20:08:36+00:00,2026-05-16,oe:player:81acc6bcde5c927c78e0990e9887f84,oe:team:fc8e90107dabb9a35c490b0d86adea0,sup,17.91501855579104,2026,T3_240d,exposed_evaluation_2026,True,2026-05-11 00:44:19+00:00
period:1c76ac6866aa6a71a894,2026-05-16 20:08:36+00:00,2026-05-16,oe:player:9191e392e93a6ef011ef76b5b83ee6c,oe:team:f90422f1cbcb24bc2a855202582ec29,sup,18.470933599896284,2026,T3_240d,exposed_evaluation_2026,True,2026-05-11 00:44:19+00:00
period:1c76ac6866aa6a71a894,2026-05-16 20:08:36+00:00,2026-05-16,oe:player:a2d7b8856032bf106783621b9afeb41,oe:team:289284911fb6f41c0ccaecc3a0c2891,sup,17.794970542486904,2026,T3_240d,exposed_evaluation_2026,True,2026-05-11 00:44:19+00:00
period:1c76ac6866aa6a71a894,2026-05-16 20:08:36+00:00,2026-05-16,oe:player:b6f837c8bd1b510dd3f77ee8c903c30,oe:team:0dbb780176ecad18f17292d1f5653af,sup,13.545665073521954,2026,T3_240d,exposed_evaluation_2026,True,2026-05-11 00:44:19+00:00
period:1c76ac6866aa6a71a894,2026-05-16 20:08:36+00:00,2026-05-16,oe:player:c88cada1696defe81464925789aa6d8,oe:team:b360f1d729b0a8e0f29a5243c4200fa,sup,16.189009662700578,2026,T3_240d,exposed_evaluation_2026,True,2026-05-11 00:44:19+00:00
period:1c76ac6866aa6a71a894,2026-05-16 20:08:36+00:00,2026-05-16,oe:player:1efc4e5732e91520d03385900b903f9,oe:team:fc8e90107dabb9a35c490b0d86adea0,top,14.203383827917474,2026,T3_240d,exposed_evaluation_2026,True,2026-05-11 00:44:19+00:00
period:1c76ac6866aa6a71a894,2026-05-16 20:08:36+00:00,2026-05-16,oe:player:21f59b54f62b5b8b4bc0f63f0f617fc,oe:team:f90422f1cbcb24bc2a855202582ec29,top,15.264751126865891,2026,T3_240d,exposed_evaluation_2026,True,2026-05-11 00:44:19+00:00
period:1c76ac6866aa6a71a894,2026-05-16 20:08:36+00:00,2026-05-16,oe:player:4d0ec5fa505ee341aff8b2309356afc,oe:team:289284911fb6f41c0ccaecc3a0c2891,top,12.741492100248621,2026,T3_240d,exposed_evaluation_2026,True,2026-05-11 00:44:19+00:00
period:1c76ac6866aa6a71a894,2026-05-16 20:08:36+00:00,2026-05-16,oe:player:5385f74da3e5deb5b66d9a1ee56cf97,oe:team:da1143bf9a245b78a8dc86417de85b3,top,13.257419219470568,2026,T3_240d,exposed_evaluation_2026,True,2026-05-11 00:44:19+00:00
period:1c76ac6866aa6a71a894,2026-05-16 20:08:36+00:00,2026-05-16,oe:player:80fea0848c57b8e07a79675d41f582c,oe:team:da1143bf9a245b78a8dc86417de85b3,top,11.25908528539172,2026,T3_240d,exposed_evaluation_2026,True,2026-05-11 00:44:19+00:00
period:1c76ac6866aa6a71a894,2026-05-16 20:08:36+00:00,2026-05-16,oe:player:d617210b92fa03e78554883250d432c,oe:team:2e66da41dc460dd378e3bcc57042d31,top,12.494714697730393,2026,T3_240d,exposed_evaluation_2026,True,2026-05-11 00:44:19+00:00
period:1c76ac6866aa6a71a894,2026-05-16 20:08:36+00:00,2026-05-16,oe:player:f02f1c8275084050765b4b6414bdfda,oe:team:b360f1d729b0a8e0f29a5243c4200fa,top,14.297217259766052,2026,T3_240d,exposed_evaluation_2026,True,2026-05-11 00:44:19+00:00
period:1c76ac6866aa6a71a894,2026-05-16 20:08:36+00:00,2026-05-16,oe:player:f73dde2d8c7879ae8d1fcdc03c4ffeb,oe:team:8eb884e168f28402ce685bedebb5250,top,10.769452105610011,2026,T3_240d,exposed_evaluation_2026,True,2026-05-11 00:44:19+00:00
period:1c76ac6866aa6a71a894,2026-05-16 20:08:36+00:00,2026-05-16,oe:player:fd22b656b23ca07a276181a4953ba2c,oe:team:0dbb780176ecad18f17292d1f5653af,top,9.817568830623367,2026,T3_240d,exposed_evaluation_2026,True,2026-05-11 00:44:19+00:00
period:2ba54fbdb1ed8ce5723d,2026-05-23 20:10:31+00:00,2026-05-23,oe:player:10fcffece0ac7be85f09c4b51a75762,oe:team:fc8e90107dabb9a35c490b0d86adea0,bot,19.773366265959776,2026,T3_240d,exposed_evaluation_2026,True,2026-05-17 23:43:46+00:00
period:2ba54fbdb1ed8ce5723d,2026-05-23 20:10:31+00:00,2026-05-23,oe:player:460ae5a7af8d68f7831b70307210ab3,oe:team:da1143bf9a245b78a8dc86417de85b3,bot,18.816401695601833,2026,T3_240d,exposed_evaluation_2026,True,2026-05-17 23:43:46+00:00
period:2ba54fbdb1ed8ce5723d,2026-05-23 20:10:31+00:00,2026-05-23,oe:player:c145139d26813639b8fe6f4d0b28228,oe:team:2e66da41dc460dd378e3bcc57042d31,bot,14.739314971938306,2026,T3_240d,exposed_evaluation_2026,True,2026-05-17 23:43:46+00:00
period:2ba54fbdb1ed8ce5723d,2026-05-23 20:10:31+00:00,2026-05-23,oe:player:f6b8af05a5af22004a67a78f3046b92,oe:team:8eb884e168f28402ce685bedebb5250,bot,15.923759174833904,2026,T3_240d,exposed_evaluation_2026,True,2026-05-17 23:43:46+00:00
period:2ba54fbdb1ed8ce5723d,2026-05-23 20:10:31+00:00,2026-05-23,oe:player:2cbf592923f34b2e6acc4b747385c8a,oe:team:2e66da41dc460dd378e3bcc57042d31,jgl,13.514527048704579,2026,T3_240d,exposed_evaluation_2026,True,2026-05-17 23:43:46+00:00
period:2ba54fbdb1ed8ce5723d,2026-05-23 20:10:31+00:00,2026-05-23,oe:player:52b4f060a577ff87c99118d97fa75f4,oe:team:8eb884e168f28402ce685bedebb5250,jgl,13.854576478399451,2026,T3_240d,exposed_evaluation_2026,True,2026-05-17 23:43:46+00:00
period:2ba54fbdb1ed8ce5723d,2026-05-23 20:10:31+00:00,2026-05-23,oe:player:a8307167f3a1c933295bb9e3d43700e,oe:team:da1143bf9a245b78a8dc86417de85b3,jgl,18.402135434189336,2026,T3_240d,exposed_evaluation_2026,True,2026-05-17 23:43:46+00:00
period:2ba54fbdb1ed8ce5723d,2026-05-23 20:10:31+00:00,2026-05-23,oe:player:ed455f823b6586e9e3621dfb5aeb42e,oe:team:fc8e90107dabb9a35c490b0d86adea0,jgl,19.021182494782728,2026,T3_240d,exposed_evaluation_2026,True,2026-05-17 23:43:46+00:00
period:2ba54fbdb1ed8ce5723d,2026-05-23 20:10:31+00:00,2026-05-23,oe:player:8f8eaac8e99c203ee76e57c5c81c91f,oe:team:8eb884e168f28402ce685bedebb5250,mid,16.274650747874723,2026,T3_240d,exposed_evaluation_2026,True,2026-05-17 23:43:46+00:00
period:2ba54fbdb1ed8ce5723d,2026-05-23 20:10:31+00:00,2026-05-23,oe:player:e9017664588010860a92ceb5f8fcb82,oe:team:2e66da41dc460dd378e3bcc57042d31,mid,14.782545853180855,2026,T3_240d,exposed_evaluation_2026,True,2026-05-17 23:43:46+00:00
period:2ba54fbdb1ed8ce5723d,2026-05-23 20:10:31+00:00,2026-05-23,oe:player:ea9ed09584feecae0991089f087d2ce,oe:team:fc8e90107dabb9a35c490b0d86adea0,mid,18.657155652822524,2026,T3_240d,exposed_evaluation_2026,True,2026-05-17 23:43:46+00:00
period:2ba54fbdb1ed8ce5723d,2026-05-23 20:10:31+00:00,2026-05-23,oe:player:f45792335d83b10581da2f0cbdd6e8e,oe:team:da1143bf9a245b78a8dc86417de85b3,mid,18.01227089845613,2026,T3_240d,exposed_evaluation_2026,True,2026-05-17 23:43:46+00:00
period:2ba54fbdb1ed8ce5723d,2026-05-23 20:10:31+00:00,2026-05-23,oe:player:05fafeaf23dc3285558a4e968970b9f,oe:team:8eb884e168f28402ce685bedebb5250,sup,15.503014029610565,2026,T3_240d,exposed_evaluation_2026,True,2026-05-17 23:43:46+00:00
period:2ba54fbdb1ed8ce5723d,2026-05-23 20:10:31+00:00,2026-05-23,oe:player:40704dfd2d966862568d29770de57bd,oe:team:da1143bf9a245b78a8dc86417de85b3,sup,16.942850221926779,2026,T3_240d,exposed_evaluation_2026,True,2026-05-17 23:43:46+00:00
period:2ba54fbdb1ed8ce5723d,2026-05-23 20:10:31+00:00,2026-05-23,oe:player:4f27911a3702f671c3d21286356a6df,oe:team:2e66da41dc460dd378e3bcc57042d31,sup,13.444168220013569,2026,T3_240d,exposed_evaluation_2026,True,2026-05-17 23:43:46+00:00
period:2ba54fbdb1ed8ce5723d,2026-05-23 20:10:31+00:00,2026-05-23,oe:player:81acc6bcde5c927c78e0990e9887f84,oe:team:fc8e90107dabb9a35c490b0d86adea0,sup,18.768414630324447,2026,T3_240d,exposed_evaluation_2026,True,2026-05-17 23:43:46+00:00
period:2ba54fbdb1ed8ce5723d,2026-05-23 20:10:31+00:00,2026-05-23,oe:player:1efc4e5732e91520d03385900b903f9,oe:team:fc8e90107dabb9a35c490b0d86adea0,top,14.820456446661094,2026,T3_240d,exposed_evaluation_2026,True,2026-05-17 23:43:46+00:00
period:2ba54fbdb1ed8ce5723d,2026-05-23 20:10:31+00:00,2026-05-23,oe:player:5385f74da3e5deb5b66d9a1ee56cf97,oe:team:da1143bf9a245b78a8dc86417de85b3,top,12.330297091678288,2026,T3_240d,exposed_evaluation_2026,True,2026-05-17 23:43:46+00:00
period:2ba54fbdb1ed8ce5723d,2026-05-23 20:10:31+00:00,2026-05-23,oe:player:d617210b92fa03e78554883250d432c,oe:team:2e66da41dc460dd378e3bcc57042d31,top,9.9952470586484665,2026,T3_240d,exposed_evaluation_2026,True,2026-05-17 23:43:46+00:00
period:2ba54fbdb1ed8ce5723d,2026-05-23 20:10:31+00:00,2026-05-23,oe:player:f73dde2d8c7879ae8d1fcdc03c4ffeb,oe:team:8eb884e168f28402ce685bedebb5250,top,11.085700051751322,2026,T3_240d,exposed_evaluation_2026,True,2026-05-17 23:43:46+00:00
period:646c3784493968152598,2026-05-30 20:10:37+00:00,2026-05-30,oe:player:494fc60dffbb5da1caa2226baef0ec7,oe:team:b360f1d729b0a8e0f29a5243c4200fa,bot,14.275132456474257,2026,T3_240d,exposed_evaluation_2026,True,2026-05-17 23:43:46+00:00
period:646c3784493968152598,2026-05-30 20:10:37+00:00,2026-05-30,oe:player:c145139d26813639b8fe6f4d0b28228,oe:team:2e66da41dc460dd378e3bcc57042d31,bot,17.673686035178754,2026,T3_240d,exposed_evaluation_2026,True,2026-05-24 23:44:08+00:00
period:646c3784493968152598,2026-05-30 20:10:37+00:00,2026-05-30,oe:player:e2c655411d8d95ef73d8026704f5e7a,oe:team:f90422f1cbcb24bc2a855202582ec29,bot,15.675344497043895,2026,T3_240d,exposed_evaluation_2026,True,2026-05-17 23:43:46+00:00
period:646c3784493968152598,2026-05-30 20:10:37+00:00,2026-05-30,oe:player:f6b8af05a5af22004a67a78f3046b92,oe:team:8eb884e168f28402ce685bedebb5250,bot,20.649804817521357,2026,T3_240d,exposed_evaluation_2026,True,2026-05-24 23:44:08+00:00
period:646c3784493968152598,2026-05-30 20:10:37+00:00,2026-05-30,oe:player:2cbf592923f34b2e6acc4b747385c8a,oe:team:2e66da41dc460dd378e3bcc57042d31,jgl,16.496501392852231,2026,T3_240d,exposed_evaluation_2026,True,2026-05-24 23:44:08+00:00
period:646c3784493968152598,2026-05-30 20:10:37+00:00,2026-05-30,oe:player:52b4f060a577ff87c99118d97fa75f4,oe:team:8eb884e168f28402ce685bedebb5250,jgl,18.149901147466988,2026,T3_240d,exposed_evaluation_2026,True,2026-05-24 23:44:08+00:00
period:646c3784493968152598,2026-05-30 20:10:37+00:00,2026-05-30,oe:player:845ea84cec22236278388f19fcd20bf,oe:team:f90422f1cbcb24bc2a855202582ec29,jgl,15.957237513552338,2026,T3_240d,exposed_evaluation_2026,True,2026-05-17 23:43:46+00:00
period:646c3784493968152598,2026-05-30 20:10:37+00:00,2026-05-30,oe:player:8a5dbe19794784cfd0553556844f045,oe:team:b360f1d729b0a8e0f29a5243c4200fa,jgl,13.337963177306781,2026,T3_240d,exposed_evaluation_2026,True,2026-05-17 23:43:46+00:00
period:646c3784493968152598,2026-05-30 20:10:37+00:00,2026-05-30,oe:player:05a73863e113f3cb6b472a76da2ea52,oe:team:f90422f1cbcb24bc2a855202582ec29,mid,16.222338880304513,2026,T3_240d,exposed_evaluation_2026,True,2026-05-17 23:43:46+00:00
period:646c3784493968152598,2026-05-30 20:10:37+00:00,2026-05-30,oe:player:3648451fd5b8a8ab01e4bedf780c1d6,oe:team:b360f1d729b0a8e0f29a5243c4200fa,mid,12.137591788145212,2026,T3_240d,exposed_evaluation_2026,True,2026-05-17 23:43:46+00:00
period:646c3784493968152598,2026-05-30 20:10:37+00:00,2026-05-30,oe:player:8f8eaac8e99c203ee76e57c5c81c91f,oe:team:8eb884e168f28402ce685bedebb5250,mid,20.686890573997442,2026,T3_240d,exposed_evaluation_2026,True,2026-05-24 23:44:08+00:00
period:646c3784493968152598,2026-05-30 20:10:37+00:00,2026-05-30,oe:player:e9017664588010860a92ceb5f8fcb82,oe:team:2e66da41dc460dd378e3bcc57042d31,mid,18.140758786456736,2026,T3_240d,exposed_evaluation_2026,True,2026-05-24 23:44:08+00:00
period:646c3784493968152598,2026-05-30 20:10:37+00:00,2026-05-30,oe:player:05fafeaf23dc3285558a4e968970b9f,oe:team:8eb884e168f28402ce685bedebb5250,sup,20.008244428129554,2026,T3_240d,exposed_evaluation_2026,True,2026-05-24 23:44:08+00:00
period:646c3784493968152598,2026-05-30 20:10:37+00:00,2026-05-30,oe:player:4f27911a3702f671c3d21286356a6df,oe:team:2e66da41dc460dd378e3bcc57042d31,sup,16.503861791473248,2026,T3_240d,exposed_evaluation_2026,True,2026-05-24 23:44:08+00:00
period:646c3784493968152598,2026-05-30 20:10:37+00:00,2026-05-30,oe:player:9191e392e93a6ef011ef76b5b83ee6c,oe:team:f90422f1cbcb24bc2a855202582ec29,sup,15.478524883910616,2026,T3_240d,exposed_evaluation_2026,True,2026-05-17 23:43:46+00:00
period:646c3784493968152598,2026-05-30 20:10:37+00:00,2026-05-30,oe:player:c88cada1696defe81464925789aa6d8,oe:team:b360f1d729b0a8e0f29a5243c4200fa,sup,13.308571283137198,2026,T3_240d,exposed_evaluation_2026,True,2026-05-17 23:43:46+00:00
period:646c3784493968152598,2026-05-30 20:10:37+00:00,2026-05-30,oe:player:21f59b54f62b5b8b4bc0f63f0f617fc,oe:team:f90422f1cbcb24bc2a855202582ec29,top,12.858905007286257,2026,T3_240d,exposed_evaluation_2026,True,2026-05-17 23:43:46+00:00
period:646c3784493968152598,2026-05-30 20:10:37+00:00,2026-05-30,oe:player:d617210b92fa03e78554883250d432c,oe:team:2e66da41dc460dd378e3bcc57042d31,top,12.382007436715554,2026,T3_240d,exposed_evaluation_2026,True,2026-05-24 23:44:08+00:00
period:646c3784493968152598,2026-05-30 20:10:37+00:00,2026-05-30,oe:player:f02f1c8275084050765b4b6414bdfda,oe:team:b360f1d729b0a8e0f29a5243c4200fa,top,11.743235017816776,2026,T3_240d,exposed_evaluation_2026,True,2026-05-17 23:43:46+00:00
period:646c3784493968152598,2026-05-30 20:10:37+00:00,2026-05-30,oe:player:f73dde2d8c7879ae8d1fcdc03c4ffeb,oe:team:8eb884e168f28402ce685bedebb5250,top,14.674312167223803,2026,T3_240d,exposed_evaluation_2026,True,2026-05-24 23:44:08+00:00
period:76aa7cb585d2505649ba,2026-06-06 20:09:49+00:00,2026-06-06,oe:player:10fcffece0ac7be85f09c4b51a75762,oe:team:fc8e90107dabb9a35c490b0d86adea0,bot,18.104575457678163,2026,T3_240d,exposed_evaluation_2026,True,2026-05-24 23:44:08+00:00
period:76aa7cb585d2505649ba,2026-06-06 20:09:49+00:00,2026-06-06,oe:player:460ae5a7af8d68f7831b70307210ab3,oe:team:da1143bf9a245b78a8dc86417de85b3,bot,16.416673338989714,2026,T3_240d,exposed_evaluation_2026,True,2026-05-24 23:44:08+00:00
period:76aa7cb585d2505649ba,2026-06-06 20:09:49+00:00,2026-06-06,oe:player:c145139d26813639b8fe6f4d0b28228,oe:team:2e66da41dc460dd378e3bcc57042d31,bot,17.672396666341129,2026,T3_240d,exposed_evaluation_2026,True,2026-05-31 21:55:09+00:00
period:76aa7cb585d2505649ba,2026-06-06 20:09:49+00:00,2026-06-06,oe:player:f6b8af05a5af22004a67a78f3046b92,oe:team:8eb884e168f28402ce685bedebb5250,bot,17.173439507773612,2026,T3_240d,exposed_evaluation_2026,True,2026-05-31 21:55:09+00:00
period:76aa7cb585d2505649ba,2026-06-06 20:09:49+00:00,2026-06-06,oe:player:2cbf592923f34b2e6acc4b747385c8a,oe:team:2e66da41dc460dd378e3bcc57042d31,jgl,16.573302268677313,2026,T3_240d,exposed_evaluation_2026,True,2026-05-31 21:55:09+00:00
period:76aa7cb585d2505649ba,2026-06-06 20:09:49+00:00,2026-06-06,oe:player:52b4f060a577ff87c99118d97fa75f4,oe:team:8eb884e168f28402ce685bedebb5250,jgl,14.917261361800392,2026,T3_240d,exposed_evaluation_2026,True,2026-05-31 21:55:09+00:00
period:76aa7cb585d2505649ba,2026-06-06 20:09:49+00:00,2026-06-06,oe:player:a8307167f3a1c933295bb9e3d43700e,oe:team:da1143bf9a245b78a8dc86417de85b3,jgl,16.068350851410258,2026,T3_240d,exposed_evaluation_2026,True,2026-05-24 23:44:08+00:00
period:76aa7cb585d2505649ba,2026-06-06 20:09:49+00:00,2026-06-06,oe:player:ed455f823b6586e9e3621dfb5aeb42e,oe:team:fc8e90107dabb9a35c490b0d86adea0,jgl,17.625418061665346,2026,T3_240d,exposed_evaluation_2026,True,2026-05-24 23:44:08+00:00
period:76aa7cb585d2505649ba,2026-06-06 20:09:49+00:00,2026-06-06,oe:player:8f8eaac8e99c203ee76e57c5c81c91f,oe:team:8eb884e168f28402ce685bedebb5250,mid,17.437173694412845,2026,T3_240d,exposed_evaluation_2026,True,2026-05-31 21:55:09+00:00
period:76aa7cb585d2505649ba,2026-06-06 20:09:49+00:00,2026-06-06,oe:player:e9017664588010860a92ceb5f8fcb82,oe:team:2e66da41dc460dd378e3bcc57042d31,mid,18.024330433687172,2026,T3_240d,exposed_evaluation_2026,True,2026-05-31 21:55:09+00:00
period:76aa7cb585d2505649ba,2026-06-06 20:09:49+00:00,2026-06-06,oe:player:ea9ed09584feecae0991089f087d2ce,oe:team:fc8e90107dabb9a35c490b0d86adea0,mid,17.323495709908158,2026,T3_240d,exposed_evaluation_2026,True,2026-05-24 23:44:08+00:00
period:76aa7cb585d2505649ba,2026-06-06 20:09:49+00:00,2026-06-06,oe:player:f45792335d83b10581da2f0cbdd6e8e,oe:team:da1143bf9a245b78a8dc86417de85b3,mid,15.867856349260119,2026,T3_240d,exposed_evaluation_2026,True,2026-05-24 23:44:08+00:00
period:76aa7cb585d2505649ba,2026-06-06 20:09:49+00:00,2026-06-06,oe:player:05fafeaf23dc3285558a4e968970b9f,oe:team:8eb884e168f28402ce685bedebb5250,sup,16.671808656039268,2026,T3_240d,exposed_evaluation_2026,True,2026-05-31 21:55:09+00:00
period:76aa7cb585d2505649ba,2026-06-06 20:09:49+00:00,2026-06-06,oe:player:40704dfd2d966862568d29770de57bd,oe:team:da1143bf9a245b78a8dc86417de85b3,sup,14.857178039686644,2026,T3_240d,exposed_evaluation_2026,True,2026-05-24 23:44:08+00:00
period:76aa7cb585d2505649ba,2026-06-06 20:09:49+00:00,2026-06-06,oe:player:4f27911a3702f671c3d21286356a6df,oe:team:2e66da41dc460dd378e3bcc57042d31,sup,16.70684989341321,2026,T3_240d,exposed_evaluation_2026,True,2026-05-31 21:55:09+00:00
period:76aa7cb585d2505649ba,2026-06-06 20:09:49+00:00,2026-06-06,oe:player:81acc6bcde5c927c78e0990e9887f84,oe:team:fc8e90107dabb9a35c490b0d86adea0,sup,17.24881786584897,2026,T3_240d,exposed_evaluation_2026,True,2026-05-24 23:44:08+00:00
period:76aa7cb585d2505649ba,2026-06-06 20:09:49+00:00,2026-06-06,oe:player:1efc4e5732e91520d03385900b903f9,oe:team:fc8e90107dabb9a35c490b0d86adea0,top,13.653660960691186,2026,T3_240d,exposed_evaluation_2026,True,2026-05-24 23:44:08+00:00
period:76aa7cb585d2505649ba,2026-06-06 20:09:49+00:00,2026-06-06,oe:player:5385f74da3e5deb5b66d9a1ee56cf97,oe:team:da1143bf9a245b78a8dc86417de85b3,top,10.309595025094886,2026,T3_240d,exposed_evaluation_2026,True,2026-05-24 23:44:08+00:00
period:76aa7cb585d2505649ba,2026-06-06 20:09:49+00:00,2026-06-06,oe:player:d617210b92fa03e78554883250d432c,oe:team:2e66da41dc460dd378e3bcc57042d31,top,12.238323823217989,2026,T3_240d,exposed_evaluation_2026,True,2026-05-31 21:55:09+00:00
period:76aa7cb585d2505649ba,2026-06-06 20:09:49+00:00,2026-06-06,oe:player:f73dde2d8c7879ae8d1fcdc03c4ffeb,oe:team:8eb884e168f28402ce685bedebb5250,top,11.938457643561589,2026,T3_240d,exposed_evaluation_2026,True,2026-05-31 21:55:09+00:00
period:2a0b31a43b9b5e794a24,2026-06-13 20:14:55+00:00,2026-06-13,oe:player:10fcffece0ac7be85f09c4b51a75762,oe:team:fc8e90107dabb9a35c490b0d86adea0,bot,18.710960782932773,2026,T3_240d,exposed_evaluation_2026,True,2026-06-07 22:08:31+00:00
period:2a0b31a43b9b5e794a24,2026-06-13 20:14:55+00:00,2026-06-13,oe:player:460ae5a7af8d68f7831b70307210ab3,oe:team:da1143bf9a245b78a8dc86417de85b3,bot,18.925554519238077,2026,T3_240d,exposed_evaluation_2026,True,2026-06-07 22:08:31+00:00
period:2a0b31a43b9b5e794a24,2026-06-13 20:14:55+00:00,2026-06-13,oe:player:f6b8af05a5af22004a67a78f3046b92,oe:team:8eb884e168f28402ce685bedebb5250,bot,15.806672324472638,2026,T3_240d,exposed_evaluation_2026,True,2026-06-07 22:08:31+00:00
period:2a0b31a43b9b5e794a24,2026-06-13 20:14:55+00:00,2026-06-13,oe:player:52b4f060a577ff87c99118d97fa75f4,oe:team:8eb884e168f28402ce685bedebb5250,jgl,13.672164890629261,2026,T3_240d,exposed_evaluation_2026,True,2026-06-07 22:08:31+00:00
period:2a0b31a43b9b5e794a24,2026-06-13 20:14:55+00:00,2026-06-13,oe:player:a8307167f3a1c933295bb9e3d43700e,oe:team:da1143bf9a245b78a8dc86417de85b3,jgl,18.28338927114558,2026,T3_240d,exposed_evaluation_2026,True,2026-06-07 22:08:31+00:00
period:2a0b31a43b9b5e794a24,2026-06-13 20:14:55+00:00,2026-06-13,oe:player:ed455f823b6586e9e3621dfb5aeb42e,oe:team:fc8e90107dabb9a35c490b0d86adea0,jgl,18.090340320359719,2026,T3_240d,exposed_evaluation_2026,True,2026-06-07 22:08:31+00:00
period:2a0b31a43b9b5e794a24,2026-06-13 20:14:55+00:00,2026-06-13,oe:player:8f8eaac8e99c203ee76e57c5c81c91f,oe:team:8eb884e168f28402ce685bedebb5250,mid,16.122666886266177,2026,T3_240d,exposed_evaluation_2026,True,2026-06-07 22:08:31+00:00
period:2a0b31a43b9b5e794a24,2026-06-13 20:14:55+00:00,2026-06-13,oe:player:ea9ed09584feecae0991089f087d2ce,oe:team:fc8e90107dabb9a35c490b0d86adea0,mid,17.83257824845073,2026,T3_240d,exposed_evaluation_2026,True,2026-06-07 22:08:31+00:00
period:2a0b31a43b9b5e794a24,2026-06-13 20:14:55+00:00,2026-06-13,oe:player:f45792335d83b10581da2f0cbdd6e8e,oe:team:da1143bf9a245b78a8dc86417de85b3,mid,18.216502128247981,2026,T3_240d,exposed_evaluation_2026,True,2026-06-07 22:08:31+00:00
period:2a0b31a43b9b5e794a24,2026-06-13 20:14:55+00:00,2026-06-13,oe:player:05fafeaf23dc3285558a4e968970b9f,oe:team:8eb884e168f28402ce685bedebb5250,sup,15.331090205198254,2026,T3_240d,exposed_evaluation_2026,True,2026-06-07 22:08:31+00:00
period:2a0b31a43b9b5e794a24,2026-06-13 20:14:55+00:00,2026-06-13,oe:player:40704dfd2d966862568d29770de57bd,oe:team:da1143bf9a245b78a8dc86417de85b3,sup,17.204186654058702,2026,T3_240d,exposed_evaluation_2026,True,2026-06-07 22:08:31+00:00
period:2a0b31a43b9b5e794a24,2026-06-13 20:14:55+00:00,2026-06-13,oe:player:81acc6bcde5c927c78e0990e9887f84,oe:team:fc8e90107dabb9a35c490b0d86adea0,sup,17.914510068683171,2026,T3_240d,exposed_evaluation_2026,True,2026-06-07 22:08:31+00:00
period:2a0b31a43b9b5e794a24,2026-06-13 20:14:55+00:00,2026-06-13,oe:player:1efc4e5732e91520d03385900b903f9,oe:team:fc8e90107dabb9a35c490b0d86adea0,top,14.002863268223429,2026,T3_240d,exposed_evaluation_2026,True,2026-06-07 22:08:31+00:00
period:2a0b31a43b9b5e794a24,2026-06-13 20:14:55+00:00,2026-06-13,oe:player:5385f74da3e5deb5b66d9a1ee56cf97,oe:team:da1143bf9a245b78a8dc86417de85b3,top,12.094890555572301,2026,T3_240d,exposed_evaluation_2026,True,2026-06-07 22:08:31+00:00
period:2a0b31a43b9b5e794a24,2026-06-13 20:14:55+00:00,2026-06-13,oe:player:f73dde2d8c7879ae8d1fcdc03c4ffeb,oe:team:8eb884e168f28402ce685bedebb5250,top,10.627144214902895,2026,T3_240d,exposed_evaluation_2026,True,2026-06-07 22:08:31+00:00
period:5afe139f56d9c0db8f2d,2026-07-25 20:13:30+00:00,2026-07-25,oe:player:3b63ea0de80cfb191f952872b392da9,oe:team:289284911fb6f41c0ccaecc3a0c2891,bot,17.096559936271419,2026,T3_240d,exposed_evaluation_2026,True,2026-05-17 23:43:46+00:00
period:5afe139f56d9c0db8f2d,2026-07-25 20:13:30+00:00,2026-07-25,oe:player:460ae5a7af8d68f7831b70307210ab3,oe:team:da1143bf9a245b78a8dc86417de85b3,bot,17.169015717935494,2026,T3_240d,exposed_evaluation_2026,True,2026-06-14 22:24:48+00:00
period:5afe139f56d9c0db8f2d,2026-07-25 20:13:30+00:00,2026-07-25,oe:player:494fc60dffbb5da1caa2226baef0ec7,oe:team:b360f1d729b0a8e0f29a5243c4200fa,bot,16.320439007569007,2026,T3_240d,exposed_evaluation_2026,True,2026-05-31 21:55:09+00:00
period:5afe139f56d9c0db8f2d,2026-07-25 20:13:30+00:00,2026-07-25,oe:player:4e0619e57cb50c4ab1230c2dd72df1b,oe:team:fc8e90107dabb9a35c490b0d86adea0,bot,13.174399135715349,2026,T3_240d,exposed_evaluation_2026,True,2024-08-11 23:48:41+00:00
period:5afe139f56d9c0db8f2d,2026-07-25 20:13:30+00:00,2026-07-25,oe:player:73d2b65353d7b00e0f198ffdc085edc,oe:team:0dbb780176ecad18f17292d1f5653af,bot,14.251371772108119,2026,T3_240d,exposed_evaluation_2026,True,2026-05-17 23:43:46+00:00
period:5afe139f56d9c0db8f2d,2026-07-25 20:13:30+00:00,2026-07-25,oe:player:c145139d26813639b8fe6f4d0b28228,oe:team:2e66da41dc460dd378e3bcc57042d31,bot,18.925726750914652,2026,T3_240d,exposed_evaluation_2026,True,2026-06-07 22:08:31+00:00
period:5afe139f56d9c0db8f2d,2026-07-25 20:13:30+00:00,2026-07-25,oe:player:e2c655411d8d95ef73d8026704f5e7a,oe:team:f90422f1cbcb24bc2a855202582ec29,bot,20.40435387169099,2026,T3_240d,exposed_evaluation_2026,True,2026-05-31 21:55:09+00:00
period:5afe139f56d9c0db8f2d,2026-07-25 20:13:30+00:00,2026-07-25,oe:player:f6b8af05a5af22004a67a78f3046b92,oe:team:8eb884e168f28402ce685bedebb5250,bot,19.44117424817048,2026,T3_240d,exposed_evaluation_2026,True,2026-06-14 22:24:48+00:00
period:5afe139f56d9c0db8f2d,2026-07-25 20:13:30+00:00,2026-07-25,oe:player:08936c56ab5a6453c58974a619651c3,oe:team:0dbb780176ecad18f17292d1f5653af,jgl,9.8582276194026424,2026,T3_240d,exposed_evaluation_2026,True,2026-05-17 23:43:46+00:00
period:5afe139f56d9c0db8f2d,2026-07-25 20:13:30+00:00,2026-07-25,oe:player:2cbf592923f34b2e6acc4b747385c8a,oe:team:2e66da41dc460dd378e3bcc57042d31,jgl,17.705646200809674,2026,T3_240d,exposed_evaluation_2026,True,2026-06-07 22:08:31+00:00
period:5afe139f56d9c0db8f2d,2026-07-25 20:13:30+00:00,2026-07-25,oe:player:52b4f060a577ff87c99118d97fa75f4,oe:team:8eb884e168f28402ce685bedebb5250,jgl,17.070619088171782,2026,T3_240d,exposed_evaluation_2026,True,2026-06-14 22:24:48+00:00
period:5afe139f56d9c0db8f2d,2026-07-25 20:13:30+00:00,2026-07-25,oe:player:845ea84cec22236278388f19fcd20bf,oe:team:f90422f1cbcb24bc2a855202582ec29,jgl,20.284787362606973,2026,T3_240d,exposed_evaluation_2026,True,2026-05-31 21:55:09+00:00
period:5afe139f56d9c0db8f2d,2026-07-25 20:13:30+00:00,2026-07-25,oe:player:85ab9a415e1cf1f63000f7f6f1c183a,oe:team:289284911fb6f41c0ccaecc3a0c2891,jgl,15.903209170538984,2026,T3_240d,exposed_evaluation_2026,True,2026-05-17 23:43:46+00:00
period:5afe139f56d9c0db8f2d,2026-07-25 20:13:30+00:00,2026-07-25,oe:player:8a5dbe19794784cfd0553556844f045,oe:team:b360f1d729b0a8e0f29a5243c4200fa,jgl,15.391286201782385,2026,T3_240d,exposed_evaluation_2026,True,2026-05-31 21:55:09+00:00
period:5afe139f56d9c0db8f2d,2026-07-25 20:13:30+00:00,2026-07-25,oe:player:a04a853a0f540f156d08711204fe252,oe:team:da1143bf9a245b78a8dc86417de85b3,jgl,11.941836780694965,2026,T3_240d,exposed_evaluation_2026,True,2024-08-11 23:48:41+00:00
period:5afe139f56d9c0db8f2d,2026-07-25 20:13:30+00:00,2026-07-25,oe:player:ed455f823b6586e9e3621dfb5aeb42e,oe:team:fc8e90107dabb9a35c490b0d86adea0,jgl,15.811222256644061,2026,T3_240d,exposed_evaluation_2026,True,2026-06-14 22:24:48+00:00
period:5afe139f56d9c0db8f2d,2026-07-25 20:13:30+00:00,2026-07-25,oe:player:05a73863e113f3cb6b472a76da2ea52,oe:team:f90422f1cbcb24bc2a855202582ec29,mid,21.274501579803371,2026,T3_240d,exposed_evaluation_2026,True,2026-05-31 21:55:09+00:00
period:5afe139f56d9c0db8f2d,2026-07-25 20:13:30+00:00,2026-07-25,oe:player:0a53c1102dafce61e89decc517b3175,oe:team:fc8e90107dabb9a35c490b0d86adea0,mid,17.222721233675927,2026,T3_240d,exposed_evaluation_2026,True,2025-09-07 22:50:47+00:00
period:5afe139f56d9c0db8f2d,2026-07-25 20:13:30+00:00,2026-07-25,oe:player:3648451fd5b8a8ab01e4bedf780c1d6,oe:team:b360f1d729b0a8e0f29a5243c4200fa,mid,13.805343458586012,2026,T3_240d,exposed_evaluation_2026,True,2026-05-31 21:55:09+00:00
period:5afe139f56d9c0db8f2d,2026-07-25 20:13:30+00:00,2026-07-25,oe:player:87f7503a6cdacffa612aeee7f04cc7c,oe:team:289284911fb6f41c0ccaecc3a0c2891,mid,17.02865139126239,2026,T3_240d,exposed_evaluation_2026,True,2026-05-17 23:43:46+00:00
period:5afe139f56d9c0db8f2d,2026-07-25 20:13:30+00:00,2026-07-25,oe:player:8f8eaac8e99c203ee76e57c5c81c91f,oe:team:8eb884e168f28402ce685bedebb5250,mid,19.720325759853228,2026,T3_240d,exposed_evaluation_2026,True,2026-06-14 22:24:48+00:00
period:5afe139f56d9c0db8f2d,2026-07-25 20:13:30+00:00,2026-07-25,oe:player:e9017664588010860a92ceb5f8fcb82,oe:team:2e66da41dc460dd378e3bcc57042d31,mid,19.148291775957777,2026,T3_240d,exposed_evaluation_2026,True,2026-06-07 22:08:31+00:00
period:5afe139f56d9c0db8f2d,2026-07-25 20:13:30+00:00,2026-07-25,oe:player:f45792335d83b10581da2f0cbdd6e8e,oe:team:da1143bf9a245b78a8dc86417de85b3,mid,16.590766756742667,2026,T3_240d,exposed_evaluation_2026,True,2026-06-14 22:24:48+00:00
period:5afe139f56d9c0db8f2d,2026-07-25 20:13:30+00:00,2026-07-25,oe:player:fddde6d256bee26713f64ad9b2a9394,oe:team:0dbb780176ecad18f17292d1f5653af,mid,12.374464859294742,2026,T3_240d,exposed_evaluation_2026,True,2026-05-17 23:43:46+00:00
period:5afe139f56d9c0db8f2d,2026-07-25 20:13:30+00:00,2026-07-25,oe:player:05fafeaf23dc3285558a4e968970b9f,oe:team:8eb884e168f28402ce685bedebb5250,sup,18.930657730463373,2026,T3_240d,exposed_evaluation_2026,True,2026-06-14 22:24:48+00:00
period:5afe139f56d9c0db8f2d,2026-07-25 20:13:30+00:00,2026-07-25,oe:player:40704dfd2d966862568d29770de57bd,oe:team:da1143bf9a245b78a8dc86417de85b3,sup,15.549306558171322,2026,T3_240d,exposed_evaluation_2026,True,2026-06-14 22:24:48+00:00
period:5afe139f56d9c0db8f2d,2026-07-25 20:13:30+00:00,2026-07-25,oe:player:4f27911a3702f671c3d21286356a6df,oe:team:2e66da41dc460dd378e3bcc57042d31,sup,18.030835552334409,2026,T3_240d,exposed_evaluation_2026,True,2026-06-07 22:08:31+00:00
period:5afe139f56d9c0db8f2d,2026-07-25 20:13:30+00:00,2026-07-25,oe:player:6841f2d68619d53bdd1cdbf30b5be2c,oe:team:b360f1d729b0a8e0f29a5243c4200fa,sup,15.073456808002964,2026,T3_240d,exposed_evaluation_2026,True,2025-02-10 00:46:00+00:00
period:5afe139f56d9c0db8f2d,2026-07-25 20:13:30+00:00,2026-07-25,oe:player:81acc6bcde5c927c78e0990e9887f84,oe:team:fc8e90107dabb9a35c490b0d86adea0,sup,15.866093305975973,2026,T3_240d,exposed_evaluation_2026,True,2026-06-14 22:24:48+00:00
period:5afe139f56d9c0db8f2d,2026-07-25 20:13:30+00:00,2026-07-25,oe:player:9191e392e93a6ef011ef76b5b83ee6c,oe:team:f90422f1cbcb24bc2a855202582ec29,sup,20.369642615488672,2026,T3_240d,exposed_evaluation_2026,True,2026-05-31 21:55:09+00:00
period:5afe139f56d9c0db8f2d,2026-07-25 20:13:30+00:00,2026-07-25,oe:player:a2d7b8856032bf106783621b9afeb41,oe:team:289284911fb6f41c0ccaecc3a0c2891,sup,18.766095615961792,2026,T3_240d,exposed_evaluation_2026,True,2026-05-17 23:43:46+00:00
period:5afe139f56d9c0db8f2d,2026-07-25 20:13:30+00:00,2026-07-25,oe:player:b6f837c8bd1b510dd3f77ee8c903c30,oe:team:0dbb780176ecad18f17292d1f5653af,sup,12.251332514491736,2026,T3_240d,exposed_evaluation_2026,True,2026-05-17 23:43:46+00:00
period:5afe139f56d9c0db8f2d,2026-07-25 20:13:30+00:00,2026-07-25,oe:player:1efc4e5732e91520d03385900b903f9,oe:team:fc8e90107dabb9a35c490b0d86adea0,top,12.303047155219677,2026,T3_240d,exposed_evaluation_2026,True,2026-06-14 22:24:48+00:00
period:5afe139f56d9c0db8f2d,2026-07-25 20:13:30+00:00,2026-07-25,oe:player:21f59b54f62b5b8b4bc0f63f0f617fc,oe:team:f90422f1cbcb24bc2a855202582ec29,top,16.804654529852446,2026,T3_240d,exposed_evaluation_2026,True,2026-05-31 21:55:09+00:00
period:5afe139f56d9c0db8f2d,2026-07-25 20:13:30+00:00,2026-07-25,oe:player:3bb028a43aff78070d15c646450aa0d,oe:team:0dbb780176ecad18f17292d1f5653af,top,9.4138353737725406,2026,T3_240d,exposed_evaluation_2026,True,2026-06-14 22:24:48+00:00
period:5afe139f56d9c0db8f2d,2026-07-25 20:13:30+00:00,2026-07-25,oe:player:4d0ec5fa505ee341aff8b2309356afc,oe:team:289284911fb6f41c0ccaecc3a0c2891,top,13.619693597863096,2026,T3_240d,exposed_evaluation_2026,True,2026-05-17 23:43:46+00:00
period:5afe139f56d9c0db8f2d,2026-07-25 20:13:30+00:00,2026-07-25,oe:player:5385f74da3e5deb5b66d9a1ee56cf97,oe:team:da1143bf9a245b78a8dc86417de85b3,top,10.887402240803841,2026,T3_240d,exposed_evaluation_2026,True,2026-06-14 22:24:48+00:00
period:5afe139f56d9c0db8f2d,2026-07-25 20:13:30+00:00,2026-07-25,oe:player:d617210b92fa03e78554883250d432c,oe:team:2e66da41dc460dd378e3bcc57042d31,top,13.070037454575031,2026,T3_240d,exposed_evaluation_2026,True,2026-06-07 22:08:31+00:00
period:5afe139f56d9c0db8f2d,2026-07-25 20:13:30+00:00,2026-07-25,oe:player:f02f1c8275084050765b4b6414bdfda,oe:team:b360f1d729b0a8e0f29a5243c4200fa,top,13.479239908651653,2026,T3_240d,exposed_evaluation_2026,True,2026-05-31 21:55:09+00:00
period:5afe139f56d9c0db8f2d,2026-07-25 20:13:30+00:00,2026-07-25,oe:player:f73dde2d8c7879ae8d1fcdc03c4ffeb,oe:team:8eb884e168f28402ce685bedebb5250,top,13.583249264383854,2026,T3_240d,exposed_evaluation_2026,True,2026-06-14 22:24:48+00:00
